2026-01-06 10:00:20 | INFO     | log:151 | [search_batch_stream] Batch stream search from: test_getUserProfile_2.xlsx
2026-01-06 10:00:20 | DEBUG    | log:153 | [get_tables] Getting tables...
2026-01-06 10:00:20 | DEBUG    | log:153 | [get_tables] Returning cached tables
2026-01-06 10:00:20 | DEBUG    | log:153 | [normalize_query] 'Xem thông tin cá nhân cơ bản của tôi...' -> 'Xem thông tin cá nhân cơ bản của tôi...'
2026-01-06 10:00:20 | DEBUG    | log:153 | [perform_hybrid_search] query_text: [Xem thông tin cá nhân cơ bản của tôi] - formatted_query: [Xem thông tin cá nhân cơ bản của tôi] - normalized_query: [Xem thông tin cá nhân cơ bản của tôi]
2026-01-06 10:00:20 | DEBUG    | log:153 | [perform_hybrid_search] BM25 raw scores: min=0.3147, max=76.4214
2026-01-06 10:00:20 | DEBUG    | log:153 | [get_keyword_boost] Query: 'Xem thông tin cá nhân cơ bản c...' | Doc: getUserProfile | Tra | Boost: 0.25 | Matched: ['thông tin cá nhân']
2026-01-06 10:00:20 | DEBUG    | log:153 | [classify_query_intent] Classified: 'Xem thông tin cá nhân cơ bản c...' -> getUserProfile | Tra cứu thông (score=1)
2026-01-06 10:00:20 | DEBUG    | log:153 | [normalize_query] 'Cho tôi biết thông tin cá nhân của mình...' -> 'Cho tôi biết thông tin cá nhân của mình...'
2026-01-06 10:00:20 | DEBUG    | log:153 | [perform_hybrid_search] query_text: [Cho tôi biết thông tin cá nhân của mình] - formatted_query: [Cho tôi biết thông tin cá nhân của mình] - normalized_query: [Cho tôi biết thông tin cá nhân của mình]
2026-01-06 10:00:20 | DEBUG    | log:153 | [perform_hybrid_search] BM25 raw scores: min=0.0000, max=52.6901
2026-01-06 10:00:20 | DEBUG    | log:153 | [get_keyword_boost] Query: 'Cho tôi biết thông tin cá nhân...' | Doc: getUserProfile | Tra | Boost: 0.25 | Matched: ['thông tin cá nhân']
2026-01-06 10:00:20 | DEBUG    | log:153 | [classify_query_intent] Classified: 'Cho tôi biết thông tin cá nhân...' -> getUserProfile | Tra cứu thông (score=1)
2026-01-06 10:00:20 | DEBUG    | log:153 | [normalize_query] 'Tôi muốn xem hồ sơ cá nhân của tôi...' -> 'Tôi muốn xem hồ sơ cá nhân của tôi...'
2026-01-06 10:00:20 | DEBUG    | log:153 | [perform_hybrid_search] query_text: [Tôi muốn xem hồ sơ cá nhân của tôi] - formatted_query: [Tôi muốn xem hồ sơ cá nhân của tôi] - normalized_query: [Tôi muốn xem hồ sơ cá nhân của tôi]
2026-01-06 10:00:20 | DEBUG    | log:153 | [perform_hybrid_search] BM25 raw scores: min=0.0202, max=55.7695
2026-01-06 10:00:20 | DEBUG    | log:153 | [get_keyword_boost] Query: 'Tôi muốn xem hồ sơ cá nhân của...' | Doc: getUserProfile | Tra | Boost: 0.25 | Matched: ['hồ sơ cá nhân']
2026-01-06 10:00:20 | DEBUG    | log:153 | [classify_query_intent] Classified: 'Tôi muốn xem hồ sơ cá nhân của...' -> getUserProfile | Tra cứu thông (score=1)
2026-01-06 10:00:20 | DEBUG    | log:153 | [normalize_query] 'Họ tên và ngày sinh của tôi là gì?...' -> 'Họ tên và ngày sinh của tôi là gì...'
2026-01-06 10:00:20 | DEBUG    | log:153 | [perform_hybrid_search] query_text: [Họ tên và ngày sinh của tôi là gì?] - formatted_query: [Họ tên và ngày sinh của tôi là gì] - normalized_query: [Họ tên và ngày sinh của tôi là gì]
2026-01-06 10:00:20 | DEBUG    | log:153 | [perform_hybrid_search] BM25 raw scores: min=0.0000, max=33.2991
2026-01-06 10:00:20 | DEBUG    | log:153 | [get_keyword_boost] Query: 'Họ tên và ngày sinh của tôi là...' | Doc: Tra cứu lịch sử giao | Boost: 0.25 | Matched: ['ngày']
2026-01-06 10:00:20 | DEBUG    | log:153 | [get_keyword_boost] Query: 'Họ tên và ngày sinh của tôi là...' | Doc: getTransactionList | | Boost: 0.25 | Matched: ['ngày']
2026-01-06 10:00:20 | DEBUG    | log:153 | [get_keyword_boost] Query: 'Họ tên và ngày sinh của tôi là...' | Doc: getUserProfile | Tra | Boost: 0.50 | Matched: ['họ tên', 'ngày sinh']
2026-01-06 10:00:20 | DEBUG    | log:153 | [classify_query_intent] Classified: 'Họ tên và ngày sinh của tôi là...' -> getUserProfile | Tra cứu thông (score=2)
2026-01-06 10:00:20 | DEBUG    | log:153 | [normalize_query] 'Kiểm tra thông tin cá nhân đã đăng ký...' -> 'Kiểm tra thông tin cá nhân đã đăng ký...'
2026-01-06 10:00:20 | DEBUG    | log:153 | [perform_hybrid_search] query_text: [Kiểm tra thông tin cá nhân đã đăng ký] - formatted_query: [Kiểm tra thông tin cá nhân đã đăng ký] - normalized_query: [Kiểm tra thông tin cá nhân đã đăng ký]
2026-01-06 10:00:20 | DEBUG    | log:153 | [perform_hybrid_search] BM25 raw scores: min=0.2456, max=65.1547
2026-01-06 10:00:20 | DEBUG    | log:153 | [get_keyword_boost] Query: 'Kiểm tra thông tin cá nhân đã ...' | Doc: getUserProfile | Tra | Boost: 0.25 | Matched: ['thông tin cá nhân']
2026-01-06 10:00:20 | DEBUG    | log:153 | [classify_query_intent] Classified: 'Kiểm tra thông tin cá nhân đã ...' -> getUserProfile | Tra cứu thông (score=1)
2026-01-06 10:00:20 | DEBUG    | log:153 | [normalize_query] 'Tôi đã đăng ký thông tin cá nhân như thế...' -> 'Tôi đã đăng ký thông tin cá nhân như thế...'
2026-01-06 10:00:20 | DEBUG    | log:153 | [perform_hybrid_search] query_text: [Tôi đã đăng ký thông tin cá nhân như thế nào?] - formatted_query: [Tôi đã đăng ký thông tin cá nhân như thế nào] - normalized_query: [Tôi đã đăng ký thông tin cá nhân như thế nào]
2026-01-06 10:00:20 | DEBUG    | log:153 | [perform_hybrid_search] BM25 raw scores: min=0.3147, max=72.6523
2026-01-06 10:00:20 | DEBUG    | log:153 | [get_keyword_boost] Query: 'Tôi đã đăng ký thông tin cá nh...' | Doc: getUserProfile | Tra | Boost: 0.25 | Matched: ['thông tin cá nhân']
2026-01-06 10:00:20 | DEBUG    | log:153 | [classify_query_intent] Classified: 'Tôi đã đăng ký thông tin cá nh...' -> getUserProfile | Tra cứu thông (score=1)
2026-01-06 10:00:20 | DEBUG    | log:153 | [normalize_query] 'Xem profile cá nhân của tôi...' -> 'Xem profile cá nhân của tôi...'
2026-01-06 10:00:20 | DEBUG    | log:153 | [perform_hybrid_search] query_text: [Xem profile cá nhân của tôi] - formatted_query: [Xem profile cá nhân của tôi] - normalized_query: [Xem profile cá nhân của tôi]
2026-01-06 10:00:20 | DEBUG    | log:153 | [perform_hybrid_search] BM25 raw scores: min=0.0000, max=34.5920
2026-01-06 10:00:20 | DEBUG    | log:153 | [get_keyword_boost] Query: 'Xem profile cá nhân của tôi...' | Doc: getUserProfile | Tra | Boost: 0.50 | Matched: ['profile', 'xem profile']
2026-01-06 10:00:20 | DEBUG    | log:153 | [classify_query_intent] Classified: 'Xem profile cá nhân của tôi...' -> getUserProfile | Tra cứu thông (score=2)
2026-01-06 10:00:20 | DEBUG    | log:153 | [normalize_query] 'Thông tin người dùng của tôi gồm những g...' -> 'Thông tin người dùng của tôi gồm những g...'
2026-01-06 10:00:20 | DEBUG    | log:153 | [perform_hybrid_search] query_text: [Thông tin người dùng của tôi gồm những gì?] - formatted_query: [Thông tin người dùng của tôi gồm những gì] - normalized_query: [Thông tin người dùng của tôi gồm những gì]
2026-01-06 10:00:20 | DEBUG    | log:153 | [perform_hybrid_search] BM25 raw scores: min=0.1577, max=23.5820
2026-01-06 10:00:20 | DEBUG    | log:153 | [get_keyword_boost] Query: 'Thông tin người dùng của tôi g...' | Doc: getUserProfile | Tra | Boost: 0.25 | Matched: ['người dùng']
2026-01-06 10:00:20 | DEBUG    | log:153 | [classify_query_intent] Classified: 'Thông tin người dùng của tôi g...' -> getUserProfile | Tra cứu thông (score=1)
2026-01-06 10:00:20 | DEBUG    | log:153 | [normalize_query] 'Cho tôi xem thông tin hồ sơ cá nhân...' -> 'Cho tôi xem thông tin hồ sơ cá nhân...'
2026-01-06 10:00:20 | DEBUG    | log:153 | [perform_hybrid_search] query_text: [Cho tôi xem thông tin hồ sơ cá nhân] - formatted_query: [Cho tôi xem thông tin hồ sơ cá nhân] - normalized_query: [Cho tôi xem thông tin hồ sơ cá nhân]
2026-01-06 10:00:20 | DEBUG    | log:153 | [perform_hybrid_search] BM25 raw scores: min=0.3348, max=59.2300
2026-01-06 10:00:20 | DEBUG    | log:153 | [get_keyword_boost] Query: 'Cho tôi xem thông tin hồ sơ cá...' | Doc: getUserProfile | Tra | Boost: 0.25 | Matched: ['hồ sơ cá nhân']
2026-01-06 10:00:20 | DEBUG    | log:153 | [classify_query_intent] Classified: 'Cho tôi xem thông tin hồ sơ cá...' -> getUserProfile | Tra cứu thông (score=1)
2026-01-06 10:00:20 | DEBUG    | log:153 | [normalize_query] 'Tôi muốn kiểm tra thông tin cá nhân tron...' -> 'Tôi muốn kiểm tra thông tin cá nhân tron...'
2026-01-06 10:00:20 | DEBUG    | log:153 | [perform_hybrid_search] query_text: [Tôi muốn kiểm tra thông tin cá nhân trong hệ thống] - formatted_query: [Tôi muốn kiểm tra thông tin cá nhân trong hệ thống] - normalized_query: [Tôi muốn kiểm tra thông tin cá nhân trong hệ thống]
2026-01-06 10:00:20 | DEBUG    | log:153 | [perform_hybrid_search] BM25 raw scores: min=0.0160, max=70.5246
2026-01-06 10:00:20 | DEBUG    | log:153 | [get_keyword_boost] Query: 'Tôi muốn kiểm tra thông tin cá...' | Doc: getTransactionList | | Boost: 0.25 | Matched: ['trong']
2026-01-06 10:00:20 | DEBUG    | log:153 | [get_keyword_boost] Query: 'Tôi muốn kiểm tra thông tin cá...' | Doc: getUserProfile | Tra | Boost: 0.25 | Matched: ['thông tin cá nhân']
2026-01-06 10:00:20 | DEBUG    | log:153 | [classify_query_intent] Ambiguous: 'Tôi muốn kiểm tra thông tin cá...' | Scores: {'getTransactionList | Tra cứu giao dịch chờ duyệt theo khoảng thời gian': 1, 'getUserProfile | Tra cứu thông tin cá nhân cơ bản': 1}
2026-01-06 10:00:20 | DEBUG    | log:153 | [normalize_query] 'Quốc tịch của tôi đang được lưu là gì?...' -> 'Quốc tịch của tôi đang được lưu là gì...'
2026-01-06 10:00:20 | DEBUG    | log:153 | [perform_hybrid_search] query_text: [Quốc tịch của tôi đang được lưu là gì?] - formatted_query: [Quốc tịch của tôi đang được lưu là gì] - normalized_query: [Quốc tịch của tôi đang được lưu là gì]
2026-01-06 10:00:21 | DEBUG    | log:153 | [perform_hybrid_search] BM25 raw scores: min=0.0000, max=36.6995
2026-01-06 10:00:21 | DEBUG    | log:153 | [get_keyword_boost] Query: 'Quốc tịch của tôi đang được lư...' | Doc: getUserProfile | Tra | Boost: 0.25 | Matched: ['quốc tịch']
2026-01-06 10:00:21 | DEBUG    | log:153 | [classify_query_intent] Classified: 'Quốc tịch của tôi đang được lư...' -> getUserProfile | Tra cứu thông (score=1)
2026-01-06 10:00:21 | DEBUG    | log:153 | [normalize_query] 'Cho biết thông tin cá nhân cơ bản của tô...' -> 'Cho biết thông tin cá nhân cơ bản của tô...'
2026-01-06 10:00:21 | DEBUG    | log:153 | [perform_hybrid_search] query_text: [Cho biết thông tin cá nhân cơ bản của tôi] - formatted_query: [Cho biết thông tin cá nhân cơ bản của tôi] - normalized_query: [Cho biết thông tin cá nhân cơ bản của tôi]
2026-01-06 10:00:21 | DEBUG    | log:153 | [perform_hybrid_search] BM25 raw scores: min=0.3147, max=71.7808
2026-01-06 10:00:21 | DEBUG    | log:153 | [get_keyword_boost] Query: 'Cho biết thông tin cá nhân cơ ...' | Doc: getUserProfile | Tra | Boost: 0.25 | Matched: ['thông tin cá nhân']
2026-01-06 10:00:21 | DEBUG    | log:153 | [classify_query_intent] Classified: 'Cho biết thông tin cá nhân cơ ...' -> getUserProfile | Tra cứu thông (score=1)
2026-01-06 10:00:21 | DEBUG    | log:153 | [normalize_query] 'Hồ sơ cá nhân của tôi hiện tại gồm những...' -> 'Hồ sơ cá nhân của tôi hiện tại gồm những...'
2026-01-06 10:00:21 | DEBUG    | log:153 | [perform_hybrid_search] query_text: [Hồ sơ cá nhân của tôi hiện tại gồm những thông tin nào?] - formatted_query: [Hồ sơ cá nhân của tôi hiện tại gồm những thông tin nào] - normalized_query: [Hồ sơ cá nhân của tôi hiện tại gồm những thông tin nào]
2026-01-06 10:00:21 | DEBUG    | log:153 | [perform_hybrid_search] BM25 raw scores: min=0.2721, max=63.9315
2026-01-06 10:00:21 | DEBUG    | log:153 | [get_keyword_boost] Query: 'Hồ sơ cá nhân của tôi hiện tại...' | Doc: getUserProfile | Tra | Boost: 0.25 | Matched: ['hồ sơ cá nhân']
2026-01-06 10:00:21 | DEBUG    | log:153 | [classify_query_intent] Classified: 'Hồ sơ cá nhân của tôi hiện tại...' -> getUserProfile | Tra cứu thông (score=1)
2026-01-06 10:00:21 | DEBUG    | log:153 | [normalize_query] 'Thông tin user của tôi...' -> 'Thông tin user của tôi...'
2026-01-06 10:00:21 | DEBUG    | log:153 | [perform_hybrid_search] query_text: [Thông tin user của tôi] - formatted_query: [Thông tin user của tôi] - normalized_query: [Thông tin user của tôi]
2026-01-06 10:00:21 | DEBUG    | log:153 | [perform_hybrid_search] BM25 raw scores: min=0.0000, max=7.2345
2026-01-06 10:00:21 | DEBUG    | log:153 | [get_keyword_boost] Query: 'Thông tin user của tôi...' | Doc: getUserProfile | Tra | Boost: 0.25 | Matched: ['user']
2026-01-06 10:00:21 | DEBUG    | log:153 | [classify_query_intent] Classified: 'Thông tin user của tôi...' -> getUserProfile | Tra cứu thông (score=1)
2026-01-06 10:00:21 | DEBUG    | log:153 | [normalize_query] 'Xem thông tin cá nhân trong hồ sơ khách ...' -> 'Xem thông tin cá nhân trong hồ sơ khách ...'
2026-01-06 10:00:21 | DEBUG    | log:153 | [perform_hybrid_search] query_text: [Xem thông tin cá nhân trong hồ sơ khách hàng] - formatted_query: [Xem thông tin cá nhân trong hồ sơ khách hàng] - normalized_query: [Xem thông tin cá nhân trong hồ sơ khách hàng]
2026-01-06 10:00:21 | DEBUG    | log:153 | [perform_hybrid_search] BM25 raw scores: min=0.3348, max=76.0945
2026-01-06 10:00:21 | DEBUG    | log:153 | [get_keyword_boost] Query: 'Xem thông tin cá nhân trong hồ...' | Doc: getTransactionList | | Boost: 0.25 | Matched: ['trong']
2026-01-06 10:00:21 | DEBUG    | log:153 | [get_keyword_boost] Query: 'Xem thông tin cá nhân trong hồ...' | Doc: getUserProfile | Tra | Boost: 0.25 | Matched: ['thông tin cá nhân']
2026-01-06 10:00:21 | DEBUG    | log:153 | [classify_query_intent] Ambiguous: 'Xem thông tin cá nhân trong hồ...' | Scores: {'getTransactionList | Tra cứu giao dịch chờ duyệt theo khoảng thời gian': 1, 'getUserProfile | Tra cứu thông tin cá nhân cơ bản': 1}
2026-01-06 10:00:21 | DEBUG    | log:153 | [normalize_query] 'Tôi muốn xác nhận thông tin cá nhân của ...' -> 'Tôi muốn xác nhận thông tin cá nhân của ...'
2026-01-06 10:00:21 | DEBUG    | log:153 | [perform_hybrid_search] query_text: [Tôi muốn xác nhận thông tin cá nhân của mình] - formatted_query: [Tôi muốn xác nhận thông tin cá nhân của mình] - normalized_query: [Tôi muốn xác nhận thông tin cá nhân của mình]
2026-01-06 10:00:21 | DEBUG    | log:153 | [perform_hybrid_search] BM25 raw scores: min=0.5157, max=59.3909
2026-01-06 10:00:21 | DEBUG    | log:153 | [get_keyword_boost] Query: 'Tôi muốn xác nhận thông tin cá...' | Doc: Tra cứu giao dịch nh | Boost: 0.25 | Matched: ['nhận']
2026-01-06 10:00:21 | DEBUG    | log:153 | [get_keyword_boost] Query: 'Tôi muốn xác nhận thông tin cá...' | Doc: getUserProfile | Tra | Boost: 0.25 | Matched: ['thông tin cá nhân']
2026-01-06 10:00:21 | DEBUG    | log:153 | [classify_query_intent] Ambiguous: 'Tôi muốn xác nhận thông tin cá...' | Scores: {'Tra cứu giao dịch nhận tiền': 1, 'getUserProfile | Tra cứu thông tin cá nhân cơ bản': 1}
2026-01-06 10:00:21 | DEBUG    | log:153 | [normalize_query] 'Thông tin cơ bản của tôi là gì?...' -> 'Thông tin cơ bản của tôi là gì...'
2026-01-06 10:00:21 | DEBUG    | log:153 | [perform_hybrid_search] query_text: [Thông tin cơ bản của tôi là gì?] - formatted_query: [Thông tin cơ bản của tôi là gì] - normalized_query: [Thông tin cơ bản của tôi là gì]
2026-01-06 10:00:21 | DEBUG    | log:153 | [perform_hybrid_search] BM25 raw scores: min=0.1696, max=39.1480
2026-01-06 10:00:21 | DEBUG    | log:153 | [classify_query_intent] No keyword matches found in: 'Thông tin cơ bản của tôi là gì'
2026-01-06 10:00:21 | DEBUG    | log:153 | [normalize_query] 'Hệ thống đang ghi nhận giới tính của tôi...' -> 'Hệ thống đang ghi nhận giới tính của tôi...'
2026-01-06 10:00:21 | DEBUG    | log:153 | [perform_hybrid_search] query_text: [Hệ thống đang ghi nhận giới tính của tôi là gì?] - formatted_query: [Hệ thống đang ghi nhận giới tính của tôi là gì] - normalized_query: [Hệ thống đang ghi nhận giới tính của tôi là gì]
2026-01-06 10:00:21 | DEBUG    | log:153 | [perform_hybrid_search] BM25 raw scores: min=0.0963, max=49.4773
2026-01-06 10:00:21 | DEBUG    | log:153 | [get_keyword_boost] Query: 'Hệ thống đang ghi nhận giới tí...' | Doc: Tra cứu giao dịch nh | Boost: 0.25 | Matched: ['nhận']
2026-01-06 10:00:21 | DEBUG    | log:153 | [get_keyword_boost] Query: 'Hệ thống đang ghi nhận giới tí...' | Doc: getUserProfile | Tra | Boost: 0.25 | Matched: ['giới tính']
2026-01-06 10:00:21 | DEBUG    | log:153 | [classify_query_intent] Ambiguous: 'Hệ thống đang ghi nhận giới tí...' | Scores: {'Tra cứu giao dịch nhận tiền': 1, 'getUserProfile | Tra cứu thông tin cá nhân cơ bản': 1}
2026-01-06 10:00:21 | DEBUG    | log:153 | [normalize_query] 'Hiển thị chi tiết họ tên, ngày sinh và q...' -> 'Hiển thị chi tiết họ tên, ngày sinh và q...'
2026-01-06 10:00:21 | DEBUG    | log:153 | [perform_hybrid_search] query_text: [Hiển thị chi tiết họ tên, ngày sinh và quốc tịch của tôi] - formatted_query: [Hiển thị chi tiết họ tên, ngày sinh và quốc tịch của tôi] - normalized_query: [Hiển thị chi tiết họ tên, ngày sinh và quốc tịch của tôi]
2026-01-06 10:00:21 | DEBUG    | log:153 | [perform_hybrid_search] BM25 raw scores: min=0.0000, max=58.1160
2026-01-06 10:00:21 | DEBUG    | log:153 | [get_keyword_boost] Query: 'Hiển thị chi tiết họ tên, ngày...' | Doc: Tra cứu lịch sử giao | Boost: 0.25 | Matched: ['ngày']
2026-01-06 10:00:21 | DEBUG    | log:153 | [get_keyword_boost] Query: 'Hiển thị chi tiết họ tên, ngày...' | Doc: getTransactionList | | Boost: 0.25 | Matched: ['ngày']
2026-01-06 10:00:21 | DEBUG    | log:153 | [get_keyword_boost] Query: 'Hiển thị chi tiết họ tên, ngày...' | Doc: getUserProfile | Tra | Boost: 0.75 | Matched: ['họ tên', 'ngày sinh', 'quốc tịch']
2026-01-06 10:00:21 | DEBUG    | log:153 | [classify_query_intent] Classified: 'Hiển thị chi tiết họ tên, ngày...' -> getUserProfile | Tra cứu thông (score=3)
2026-01-06 10:00:21 | DEBUG    | log:153 | [normalize_query] 'Cho tôi xem lại các thông tin cơ bản đã ...' -> 'Cho tôi xem lại các thông tin cơ bản đã ...'
2026-01-06 10:00:21 | DEBUG    | log:153 | [perform_hybrid_search] query_text: [Cho tôi xem lại các thông tin cơ bản đã khai báo] - formatted_query: [Cho tôi xem lại các thông tin cơ bản đã khai báo] - normalized_query: [Cho tôi xem lại các thông tin cơ bản đã khai báo]
2026-01-06 10:00:21 | DEBUG    | log:153 | [perform_hybrid_search] BM25 raw scores: min=0.3348, max=50.8668
2026-01-06 10:00:21 | DEBUG    | log:153 | [classify_query_intent] No keyword matches found in: 'Cho tôi xem lại các thông tin cơ bản đã khai báo'
2026-01-06 10:00:21 | DEBUG    | log:153 | [normalize_query] 'Tên đầy đủ của tôi trên hệ thống là gì?...' -> 'Tên đầy đủ của tôi trên hệ thống là gì...'
2026-01-06 10:00:21 | DEBUG    | log:153 | [perform_hybrid_search] query_text: [Tên đầy đủ của tôi trên hệ thống là gì?] - formatted_query: [Tên đầy đủ của tôi trên hệ thống là gì] - normalized_query: [Tên đầy đủ của tôi trên hệ thống là gì]
2026-01-06 10:00:21 | DEBUG    | log:153 | [perform_hybrid_search] BM25 raw scores: min=0.0477, max=23.3910
2026-01-06 10:00:21 | DEBUG    | log:153 | [get_keyword_boost] Query: 'Tên đầy đủ của tôi trên hệ thố...' | Doc: Tra cứu giao dịch th | Boost: 0.25 | Matched: ['trên']
2026-01-06 10:00:21 | DEBUG    | log:153 | [get_keyword_boost] Query: 'Tên đầy đủ của tôi trên hệ thố...' | Doc: getTransactionList | | Boost: 0.25 | Matched: ['trên']
2026-01-06 10:00:21 | DEBUG    | log:153 | [classify_query_intent] Ambiguous: 'Tên đầy đủ của tôi trên hệ thố...' | Scores: {'Tra cứu giao dịch theo số tiền': 1, 'getTransactionList | Tra cứu giao dịch chờ duyệt theo số tiền hoặc hạn mức': 1}
2026-01-06 10:00:21 | DEBUG    | log:153 | [normalize_query] 'Ngày tháng năm sinh của tôi có chính xác...' -> 'Ngày tháng năm sinh của tôi có chính xác...'
2026-01-06 10:00:21 | DEBUG    | log:153 | [perform_hybrid_search] query_text: [Ngày tháng năm sinh của tôi có chính xác không?] - formatted_query: [Ngày tháng năm sinh của tôi có chính xác không] - normalized_query: [Ngày tháng năm sinh của tôi có chính xác không]
2026-01-06 10:00:21 | DEBUG    | log:153 | [perform_hybrid_search] BM25 raw scores: min=0.7392, max=16.4688
2026-01-06 10:00:21 | DEBUG    | log:153 | [get_keyword_boost] Query: 'Ngày tháng năm sinh của tôi có...' | Doc: Tra cứu lịch sử giao | Boost: 0.75 | Matched: ['ngày', 'tháng', 'năm']
2026-01-06 10:00:21 | DEBUG    | log:153 | [get_keyword_boost] Query: 'Ngày tháng năm sinh của tôi có...' | Doc: getTransactionList | | Boost: 0.75 | Matched: ['ngày', 'tháng', 'năm']
2026-01-06 10:00:21 | DEBUG    | log:153 | [classify_query_intent] Ambiguous: 'Ngày tháng năm sinh của tôi có...' | Scores: {'Tra cứu lịch sử giao dịch theo khoảng thời gian': 3, 'getTransactionList | Tra cứu giao dịch chờ duyệt theo khoảng thời gian': 3}
2026-01-06 10:00:21 | DEBUG    | log:153 | [normalize_query] 'Tôi mang quốc tịch gì trong hồ sơ?...' -> 'Tôi mang quốc tịch gì trong hồ sơ...'
2026-01-06 10:00:21 | DEBUG    | log:153 | [perform_hybrid_search] query_text: [Tôi mang quốc tịch gì trong hồ sơ?] - formatted_query: [Tôi mang quốc tịch gì trong hồ sơ] - normalized_query: [Tôi mang quốc tịch gì trong hồ sơ]
2026-01-06 10:00:21 | DEBUG    | log:153 | [perform_hybrid_search] BM25 raw scores: min=0.0095, max=29.1243
2026-01-06 10:00:21 | DEBUG    | log:153 | [get_keyword_boost] Query: 'Tôi mang quốc tịch gì trong hồ...' | Doc: getTransactionList | | Boost: 0.25 | Matched: ['trong']
2026-01-06 10:00:21 | DEBUG    | log:153 | [get_keyword_boost] Query: 'Tôi mang quốc tịch gì trong hồ...' | Doc: getUserProfile | Tra | Boost: 0.25 | Matched: ['quốc tịch']
2026-01-06 10:00:21 | DEBUG    | log:153 | [classify_query_intent] Ambiguous: 'Tôi mang quốc tịch gì trong hồ...' | Scores: {'getTransactionList | Tra cứu giao dịch chờ duyệt theo khoảng thời gian': 1, 'getUserProfile | Tra cứu thông tin cá nhân cơ bản': 1}
2026-01-06 10:00:21 | DEBUG    | log:153 | [normalize_query] 'Giới tính của tôi hiển thị như thế nào?...' -> 'Giới tính của tôi hiển thị như thế nào...'
2026-01-06 10:00:21 | DEBUG    | log:153 | [perform_hybrid_search] query_text: [Giới tính của tôi hiển thị như thế nào?] - formatted_query: [Giới tính của tôi hiển thị như thế nào] - normalized_query: [Giới tính của tôi hiển thị như thế nào]
2026-01-06 10:00:21 | DEBUG    | log:153 | [perform_hybrid_search] BM25 raw scores: min=0.0000, max=32.0739
2026-01-06 10:00:21 | DEBUG    | log:153 | [get_keyword_boost] Query: 'Giới tính của tôi hiển thị như...' | Doc: getUserProfile | Tra | Boost: 0.25 | Matched: ['giới tính']
2026-01-06 10:00:21 | DEBUG    | log:153 | [classify_query_intent] Classified: 'Giới tính của tôi hiển thị như...' -> getUserProfile | Tra cứu thông (score=1)
2026-01-06 10:00:21 | DEBUG    | log:153 | [normalize_query] 'Hồ sơ cá nhân của tôi có đang hoạt động ...' -> 'Hồ sơ cá nhân của tôi có đang hoạt động ...'
2026-01-06 10:00:21 | DEBUG    | log:153 | [perform_hybrid_search] query_text: [Hồ sơ cá nhân của tôi có đang hoạt động không?] - formatted_query: [Hồ sơ cá nhân của tôi có đang hoạt động không] - normalized_query: [Hồ sơ cá nhân của tôi có đang hoạt động không]
2026-01-06 10:00:21 | DEBUG    | log:153 | [perform_hybrid_search] BM25 raw scores: min=0.0126, max=47.1281
2026-01-06 10:00:21 | DEBUG    | log:153 | [get_keyword_boost] Query: 'Hồ sơ cá nhân của tôi có đang ...' | Doc: getUserProfile | Tra | Boost: 0.25 | Matched: ['hồ sơ cá nhân']
2026-01-06 10:00:21 | DEBUG    | log:153 | [get_keyword_boost] Query: 'Hồ sơ cá nhân của tôi có đang ...' | Doc: getUserProfile | Kiể | Boost: 0.25 | Matched: ['hoạt động']
2026-01-06 10:00:21 | DEBUG    | log:153 | [classify_query_intent] Ambiguous: 'Hồ sơ cá nhân của tôi có đang ...' | Scores: {'getUserProfile | Tra cứu thông tin cá nhân cơ bản': 1, 'getUserProfile | Kiểm tra trạng thái hồ sơ khách hàng': 1}
2026-01-06 10:00:21 | DEBUG    | log:153 | [normalize_query] 'Cho tôi kiểm tra dữ liệu cá nhân của tôi...' -> 'Cho tôi kiểm tra dữ liệu cá nhân của tôi...'
2026-01-06 10:00:21 | DEBUG    | log:153 | [perform_hybrid_search] query_text: [Cho tôi kiểm tra dữ liệu cá nhân của tôi] - formatted_query: [Cho tôi kiểm tra dữ liệu cá nhân của tôi] - normalized_query: [Cho tôi kiểm tra dữ liệu cá nhân của tôi]
2026-01-06 10:00:21 | DEBUG    | log:153 | [perform_hybrid_search] BM25 raw scores: min=0.0753, max=24.7815
2026-01-06 10:00:21 | DEBUG    | log:153 | [classify_query_intent] No keyword matches found in: 'Cho tôi kiểm tra dữ liệu cá nhân của tôi'
2026-01-06 10:00:21 | DEBUG    | log:153 | [normalize_query] 'Thông tin định danh cơ bản của tôi là gì...' -> 'Thông tin định danh cơ bản của tôi là gì...'
2026-01-06 10:00:21 | DEBUG    | log:153 | [perform_hybrid_search] query_text: [Thông tin định danh cơ bản của tôi là gì?] - formatted_query: [Thông tin định danh cơ bản của tôi là gì] - normalized_query: [Thông tin định danh cơ bản của tôi là gì]
2026-01-06 10:00:21 | DEBUG    | log:153 | [perform_hybrid_search] BM25 raw scores: min=0.3348, max=43.2495
2026-01-06 10:00:21 | DEBUG    | log:153 | [get_keyword_boost] Query: 'Thông tin định danh cơ bản của...' | Doc: getUserProfile | Tra | Boost: 0.25 | Matched: ['định danh']
2026-01-06 10:00:21 | DEBUG    | log:153 | [classify_query_intent] Classified: 'Thông tin định danh cơ bản của...' -> getUserProfile | Tra cứu thông (score=1)
2026-01-06 10:00:21 | DEBUG    | log:153 | [normalize_query] 'Kiểm tra tên và ngày sinh của tôi...' -> 'Kiểm tra tên và ngày sinh của tôi...'
2026-01-06 10:00:21 | DEBUG    | log:153 | [perform_hybrid_search] query_text: [Kiểm tra tên và ngày sinh của tôi] - formatted_query: [Kiểm tra tên và ngày sinh của tôi] - normalized_query: [Kiểm tra tên và ngày sinh của tôi]
2026-01-06 10:00:21 | DEBUG    | log:153 | [perform_hybrid_search] BM25 raw scores: min=0.0160, max=27.1333
2026-01-06 10:00:21 | DEBUG    | log:153 | [get_keyword_boost] Query: 'Kiểm tra tên và ngày sinh của ...' | Doc: Tra cứu lịch sử giao | Boost: 0.25 | Matched: ['ngày']
2026-01-06 10:00:21 | DEBUG    | log:153 | [get_keyword_boost] Query: 'Kiểm tra tên và ngày sinh của ...' | Doc: getTransactionList | | Boost: 0.25 | Matched: ['ngày']
2026-01-06 10:00:21 | DEBUG    | log:153 | [get_keyword_boost] Query: 'Kiểm tra tên và ngày sinh của ...' | Doc: getUserProfile | Tra | Boost: 0.25 | Matched: ['ngày sinh']
2026-01-06 10:00:21 | DEBUG    | log:153 | [classify_query_intent] Ambiguous: 'Kiểm tra tên và ngày sinh của ...' | Scores: {'Tra cứu lịch sử giao dịch theo khoảng thời gian': 1, 'getTransactionList | Tra cứu giao dịch chờ duyệt theo khoảng thời gian': 1, 'getUserProfile | Tra cứu thông tin cá nhân cơ bản': 1}
2026-01-06 10:00:21 | DEBUG    | log:153 | [normalize_query] 'Xem thông tin người dùng của mình...' -> 'Xem thông tin người dùng của mình...'
2026-01-06 10:00:21 | DEBUG    | log:153 | [perform_hybrid_search] query_text: [Xem thông tin người dùng của mình] - formatted_query: [Xem thông tin người dùng của mình] - normalized_query: [Xem thông tin người dùng của mình]
2026-01-06 10:00:21 | DEBUG    | log:153 | [perform_hybrid_search] BM25 raw scores: min=0.0146, max=23.4284
2026-01-06 10:00:21 | DEBUG    | log:153 | [get_keyword_boost] Query: 'Xem thông tin người dùng của m...' | Doc: getUserProfile | Tra | Boost: 0.25 | Matched: ['người dùng']
2026-01-06 10:00:21 | DEBUG    | log:153 | [classify_query_intent] Classified: 'Xem thông tin người dùng của m...' -> getUserProfile | Tra cứu thông (score=1)
2026-01-06 10:00:21 | DEBUG    | log:153 | [normalize_query] 'Cho tôi biết quốc tịch đã đăng ký...' -> 'Cho tôi biết quốc tịch đã đăng ký...'
2026-01-06 10:00:21 | DEBUG    | log:153 | [perform_hybrid_search] query_text: [Cho tôi biết quốc tịch đã đăng ký] - formatted_query: [Cho tôi biết quốc tịch đã đăng ký] - normalized_query: [Cho tôi biết quốc tịch đã đăng ký]
2026-01-06 10:00:21 | DEBUG    | log:153 | [perform_hybrid_search] BM25 raw scores: min=0.0000, max=26.7098
2026-01-06 10:00:21 | DEBUG    | log:153 | [get_keyword_boost] Query: 'Cho tôi biết quốc tịch đã đăng...' | Doc: getUserProfile | Tra | Boost: 0.25 | Matched: ['quốc tịch']
2026-01-06 10:00:21 | DEBUG    | log:153 | [classify_query_intent] Classified: 'Cho tôi biết quốc tịch đã đăng...' -> getUserProfile | Tra cứu thông (score=1)
2026-01-06 10:00:21 | DEBUG    | log:153 | [normalize_query] 'Ngày sinh của tôi trong hệ thống là ngày...' -> 'Ngày sinh của tôi trong hệ thống là ngày...'
2026-01-06 10:00:21 | DEBUG    | log:153 | [perform_hybrid_search] query_text: [Ngày sinh của tôi trong hệ thống là ngày nào?] - formatted_query: [Ngày sinh của tôi trong hệ thống là ngày nào] - normalized_query: [Ngày sinh của tôi trong hệ thống là ngày nào]
2026-01-06 10:00:21 | DEBUG    | log:153 | [perform_hybrid_search] BM25 raw scores: min=0.0595, max=22.3009
2026-01-06 10:00:21 | DEBUG    | log:153 | [get_keyword_boost] Query: 'Ngày sinh của tôi trong hệ thố...' | Doc: Tra cứu lịch sử giao | Boost: 0.25 | Matched: ['ngày']
2026-01-06 10:00:21 | DEBUG    | log:153 | [get_keyword_boost] Query: 'Ngày sinh của tôi trong hệ thố...' | Doc: getTransactionList | | Boost: 0.50 | Matched: ['ngày', 'trong']
2026-01-06 10:00:21 | DEBUG    | log:153 | [get_keyword_boost] Query: 'Ngày sinh của tôi trong hệ thố...' | Doc: getUserProfile | Tra | Boost: 0.25 | Matched: ['ngày sinh']
2026-01-06 10:00:21 | DEBUG    | log:153 | [classify_query_intent] Classified: 'Ngày sinh của tôi trong hệ thố...' -> getTransactionList | Tra cứu g (score=2)
2026-01-06 10:00:21 | DEBUG    | log:153 | [normalize_query] 'Tôi là nam hay nữ theo dữ liệu ngân hàng...' -> 'Tôi là nam hay nữ theo dữ liệu ngân hàng...'
2026-01-06 10:00:21 | DEBUG    | log:153 | [perform_hybrid_search] query_text: [Tôi là nam hay nữ theo dữ liệu ngân hàng?] - formatted_query: [Tôi là nam hay nữ theo dữ liệu ngân hàng] - normalized_query: [Tôi là nam hay nữ theo dữ liệu ngân hàng]
2026-01-06 10:00:21 | DEBUG    | log:153 | [perform_hybrid_search] BM25 raw scores: min=0.0424, max=8.5816
2026-01-06 10:00:21 | DEBUG    | log:153 | [get_keyword_boost] Query: 'Tôi là nam hay nữ theo dữ liệu...' | Doc: getUserProfile | Tra | Boost: 0.50 | Matched: ['nam', 'nữ']
2026-01-06 10:00:21 | DEBUG    | log:153 | [classify_query_intent] Classified: 'Tôi là nam hay nữ theo dữ liệu...' -> getUserProfile | Tra cứu thông (score=2)
2026-01-06 10:00:21 | DEBUG    | log:153 | [normalize_query] 'Hiển thị hồ sơ cá nhân của tôi...' -> 'Hiển thị hồ sơ cá nhân của tôi...'
2026-01-06 10:00:21 | DEBUG    | log:153 | [perform_hybrid_search] query_text: [Hiển thị hồ sơ cá nhân của tôi] - formatted_query: [Hiển thị hồ sơ cá nhân của tôi] - normalized_query: [Hiển thị hồ sơ cá nhân của tôi]
2026-01-06 10:00:21 | DEBUG    | log:153 | [perform_hybrid_search] BM25 raw scores: min=0.0126, max=46.3415
2026-01-06 10:00:21 | DEBUG    | log:153 | [get_keyword_boost] Query: 'Hiển thị hồ sơ cá nhân của tôi...' | Doc: getUserProfile | Tra | Boost: 0.25 | Matched: ['hồ sơ cá nhân']
2026-01-06 10:00:21 | DEBUG    | log:153 | [classify_query_intent] Classified: 'Hiển thị hồ sơ cá nhân của tôi...' -> getUserProfile | Tra cứu thông (score=1)
2026-01-06 10:00:21 | DEBUG    | log:153 | [normalize_query] 'Tôi muốn biết thông tin cơ bản của mình...' -> 'Tôi muốn biết thông tin cơ bản của mình...'
2026-01-06 10:00:21 | DEBUG    | log:153 | [perform_hybrid_search] query_text: [Tôi muốn biết thông tin cơ bản của mình] - formatted_query: [Tôi muốn biết thông tin cơ bản của mình] - normalized_query: [Tôi muốn biết thông tin cơ bản của mình]
2026-01-06 10:00:21 | DEBUG    | log:153 | [perform_hybrid_search] BM25 raw scores: min=0.3147, max=41.7480
2026-01-06 10:00:21 | DEBUG    | log:153 | [classify_query_intent] No keyword matches found in: 'Tôi muốn biết thông tin cơ bản của mình'
2026-01-06 10:00:21 | DEBUG    | log:153 | [normalize_query] 'Kiểm tra họ tên đã đăng ký...' -> 'Kiểm tra họ tên đã đăng ký...'
2026-01-06 10:00:21 | DEBUG    | log:153 | [perform_hybrid_search] query_text: [Kiểm tra họ tên đã đăng ký] - formatted_query: [Kiểm tra họ tên đã đăng ký] - normalized_query: [Kiểm tra họ tên đã đăng ký]
2026-01-06 10:00:21 | DEBUG    | log:153 | [perform_hybrid_search] BM25 raw scores: min=0.0202, max=21.7745
2026-01-06 10:00:21 | DEBUG    | log:153 | [get_keyword_boost] Query: 'Kiểm tra họ tên đã đăng ký...' | Doc: getUserProfile | Tra | Boost: 0.25 | Matched: ['họ tên']
2026-01-06 10:00:21 | DEBUG    | log:153 | [classify_query_intent] Classified: 'Kiểm tra họ tên đã đăng ký...' -> getUserProfile | Tra cứu thông (score=1)
2026-01-06 10:00:21 | DEBUG    | log:153 | [normalize_query] 'Dữ liệu cá nhân của tôi gồm những gì?...' -> 'Dữ liệu cá nhân của tôi gồm những gì...'
2026-01-06 10:00:21 | DEBUG    | log:153 | [perform_hybrid_search] query_text: [Dữ liệu cá nhân của tôi gồm những gì?] - formatted_query: [Dữ liệu cá nhân của tôi gồm những gì] - normalized_query: [Dữ liệu cá nhân của tôi gồm những gì]
2026-01-06 10:00:21 | DEBUG    | log:153 | [perform_hybrid_search] BM25 raw scores: min=0.0694, max=29.1518
2026-01-06 10:00:21 | DEBUG    | log:153 | [classify_query_intent] No keyword matches found in: 'Dữ liệu cá nhân của tôi gồm những gì'
2026-01-06 10:00:21 | DEBUG    | log:153 | [normalize_query] 'Cho tôi xem profile của mình trên app...' -> 'Cho tôi xem profile của mình trên app...'
2026-01-06 10:00:21 | DEBUG    | log:153 | [perform_hybrid_search] query_text: [Cho tôi xem profile của mình trên app] - formatted_query: [Cho tôi xem profile của mình trên app] - normalized_query: [Cho tôi xem profile của mình trên app]
2026-01-06 10:00:21 | DEBUG    | log:153 | [perform_hybrid_search] BM25 raw scores: min=0.0000, max=14.8166
2026-01-06 10:00:21 | DEBUG    | log:153 | [get_keyword_boost] Query: 'Cho tôi xem profile của mình t...' | Doc: Tra cứu giao dịch th | Boost: 0.25 | Matched: ['trên']
2026-01-06 10:00:21 | DEBUG    | log:153 | [get_keyword_boost] Query: 'Cho tôi xem profile của mình t...' | Doc: getTransactionList | | Boost: 0.25 | Matched: ['trên']
2026-01-06 10:00:21 | DEBUG    | log:153 | [get_keyword_boost] Query: 'Cho tôi xem profile của mình t...' | Doc: getUserProfile | Tra | Boost: 0.50 | Matched: ['profile', 'xem profile']
2026-01-06 10:00:21 | DEBUG    | log:153 | [classify_query_intent] Classified: 'Cho tôi xem profile của mình t...' -> getUserProfile | Tra cứu thông (score=2)
2026-01-06 10:00:21 | DEBUG    | log:153 | [normalize_query] 'Thông tin của tôi có đúng không?...' -> 'Thông tin của tôi có đúng không...'
2026-01-06 10:00:21 | DEBUG    | log:153 | [perform_hybrid_search] query_text: [Thông tin của tôi có đúng không?] - formatted_query: [Thông tin của tôi có đúng không] - normalized_query: [Thông tin của tôi có đúng không]
2026-01-06 10:00:21 | DEBUG    | log:153 | [perform_hybrid_search] BM25 raw scores: min=0.1696, max=11.5237
2026-01-06 10:00:21 | DEBUG    | log:153 | [classify_query_intent] No keyword matches found in: 'Thông tin của tôi có đúng không'
2026-01-06 10:00:21 | DEBUG    | log:153 | [normalize_query] 'Tra cứu họ và tên của khách hàng...' -> 'Tra cứu họ và tên của khách hàng...'
2026-01-06 10:00:21 | DEBUG    | log:153 | [perform_hybrid_search] query_text: [Tra cứu họ và tên của khách hàng] - formatted_query: [Tra cứu họ và tên của khách hàng] - normalized_query: [Tra cứu họ và tên của khách hàng]
2026-01-06 10:00:21 | DEBUG    | log:153 | [perform_hybrid_search] BM25 raw scores: min=0.2033, max=14.2200
2026-01-06 10:00:21 | DEBUG    | log:153 | [classify_query_intent] No keyword matches found in: 'Tra cứu họ và tên của khách hàng'
2026-01-06 10:00:21 | DEBUG    | log:153 | [normalize_query] 'Ngày sinh của tôi có đúng không?...' -> 'Ngày sinh của tôi có đúng không...'
2026-01-06 10:00:21 | DEBUG    | log:153 | [perform_hybrid_search] query_text: [Ngày sinh của tôi có đúng không?] - formatted_query: [Ngày sinh của tôi có đúng không] - normalized_query: [Ngày sinh của tôi có đúng không]
2026-01-06 10:00:21 | DEBUG    | log:153 | [perform_hybrid_search] BM25 raw scores: min=0.0000, max=10.9686
2026-01-06 10:00:21 | DEBUG    | log:153 | [get_keyword_boost] Query: 'Ngày sinh của tôi có đúng khôn...' | Doc: Tra cứu lịch sử giao | Boost: 0.25 | Matched: ['ngày']
2026-01-06 10:00:21 | DEBUG    | log:153 | [get_keyword_boost] Query: 'Ngày sinh của tôi có đúng khôn...' | Doc: getTransactionList | | Boost: 0.25 | Matched: ['ngày']
2026-01-06 10:00:21 | DEBUG    | log:153 | [get_keyword_boost] Query: 'Ngày sinh của tôi có đúng khôn...' | Doc: getUserProfile | Tra | Boost: 0.25 | Matched: ['ngày sinh']
2026-01-06 10:00:21 | DEBUG    | log:153 | [classify_query_intent] Ambiguous: 'Ngày sinh của tôi có đúng khôn...' | Scores: {'Tra cứu lịch sử giao dịch theo khoảng thời gian': 1, 'getTransactionList | Tra cứu giao dịch chờ duyệt theo khoảng thời gian': 1, 'getUserProfile | Tra cứu thông tin cá nhân cơ bản': 1}
2026-01-06 10:00:21 | DEBUG    | log:153 | [normalize_query] 'Tôi muốn xem thông tin cá nhân đăng ký b...' -> 'Tôi muốn xem thông tin cá nhân đăng ký b...'
2026-01-06 10:00:21 | DEBUG    | log:153 | [perform_hybrid_search] query_text: [Tôi muốn xem thông tin cá nhân đăng ký ban đầu] - formatted_query: [Tôi muốn xem thông tin cá nhân đăng ký ban đầu] - normalized_query: [Tôi muốn xem thông tin cá nhân đăng ký ban đầu]
2026-01-06 10:00:21 | DEBUG    | log:153 | [perform_hybrid_search] BM25 raw scores: min=0.3147, max=71.8810
2026-01-06 10:00:21 | DEBUG    | log:153 | [get_keyword_boost] Query: 'Tôi muốn xem thông tin cá nhân...' | Doc: getUserProfile | Tra | Boost: 0.25 | Matched: ['thông tin cá nhân']
2026-01-06 10:00:21 | DEBUG    | log:153 | [classify_query_intent] Classified: 'Tôi muốn xem thông tin cá nhân...' -> getUserProfile | Tra cứu thông (score=1)
2026-01-06 10:00:21 | DEBUG    | log:153 | [normalize_query] 'Thông tin cá nhân của tôi hiện có những ...' -> 'Thông tin cá nhân của tôi hiện có những ...'
2026-01-06 10:00:21 | DEBUG    | log:153 | [perform_hybrid_search] query_text: [Thông tin cá nhân của tôi hiện có những gì?] - formatted_query: [Thông tin cá nhân của tôi hiện có những gì] - normalized_query: [Thông tin cá nhân của tôi hiện có những gì]
2026-01-06 10:00:21 | DEBUG    | log:153 | [perform_hybrid_search] BM25 raw scores: min=0.2343, max=50.9431
2026-01-06 10:00:21 | DEBUG    | log:153 | [get_keyword_boost] Query: 'Thông tin cá nhân của tôi hiện...' | Doc: getUserProfile | Tra | Boost: 0.25 | Matched: ['thông tin cá nhân']
2026-01-06 10:00:21 | DEBUG    | log:153 | [classify_query_intent] Classified: 'Thông tin cá nhân của tôi hiện...' -> getUserProfile | Tra cứu thông (score=1)
2026-01-06 10:00:21 | DEBUG    | log:153 | [normalize_query] 'Cho tôi biết giới tính trong hồ sơ...' -> 'Cho tôi biết giới tính trong hồ sơ...'
2026-01-06 10:00:21 | DEBUG    | log:153 | [perform_hybrid_search] query_text: [Cho tôi biết giới tính trong hồ sơ] - formatted_query: [Cho tôi biết giới tính trong hồ sơ] - normalized_query: [Cho tôi biết giới tính trong hồ sơ]
2026-01-06 10:00:21 | DEBUG    | log:153 | [perform_hybrid_search] BM25 raw scores: min=0.0202, max=19.9045
2026-01-06 10:00:21 | DEBUG    | log:153 | [get_keyword_boost] Query: 'Cho tôi biết giới tính trong h...' | Doc: getTransactionList | | Boost: 0.25 | Matched: ['trong']
2026-01-06 10:00:21 | DEBUG    | log:153 | [get_keyword_boost] Query: 'Cho tôi biết giới tính trong h...' | Doc: getUserProfile | Tra | Boost: 0.25 | Matched: ['giới tính']
2026-01-06 10:00:21 | DEBUG    | log:153 | [classify_query_intent] Ambiguous: 'Cho tôi biết giới tính trong h...' | Scores: {'getTransactionList | Tra cứu giao dịch chờ duyệt theo khoảng thời gian': 1, 'getUserProfile | Tra cứu thông tin cá nhân cơ bản': 1}
2026-01-06 10:00:21 | DEBUG    | log:153 | [normalize_query] 'Kiểm tra quốc tịch của tôi...' -> 'Kiểm tra quốc tịch của tôi...'
2026-01-06 10:00:21 | DEBUG    | log:153 | [perform_hybrid_search] query_text: [Kiểm tra quốc tịch của tôi] - formatted_query: [Kiểm tra quốc tịch của tôi] - normalized_query: [Kiểm tra quốc tịch của tôi]
2026-01-06 10:00:22 | DEBUG    | log:153 | [perform_hybrid_search] BM25 raw scores: min=0.0160, max=17.6258
2026-01-06 10:00:22 | DEBUG    | log:153 | [get_keyword_boost] Query: 'Kiểm tra quốc tịch của tôi...' | Doc: getUserProfile | Tra | Boost: 0.25 | Matched: ['quốc tịch']
2026-01-06 10:00:22 | DEBUG    | log:153 | [classify_query_intent] Classified: 'Kiểm tra quốc tịch của tôi...' -> getUserProfile | Tra cứu thông (score=1)
2026-01-06 10:00:22 | DEBUG    | log:153 | [normalize_query] 'Xem họ tên của tôi...' -> 'Xem họ tên của tôi...'
2026-01-06 10:00:22 | DEBUG    | log:153 | [perform_hybrid_search] query_text: [Xem họ tên của tôi] - formatted_query: [Xem họ tên của tôi] - normalized_query: [Xem họ tên của tôi]
2026-01-06 10:00:22 | DEBUG    | log:153 | [perform_hybrid_search] BM25 raw scores: min=0.0000, max=11.1266
2026-01-06 10:00:22 | DEBUG    | log:153 | [get_keyword_boost] Query: 'Xem họ tên của tôi...' | Doc: getUserProfile | Tra | Boost: 0.25 | Matched: ['họ tên']
2026-01-06 10:00:22 | DEBUG    | log:153 | [classify_query_intent] Classified: 'Xem họ tên của tôi...' -> getUserProfile | Tra cứu thông (score=1)
2026-01-06 10:00:22 | DEBUG    | log:153 | [normalize_query] 'Tôi muốn kiểm tra ngày tháng năm sinh...' -> 'Tôi muốn kiểm tra ngày tháng năm sinh...'
2026-01-06 10:00:22 | DEBUG    | log:153 | [perform_hybrid_search] query_text: [Tôi muốn kiểm tra ngày tháng năm sinh] - formatted_query: [Tôi muốn kiểm tra ngày tháng năm sinh] - normalized_query: [Tôi muốn kiểm tra ngày tháng năm sinh]
2026-01-06 10:00:22 | DEBUG    | log:153 | [perform_hybrid_search] BM25 raw scores: min=0.0160, max=27.7742
2026-01-06 10:00:22 | DEBUG    | log:153 | [get_keyword_boost] Query: 'Tôi muốn kiểm tra ngày tháng n...' | Doc: Tra cứu lịch sử giao | Boost: 0.75 | Matched: ['ngày', 'tháng', 'năm']
2026-01-06 10:00:22 | DEBUG    | log:153 | [get_keyword_boost] Query: 'Tôi muốn kiểm tra ngày tháng n...' | Doc: getTransactionList | | Boost: 0.75 | Matched: ['ngày', 'tháng', 'năm']
2026-01-06 10:00:22 | DEBUG    | log:153 | [classify_query_intent] Ambiguous: 'Tôi muốn kiểm tra ngày tháng n...' | Scores: {'Tra cứu lịch sử giao dịch theo khoảng thời gian': 3, 'getTransactionList | Tra cứu giao dịch chờ duyệt theo khoảng thời gian': 3}
2026-01-06 10:00:22 | DEBUG    | log:153 | [normalize_query] 'Chi tiết thông tin cá nhân của tôi...' -> 'Chi tiết thông tin cá nhân của tôi...'
2026-01-06 10:00:22 | DEBUG    | log:153 | [perform_hybrid_search] query_text: [Chi tiết thông tin cá nhân của tôi] - formatted_query: [Chi tiết thông tin cá nhân của tôi] - normalized_query: [Chi tiết thông tin cá nhân của tôi]
2026-01-06 10:00:22 | DEBUG    | log:153 | [perform_hybrid_search] BM25 raw scores: min=0.0000, max=38.4226
2026-01-06 10:00:22 | DEBUG    | log:153 | [get_keyword_boost] Query: 'Chi tiết thông tin cá nhân của...' | Doc: getUserProfile | Tra | Boost: 0.25 | Matched: ['thông tin cá nhân']
2026-01-06 10:00:22 | DEBUG    | log:153 | [classify_query_intent] Classified: 'Chi tiết thông tin cá nhân của...' -> getUserProfile | Tra cứu thông (score=1)
2026-01-06 10:00:22 | DEBUG    | log:153 | [normalize_query] 'Xem dữ liệu người dùng của mình...' -> 'Xem dữ liệu người dùng của mình...'
2026-01-06 10:00:22 | DEBUG    | log:153 | [perform_hybrid_search] query_text: [Xem dữ liệu người dùng của mình] - formatted_query: [Xem dữ liệu người dùng của mình] - normalized_query: [Xem dữ liệu người dùng của mình]
2026-01-06 10:00:22 | DEBUG    | log:153 | [perform_hybrid_search] BM25 raw scores: min=0.0520, max=8.9830
2026-01-06 10:00:22 | DEBUG    | log:153 | [get_keyword_boost] Query: 'Xem dữ liệu người dùng của mìn...' | Doc: getUserProfile | Tra | Boost: 0.25 | Matched: ['người dùng']
2026-01-06 10:00:22 | DEBUG    | log:153 | [classify_query_intent] Classified: 'Xem dữ liệu người dùng của mìn...' -> getUserProfile | Tra cứu thông (score=1)
2026-01-06 10:00:22 | DEBUG    | log:153 | [normalize_query] 'Hệ thống lưu tên tôi là gì?...' -> 'Hệ thống lưu tên tôi là gì...'
2026-01-06 10:00:22 | DEBUG    | log:153 | [perform_hybrid_search] query_text: [Hệ thống lưu tên tôi là gì?] - formatted_query: [Hệ thống lưu tên tôi là gì] - normalized_query: [Hệ thống lưu tên tôi là gì]
2026-01-06 10:00:22 | DEBUG    | log:153 | [perform_hybrid_search] BM25 raw scores: min=0.0441, max=26.1688
2026-01-06 10:00:22 | DEBUG    | log:153 | [get_keyword_boost] Query: 'Hệ thống lưu tên tôi là gì...' | Doc: getUserProfile | Tra | Boost: 0.25 | Matched: ['tên tôi']
2026-01-06 10:00:22 | DEBUG    | log:153 | [classify_query_intent] Classified: 'Hệ thống lưu tên tôi là gì...' -> getUserProfile | Tra cứu thông (score=1)
2026-01-06 10:00:22 | DEBUG    | log:153 | [normalize_query] 'Hồ sơ của tôi gồm tên và ngày sinh nào?...' -> 'Hồ sơ của tôi gồm tên và ngày sinh nào...'
2026-01-06 10:00:22 | DEBUG    | log:153 | [perform_hybrid_search] query_text: [Hồ sơ của tôi gồm tên và ngày sinh nào?] - formatted_query: [Hồ sơ của tôi gồm tên và ngày sinh nào] - normalized_query: [Hồ sơ của tôi gồm tên và ngày sinh nào]
2026-01-06 10:00:22 | DEBUG    | log:153 | [perform_hybrid_search] BM25 raw scores: min=0.0344, max=37.2731
2026-01-06 10:00:22 | DEBUG    | log:153 | [get_keyword_boost] Query: 'Hồ sơ của tôi gồm tên và ngày ...' | Doc: Tra cứu lịch sử giao | Boost: 0.25 | Matched: ['ngày']
2026-01-06 10:00:22 | DEBUG    | log:153 | [get_keyword_boost] Query: 'Hồ sơ của tôi gồm tên và ngày ...' | Doc: getTransactionList | | Boost: 0.25 | Matched: ['ngày']
2026-01-06 10:00:22 | DEBUG    | log:153 | [get_keyword_boost] Query: 'Hồ sơ của tôi gồm tên và ngày ...' | Doc: getUserProfile | Tra | Boost: 0.25 | Matched: ['ngày sinh']
2026-01-06 10:00:22 | DEBUG    | log:153 | [classify_query_intent] Ambiguous: 'Hồ sơ của tôi gồm tên và ngày ...' | Scores: {'Tra cứu lịch sử giao dịch theo khoảng thời gian': 1, 'getTransactionList | Tra cứu giao dịch chờ duyệt theo khoảng thời gian': 1, 'getUserProfile | Tra cứu thông tin cá nhân cơ bản': 1}
2026-01-06 10:00:22 | DEBUG    | log:153 | [normalize_query] 'xem profile tui...' -> 'Xem profile tui...'
2026-01-06 10:00:22 | DEBUG    | log:153 | [perform_hybrid_search] query_text: [xem profile tui] - formatted_query: [Xem profile tui] - normalized_query: [Xem profile tui]
2026-01-06 10:00:22 | DEBUG    | log:153 | [perform_hybrid_search] BM25 raw scores: min=0.0000, max=10.9719
2026-01-06 10:00:22 | DEBUG    | log:153 | [get_keyword_boost] Query: 'Xem profile tui...' | Doc: getUserProfile | Tra | Boost: 0.50 | Matched: ['profile', 'xem profile']
2026-01-06 10:00:22 | DEBUG    | log:153 | [classify_query_intent] Classified: 'Xem profile tui...' -> getUserProfile | Tra cứu thông (score=2)
2026-01-06 10:00:22 | DEBUG    | log:153 | [normalize_query] 'cho coi thong tin ca nhan...' -> 'Cho coi thong tin ca nhan...'
2026-01-06 10:00:22 | DEBUG    | log:153 | [perform_hybrid_search] query_text: [cho coi thong tin ca nhan] - formatted_query: [Cho coi thong tin ca nhan] - normalized_query: [Cho coi thong tin ca nhan]
2026-01-06 10:00:22 | DEBUG    | log:153 | [perform_hybrid_search] BM25 raw scores: min=0.0000, max=6.9032
2026-01-06 10:00:22 | DEBUG    | log:153 | [classify_query_intent] No keyword matches found in: 'Cho coi thong tin ca nhan'
2026-01-06 10:00:22 | DEBUG    | log:153 | [normalize_query] 'check pro tui cai...' -> 'Check pro tui cai...'
2026-01-06 10:00:22 | DEBUG    | log:153 | [perform_hybrid_search] query_text: [check pro tui cai] - formatted_query: [Check pro tui cai] - normalized_query: [Check pro tui cai]
2026-01-06 10:00:22 | DEBUG    | log:153 | [perform_hybrid_search] BM25 raw scores: min=0.0000, max=1.6657
2026-01-06 10:00:22 | DEBUG    | log:153 | [get_keyword_boost] Query: 'Check pro tui cai...' | Doc: Tra cứu giao dịch ch | Boost: 0.25 | Matched: ['ck']
2026-01-06 10:00:22 | DEBUG    | log:153 | [classify_query_intent] Classified: 'Check pro tui cai...' -> Tra cứu giao dịch chuyển tiền (score=1)
2026-01-06 10:00:22 | DEBUG    | log:153 | [normalize_query] 'ten tui la gi vay...' -> 'Ten tui la gi vay...'
2026-01-06 10:00:22 | DEBUG    | log:153 | [perform_hybrid_search] query_text: [ten tui la gi vay] - formatted_query: [Ten tui la gi vay] - normalized_query: [Ten tui la gi vay]
2026-01-06 10:00:22 | DEBUG    | log:153 | [perform_hybrid_search] BM25 raw scores: min=0.0000, max=7.5753
2026-01-06 10:00:22 | DEBUG    | log:153 | [classify_query_intent] No keyword matches found in: 'Ten tui la gi vay'
2026-01-06 10:00:22 | DEBUG    | log:153 | [normalize_query] 'ngay sinh ntn nhi...' -> 'Ngay sinh ntn nhi...'
2026-01-06 10:00:22 | DEBUG    | log:153 | [perform_hybrid_search] query_text: [ngay sinh ntn nhi] - formatted_query: [Ngay sinh ntn nhi] - normalized_query: [Ngay sinh ntn nhi]
2026-01-06 10:00:22 | DEBUG    | log:153 | [perform_hybrid_search] BM25 raw scores: min=0.0000, max=7.1405
2026-01-06 10:00:22 | DEBUG    | log:153 | [classify_query_intent] No keyword matches found in: 'Ngay sinh ntn nhi'
2026-01-06 10:00:22 | DEBUG    | log:153 | [normalize_query] 'quoc tich j do...' -> 'Quoc tich j do...'
2026-01-06 10:00:22 | DEBUG    | log:153 | [perform_hybrid_search] query_text: [quoc tich j do] - formatted_query: [Quoc tich j do] - normalized_query: [Quoc tich j do]
2026-01-06 10:00:22 | DEBUG    | log:153 | [perform_hybrid_search] BM25 raw scores: min=0.0000, max=10.9834
2026-01-06 10:00:22 | DEBUG    | log:153 | [classify_query_intent] No keyword matches found in: 'Quoc tich j do'
2026-01-06 10:00:22 | DEBUG    | log:153 | [normalize_query] 'gioi tinh tui la nam hay nu...' -> 'Gioi tinh tui la nam hay nu...'
2026-01-06 10:00:22 | DEBUG    | log:153 | [perform_hybrid_search] query_text: [gioi tinh tui la nam hay nu] - formatted_query: [Gioi tinh tui la nam hay nu] - normalized_query: [Gioi tinh tui la nam hay nu]
2026-01-06 10:00:22 | DEBUG    | log:153 | [perform_hybrid_search] BM25 raw scores: min=0.0000, max=10.7001
2026-01-06 10:00:22 | DEBUG    | log:153 | [get_keyword_boost] Query: 'Gioi tinh tui la nam hay nu...' | Doc: getUserProfile | Tra | Boost: 0.25 | Matched: ['nam']
2026-01-06 10:00:22 | DEBUG    | log:153 | [classify_query_intent] Classified: 'Gioi tinh tui la nam hay nu...' -> getUserProfile | Tra cứu thông (score=1)
2026-01-06 10:00:22 | DEBUG    | log:153 | [normalize_query] 'xem thong tin user...' -> 'Xem thong tin user...'
2026-01-06 10:00:22 | DEBUG    | log:153 | [perform_hybrid_search] query_text: [xem thong tin user] - formatted_query: [Xem thong tin user] - normalized_query: [Xem thong tin user]
2026-01-06 10:00:22 | DEBUG    | log:153 | [perform_hybrid_search] BM25 raw scores: min=0.0000, max=20.6853
2026-01-06 10:00:22 | DEBUG    | log:153 | [get_keyword_boost] Query: 'Xem thong tin user...' | Doc: getUserProfile | Tra | Boost: 0.25 | Matched: ['user']
2026-01-06 10:00:22 | DEBUG    | log:153 | [classify_query_intent] Classified: 'Xem thong tin user...' -> getUserProfile | Tra cứu thông (score=1)
2026-01-06 10:00:22 | DEBUG    | log:153 | [normalize_query] 'hồ sơ cá nhân xem ntn...' -> 'Hồ sơ cá nhân xem ntn...'
2026-01-06 10:00:22 | DEBUG    | log:153 | [perform_hybrid_search] query_text: [hồ sơ cá nhân xem ntn] - formatted_query: [Hồ sơ cá nhân xem ntn] - normalized_query: [Hồ sơ cá nhân xem ntn]
2026-01-06 10:00:22 | DEBUG    | log:153 | [perform_hybrid_search] BM25 raw scores: min=0.0202, max=44.7370
2026-01-06 10:00:22 | DEBUG    | log:153 | [get_keyword_boost] Query: 'Hồ sơ cá nhân xem ntn...' | Doc: getUserProfile | Tra | Boost: 0.25 | Matched: ['hồ sơ cá nhân']
2026-01-06 10:00:22 | DEBUG    | log:153 | [classify_query_intent] Classified: 'Hồ sơ cá nhân xem ntn...' -> getUserProfile | Tra cứu thông (score=1)
2026-01-06 10:00:22 | DEBUG    | log:153 | [normalize_query] 'check thong tin ca nhan tui...' -> 'Check thong tin ca nhan tui...'
2026-01-06 10:00:22 | DEBUG    | log:153 | [perform_hybrid_search] query_text: [check thong tin ca nhan tui] - formatted_query: [Check thong tin ca nhan tui] - normalized_query: [Check thong tin ca nhan tui]
2026-01-06 10:00:22 | DEBUG    | log:153 | [perform_hybrid_search] BM25 raw scores: min=0.0000, max=6.9032
2026-01-06 10:00:22 | DEBUG    | log:153 | [get_keyword_boost] Query: 'Check thong tin ca nhan tui...' | Doc: Tra cứu giao dịch ch | Boost: 0.25 | Matched: ['ck']
2026-01-06 10:00:22 | DEBUG    | log:153 | [classify_query_intent] Classified: 'Check thong tin ca nhan tui...' -> Tra cứu giao dịch chuyển tiền (score=1)
2026-01-06 10:00:22 | DEBUG    | log:153 | [normalize_query] 'tui ten gi...' -> 'Tui ten gi...'
2026-01-06 10:00:22 | DEBUG    | log:153 | [perform_hybrid_search] query_text: [tui ten gi] - formatted_query: [Tui ten gi] - normalized_query: [Tui ten gi]
2026-01-06 10:00:22 | DEBUG    | log:153 | [perform_hybrid_search] BM25 raw scores: min=0.0000, max=7.5753
2026-01-06 10:00:22 | DEBUG    | log:153 | [classify_query_intent] No keyword matches found in: 'Tui ten gi'
2026-01-06 10:00:22 | DEBUG    | log:153 | [normalize_query] 'sinh ngay bao nhieu vay...' -> 'Sinh ngay bao nhieu vay...'
2026-01-06 10:00:22 | DEBUG    | log:153 | [perform_hybrid_search] query_text: [sinh ngay bao nhieu vay] - formatted_query: [Sinh ngay bao nhieu vay] - normalized_query: [Sinh ngay bao nhieu vay]
2026-01-06 10:00:22 | DEBUG    | log:153 | [perform_hybrid_search] BM25 raw scores: min=0.0098, max=10.1866
2026-01-06 10:00:22 | DEBUG    | log:153 | [classify_query_intent] No keyword matches found in: 'Sinh ngay bao nhieu vay'
2026-01-06 10:00:22 | DEBUG    | log:153 | [normalize_query] 'thong tin tui tren he thong...' -> 'Thong tin tui tren he thong...'
2026-01-06 10:00:22 | DEBUG    | log:153 | [perform_hybrid_search] query_text: [thong tin tui tren he thong] - formatted_query: [Thong tin tui tren he thong] - normalized_query: [Thong tin tui tren he thong]
2026-01-06 10:00:22 | DEBUG    | log:153 | [perform_hybrid_search] BM25 raw scores: min=0.0000, max=3.8386
2026-01-06 10:00:22 | DEBUG    | log:153 | [classify_query_intent] No keyword matches found in: 'Thong tin tui tren he thong'
2026-01-06 10:00:22 | DEBUG    | log:153 | [normalize_query] 'show profile...' -> 'Show profile...'
2026-01-06 10:00:22 | DEBUG    | log:153 | [perform_hybrid_search] query_text: [show profile] - formatted_query: [Show profile] - normalized_query: [Show profile]
2026-01-06 10:00:22 | DEBUG    | log:153 | [perform_hybrid_search] BM25 raw scores: min=0.0000, max=2.9367
2026-01-06 10:00:22 | DEBUG    | log:153 | [get_keyword_boost] Query: 'Show profile...' | Doc: getUserProfile | Tra | Boost: 0.25 | Matched: ['profile']
2026-01-06 10:00:22 | DEBUG    | log:153 | [classify_query_intent] Classified: 'Show profile...' -> getUserProfile | Tra cứu thông (score=1)
2026-01-06 10:00:22 | DEBUG    | log:153 | [normalize_query] 'profile tui co j...' -> 'Profile tui co j...'
2026-01-06 10:00:22 | DEBUG    | log:153 | [perform_hybrid_search] query_text: [profile tui co j] - formatted_query: [Profile tui co j] - normalized_query: [Profile tui co j]
2026-01-06 10:00:22 | DEBUG    | log:153 | [perform_hybrid_search] BM25 raw scores: min=0.0000, max=4.2836
2026-01-06 10:00:22 | DEBUG    | log:153 | [get_keyword_boost] Query: 'Profile tui co j...' | Doc: getUserProfile | Tra | Boost: 0.25 | Matched: ['profile']
2026-01-06 10:00:22 | DEBUG    | log:153 | [classify_query_intent] Classified: 'Profile tui co j...' -> getUserProfile | Tra cứu thông (score=1)
2026-01-06 10:00:22 | DEBUG    | log:153 | [normalize_query] 'xem ngay sinh va ho ten...' -> 'Xem ngay sinh va ho ten...'
2026-01-06 10:00:22 | DEBUG    | log:153 | [perform_hybrid_search] query_text: [xem ngay sinh va ho ten] - formatted_query: [Xem ngay sinh va ho ten] - normalized_query: [Xem ngay sinh va ho ten]
2026-01-06 10:00:22 | DEBUG    | log:153 | [perform_hybrid_search] BM25 raw scores: min=0.0000, max=17.5002
2026-01-06 10:00:22 | DEBUG    | log:153 | [classify_query_intent] No keyword matches found in: 'Xem ngay sinh va ho ten'
2026-01-06 10:00:22 | DEBUG    | log:153 | [normalize_query] 'check ho so...' -> 'Check ho so...'
2026-01-06 10:00:22 | DEBUG    | log:153 | [perform_hybrid_search] query_text: [check ho so] - formatted_query: [Check ho so] - normalized_query: [Check ho so]
2026-01-06 10:00:22 | DEBUG    | log:153 | [perform_hybrid_search] BM25 raw scores: min=0.0095, max=3.0467
2026-01-06 10:00:22 | DEBUG    | log:153 | [get_keyword_boost] Query: 'Check ho so...' | Doc: Tra cứu giao dịch ch | Boost: 0.25 | Matched: ['ck']
2026-01-06 10:00:22 | DEBUG    | log:153 | [classify_query_intent] Classified: 'Check ho so...' -> Tra cứu giao dịch chuyển tiền (score=1)
2026-01-06 10:00:22 | DEBUG    | log:153 | [normalize_query] 'thong tin ca nhan cua tui...' -> 'Thong tin ca nhan cua tui...'
2026-01-06 10:00:22 | DEBUG    | log:153 | [perform_hybrid_search] query_text: [thong tin ca nhan cua tui] - formatted_query: [Thong tin ca nhan cua tui] - normalized_query: [Thong tin ca nhan cua tui]
2026-01-06 10:00:22 | DEBUG    | log:153 | [perform_hybrid_search] BM25 raw scores: min=0.0000, max=6.9032
2026-01-06 10:00:22 | DEBUG    | log:153 | [classify_query_intent] No keyword matches found in: 'Thong tin ca nhan cua tui'
2026-01-06 10:00:22 | DEBUG    | log:153 | [normalize_query] 'tui la ai...' -> 'Tui la ai...'
2026-01-06 10:00:22 | DEBUG    | log:153 | [perform_hybrid_search] query_text: [tui la ai] - formatted_query: [Tui la ai] - normalized_query: [Tui la ai]
2026-01-06 10:00:22 | DEBUG    | log:153 | [perform_hybrid_search] BM25 raw scores: min=0.0000, max=2.0407
2026-01-06 10:00:22 | DEBUG    | log:153 | [classify_query_intent] No keyword matches found in: 'Tui la ai'
2026-01-06 10:00:22 | DEBUG    | log:153 | [normalize_query] 'ho ten ngay sinh xem o dau...' -> 'Ho ten ngay sinh xem o dau...'
2026-01-06 10:00:22 | DEBUG    | log:153 | [perform_hybrid_search] query_text: [ho ten ngay sinh xem o dau] - formatted_query: [Ho ten ngay sinh xem o dau] - normalized_query: [Ho ten ngay sinh xem o dau]
2026-01-06 10:00:22 | DEBUG    | log:153 | [perform_hybrid_search] BM25 raw scores: min=0.0000, max=17.5002
2026-01-06 10:00:22 | DEBUG    | log:153 | [classify_query_intent] No keyword matches found in: 'Ho ten ngay sinh xem o dau'
2026-01-06 10:00:22 | DEBUG    | log:153 | [normalize_query] 'quoc tich tui dang de la j...' -> 'Quoc tich tui dang de la j...'
2026-01-06 10:00:22 | DEBUG    | log:153 | [perform_hybrid_search] query_text: [quoc tich tui dang de la j] - formatted_query: [Quoc tich tui dang de la j] - normalized_query: [Quoc tich tui dang de la j]
2026-01-06 10:00:22 | DEBUG    | log:153 | [perform_hybrid_search] BM25 raw scores: min=0.0085, max=10.9953
2026-01-06 10:00:22 | DEBUG    | log:153 | [classify_query_intent] No keyword matches found in: 'Quoc tich tui dang de la j'
2026-01-06 10:00:22 | DEBUG    | log:153 | [normalize_query] 'tui gioi tinh j nhi...' -> 'Tui gioi tinh j nhi...'
2026-01-06 10:00:22 | DEBUG    | log:153 | [perform_hybrid_search] query_text: [tui gioi tinh j nhi] - formatted_query: [Tui gioi tinh j nhi] - normalized_query: [Tui gioi tinh j nhi]
2026-01-06 10:00:22 | DEBUG    | log:153 | [perform_hybrid_search] BM25 raw scores: min=0.0000, max=7.9493
2026-01-06 10:00:22 | DEBUG    | log:153 | [classify_query_intent] No keyword matches found in: 'Tui gioi tinh j nhi'
2026-01-06 10:00:22 | DEBUG    | log:153 | [normalize_query] 'check ngay thang nam sinh...' -> 'Check ngay thang nam sinh...'
2026-01-06 10:00:22 | DEBUG    | log:153 | [perform_hybrid_search] query_text: [check ngay thang nam sinh] - formatted_query: [Check ngay thang nam sinh] - normalized_query: [Check ngay thang nam sinh]
2026-01-06 10:00:22 | DEBUG    | log:153 | [perform_hybrid_search] BM25 raw scores: min=0.0000, max=9.9464
2026-01-06 10:00:22 | DEBUG    | log:153 | [get_keyword_boost] Query: 'Check ngay thang nam sinh...' | Doc: Tra cứu giao dịch ch | Boost: 0.25 | Matched: ['ck']
2026-01-06 10:00:22 | DEBUG    | log:153 | [get_keyword_boost] Query: 'Check ngay thang nam sinh...' | Doc: getUserProfile | Tra | Boost: 0.25 | Matched: ['nam']
2026-01-06 10:00:22 | DEBUG    | log:153 | [classify_query_intent] Ambiguous: 'Check ngay thang nam sinh...' | Scores: {'Tra cứu giao dịch chuyển tiền': 1, 'getUserProfile | Tra cứu thông tin cá nhân cơ bản': 1}
2026-01-06 10:00:22 | DEBUG    | log:153 | [normalize_query] 'profile user tui...' -> 'Profile user tui...'
2026-01-06 10:00:22 | DEBUG    | log:153 | [perform_hybrid_search] query_text: [profile user tui] - formatted_query: [Profile user tui] - normalized_query: [Profile user tui]
2026-01-06 10:00:22 | DEBUG    | log:153 | [perform_hybrid_search] BM25 raw scores: min=0.0000, max=5.8735
2026-01-06 10:00:22 | DEBUG    | log:153 | [get_keyword_boost] Query: 'Profile user tui...' | Doc: getUserProfile | Tra | Boost: 0.50 | Matched: ['profile', 'user']
2026-01-06 10:00:22 | DEBUG    | log:153 | [classify_query_intent] Classified: 'Profile user tui...' -> getUserProfile | Tra cứu thông (score=2)
2026-01-06 10:00:22 | DEBUG    | log:153 | [normalize_query] 'thong tin ca nhan cua minh...' -> 'Thong tin ca nhan cua minh...'
2026-01-06 10:00:22 | DEBUG    | log:153 | [perform_hybrid_search] query_text: [thong tin ca nhan cua minh] - formatted_query: [Thong tin ca nhan cua minh] - normalized_query: [Thong tin ca nhan cua minh]
2026-01-06 10:00:22 | DEBUG    | log:153 | [perform_hybrid_search] BM25 raw scores: min=0.0000, max=9.8399
2026-01-06 10:00:22 | DEBUG    | log:153 | [classify_query_intent] No keyword matches found in: 'Thong tin ca nhan cua minh'
2026-01-06 10:00:22 | DEBUG    | log:153 | [normalize_query] 'cho xem thong tin ca nhan...' -> 'Cho xem thong tin ca nhan...'
2026-01-06 10:00:22 | DEBUG    | log:153 | [perform_hybrid_search] query_text: [cho xem thong tin ca nhan] - formatted_query: [Cho xem thong tin ca nhan] - normalized_query: [Cho xem thong tin ca nhan]
2026-01-06 10:00:22 | DEBUG    | log:153 | [perform_hybrid_search] BM25 raw scores: min=0.3147, max=20.3540
2026-01-06 10:00:22 | DEBUG    | log:153 | [classify_query_intent] No keyword matches found in: 'Cho xem thong tin ca nhan'
2026-01-06 10:00:22 | DEBUG    | log:153 | [normalize_query] 'ten va ngay sinh tui...' -> 'Ten va ngay sinh tui...'
2026-01-06 10:00:22 | DEBUG    | log:153 | [perform_hybrid_search] query_text: [ten va ngay sinh tui] - formatted_query: [Ten va ngay sinh tui] - normalized_query: [Ten va ngay sinh tui]
2026-01-06 10:00:22 | DEBUG    | log:153 | [perform_hybrid_search] BM25 raw scores: min=0.0000, max=10.1546
2026-01-06 10:00:22 | DEBUG    | log:153 | [classify_query_intent] No keyword matches found in: 'Ten va ngay sinh tui'
2026-01-06 10:00:22 | DEBUG    | log:153 | [normalize_query] 'kiem tra thong tin ho so...' -> 'Kiem tra thong tin ho so...'
2026-01-06 10:00:22 | DEBUG    | log:153 | [perform_hybrid_search] query_text: [kiem tra thong tin ho so] - formatted_query: [Kiem tra thong tin ho so] - normalized_query: [Kiem tra thong tin ho so]
2026-01-06 10:00:22 | DEBUG    | log:153 | [perform_hybrid_search] BM25 raw scores: min=0.2115, max=18.3413
2026-01-06 10:00:22 | DEBUG    | log:153 | [classify_query_intent] No keyword matches found in: 'Kiem tra thong tin ho so'
2026-01-06 10:00:22 | DEBUG    | log:153 | [normalize_query] 'ho so tui dang active k...' -> 'Ho so tui dang active k...'
2026-01-06 10:00:22 | DEBUG    | log:153 | [perform_hybrid_search] query_text: [ho so tui dang active k] - formatted_query: [Ho so tui dang active k] - normalized_query: [Ho so tui dang active k]
2026-01-06 10:00:22 | DEBUG    | log:153 | [perform_hybrid_search] BM25 raw scores: min=0.0190, max=4.6023
2026-01-06 10:00:22 | DEBUG    | log:153 | [get_keyword_boost] Query: 'Ho so tui dang active k...' | Doc: getUserProfile | Kiể | Boost: 0.25 | Matched: ['active']
2026-01-06 10:00:22 | DEBUG    | log:153 | [classify_query_intent] Classified: 'Ho so tui dang active k...' -> getUserProfile | Kiểm tra trạn (score=1)
2026-01-06 10:00:22 | DEBUG    | log:153 | [normalize_query] 'trang thai ho so tui...' -> 'Trang thai ho so tui...'
2026-01-06 10:00:22 | DEBUG    | log:153 | [perform_hybrid_search] query_text: [trang thai ho so tui] - formatted_query: [Trang thai ho so tui] - normalized_query: [Trang thai ho so tui]
2026-01-06 10:00:22 | DEBUG    | log:153 | [perform_hybrid_search] BM25 raw scores: min=0.0109, max=6.2334
2026-01-06 10:00:22 | DEBUG    | log:153 | [classify_query_intent] No keyword matches found in: 'Trang thai ho so tui'
2026-01-06 10:00:22 | DEBUG    | log:153 | [normalize_query] 'coi thong tin ca nhan...' -> 'Coi thong tin ca nhan...'
2026-01-06 10:00:22 | DEBUG    | log:153 | [perform_hybrid_search] query_text: [coi thong tin ca nhan] - formatted_query: [Coi thong tin ca nhan] - normalized_query: [Coi thong tin ca nhan]
2026-01-06 10:00:22 | DEBUG    | log:153 | [perform_hybrid_search] BM25 raw scores: min=0.0000, max=6.9032
2026-01-06 10:00:23 | DEBUG    | log:153 | [classify_query_intent] No keyword matches found in: 'Coi thong tin ca nhan'
2026-01-06 10:00:23 | DEBUG    | log:153 | [normalize_query] 'user info tui...' -> 'User info tui...'
2026-01-06 10:00:23 | DEBUG    | log:153 | [perform_hybrid_search] query_text: [user info tui] - formatted_query: [User info tui] - normalized_query: [User info tui]
2026-01-06 10:00:23 | DEBUG    | log:153 | [perform_hybrid_search] BM25 raw scores: min=0.0000, max=2.9367
2026-01-06 10:00:23 | DEBUG    | log:153 | [get_keyword_boost] Query: 'User info tui...' | Doc: getUserProfile | Tra | Boost: 0.25 | Matched: ['user']
2026-01-06 10:00:23 | DEBUG    | log:153 | [classify_query_intent] Classified: 'User info tui...' -> getUserProfile | Tra cứu thông (score=1)
2026-01-06 10:00:23 | DEBUG    | log:153 | [normalize_query] 'thong tin ca nhan ntn...' -> 'Thong tin ca nhan ntn...'
2026-01-06 10:00:23 | DEBUG    | log:153 | [perform_hybrid_search] query_text: [thong tin ca nhan ntn] - formatted_query: [Thong tin ca nhan ntn] - normalized_query: [Thong tin ca nhan ntn]
2026-01-06 10:00:23 | DEBUG    | log:153 | [perform_hybrid_search] BM25 raw scores: min=0.0000, max=6.9032
2026-01-06 10:00:23 | DEBUG    | log:153 | [classify_query_intent] No keyword matches found in: 'Thong tin ca nhan ntn'
2026-01-06 10:00:23 | DEBUG    | log:153 | [normalize_query] 'ten tui tren app...' -> 'Ten tui tren app...'
2026-01-06 10:00:23 | DEBUG    | log:153 | [perform_hybrid_search] query_text: [ten tui tren app] - formatted_query: [Ten tui tren app] - normalized_query: [Ten tui tren app]
2026-01-06 10:00:23 | DEBUG    | log:153 | [perform_hybrid_search] BM25 raw scores: min=0.0000, max=3.9220
2026-01-06 10:00:23 | DEBUG    | log:153 | [classify_query_intent] No keyword matches found in: 'Ten tui tren app'
2026-01-06 10:00:23 | DEBUG    | log:153 | [normalize_query] 'ngay sinh cua tui la ngay nao...' -> 'Ngay sinh cua tui la ngay nao...'
2026-01-06 10:00:23 | DEBUG    | log:153 | [perform_hybrid_search] query_text: [ngay sinh cua tui la ngay nao] - formatted_query: [Ngay sinh cua tui la ngay nao] - normalized_query: [Ngay sinh cua tui la ngay nao]
2026-01-06 10:00:23 | DEBUG    | log:153 | [perform_hybrid_search] BM25 raw scores: min=0.0000, max=10.0772
2026-01-06 10:00:23 | DEBUG    | log:153 | [classify_query_intent] No keyword matches found in: 'Ngay sinh cua tui la ngay nao'
2026-01-06 10:00:23 | DEBUG    | log:153 | [normalize_query] 'quoc tich nao vay...' -> 'Quoc tich nao vay...'
2026-01-06 10:00:23 | DEBUG    | log:153 | [perform_hybrid_search] query_text: [quoc tich nao vay] - formatted_query: [Quoc tich nao vay] - normalized_query: [Quoc tich nao vay]
2026-01-06 10:00:23 | DEBUG    | log:153 | [perform_hybrid_search] BM25 raw scores: min=0.0000, max=13.9202
2026-01-06 10:00:23 | DEBUG    | log:153 | [classify_query_intent] No keyword matches found in: 'Quoc tich nao vay'
2026-01-06 10:00:23 | DEBUG    | log:153 | [normalize_query] 'gioi tinh j day...' -> 'Gioi tinh j day...'
2026-01-06 10:00:23 | DEBUG    | log:153 | [perform_hybrid_search] query_text: [gioi tinh j day] - formatted_query: [Gioi tinh j day] - normalized_query: [Gioi tinh j day]
2026-01-06 10:00:23 | DEBUG    | log:153 | [perform_hybrid_search] BM25 raw scores: min=0.0000, max=7.9493
2026-01-06 10:00:23 | DEBUG    | log:153 | [classify_query_intent] No keyword matches found in: 'Gioi tinh j day'
2026-01-06 10:00:23 | DEBUG    | log:153 | [normalize_query] 'xem thong tin dang ky...' -> 'Xem thong tin dang ky...'
2026-01-06 10:00:23 | DEBUG    | log:153 | [perform_hybrid_search] query_text: [xem thong tin dang ky] - formatted_query: [Xem thong tin dang ky] - normalized_query: [Xem thong tin dang ky]
2026-01-06 10:00:23 | DEBUG    | log:153 | [perform_hybrid_search] BM25 raw scores: min=0.0146, max=17.6943
2026-01-06 10:00:23 | DEBUG    | log:153 | [classify_query_intent] No keyword matches found in: 'Xem thong tin dang ky'
2026-01-06 10:00:23 | DEBUG    | log:153 | [normalize_query] 'profile cua tui...' -> 'Profile cua tui...'
2026-01-06 10:00:23 | DEBUG    | log:153 | [perform_hybrid_search] query_text: [profile cua tui] - formatted_query: [Profile cua tui] - normalized_query: [Profile cua tui]
2026-01-06 10:00:23 | DEBUG    | log:153 | [perform_hybrid_search] BM25 raw scores: min=0.0000, max=2.9367
2026-01-06 10:00:23 | DEBUG    | log:153 | [get_keyword_boost] Query: 'Profile cua tui...' | Doc: getUserProfile | Tra | Boost: 0.25 | Matched: ['profile']
2026-01-06 10:00:23 | DEBUG    | log:153 | [classify_query_intent] Classified: 'Profile cua tui...' -> getUserProfile | Tra cứu thông (score=1)
2026-01-06 10:00:23 | DEBUG    | log:153 | [normalize_query] 'check thong tin phat...' -> 'Check thong tin phat...'
2026-01-06 10:00:23 | DEBUG    | log:153 | [perform_hybrid_search] query_text: [check thong tin phat] - formatted_query: [Check thong tin phat] - normalized_query: [Check thong tin phat]
2026-01-06 10:00:23 | DEBUG    | log:153 | [perform_hybrid_search] BM25 raw scores: min=0.0000, max=1.4862
2026-01-06 10:00:23 | DEBUG    | log:153 | [get_keyword_boost] Query: 'Check thong tin phat...' | Doc: Tra cứu giao dịch ch | Boost: 0.25 | Matched: ['ck']
2026-01-06 10:00:23 | DEBUG    | log:153 | [classify_query_intent] Classified: 'Check thong tin phat...' -> Tra cứu giao dịch chuyển tiền (score=1)
2026-01-06 10:00:23 | DEBUG    | log:153 | [normalize_query] 'ten tui ghi ntn...' -> 'Ten tui ghi ntn...'
2026-01-06 10:00:23 | DEBUG    | log:153 | [perform_hybrid_search] query_text: [ten tui ghi ntn] - formatted_query: [Ten tui ghi ntn] - normalized_query: [Ten tui ghi ntn]
2026-01-06 10:00:23 | DEBUG    | log:153 | [perform_hybrid_search] BM25 raw scores: min=0.0000, max=4.5313
2026-01-06 10:00:23 | DEBUG    | log:153 | [classify_query_intent] No keyword matches found in: 'Ten tui ghi ntn'
2026-01-06 10:00:23 | DEBUG    | log:153 | [normalize_query] 'sinh nhat tui ngay may...' -> 'Sinh nhat tui ngay may...'
2026-01-06 10:00:23 | DEBUG    | log:153 | [perform_hybrid_search] query_text: [sinh nhat tui ngay may] - formatted_query: [Sinh nhat tui ngay may] - normalized_query: [Sinh nhat tui ngay may]
2026-01-06 10:00:23 | DEBUG    | log:153 | [perform_hybrid_search] BM25 raw scores: min=0.0000, max=6.1389
2026-01-06 10:00:23 | DEBUG    | log:153 | [classify_query_intent] No keyword matches found in: 'Sinh nhat tui ngay may'
2026-01-06 10:00:23 | DEBUG    | log:153 | [normalize_query] 'quoc tich viet nam k...' -> 'Quoc tich viet nam k...'
2026-01-06 10:00:23 | DEBUG    | log:153 | [perform_hybrid_search] query_text: [quoc tich viet nam k] - formatted_query: [Quoc tich viet nam k] - normalized_query: [Quoc tich viet nam k]
2026-01-06 10:00:23 | DEBUG    | log:153 | [perform_hybrid_search] BM25 raw scores: min=0.0000, max=15.5771
2026-01-06 10:00:23 | DEBUG    | log:153 | [get_keyword_boost] Query: 'Quoc tich viet nam k...' | Doc: getUserProfile | Tra | Boost: 0.25 | Matched: ['nam']
2026-01-06 10:00:23 | DEBUG    | log:153 | [classify_query_intent] Classified: 'Quoc tich viet nam k...' -> getUserProfile | Tra cứu thông (score=1)
2026-01-06 10:00:23 | DEBUG    | log:153 | [normalize_query] 'tui la nam ha...' -> 'Tui la nam ha...'
2026-01-06 10:00:23 | DEBUG    | log:153 | [perform_hybrid_search] query_text: [tui la nam ha] - formatted_query: [Tui la nam ha] - normalized_query: [Tui la nam ha]
2026-01-06 10:00:23 | DEBUG    | log:153 | [perform_hybrid_search] BM25 raw scores: min=0.0000, max=1.9514
2026-01-06 10:00:23 | DEBUG    | log:153 | [get_keyword_boost] Query: 'Tui la nam ha...' | Doc: getUserProfile | Tra | Boost: 0.25 | Matched: ['nam']
2026-01-06 10:00:23 | DEBUG    | log:153 | [classify_query_intent] Classified: 'Tui la nam ha...' -> getUserProfile | Tra cứu thông (score=1)
2026-01-06 10:00:23 | DEBUG    | log:153 | [normalize_query] 'check info ca nhan...' -> 'Check info ca nhan...'
2026-01-06 10:00:23 | DEBUG    | log:153 | [perform_hybrid_search] query_text: [check info ca nhan] - formatted_query: [Check info ca nhan] - normalized_query: [Check info ca nhan]
2026-01-06 10:00:23 | DEBUG    | log:153 | [perform_hybrid_search] BM25 raw scores: min=0.0000, max=6.2911
2026-01-06 10:00:23 | DEBUG    | log:153 | [get_keyword_boost] Query: 'Check info ca nhan...' | Doc: Tra cứu giao dịch ch | Boost: 0.25 | Matched: ['ck']
2026-01-06 10:00:23 | DEBUG    | log:153 | [classify_query_intent] Classified: 'Check info ca nhan...' -> Tra cứu giao dịch chuyển tiền (score=1)
2026-01-06 10:00:23 | DEBUG    | log:153 | [normalize_query] 'hien thi thong tin tui...' -> 'Hien thi thong tin tui...'
2026-01-06 10:00:23 | DEBUG    | log:153 | [perform_hybrid_search] query_text: [hien thi thong tin tui] - formatted_query: [Hien thi thong tin tui] - normalized_query: [Hien thi thong tin tui]
2026-01-06 10:00:23 | DEBUG    | log:153 | [perform_hybrid_search] BM25 raw scores: min=0.1680, max=5.1015
2026-01-06 10:00:23 | DEBUG    | log:153 | [classify_query_intent] No keyword matches found in: 'Hien thi thong tin tui'
2026-01-06 10:00:23 | DEBUG    | log:153 | [normalize_query] 'thong tin co ban tui...' -> 'Thong tin co ban tui...'
2026-01-06 10:00:23 | DEBUG    | log:153 | [perform_hybrid_search] query_text: [thong tin co ban tui] - formatted_query: [Thong tin co ban tui] - normalized_query: [Thong tin co ban tui]
2026-01-06 10:00:23 | DEBUG    | log:153 | [perform_hybrid_search] BM25 raw scores: min=0.1696, max=5.1830
2026-01-06 10:00:23 | DEBUG    | log:153 | [classify_query_intent] No keyword matches found in: 'Thong tin co ban tui'
2026-01-06 10:00:23 | DEBUG    | log:153 | [normalize_query] 'xem lai ho so...' -> 'Xem lai ho so...'
2026-01-06 10:00:23 | DEBUG    | log:153 | [perform_hybrid_search] query_text: [xem lai ho so] - formatted_query: [Xem lai ho so] - normalized_query: [Xem lai ho so]
2026-01-06 10:00:23 | DEBUG    | log:153 | [perform_hybrid_search] BM25 raw scores: min=0.0202, max=7.3751
2026-01-06 10:00:23 | DEBUG    | log:153 | [classify_query_intent] No keyword matches found in: 'Xem lai ho so'
2026-01-06 10:00:23 | DEBUG    | log:153 | [normalize_query] 'thong tin ho so tui...' -> 'Thong tin ho so tui...'
2026-01-06 10:00:23 | DEBUG    | log:153 | [perform_hybrid_search] query_text: [thong tin ho so tui] - formatted_query: [Thong tin ho so tui] - normalized_query: [Thong tin ho so tui]
2026-01-06 10:00:23 | DEBUG    | log:153 | [perform_hybrid_search] BM25 raw scores: min=0.1579, max=3.5229
2026-01-06 10:00:23 | DEBUG    | log:153 | [classify_query_intent] No keyword matches found in: 'Thong tin ho so tui'
2026-01-06 10:00:23 | DEBUG    | log:153 | [normalize_query] 'ho va ten cua tui la j...' -> 'Ho va ten cua tui la j...'
2026-01-06 10:00:23 | DEBUG    | log:153 | [perform_hybrid_search] query_text: [ho va ten cua tui la j] - formatted_query: [Ho va ten cua tui la j] - normalized_query: [Ho va ten cua tui la j]
2026-01-06 10:00:23 | DEBUG    | log:153 | [perform_hybrid_search] BM25 raw scores: min=0.0000, max=5.2613
2026-01-06 10:00:23 | DEBUG    | log:153 | [classify_query_intent] No keyword matches found in: 'Ho va ten cua tui la j'
2026-01-06 10:00:23 | DEBUG    | log:153 | [normalize_query] 'Ngân hàng đang để tên mình trên hệ thống...' -> 'Ngân hàng đang để tên mình trên hệ thống...'
2026-01-06 10:00:23 | DEBUG    | log:153 | [perform_hybrid_search] query_text: [Ngân hàng đang để tên mình trên hệ thống là gì thế?] - formatted_query: [Ngân hàng đang để tên mình trên hệ thống là gì thế] - normalized_query: [Ngân hàng đang để tên mình trên hệ thống là gì thế]
2026-01-06 10:00:23 | DEBUG    | log:153 | [perform_hybrid_search] BM25 raw scores: min=0.0963, max=34.4408
2026-01-06 10:00:23 | DEBUG    | log:153 | [get_keyword_boost] Query: 'Ngân hàng đang để tên mình trê...' | Doc: Tra cứu giao dịch th | Boost: 0.25 | Matched: ['trên']
2026-01-06 10:00:23 | DEBUG    | log:153 | [get_keyword_boost] Query: 'Ngân hàng đang để tên mình trê...' | Doc: getTransactionList | | Boost: 0.25 | Matched: ['trên']
2026-01-06 10:00:23 | DEBUG    | log:153 | [classify_query_intent] Ambiguous: 'Ngân hàng đang để tên mình trê...' | Scores: {'Tra cứu giao dịch theo số tiền': 1, 'getTransactionList | Tra cứu giao dịch chờ duyệt theo số tiền hoặc hạn mức': 1}
2026-01-06 10:00:23 | DEBUG    | log:153 | [normalize_query] 'Cho mình xem lại ngày sinh đã khai báo l...' -> 'Cho mình xem lại ngày sinh đã khai báo l...'
2026-01-06 10:00:23 | DEBUG    | log:153 | [perform_hybrid_search] query_text: [Cho mình xem lại ngày sinh đã khai báo lúc mở thẻ.] - formatted_query: [Cho mình xem lại ngày sinh đã khai báo lúc mở thẻ] - normalized_query: [Cho mình xem lại ngày sinh đã khai báo lúc mở thẻ]
2026-01-06 10:00:23 | DEBUG    | log:153 | [perform_hybrid_search] BM25 raw scores: min=0.0146, max=21.2142
2026-01-06 10:00:23 | DEBUG    | log:153 | [get_keyword_boost] Query: 'Cho mình xem lại ngày sinh đã ...' | Doc: Tra cứu lịch sử giao | Boost: 0.25 | Matched: ['ngày']
2026-01-06 10:00:23 | DEBUG    | log:153 | [get_keyword_boost] Query: 'Cho mình xem lại ngày sinh đã ...' | Doc: Tra cứu giao dịch th | Boost: 0.25 | Matched: ['thẻ']
2026-01-06 10:00:23 | DEBUG    | log:153 | [get_keyword_boost] Query: 'Cho mình xem lại ngày sinh đã ...' | Doc: getTransactionList | | Boost: 0.25 | Matched: ['ngày']
2026-01-06 10:00:23 | DEBUG    | log:153 | [get_keyword_boost] Query: 'Cho mình xem lại ngày sinh đã ...' | Doc: getTransactionList | | Boost: 0.25 | Matched: ['thẻ']
2026-01-06 10:00:23 | DEBUG    | log:153 | [get_keyword_boost] Query: 'Cho mình xem lại ngày sinh đã ...' | Doc: getUserProfile | Tra | Boost: 0.25 | Matched: ['ngày sinh']
2026-01-06 10:00:23 | DEBUG    | log:153 | [classify_query_intent] Ambiguous: 'Cho mình xem lại ngày sinh đã ...' | Scores: {'Tra cứu lịch sử giao dịch theo khoảng thời gian': 1, 'Tra cứu giao dịch thẻ': 1, 'getTransactionList | Tra cứu giao dịch chờ duyệt theo khoảng thời gian': 1, 'getTransactionList | Tra cứu giao dịch chờ duyệt theo loại giao dịch': 1, 'getUserProfile | Tra cứu thông tin cá nhân cơ bản': 1}
2026-01-06 10:00:23 | DEBUG    | log:153 | [normalize_query] 'Tôi là người nước ngoài hay Việt Nam trê...' -> 'Tôi là người nước ngoài hay việt nam trê...'
2026-01-06 10:00:23 | DEBUG    | log:153 | [perform_hybrid_search] query_text: [Tôi là người nước ngoài hay Việt Nam trên hồ sơ vậy?] - formatted_query: [Tôi là người nước ngoài hay việt nam trên hồ sơ vậy] - normalized_query: [Tôi là người nước ngoài hay việt nam trên hồ sơ vậy]
2026-01-06 10:00:23 | DEBUG    | log:153 | [perform_hybrid_search] BM25 raw scores: min=0.0096, max=23.8492
2026-01-06 10:00:23 | DEBUG    | log:153 | [get_keyword_boost] Query: 'Tôi là người nước ngoài hay vi...' | Doc: Tra cứu giao dịch th | Boost: 0.25 | Matched: ['trên']
2026-01-06 10:00:23 | DEBUG    | log:153 | [get_keyword_boost] Query: 'Tôi là người nước ngoài hay vi...' | Doc: getTransactionList | | Boost: 0.25 | Matched: ['trên']
2026-01-06 10:00:23 | DEBUG    | log:153 | [get_keyword_boost] Query: 'Tôi là người nước ngoài hay vi...' | Doc: getUserProfile | Tra | Boost: 0.50 | Matched: ['nam', 'người nước ngoài']
2026-01-06 10:00:23 | DEBUG    | log:153 | [classify_query_intent] Classified: 'Tôi là người nước ngoài hay vi...' -> getUserProfile | Tra cứu thông (score=2)
2026-01-06 10:00:23 | DEBUG    | log:153 | [normalize_query] 'Hiển thị cho tôi cái profile để check lạ...' -> 'Hiển thị cho tôi cái profile để check lạ...'
2026-01-06 10:00:23 | DEBUG    | log:153 | [perform_hybrid_search] query_text: [Hiển thị cho tôi cái profile để check lại thông tin.] - formatted_query: [Hiển thị cho tôi cái profile để check lại thông tin] - normalized_query: [Hiển thị cho tôi cái profile để check lại thông tin]
2026-01-06 10:00:23 | DEBUG    | log:153 | [perform_hybrid_search] BM25 raw scores: min=0.2147, max=11.7788
2026-01-06 10:00:23 | DEBUG    | log:153 | [get_keyword_boost] Query: 'Hiển thị cho tôi cái profile đ...' | Doc: Tra cứu giao dịch ch | Boost: 0.25 | Matched: ['ck']
2026-01-06 10:00:23 | DEBUG    | log:153 | [get_keyword_boost] Query: 'Hiển thị cho tôi cái profile đ...' | Doc: getUserProfile | Tra | Boost: 0.25 | Matched: ['profile']
2026-01-06 10:00:23 | DEBUG    | log:153 | [classify_query_intent] Ambiguous: 'Hiển thị cho tôi cái profile đ...' | Scores: {'Tra cứu giao dịch chuyển tiền': 1, 'getUserProfile | Tra cứu thông tin cá nhân cơ bản': 1}
2026-01-06 10:00:23 | DEBUG    | log:153 | [normalize_query] 'Hệ thống ghi nhận tôi là nam có đúng khô...' -> 'Hệ thống ghi nhận tôi là nam có đúng khô...'
2026-01-06 10:00:23 | DEBUG    | log:153 | [perform_hybrid_search] query_text: [Hệ thống ghi nhận tôi là nam có đúng không?] - formatted_query: [Hệ thống ghi nhận tôi là nam có đúng không] - normalized_query: [Hệ thống ghi nhận tôi là nam có đúng không]
2026-01-06 10:00:23 | DEBUG    | log:153 | [perform_hybrid_search] BM25 raw scores: min=0.0963, max=19.9079
2026-01-06 10:00:23 | DEBUG    | log:153 | [get_keyword_boost] Query: 'Hệ thống ghi nhận tôi là nam c...' | Doc: Tra cứu giao dịch nh | Boost: 0.25 | Matched: ['nhận']
2026-01-06 10:00:23 | DEBUG    | log:153 | [get_keyword_boost] Query: 'Hệ thống ghi nhận tôi là nam c...' | Doc: getUserProfile | Tra | Boost: 0.25 | Matched: ['nam']
2026-01-06 10:00:23 | DEBUG    | log:153 | [classify_query_intent] Ambiguous: 'Hệ thống ghi nhận tôi là nam c...' | Scores: {'Tra cứu giao dịch nhận tiền': 1, 'getUserProfile | Tra cứu thông tin cá nhân cơ bản': 1}
2026-01-06 10:00:23 | DEBUG    | log:153 | [normalize_query] 'Dữ liệu cá nhân của tôi có đang được cập...' -> 'Dữ liệu cá nhân của tôi có đang được cập...'
2026-01-06 10:00:23 | DEBUG    | log:153 | [perform_hybrid_search] query_text: [Dữ liệu cá nhân của tôi có đang được cập nhật không?] - formatted_query: [Dữ liệu cá nhân của tôi có đang được cập nhật không] - normalized_query: [Dữ liệu cá nhân của tôi có đang được cập nhật không]
2026-01-06 10:00:23 | DEBUG    | log:153 | [perform_hybrid_search] BM25 raw scores: min=0.0504, max=22.6977
2026-01-06 10:00:23 | DEBUG    | log:153 | [classify_query_intent] No keyword matches found in: 'Dữ liệu cá nhân của tôi có đang được cập nhật khôn'
2026-01-06 10:00:23 | DEBUG    | log:153 | [normalize_query] 'Muốn biết ngày tháng năm sinh đang lưu t...' -> 'Muốn biết ngày tháng năm sinh đang lưu t...'
2026-01-06 10:00:23 | DEBUG    | log:153 | [perform_hybrid_search] query_text: [Muốn biết ngày tháng năm sinh đang lưu trên app.] - formatted_query: [Muốn biết ngày tháng năm sinh đang lưu trên app] - normalized_query: [Muốn biết ngày tháng năm sinh đang lưu trên app]
2026-01-06 10:00:23 | DEBUG    | log:153 | [perform_hybrid_search] BM25 raw scores: min=0.0000, max=28.6702
2026-01-06 10:00:23 | DEBUG    | log:153 | [get_keyword_boost] Query: 'Muốn biết ngày tháng năm sinh ...' | Doc: Tra cứu lịch sử giao | Boost: 0.75 | Matched: ['ngày', 'tháng', 'năm']
2026-01-06 10:00:23 | DEBUG    | log:153 | [get_keyword_boost] Query: 'Muốn biết ngày tháng năm sinh ...' | Doc: Tra cứu giao dịch th | Boost: 0.25 | Matched: ['trên']
2026-01-06 10:00:23 | DEBUG    | log:153 | [get_keyword_boost] Query: 'Muốn biết ngày tháng năm sinh ...' | Doc: getTransactionList | | Boost: 0.75 | Matched: ['ngày', 'tháng', 'năm']
2026-01-06 10:00:23 | DEBUG    | log:153 | [get_keyword_boost] Query: 'Muốn biết ngày tháng năm sinh ...' | Doc: getTransactionList | | Boost: 0.25 | Matched: ['trên']
2026-01-06 10:00:23 | DEBUG    | log:153 | [classify_query_intent] Ambiguous: 'Muốn biết ngày tháng năm sinh ...' | Scores: {'Tra cứu lịch sử giao dịch theo khoảng thời gian': 3, 'Tra cứu giao dịch theo số tiền': 1, 'getTransactionList | Tra cứu giao dịch chờ duyệt theo khoảng thời gian': 3, 'getTransactionList | Tra cứu giao dịch chờ duyệt theo số tiền hoặc hạn mức': 1}
2026-01-06 10:00:23 | DEBUG    | log:153 | [normalize_query] 'Tên tôi hiển thị trên hệ thống có dấu ha...' -> 'Tên tôi hiển thị trên hệ thống có dấu ha...'
2026-01-06 10:00:23 | DEBUG    | log:153 | [perform_hybrid_search] query_text: [Tên tôi hiển thị trên hệ thống có dấu hay không dấu?] - formatted_query: [Tên tôi hiển thị trên hệ thống có dấu hay không dấu] - normalized_query: [Tên tôi hiển thị trên hệ thống có dấu hay không dấu]
2026-01-06 10:00:23 | DEBUG    | log:153 | [perform_hybrid_search] BM25 raw scores: min=0.0655, max=23.7866
2026-01-06 10:00:23 | DEBUG    | log:153 | [get_keyword_boost] Query: 'Tên tôi hiển thị trên hệ thống...' | Doc: Tra cứu giao dịch th | Boost: 0.25 | Matched: ['trên']
2026-01-06 10:00:23 | DEBUG    | log:153 | [get_keyword_boost] Query: 'Tên tôi hiển thị trên hệ thống...' | Doc: getTransactionList | | Boost: 0.25 | Matched: ['trên']
2026-01-06 10:00:23 | DEBUG    | log:153 | [get_keyword_boost] Query: 'Tên tôi hiển thị trên hệ thống...' | Doc: getUserProfile | Tra | Boost: 0.25 | Matched: ['tên tôi']
2026-01-06 10:00:23 | DEBUG    | log:153 | [classify_query_intent] Ambiguous: 'Tên tôi hiển thị trên hệ thống...' | Scores: {'Tra cứu giao dịch theo số tiền': 1, 'getTransactionList | Tra cứu giao dịch chờ duyệt theo số tiền hoặc hạn mức': 1, 'getUserProfile | Tra cứu thông tin cá nhân cơ bản': 1}
2026-01-06 10:00:23 | DEBUG    | log:153 | [normalize_query] 'Thông tin căn bản của tôi hiện tại đang ...' -> 'Thông tin căn bản của tôi hiện tại đang ...'
2026-01-06 10:00:23 | DEBUG    | log:153 | [perform_hybrid_search] query_text: [Thông tin căn bản của tôi hiện tại đang như thế nào?] - formatted_query: [Thông tin căn bản của tôi hiện tại đang như thế nào] - normalized_query: [Thông tin căn bản của tôi hiện tại đang như thế nào]
2026-01-06 10:00:23 | DEBUG    | log:153 | [perform_hybrid_search] BM25 raw scores: min=0.3147, max=27.5070
2026-01-06 10:00:23 | DEBUG    | log:153 | [classify_query_intent] No keyword matches found in: 'Thông tin căn bản của tôi hiện tại đang như thế nà'
2026-01-06 10:00:23 | DEBUG    | log:153 | [normalize_query] 'Quốc tịch của tôi trong hồ sơ có phải là...' -> 'Quốc tịch của tôi trong hồ sơ có phải là...'
2026-01-06 10:00:23 | DEBUG    | log:153 | [perform_hybrid_search] query_text: [Quốc tịch của tôi trong hồ sơ có phải là [Quốc tịch] không?] - formatted_query: [Quốc tịch của tôi trong hồ sơ có phải là [quốc tịch] không] - normalized_query: [Quốc tịch của tôi trong hồ sơ có phải là [quốc tịch] không]
2026-01-06 10:00:23 | DEBUG    | log:153 | [perform_hybrid_search] BM25 raw scores: min=0.0109, max=24.9272
2026-01-06 10:00:23 | DEBUG    | log:153 | [get_keyword_boost] Query: 'Quốc tịch của tôi trong hồ sơ ...' | Doc: getTransactionList | | Boost: 0.25 | Matched: ['trong']
2026-01-06 10:00:23 | DEBUG    | log:153 | [get_keyword_boost] Query: 'Quốc tịch của tôi trong hồ sơ ...' | Doc: getUserProfile | Tra | Boost: 0.25 | Matched: ['quốc tịch']
2026-01-06 10:00:23 | DEBUG    | log:153 | [classify_query_intent] Ambiguous: 'Quốc tịch của tôi trong hồ sơ ...' | Scores: {'getTransactionList | Tra cứu giao dịch chờ duyệt theo khoảng thời gian': 1, 'getUserProfile | Tra cứu thông tin cá nhân cơ bản': 1}
2026-01-06 10:00:23 | DEBUG    | log:153 | [normalize_query] 'Show giúp mình cái thông tin định danh c...' -> 'Show giúp mình cái thông tin định danh c...'
2026-01-06 10:00:23 | DEBUG    | log:153 | [perform_hybrid_search] query_text: [Show giúp mình cái thông tin định danh cá nhân nhé.] - formatted_query: [Show giúp mình cái thông tin định danh cá nhân nhé] - normalized_query: [Show giúp mình cái thông tin định danh cá nhân nhé]
2026-01-06 10:00:24 | DEBUG    | log:153 | [perform_hybrid_search] BM25 raw scores: min=0.0160, max=29.0235
2026-01-06 10:00:24 | DEBUG    | log:153 | [get_keyword_boost] Query: 'Show giúp mình cái thông tin đ...' | Doc: getUserProfile | Tra | Boost: 0.25 | Matched: ['định danh']
2026-01-06 10:00:24 | DEBUG    | log:153 | [classify_query_intent] Classified: 'Show giúp mình cái thông tin đ...' -> getUserProfile | Tra cứu thông (score=1)
2026-01-06 10:00:24 | DEBUG    | log:153 | [normalize_query] 'Ngày sinh trong hồ sơ của tôi có khớp vớ...' -> 'Ngày sinh trong hồ sơ của tôi có khớp vớ...'
2026-01-06 10:00:24 | DEBUG    | log:153 | [perform_hybrid_search] query_text: [Ngày sinh trong hồ sơ của tôi có khớp với CCCD không?] - formatted_query: [Ngày sinh trong hồ sơ của tôi có khớp với cccd không] - normalized_query: [Ngày sinh trong hồ sơ của tôi có khớp với cccd không]
2026-01-06 10:00:24 | DEBUG    | log:153 | [perform_hybrid_search] BM25 raw scores: min=0.0111, max=24.5297
2026-01-06 10:00:24 | DEBUG    | log:153 | [get_keyword_boost] Query: 'Ngày sinh trong hồ sơ của tôi ...' | Doc: Tra cứu lịch sử giao | Boost: 0.25 | Matched: ['ngày']
2026-01-06 10:00:24 | DEBUG    | log:153 | [get_keyword_boost] Query: 'Ngày sinh trong hồ sơ của tôi ...' | Doc: getTransactionList | | Boost: 0.50 | Matched: ['ngày', 'trong']
2026-01-06 10:00:24 | DEBUG    | log:153 | [get_keyword_boost] Query: 'Ngày sinh trong hồ sơ của tôi ...' | Doc: getUserProfile | Tra | Boost: 0.25 | Matched: ['ngày sinh']
2026-01-06 10:00:24 | DEBUG    | log:153 | [get_keyword_boost] Query: 'Ngày sinh trong hồ sơ của tôi ...' | Doc: getUserProfile | Tra | Boost: 0.25 | Matched: ['cccd']
2026-01-06 10:00:24 | DEBUG    | log:153 | [classify_query_intent] Classified: 'Ngày sinh trong hồ sơ của tôi ...' -> getTransactionList | Tra cứu g (score=2)
2026-01-06 10:00:24 | DEBUG    | log:153 | [normalize_query] 'Tôi muốn xác minh lại họ tên của mình tr...' -> 'Tôi muốn xác minh lại họ tên của mình tr...'
2026-01-06 10:00:24 | DEBUG    | log:153 | [perform_hybrid_search] query_text: [Tôi muốn xác minh lại họ tên của mình trên hệ thống.] - formatted_query: [Tôi muốn xác minh lại họ tên của mình trên hệ thống] - normalized_query: [Tôi muốn xác minh lại họ tên của mình trên hệ thống]
2026-01-06 10:00:24 | DEBUG    | log:153 | [perform_hybrid_search] BM25 raw scores: min=0.0560, max=23.5021
2026-01-06 10:00:24 | DEBUG    | log:153 | [get_keyword_boost] Query: 'Tôi muốn xác minh lại họ tên c...' | Doc: Tra cứu giao dịch th | Boost: 0.25 | Matched: ['trên']
2026-01-06 10:00:24 | DEBUG    | log:153 | [get_keyword_boost] Query: 'Tôi muốn xác minh lại họ tên c...' | Doc: getTransactionList | | Boost: 0.25 | Matched: ['trên']
2026-01-06 10:00:24 | DEBUG    | log:153 | [get_keyword_boost] Query: 'Tôi muốn xác minh lại họ tên c...' | Doc: getUserProfile | Tra | Boost: 0.25 | Matched: ['họ tên']
2026-01-06 10:00:24 | DEBUG    | log:153 | [classify_query_intent] Ambiguous: 'Tôi muốn xác minh lại họ tên c...' | Scores: {'Tra cứu giao dịch theo số tiền': 1, 'getTransactionList | Tra cứu giao dịch chờ duyệt theo số tiền hoặc hạn mức': 1, 'getUserProfile | Tra cứu thông tin cá nhân cơ bản': 1}
2026-01-06 10:00:24 | DEBUG    | log:153 | [normalize_query] 'Profile cá nhân của tôi có thông tin gì ...' -> 'Profile cá nhân của tôi có thông tin gì ...'
2026-01-06 10:00:24 | DEBUG    | log:153 | [perform_hybrid_search] query_text: [Profile cá nhân của tôi có thông tin gì sai lệch không?] - formatted_query: [Profile cá nhân của tôi có thông tin gì sai lệch không] - normalized_query: [Profile cá nhân của tôi có thông tin gì sai lệch không]
2026-01-06 10:00:24 | DEBUG    | log:153 | [perform_hybrid_search] BM25 raw scores: min=0.2165, max=36.3395
2026-01-06 10:00:24 | DEBUG    | log:153 | [get_keyword_boost] Query: 'Profile cá nhân của tôi có thô...' | Doc: getUserProfile | Tra | Boost: 0.25 | Matched: ['profile']
2026-01-06 10:00:24 | DEBUG    | log:153 | [classify_query_intent] Classified: 'Profile cá nhân của tôi có thô...' -> getUserProfile | Tra cứu thông (score=1)
2026-01-06 10:00:24 | DEBUG    | log:153 | [normalize_query] 'Giới tính của tôi đang để là Nữ đúng khô...' -> 'Giới tính của tôi đang để là nữ đúng khô...'
2026-01-06 10:00:24 | DEBUG    | log:153 | [perform_hybrid_search] query_text: [Giới tính của tôi đang để là Nữ đúng không nhỉ?] - formatted_query: [Giới tính của tôi đang để là nữ đúng không nhỉ] - normalized_query: [Giới tính của tôi đang để là nữ đúng không nhỉ]
2026-01-06 10:00:24 | DEBUG    | log:153 | [perform_hybrid_search] BM25 raw scores: min=0.0000, max=13.4858
2026-01-06 10:00:24 | DEBUG    | log:153 | [get_keyword_boost] Query: 'Giới tính của tôi đang để là n...' | Doc: getUserProfile | Tra | Boost: 0.50 | Matched: ['giới tính', 'nữ']
2026-01-06 10:00:24 | DEBUG    | log:153 | [classify_query_intent] Classified: 'Giới tính của tôi đang để là n...' -> getUserProfile | Tra cứu thông (score=2)
2026-01-06 10:00:24 | DEBUG    | log:153 | [normalize_query] 'Cho tôi xem bản tóm tắt thông tin hồ sơ ...' -> 'Cho tôi xem bản tóm tắt thông tin hồ sơ ...'
2026-01-06 10:00:24 | DEBUG    | log:153 | [perform_hybrid_search] query_text: [Cho tôi xem bản tóm tắt thông tin hồ sơ khách hàng.] - formatted_query: [Cho tôi xem bản tóm tắt thông tin hồ sơ khách hàng] - normalized_query: [Cho tôi xem bản tóm tắt thông tin hồ sơ khách hàng]
2026-01-06 10:00:24 | DEBUG    | log:153 | [perform_hybrid_search] BM25 raw scores: min=0.3348, max=43.8845
2026-01-06 10:00:24 | DEBUG    | log:153 | [classify_query_intent] No keyword matches found in: 'Cho tôi xem bản tóm tắt thông tin hồ sơ khách hàng'
2026-01-06 10:00:24 | DEBUG    | log:153 | [normalize_query] 'Tên đầy đủ của tôi có bị viết sai chính ...' -> 'Tên đầy đủ của tôi có bị viết sai chính ...'
2026-01-06 10:00:24 | DEBUG    | log:153 | [perform_hybrid_search] query_text: [Tên đầy đủ của tôi có bị viết sai chính tả không?] - formatted_query: [Tên đầy đủ của tôi có bị viết sai chính tả không] - normalized_query: [Tên đầy đủ của tôi có bị viết sai chính tả không]
2026-01-06 10:00:24 | DEBUG    | log:153 | [perform_hybrid_search] BM25 raw scores: min=0.0000, max=13.1866
2026-01-06 10:00:24 | DEBUG    | log:153 | [classify_query_intent] No keyword matches found in: 'Tên đầy đủ của tôi có bị viết sai chính tả không'
2026-01-06 10:00:24 | DEBUG    | log:153 | [normalize_query] 'Tôi muốn xem thông tin về ngày sinh và g...' -> 'Tôi muốn xem thông tin về ngày sinh và g...'
2026-01-06 10:00:24 | DEBUG    | log:153 | [perform_hybrid_search] query_text: [Tôi muốn xem thông tin về ngày sinh và giới tính.] - formatted_query: [Tôi muốn xem thông tin về ngày sinh và giới tính] - normalized_query: [Tôi muốn xem thông tin về ngày sinh và giới tính]
2026-01-06 10:00:24 | DEBUG    | log:153 | [perform_hybrid_search] BM25 raw scores: min=0.3550, max=38.3663
2026-01-06 10:00:24 | DEBUG    | log:153 | [get_keyword_boost] Query: 'Tôi muốn xem thông tin về ngày...' | Doc: Tra cứu lịch sử giao | Boost: 0.25 | Matched: ['ngày']
2026-01-06 10:00:24 | DEBUG    | log:153 | [get_keyword_boost] Query: 'Tôi muốn xem thông tin về ngày...' | Doc: getTransactionList | | Boost: 0.25 | Matched: ['ngày']
2026-01-06 10:00:24 | DEBUG    | log:153 | [get_keyword_boost] Query: 'Tôi muốn xem thông tin về ngày...' | Doc: getUserProfile | Tra | Boost: 0.50 | Matched: ['ngày sinh', 'giới tính']
2026-01-06 10:00:24 | DEBUG    | log:153 | [classify_query_intent] Classified: 'Tôi muốn xem thông tin về ngày...' -> getUserProfile | Tra cứu thông (score=2)
2026-01-06 10:00:24 | DEBUG    | log:153 | [normalize_query] 'Hồ sơ cá nhân của mình đang hiển thị nhữ...' -> 'Hồ sơ cá nhân của mình đang hiển thị nhữ...'
2026-01-06 10:00:24 | DEBUG    | log:153 | [perform_hybrid_search] query_text: [Hồ sơ cá nhân của mình đang hiển thị những gì?] - formatted_query: [Hồ sơ cá nhân của mình đang hiển thị những gì] - normalized_query: [Hồ sơ cá nhân của mình đang hiển thị những gì]
2026-01-06 10:00:24 | DEBUG    | log:153 | [perform_hybrid_search] BM25 raw scores: min=0.0126, max=66.1249
2026-01-06 10:00:24 | DEBUG    | log:153 | [get_keyword_boost] Query: 'Hồ sơ cá nhân của mình đang hi...' | Doc: getUserProfile | Tra | Boost: 0.25 | Matched: ['hồ sơ cá nhân']
2026-01-06 10:00:24 | DEBUG    | log:153 | [classify_query_intent] Classified: 'Hồ sơ cá nhân của mình đang hi...' -> getUserProfile | Tra cứu thông (score=1)
2026-01-06 10:00:24 | DEBUG    | log:153 | [normalize_query] 'Cho hỏi quốc tịch của tôi đang đăng ký l...' -> 'Cho hỏi quốc tịch của tôi đang đăng ký l...'
2026-01-06 10:00:24 | DEBUG    | log:153 | [perform_hybrid_search] query_text: [Cho hỏi quốc tịch của tôi đang đăng ký là gì?] - formatted_query: [Cho hỏi quốc tịch của tôi đang đăng ký là gì] - normalized_query: [Cho hỏi quốc tịch của tôi đang đăng ký là gì]
2026-01-06 10:00:24 | DEBUG    | log:153 | [perform_hybrid_search] BM25 raw scores: min=0.0000, max=32.8955
2026-01-06 10:00:24 | DEBUG    | log:153 | [get_keyword_boost] Query: 'Cho hỏi quốc tịch của tôi đang...' | Doc: getUserProfile | Tra | Boost: 0.25 | Matched: ['quốc tịch']
2026-01-06 10:00:24 | DEBUG    | log:153 | [classify_query_intent] Classified: 'Cho hỏi quốc tịch của tôi đang...' -> getUserProfile | Tra cứu thông (score=1)
2026-01-06 10:00:24 | DEBUG    | log:153 | [normalize_query] 'Liệt kê các thông tin định danh cơ bản c...' -> 'Liệt kê các thông tin định danh cơ bản c...'
2026-01-06 10:00:24 | DEBUG    | log:153 | [perform_hybrid_search] query_text: [Liệt kê các thông tin định danh cơ bản của tôi.] - formatted_query: [Liệt kê các thông tin định danh cơ bản của tôi] - normalized_query: [Liệt kê các thông tin định danh cơ bản của tôi]
2026-01-06 10:00:24 | DEBUG    | log:153 | [perform_hybrid_search] BM25 raw scores: min=0.3348, max=30.4414
2026-01-06 10:00:24 | DEBUG    | log:153 | [get_keyword_boost] Query: 'Liệt kê các thông tin định dan...' | Doc: getUserProfile | Tra | Boost: 0.25 | Matched: ['định danh']
2026-01-06 10:00:24 | DEBUG    | log:153 | [classify_query_intent] Classified: 'Liệt kê các thông tin định dan...' -> getUserProfile | Tra cứu thông (score=1)
2026-01-06 10:00:24 | DEBUG    | log:153 | [normalize_query] 'Thông tin về tôi trên hệ thống có đang đ...' -> 'Thông tin về tôi trên hệ thống có đang đ...'
2026-01-06 10:00:24 | DEBUG    | log:153 | [perform_hybrid_search] query_text: [Thông tin về tôi trên hệ thống có đang đầy đủ không?] - formatted_query: [Thông tin về tôi trên hệ thống có đang đầy đủ không] - normalized_query: [Thông tin về tôi trên hệ thống có đang đầy đủ không]
2026-01-06 10:00:24 | DEBUG    | log:153 | [perform_hybrid_search] BM25 raw scores: min=0.1955, max=22.4074
2026-01-06 10:00:24 | DEBUG    | log:153 | [get_keyword_boost] Query: 'Thông tin về tôi trên hệ thống...' | Doc: Tra cứu giao dịch th | Boost: 0.25 | Matched: ['trên']
2026-01-06 10:00:24 | DEBUG    | log:153 | [get_keyword_boost] Query: 'Thông tin về tôi trên hệ thống...' | Doc: getTransactionList | | Boost: 0.25 | Matched: ['trên']
2026-01-06 10:00:24 | DEBUG    | log:153 | [classify_query_intent] Ambiguous: 'Thông tin về tôi trên hệ thống...' | Scores: {'Tra cứu giao dịch theo số tiền': 1, 'getTransactionList | Tra cứu giao dịch chờ duyệt theo số tiền hoặc hạn mức': 1}
2026-01-06 10:00:24 | DEBUG    | log:153 | [normalize_query] 'Tên hiển thị của người dùng này là gì?...' -> 'Tên hiển thị của người dùng này là gì...'
2026-01-06 10:00:24 | DEBUG    | log:153 | [perform_hybrid_search] query_text: [Tên hiển thị của người dùng này là gì?] - formatted_query: [Tên hiển thị của người dùng này là gì] - normalized_query: [Tên hiển thị của người dùng này là gì]
2026-01-06 10:00:24 | DEBUG    | log:153 | [perform_hybrid_search] BM25 raw scores: min=0.5499, max=22.7537
2026-01-06 10:00:24 | DEBUG    | log:153 | [get_keyword_boost] Query: 'Tên hiển thị của người dùng nà...' | Doc: getUserProfile | Tra | Boost: 0.25 | Matched: ['người dùng']
2026-01-06 10:00:24 | DEBUG    | log:153 | [classify_query_intent] Classified: 'Tên hiển thị của người dùng nà...' -> getUserProfile | Tra cứu thông (score=1)
2026-01-06 10:00:24 | DEBUG    | log:153 | [normalize_query] 'Kiểm tra giúp xem ngày sinh của tôi có b...' -> 'Kiểm tra giúp xem ngày sinh của tôi có b...'
2026-01-06 10:00:24 | DEBUG    | log:153 | [perform_hybrid_search] query_text: [Kiểm tra giúp xem ngày sinh của tôi có bị nhầm không.] - formatted_query: [Kiểm tra giúp xem ngày sinh của tôi có bị nhầm không] - normalized_query: [Kiểm tra giúp xem ngày sinh của tôi có bị nhầm không]
2026-01-06 10:00:24 | DEBUG    | log:153 | [perform_hybrid_search] BM25 raw scores: min=0.0202, max=20.7723
2026-01-06 10:00:24 | DEBUG    | log:153 | [get_keyword_boost] Query: 'Kiểm tra giúp xem ngày sinh củ...' | Doc: Tra cứu lịch sử giao | Boost: 0.25 | Matched: ['ngày']
2026-01-06 10:00:24 | DEBUG    | log:153 | [get_keyword_boost] Query: 'Kiểm tra giúp xem ngày sinh củ...' | Doc: getTransactionList | | Boost: 0.25 | Matched: ['ngày']
2026-01-06 10:00:24 | DEBUG    | log:153 | [get_keyword_boost] Query: 'Kiểm tra giúp xem ngày sinh củ...' | Doc: getUserProfile | Tra | Boost: 0.25 | Matched: ['ngày sinh']
2026-01-06 10:00:24 | DEBUG    | log:153 | [classify_query_intent] Ambiguous: 'Kiểm tra giúp xem ngày sinh củ...' | Scores: {'Tra cứu lịch sử giao dịch theo khoảng thời gian': 1, 'getTransactionList | Tra cứu giao dịch chờ duyệt theo khoảng thời gian': 1, 'getUserProfile | Tra cứu thông tin cá nhân cơ bản': 1}
2026-01-06 10:00:24 | DEBUG    | log:153 | [normalize_query] 'Tôi muốn biết mình đang khai báo quốc tị...' -> 'Tôi muốn biết mình đang khai báo quốc tị...'
2026-01-06 10:00:24 | DEBUG    | log:153 | [perform_hybrid_search] query_text: [Tôi muốn biết mình đang khai báo quốc tịch nào.] - formatted_query: [Tôi muốn biết mình đang khai báo quốc tịch nào] - normalized_query: [Tôi muốn biết mình đang khai báo quốc tịch nào]
2026-01-06 10:00:24 | DEBUG    | log:153 | [perform_hybrid_search] BM25 raw scores: min=0.0202, max=33.7899
2026-01-06 10:00:24 | DEBUG    | log:153 | [get_keyword_boost] Query: 'Tôi muốn biết mình đang khai b...' | Doc: getUserProfile | Tra | Boost: 0.25 | Matched: ['quốc tịch']
2026-01-06 10:00:24 | DEBUG    | log:153 | [classify_query_intent] Classified: 'Tôi muốn biết mình đang khai b...' -> getUserProfile | Tra cứu thông (score=1)
2026-01-06 10:00:24 | DEBUG    | log:153 | [normalize_query] 'Dữ liệu cá nhân cơ bản của tôi gồm những...' -> 'Dữ liệu cá nhân cơ bản của tôi gồm những...'
2026-01-06 10:00:24 | DEBUG    | log:153 | [perform_hybrid_search] query_text: [Dữ liệu cá nhân cơ bản của tôi gồm những mục nào?] - formatted_query: [Dữ liệu cá nhân cơ bản của tôi gồm những mục nào] - normalized_query: [Dữ liệu cá nhân cơ bản của tôi gồm những mục nào]
2026-01-06 10:00:24 | DEBUG    | log:153 | [perform_hybrid_search] BM25 raw scores: min=0.0756, max=51.9610
2026-01-06 10:00:24 | DEBUG    | log:153 | [classify_query_intent] No keyword matches found in: 'Dữ liệu cá nhân cơ bản của tôi gồm những mục nào'
2026-01-06 10:00:24 | DEBUG    | log:153 | [normalize_query] 'Hãy cho tôi biết giới tính của chủ tài k...' -> 'Hãy cho tôi biết giới tính của chủ tài k...'
2026-01-06 10:00:24 | DEBUG    | log:153 | [perform_hybrid_search] query_text: [Hãy cho tôi biết giới tính của chủ tài khoản này.] - formatted_query: [Hãy cho tôi biết giới tính của chủ tài khoản này] - normalized_query: [Hãy cho tôi biết giới tính của chủ tài khoản này]
2026-01-06 10:00:24 | DEBUG    | log:153 | [perform_hybrid_search] BM25 raw scores: min=0.0000, max=10.8861
2026-01-06 10:00:24 | DEBUG    | log:153 | [get_keyword_boost] Query: 'Hãy cho tôi biết giới tính của...' | Doc: Tra cứu lịch sử giao | Boost: 0.25 | Matched: ['tài khoản']
2026-01-06 10:00:24 | DEBUG    | log:153 | [get_keyword_boost] Query: 'Hãy cho tôi biết giới tính của...' | Doc: getTransactionList | | Boost: 0.25 | Matched: ['tài khoản']
2026-01-06 10:00:24 | DEBUG    | log:153 | [get_keyword_boost] Query: 'Hãy cho tôi biết giới tính của...' | Doc: getUserProfile | Tra | Boost: 0.25 | Matched: ['giới tính']
2026-01-06 10:00:24 | DEBUG    | log:153 | [classify_query_intent] Ambiguous: 'Hãy cho tôi biết giới tính của...' | Scores: {'Tra cứu lịch sử giao dịch theo số tài khoản': 1, 'getTransactionList | Tra cứu giao dịch chờ duyệt theo số tài khoản nguồn': 1, 'getUserProfile | Tra cứu thông tin cá nhân cơ bản': 1}
2026-01-06 10:00:24 | DEBUG    | log:153 | [normalize_query] 'Tên mình trên sổ sách ngân hàng là gì?...' -> 'Tên mình trên sổ sách ngân hàng là gì...'
2026-01-06 10:00:24 | DEBUG    | log:153 | [perform_hybrid_search] query_text: [Tên mình trên sổ sách ngân hàng là gì?] - formatted_query: [Tên mình trên sổ sách ngân hàng là gì] - normalized_query: [Tên mình trên sổ sách ngân hàng là gì]
2026-01-06 10:00:24 | DEBUG    | log:153 | [perform_hybrid_search] BM25 raw scores: min=0.0202, max=22.9532
2026-01-06 10:00:24 | DEBUG    | log:153 | [get_keyword_boost] Query: 'Tên mình trên sổ sách ngân hàn...' | Doc: Tra cứu giao dịch th | Boost: 0.25 | Matched: ['trên']
2026-01-06 10:00:24 | DEBUG    | log:153 | [get_keyword_boost] Query: 'Tên mình trên sổ sách ngân hàn...' | Doc: getTransactionList | | Boost: 0.25 | Matched: ['trên']
2026-01-06 10:00:24 | DEBUG    | log:153 | [classify_query_intent] Ambiguous: 'Tên mình trên sổ sách ngân hàn...' | Scores: {'Tra cứu giao dịch theo số tiền': 1, 'getTransactionList | Tra cứu giao dịch chờ duyệt theo số tiền hoặc hạn mức': 1}
2026-01-06 10:00:24 | DEBUG    | log:153 | [normalize_query] 'Tôi cần xem lại thông tin cá nhân đã cun...' -> 'Tôi cần xem lại thông tin cá nhân đã cun...'
2026-01-06 10:00:24 | DEBUG    | log:153 | [perform_hybrid_search] query_text: [Tôi cần xem lại thông tin cá nhân đã cung cấp.] - formatted_query: [Tôi cần xem lại thông tin cá nhân đã cung cấp] - normalized_query: [Tôi cần xem lại thông tin cá nhân đã cung cấp]
2026-01-06 10:00:24 | DEBUG    | log:153 | [perform_hybrid_search] BM25 raw scores: min=0.3147, max=48.5204
2026-01-06 10:00:24 | DEBUG    | log:153 | [get_keyword_boost] Query: 'Tôi cần xem lại thông tin cá n...' | Doc: getUserProfile | Tra | Boost: 0.25 | Matched: ['thông tin cá nhân']
2026-01-06 10:00:24 | DEBUG    | log:153 | [classify_query_intent] Classified: 'Tôi cần xem lại thông tin cá n...' -> getUserProfile | Tra cứu thông (score=1)
2026-01-06 10:00:24 | DEBUG    | log:153 | [normalize_query] 'Ngày sinh nhật của tôi lưu trên này là b...' -> 'Ngày sinh nhật của tôi lưu trên này là b...'
2026-01-06 10:00:24 | DEBUG    | log:153 | [perform_hybrid_search] query_text: [Ngày sinh nhật của tôi lưu trên này là bao nhiêu?] - formatted_query: [Ngày sinh nhật của tôi lưu trên này là bao nhiêu] - normalized_query: [Ngày sinh nhật của tôi lưu trên này là bao nhiêu]
2026-01-06 10:00:24 | DEBUG    | log:153 | [perform_hybrid_search] BM25 raw scores: min=0.0111, max=14.4127
2026-01-06 10:00:24 | DEBUG    | log:153 | [get_keyword_boost] Query: 'Ngày sinh nhật của tôi lưu trê...' | Doc: Tra cứu lịch sử giao | Boost: 0.25 | Matched: ['ngày']
2026-01-06 10:00:24 | DEBUG    | log:153 | [get_keyword_boost] Query: 'Ngày sinh nhật của tôi lưu trê...' | Doc: Tra cứu giao dịch th | Boost: 0.25 | Matched: ['trên']
2026-01-06 10:00:24 | DEBUG    | log:153 | [get_keyword_boost] Query: 'Ngày sinh nhật của tôi lưu trê...' | Doc: getTransactionList | | Boost: 0.25 | Matched: ['ngày']
2026-01-06 10:00:24 | DEBUG    | log:153 | [get_keyword_boost] Query: 'Ngày sinh nhật của tôi lưu trê...' | Doc: getTransactionList | | Boost: 0.25 | Matched: ['trên']
2026-01-06 10:00:24 | DEBUG    | log:153 | [get_keyword_boost] Query: 'Ngày sinh nhật của tôi lưu trê...' | Doc: getUserProfile | Tra | Boost: 0.50 | Matched: ['ngày sinh', 'sinh nhật']
2026-01-06 10:00:24 | DEBUG    | log:153 | [classify_query_intent] Classified: 'Ngày sinh nhật của tôi lưu trê...' -> getUserProfile | Tra cứu thông (score=2)
2026-01-06 10:00:24 | DEBUG    | log:153 | [normalize_query] 'Hồ sơ cá nhân của tôi có đang ở trạng th...' -> 'Hồ sơ cá nhân của tôi có đang ở trạng th...'
2026-01-06 10:00:24 | DEBUG    | log:153 | [perform_hybrid_search] query_text: [Hồ sơ cá nhân của tôi có đang ở trạng thái hiệu lực?] - formatted_query: [Hồ sơ cá nhân của tôi có đang ở trạng thái hiệu lực] - normalized_query: [Hồ sơ cá nhân của tôi có đang ở trạng thái hiệu lực]
2026-01-06 10:00:24 | DEBUG    | log:153 | [perform_hybrid_search] BM25 raw scores: min=0.0116, max=44.5695
2026-01-06 10:00:24 | DEBUG    | log:153 | [get_keyword_boost] Query: 'Hồ sơ cá nhân của tôi có đang ...' | Doc: Tra cứu giao dịch th | Boost: 0.25 | Matched: ['trạng thái']
2026-01-06 10:00:24 | DEBUG    | log:153 | [get_keyword_boost] Query: 'Hồ sơ cá nhân của tôi có đang ...' | Doc: getUserProfile | Tra | Boost: 0.25 | Matched: ['hồ sơ cá nhân']
2026-01-06 10:00:24 | DEBUG    | log:153 | [get_keyword_boost] Query: 'Hồ sơ cá nhân của tôi có đang ...' | Doc: getUserProfile | Kiể | Boost: 0.25 | Matched: ['trạng thái']
2026-01-06 10:00:24 | DEBUG    | log:153 | [classify_query_intent] Ambiguous: 'Hồ sơ cá nhân của tôi có đang ...' | Scores: {'Tra cứu giao dịch theo trạng thái': 1, 'getUserProfile | Tra cứu thông tin cá nhân cơ bản': 1, 'getUserProfile | Kiểm tra trạng thái hồ sơ khách hàng': 1}
2026-01-06 10:00:24 | DEBUG    | log:153 | [normalize_query] 'Kiểm tra tên và giới tính của tôi trên a...' -> 'Kiểm tra tên và giới tính của tôi trên a...'
2026-01-06 10:00:24 | DEBUG    | log:153 | [perform_hybrid_search] query_text: [Kiểm tra tên và giới tính của tôi trên app.] - formatted_query: [Kiểm tra tên và giới tính của tôi trên app] - normalized_query: [Kiểm tra tên và giới tính của tôi trên app]
2026-01-06 10:00:24 | DEBUG    | log:153 | [perform_hybrid_search] BM25 raw scores: min=0.0160, max=21.5278
2026-01-06 10:00:24 | DEBUG    | log:153 | [get_keyword_boost] Query: 'Kiểm tra tên và giới tính của ...' | Doc: Tra cứu giao dịch th | Boost: 0.25 | Matched: ['trên']
2026-01-06 10:00:24 | DEBUG    | log:153 | [get_keyword_boost] Query: 'Kiểm tra tên và giới tính của ...' | Doc: getTransactionList | | Boost: 0.25 | Matched: ['trên']
2026-01-06 10:00:24 | DEBUG    | log:153 | [get_keyword_boost] Query: 'Kiểm tra tên và giới tính của ...' | Doc: getUserProfile | Tra | Boost: 0.25 | Matched: ['giới tính']
2026-01-06 10:00:24 | DEBUG    | log:153 | [classify_query_intent] Ambiguous: 'Kiểm tra tên và giới tính của ...' | Scores: {'Tra cứu giao dịch theo số tiền': 1, 'getTransactionList | Tra cứu giao dịch chờ duyệt theo số tiền hoặc hạn mức': 1, 'getUserProfile | Tra cứu thông tin cá nhân cơ bản': 1}
2026-01-06 10:00:24 | DEBUG    | log:153 | [normalize_query] 'Quốc tịch của chủ sở hữu tài khoản này....' -> 'Quốc tịch của chủ sở hữu tài khoản này...'
2026-01-06 10:00:24 | DEBUG    | log:153 | [perform_hybrid_search] query_text: [Quốc tịch của chủ sở hữu tài khoản này.] - formatted_query: [Quốc tịch của chủ sở hữu tài khoản này] - normalized_query: [Quốc tịch của chủ sở hữu tài khoản này]
2026-01-06 10:00:24 | DEBUG    | log:153 | [perform_hybrid_search] BM25 raw scores: min=0.0160, max=11.0129
2026-01-06 10:00:24 | DEBUG    | log:153 | [get_keyword_boost] Query: 'Quốc tịch của chủ sở hữu tài k...' | Doc: Tra cứu lịch sử giao | Boost: 0.25 | Matched: ['tài khoản']
2026-01-06 10:00:24 | DEBUG    | log:153 | [get_keyword_boost] Query: 'Quốc tịch của chủ sở hữu tài k...' | Doc: getTransactionList | | Boost: 0.25 | Matched: ['tài khoản']
2026-01-06 10:00:24 | DEBUG    | log:153 | [get_keyword_boost] Query: 'Quốc tịch của chủ sở hữu tài k...' | Doc: getUserProfile | Tra | Boost: 0.25 | Matched: ['quốc tịch']
2026-01-06 10:00:24 | DEBUG    | log:153 | [classify_query_intent] Ambiguous: 'Quốc tịch của chủ sở hữu tài k...' | Scores: {'Tra cứu lịch sử giao dịch theo số tài khoản': 1, 'getTransactionList | Tra cứu giao dịch chờ duyệt theo số tài khoản nguồn': 1, 'getUserProfile | Tra cứu thông tin cá nhân cơ bản': 1}
2026-01-06 10:00:24 | DEBUG    | log:153 | [normalize_query] 'Cho mình check lại thông tin profile một...' -> 'Cho mình check lại thông tin profile một...'
2026-01-06 10:00:24 | DEBUG    | log:153 | [perform_hybrid_search] query_text: [Cho mình check lại thông tin profile một chút.] - formatted_query: [Cho mình check lại thông tin profile một chút] - normalized_query: [Cho mình check lại thông tin profile một chút]
2026-01-06 10:00:24 | DEBUG    | log:153 | [perform_hybrid_search] BM25 raw scores: min=0.0000, max=6.4855
2026-01-06 10:00:24 | DEBUG    | log:153 | [get_keyword_boost] Query: 'Cho mình check lại thông tin p...' | Doc: Tra cứu giao dịch ch | Boost: 0.25 | Matched: ['ck']
2026-01-06 10:00:24 | DEBUG    | log:153 | [get_keyword_boost] Query: 'Cho mình check lại thông tin p...' | Doc: getUserProfile | Tra | Boost: 0.25 | Matched: ['profile']
2026-01-06 10:00:24 | DEBUG    | log:153 | [classify_query_intent] Ambiguous: 'Cho mình check lại thông tin p...' | Scores: {'Tra cứu giao dịch chuyển tiền': 1, 'getUserProfile | Tra cứu thông tin cá nhân cơ bản': 1}
2026-01-06 10:00:24 | DEBUG    | log:153 | [normalize_query] 'Hệ thống đang lưu tên mình là [Tên], đún...' -> 'Hệ thống đang lưu tên mình là [tên], đún...'
2026-01-06 10:00:24 | DEBUG    | log:153 | [perform_hybrid_search] query_text: [Hệ thống đang lưu tên mình là [Tên], đúng không?] - formatted_query: [Hệ thống đang lưu tên mình là [tên], đúng không] - normalized_query: [Hệ thống đang lưu tên mình là [tên], đúng không]
2026-01-06 10:00:24 | DEBUG    | log:153 | [perform_hybrid_search] BM25 raw scores: min=0.0560, max=27.3624
2026-01-06 10:00:24 | DEBUG    | log:153 | [classify_query_intent] No keyword matches found in: 'Hệ thống đang lưu tên mình là [tên], đúng không'
2026-01-06 10:00:24 | DEBUG    | log:153 | [normalize_query] 'Ngày tháng năm sinh của tôi hiện lên như...' -> 'Ngày tháng năm sinh của tôi hiện lên như...'
2026-01-06 10:00:24 | DEBUG    | log:153 | [perform_hybrid_search] query_text: [Ngày tháng năm sinh của tôi hiện lên như thế nào?] - formatted_query: [Ngày tháng năm sinh của tôi hiện lên như thế nào] - normalized_query: [Ngày tháng năm sinh của tôi hiện lên như thế nào]
2026-01-06 10:00:24 | DEBUG    | log:153 | [perform_hybrid_search] BM25 raw scores: min=0.0000, max=32.3810
2026-01-06 10:00:24 | DEBUG    | log:153 | [get_keyword_boost] Query: 'Ngày tháng năm sinh của tôi hi...' | Doc: Tra cứu lịch sử giao | Boost: 0.75 | Matched: ['ngày', 'tháng', 'năm']
2026-01-06 10:00:24 | DEBUG    | log:153 | [get_keyword_boost] Query: 'Ngày tháng năm sinh của tôi hi...' | Doc: getTransactionList | | Boost: 0.75 | Matched: ['ngày', 'tháng', 'năm']
2026-01-06 10:00:24 | DEBUG    | log:153 | [classify_query_intent] Ambiguous: 'Ngày tháng năm sinh của tôi hi...' | Scores: {'Tra cứu lịch sử giao dịch theo khoảng thời gian': 3, 'getTransactionList | Tra cứu giao dịch chờ duyệt theo khoảng thời gian': 3}
2026-01-06 10:00:24 | DEBUG    | log:153 | [normalize_query] 'Tôi muốn biết thông tin cơ bản về hồ sơ ...' -> 'Tôi muốn biết thông tin cơ bản về hồ sơ ...'
2026-01-06 10:00:24 | DEBUG    | log:153 | [perform_hybrid_search] query_text: [Tôi muốn biết thông tin cơ bản về hồ sơ của mình.] - formatted_query: [Tôi muốn biết thông tin cơ bản về hồ sơ của mình] - normalized_query: [Tôi muốn biết thông tin cơ bản về hồ sơ của mình]
2026-01-06 10:00:24 | DEBUG    | log:153 | [perform_hybrid_search] BM25 raw scores: min=0.3752, max=50.7902
2026-01-06 10:00:24 | DEBUG    | log:153 | [classify_query_intent] No keyword matches found in: 'Tôi muốn biết thông tin cơ bản về hồ sơ của mình'
2026-01-06 10:00:24 | DEBUG    | log:153 | [normalize_query] 'Thông tin người dùng hiện tại đang được ...' -> 'Thông tin người dùng hiện tại đang được ...'
2026-01-06 10:00:24 | DEBUG    | log:153 | [perform_hybrid_search] query_text: [Thông tin người dùng hiện tại đang được ghi nhận ntn?] - formatted_query: [Thông tin người dùng hiện tại đang được ghi nhận ntn] - normalized_query: [Thông tin người dùng hiện tại đang được ghi nhận ntn]
2026-01-06 10:00:24 | DEBUG    | log:153 | [perform_hybrid_search] BM25 raw scores: min=1.1893, max=18.5454
2026-01-06 10:00:24 | DEBUG    | log:153 | [get_keyword_boost] Query: 'Thông tin người dùng hiện tại ...' | Doc: Tra cứu giao dịch nh | Boost: 0.25 | Matched: ['nhận']
2026-01-06 10:00:24 | DEBUG    | log:153 | [get_keyword_boost] Query: 'Thông tin người dùng hiện tại ...' | Doc: getUserProfile | Tra | Boost: 0.25 | Matched: ['người dùng']
2026-01-06 10:00:24 | DEBUG    | log:153 | [classify_query_intent] Ambiguous: 'Thông tin người dùng hiện tại ...' | Scores: {'Tra cứu giao dịch nhận tiền': 1, 'getUserProfile | Tra cứu thông tin cá nhân cơ bản': 1}
2026-01-06 10:00:24 | DEBUG    | log:153 | [normalize_query] 'Giới tính của tôi có được cập nhật chính...' -> 'Giới tính của tôi có được cập nhật chính...'
2026-01-06 10:00:24 | DEBUG    | log:153 | [perform_hybrid_search] query_text: [Giới tính của tôi có được cập nhật chính xác chưa?] - formatted_query: [Giới tính của tôi có được cập nhật chính xác chưa] - normalized_query: [Giới tính của tôi có được cập nhật chính xác chưa]
2026-01-06 10:00:24 | DEBUG    | log:153 | [perform_hybrid_search] BM25 raw scores: min=0.6918, max=20.7122
2026-01-06 10:00:24 | DEBUG    | log:153 | [get_keyword_boost] Query: 'Giới tính của tôi có được cập ...' | Doc: getUserProfile | Tra | Boost: 0.25 | Matched: ['giới tính']
2026-01-06 10:00:24 | DEBUG    | log:153 | [classify_query_intent] Classified: 'Giới tính của tôi có được cập ...' -> getUserProfile | Tra cứu thông (score=1)
2026-01-06 10:00:24 | DEBUG    | log:153 | [normalize_query] 'Hãy hiển thị họ tên và quốc tịch của tôi...' -> 'Hãy hiển thị họ tên và quốc tịch của tôi...'
2026-01-06 10:00:24 | DEBUG    | log:153 | [perform_hybrid_search] query_text: [Hãy hiển thị họ tên và quốc tịch của tôi.] - formatted_query: [Hãy hiển thị họ tên và quốc tịch của tôi] - normalized_query: [Hãy hiển thị họ tên và quốc tịch của tôi]
2026-01-06 10:00:25 | DEBUG    | log:153 | [perform_hybrid_search] BM25 raw scores: min=0.0000, max=23.7145
2026-01-06 10:00:25 | DEBUG    | log:153 | [get_keyword_boost] Query: 'Hãy hiển thị họ tên và quốc tị...' | Doc: getUserProfile | Tra | Boost: 0.50 | Matched: ['họ tên', 'quốc tịch']
2026-01-06 10:00:25 | DEBUG    | log:153 | [classify_query_intent] Classified: 'Hãy hiển thị họ tên và quốc tị...' -> getUserProfile | Tra cứu thông (score=2)
2026-01-06 10:00:25 | DEBUG    | log:153 | [normalize_query] 'Tôi muốn xem lại ảnh hồ sơ và thông tin ...' -> 'Tôi muốn xem lại ảnh hồ sơ và thông tin ...'
2026-01-06 10:00:25 | DEBUG    | log:153 | [perform_hybrid_search] query_text: [Tôi muốn xem lại ảnh hồ sơ và thông tin cá nhân.] - formatted_query: [Tôi muốn xem lại ảnh hồ sơ và thông tin cá nhân] - normalized_query: [Tôi muốn xem lại ảnh hồ sơ và thông tin cá nhân]
2026-01-06 10:00:25 | DEBUG    | log:153 | [perform_hybrid_search] BM25 raw scores: min=0.3348, max=54.6904
2026-01-06 10:00:25 | DEBUG    | log:153 | [get_keyword_boost] Query: 'Tôi muốn xem lại ảnh hồ sơ và ...' | Doc: getUserProfile | Tra | Boost: 0.25 | Matched: ['thông tin cá nhân']
2026-01-06 10:00:25 | DEBUG    | log:153 | [classify_query_intent] Classified: 'Tôi muốn xem lại ảnh hồ sơ và ...' -> getUserProfile | Tra cứu thông (score=1)
2026-01-06 10:00:25 | DEBUG    | log:153 | [normalize_query] 'Kiểm tra giùm thông tin định danh khách ...' -> 'Kiểm tra giùm thông tin định danh khách ...'
2026-01-06 10:00:25 | DEBUG    | log:153 | [perform_hybrid_search] query_text: [Kiểm tra giùm thông tin định danh khách hàng.] - formatted_query: [Kiểm tra giùm thông tin định danh khách hàng] - normalized_query: [Kiểm tra giùm thông tin định danh khách hàng]
2026-01-06 10:00:25 | DEBUG    | log:153 | [perform_hybrid_search] BM25 raw scores: min=0.2009, max=26.0273
2026-01-06 10:00:25 | DEBUG    | log:153 | [get_keyword_boost] Query: 'Kiểm tra giùm thông tin định d...' | Doc: getUserProfile | Tra | Boost: 0.25 | Matched: ['định danh']
2026-01-06 10:00:25 | DEBUG    | log:153 | [classify_query_intent] Classified: 'Kiểm tra giùm thông tin định d...' -> getUserProfile | Tra cứu thông (score=1)
2026-01-06 10:00:25 | DEBUG    | log:153 | [normalize_query] 'Ngày sinh của tôi có phải là ngày [Ngày]...' -> 'Ngày sinh của tôi có phải là ngày [ngày]...'
2026-01-06 10:00:25 | DEBUG    | log:153 | [perform_hybrid_search] query_text: [Ngày sinh của tôi có phải là ngày [Ngày] không?] - formatted_query: [Ngày sinh của tôi có phải là ngày [ngày] không] - normalized_query: [Ngày sinh của tôi có phải là ngày [ngày] không]
2026-01-06 10:00:25 | DEBUG    | log:153 | [perform_hybrid_search] BM25 raw scores: min=0.0000, max=13.2462
2026-01-06 10:00:25 | DEBUG    | log:153 | [get_keyword_boost] Query: 'Ngày sinh của tôi có phải là n...' | Doc: Tra cứu lịch sử giao | Boost: 0.25 | Matched: ['ngày']
2026-01-06 10:00:25 | DEBUG    | log:153 | [get_keyword_boost] Query: 'Ngày sinh của tôi có phải là n...' | Doc: getTransactionList | | Boost: 0.25 | Matched: ['ngày']
2026-01-06 10:00:25 | DEBUG    | log:153 | [get_keyword_boost] Query: 'Ngày sinh của tôi có phải là n...' | Doc: getUserProfile | Tra | Boost: 0.25 | Matched: ['ngày sinh']
2026-01-06 10:00:25 | DEBUG    | log:153 | [classify_query_intent] Ambiguous: 'Ngày sinh của tôi có phải là n...' | Scores: {'Tra cứu lịch sử giao dịch theo khoảng thời gian': 1, 'getTransactionList | Tra cứu giao dịch chờ duyệt theo khoảng thời gian': 1, 'getUserProfile | Tra cứu thông tin cá nhân cơ bản': 1}
2026-01-06 10:00:25 | DEBUG    | log:153 | [normalize_query] 'Thông tin cá nhân của tôi có cần bổ sung...' -> 'Thông tin cá nhân của tôi có cần bổ sung...'
2026-01-06 10:00:25 | DEBUG    | log:153 | [perform_hybrid_search] query_text: [Thông tin cá nhân của tôi có cần bổ sung gì không?] - formatted_query: [Thông tin cá nhân của tôi có cần bổ sung gì không] - normalized_query: [Thông tin cá nhân của tôi có cần bổ sung gì không]
2026-01-06 10:00:25 | DEBUG    | log:153 | [perform_hybrid_search] BM25 raw scores: min=0.2165, max=46.0831
2026-01-06 10:00:25 | DEBUG    | log:153 | [get_keyword_boost] Query: 'Thông tin cá nhân của tôi có c...' | Doc: getUserProfile | Tra | Boost: 0.25 | Matched: ['thông tin cá nhân']
2026-01-06 10:00:25 | DEBUG    | log:153 | [classify_query_intent] Classified: 'Thông tin cá nhân của tôi có c...' -> getUserProfile | Tra cứu thông (score=1)
2026-01-06 10:00:25 | DEBUG    | log:153 | [normalize_query] 'Tên của mình trong danh sách khách hàng ...' -> 'Tên của mình trong danh sách khách hàng ...'
2026-01-06 10:00:25 | DEBUG    | log:153 | [perform_hybrid_search] query_text: [Tên của mình trong danh sách khách hàng là gì?] - formatted_query: [Tên của mình trong danh sách khách hàng là gì] - normalized_query: [Tên của mình trong danh sách khách hàng là gì]
2026-01-06 10:00:25 | DEBUG    | log:153 | [perform_hybrid_search] BM25 raw scores: min=0.0000, max=23.6069
2026-01-06 10:00:25 | DEBUG    | log:153 | [get_keyword_boost] Query: 'Tên của mình trong danh sách k...' | Doc: getTransactionList | | Boost: 0.25 | Matched: ['trong']
2026-01-06 10:00:25 | DEBUG    | log:153 | [classify_query_intent] Classified: 'Tên của mình trong danh sách k...' -> getTransactionList | Tra cứu g (score=1)
2026-01-06 10:00:25 | DEBUG    | log:153 | [normalize_query] 'Tôi cần xác nhận giới tính của mình trên...' -> 'Tôi cần xác nhận giới tính của mình trên...'
2026-01-06 10:00:25 | DEBUG    | log:153 | [perform_hybrid_search] query_text: [Tôi cần xác nhận giới tính của mình trên hồ sơ.] - formatted_query: [Tôi cần xác nhận giới tính của mình trên hồ sơ] - normalized_query: [Tôi cần xác nhận giới tính của mình trên hồ sơ]
2026-01-06 10:00:25 | DEBUG    | log:153 | [perform_hybrid_search] BM25 raw scores: min=0.4141, max=28.5675
2026-01-06 10:00:25 | DEBUG    | log:153 | [get_keyword_boost] Query: 'Tôi cần xác nhận giới tính của...' | Doc: Tra cứu giao dịch th | Boost: 0.25 | Matched: ['trên']
2026-01-06 10:00:25 | DEBUG    | log:153 | [get_keyword_boost] Query: 'Tôi cần xác nhận giới tính của...' | Doc: Tra cứu giao dịch nh | Boost: 0.25 | Matched: ['nhận']
2026-01-06 10:00:25 | DEBUG    | log:153 | [get_keyword_boost] Query: 'Tôi cần xác nhận giới tính của...' | Doc: getTransactionList | | Boost: 0.25 | Matched: ['trên']
2026-01-06 10:00:25 | DEBUG    | log:153 | [get_keyword_boost] Query: 'Tôi cần xác nhận giới tính của...' | Doc: getUserProfile | Tra | Boost: 0.25 | Matched: ['giới tính']
2026-01-06 10:00:25 | DEBUG    | log:153 | [classify_query_intent] Ambiguous: 'Tôi cần xác nhận giới tính của...' | Scores: {'Tra cứu giao dịch theo số tiền': 1, 'Tra cứu giao dịch nhận tiền': 1, 'getTransactionList | Tra cứu giao dịch chờ duyệt theo số tiền hoặc hạn mức': 1, 'getUserProfile | Tra cứu thông tin cá nhân cơ bản': 1}
2026-01-06 10:00:25 | DEBUG    | log:153 | [normalize_query] 'Xem chi tiết thông tin định danh cơ bản ...' -> 'Xem chi tiết thông tin định danh cơ bản ...'
2026-01-06 10:00:25 | DEBUG    | log:153 | [perform_hybrid_search] query_text: [Xem chi tiết thông tin định danh cơ bản của tôi.] - formatted_query: [Xem chi tiết thông tin định danh cơ bản của tôi] - normalized_query: [Xem chi tiết thông tin định danh cơ bản của tôi]
2026-01-06 10:00:25 | DEBUG    | log:153 | [perform_hybrid_search] BM25 raw scores: min=1.2848, max=38.8928
2026-01-06 10:00:25 | DEBUG    | log:153 | [get_keyword_boost] Query: 'Xem chi tiết thông tin định da...' | Doc: getUserProfile | Tra | Boost: 0.25 | Matched: ['định danh']
2026-01-06 10:00:25 | DEBUG    | log:153 | [classify_query_intent] Classified: 'Xem chi tiết thông tin định da...' -> getUserProfile | Tra cứu thông (score=1)
2026-01-06 10:00:25 | DEBUG    | log:153 | [normalize_query] 'Hồ sơ của mình đang hiển thị quốc tịch V...' -> 'Hồ sơ của mình đang hiển thị quốc tịch v...'
2026-01-06 10:00:25 | DEBUG    | log:153 | [perform_hybrid_search] query_text: [Hồ sơ của mình đang hiển thị quốc tịch Việt Nam à?] - formatted_query: [Hồ sơ của mình đang hiển thị quốc tịch việt nam à] - normalized_query: [Hồ sơ của mình đang hiển thị quốc tịch việt nam à]
2026-01-06 10:00:25 | DEBUG    | log:153 | [perform_hybrid_search] BM25 raw scores: min=0.0202, max=36.0859
2026-01-06 10:00:25 | DEBUG    | log:153 | [get_keyword_boost] Query: 'Hồ sơ của mình đang hiển thị q...' | Doc: getUserProfile | Tra | Boost: 0.50 | Matched: ['nam', 'quốc tịch']
2026-01-06 10:00:25 | DEBUG    | log:153 | [classify_query_intent] Classified: 'Hồ sơ của mình đang hiển thị q...' -> getUserProfile | Tra cứu thông (score=2)
2026-01-06 10:00:25 | DEBUG    | log:153 | [normalize_query] 'Kiểm tra họ tên thật của tôi trên hệ thố...' -> 'Kiểm tra họ tên thật của tôi trên hệ thố...'
2026-01-06 10:00:25 | DEBUG    | log:153 | [perform_hybrid_search] query_text: [Kiểm tra họ tên thật của tôi trên hệ thống.] - formatted_query: [Kiểm tra họ tên thật của tôi trên hệ thống] - normalized_query: [Kiểm tra họ tên thật của tôi trên hệ thống]
2026-01-06 10:00:25 | DEBUG    | log:153 | [perform_hybrid_search] BM25 raw scores: min=0.0160, max=20.9109
2026-01-06 10:00:25 | DEBUG    | log:153 | [get_keyword_boost] Query: 'Kiểm tra họ tên thật của tôi t...' | Doc: Tra cứu giao dịch th | Boost: 0.25 | Matched: ['trên']
2026-01-06 10:00:25 | DEBUG    | log:153 | [get_keyword_boost] Query: 'Kiểm tra họ tên thật của tôi t...' | Doc: getTransactionList | | Boost: 0.25 | Matched: ['trên']
2026-01-06 10:00:25 | DEBUG    | log:153 | [get_keyword_boost] Query: 'Kiểm tra họ tên thật của tôi t...' | Doc: getUserProfile | Tra | Boost: 0.25 | Matched: ['họ tên']
2026-01-06 10:00:25 | DEBUG    | log:153 | [classify_query_intent] Ambiguous: 'Kiểm tra họ tên thật của tôi t...' | Scores: {'Tra cứu giao dịch theo số tiền': 1, 'getTransactionList | Tra cứu giao dịch chờ duyệt theo số tiền hoặc hạn mức': 1, 'getUserProfile | Tra cứu thông tin cá nhân cơ bản': 1}
2026-01-06 10:00:25 | DEBUG    | log:153 | [normalize_query] 'Thông tin cá nhân cơ bản của tôi hiện ra...' -> 'Thông tin cá nhân cơ bản của tôi hiện ra...'
2026-01-06 10:00:25 | DEBUG    | log:153 | [perform_hybrid_search] query_text: [Thông tin cá nhân cơ bản của tôi hiện ra sao?] - formatted_query: [Thông tin cá nhân cơ bản của tôi hiện ra sao] - normalized_query: [Thông tin cá nhân cơ bản của tôi hiện ra sao]
2026-01-06 10:00:25 | DEBUG    | log:153 | [perform_hybrid_search] BM25 raw scores: min=0.2343, max=64.1449
2026-01-06 10:00:25 | DEBUG    | log:153 | [get_keyword_boost] Query: 'Thông tin cá nhân cơ bản của t...' | Doc: getUserProfile | Tra | Boost: 0.25 | Matched: ['thông tin cá nhân']
2026-01-06 10:00:25 | DEBUG    | log:153 | [classify_query_intent] Classified: 'Thông tin cá nhân cơ bản của t...' -> getUserProfile | Tra cứu thông (score=1)
2026-01-06 10:00:25 | DEBUG    | log:153 | [normalize_query] 'Vui lòng hiển thị chi tiết lý lịch trích...' -> 'Vui lòng hiển thị chi tiết lý lịch trích...'
2026-01-06 10:00:25 | DEBUG    | log:153 | [perform_hybrid_search] query_text: [Vui lòng hiển thị chi tiết lý lịch trích ngang của tôi.] - formatted_query: [Vui lòng hiển thị chi tiết lý lịch trích ngang của tôi] - normalized_query: [Vui lòng hiển thị chi tiết lý lịch trích ngang của tôi]
2026-01-06 10:00:25 | DEBUG    | log:153 | [perform_hybrid_search] BM25 raw scores: min=0.6128, max=15.5844
2026-01-06 10:00:25 | DEBUG    | log:153 | [classify_query_intent] No keyword matches found in: 'Vui lòng hiển thị chi tiết lý lịch trích ngang của'
2026-01-06 10:00:25 | DEBUG    | log:153 | [normalize_query] 'Tôi cần đối chiếu họ tên và ngày sinh tr...' -> 'Tôi cần đối chiếu họ tên và ngày sinh tr...'
2026-01-06 10:00:25 | DEBUG    | log:153 | [perform_hybrid_search] query_text: [Tôi cần đối chiếu họ tên và ngày sinh trên hệ thống ngân hàng.] - formatted_query: [Tôi cần đối chiếu họ tên và ngày sinh trên hệ thống ngân hàng] - normalized_query: [Tôi cần đối chiếu họ tên và ngày sinh trên hệ thống ngân hàng]
2026-01-06 10:00:25 | DEBUG    | log:153 | [perform_hybrid_search] BM25 raw scores: min=0.0963, max=32.6597
2026-01-06 10:00:25 | DEBUG    | log:153 | [get_keyword_boost] Query: 'Tôi cần đối chiếu họ tên và ng...' | Doc: Tra cứu lịch sử giao | Boost: 0.25 | Matched: ['ngày']
2026-01-06 10:00:25 | DEBUG    | log:153 | [get_keyword_boost] Query: 'Tôi cần đối chiếu họ tên và ng...' | Doc: Tra cứu giao dịch th | Boost: 0.25 | Matched: ['trên']
2026-01-06 10:00:25 | DEBUG    | log:153 | [get_keyword_boost] Query: 'Tôi cần đối chiếu họ tên và ng...' | Doc: getTransactionList | | Boost: 0.25 | Matched: ['ngày']
2026-01-06 10:00:25 | DEBUG    | log:153 | [get_keyword_boost] Query: 'Tôi cần đối chiếu họ tên và ng...' | Doc: getTransactionList | | Boost: 0.25 | Matched: ['trên']
2026-01-06 10:00:25 | DEBUG    | log:153 | [get_keyword_boost] Query: 'Tôi cần đối chiếu họ tên và ng...' | Doc: getUserProfile | Tra | Boost: 0.50 | Matched: ['họ tên', 'ngày sinh']
2026-01-06 10:00:25 | DEBUG    | log:153 | [classify_query_intent] Classified: 'Tôi cần đối chiếu họ tên và ng...' -> getUserProfile | Tra cứu thông (score=2)
2026-01-06 10:00:25 | DEBUG    | log:153 | [normalize_query] 'Thông tin nhân thân của tôi hiện đang đư...' -> 'Thông tin nhân thân của tôi hiện đang đư...'
2026-01-06 10:00:25 | DEBUG    | log:153 | [perform_hybrid_search] query_text: [Thông tin nhân thân của tôi hiện đang được lưu trữ như thế nào?] - formatted_query: [Thông tin nhân thân của tôi hiện đang được lưu trữ như thế nào] - normalized_query: [Thông tin nhân thân của tôi hiện đang được lưu trữ như thế nào]
2026-01-06 10:00:25 | DEBUG    | log:153 | [perform_hybrid_search] BM25 raw scores: min=0.3147, max=35.9202
2026-01-06 10:00:25 | DEBUG    | log:153 | [classify_query_intent] No keyword matches found in: 'Thông tin nhân thân của tôi hiện đang được lưu trữ'
2026-01-06 10:00:25 | DEBUG    | log:153 | [normalize_query] 'Dữ liệu định danh của tôi có bao gồm quố...' -> 'Dữ liệu định danh của tôi có bao gồm quố...'
2026-01-06 10:00:25 | DEBUG    | log:153 | [perform_hybrid_search] query_text: [Dữ liệu định danh của tôi có bao gồm quốc tịch không?] - formatted_query: [Dữ liệu định danh của tôi có bao gồm quốc tịch không] - normalized_query: [Dữ liệu định danh của tôi có bao gồm quốc tịch không]
2026-01-06 10:00:25 | DEBUG    | log:153 | [perform_hybrid_search] BM25 raw scores: min=0.1068, max=15.8321
2026-01-06 10:00:25 | DEBUG    | log:153 | [get_keyword_boost] Query: 'Dữ liệu định danh của tôi có b...' | Doc: getUserProfile | Tra | Boost: 0.25 | Matched: ['quốc tịch']
2026-01-06 10:00:25 | DEBUG    | log:153 | [get_keyword_boost] Query: 'Dữ liệu định danh của tôi có b...' | Doc: getUserProfile | Tra | Boost: 0.25 | Matched: ['định danh']
2026-01-06 10:00:25 | DEBUG    | log:153 | [classify_query_intent] Ambiguous: 'Dữ liệu định danh của tôi có b...' | Scores: {'getUserProfile | Tra cứu thông tin cá nhân cơ bản': 1, 'getUserProfile | Tra cứu thông tin định danh': 1}
2026-01-06 10:00:25 | DEBUG    | log:153 | [normalize_query] 'Hãy liệt kê các thông tin cơ bản về danh...' -> 'Hãy liệt kê các thông tin cơ bản về danh...'
2026-01-06 10:00:25 | DEBUG    | log:153 | [perform_hybrid_search] query_text: [Hãy liệt kê các thông tin cơ bản về danh tính của tôi.] - formatted_query: [Hãy liệt kê các thông tin cơ bản về danh tính của tôi] - normalized_query: [Hãy liệt kê các thông tin cơ bản về danh tính của tôi]
2026-01-06 10:00:25 | DEBUG    | log:153 | [perform_hybrid_search] BM25 raw scores: min=0.3550, max=29.7422
2026-01-06 10:00:25 | DEBUG    | log:153 | [classify_query_intent] No keyword matches found in: 'Hãy liệt kê các thông tin cơ bản về danh tính của '
2026-01-06 10:00:25 | DEBUG    | log:153 | [normalize_query] 'Tôi muốn xác nhận lại tên đầy đủ của mìn...' -> 'Tôi muốn xác nhận lại tên đầy đủ của mìn...'
2026-01-06 10:00:25 | DEBUG    | log:153 | [perform_hybrid_search] query_text: [Tôi muốn xác nhận lại tên đầy đủ của mình trên app.] - formatted_query: [Tôi muốn xác nhận lại tên đầy đủ của mình trên app] - normalized_query: [Tôi muốn xác nhận lại tên đầy đủ của mình trên app]
2026-01-06 10:00:25 | DEBUG    | log:153 | [perform_hybrid_search] BM25 raw scores: min=0.4050, max=21.2891
2026-01-06 10:00:25 | DEBUG    | log:153 | [get_keyword_boost] Query: 'Tôi muốn xác nhận lại tên đầy ...' | Doc: Tra cứu giao dịch th | Boost: 0.25 | Matched: ['trên']
2026-01-06 10:00:25 | DEBUG    | log:153 | [get_keyword_boost] Query: 'Tôi muốn xác nhận lại tên đầy ...' | Doc: Tra cứu giao dịch nh | Boost: 0.25 | Matched: ['nhận']
2026-01-06 10:00:25 | DEBUG    | log:153 | [get_keyword_boost] Query: 'Tôi muốn xác nhận lại tên đầy ...' | Doc: getTransactionList | | Boost: 0.25 | Matched: ['trên']
2026-01-06 10:00:25 | DEBUG    | log:153 | [classify_query_intent] Ambiguous: 'Tôi muốn xác nhận lại tên đầy ...' | Scores: {'Tra cứu giao dịch theo số tiền': 1, 'Tra cứu giao dịch nhận tiền': 1, 'getTransactionList | Tra cứu giao dịch chờ duyệt theo số tiền hoặc hạn mức': 1}
2026-01-06 10:00:25 | DEBUG    | log:153 | [normalize_query] 'Trạng thái hồ sơ của tôi hiện tại là Act...' -> 'Trạng thái hồ sơ của tôi hiện tại là act...'
2026-01-06 10:00:25 | DEBUG    | log:153 | [perform_hybrid_search] query_text: [Trạng thái hồ sơ của tôi hiện tại là Active hay Inactive vậy?] - formatted_query: [Trạng thái hồ sơ của tôi hiện tại là active hay inactive vậy] - normalized_query: [Trạng thái hồ sơ của tôi hiện tại là active hay inactive vậy]
2026-01-06 10:00:25 | DEBUG    | log:153 | [perform_hybrid_search] BM25 raw scores: min=0.0126, max=40.3820
2026-01-06 10:00:25 | DEBUG    | log:153 | [get_keyword_boost] Query: 'Trạng thái hồ sơ của tôi hiện ...' | Doc: Tra cứu giao dịch th | Boost: 0.25 | Matched: ['trạng thái']
2026-01-06 10:00:25 | DEBUG    | log:153 | [get_keyword_boost] Query: 'Trạng thái hồ sơ của tôi hiện ...' | Doc: getUserProfile | Kiể | Boost: 0.75 | Matched: ['trạng thái', 'active', 'inactive']
2026-01-06 10:00:25 | DEBUG    | log:153 | [classify_query_intent] Classified: 'Trạng thái hồ sơ của tôi hiện ...' -> getUserProfile | Kiểm tra trạn (score=3)
2026-01-06 10:00:25 | DEBUG    | log:153 | [normalize_query] 'Vui lòng cung cấp thông tin về giới tính...' -> 'Vui lòng cung cấp thông tin về giới tính...'
2026-01-06 10:00:25 | DEBUG    | log:153 | [perform_hybrid_search] query_text: [Vui lòng cung cấp thông tin về giới tính và ngày sinh của tôi.] - formatted_query: [Vui lòng cung cấp thông tin về giới tính và ngày sinh của tôi] - normalized_query: [Vui lòng cung cấp thông tin về giới tính và ngày sinh của tôi]
2026-01-06 10:00:25 | DEBUG    | log:153 | [perform_hybrid_search] BM25 raw scores: min=0.0320, max=15.9069
2026-01-06 10:00:25 | DEBUG    | log:153 | [get_keyword_boost] Query: 'Vui lòng cung cấp thông tin về...' | Doc: Tra cứu lịch sử giao | Boost: 0.25 | Matched: ['ngày']
2026-01-06 10:00:25 | DEBUG    | log:153 | [get_keyword_boost] Query: 'Vui lòng cung cấp thông tin về...' | Doc: getTransactionList | | Boost: 0.25 | Matched: ['ngày']
2026-01-06 10:00:25 | DEBUG    | log:153 | [get_keyword_boost] Query: 'Vui lòng cung cấp thông tin về...' | Doc: getUserProfile | Tra | Boost: 0.50 | Matched: ['ngày sinh', 'giới tính']
2026-01-06 10:00:25 | DEBUG    | log:153 | [classify_query_intent] Classified: 'Vui lòng cung cấp thông tin về...' -> getUserProfile | Tra cứu thông (score=2)
2026-01-06 10:00:25 | DEBUG    | log:153 | [normalize_query] 'Dữ liệu hệ thống về cá nhân tôi có chính...' -> 'Dữ liệu hệ thống về cá nhân tôi có chính...'
2026-01-06 10:00:25 | DEBUG    | log:153 | [perform_hybrid_search] query_text: [Dữ liệu hệ thống về cá nhân tôi có chính xác với giấy tờ không?] - formatted_query: [Dữ liệu hệ thống về cá nhân tôi có chính xác với giấy tờ không] - normalized_query: [Dữ liệu hệ thống về cá nhân tôi có chính xác với giấy tờ không]
2026-01-06 10:00:25 | DEBUG    | log:153 | [perform_hybrid_search] BM25 raw scores: min=0.5250, max=28.1793
2026-01-06 10:00:25 | DEBUG    | log:153 | [classify_query_intent] No keyword matches found in: 'Dữ liệu hệ thống về cá nhân tôi có chính xác với g'
2026-01-06 10:00:25 | DEBUG    | log:153 | [normalize_query] 'Tôi muốn truy cập vào phần hồ sơ định da...' -> 'Tôi muốn truy cập vào phần hồ sơ định da...'
2026-01-06 10:00:25 | DEBUG    | log:153 | [perform_hybrid_search] query_text: [Tôi muốn truy cập vào phần hồ sơ định danh cá nhân.] - formatted_query: [Tôi muốn truy cập vào phần hồ sơ định danh cá nhân] - normalized_query: [Tôi muốn truy cập vào phần hồ sơ định danh cá nhân]
2026-01-06 10:00:25 | DEBUG    | log:153 | [perform_hybrid_search] BM25 raw scores: min=0.0605, max=33.6147
2026-01-06 10:00:25 | DEBUG    | log:153 | [get_keyword_boost] Query: 'Tôi muốn truy cập vào phần hồ ...' | Doc: getUserProfile | Tra | Boost: 0.25 | Matched: ['định danh']
2026-01-06 10:00:25 | DEBUG    | log:153 | [classify_query_intent] Classified: 'Tôi muốn truy cập vào phần hồ ...' -> getUserProfile | Tra cứu thông (score=1)
2026-01-06 10:00:25 | DEBUG    | log:153 | [normalize_query] 'Có thể cho tôi biết quốc tịch đã đăng ký...' -> 'Có thể cho tôi biết quốc tịch đã đăng ký...'
2026-01-06 10:00:25 | DEBUG    | log:153 | [perform_hybrid_search] query_text: [Có thể cho tôi biết quốc tịch đã đăng ký của tôi không?] - formatted_query: [Có thể cho tôi biết quốc tịch đã đăng ký của tôi không] - normalized_query: [Có thể cho tôi biết quốc tịch đã đăng ký của tôi không]
2026-01-06 10:00:25 | DEBUG    | log:153 | [perform_hybrid_search] BM25 raw scores: min=0.0000, max=29.0919
2026-01-06 10:00:25 | DEBUG    | log:153 | [get_keyword_boost] Query: 'Có thể cho tôi biết quốc tịch ...' | Doc: getUserProfile | Tra | Boost: 0.25 | Matched: ['quốc tịch']
2026-01-06 10:00:25 | DEBUG    | log:153 | [classify_query_intent] Classified: 'Có thể cho tôi biết quốc tịch ...' -> getUserProfile | Tra cứu thông (score=1)
2026-01-06 10:00:25 | DEBUG    | log:153 | [normalize_query] 'Hãy hiển thị profile người dùng của tôi ...' -> 'Hãy hiển thị profile người dùng của tôi ...'
2026-01-06 10:00:25 | DEBUG    | log:153 | [perform_hybrid_search] query_text: [Hãy hiển thị profile người dùng của tôi lên màn hình.] - formatted_query: [Hãy hiển thị profile người dùng của tôi lên màn hình] - normalized_query: [Hãy hiển thị profile người dùng của tôi lên màn hình]
2026-01-06 10:00:25 | DEBUG    | log:153 | [perform_hybrid_search] BM25 raw scores: min=0.8516, max=15.7963
2026-01-06 10:00:25 | DEBUG    | log:153 | [get_keyword_boost] Query: 'Hãy hiển thị profile người dùn...' | Doc: getUserProfile | Tra | Boost: 0.50 | Matched: ['profile', 'người dùng']
2026-01-06 10:00:25 | DEBUG    | log:153 | [classify_query_intent] Classified: 'Hãy hiển thị profile người dùn...' -> getUserProfile | Tra cứu thông (score=2)
2026-01-06 10:00:25 | DEBUG    | log:153 | [normalize_query] 'Thông tin cá nhân của tôi có bị sai sót ...' -> 'Thông tin cá nhân của tôi có bị sai sót ...'
2026-01-06 10:00:25 | DEBUG    | log:153 | [perform_hybrid_search] query_text: [Thông tin cá nhân của tôi có bị sai sót hay thiếu sót gì không?] - formatted_query: [Thông tin cá nhân của tôi có bị sai sót hay thiếu sót gì không] - normalized_query: [Thông tin cá nhân của tôi có bị sai sót hay thiếu sót gì không]
2026-01-06 10:00:25 | DEBUG    | log:153 | [perform_hybrid_search] BM25 raw scores: min=0.2165, max=46.0831
2026-01-06 10:00:25 | DEBUG    | log:153 | [get_keyword_boost] Query: 'Thông tin cá nhân của tôi có b...' | Doc: getUserProfile | Tra | Boost: 0.25 | Matched: ['thông tin cá nhân']
2026-01-06 10:00:25 | DEBUG    | log:153 | [classify_query_intent] Classified: 'Thông tin cá nhân của tôi có b...' -> getUserProfile | Tra cứu thông (score=1)
2026-01-06 10:00:25 | DEBUG    | log:153 | [normalize_query] 'Tôi muốn tra cứu dữ liệu nhân thân của m...' -> 'Tôi muốn tra cứu dữ liệu nhân thân của m...'
2026-01-06 10:00:25 | DEBUG    | log:153 | [perform_hybrid_search] query_text: [Tôi muốn tra cứu dữ liệu nhân thân của mình một cách chi tiết.] - formatted_query: [Tôi muốn tra cứu dữ liệu nhân thân của mình một cách chi tiết] - normalized_query: [Tôi muốn tra cứu dữ liệu nhân thân của mình một cách chi tiết]
2026-01-06 10:00:25 | DEBUG    | log:153 | [perform_hybrid_search] BM25 raw scores: min=0.4370, max=11.7215
2026-01-06 10:00:25 | DEBUG    | log:153 | [classify_query_intent] No keyword matches found in: 'Tôi muốn tra cứu dữ liệu nhân thân của mình một cá'
2026-01-06 10:00:25 | DEBUG    | log:153 | [normalize_query] 'Vui lòng xác nhận thông tin về ngày thán...' -> 'Vui lòng xác nhận thông tin về ngày thán...'
2026-01-06 10:00:25 | DEBUG    | log:153 | [perform_hybrid_search] query_text: [Vui lòng xác nhận thông tin về ngày tháng năm sinh của khách hàng.] - formatted_query: [Vui lòng xác nhận thông tin về ngày tháng năm sinh của khách hàng] - normalized_query: [Vui lòng xác nhận thông tin về ngày tháng năm sinh của khách hàng]
2026-01-06 10:00:25 | DEBUG    | log:153 | [perform_hybrid_search] BM25 raw scores: min=0.6734, max=28.2357
2026-01-06 10:00:25 | DEBUG    | log:153 | [get_keyword_boost] Query: 'Vui lòng xác nhận thông tin về...' | Doc: Tra cứu lịch sử giao | Boost: 0.75 | Matched: ['ngày', 'tháng', 'năm']
2026-01-06 10:00:25 | DEBUG    | log:153 | [get_keyword_boost] Query: 'Vui lòng xác nhận thông tin về...' | Doc: Tra cứu giao dịch nh | Boost: 0.25 | Matched: ['nhận']
2026-01-06 10:00:25 | DEBUG    | log:153 | [get_keyword_boost] Query: 'Vui lòng xác nhận thông tin về...' | Doc: getTransactionList | | Boost: 0.75 | Matched: ['ngày', 'tháng', 'năm']
2026-01-06 10:00:25 | DEBUG    | log:153 | [classify_query_intent] Ambiguous: 'Vui lòng xác nhận thông tin về...' | Scores: {'Tra cứu lịch sử giao dịch theo khoảng thời gian': 3, 'Tra cứu giao dịch nhận tiền': 1, 'getTransactionList | Tra cứu giao dịch chờ duyệt theo khoảng thời gian': 3}
2026-01-06 10:00:25 | DEBUG    | log:153 | [normalize_query] 'Họ và tên của tôi trên hệ thống có được ...' -> 'Họ và tên của tôi trên hệ thống có được ...'
2026-01-06 10:00:25 | DEBUG    | log:153 | [perform_hybrid_search] query_text: [Họ và tên của tôi trên hệ thống có được viết in hoa đúng quy định không?] - formatted_query: [Họ và tên của tôi trên hệ thống có được viết in hoa đúng quy định không] - normalized_query: [Họ và tên của tôi trên hệ thống có được viết in hoa đúng quy định không]
2026-01-06 10:00:25 | DEBUG    | log:153 | [perform_hybrid_search] BM25 raw scores: min=0.0800, max=18.0263
2026-01-06 10:00:25 | DEBUG    | log:153 | [get_keyword_boost] Query: 'Họ và tên của tôi trên hệ thốn...' | Doc: Tra cứu giao dịch th | Boost: 0.25 | Matched: ['trên']
2026-01-06 10:00:25 | DEBUG    | log:153 | [get_keyword_boost] Query: 'Họ và tên của tôi trên hệ thốn...' | Doc: getTransactionList | | Boost: 0.25 | Matched: ['trên']
2026-01-06 10:00:25 | DEBUG    | log:153 | [classify_query_intent] Ambiguous: 'Họ và tên của tôi trên hệ thốn...' | Scores: {'Tra cứu giao dịch theo số tiền': 1, 'getTransactionList | Tra cứu giao dịch chờ duyệt theo số tiền hoặc hạn mức': 1}
2026-01-06 10:00:25 | DEBUG    | log:153 | [normalize_query] 'Tôi cần xem lại phần thông tin hồ sơ cơ ...' -> 'Tôi cần xem lại phần thông tin hồ sơ cơ ...'
2026-01-06 10:00:25 | DEBUG    | log:153 | [perform_hybrid_search] query_text: [Tôi cần xem lại phần thông tin hồ sơ cơ bản để đối chiếu.] - formatted_query: [Tôi cần xem lại phần thông tin hồ sơ cơ bản để đối chiếu] - normalized_query: [Tôi cần xem lại phần thông tin hồ sơ cơ bản để đối chiếu]
2026-01-06 10:00:25 | DEBUG    | log:153 | [perform_hybrid_search] BM25 raw scores: min=0.3348, max=37.1750
2026-01-06 10:00:25 | DEBUG    | log:153 | [classify_query_intent] No keyword matches found in: 'Tôi cần xem lại phần thông tin hồ sơ cơ bản để đối'
2026-01-06 10:00:25 | DEBUG    | log:153 | [normalize_query] 'Trạng thái hoạt động của hồ sơ tôi đang ...' -> 'Trạng thái hoạt động của hồ sơ tôi đang ...'
2026-01-06 10:00:25 | DEBUG    | log:153 | [perform_hybrid_search] query_text: [Trạng thái hoạt động của hồ sơ tôi đang được ghi nhận là gì?] - formatted_query: [Trạng thái hoạt động của hồ sơ tôi đang được ghi nhận là gì] - normalized_query: [Trạng thái hoạt động của hồ sơ tôi đang được ghi nhận là gì]
2026-01-06 10:00:25 | DEBUG    | log:153 | [perform_hybrid_search] BM25 raw scores: min=0.0202, max=43.8137
2026-01-06 10:00:25 | DEBUG    | log:153 | [get_keyword_boost] Query: 'Trạng thái hoạt động của hồ sơ...' | Doc: Tra cứu giao dịch th | Boost: 0.25 | Matched: ['trạng thái']
2026-01-06 10:00:25 | DEBUG    | log:153 | [get_keyword_boost] Query: 'Trạng thái hoạt động của hồ sơ...' | Doc: Tra cứu giao dịch nh | Boost: 0.25 | Matched: ['nhận']
2026-01-06 10:00:25 | DEBUG    | log:153 | [get_keyword_boost] Query: 'Trạng thái hoạt động của hồ sơ...' | Doc: getUserProfile | Kiể | Boost: 0.50 | Matched: ['trạng thái', 'hoạt động']
2026-01-06 10:00:25 | DEBUG    | log:153 | [classify_query_intent] Classified: 'Trạng thái hoạt động của hồ sơ...' -> getUserProfile | Kiểm tra trạn (score=2)
2026-01-06 10:00:25 | DEBUG    | log:153 | [normalize_query] 'Cho tôi xem danh sách toàn bộ thông tin ...' -> 'Cho tôi xem danh sách toàn bộ thông tin ...'
2026-01-06 10:00:25 | DEBUG    | log:153 | [perform_hybrid_search] query_text: [Cho tôi xem danh sách toàn bộ thông tin cá nhân đã khai báo.] - formatted_query: [Cho tôi xem danh sách toàn bộ thông tin cá nhân đã khai báo] - normalized_query: [Cho tôi xem danh sách toàn bộ thông tin cá nhân đã khai báo]
2026-01-06 10:00:25 | DEBUG    | log:153 | [perform_hybrid_search] BM25 raw scores: min=0.4865, max=47.0182
2026-01-06 10:00:25 | DEBUG    | log:153 | [get_keyword_boost] Query: 'Cho tôi xem danh sách toàn bộ ...' | Doc: getTransactionList | | Boost: 0.25 | Matched: ['toàn bộ']
2026-01-06 10:00:25 | DEBUG    | log:153 | [get_keyword_boost] Query: 'Cho tôi xem danh sách toàn bộ ...' | Doc: getUserProfile | Tra | Boost: 0.25 | Matched: ['thông tin cá nhân']
2026-01-06 10:00:25 | DEBUG    | log:153 | [classify_query_intent] Ambiguous: 'Cho tôi xem danh sách toàn bộ ...' | Scores: {'getTransactionList | Tra cứu giao dịch đang chờ xử lý hoặc chờ duyệt': 1, 'getUserProfile | Tra cứu thông tin cá nhân cơ bản': 1}
2026-01-06 10:00:25 | DEBUG    | log:153 | [normalize_query] 'Tôi muốn biết giới tính của mình đang hi...' -> 'Tôi muốn biết giới tính của mình đang hi...'
2026-01-06 10:00:25 | DEBUG    | log:153 | [perform_hybrid_search] query_text: [Tôi muốn biết giới tính của mình đang hiển thị là Nam hay Nữ.] - formatted_query: [Tôi muốn biết giới tính của mình đang hiển thị là nam hay nữ] - normalized_query: [Tôi muốn biết giới tính của mình đang hiển thị là nam hay nữ]
2026-01-06 10:00:25 | DEBUG    | log:153 | [perform_hybrid_search] BM25 raw scores: min=0.0000, max=30.6313
2026-01-06 10:00:25 | DEBUG    | log:153 | [get_keyword_boost] Query: 'Tôi muốn biết giới tính của mì...' | Doc: getUserProfile | Tra | Boost: 0.75 | Matched: ['giới tính', 'nam', 'nữ']
2026-01-06 10:00:25 | DEBUG    | log:153 | [classify_query_intent] Classified: 'Tôi muốn biết giới tính của mì...' -> getUserProfile | Tra cứu thông (score=3)
2026-01-06 10:00:25 | DEBUG    | log:153 | [normalize_query] 'Hệ thống đang lưu trữ thông tin về quốc ...' -> 'Hệ thống đang lưu trữ thông tin về quốc ...'
2026-01-06 10:00:25 | DEBUG    | log:153 | [perform_hybrid_search] query_text: [Hệ thống đang lưu trữ thông tin về quốc tịch của tôi như thế nào?] - formatted_query: [Hệ thống đang lưu trữ thông tin về quốc tịch của tôi như thế nào] - normalized_query: [Hệ thống đang lưu trữ thông tin về quốc tịch của tôi như thế nào]
2026-01-06 10:00:26 | DEBUG    | log:153 | [perform_hybrid_search] BM25 raw scores: min=0.3550, max=47.2331
2026-01-06 10:00:26 | DEBUG    | log:153 | [get_keyword_boost] Query: 'Hệ thống đang lưu trữ thông ti...' | Doc: getUserProfile | Tra | Boost: 0.25 | Matched: ['quốc tịch']
2026-01-06 10:00:26 | DEBUG    | log:153 | [classify_query_intent] Classified: 'Hệ thống đang lưu trữ thông ti...' -> getUserProfile | Tra cứu thông (score=1)
2026-01-06 10:00:26 | DEBUG    | log:153 | [normalize_query] 'Vui lòng show giúp tôi thông tin cá nhân...' -> 'Vui lòng show giúp tôi thông tin cá nhân...'
2026-01-06 10:00:26 | DEBUG    | log:153 | [perform_hybrid_search] query_text: [Vui lòng show giúp tôi thông tin cá nhân cơ bản.] - formatted_query: [Vui lòng show giúp tôi thông tin cá nhân cơ bản] - normalized_query: [Vui lòng show giúp tôi thông tin cá nhân cơ bản]
2026-01-06 10:00:26 | DEBUG    | log:153 | [perform_hybrid_search] BM25 raw scores: min=0.2165, max=62.9706
2026-01-06 10:00:26 | DEBUG    | log:153 | [get_keyword_boost] Query: 'Vui lòng show giúp tôi thông t...' | Doc: getUserProfile | Tra | Boost: 0.25 | Matched: ['thông tin cá nhân']
2026-01-06 10:00:26 | DEBUG    | log:153 | [classify_query_intent] Classified: 'Vui lòng show giúp tôi thông t...' -> getUserProfile | Tra cứu thông (score=1)
2026-01-06 10:00:26 | DEBUG    | log:153 | [normalize_query] 'Tôi muốn kiểm tra xem tên mình có đúng c...' -> 'Tôi muốn kiểm tra xem tên mình có đúng c...'
2026-01-06 10:00:26 | DEBUG    | log:153 | [perform_hybrid_search] query_text: [Tôi muốn kiểm tra xem tên mình có đúng chính tả trên hồ sơ không.] - formatted_query: [Tôi muốn kiểm tra xem tên mình có đúng chính tả trên hồ sơ không] - normalized_query: [Tôi muốn kiểm tra xem tên mình có đúng chính tả trên hồ sơ không]
2026-01-06 10:00:26 | DEBUG    | log:153 | [perform_hybrid_search] BM25 raw scores: min=0.0404, max=39.8700
2026-01-06 10:00:26 | DEBUG    | log:153 | [get_keyword_boost] Query: 'Tôi muốn kiểm tra xem tên mình...' | Doc: Tra cứu giao dịch th | Boost: 0.25 | Matched: ['trên']
2026-01-06 10:00:26 | DEBUG    | log:153 | [get_keyword_boost] Query: 'Tôi muốn kiểm tra xem tên mình...' | Doc: getTransactionList | | Boost: 0.25 | Matched: ['trên']
2026-01-06 10:00:26 | DEBUG    | log:153 | [classify_query_intent] Ambiguous: 'Tôi muốn kiểm tra xem tên mình...' | Scores: {'Tra cứu giao dịch theo số tiền': 1, 'getTransactionList | Tra cứu giao dịch chờ duyệt theo số tiền hoặc hạn mức': 1}
2026-01-06 10:00:26 | DEBUG    | log:153 | [normalize_query] 'Ngày sinh của tôi trên hệ thống ngân hàn...' -> 'Ngày sinh của tôi trên hệ thống ngân hàn...'
2026-01-06 10:00:26 | DEBUG    | log:153 | [perform_hybrid_search] query_text: [Ngày sinh của tôi trên hệ thống ngân hàng là bao nhiêu?] - formatted_query: [Ngày sinh của tôi trên hệ thống ngân hàng là bao nhiêu] - normalized_query: [Ngày sinh của tôi trên hệ thống ngân hàng là bao nhiêu]
2026-01-06 10:00:26 | DEBUG    | log:153 | [perform_hybrid_search] BM25 raw scores: min=0.1079, max=19.3282
2026-01-06 10:00:26 | DEBUG    | log:153 | [get_keyword_boost] Query: 'Ngày sinh của tôi trên hệ thốn...' | Doc: Tra cứu lịch sử giao | Boost: 0.25 | Matched: ['ngày']
2026-01-06 10:00:26 | DEBUG    | log:153 | [get_keyword_boost] Query: 'Ngày sinh của tôi trên hệ thốn...' | Doc: Tra cứu giao dịch th | Boost: 0.25 | Matched: ['trên']
2026-01-06 10:00:26 | DEBUG    | log:153 | [get_keyword_boost] Query: 'Ngày sinh của tôi trên hệ thốn...' | Doc: getTransactionList | | Boost: 0.25 | Matched: ['ngày']
2026-01-06 10:00:26 | DEBUG    | log:153 | [get_keyword_boost] Query: 'Ngày sinh của tôi trên hệ thốn...' | Doc: getTransactionList | | Boost: 0.25 | Matched: ['trên']
2026-01-06 10:00:26 | DEBUG    | log:153 | [get_keyword_boost] Query: 'Ngày sinh của tôi trên hệ thốn...' | Doc: getUserProfile | Tra | Boost: 0.25 | Matched: ['ngày sinh']
2026-01-06 10:00:26 | DEBUG    | log:153 | [classify_query_intent] Ambiguous: 'Ngày sinh của tôi trên hệ thốn...' | Scores: {'Tra cứu lịch sử giao dịch theo khoảng thời gian': 1, 'Tra cứu giao dịch theo số tiền': 1, 'getTransactionList | Tra cứu giao dịch chờ duyệt theo khoảng thời gian': 1, 'getTransactionList | Tra cứu giao dịch chờ duyệt theo số tiền hoặc hạn mức': 1, 'getUserProfile | Tra cứu thông tin cá nhân cơ bản': 1}
2026-01-06 10:00:26 | DEBUG    | log:153 | [normalize_query] 'Thông tin về tôi có đang được bảo mật và...' -> 'Thông tin về tôi có đang được bảo mật và...'
2026-01-06 10:00:26 | DEBUG    | log:153 | [perform_hybrid_search] query_text: [Thông tin về tôi có đang được bảo mật và hiển thị đúng không?] - formatted_query: [Thông tin về tôi có đang được bảo mật và hiển thị đúng không] - normalized_query: [Thông tin về tôi có đang được bảo mật và hiển thị đúng không]
2026-01-06 10:00:26 | DEBUG    | log:153 | [perform_hybrid_search] BM25 raw scores: min=0.2721, max=19.9071
2026-01-06 10:00:26 | DEBUG    | log:153 | [classify_query_intent] No keyword matches found in: 'Thông tin về tôi có đang được bảo mật và hiển thị '
2026-01-06 10:00:26 | DEBUG    | log:153 | [normalize_query] 'Cho tôi truy xuất dữ liệu cá nhân của mì...' -> 'Cho tôi truy xuất dữ liệu cá nhân của mì...'
2026-01-06 10:00:26 | DEBUG    | log:153 | [perform_hybrid_search] query_text: [Cho tôi truy xuất dữ liệu cá nhân của mình.] - formatted_query: [Cho tôi truy xuất dữ liệu cá nhân của mình] - normalized_query: [Cho tôi truy xuất dữ liệu cá nhân của mình]
2026-01-06 10:00:26 | DEBUG    | log:153 | [perform_hybrid_search] BM25 raw scores: min=0.0520, max=26.9613
2026-01-06 10:00:26 | DEBUG    | log:153 | [classify_query_intent] No keyword matches found in: 'Cho tôi truy xuất dữ liệu cá nhân của mình'
2026-01-06 10:00:26 | DEBUG    | log:153 | [normalize_query] 'Tôi muốn biết trạng thái hiện tại của hồ...' -> 'Tôi muốn biết trạng thái hiện tại của hồ...'
2026-01-06 10:00:26 | DEBUG    | log:153 | [perform_hybrid_search] query_text: [Tôi muốn biết trạng thái hiện tại của hồ sơ khách hàng là gì.] - formatted_query: [Tôi muốn biết trạng thái hiện tại của hồ sơ khách hàng là gì] - normalized_query: [Tôi muốn biết trạng thái hiện tại của hồ sơ khách hàng là gì]
2026-01-06 10:00:26 | DEBUG    | log:153 | [perform_hybrid_search] BM25 raw scores: min=0.0202, max=63.1387
2026-01-06 10:00:26 | DEBUG    | log:153 | [get_keyword_boost] Query: 'Tôi muốn biết trạng thái hiện ...' | Doc: Tra cứu giao dịch th | Boost: 0.25 | Matched: ['trạng thái']
2026-01-06 10:00:26 | DEBUG    | log:153 | [get_keyword_boost] Query: 'Tôi muốn biết trạng thái hiện ...' | Doc: getUserProfile | Kiể | Boost: 0.25 | Matched: ['trạng thái']
2026-01-06 10:00:26 | DEBUG    | log:153 | [classify_query_intent] Ambiguous: 'Tôi muốn biết trạng thái hiện ...' | Scores: {'Tra cứu giao dịch theo trạng thái': 1, 'getUserProfile | Kiểm tra trạng thái hồ sơ khách hàng': 1}
2026-01-06 10:00:26 | DEBUG    | log:153 | [normalize_query] 'Vui lòng hiển thị thông tin về tên, tuổi...' -> 'Vui lòng hiển thị thông tin về tên, tuổi...'
2026-01-06 10:00:26 | DEBUG    | log:153 | [perform_hybrid_search] query_text: [Vui lòng hiển thị thông tin về tên, tuổi và quốc tịch.] - formatted_query: [Vui lòng hiển thị thông tin về tên, tuổi và quốc tịch] - normalized_query: [Vui lòng hiển thị thông tin về tên, tuổi và quốc tịch]
2026-01-06 10:00:26 | DEBUG    | log:153 | [perform_hybrid_search] BM25 raw scores: min=0.2477, max=24.3504
2026-01-06 10:00:26 | DEBUG    | log:153 | [get_keyword_boost] Query: 'Vui lòng hiển thị thông tin về...' | Doc: getUserProfile | Tra | Boost: 0.25 | Matched: ['quốc tịch']
2026-01-06 10:00:26 | DEBUG    | log:153 | [classify_query_intent] Classified: 'Vui lòng hiển thị thông tin về...' -> getUserProfile | Tra cứu thông (score=1)
2026-01-06 10:00:26 | DEBUG    | log:153 | [normalize_query] 'Dữ liệu cá nhân cơ bản của tôi có bao gồ...' -> 'Dữ liệu cá nhân cơ bản của tôi có bao gồ...'
2026-01-06 10:00:26 | DEBUG    | log:153 | [perform_hybrid_search] query_text: [Dữ liệu cá nhân cơ bản của tôi có bao gồm ảnh hồ sơ không?] - formatted_query: [Dữ liệu cá nhân cơ bản của tôi có bao gồm ảnh hồ sơ không] - normalized_query: [Dữ liệu cá nhân cơ bản của tôi có bao gồm ảnh hồ sơ không]
2026-01-06 10:00:26 | DEBUG    | log:153 | [perform_hybrid_search] BM25 raw scores: min=0.1040, max=55.6810
2026-01-06 10:00:26 | DEBUG    | log:153 | [classify_query_intent] No keyword matches found in: 'Dữ liệu cá nhân cơ bản của tôi có bao gồm ảnh hồ s'
2026-01-06 10:00:26 | DEBUG    | log:153 | [normalize_query] 'Tôi cần xác minh lại giới tính của mình ...' -> 'Tôi cần xác minh lại giới tính của mình ...'
2026-01-06 10:00:26 | DEBUG    | log:153 | [perform_hybrid_search] query_text: [Tôi cần xác minh lại giới tính của mình trên dữ liệu điện tử.] - formatted_query: [Tôi cần xác minh lại giới tính của mình trên dữ liệu điện tử] - normalized_query: [Tôi cần xác minh lại giới tính của mình trên dữ liệu điện tử]
2026-01-06 10:00:26 | DEBUG    | log:153 | [perform_hybrid_search] BM25 raw scores: min=0.0437, max=16.3781
2026-01-06 10:00:26 | DEBUG    | log:153 | [get_keyword_boost] Query: 'Tôi cần xác minh lại giới tính...' | Doc: Tra cứu giao dịch th | Boost: 0.25 | Matched: ['trên']
2026-01-06 10:00:26 | DEBUG    | log:153 | [get_keyword_boost] Query: 'Tôi cần xác minh lại giới tính...' | Doc: getTransactionList | | Boost: 0.25 | Matched: ['trên']
2026-01-06 10:00:26 | DEBUG    | log:153 | [get_keyword_boost] Query: 'Tôi cần xác minh lại giới tính...' | Doc: getUserProfile | Tra | Boost: 0.25 | Matched: ['giới tính']
2026-01-06 10:00:26 | DEBUG    | log:153 | [classify_query_intent] Ambiguous: 'Tôi cần xác minh lại giới tính...' | Scores: {'Tra cứu giao dịch theo số tiền': 1, 'getTransactionList | Tra cứu giao dịch chờ duyệt theo số tiền hoặc hạn mức': 1, 'getUserProfile | Tra cứu thông tin cá nhân cơ bản': 1}
2026-01-06 10:00:26 | DEBUG    | log:153 | [normalize_query] 'Hãy cho tôi xem thông tin cá nhân mà tôi...' -> 'Hãy cho tôi xem thông tin cá nhân mà tôi...'
2026-01-06 10:00:26 | DEBUG    | log:153 | [perform_hybrid_search] query_text: [Hãy cho tôi xem thông tin cá nhân mà tôi đã đăng ký lúc mở tài khoản.] - formatted_query: [Hãy cho tôi xem thông tin cá nhân mà tôi đã đăng ký lúc mở tài khoản] - normalized_query: [Hãy cho tôi xem thông tin cá nhân mà tôi đã đăng ký lúc mở tài khoản]
2026-01-06 10:00:26 | DEBUG    | log:153 | [perform_hybrid_search] BM25 raw scores: min=2.2439, max=57.6244
2026-01-06 10:00:26 | DEBUG    | log:153 | [get_keyword_boost] Query: 'Hãy cho tôi xem thông tin cá n...' | Doc: Tra cứu lịch sử giao | Boost: 0.25 | Matched: ['tài khoản']
2026-01-06 10:00:26 | DEBUG    | log:153 | [get_keyword_boost] Query: 'Hãy cho tôi xem thông tin cá n...' | Doc: getTransactionList | | Boost: 0.25 | Matched: ['tài khoản']
2026-01-06 10:00:26 | DEBUG    | log:153 | [get_keyword_boost] Query: 'Hãy cho tôi xem thông tin cá n...' | Doc: getUserProfile | Tra | Boost: 0.25 | Matched: ['thông tin cá nhân']
2026-01-06 10:00:26 | DEBUG    | log:153 | [classify_query_intent] Ambiguous: 'Hãy cho tôi xem thông tin cá n...' | Scores: {'Tra cứu lịch sử giao dịch theo số tài khoản': 1, 'getTransactionList | Tra cứu giao dịch chờ duyệt theo số tài khoản nguồn': 1, 'getUserProfile | Tra cứu thông tin cá nhân cơ bản': 1}
2026-01-06 10:00:26 | DEBUG    | log:153 | [normalize_query] 'Tôi muốn biết hồ sơ của mình có đang ở t...' -> 'Tôi muốn biết hồ sơ của mình có đang ở t...'
2026-01-06 10:00:26 | DEBUG    | log:153 | [perform_hybrid_search] query_text: [Tôi muốn biết hồ sơ của mình có đang ở trạng thái hoạt động bình thường?] - formatted_query: [Tôi muốn biết hồ sơ của mình có đang ở trạng thái hoạt động bình thường] - normalized_query: [Tôi muốn biết hồ sơ của mình có đang ở trạng thái hoạt động bình thường]
2026-01-06 10:00:26 | DEBUG    | log:153 | [perform_hybrid_search] BM25 raw scores: min=0.0202, max=35.2412
2026-01-06 10:00:26 | DEBUG    | log:153 | [get_keyword_boost] Query: 'Tôi muốn biết hồ sơ của mình c...' | Doc: Tra cứu giao dịch th | Boost: 0.25 | Matched: ['trạng thái']
2026-01-06 10:00:26 | DEBUG    | log:153 | [get_keyword_boost] Query: 'Tôi muốn biết hồ sơ của mình c...' | Doc: getUserProfile | Kiể | Boost: 0.50 | Matched: ['trạng thái', 'hoạt động']
2026-01-06 10:00:26 | DEBUG    | log:153 | [classify_query_intent] Classified: 'Tôi muốn biết hồ sơ của mình c...' -> getUserProfile | Kiểm tra trạn (score=2)
2026-01-06 10:00:26 | DEBUG    | log:153 | [normalize_query] 'Thông tin cá nhân của tôi gồm những mục ...' -> 'Thông tin cá nhân của tôi gồm những mục ...'
2026-01-06 10:00:26 | DEBUG    | log:153 | [perform_hybrid_search] query_text: [Thông tin cá nhân của tôi gồm những mục nào trên hệ thống này?] - formatted_query: [Thông tin cá nhân của tôi gồm những mục nào trên hệ thống này] - normalized_query: [Thông tin cá nhân của tôi gồm những mục nào trên hệ thống này]
2026-01-06 10:00:26 | DEBUG    | log:153 | [perform_hybrid_search] BM25 raw scores: min=0.2595, max=49.0254
2026-01-06 10:00:26 | DEBUG    | log:153 | [get_keyword_boost] Query: 'Thông tin cá nhân của tôi gồm ...' | Doc: Tra cứu giao dịch th | Boost: 0.25 | Matched: ['trên']
2026-01-06 10:00:26 | DEBUG    | log:153 | [get_keyword_boost] Query: 'Thông tin cá nhân của tôi gồm ...' | Doc: getTransactionList | | Boost: 0.25 | Matched: ['trên']
2026-01-06 10:00:26 | DEBUG    | log:153 | [get_keyword_boost] Query: 'Thông tin cá nhân của tôi gồm ...' | Doc: getUserProfile | Tra | Boost: 0.25 | Matched: ['thông tin cá nhân']
2026-01-06 10:00:26 | DEBUG    | log:153 | [classify_query_intent] Ambiguous: 'Thông tin cá nhân của tôi gồm ...' | Scores: {'Tra cứu giao dịch theo số tiền': 1, 'getTransactionList | Tra cứu giao dịch chờ duyệt theo số tiền hoặc hạn mức': 1, 'getUserProfile | Tra cứu thông tin cá nhân cơ bản': 1}
2026-01-06 10:00:26 | DEBUG    | log:153 | [normalize_query] 'Vui lòng trích xuất thông tin định danh ...' -> 'Vui lòng trích xuất thông tin định danh ...'
2026-01-06 10:00:26 | DEBUG    | log:153 | [perform_hybrid_search] query_text: [Vui lòng trích xuất thông tin định danh cơ bản của khách hàng.] - formatted_query: [Vui lòng trích xuất thông tin định danh cơ bản của khách hàng] - normalized_query: [Vui lòng trích xuất thông tin định danh cơ bản của khách hàng]
2026-01-06 10:00:26 | DEBUG    | log:153 | [perform_hybrid_search] BM25 raw scores: min=0.3348, max=34.6582
2026-01-06 10:00:26 | DEBUG    | log:153 | [get_keyword_boost] Query: 'Vui lòng trích xuất thông tin ...' | Doc: getUserProfile | Tra | Boost: 0.25 | Matched: ['định danh']
2026-01-06 10:00:26 | DEBUG    | log:153 | [classify_query_intent] Classified: 'Vui lòng trích xuất thông tin ...' -> getUserProfile | Tra cứu thông (score=1)
2026-01-06 10:00:26 | DEBUG    | log:153 | [normalize_query] 'Tên của tôi có trùng khớp với thông tin ...' -> 'Tên của tôi có trùng khớp với thông tin ...'
2026-01-06 10:00:26 | DEBUG    | log:153 | [perform_hybrid_search] query_text: [Tên của tôi có trùng khớp với thông tin trên căn cước công dân không?] - formatted_query: [Tên của tôi có trùng khớp với thông tin trên căn cước công dân không] - normalized_query: [Tên của tôi có trùng khớp với thông tin trên căn cước công dân không]
2026-01-06 10:00:26 | DEBUG    | log:153 | [perform_hybrid_search] BM25 raw scores: min=0.1696, max=18.2518
2026-01-06 10:00:26 | DEBUG    | log:153 | [get_keyword_boost] Query: 'Tên của tôi có trùng khớp với ...' | Doc: Tra cứu giao dịch th | Boost: 0.25 | Matched: ['trên']
2026-01-06 10:00:26 | DEBUG    | log:153 | [get_keyword_boost] Query: 'Tên của tôi có trùng khớp với ...' | Doc: getTransactionList | | Boost: 0.25 | Matched: ['trên']
2026-01-06 10:00:26 | DEBUG    | log:153 | [get_keyword_boost] Query: 'Tên của tôi có trùng khớp với ...' | Doc: getUserProfile | Tra | Boost: 0.25 | Matched: ['căn cước']
2026-01-06 10:00:26 | DEBUG    | log:153 | [classify_query_intent] Ambiguous: 'Tên của tôi có trùng khớp với ...' | Scores: {'Tra cứu giao dịch theo số tiền': 1, 'getTransactionList | Tra cứu giao dịch chờ duyệt theo số tiền hoặc hạn mức': 1, 'getUserProfile | Tra cứu thông tin định danh': 1}
2026-01-06 10:00:26 | DEBUG    | log:153 | [normalize_query] 'Tôi muốn kiểm tra lại ngày sinh của mình...' -> 'Tôi muốn kiểm tra lại ngày sinh của mình...'
2026-01-06 10:00:26 | DEBUG    | log:153 | [perform_hybrid_search] query_text: [Tôi muốn kiểm tra lại ngày sinh của mình xem có bị nhầm lẫn không.] - formatted_query: [Tôi muốn kiểm tra lại ngày sinh của mình xem có bị nhầm lẫn không] - normalized_query: [Tôi muốn kiểm tra lại ngày sinh của mình xem có bị nhầm lẫn không]
2026-01-06 10:00:26 | DEBUG    | log:153 | [perform_hybrid_search] BM25 raw scores: min=0.0202, max=31.0559
2026-01-06 10:00:26 | DEBUG    | log:153 | [get_keyword_boost] Query: 'Tôi muốn kiểm tra lại ngày sin...' | Doc: Tra cứu lịch sử giao | Boost: 0.25 | Matched: ['ngày']
2026-01-06 10:00:26 | DEBUG    | log:153 | [get_keyword_boost] Query: 'Tôi muốn kiểm tra lại ngày sin...' | Doc: getTransactionList | | Boost: 0.25 | Matched: ['ngày']
2026-01-06 10:00:26 | DEBUG    | log:153 | [get_keyword_boost] Query: 'Tôi muốn kiểm tra lại ngày sin...' | Doc: getUserProfile | Tra | Boost: 0.25 | Matched: ['ngày sinh']
2026-01-06 10:00:26 | DEBUG    | log:153 | [classify_query_intent] Ambiguous: 'Tôi muốn kiểm tra lại ngày sin...' | Scores: {'Tra cứu lịch sử giao dịch theo khoảng thời gian': 1, 'getTransactionList | Tra cứu giao dịch chờ duyệt theo khoảng thời gian': 1, 'getUserProfile | Tra cứu thông tin cá nhân cơ bản': 1}
2026-01-06 10:00:26 | DEBUG    | log:153 | [normalize_query] 'Hồ sơ người dùng của tôi có đang được cậ...' -> 'Hồ sơ người dùng của tôi có đang được cậ...'
2026-01-06 10:00:26 | DEBUG    | log:153 | [perform_hybrid_search] query_text: [Hồ sơ người dùng của tôi có đang được cập nhật thông tin mới nhất?] - formatted_query: [Hồ sơ người dùng của tôi có đang được cập nhật thông tin mới nhất] - normalized_query: [Hồ sơ người dùng của tôi có đang được cập nhật thông tin mới nhất]
2026-01-06 10:00:26 | DEBUG    | log:153 | [perform_hybrid_search] BM25 raw scores: min=0.7180, max=28.8491
2026-01-06 10:00:26 | DEBUG    | log:153 | [get_keyword_boost] Query: 'Hồ sơ người dùng của tôi có đa...' | Doc: getUserProfile | Tra | Boost: 0.25 | Matched: ['người dùng']
2026-01-06 10:00:26 | DEBUG    | log:153 | [classify_query_intent] Classified: 'Hồ sơ người dùng của tôi có đa...' -> getUserProfile | Tra cứu thông (score=1)
2026-01-06 10:00:26 | DEBUG    | log:153 | [normalize_query] 'Cho tôi xem quốc tịch của tôi đang được ...' -> 'Cho tôi xem quốc tịch của tôi đang được ...'
2026-01-06 10:00:26 | DEBUG    | log:153 | [perform_hybrid_search] query_text: [Cho tôi xem quốc tịch của tôi đang được hệ thống ghi nhận.] - formatted_query: [Cho tôi xem quốc tịch của tôi đang được hệ thống ghi nhận] - normalized_query: [Cho tôi xem quốc tịch của tôi đang được hệ thống ghi nhận]
2026-01-06 10:00:26 | DEBUG    | log:153 | [perform_hybrid_search] BM25 raw scores: min=0.1049, max=33.7445
2026-01-06 10:00:26 | DEBUG    | log:153 | [get_keyword_boost] Query: 'Cho tôi xem quốc tịch của tôi ...' | Doc: Tra cứu giao dịch nh | Boost: 0.25 | Matched: ['nhận']
2026-01-06 10:00:26 | DEBUG    | log:153 | [get_keyword_boost] Query: 'Cho tôi xem quốc tịch của tôi ...' | Doc: getUserProfile | Tra | Boost: 0.25 | Matched: ['quốc tịch']
2026-01-06 10:00:26 | DEBUG    | log:153 | [classify_query_intent] Ambiguous: 'Cho tôi xem quốc tịch của tôi ...' | Scores: {'Tra cứu giao dịch nhận tiền': 1, 'getUserProfile | Tra cứu thông tin cá nhân cơ bản': 1}
2026-01-06 10:00:26 | DEBUG    | log:153 | [normalize_query] 'Thông tin cá nhân cơ bản của tôi có gì t...' -> 'Thông tin cá nhân cơ bản của tôi có gì t...'
2026-01-06 10:00:26 | DEBUG    | log:153 | [perform_hybrid_search] query_text: [Thông tin cá nhân cơ bản của tôi có gì thay đổi so với lúc đầu không?] - formatted_query: [Thông tin cá nhân cơ bản của tôi có gì thay đổi so với lúc đầu không] - normalized_query: [Thông tin cá nhân cơ bản của tôi có gì thay đổi so với lúc đầu không]
2026-01-06 10:00:26 | DEBUG    | log:153 | [perform_hybrid_search] BM25 raw scores: min=0.2281, max=72.6667
2026-01-06 10:00:26 | DEBUG    | log:153 | [get_keyword_boost] Query: 'Thông tin cá nhân cơ bản của t...' | Doc: getUserProfile | Tra | Boost: 0.25 | Matched: ['thông tin cá nhân']
2026-01-06 10:00:26 | DEBUG    | log:153 | [classify_query_intent] Classified: 'Thông tin cá nhân cơ bản của t...' -> getUserProfile | Tra cứu thông (score=1)
2026-01-06 10:00:26 | DEBUG    | log:153 | [normalize_query] 'Vui lòng cho biết họ và tên đầy đủ của t...' -> 'Vui lòng cho biết họ và tên đầy đủ của t...'
2026-01-06 10:00:26 | DEBUG    | log:153 | [perform_hybrid_search] query_text: [Vui lòng cho biết họ và tên đầy đủ của tôi.] - formatted_query: [Vui lòng cho biết họ và tên đầy đủ của tôi] - normalized_query: [Vui lòng cho biết họ và tên đầy đủ của tôi]
2026-01-06 10:00:26 | DEBUG    | log:153 | [perform_hybrid_search] BM25 raw scores: min=0.0000, max=10.9008
2026-01-06 10:00:26 | DEBUG    | log:153 | [classify_query_intent] No keyword matches found in: 'Vui lòng cho biết họ và tên đầy đủ của tôi'
2026-01-06 10:00:26 | DEBUG    | log:153 | [normalize_query] 'Tôi muốn xác nhận thông tin cá nhân của ...' -> 'Tôi muốn xác nhận thông tin cá nhân của ...'
2026-01-06 10:00:26 | DEBUG    | log:153 | [perform_hybrid_search] query_text: [Tôi muốn xác nhận thông tin cá nhân của mình một lần nữa.] - formatted_query: [Tôi muốn xác nhận thông tin cá nhân của mình một lần nữa] - normalized_query: [Tôi muốn xác nhận thông tin cá nhân của mình một lần nữa]
2026-01-06 10:00:26 | DEBUG    | log:153 | [perform_hybrid_search] BM25 raw scores: min=0.5157, max=59.3909
2026-01-06 10:00:26 | DEBUG    | log:153 | [get_keyword_boost] Query: 'Tôi muốn xác nhận thông tin cá...' | Doc: Tra cứu giao dịch nh | Boost: 0.25 | Matched: ['nhận']
2026-01-06 10:00:26 | DEBUG    | log:153 | [get_keyword_boost] Query: 'Tôi muốn xác nhận thông tin cá...' | Doc: getUserProfile | Tra | Boost: 0.50 | Matched: ['thông tin cá nhân', 'nữ']
2026-01-06 10:00:26 | DEBUG    | log:153 | [classify_query_intent] Classified: 'Tôi muốn xác nhận thông tin cá...' -> getUserProfile | Tra cứu thông (score=2)
2026-01-06 10:00:26 | DEBUG    | log:153 | [normalize_query] 'Hệ thống hiển thị thông tin cá nhân của ...' -> 'Hệ thống hiển thị thông tin cá nhân của ...'
2026-01-06 10:00:26 | DEBUG    | log:153 | [perform_hybrid_search] query_text: [Hệ thống hiển thị thông tin cá nhân của tôi như thế nào?] - formatted_query: [Hệ thống hiển thị thông tin cá nhân của tôi như thế nào] - normalized_query: [Hệ thống hiển thị thông tin cá nhân của tôi như thế nào]
2026-01-06 10:00:26 | DEBUG    | log:153 | [perform_hybrid_search] BM25 raw scores: min=0.3147, max=71.8497
2026-01-06 10:00:26 | DEBUG    | log:153 | [get_keyword_boost] Query: 'Hệ thống hiển thị thông tin cá...' | Doc: getUserProfile | Tra | Boost: 0.25 | Matched: ['thông tin cá nhân']
2026-01-06 10:00:26 | DEBUG    | log:153 | [classify_query_intent] Classified: 'Hệ thống hiển thị thông tin cá...' -> getUserProfile | Tra cứu thông (score=1)
2026-01-06 10:00:26 | DEBUG    | log:153 | [normalize_query] 'Tôi cần biết ngày tháng năm sinh của mìn...' -> 'Tôi cần biết ngày tháng năm sinh của mìn...'
2026-01-06 10:00:26 | DEBUG    | log:153 | [perform_hybrid_search] query_text: [Tôi cần biết ngày tháng năm sinh của mình đang lưu tại ngân hàng.] - formatted_query: [Tôi cần biết ngày tháng năm sinh của mình đang lưu tại ngân hàng] - normalized_query: [Tôi cần biết ngày tháng năm sinh của mình đang lưu tại ngân hàng]
2026-01-06 10:00:26 | DEBUG    | log:153 | [perform_hybrid_search] BM25 raw scores: min=0.0000, max=30.9662
2026-01-06 10:00:26 | DEBUG    | log:153 | [get_keyword_boost] Query: 'Tôi cần biết ngày tháng năm si...' | Doc: Tra cứu lịch sử giao | Boost: 0.75 | Matched: ['ngày', 'tháng', 'năm']
2026-01-06 10:00:26 | DEBUG    | log:153 | [get_keyword_boost] Query: 'Tôi cần biết ngày tháng năm si...' | Doc: getTransactionList | | Boost: 0.75 | Matched: ['ngày', 'tháng', 'năm']
2026-01-06 10:00:26 | DEBUG    | log:153 | [classify_query_intent] Ambiguous: 'Tôi cần biết ngày tháng năm si...' | Scores: {'Tra cứu lịch sử giao dịch theo khoảng thời gian': 3, 'getTransactionList | Tra cứu giao dịch chờ duyệt theo khoảng thời gian': 3}
2026-01-06 10:00:26 | DEBUG    | log:153 | [normalize_query] 'Hãy hiển thị giới tính và quốc tịch của ...' -> 'Hãy hiển thị giới tính và quốc tịch của ...'
2026-01-06 10:00:26 | DEBUG    | log:153 | [perform_hybrid_search] query_text: [Hãy hiển thị giới tính và quốc tịch của tôi lên đây.] - formatted_query: [Hãy hiển thị giới tính và quốc tịch của tôi lên đây] - normalized_query: [Hãy hiển thị giới tính và quốc tịch của tôi lên đây]
2026-01-06 10:00:26 | DEBUG    | log:153 | [perform_hybrid_search] BM25 raw scores: min=0.0000, max=31.1642
2026-01-06 10:00:26 | DEBUG    | log:153 | [get_keyword_boost] Query: 'Hãy hiển thị giới tính và quốc...' | Doc: getUserProfile | Tra | Boost: 0.50 | Matched: ['giới tính', 'quốc tịch']
2026-01-06 10:00:26 | DEBUG    | log:153 | [classify_query_intent] Classified: 'Hãy hiển thị giới tính và quốc...' -> getUserProfile | Tra cứu thông (score=2)
2026-01-06 10:00:26 | DEBUG    | log:153 | [normalize_query] 'Trạng thái hồ sơ cá nhân của tôi có đang...' -> 'Trạng thái hồ sơ cá nhân của tôi có đang...'
2026-01-06 10:00:26 | DEBUG    | log:153 | [perform_hybrid_search] query_text: [Trạng thái hồ sơ cá nhân của tôi có đang là ACTIVE không?] - formatted_query: [Trạng thái hồ sơ cá nhân của tôi có đang là active không] - normalized_query: [Trạng thái hồ sơ cá nhân của tôi có đang là active không]
2026-01-06 10:00:26 | DEBUG    | log:153 | [perform_hybrid_search] BM25 raw scores: min=0.0116, max=48.2013
2026-01-06 10:00:26 | DEBUG    | log:153 | [get_keyword_boost] Query: 'Trạng thái hồ sơ cá nhân của t...' | Doc: Tra cứu giao dịch th | Boost: 0.25 | Matched: ['trạng thái']
2026-01-06 10:00:26 | DEBUG    | log:153 | [get_keyword_boost] Query: 'Trạng thái hồ sơ cá nhân của t...' | Doc: getUserProfile | Tra | Boost: 0.25 | Matched: ['hồ sơ cá nhân']
2026-01-06 10:00:26 | DEBUG    | log:153 | [get_keyword_boost] Query: 'Trạng thái hồ sơ cá nhân của t...' | Doc: getUserProfile | Kiể | Boost: 0.50 | Matched: ['trạng thái', 'active']
2026-01-06 10:00:26 | DEBUG    | log:153 | [classify_query_intent] Classified: 'Trạng thái hồ sơ cá nhân của t...' -> getUserProfile | Kiểm tra trạn (score=2)
2026-01-06 10:00:26 | DEBUG    | log:153 | [normalize_query] 'Tôi muốn xem lại lý lịch cá nhân của mìn...' -> 'Tôi muốn xem lại lý lịch cá nhân của mìn...'
2026-01-06 10:00:26 | DEBUG    | log:153 | [perform_hybrid_search] query_text: [Tôi muốn xem lại lý lịch cá nhân của mình trên ứng dụng.] - formatted_query: [Tôi muốn xem lại lý lịch cá nhân của mình trên ứng dụng] - normalized_query: [Tôi muốn xem lại lý lịch cá nhân của mình trên ứng dụng]
2026-01-06 10:00:26 | DEBUG    | log:153 | [perform_hybrid_search] BM25 raw scores: min=0.6193, max=38.4311
2026-01-06 10:00:26 | DEBUG    | log:153 | [get_keyword_boost] Query: 'Tôi muốn xem lại lý lịch cá nh...' | Doc: Tra cứu giao dịch th | Boost: 0.25 | Matched: ['trên']
2026-01-06 10:00:26 | DEBUG    | log:153 | [get_keyword_boost] Query: 'Tôi muốn xem lại lý lịch cá nh...' | Doc: getTransactionList | | Boost: 0.25 | Matched: ['trên']
2026-01-06 10:00:26 | DEBUG    | log:153 | [classify_query_intent] Ambiguous: 'Tôi muốn xem lại lý lịch cá nh...' | Scores: {'Tra cứu giao dịch theo số tiền': 1, 'getTransactionList | Tra cứu giao dịch chờ duyệt theo số tiền hoặc hạn mức': 1}
2026-01-06 10:00:26 | DEBUG    | log:153 | [normalize_query] 'Vui lòng hiển thị thông tin định danh kh...' -> 'Vui lòng hiển thị thông tin định danh kh...'
2026-01-06 10:00:26 | DEBUG    | log:153 | [perform_hybrid_search] query_text: [Vui lòng hiển thị thông tin định danh khách hàng cơ bản.] - formatted_query: [Vui lòng hiển thị thông tin định danh khách hàng cơ bản] - normalized_query: [Vui lòng hiển thị thông tin định danh khách hàng cơ bản]
2026-01-06 10:00:26 | DEBUG    | log:153 | [perform_hybrid_search] BM25 raw scores: min=0.3348, max=35.8326
2026-01-06 10:00:26 | DEBUG    | log:153 | [get_keyword_boost] Query: 'Vui lòng hiển thị thông tin đị...' | Doc: getUserProfile | Tra | Boost: 0.25 | Matched: ['định danh']
2026-01-06 10:00:26 | DEBUG    | log:153 | [classify_query_intent] Classified: 'Vui lòng hiển thị thông tin đị...' -> getUserProfile | Tra cứu thông (score=1)
2026-01-06 10:00:26 | DEBUG    | log:153 | [normalize_query] 'Tôi muốn biết mình đã khai báo quốc tịch...' -> 'Tôi muốn biết mình đã khai báo quốc tịch...'
2026-01-06 10:00:26 | DEBUG    | log:153 | [perform_hybrid_search] query_text: [Tôi muốn biết mình đã khai báo quốc tịch là gì.] - formatted_query: [Tôi muốn biết mình đã khai báo quốc tịch là gì] - normalized_query: [Tôi muốn biết mình đã khai báo quốc tịch là gì]
2026-01-06 10:00:26 | DEBUG    | log:153 | [perform_hybrid_search] BM25 raw scores: min=0.0202, max=35.1881
2026-01-06 10:00:26 | DEBUG    | log:153 | [get_keyword_boost] Query: 'Tôi muốn biết mình đã khai báo...' | Doc: getUserProfile | Tra | Boost: 0.25 | Matched: ['quốc tịch']
2026-01-06 10:00:26 | DEBUG    | log:153 | [classify_query_intent] Classified: 'Tôi muốn biết mình đã khai báo...' -> getUserProfile | Tra cứu thông (score=1)
2026-01-06 10:00:26 | DEBUG    | log:153 | [normalize_query] 'Thông tin cá nhân của tôi có đang ở trạn...' -> 'Thông tin cá nhân của tôi có đang ở trạn...'
2026-01-06 10:00:26 | DEBUG    | log:153 | [perform_hybrid_search] query_text: [Thông tin cá nhân của tôi có đang ở trạng thái sẵn dụng không?] - formatted_query: [Thông tin cá nhân của tôi có đang ở trạng thái sẵn dụng không] - normalized_query: [Thông tin cá nhân của tôi có đang ở trạng thái sẵn dụng không]
2026-01-06 10:00:26 | DEBUG    | log:153 | [perform_hybrid_search] BM25 raw scores: min=0.2281, max=40.0195
2026-01-06 10:00:26 | DEBUG    | log:153 | [get_keyword_boost] Query: 'Thông tin cá nhân của tôi có đ...' | Doc: Tra cứu giao dịch th | Boost: 0.25 | Matched: ['trạng thái']
2026-01-06 10:00:26 | DEBUG    | log:153 | [get_keyword_boost] Query: 'Thông tin cá nhân của tôi có đ...' | Doc: getUserProfile | Tra | Boost: 0.25 | Matched: ['thông tin cá nhân']
2026-01-06 10:00:26 | DEBUG    | log:153 | [get_keyword_boost] Query: 'Thông tin cá nhân của tôi có đ...' | Doc: getUserProfile | Kiể | Boost: 0.25 | Matched: ['trạng thái']
2026-01-06 10:00:26 | DEBUG    | log:153 | [classify_query_intent] Ambiguous: 'Thông tin cá nhân của tôi có đ...' | Scores: {'Tra cứu giao dịch theo trạng thái': 1, 'getUserProfile | Tra cứu thông tin cá nhân cơ bản': 1, 'getUserProfile | Kiểm tra trạng thái hồ sơ khách hàng': 1}
2026-01-06 10:00:26 | DEBUG    | log:153 | [normalize_query] 'Vui lòng cung cấp cho tôi cái nhìn tổng ...' -> 'Vui lòng cung cấp cho tôi cái nhìn tổng ...'
2026-01-06 10:00:26 | DEBUG    | log:153 | [perform_hybrid_search] query_text: [Vui lòng cung cấp cho tôi cái nhìn tổng quan về hồ sơ cá nhân.] - formatted_query: [Vui lòng cung cấp cho tôi cái nhìn tổng quan về hồ sơ cá nhân] - normalized_query: [Vui lòng cung cấp cho tôi cái nhìn tổng quan về hồ sơ cá nhân]
2026-01-06 10:00:26 | DEBUG    | log:153 | [perform_hybrid_search] BM25 raw scores: min=0.0605, max=39.6624
2026-01-06 10:00:26 | DEBUG    | log:153 | [get_keyword_boost] Query: 'Vui lòng cung cấp cho tôi cái ...' | Doc: Tổng hợp số tiền gia | Boost: 0.25 | Matched: ['tổng']
2026-01-06 10:00:26 | DEBUG    | log:153 | [get_keyword_boost] Query: 'Vui lòng cung cấp cho tôi cái ...' | Doc: getUserProfile | Tra | Boost: 0.25 | Matched: ['hồ sơ cá nhân']
2026-01-06 10:00:26 | DEBUG    | log:153 | [classify_query_intent] Ambiguous: 'Vui lòng cung cấp cho tôi cái ...' | Scores: {'Tổng hợp số tiền giao dịch': 1, 'getUserProfile | Tra cứu thông tin cá nhân cơ bản': 1}
2026-01-06 10:00:26 | DEBUG    | log:153 | [normalize_query] 'Liệu hệ thống có đang lưu sai giới tính ...' -> 'Liệu hệ thống có đang lưu sai giới tính ...'
2026-01-06 10:00:26 | DEBUG    | log:153 | [perform_hybrid_search] query_text: [Liệu hệ thống có đang lưu sai giới tính của tôi không?] - formatted_query: [Liệu hệ thống có đang lưu sai giới tính của tôi không] - normalized_query: [Liệu hệ thống có đang lưu sai giới tính của tôi không]
2026-01-06 10:00:26 | DEBUG    | log:153 | [perform_hybrid_search] BM25 raw scores: min=0.0674, max=24.5641
2026-01-06 10:00:26 | DEBUG    | log:153 | [get_keyword_boost] Query: 'Liệu hệ thống có đang lưu sai ...' | Doc: getUserProfile | Tra | Boost: 0.25 | Matched: ['giới tính']
2026-01-06 10:00:26 | DEBUG    | log:153 | [classify_query_intent] Classified: 'Liệu hệ thống có đang lưu sai ...' -> getUserProfile | Tra cứu thông (score=1)
2026-01-06 10:00:26 | DEBUG    | log:153 | [normalize_query] 'Trích xuất toàn bộ metadata cá nhân của ...' -> 'Trích xuất toàn bộ metadata cá nhân của ...'
2026-01-06 10:00:26 | DEBUG    | log:153 | [perform_hybrid_search] query_text: [Trích xuất toàn bộ metadata cá nhân của tôi ra đây.] - formatted_query: [Trích xuất toàn bộ metadata cá nhân của tôi ra đây] - normalized_query: [Trích xuất toàn bộ metadata cá nhân của tôi ra đây]
2026-01-06 10:00:26 | DEBUG    | log:153 | [perform_hybrid_search] BM25 raw scores: min=0.0000, max=18.0915
2026-01-06 10:00:26 | DEBUG    | log:153 | [get_keyword_boost] Query: 'Trích xuất toàn bộ metadata cá...' | Doc: getTransactionList | | Boost: 0.25 | Matched: ['toàn bộ']
2026-01-06 10:00:26 | DEBUG    | log:153 | [classify_query_intent] Classified: 'Trích xuất toàn bộ metadata cá...' -> getTransactionList | Tra cứu g (score=1)
2026-01-06 10:00:26 | DEBUG    | log:153 | [normalize_query] 'Tôi cần verify lại họ tên đầy đủ đang hi...' -> 'Tôi cần verify lại họ tên đầy đủ đang hi...'
2026-01-06 10:00:26 | DEBUG    | log:153 | [perform_hybrid_search] query_text: [Tôi cần verify lại họ tên đầy đủ đang hiển thị trên database.] - formatted_query: [Tôi cần verify lại họ tên đầy đủ đang hiển thị trên database] - normalized_query: [Tôi cần verify lại họ tên đầy đủ đang hiển thị trên database]
2026-01-06 10:00:26 | DEBUG    | log:153 | [perform_hybrid_search] BM25 raw scores: min=0.0000, max=25.0914
2026-01-06 10:00:26 | DEBUG    | log:153 | [get_keyword_boost] Query: 'Tôi cần verify lại họ tên đầy ...' | Doc: Tra cứu giao dịch th | Boost: 0.25 | Matched: ['trên']
2026-01-06 10:00:26 | DEBUG    | log:153 | [get_keyword_boost] Query: 'Tôi cần verify lại họ tên đầy ...' | Doc: getTransactionList | | Boost: 0.25 | Matched: ['trên']
2026-01-06 10:00:26 | DEBUG    | log:153 | [get_keyword_boost] Query: 'Tôi cần verify lại họ tên đầy ...' | Doc: getUserProfile | Tra | Boost: 0.25 | Matched: ['họ tên']
2026-01-06 10:00:26 | DEBUG    | log:153 | [classify_query_intent] Ambiguous: 'Tôi cần verify lại họ tên đầy ...' | Scores: {'Tra cứu giao dịch theo số tiền': 1, 'getTransactionList | Tra cứu giao dịch chờ duyệt theo số tiền hoặc hạn mức': 1, 'getUserProfile | Tra cứu thông tin cá nhân cơ bản': 1}
2026-01-06 10:00:26 | DEBUG    | log:153 | [normalize_query] 'Có thông tin nào về ngày sinh của tôi bị...' -> 'Có thông tin nào về ngày sinh của tôi bị...'
2026-01-06 10:00:26 | DEBUG    | log:153 | [perform_hybrid_search] query_text: [Có thông tin nào về ngày sinh của tôi bị conflict không?] - formatted_query: [Có thông tin nào về ngày sinh của tôi bị conflict không] - normalized_query: [Có thông tin nào về ngày sinh của tôi bị conflict không]
2026-01-06 10:00:26 | DEBUG    | log:153 | [perform_hybrid_search] BM25 raw scores: min=0.2376, max=19.2266
2026-01-06 10:00:26 | DEBUG    | log:153 | [get_keyword_boost] Query: 'Có thông tin nào về ngày sinh ...' | Doc: Tra cứu lịch sử giao | Boost: 0.25 | Matched: ['ngày']
2026-01-06 10:00:26 | DEBUG    | log:153 | [get_keyword_boost] Query: 'Có thông tin nào về ngày sinh ...' | Doc: getTransactionList | | Boost: 0.25 | Matched: ['ngày']
2026-01-06 10:00:26 | DEBUG    | log:153 | [get_keyword_boost] Query: 'Có thông tin nào về ngày sinh ...' | Doc: getUserProfile | Tra | Boost: 0.25 | Matched: ['ngày sinh']
2026-01-06 10:00:26 | DEBUG    | log:153 | [classify_query_intent] Ambiguous: 'Có thông tin nào về ngày sinh ...' | Scores: {'Tra cứu lịch sử giao dịch theo khoảng thời gian': 1, 'getTransactionList | Tra cứu giao dịch chờ duyệt theo khoảng thời gian': 1, 'getUserProfile | Tra cứu thông tin cá nhân cơ bản': 1}
2026-01-06 10:00:26 | DEBUG    | log:153 | [normalize_query] 'Hãy cho tôi biết "danh tính số" của tôi ...' -> 'Hãy cho tôi biết "danh tính số" của tôi ...'
2026-01-06 10:00:26 | DEBUG    | log:153 | [perform_hybrid_search] query_text: [Hãy cho tôi biết "danh tính số" của tôi gồm những gì?] - formatted_query: [Hãy cho tôi biết "danh tính số" của tôi gồm những gì] - normalized_query: [Hãy cho tôi biết "danh tính số" của tôi gồm những gì]
2026-01-06 10:00:26 | DEBUG    | log:153 | [perform_hybrid_search] BM25 raw scores: min=0.2104, max=17.4459
2026-01-06 10:00:26 | DEBUG    | log:153 | [classify_query_intent] No keyword matches found in: 'Hãy cho tôi biết "danh tính số" của tôi gồm những '
2026-01-06 10:00:26 | DEBUG    | log:153 | [normalize_query] 'Nếu tôi là người đa quốc tịch thì hệ thố...' -> 'Nếu tôi là người đa quốc tịch thì hệ thố...'
2026-01-06 10:00:26 | DEBUG    | log:153 | [perform_hybrid_search] query_text: [Nếu tôi là người đa quốc tịch thì hệ thống hiển thị nước nào?] - formatted_query: [Nếu tôi là người đa quốc tịch thì hệ thống hiển thị nước nào] - normalized_query: [Nếu tôi là người đa quốc tịch thì hệ thống hiển thị nước nào]
2026-01-06 10:00:26 | DEBUG    | log:153 | [perform_hybrid_search] BM25 raw scores: min=0.4622, max=32.8500
2026-01-06 10:00:26 | DEBUG    | log:153 | [get_keyword_boost] Query: 'Nếu tôi là người đa quốc tịch ...' | Doc: getUserProfile | Tra | Boost: 0.25 | Matched: ['quốc tịch']
2026-01-06 10:00:26 | DEBUG    | log:153 | [classify_query_intent] Classified: 'Nếu tôi là người đa quốc tịch ...' -> getUserProfile | Tra cứu thông (score=1)
2026-01-06 10:00:26 | DEBUG    | log:153 | [normalize_query] 'Log thông tin cá nhân cơ bản của tôi lên...' -> 'Log thông tin cá nhân cơ bản của tôi lên...'
2026-01-06 10:00:26 | DEBUG    | log:153 | [perform_hybrid_search] query_text: [Log thông tin cá nhân cơ bản của tôi lên xem nào.] - formatted_query: [Log thông tin cá nhân cơ bản của tôi lên xem nào] - normalized_query: [Log thông tin cá nhân cơ bản của tôi lên xem nào]
2026-01-06 10:00:26 | DEBUG    | log:153 | [perform_hybrid_search] BM25 raw scores: min=0.3147, max=73.9425
2026-01-06 10:00:26 | DEBUG    | log:153 | [get_keyword_boost] Query: 'Log thông tin cá nhân cơ bản c...' | Doc: getUserProfile | Tra | Boost: 0.25 | Matched: ['thông tin cá nhân']
2026-01-06 10:00:26 | DEBUG    | log:153 | [classify_query_intent] Classified: 'Log thông tin cá nhân cơ bản c...' -> getUserProfile | Tra cứu thông (score=1)
2026-01-06 10:00:26 | DEBUG    | log:153 | [normalize_query] 'Tôi muốn so khớp ngày sinh trên app với ...' -> 'Tôi muốn so khớp ngày sinh trên app với ...'
2026-01-06 10:00:26 | DEBUG    | log:153 | [perform_hybrid_search] query_text: [Tôi muốn so khớp ngày sinh trên app với giấy tờ gốc.] - formatted_query: [Tôi muốn so khớp ngày sinh trên app với giấy tờ gốc] - normalized_query: [Tôi muốn so khớp ngày sinh trên app với giấy tờ gốc]
2026-01-06 10:00:26 | DEBUG    | log:153 | [perform_hybrid_search] BM25 raw scores: min=0.0116, max=11.7391
2026-01-06 10:00:26 | DEBUG    | log:153 | [get_keyword_boost] Query: 'Tôi muốn so khớp ngày sinh trê...' | Doc: Tra cứu lịch sử giao | Boost: 0.25 | Matched: ['ngày']
2026-01-06 10:00:26 | DEBUG    | log:153 | [get_keyword_boost] Query: 'Tôi muốn so khớp ngày sinh trê...' | Doc: Tra cứu giao dịch th | Boost: 0.25 | Matched: ['trên']
2026-01-06 10:00:26 | DEBUG    | log:153 | [get_keyword_boost] Query: 'Tôi muốn so khớp ngày sinh trê...' | Doc: getTransactionList | | Boost: 0.25 | Matched: ['ngày']
2026-01-06 10:00:26 | DEBUG    | log:153 | [get_keyword_boost] Query: 'Tôi muốn so khớp ngày sinh trê...' | Doc: getTransactionList | | Boost: 0.25 | Matched: ['trên']
2026-01-06 10:00:26 | DEBUG    | log:153 | [get_keyword_boost] Query: 'Tôi muốn so khớp ngày sinh trê...' | Doc: getUserProfile | Tra | Boost: 0.25 | Matched: ['ngày sinh']
2026-01-06 10:00:26 | DEBUG    | log:153 | [classify_query_intent] Ambiguous: 'Tôi muốn so khớp ngày sinh trê...' | Scores: {'Tra cứu lịch sử giao dịch theo khoảng thời gian': 1, 'Tra cứu giao dịch theo số tiền': 1, 'getTransactionList | Tra cứu giao dịch chờ duyệt theo khoảng thời gian': 1, 'getTransactionList | Tra cứu giao dịch chờ duyệt theo số tiền hoặc hạn mức': 1, 'getUserProfile | Tra cứu thông tin cá nhân cơ bản': 1}
2026-01-06 10:00:26 | DEBUG    | log:153 | [normalize_query] 'Tên của tôi có bị cắt ngắn hay viết tắt ...' -> 'Tên của tôi có bị cắt ngắn hay viết tắt ...'
2026-01-06 10:00:26 | DEBUG    | log:153 | [perform_hybrid_search] query_text: [Tên của tôi có bị cắt ngắn hay viết tắt trên hồ sơ không?] - formatted_query: [Tên của tôi có bị cắt ngắn hay viết tắt trên hồ sơ không] - normalized_query: [Tên của tôi có bị cắt ngắn hay viết tắt trên hồ sơ không]
2026-01-06 10:00:27 | DEBUG    | log:153 | [perform_hybrid_search] BM25 raw scores: min=0.0109, max=23.8291
2026-01-06 10:00:27 | DEBUG    | log:153 | [get_keyword_boost] Query: 'Tên của tôi có bị cắt ngắn hay...' | Doc: Tra cứu giao dịch th | Boost: 0.25 | Matched: ['trên']
2026-01-06 10:00:27 | DEBUG    | log:153 | [get_keyword_boost] Query: 'Tên của tôi có bị cắt ngắn hay...' | Doc: getTransactionList | | Boost: 0.25 | Matched: ['trên']
2026-01-06 10:00:27 | DEBUG    | log:153 | [classify_query_intent] Ambiguous: 'Tên của tôi có bị cắt ngắn hay...' | Scores: {'Tra cứu giao dịch theo số tiền': 1, 'getTransactionList | Tra cứu giao dịch chờ duyệt theo số tiền hoặc hạn mức': 1}
2026-01-06 10:00:27 | DEBUG    | log:153 | [normalize_query] 'Thông tin về giới tính của tôi là Nam ha...' -> 'Thông tin về giới tính của tôi là nam ha...'
2026-01-06 10:00:27 | DEBUG    | log:153 | [perform_hybrid_search] query_text: [Thông tin về giới tính của tôi là Nam hay Nữ theo ghi nhận?] - formatted_query: [Thông tin về giới tính của tôi là nam hay nữ theo ghi nhận] - normalized_query: [Thông tin về giới tính của tôi là nam hay nữ theo ghi nhận]
2026-01-06 10:00:27 | DEBUG    | log:153 | [perform_hybrid_search] BM25 raw scores: min=0.0481, max=21.6703
2026-01-06 10:00:27 | DEBUG    | log:153 | [get_keyword_boost] Query: 'Thông tin về giới tính của tôi...' | Doc: Tra cứu giao dịch nh | Boost: 0.25 | Matched: ['nhận']
2026-01-06 10:00:27 | DEBUG    | log:153 | [get_keyword_boost] Query: 'Thông tin về giới tính của tôi...' | Doc: getUserProfile | Tra | Boost: 0.75 | Matched: ['giới tính', 'nam', 'nữ']
2026-01-06 10:00:27 | DEBUG    | log:153 | [classify_query_intent] Classified: 'Thông tin về giới tính của tôi...' -> getUserProfile | Tra cứu thông (score=3)
2026-01-06 10:00:27 | DEBUG    | log:153 | [normalize_query] 'Xuất cho tôi cái summary về hồ sơ cá nhâ...' -> 'Xuất cho tôi cái summary về hồ sơ cá nhâ...'
2026-01-06 10:00:27 | DEBUG    | log:153 | [perform_hybrid_search] query_text: [Xuất cho tôi cái summary về hồ sơ cá nhân.] - formatted_query: [Xuất cho tôi cái summary về hồ sơ cá nhân] - normalized_query: [Xuất cho tôi cái summary về hồ sơ cá nhân]
2026-01-06 10:00:27 | DEBUG    | log:153 | [perform_hybrid_search] BM25 raw scores: min=0.0347, max=39.6624
2026-01-06 10:00:27 | DEBUG    | log:153 | [get_keyword_boost] Query: 'Xuất cho tôi cái summary về hồ...' | Doc: getUserProfile | Tra | Boost: 0.25 | Matched: ['hồ sơ cá nhân']
2026-01-06 10:00:27 | DEBUG    | log:153 | [classify_query_intent] Classified: 'Xuất cho tôi cái summary về hồ...' -> getUserProfile | Tra cứu thông (score=1)
2026-01-06 10:00:27 | DEBUG    | log:153 | [normalize_query] 'Tôi nghi ngờ ngày sinh bị nhập nhầm, hãy...' -> 'Tôi nghi ngờ ngày sinh bị nhập nhầm, hãy...'
2026-01-06 10:00:27 | DEBUG    | log:153 | [perform_hybrid_search] query_text: [Tôi nghi ngờ ngày sinh bị nhập nhầm, hãy hiển thị ra.] - formatted_query: [Tôi nghi ngờ ngày sinh bị nhập nhầm, hãy hiển thị ra] - normalized_query: [Tôi nghi ngờ ngày sinh bị nhập nhầm, hãy hiển thị ra]
2026-01-06 10:00:27 | DEBUG    | log:153 | [perform_hybrid_search] BM25 raw scores: min=0.0000, max=13.8695
2026-01-06 10:00:27 | DEBUG    | log:153 | [get_keyword_boost] Query: 'Tôi nghi ngờ ngày sinh bị nhập...' | Doc: Tra cứu lịch sử giao | Boost: 0.25 | Matched: ['ngày']
2026-01-06 10:00:27 | DEBUG    | log:153 | [get_keyword_boost] Query: 'Tôi nghi ngờ ngày sinh bị nhập...' | Doc: getTransactionList | | Boost: 0.25 | Matched: ['ngày']
2026-01-06 10:00:27 | DEBUG    | log:153 | [get_keyword_boost] Query: 'Tôi nghi ngờ ngày sinh bị nhập...' | Doc: getUserProfile | Tra | Boost: 0.25 | Matched: ['ngày sinh']
2026-01-06 10:00:27 | DEBUG    | log:153 | [classify_query_intent] Ambiguous: 'Tôi nghi ngờ ngày sinh bị nhập...' | Scores: {'Tra cứu lịch sử giao dịch theo khoảng thời gian': 1, 'getTransactionList | Tra cứu giao dịch chờ duyệt theo khoảng thời gian': 1, 'getUserProfile | Tra cứu thông tin cá nhân cơ bản': 1}
2026-01-06 10:00:27 | DEBUG    | log:153 | [normalize_query] 'Cấu trúc tên của tôi (Họ/Tên đệm/Tên) có...' -> 'Cấu trúc tên của tôi (họ/tên đệm/tên) có...'
2026-01-06 10:00:27 | DEBUG    | log:153 | [perform_hybrid_search] query_text: [Cấu trúc tên của tôi (Họ/Tên đệm/Tên) có đúng thứ tự không?] - formatted_query: [Cấu trúc tên của tôi (họ/tên đệm/tên) có đúng thứ tự không] - normalized_query: [Cấu trúc tên của tôi (họ/tên đệm/tên) có đúng thứ tự không]
2026-01-06 10:00:27 | DEBUG    | log:153 | [perform_hybrid_search] BM25 raw scores: min=0.1065, max=13.8015
2026-01-06 10:00:27 | DEBUG    | log:153 | [classify_query_intent] No keyword matches found in: 'Cấu trúc tên của tôi (họ/tên đệm/tên) có đúng thứ '
2026-01-06 10:00:27 | DEBUG    | log:153 | [normalize_query] 'Kiểm tra độ chính xác của thông tin quốc...' -> 'Kiểm tra độ chính xác của thông tin quốc...'
2026-01-06 10:00:27 | DEBUG    | log:153 | [perform_hybrid_search] query_text: [Kiểm tra độ chính xác của thông tin quốc tịch hiện tại.] - formatted_query: [Kiểm tra độ chính xác của thông tin quốc tịch hiện tại] - normalized_query: [Kiểm tra độ chính xác của thông tin quốc tịch hiện tại]
2026-01-06 10:00:27 | DEBUG    | log:153 | [perform_hybrid_search] BM25 raw scores: min=0.1901, max=20.2049
2026-01-06 10:00:27 | DEBUG    | log:153 | [get_keyword_boost] Query: 'Kiểm tra độ chính xác của thôn...' | Doc: getUserProfile | Tra | Boost: 0.25 | Matched: ['quốc tịch']
2026-01-06 10:00:27 | DEBUG    | log:153 | [classify_query_intent] Classified: 'Kiểm tra độ chính xác của thôn...' -> getUserProfile | Tra cứu thông (score=1)
2026-01-06 10:00:27 | DEBUG    | log:153 | [normalize_query] 'Hệ thống đang phân loại tôi vào nhóm quố...' -> 'Hệ thống đang phân loại tôi vào nhóm quố...'
2026-01-06 10:00:27 | DEBUG    | log:153 | [perform_hybrid_search] query_text: [Hệ thống đang phân loại tôi vào nhóm quốc tịch nào?] - formatted_query: [Hệ thống đang phân loại tôi vào nhóm quốc tịch nào] - normalized_query: [Hệ thống đang phân loại tôi vào nhóm quốc tịch nào]
2026-01-06 10:00:27 | DEBUG    | log:153 | [perform_hybrid_search] BM25 raw scores: min=0.0560, max=29.7259
2026-01-06 10:00:27 | DEBUG    | log:153 | [get_keyword_boost] Query: 'Hệ thống đang phân loại tôi và...' | Doc: getUserProfile | Tra | Boost: 0.25 | Matched: ['quốc tịch']
2026-01-06 10:00:27 | DEBUG    | log:153 | [classify_query_intent] Classified: 'Hệ thống đang phân loại tôi và...' -> getUserProfile | Tra cứu thông (score=1)
2026-01-06 10:00:27 | DEBUG    | log:153 | [normalize_query] 'Cho tôi xem trạng thái "sống" của hồ sơ ...' -> 'Cho tôi xem trạng thái "sống" của hồ sơ ...'
2026-01-06 10:00:27 | DEBUG    | log:153 | [perform_hybrid_search] query_text: [Cho tôi xem trạng thái "sống" của hồ sơ cá nhân (Active/Inactive).] - formatted_query: [Cho tôi xem trạng thái "sống" của hồ sơ cá nhân (active/inactive)] - normalized_query: [Cho tôi xem trạng thái "sống" của hồ sơ cá nhân (active/inactive)]
2026-01-06 10:00:27 | DEBUG    | log:153 | [perform_hybrid_search] BM25 raw scores: min=0.0202, max=46.8341
2026-01-06 10:00:27 | DEBUG    | log:153 | [get_keyword_boost] Query: 'Cho tôi xem trạng thái "sống" ...' | Doc: Tra cứu giao dịch th | Boost: 0.25 | Matched: ['trạng thái']
2026-01-06 10:00:27 | DEBUG    | log:153 | [get_keyword_boost] Query: 'Cho tôi xem trạng thái "sống" ...' | Doc: getUserProfile | Tra | Boost: 0.25 | Matched: ['hồ sơ cá nhân']
2026-01-06 10:00:27 | DEBUG    | log:153 | [get_keyword_boost] Query: 'Cho tôi xem trạng thái "sống" ...' | Doc: getUserProfile | Kiể | Boost: 0.75 | Matched: ['trạng thái', 'active', 'inactive']
2026-01-06 10:00:27 | DEBUG    | log:153 | [classify_query_intent] Classified: 'Cho tôi xem trạng thái "sống" ...' -> getUserProfile | Kiểm tra trạn (score=3)
2026-01-06 10:00:27 | DEBUG    | log:153 | [normalize_query] 'Liệt kê các field dữ liệu cơ bản của use...' -> 'Liệt kê các field dữ liệu cơ bản của use...'
2026-01-06 10:00:27 | DEBUG    | log:153 | [perform_hybrid_search] query_text: [Liệt kê các field dữ liệu cơ bản của user này.] - formatted_query: [Liệt kê các field dữ liệu cơ bản của user này] - normalized_query: [Liệt kê các field dữ liệu cơ bản của user này]
2026-01-06 10:00:27 | DEBUG    | log:153 | [perform_hybrid_search] BM25 raw scores: min=0.0807, max=19.9020
2026-01-06 10:00:27 | DEBUG    | log:153 | [get_keyword_boost] Query: 'Liệt kê các field dữ liệu cơ b...' | Doc: getUserProfile | Tra | Boost: 0.25 | Matched: ['user']
2026-01-06 10:00:27 | DEBUG    | log:153 | [classify_query_intent] Classified: 'Liệt kê các field dữ liệu cơ b...' -> getUserProfile | Tra cứu thông (score=1)
2026-01-06 10:00:27 | DEBUG    | log:153 | [normalize_query] 'Tôi muốn rà soát lại thông tin nhân thân...' -> 'Tôi muốn rà soát lại thông tin nhân thân...'
2026-01-06 10:00:27 | DEBUG    | log:153 | [perform_hybrid_search] query_text: [Tôi muốn rà soát lại thông tin nhân thân đã khai báo.] - formatted_query: [Tôi muốn rà soát lại thông tin nhân thân đã khai báo] - normalized_query: [Tôi muốn rà soát lại thông tin nhân thân đã khai báo]
2026-01-06 10:00:27 | DEBUG    | log:153 | [perform_hybrid_search] BM25 raw scores: min=0.0160, max=11.2545
2026-01-06 10:00:27 | DEBUG    | log:153 | [classify_query_intent] No keyword matches found in: 'Tôi muốn rà soát lại thông tin nhân thân đã khai b'
2026-01-06 10:00:27 | DEBUG    | log:153 | [normalize_query] 'Tên tôi hiển thị là chữ hoa hay chữ thườ...' -> 'Tên tôi hiển thị là chữ hoa hay chữ thườ...'
2026-01-06 10:00:27 | DEBUG    | log:153 | [perform_hybrid_search] query_text: [Tên tôi hiển thị là chữ hoa hay chữ thường vậy?] - formatted_query: [Tên tôi hiển thị là chữ hoa hay chữ thường vậy] - normalized_query: [Tên tôi hiển thị là chữ hoa hay chữ thường vậy]
2026-01-06 10:00:27 | DEBUG    | log:153 | [perform_hybrid_search] BM25 raw scores: min=0.0108, max=13.4002
2026-01-06 10:00:27 | DEBUG    | log:153 | [get_keyword_boost] Query: 'Tên tôi hiển thị là chữ hoa ha...' | Doc: getUserProfile | Tra | Boost: 0.25 | Matched: ['tên tôi']
2026-01-06 10:00:27 | DEBUG    | log:153 | [classify_query_intent] Classified: 'Tên tôi hiển thị là chữ hoa ha...' -> getUserProfile | Tra cứu thông (score=1)
2026-01-06 10:00:27 | DEBUG    | log:153 | [normalize_query] 'Kiểm tra xem ngày sinh có đang bị để mặc...' -> 'Kiểm tra xem ngày sinh có đang bị để mặc...'
2026-01-06 10:00:27 | DEBUG    | log:153 | [perform_hybrid_search] query_text: [Kiểm tra xem ngày sinh có đang bị để mặc định không.] - formatted_query: [Kiểm tra xem ngày sinh có đang bị để mặc định không] - normalized_query: [Kiểm tra xem ngày sinh có đang bị để mặc định không]
2026-01-06 10:00:27 | DEBUG    | log:153 | [perform_hybrid_search] BM25 raw scores: min=0.0404, max=22.6350
2026-01-06 10:00:27 | DEBUG    | log:153 | [get_keyword_boost] Query: 'Kiểm tra xem ngày sinh có đang...' | Doc: Tra cứu lịch sử giao | Boost: 0.25 | Matched: ['ngày']
2026-01-06 10:00:27 | DEBUG    | log:153 | [get_keyword_boost] Query: 'Kiểm tra xem ngày sinh có đang...' | Doc: getTransactionList | | Boost: 0.25 | Matched: ['ngày']
2026-01-06 10:00:27 | DEBUG    | log:153 | [get_keyword_boost] Query: 'Kiểm tra xem ngày sinh có đang...' | Doc: getUserProfile | Tra | Boost: 0.25 | Matched: ['ngày sinh']
2026-01-06 10:00:27 | DEBUG    | log:153 | [classify_query_intent] Ambiguous: 'Kiểm tra xem ngày sinh có đang...' | Scores: {'Tra cứu lịch sử giao dịch theo khoảng thời gian': 1, 'getTransactionList | Tra cứu giao dịch chờ duyệt theo khoảng thời gian': 1, 'getUserProfile | Tra cứu thông tin cá nhân cơ bản': 1}
2026-01-06 10:00:27 | DEBUG    | log:153 | [normalize_query] 'Tôi muốn confirm lại data cá nhân trước ...' -> 'Tôi muốn confirm lại data cá nhân trước ...'
2026-01-06 10:00:27 | DEBUG    | log:153 | [perform_hybrid_search] query_text: [Tôi muốn confirm lại data cá nhân trước khi thực hiện giao dịch.] - formatted_query: [Tôi muốn confirm lại data cá nhân trước khi thực hiện giao dịch] - normalized_query: [Tôi muốn confirm lại data cá nhân trước khi thực hiện giao dịch]
2026-01-06 10:00:27 | DEBUG    | log:153 | [perform_hybrid_search] BM25 raw scores: min=1.0585, max=22.9270
2026-01-06 10:00:27 | DEBUG    | log:153 | [classify_query_intent] No keyword matches found in: 'Tôi muốn confirm lại data cá nhân trước khi thực h'
2026-01-06 10:00:27 | DEBUG    | log:153 | [normalize_query] 'Thông tin về tôi có đang ở trạng thái ch...' -> 'Thông tin về tôi có đang ở trạng thái ch...'
2026-01-06 10:00:27 | DEBUG    | log:153 | [perform_hybrid_search] query_text: [Thông tin về tôi có đang ở trạng thái chuẩn hóa chưa?] - formatted_query: [Thông tin về tôi có đang ở trạng thái chuẩn hóa chưa] - normalized_query: [Thông tin về tôi có đang ở trạng thái chuẩn hóa chưa]
2026-01-06 10:00:27 | DEBUG    | log:153 | [perform_hybrid_search] BM25 raw scores: min=0.2348, max=23.6537
2026-01-06 10:00:27 | DEBUG    | log:153 | [get_keyword_boost] Query: 'Thông tin về tôi có đang ở trạ...' | Doc: Tra cứu giao dịch th | Boost: 0.25 | Matched: ['trạng thái']
2026-01-06 10:00:27 | DEBUG    | log:153 | [get_keyword_boost] Query: 'Thông tin về tôi có đang ở trạ...' | Doc: getUserProfile | Kiể | Boost: 0.25 | Matched: ['trạng thái']
2026-01-06 10:00:27 | DEBUG    | log:153 | [classify_query_intent] Ambiguous: 'Thông tin về tôi có đang ở trạ...' | Scores: {'Tra cứu giao dịch theo trạng thái': 1, 'getUserProfile | Kiểm tra trạng thái hồ sơ khách hàng': 1}
2026-01-06 10:00:27 | DEBUG    | log:153 | [normalize_query] 'Hiển thị tất cả những gì thuộc về "thông...' -> 'Hiển thị tất cả những gì thuộc về "thông...'
2026-01-06 10:00:27 | DEBUG    | log:153 | [perform_hybrid_search] query_text: [Hiển thị tất cả những gì thuộc về "thông tin định danh cơ bản".] - formatted_query: [Hiển thị tất cả những gì thuộc về "thông tin định danh cơ bản"] - normalized_query: [Hiển thị tất cả những gì thuộc về "thông tin định danh cơ bản"]
2026-01-06 10:00:27 | DEBUG    | log:153 | [perform_hybrid_search] BM25 raw scores: min=0.6922, max=51.1480
2026-01-06 10:00:27 | DEBUG    | log:153 | [get_keyword_boost] Query: 'Hiển thị tất cả những gì thuộc...' | Doc: getTransactionList | | Boost: 0.25 | Matched: ['tất cả']
2026-01-06 10:00:27 | DEBUG    | log:153 | [get_keyword_boost] Query: 'Hiển thị tất cả những gì thuộc...' | Doc: getUserProfile | Tra | Boost: 0.25 | Matched: ['định danh']
2026-01-06 10:00:27 | DEBUG    | log:153 | [classify_query_intent] Ambiguous: 'Hiển thị tất cả những gì thuộc...' | Scores: {'getTransactionList | Tra cứu giao dịch đang chờ xử lý hoặc chờ duyệt': 1, 'getUserProfile | Tra cứu thông tin định danh': 1}
2026-01-06 10:00:27 | DEBUG    | log:153 | [normalize_query] 'Có sự sai lệch nào về quốc tịch của tôi ...' -> 'Có sự sai lệch nào về quốc tịch của tôi ...'
2026-01-06 10:00:27 | DEBUG    | log:153 | [perform_hybrid_search] query_text: [Có sự sai lệch nào về quốc tịch của tôi trên hệ thống không?] - formatted_query: [Có sự sai lệch nào về quốc tịch của tôi trên hệ thống không] - normalized_query: [Có sự sai lệch nào về quốc tịch của tôi trên hệ thống không]
2026-01-06 10:00:27 | DEBUG    | log:153 | [perform_hybrid_search] BM25 raw scores: min=0.6648, max=27.0122
2026-01-06 10:00:27 | DEBUG    | log:153 | [get_keyword_boost] Query: 'Có sự sai lệch nào về quốc tịc...' | Doc: Tra cứu giao dịch th | Boost: 0.25 | Matched: ['trên']
2026-01-06 10:00:27 | DEBUG    | log:153 | [get_keyword_boost] Query: 'Có sự sai lệch nào về quốc tịc...' | Doc: getTransactionList | | Boost: 0.25 | Matched: ['trên']
2026-01-06 10:00:27 | DEBUG    | log:153 | [get_keyword_boost] Query: 'Có sự sai lệch nào về quốc tịc...' | Doc: getUserProfile | Tra | Boost: 0.25 | Matched: ['quốc tịch']
2026-01-06 10:00:27 | DEBUG    | log:153 | [classify_query_intent] Ambiguous: 'Có sự sai lệch nào về quốc tịc...' | Scores: {'Tra cứu giao dịch theo số tiền': 1, 'getTransactionList | Tra cứu giao dịch chờ duyệt theo số tiền hoặc hạn mức': 1, 'getUserProfile | Tra cứu thông tin cá nhân cơ bản': 1}
2026-01-06 10:00:27 | DEBUG    | log:153 | [normalize_query] 'Tên tôi có chứa ký tự đặc biệt nào trong...' -> 'Tên tôi có chứa ký tự đặc biệt nào trong...'
2026-01-06 10:00:27 | DEBUG    | log:153 | [perform_hybrid_search] query_text: [Tên tôi có chứa ký tự đặc biệt nào trong hồ sơ không?] - formatted_query: [Tên tôi có chứa ký tự đặc biệt nào trong hồ sơ không] - normalized_query: [Tên tôi có chứa ký tự đặc biệt nào trong hồ sơ không]
2026-01-06 10:00:27 | DEBUG    | log:153 | [perform_hybrid_search] BM25 raw scores: min=0.0202, max=31.0253
2026-01-06 10:00:27 | DEBUG    | log:153 | [get_keyword_boost] Query: 'Tên tôi có chứa ký tự đặc biệt...' | Doc: getTransactionList | | Boost: 0.25 | Matched: ['trong']
2026-01-06 10:00:27 | DEBUG    | log:153 | [get_keyword_boost] Query: 'Tên tôi có chứa ký tự đặc biệt...' | Doc: getUserProfile | Tra | Boost: 0.25 | Matched: ['tên tôi']
2026-01-06 10:00:27 | DEBUG    | log:153 | [classify_query_intent] Ambiguous: 'Tên tôi có chứa ký tự đặc biệt...' | Scores: {'getTransactionList | Tra cứu giao dịch chờ duyệt theo khoảng thời gian': 1, 'getUserProfile | Tra cứu thông tin cá nhân cơ bản': 1}
2026-01-06 10:00:27 | DEBUG    | log:153 | [normalize_query] 'Tôi cần xem lại cái "Master Data" cá nhâ...' -> 'Tôi cần xem lại cái "master data" cá nhâ...'
2026-01-06 10:00:27 | DEBUG    | log:153 | [perform_hybrid_search] query_text: [Tôi cần xem lại cái "Master Data" cá nhân của mình.] - formatted_query: [Tôi cần xem lại cái "master data" cá nhân của mình] - normalized_query: [Tôi cần xem lại cái "master data" cá nhân của mình]
2026-01-06 10:00:27 | DEBUG    | log:153 | [perform_hybrid_search] BM25 raw scores: min=0.0000, max=32.0002
2026-01-06 10:00:27 | DEBUG    | log:153 | [classify_query_intent] No keyword matches found in: 'Tôi cần xem lại cái "master data" cá nhân của mình'
2026-01-06 10:00:27 | DEBUG    | log:153 | [normalize_query] 'Cho hỏi hồ sơ của tôi đang ở trạng thái ...' -> 'Cho hỏi hồ sơ của tôi đang ở trạng thái ...'
2026-01-06 10:00:27 | DEBUG    | log:153 | [perform_hybrid_search] query_text: [Cho hỏi hồ sơ của tôi đang ở trạng thái khả dụng đúng không?] - formatted_query: [Cho hỏi hồ sơ của tôi đang ở trạng thái khả dụng đúng không] - normalized_query: [Cho hỏi hồ sơ của tôi đang ở trạng thái khả dụng đúng không]
2026-01-06 10:00:27 | DEBUG    | log:153 | [perform_hybrid_search] BM25 raw scores: min=0.0217, max=37.0860
2026-01-06 10:00:27 | DEBUG    | log:153 | [get_keyword_boost] Query: 'Cho hỏi hồ sơ của tôi đang ở t...' | Doc: Tra cứu giao dịch th | Boost: 0.25 | Matched: ['trạng thái']
2026-01-06 10:00:27 | DEBUG    | log:153 | [get_keyword_boost] Query: 'Cho hỏi hồ sơ của tôi đang ở t...' | Doc: getUserProfile | Kiể | Boost: 0.25 | Matched: ['trạng thái']
2026-01-06 10:00:27 | DEBUG    | log:153 | [classify_query_intent] Ambiguous: 'Cho hỏi hồ sơ của tôi đang ở t...' | Scores: {'Tra cứu giao dịch theo trạng thái': 1, 'getUserProfile | Kiểm tra trạng thái hồ sơ khách hàng': 1}
2026-01-06 10:00:27 | DEBUG    | log:153 | [normalize_query] 'Ngày tháng năm sinh của tôi có bị đảo ng...' -> 'Ngày tháng năm sinh của tôi có bị đảo ng...'
2026-01-06 10:00:27 | DEBUG    | log:153 | [perform_hybrid_search] query_text: [Ngày tháng năm sinh của tôi có bị đảo ngược định dạng MM/DD/YYYY không?] - formatted_query: [Ngày tháng năm sinh của tôi có bị đảo ngược định dạng mm/dd/yyyy không] - normalized_query: [Ngày tháng năm sinh của tôi có bị đảo ngược định dạng mm/dd/yyyy không]
2026-01-06 10:00:27 | DEBUG    | log:153 | [perform_hybrid_search] BM25 raw scores: min=0.0333, max=15.7118
2026-01-06 10:00:27 | DEBUG    | log:153 | [get_keyword_boost] Query: 'Ngày tháng năm sinh của tôi có...' | Doc: Tra cứu lịch sử giao | Boost: 0.75 | Matched: ['ngày', 'tháng', 'năm']
2026-01-06 10:00:27 | DEBUG    | log:153 | [get_keyword_boost] Query: 'Ngày tháng năm sinh của tôi có...' | Doc: getTransactionList | | Boost: 0.75 | Matched: ['ngày', 'tháng', 'năm']
2026-01-06 10:00:27 | DEBUG    | log:153 | [classify_query_intent] Ambiguous: 'Ngày tháng năm sinh của tôi có...' | Scores: {'Tra cứu lịch sử giao dịch theo khoảng thời gian': 3, 'getTransactionList | Tra cứu giao dịch chờ duyệt theo khoảng thời gian': 3}
2026-01-06 10:00:27 | DEBUG    | log:153 | [normalize_query] 'Hiển thị thông tin tổng quát về chủ tài ...' -> 'Hiển thị thông tin tổng quát về chủ tài ...'
2026-01-06 10:00:27 | DEBUG    | log:153 | [perform_hybrid_search] query_text: [Hiển thị thông tin tổng quát về chủ tài khoản này.] - formatted_query: [Hiển thị thông tin tổng quát về chủ tài khoản này] - normalized_query: [Hiển thị thông tin tổng quát về chủ tài khoản này]
2026-01-06 10:00:27 | DEBUG    | log:153 | [perform_hybrid_search] BM25 raw scores: min=1.1307, max=13.6137
2026-01-06 10:00:27 | DEBUG    | log:153 | [get_keyword_boost] Query: 'Hiển thị thông tin tổng quát v...' | Doc: Tra cứu lịch sử giao | Boost: 0.25 | Matched: ['tài khoản']
2026-01-06 10:00:27 | DEBUG    | log:153 | [get_keyword_boost] Query: 'Hiển thị thông tin tổng quát v...' | Doc: Tổng hợp số tiền gia | Boost: 0.25 | Matched: ['tổng']
2026-01-06 10:00:27 | DEBUG    | log:153 | [get_keyword_boost] Query: 'Hiển thị thông tin tổng quát v...' | Doc: getTransactionList | | Boost: 0.25 | Matched: ['tài khoản']
2026-01-06 10:00:27 | DEBUG    | log:153 | [classify_query_intent] Ambiguous: 'Hiển thị thông tin tổng quát v...' | Scores: {'Tra cứu lịch sử giao dịch theo số tài khoản': 1, 'Tổng hợp số tiền giao dịch': 1, 'getTransactionList | Tra cứu giao dịch chờ duyệt theo số tài khoản nguồn': 1}
2026-01-06 10:00:27 | DEBUG    | log:153 | [normalize_query] 'Giới tính của tôi có đang bị bỏ trống tr...' -> 'Giới tính của tôi có đang bị bỏ trống tr...'
2026-01-06 10:00:27 | DEBUG    | log:153 | [perform_hybrid_search] query_text: [Giới tính của tôi có đang bị bỏ trống trong hồ sơ không?] - formatted_query: [Giới tính của tôi có đang bị bỏ trống trong hồ sơ không] - normalized_query: [Giới tính của tôi có đang bị bỏ trống trong hồ sơ không]
2026-01-06 10:00:27 | DEBUG    | log:153 | [perform_hybrid_search] BM25 raw scores: min=0.0109, max=25.9140
2026-01-06 10:00:27 | DEBUG    | log:153 | [get_keyword_boost] Query: 'Giới tính của tôi có đang bị b...' | Doc: getTransactionList | | Boost: 0.25 | Matched: ['trong']
2026-01-06 10:00:27 | DEBUG    | log:153 | [get_keyword_boost] Query: 'Giới tính của tôi có đang bị b...' | Doc: getUserProfile | Tra | Boost: 0.25 | Matched: ['giới tính']
2026-01-06 10:00:27 | DEBUG    | log:153 | [classify_query_intent] Ambiguous: 'Giới tính của tôi có đang bị b...' | Scores: {'getTransactionList | Tra cứu giao dịch chờ duyệt theo khoảng thời gian': 1, 'getUserProfile | Tra cứu thông tin cá nhân cơ bản': 1}
2026-01-06 10:00:27 | DEBUG    | log:153 | [normalize_query] 'Tôi muốn kiểm tra tính toàn vẹn của thôn...' -> 'Tôi muốn kiểm tra tính toàn vẹn của thôn...'
2026-01-06 10:00:27 | DEBUG    | log:153 | [perform_hybrid_search] query_text: [Tôi muốn kiểm tra tính toàn vẹn của thông tin cá nhân.] - formatted_query: [Tôi muốn kiểm tra tính toàn vẹn của thông tin cá nhân] - normalized_query: [Tôi muốn kiểm tra tính toàn vẹn của thông tin cá nhân]
2026-01-06 10:00:27 | DEBUG    | log:153 | [perform_hybrid_search] BM25 raw scores: min=0.0160, max=51.1346
2026-01-06 10:00:27 | DEBUG    | log:153 | [get_keyword_boost] Query: 'Tôi muốn kiểm tra tính toàn vẹ...' | Doc: getUserProfile | Tra | Boost: 0.25 | Matched: ['thông tin cá nhân']
2026-01-06 10:00:27 | DEBUG    | log:153 | [classify_query_intent] Classified: 'Tôi muốn kiểm tra tính toàn vẹ...' -> getUserProfile | Tra cứu thông (score=1)
2026-01-06 10:00:27 | DEBUG    | log:153 | [normalize_query] 'Thông tin về ngày sinh của tôi có khớp v...' -> 'Thông tin về ngày sinh của tôi có khớp v...'
2026-01-06 10:00:27 | DEBUG    | log:153 | [perform_hybrid_search] query_text: [Thông tin về ngày sinh của tôi có khớp với [Ngày/Tháng/Năm] không?] - formatted_query: [Thông tin về ngày sinh của tôi có khớp với [ngày/tháng/năm] không] - normalized_query: [Thông tin về ngày sinh của tôi có khớp với [ngày/tháng/năm] không]
2026-01-06 10:00:27 | DEBUG    | log:153 | [perform_hybrid_search] BM25 raw scores: min=0.1955, max=16.2874
2026-01-06 10:00:27 | DEBUG    | log:153 | [get_keyword_boost] Query: 'Thông tin về ngày sinh của tôi...' | Doc: Tra cứu lịch sử giao | Boost: 0.75 | Matched: ['ngày', 'tháng', 'năm']
2026-01-06 10:00:27 | DEBUG    | log:153 | [get_keyword_boost] Query: 'Thông tin về ngày sinh của tôi...' | Doc: getTransactionList | | Boost: 0.75 | Matched: ['ngày', 'tháng', 'năm']
2026-01-06 10:00:27 | DEBUG    | log:153 | [get_keyword_boost] Query: 'Thông tin về ngày sinh của tôi...' | Doc: getUserProfile | Tra | Boost: 0.25 | Matched: ['ngày sinh']
2026-01-06 10:00:27 | DEBUG    | log:153 | [classify_query_intent] Ambiguous: 'Thông tin về ngày sinh của tôi...' | Scores: {'Tra cứu lịch sử giao dịch theo khoảng thời gian': 3, 'getTransactionList | Tra cứu giao dịch chờ duyệt theo khoảng thời gian': 3, 'getUserProfile | Tra cứu thông tin cá nhân cơ bản': 1}
2026-01-06 10:00:27 | DEBUG    | log:153 | [normalize_query] 'Quốc tịch hiện tại đang được setup cho t...' -> 'Quốc tịch hiện tại đang được setup cho t...'
2026-01-06 10:00:27 | DEBUG    | log:153 | [perform_hybrid_search] query_text: [Quốc tịch hiện tại đang được setup cho tôi là gì?] - formatted_query: [Quốc tịch hiện tại đang được setup cho tôi là gì] - normalized_query: [Quốc tịch hiện tại đang được setup cho tôi là gì]
2026-01-06 10:00:27 | DEBUG    | log:153 | [perform_hybrid_search] BM25 raw scores: min=0.0000, max=23.1310
2026-01-06 10:00:27 | DEBUG    | log:153 | [get_keyword_boost] Query: 'Quốc tịch hiện tại đang được s...' | Doc: getUserProfile | Tra | Boost: 0.25 | Matched: ['quốc tịch']
2026-01-06 10:00:27 | DEBUG    | log:153 | [classify_query_intent] Classified: 'Quốc tịch hiện tại đang được s...' -> getUserProfile | Tra cứu thông (score=1)
2026-01-06 10:00:27 | DEBUG    | log:153 | [normalize_query] 'Hãy show data cá nhân cơ bản một cách tư...' -> 'Hãy show data cá nhân cơ bản một cách tư...'
2026-01-06 10:00:27 | DEBUG    | log:153 | [perform_hybrid_search] query_text: [Hãy show data cá nhân cơ bản một cách tường minh nhất.] - formatted_query: [Hãy show data cá nhân cơ bản một cách tường minh nhất] - normalized_query: [Hãy show data cá nhân cơ bản một cách tường minh nhất]
2026-01-06 10:00:27 | DEBUG    | log:153 | [perform_hybrid_search] BM25 raw scores: min=0.0000, max=49.7460
2026-01-06 10:00:27 | DEBUG    | log:153 | [classify_query_intent] No keyword matches found in: 'Hãy show data cá nhân cơ bản một cách tường minh n'
2026-01-06 10:00:27 | DEBUG    | log:153 | [normalize_query] 'Tên tôi trên hệ thống có bao gồm cả tên ...' -> 'Tên tôi trên hệ thống có bao gồm cả tên ...'
2026-01-06 10:00:27 | DEBUG    | log:153 | [perform_hybrid_search] query_text: [Tên tôi trên hệ thống có bao gồm cả tên lót không?] - formatted_query: [Tên tôi trên hệ thống có bao gồm cả tên lót không] - normalized_query: [Tên tôi trên hệ thống có bao gồm cả tên lót không]
2026-01-06 10:00:27 | DEBUG    | log:153 | [perform_hybrid_search] BM25 raw scores: min=0.1000, max=21.0953
2026-01-06 10:00:27 | DEBUG    | log:153 | [get_keyword_boost] Query: 'Tên tôi trên hệ thống có bao g...' | Doc: Tra cứu giao dịch th | Boost: 0.25 | Matched: ['trên']
2026-01-06 10:00:27 | DEBUG    | log:153 | [get_keyword_boost] Query: 'Tên tôi trên hệ thống có bao g...' | Doc: getTransactionList | | Boost: 0.25 | Matched: ['trên']
2026-01-06 10:00:27 | DEBUG    | log:153 | [get_keyword_boost] Query: 'Tên tôi trên hệ thống có bao g...' | Doc: getUserProfile | Tra | Boost: 0.25 | Matched: ['tên tôi']
2026-01-06 10:00:27 | DEBUG    | log:153 | [classify_query_intent] Ambiguous: 'Tên tôi trên hệ thống có bao g...' | Scores: {'Tra cứu giao dịch theo số tiền': 1, 'getTransactionList | Tra cứu giao dịch chờ duyệt theo số tiền hoặc hạn mức': 1, 'getUserProfile | Tra cứu thông tin cá nhân cơ bản': 1}
2026-01-06 10:00:27 | DEBUG    | log:153 | [normalize_query] 'Check xem hồ sơ cá nhân có đang bị gắn c...' -> 'Check xem hồ sơ cá nhân có đang bị gắn c...'
2026-01-06 10:00:27 | DEBUG    | log:153 | [perform_hybrid_search] query_text: [Check xem hồ sơ cá nhân có đang bị gắn cờ lỗi không.] - formatted_query: [Check xem hồ sơ cá nhân có đang bị gắn cờ lỗi không] - normalized_query: [Check xem hồ sơ cá nhân có đang bị gắn cờ lỗi không]
2026-01-06 10:00:27 | DEBUG    | log:153 | [perform_hybrid_search] BM25 raw scores: min=0.0202, max=52.1645
2026-01-06 10:00:27 | DEBUG    | log:153 | [get_keyword_boost] Query: 'Check xem hồ sơ cá nhân có đan...' | Doc: Tra cứu giao dịch ch | Boost: 0.25 | Matched: ['ck']
2026-01-06 10:00:27 | DEBUG    | log:153 | [get_keyword_boost] Query: 'Check xem hồ sơ cá nhân có đan...' | Doc: getUserProfile | Tra | Boost: 0.25 | Matched: ['hồ sơ cá nhân']
2026-01-06 10:00:27 | DEBUG    | log:153 | [classify_query_intent] Ambiguous: 'Check xem hồ sơ cá nhân có đan...' | Scores: {'Tra cứu giao dịch chuyển tiền': 1, 'getUserProfile | Tra cứu thông tin cá nhân cơ bản': 1}
2026-01-06 10:00:27 | DEBUG    | log:153 | [normalize_query] 'Tôi muốn truy vấn thông tin định danh kh...' -> 'Tôi muốn truy vấn thông tin định danh kh...'
2026-01-06 10:00:27 | DEBUG    | log:153 | [perform_hybrid_search] query_text: [Tôi muốn truy vấn thông tin định danh không bao gồm email/sđt.] - formatted_query: [Tôi muốn truy vấn thông tin định danh không bao gồm email/sđt] - normalized_query: [Tôi muốn truy vấn thông tin định danh không bao gồm email/sđt]
2026-01-06 10:00:27 | DEBUG    | log:153 | [perform_hybrid_search] BM25 raw scores: min=0.2842, max=23.4560
2026-01-06 10:00:27 | DEBUG    | log:153 | [get_keyword_boost] Query: 'Tôi muốn truy vấn thông tin đị...' | Doc: getUserProfile | Tra | Boost: 0.50 | Matched: ['sđt', 'email']
2026-01-06 10:00:27 | DEBUG    | log:153 | [get_keyword_boost] Query: 'Tôi muốn truy vấn thông tin đị...' | Doc: getUserProfile | Tra | Boost: 0.25 | Matched: ['định danh']
2026-01-06 10:00:27 | DEBUG    | log:153 | [classify_query_intent] Classified: 'Tôi muốn truy vấn thông tin đị...' -> getUserProfile | Tra cứu thông (score=2)
2026-01-06 10:00:27 | DEBUG    | log:153 | [normalize_query] 'Ngày sinh của tôi có được lưu đúng theo ...' -> 'Ngày sinh của tôi có được lưu đúng theo ...'
2026-01-06 10:00:27 | DEBUG    | log:153 | [perform_hybrid_search] query_text: [Ngày sinh của tôi có được lưu đúng theo định dạng ngày/tháng/năm?] - formatted_query: [Ngày sinh của tôi có được lưu đúng theo định dạng ngày/tháng/năm] - normalized_query: [Ngày sinh của tôi có được lưu đúng theo định dạng ngày/tháng/năm]
2026-01-06 10:00:27 | DEBUG    | log:153 | [perform_hybrid_search] BM25 raw scores: min=0.0667, max=19.4087
2026-01-06 10:00:27 | DEBUG    | log:153 | [get_keyword_boost] Query: 'Ngày sinh của tôi có được lưu ...' | Doc: Tra cứu lịch sử giao | Boost: 0.75 | Matched: ['ngày', 'tháng', 'năm']
2026-01-06 10:00:27 | DEBUG    | log:153 | [get_keyword_boost] Query: 'Ngày sinh của tôi có được lưu ...' | Doc: getTransactionList | | Boost: 0.75 | Matched: ['ngày', 'tháng', 'năm']
2026-01-06 10:00:27 | DEBUG    | log:153 | [get_keyword_boost] Query: 'Ngày sinh của tôi có được lưu ...' | Doc: getUserProfile | Tra | Boost: 0.25 | Matched: ['ngày sinh']
2026-01-06 10:00:27 | DEBUG    | log:153 | [classify_query_intent] Ambiguous: 'Ngày sinh của tôi có được lưu ...' | Scores: {'Tra cứu lịch sử giao dịch theo khoảng thời gian': 3, 'getTransactionList | Tra cứu giao dịch chờ duyệt theo khoảng thời gian': 3, 'getUserProfile | Tra cứu thông tin cá nhân cơ bản': 1}
2026-01-06 10:00:27 | DEBUG    | log:153 | [normalize_query] 'Giới tính của tôi đang hiển thị theo cod...' -> 'Giới tính của tôi đang hiển thị theo cod...'
2026-01-06 10:00:27 | DEBUG    | log:153 | [perform_hybrid_search] query_text: [Giới tính của tôi đang hiển thị theo code hay theo chữ (Nam/Nữ)?] - formatted_query: [Giới tính của tôi đang hiển thị theo code hay theo chữ (nam/nữ)] - normalized_query: [Giới tính của tôi đang hiển thị theo code hay theo chữ (nam/nữ)]
2026-01-06 10:00:27 | DEBUG    | log:153 | [perform_hybrid_search] BM25 raw scores: min=0.0126, max=22.9514
2026-01-06 10:00:27 | DEBUG    | log:153 | [get_keyword_boost] Query: 'Giới tính của tôi đang hiển th...' | Doc: getUserProfile | Tra | Boost: 0.75 | Matched: ['giới tính', 'nam', 'nữ']
2026-01-06 10:00:27 | DEBUG    | log:153 | [classify_query_intent] Classified: 'Giới tính của tôi đang hiển th...' -> getUserProfile | Tra cứu thông (score=3)
2026-01-06 10:00:27 | DEBUG    | log:153 | [normalize_query] 'Cho tôi xem cái nhìn 360 độ về thông tin...' -> 'Cho tôi xem cái nhìn 360 độ về thông tin...'
2026-01-06 10:00:27 | DEBUG    | log:153 | [perform_hybrid_search] query_text: [Cho tôi xem cái nhìn 360 độ về thông tin cơ bản của tôi.] - formatted_query: [Cho tôi xem cái nhìn 360 độ về thông tin cơ bản của tôi] - normalized_query: [Cho tôi xem cái nhìn 360 độ về thông tin cơ bản của tôi]
2026-01-06 10:00:27 | DEBUG    | log:153 | [perform_hybrid_search] BM25 raw scores: min=0.3550, max=31.4621
2026-01-06 10:00:27 | DEBUG    | log:153 | [classify_query_intent] No keyword matches found in: 'Cho tôi xem cái nhìn 360 độ về thông tin cơ bản củ'
2026-01-06 10:00:27 | DEBUG    | log:153 | [normalize_query] 'Tên của mình có đang khớp với thẻ ngân h...' -> 'Tên của mình có đang khớp với thẻ ngân h...'
2026-01-06 10:00:27 | DEBUG    | log:153 | [perform_hybrid_search] query_text: [Tên của mình có đang khớp với thẻ ngân hàng không?] - formatted_query: [Tên của mình có đang khớp với thẻ ngân hàng không] - normalized_query: [Tên của mình có đang khớp với thẻ ngân hàng không]
2026-01-06 10:00:27 | DEBUG    | log:153 | [perform_hybrid_search] BM25 raw scores: min=0.0000, max=18.9210
2026-01-06 10:00:27 | DEBUG    | log:153 | [get_keyword_boost] Query: 'Tên của mình có đang khớp với ...' | Doc: Tra cứu giao dịch th | Boost: 0.25 | Matched: ['thẻ']
2026-01-06 10:00:27 | DEBUG    | log:153 | [get_keyword_boost] Query: 'Tên của mình có đang khớp với ...' | Doc: getTransactionList | | Boost: 0.25 | Matched: ['thẻ']
2026-01-06 10:00:27 | DEBUG    | log:153 | [classify_query_intent] Ambiguous: 'Tên của mình có đang khớp với ...' | Scores: {'Tra cứu giao dịch thẻ': 1, 'getTransactionList | Tra cứu giao dịch chờ duyệt theo loại giao dịch': 1}
2026-01-06 10:00:27 | DEBUG    | log:153 | [normalize_query] 'Tôi cần đối chiếu lại quốc tịch đã khai ...' -> 'Tôi cần đối chiếu lại quốc tịch đã khai ...'
2026-01-06 10:00:27 | DEBUG    | log:153 | [perform_hybrid_search] query_text: [Tôi cần đối chiếu lại quốc tịch đã khai báo từ trước.] - formatted_query: [Tôi cần đối chiếu lại quốc tịch đã khai báo từ trước] - normalized_query: [Tôi cần đối chiếu lại quốc tịch đã khai báo từ trước]
2026-01-06 10:00:27 | DEBUG    | log:153 | [perform_hybrid_search] BM25 raw scores: min=0.0116, max=17.4149
2026-01-06 10:00:27 | DEBUG    | log:153 | [get_keyword_boost] Query: 'Tôi cần đối chiếu lại quốc tịc...' | Doc: getTransactionList | | Boost: 0.25 | Matched: ['từ']
2026-01-06 10:00:27 | DEBUG    | log:153 | [get_keyword_boost] Query: 'Tôi cần đối chiếu lại quốc tịc...' | Doc: getUserProfile | Tra | Boost: 0.25 | Matched: ['quốc tịch']
2026-01-06 10:00:27 | DEBUG    | log:153 | [classify_query_intent] Ambiguous: 'Tôi cần đối chiếu lại quốc tịc...' | Scores: {'getTransactionList | Tra cứu giao dịch chờ duyệt theo số tiền hoặc hạn mức': 1, 'getUserProfile | Tra cứu thông tin cá nhân cơ bản': 1}
2026-01-06 10:00:27 | DEBUG    | log:153 | [normalize_query] 'Hồ sơ của tôi có đang được ghi nhận là k...' -> 'Hồ sơ của tôi có đang được ghi nhận là k...'
2026-01-06 10:00:27 | DEBUG    | log:153 | [perform_hybrid_search] query_text: [Hồ sơ của tôi có đang được ghi nhận là khách hàng Việt Nam?] - formatted_query: [Hồ sơ của tôi có đang được ghi nhận là khách hàng việt nam] - normalized_query: [Hồ sơ của tôi có đang được ghi nhận là khách hàng việt nam]
2026-01-06 10:00:28 | DEBUG    | log:153 | [perform_hybrid_search] BM25 raw scores: min=0.0116, max=45.9940
2026-01-06 10:00:28 | DEBUG    | log:153 | [get_keyword_boost] Query: 'Hồ sơ của tôi có đang được ghi...' | Doc: Tra cứu giao dịch nh | Boost: 0.25 | Matched: ['nhận']
2026-01-06 10:00:28 | DEBUG    | log:153 | [get_keyword_boost] Query: 'Hồ sơ của tôi có đang được ghi...' | Doc: getUserProfile | Tra | Boost: 0.25 | Matched: ['nam']
2026-01-06 10:00:28 | DEBUG    | log:153 | [classify_query_intent] Ambiguous: 'Hồ sơ của tôi có đang được ghi...' | Scores: {'Tra cứu giao dịch nhận tiền': 1, 'getUserProfile | Tra cứu thông tin cá nhân cơ bản': 1}
2026-01-06 10:00:28 | DEBUG    | log:153 | [normalize_query] 'Kiểm tra xem giới tính của tôi có bị chu...' -> 'Kiểm tra xem giới tính của tôi có bị chu...'
2026-01-06 10:00:28 | DEBUG    | log:153 | [perform_hybrid_search] query_text: [Kiểm tra xem giới tính của tôi có bị chuyển nhầm sang Nữ/Nam không.] - formatted_query: [Kiểm tra xem giới tính của tôi có bị chuyển nhầm sang nữ/nam không] - normalized_query: [Kiểm tra xem giới tính của tôi có bị chuyển nhầm sang nữ/nam không]
2026-01-06 10:00:28 | DEBUG    | log:153 | [perform_hybrid_search] BM25 raw scores: min=0.9564, max=26.1748
2026-01-06 10:00:28 | DEBUG    | log:153 | [get_keyword_boost] Query: 'Kiểm tra xem giới tính của tôi...' | Doc: getUserProfile | Tra | Boost: 0.75 | Matched: ['giới tính', 'nam', 'nữ']
2026-01-06 10:00:28 | DEBUG    | log:153 | [classify_query_intent] Classified: 'Kiểm tra xem giới tính của tôi...' -> getUserProfile | Tra cứu thông (score=3)
2026-01-06 10:00:28 | DEBUG    | log:153 | [normalize_query] 'Tôi muốn xem tóm lược về thông tin định ...' -> 'Tôi muốn xem tóm lược về thông tin định ...'
2026-01-06 10:00:28 | DEBUG    | log:153 | [perform_hybrid_search] query_text: [Tôi muốn xem tóm lược về thông tin định danh cá nhân.] - formatted_query: [Tôi muốn xem tóm lược về thông tin định danh cá nhân] - normalized_query: [Tôi muốn xem tóm lược về thông tin định danh cá nhân]
2026-01-06 10:00:28 | DEBUG    | log:153 | [perform_hybrid_search] BM25 raw scores: min=0.3752, max=36.7130
2026-01-06 10:00:28 | DEBUG    | log:153 | [get_keyword_boost] Query: 'Tôi muốn xem tóm lược về thông...' | Doc: getUserProfile | Tra | Boost: 0.25 | Matched: ['định danh']
2026-01-06 10:00:28 | DEBUG    | log:153 | [classify_query_intent] Classified: 'Tôi muốn xem tóm lược về thông...' -> getUserProfile | Tra cứu thông (score=1)
2026-01-06 10:00:28 | DEBUG    | log:153 | [normalize_query] 'Data ngày sinh của tôi có đang bị lỗi hi...' -> 'Data ngày sinh của tôi có đang bị lỗi hi...'
2026-01-06 10:00:28 | DEBUG    | log:153 | [perform_hybrid_search] query_text: [Data ngày sinh của tôi có đang bị lỗi hiển thị không?] - formatted_query: [Data ngày sinh của tôi có đang bị lỗi hiển thị không] - normalized_query: [Data ngày sinh của tôi có đang bị lỗi hiển thị không]
2026-01-06 10:00:28 | DEBUG    | log:153 | [perform_hybrid_search] BM25 raw scores: min=0.0000, max=20.9618
2026-01-06 10:00:28 | DEBUG    | log:153 | [get_keyword_boost] Query: 'Data ngày sinh của tôi có đang...' | Doc: Tra cứu lịch sử giao | Boost: 0.25 | Matched: ['ngày']
2026-01-06 10:00:28 | DEBUG    | log:153 | [get_keyword_boost] Query: 'Data ngày sinh của tôi có đang...' | Doc: getTransactionList | | Boost: 0.25 | Matched: ['ngày']
2026-01-06 10:00:28 | DEBUG    | log:153 | [get_keyword_boost] Query: 'Data ngày sinh của tôi có đang...' | Doc: getUserProfile | Tra | Boost: 0.25 | Matched: ['ngày sinh']
2026-01-06 10:00:28 | DEBUG    | log:153 | [classify_query_intent] Ambiguous: 'Data ngày sinh của tôi có đang...' | Scores: {'Tra cứu lịch sử giao dịch theo khoảng thời gian': 1, 'getTransactionList | Tra cứu giao dịch chờ duyệt theo khoảng thời gian': 1, 'getUserProfile | Tra cứu thông tin cá nhân cơ bản': 1}
2026-01-06 10:00:28 | DEBUG    | log:153 | [normalize_query] 'Tên của tôi trên hệ thống có được cập nh...' -> 'Tên của tôi trên hệ thống có được cập nh...'
2026-01-06 10:00:28 | DEBUG    | log:153 | [perform_hybrid_search] query_text: [Tên của tôi trên hệ thống có được cập nhật theo CCCD mới nhất?] - formatted_query: [Tên của tôi trên hệ thống có được cập nhật theo cccd mới nhất] - normalized_query: [Tên của tôi trên hệ thống có được cập nhật theo cccd mới nhất]
2026-01-06 10:00:28 | DEBUG    | log:153 | [perform_hybrid_search] BM25 raw scores: min=0.0689, max=18.8945
2026-01-06 10:00:28 | DEBUG    | log:153 | [get_keyword_boost] Query: 'Tên của tôi trên hệ thống có đ...' | Doc: Tra cứu giao dịch th | Boost: 0.25 | Matched: ['trên']
2026-01-06 10:00:28 | DEBUG    | log:153 | [get_keyword_boost] Query: 'Tên của tôi trên hệ thống có đ...' | Doc: getTransactionList | | Boost: 0.25 | Matched: ['trên']
2026-01-06 10:00:28 | DEBUG    | log:153 | [get_keyword_boost] Query: 'Tên của tôi trên hệ thống có đ...' | Doc: getUserProfile | Tra | Boost: 0.25 | Matched: ['cccd']
2026-01-06 10:00:28 | DEBUG    | log:153 | [classify_query_intent] Ambiguous: 'Tên của tôi trên hệ thống có đ...' | Scores: {'Tra cứu giao dịch theo số tiền': 1, 'getTransactionList | Tra cứu giao dịch chờ duyệt theo số tiền hoặc hạn mức': 1, 'getUserProfile | Tra cứu thông tin định danh': 1}
2026-01-06 10:00:28 | DEBUG    | log:153 | [normalize_query] 'Vui lòng truy xuất trạng thái hồ sơ của ...' -> 'Vui lòng truy xuất trạng thái hồ sơ của ...'
2026-01-06 10:00:28 | DEBUG    | log:153 | [perform_hybrid_search] query_text: [Vui lòng truy xuất trạng thái hồ sơ của người dùng này.] - formatted_query: [Vui lòng truy xuất trạng thái hồ sơ của người dùng này] - normalized_query: [Vui lòng truy xuất trạng thái hồ sơ của người dùng này]
2026-01-06 10:00:28 | DEBUG    | log:153 | [perform_hybrid_search] BM25 raw scores: min=0.5086, max=19.9132
2026-01-06 10:00:28 | DEBUG    | log:153 | [get_keyword_boost] Query: 'Vui lòng truy xuất trạng thái ...' | Doc: Tra cứu giao dịch th | Boost: 0.25 | Matched: ['trạng thái']
2026-01-06 10:00:28 | DEBUG    | log:153 | [get_keyword_boost] Query: 'Vui lòng truy xuất trạng thái ...' | Doc: getUserProfile | Tra | Boost: 0.25 | Matched: ['người dùng']
2026-01-06 10:00:28 | DEBUG    | log:153 | [get_keyword_boost] Query: 'Vui lòng truy xuất trạng thái ...' | Doc: getUserProfile | Kiể | Boost: 0.25 | Matched: ['trạng thái']
2026-01-06 10:00:28 | DEBUG    | log:153 | [classify_query_intent] Ambiguous: 'Vui lòng truy xuất trạng thái ...' | Scores: {'Tra cứu giao dịch theo trạng thái': 1, 'getUserProfile | Tra cứu thông tin cá nhân cơ bản': 1, 'getUserProfile | Kiểm tra trạng thái hồ sơ khách hàng': 1}
2026-01-06 10:00:28 | DEBUG    | log:153 | [normalize_query] 'Tôi muốn xác nhận lại danh tính cơ bản c...' -> 'Tôi muốn xác nhận lại danh tính cơ bản c...'
2026-01-06 10:00:28 | DEBUG    | log:153 | [perform_hybrid_search] query_text: [Tôi muốn xác nhận lại danh tính cơ bản của mình.] - formatted_query: [Tôi muốn xác nhận lại danh tính cơ bản của mình] - normalized_query: [Tôi muốn xác nhận lại danh tính cơ bản của mình]
2026-01-06 10:00:28 | DEBUG    | log:153 | [perform_hybrid_search] BM25 raw scores: min=1.3422, max=34.6490
2026-01-06 10:00:28 | DEBUG    | log:153 | [get_keyword_boost] Query: 'Tôi muốn xác nhận lại danh tín...' | Doc: Tra cứu giao dịch nh | Boost: 0.25 | Matched: ['nhận']
2026-01-06 10:00:28 | DEBUG    | log:153 | [classify_query_intent] Classified: 'Tôi muốn xác nhận lại danh tín...' -> Tra cứu giao dịch nhận tiền (score=1)
2026-01-06 10:00:28 | DEBUG    | log:153 | [normalize_query] 'Thông tin cá nhân của tôi hiện tại có đa...' -> 'Thông tin cá nhân của tôi hiện tại có đa...'
2026-01-06 10:00:28 | DEBUG    | log:153 | [perform_hybrid_search] query_text: [Thông tin cá nhân của tôi hiện tại có đang hợp lệ không?] - formatted_query: [Thông tin cá nhân của tôi hiện tại có đang hợp lệ không] - normalized_query: [Thông tin cá nhân của tôi hiện tại có đang hợp lệ không]
2026-01-06 10:00:28 | DEBUG    | log:153 | [perform_hybrid_search] BM25 raw scores: min=0.2343, max=43.6714
2026-01-06 10:00:28 | DEBUG    | log:153 | [get_keyword_boost] Query: 'Thông tin cá nhân của tôi hiện...' | Doc: getUserProfile | Tra | Boost: 0.25 | Matched: ['thông tin cá nhân']
2026-01-06 10:00:28 | DEBUG    | log:153 | [classify_query_intent] Classified: 'Thông tin cá nhân của tôi hiện...' -> getUserProfile | Tra cứu thông (score=1)
2026-01-06 10:00:28 | DEBUG    | log:153 | [normalize_query] 'tt cá nhân...' -> 'Tt cá nhân...'
2026-01-06 10:00:28 | DEBUG    | log:153 | [perform_hybrid_search] query_text: [tt cá nhân] - formatted_query: [Tt cá nhân] - normalized_query: [Tt cá nhân]
2026-01-06 10:00:28 | DEBUG    | log:153 | [perform_hybrid_search] BM25 raw scores: min=0.0000, max=18.0915
2026-01-06 10:00:28 | DEBUG    | log:153 | [classify_query_intent] No keyword matches found in: 'Tt cá nhân'
2026-01-06 10:00:28 | DEBUG    | log:153 | [normalize_query] 'check ttcn...' -> 'Check ttcn...'
2026-01-06 10:00:28 | DEBUG    | log:153 | [perform_hybrid_search] query_text: [check ttcn] - formatted_query: [Check ttcn] - normalized_query: [Check ttcn]
2026-01-06 10:00:28 | DEBUG    | log:153 | [perform_hybrid_search] BM25 raw scores: min=0.0000, max=0.0000
2026-01-06 10:00:28 | DEBUG    | log:153 | [get_keyword_boost] Query: 'Check ttcn...' | Doc: Tra cứu giao dịch ch | Boost: 0.25 | Matched: ['ck']
2026-01-06 10:00:28 | DEBUG    | log:153 | [classify_query_intent] Classified: 'Check ttcn...' -> Tra cứu giao dịch chuyển tiền (score=1)
2026-01-06 10:00:28 | DEBUG    | log:153 | [normalize_query] 'info tui...' -> 'Info tui...'
2026-01-06 10:00:28 | DEBUG    | log:153 | [perform_hybrid_search] query_text: [info tui] - formatted_query: [Info tui] - normalized_query: [Info tui]
2026-01-06 10:00:28 | DEBUG    | log:153 | [perform_hybrid_search] BM25 raw scores: min=0.0000, max=0.0000
2026-01-06 10:00:28 | DEBUG    | log:153 | [classify_query_intent] No keyword matches found in: 'Info tui'
2026-01-06 10:00:28 | DEBUG    | log:153 | [normalize_query] 'show tt tui cái...' -> 'Show tt tui cái...'
2026-01-06 10:00:28 | DEBUG    | log:153 | [perform_hybrid_search] query_text: [show tt tui cái] - formatted_query: [Show tt tui cái] - normalized_query: [Show tt tui cái]
2026-01-06 10:00:28 | DEBUG    | log:153 | [perform_hybrid_search] BM25 raw scores: min=0.0000, max=3.3315
2026-01-06 10:00:28 | DEBUG    | log:153 | [classify_query_intent] No keyword matches found in: 'Show tt tui cái'
2026-01-06 10:00:28 | DEBUG    | log:153 | [normalize_query] 'xem hsnv...' -> 'Xem hsnv...'
2026-01-06 10:00:28 | DEBUG    | log:153 | [perform_hybrid_search] query_text: [xem hsnv] - formatted_query: [Xem hsnv] - normalized_query: [Xem hsnv]
2026-01-06 10:00:28 | DEBUG    | log:153 | [perform_hybrid_search] BM25 raw scores: min=0.0000, max=5.0984
2026-01-06 10:00:28 | DEBUG    | log:153 | [classify_query_intent] No keyword matches found in: 'Xem hsnv'
2026-01-06 10:00:28 | DEBUG    | log:153 | [normalize_query] 'tui tên j...' -> 'Tui tên j...'
2026-01-06 10:00:28 | DEBUG    | log:153 | [perform_hybrid_search] query_text: [tui tên j] - formatted_query: [Tui tên j] - normalized_query: [Tui tên j]
2026-01-06 10:00:28 | DEBUG    | log:153 | [perform_hybrid_search] BM25 raw scores: min=0.0000, max=6.4417
2026-01-06 10:00:28 | DEBUG    | log:153 | [classify_query_intent] No keyword matches found in: 'Tui tên j'
2026-01-06 10:00:28 | DEBUG    | log:153 | [normalize_query] 'ngày sinh nhiu...' -> 'Ngày sinh nhiu...'
2026-01-06 10:00:28 | DEBUG    | log:153 | [perform_hybrid_search] query_text: [ngày sinh nhiu] - formatted_query: [Ngày sinh nhiu] - normalized_query: [Ngày sinh nhiu]
2026-01-06 10:00:28 | DEBUG    | log:153 | [perform_hybrid_search] BM25 raw scores: min=0.0000, max=7.1405
2026-01-06 10:00:28 | DEBUG    | log:153 | [get_keyword_boost] Query: 'Ngày sinh nhiu...' | Doc: Tra cứu lịch sử giao | Boost: 0.25 | Matched: ['ngày']
2026-01-06 10:00:28 | DEBUG    | log:153 | [get_keyword_boost] Query: 'Ngày sinh nhiu...' | Doc: getTransactionList | | Boost: 0.25 | Matched: ['ngày']
2026-01-06 10:00:28 | DEBUG    | log:153 | [get_keyword_boost] Query: 'Ngày sinh nhiu...' | Doc: getUserProfile | Tra | Boost: 0.25 | Matched: ['ngày sinh']
2026-01-06 10:00:28 | DEBUG    | log:153 | [classify_query_intent] Ambiguous: 'Ngày sinh nhiu...' | Scores: {'Tra cứu lịch sử giao dịch theo khoảng thời gian': 1, 'getTransactionList | Tra cứu giao dịch chờ duyệt theo khoảng thời gian': 1, 'getUserProfile | Tra cứu thông tin cá nhân cơ bản': 1}
2026-01-06 10:00:28 | DEBUG    | log:153 | [normalize_query] 'quốc tịch j v...' -> 'Quốc tịch j v...'
2026-01-06 10:00:28 | DEBUG    | log:153 | [perform_hybrid_search] query_text: [quốc tịch j v] - formatted_query: [Quốc tịch j v] - normalized_query: [Quốc tịch j v]
2026-01-06 10:00:28 | DEBUG    | log:153 | [perform_hybrid_search] BM25 raw scores: min=0.0000, max=10.9834
2026-01-06 10:00:28 | DEBUG    | log:153 | [get_keyword_boost] Query: 'Quốc tịch j v...' | Doc: getUserProfile | Tra | Boost: 0.25 | Matched: ['quốc tịch']
2026-01-06 10:00:28 | DEBUG    | log:153 | [classify_query_intent] Classified: 'Quốc tịch j v...' -> getUserProfile | Tra cứu thông (score=1)
2026-01-06 10:00:28 | DEBUG    | log:153 | [normalize_query] 'check profile t cái...' -> 'Check profile t cái...'
2026-01-06 10:00:28 | DEBUG    | log:153 | [perform_hybrid_search] query_text: [check profile t cái] - formatted_query: [Check profile t cái] - normalized_query: [Check profile t cái]
2026-01-06 10:00:28 | DEBUG    | log:153 | [perform_hybrid_search] BM25 raw scores: min=0.0000, max=3.3315
2026-01-06 10:00:28 | DEBUG    | log:153 | [get_keyword_boost] Query: 'Check profile t cái...' | Doc: Tra cứu giao dịch ch | Boost: 0.25 | Matched: ['ck']
2026-01-06 10:00:28 | DEBUG    | log:153 | [get_keyword_boost] Query: 'Check profile t cái...' | Doc: getUserProfile | Tra | Boost: 0.25 | Matched: ['profile']
2026-01-06 10:00:28 | DEBUG    | log:153 | [classify_query_intent] Ambiguous: 'Check profile t cái...' | Scores: {'Tra cứu giao dịch chuyển tiền': 1, 'getUserProfile | Tra cứu thông tin cá nhân cơ bản': 1}
2026-01-06 10:00:28 | DEBUG    | log:153 | [normalize_query] 'tui nam hay nữ...' -> 'Tui nam hay nữ...'
2026-01-06 10:00:28 | DEBUG    | log:153 | [perform_hybrid_search] query_text: [tui nam hay nữ] - formatted_query: [Tui nam hay nữ] - normalized_query: [Tui nam hay nữ]
2026-01-06 10:00:28 | DEBUG    | log:153 | [perform_hybrid_search] BM25 raw scores: min=0.0000, max=4.5937
2026-01-06 10:00:28 | DEBUG    | log:153 | [get_keyword_boost] Query: 'Tui nam hay nữ...' | Doc: getUserProfile | Tra | Boost: 0.50 | Matched: ['nam', 'nữ']
2026-01-06 10:00:28 | DEBUG    | log:153 | [classify_query_intent] Classified: 'Tui nam hay nữ...' -> getUserProfile | Tra cứu thông (score=2)
2026-01-06 10:00:28 | DEBUG    | log:153 | [normalize_query] 'tt định danh t...' -> 'Tt định danh t...'
2026-01-06 10:00:28 | DEBUG    | log:153 | [perform_hybrid_search] query_text: [tt định danh t] - formatted_query: [Tt định danh t] - normalized_query: [Tt định danh t]
2026-01-06 10:00:28 | DEBUG    | log:153 | [perform_hybrid_search] BM25 raw scores: min=0.0104, max=9.0584
2026-01-06 10:00:28 | DEBUG    | log:153 | [get_keyword_boost] Query: 'Tt định danh t...' | Doc: getUserProfile | Tra | Boost: 0.25 | Matched: ['định danh']
2026-01-06 10:00:28 | DEBUG    | log:153 | [classify_query_intent] Classified: 'Tt định danh t...' -> getUserProfile | Tra cứu thông (score=1)
2026-01-06 10:00:28 | DEBUG    | log:153 | [normalize_query] 'coi hồ sơ tui...' -> 'Coi hồ sơ tui...'
2026-01-06 10:00:28 | DEBUG    | log:153 | [perform_hybrid_search] query_text: [coi hồ sơ tui] - formatted_query: [Coi hồ sơ tui] - normalized_query: [Coi hồ sơ tui]
2026-01-06 10:00:28 | DEBUG    | log:153 | [perform_hybrid_search] BM25 raw scores: min=0.0095, max=12.0684
2026-01-06 10:00:28 | DEBUG    | log:153 | [classify_query_intent] No keyword matches found in: 'Coi hồ sơ tui'
2026-01-06 10:00:28 | DEBUG    | log:153 | [normalize_query] 'xem info cơ bản...' -> 'Xem info cơ bản...'
2026-01-06 10:00:28 | DEBUG    | log:153 | [perform_hybrid_search] query_text: [xem info cơ bản] - formatted_query: [Xem info cơ bản] - normalized_query: [Xem info cơ bản]
2026-01-06 10:00:28 | DEBUG    | log:153 | [perform_hybrid_search] BM25 raw scores: min=0.0000, max=22.0160
2026-01-06 10:00:28 | DEBUG    | log:153 | [classify_query_intent] No keyword matches found in: 'Xem info cơ bản'
2026-01-06 10:00:28 | DEBUG    | log:153 | [normalize_query] 'check tên vs ngày sinh...' -> 'Check tên vs ngày sinh...'
2026-01-06 10:00:28 | DEBUG    | log:153 | [perform_hybrid_search] query_text: [check tên vs ngày sinh] - formatted_query: [Check tên vs ngày sinh] - normalized_query: [Check tên vs ngày sinh]
2026-01-06 10:00:28 | DEBUG    | log:153 | [perform_hybrid_search] BM25 raw scores: min=0.0000, max=13.1687
2026-01-06 10:00:28 | DEBUG    | log:153 | [get_keyword_boost] Query: 'Check tên vs ngày sinh...' | Doc: Tra cứu lịch sử giao | Boost: 0.25 | Matched: ['ngày']
2026-01-06 10:00:28 | DEBUG    | log:153 | [get_keyword_boost] Query: 'Check tên vs ngày sinh...' | Doc: Tra cứu giao dịch ch | Boost: 0.25 | Matched: ['ck']
2026-01-06 10:00:28 | DEBUG    | log:153 | [get_keyword_boost] Query: 'Check tên vs ngày sinh...' | Doc: getTransactionList | | Boost: 0.25 | Matched: ['ngày']
2026-01-06 10:00:28 | DEBUG    | log:153 | [get_keyword_boost] Query: 'Check tên vs ngày sinh...' | Doc: getUserProfile | Tra | Boost: 0.25 | Matched: ['ngày sinh']
2026-01-06 10:00:28 | DEBUG    | log:153 | [classify_query_intent] Ambiguous: 'Check tên vs ngày sinh...' | Scores: {'Tra cứu lịch sử giao dịch theo khoảng thời gian': 1, 'Tra cứu giao dịch chuyển tiền': 1, 'getTransactionList | Tra cứu giao dịch chờ duyệt theo khoảng thời gian': 1, 'getUserProfile | Tra cứu thông tin cá nhân cơ bản': 1}
2026-01-06 10:00:28 | DEBUG    | log:153 | [normalize_query] 't là ai...' -> 'T là ai...'
2026-01-06 10:00:28 | DEBUG    | log:153 | [perform_hybrid_search] query_text: [t là ai] - formatted_query: [T là ai] - normalized_query: [T là ai]
2026-01-06 10:00:28 | DEBUG    | log:153 | [perform_hybrid_search] BM25 raw scores: min=0.0000, max=2.0407
2026-01-06 10:00:28 | DEBUG    | log:153 | [classify_query_intent] No keyword matches found in: 'T là ai'
2026-01-06 10:00:28 | DEBUG    | log:153 | [normalize_query] 'tt user tui...' -> 'Tt user tui...'
2026-01-06 10:00:28 | DEBUG    | log:153 | [perform_hybrid_search] query_text: [tt user tui] - formatted_query: [Tt user tui] - normalized_query: [Tt user tui]
2026-01-06 10:00:28 | DEBUG    | log:153 | [perform_hybrid_search] BM25 raw scores: min=0.0000, max=2.9367
2026-01-06 10:00:28 | DEBUG    | log:153 | [get_keyword_boost] Query: 'Tt user tui...' | Doc: getUserProfile | Tra | Boost: 0.25 | Matched: ['user']
2026-01-06 10:00:28 | DEBUG    | log:153 | [classify_query_intent] Classified: 'Tt user tui...' -> getUserProfile | Tra cứu thông (score=1)
2026-01-06 10:00:28 | DEBUG    | log:153 | [normalize_query] 'profile tui ntn...' -> 'Profile tui ntn...'
2026-01-06 10:00:28 | DEBUG    | log:153 | [perform_hybrid_search] query_text: [profile tui ntn] - formatted_query: [Profile tui ntn] - normalized_query: [Profile tui ntn]
2026-01-06 10:00:28 | DEBUG    | log:153 | [perform_hybrid_search] BM25 raw scores: min=0.0000, max=2.9367
2026-01-06 10:00:28 | DEBUG    | log:153 | [get_keyword_boost] Query: 'Profile tui ntn...' | Doc: getUserProfile | Tra | Boost: 0.25 | Matched: ['profile']
2026-01-06 10:00:28 | DEBUG    | log:153 | [classify_query_intent] Classified: 'Profile tui ntn...' -> getUserProfile | Tra cứu thông (score=1)
2026-01-06 10:00:28 | DEBUG    | log:153 | [normalize_query] 'ngày sinh tui ghi s v...' -> 'Ngày sinh tui ghi s v...'
2026-01-06 10:00:28 | DEBUG    | log:153 | [perform_hybrid_search] query_text: [ngày sinh tui ghi s v] - formatted_query: [Ngày sinh tui ghi s v] - normalized_query: [Ngày sinh tui ghi s v]
2026-01-06 10:00:28 | DEBUG    | log:153 | [perform_hybrid_search] BM25 raw scores: min=0.0000, max=8.6577
2026-01-06 10:00:28 | DEBUG    | log:153 | [get_keyword_boost] Query: 'Ngày sinh tui ghi s v...' | Doc: Tra cứu lịch sử giao | Boost: 0.25 | Matched: ['ngày']
2026-01-06 10:00:28 | DEBUG    | log:153 | [get_keyword_boost] Query: 'Ngày sinh tui ghi s v...' | Doc: getTransactionList | | Boost: 0.25 | Matched: ['ngày']
2026-01-06 10:00:28 | DEBUG    | log:153 | [get_keyword_boost] Query: 'Ngày sinh tui ghi s v...' | Doc: getUserProfile | Tra | Boost: 0.25 | Matched: ['ngày sinh']
2026-01-06 10:00:28 | DEBUG    | log:153 | [classify_query_intent] Ambiguous: 'Ngày sinh tui ghi s v...' | Scores: {'Tra cứu lịch sử giao dịch theo khoảng thời gian': 1, 'getTransactionList | Tra cứu giao dịch chờ duyệt theo khoảng thời gian': 1, 'getUserProfile | Tra cứu thông tin cá nhân cơ bản': 1}
2026-01-06 10:00:28 | DEBUG    | log:153 | [normalize_query] 'check status hồ sơ...' -> 'Check status hồ sơ...'
2026-01-06 10:00:28 | DEBUG    | log:153 | [perform_hybrid_search] query_text: [check status hồ sơ] - formatted_query: [Check status hồ sơ] - normalized_query: [Check status hồ sơ]
2026-01-06 10:00:28 | DEBUG    | log:153 | [perform_hybrid_search] BM25 raw scores: min=0.0095, max=13.7234
2026-01-06 10:00:28 | DEBUG    | log:153 | [get_keyword_boost] Query: 'Check status hồ sơ...' | Doc: Tra cứu giao dịch ch | Boost: 0.25 | Matched: ['ck']
2026-01-06 10:00:28 | DEBUG    | log:153 | [get_keyword_boost] Query: 'Check status hồ sơ...' | Doc: getUserProfile | Kiể | Boost: 0.25 | Matched: ['status']
2026-01-06 10:00:28 | DEBUG    | log:153 | [classify_query_intent] Ambiguous: 'Check status hồ sơ...' | Scores: {'Tra cứu giao dịch chuyển tiền': 1, 'getUserProfile | Kiểm tra trạng thái hồ sơ khách hàng': 1}
2026-01-06 10:00:28 | DEBUG    | log:153 | [normalize_query] 'xem tt đăng ký...' -> 'Xem tt đăng ký...'
2026-01-06 10:00:28 | DEBUG    | log:153 | [perform_hybrid_search] query_text: [xem tt đăng ký] - formatted_query: [Xem tt đăng ký] - normalized_query: [Xem tt đăng ký]
2026-01-06 10:00:28 | DEBUG    | log:153 | [perform_hybrid_search] BM25 raw scores: min=0.0000, max=19.5860
2026-01-06 10:00:28 | DEBUG    | log:153 | [classify_query_intent] No keyword matches found in: 'Xem tt đăng ký'
2026-01-06 10:00:28 | DEBUG    | log:153 | [normalize_query] 'tui quốc tịch j...' -> 'Tui quốc tịch j...'
2026-01-06 10:00:28 | DEBUG    | log:153 | [perform_hybrid_search] query_text: [tui quốc tịch j] - formatted_query: [Tui quốc tịch j] - normalized_query: [Tui quốc tịch j]
2026-01-06 10:00:28 | DEBUG    | log:153 | [perform_hybrid_search] BM25 raw scores: min=0.0000, max=10.9834
2026-01-06 10:00:28 | DEBUG    | log:153 | [get_keyword_boost] Query: 'Tui quốc tịch j...' | Doc: getUserProfile | Tra | Boost: 0.25 | Matched: ['quốc tịch']
2026-01-06 10:00:28 | DEBUG    | log:153 | [classify_query_intent] Classified: 'Tui quốc tịch j...' -> getUserProfile | Tra cứu thông (score=1)
2026-01-06 10:00:28 | DEBUG    | log:153 | [normalize_query] 'show hồ sơ tui...' -> 'Show hồ sơ tui...'
2026-01-06 10:00:28 | DEBUG    | log:153 | [perform_hybrid_search] query_text: [show hồ sơ tui] - formatted_query: [Show hồ sơ tui] - normalized_query: [Show hồ sơ tui]
2026-01-06 10:00:28 | DEBUG    | log:153 | [perform_hybrid_search] BM25 raw scores: min=0.0095, max=12.0684
2026-01-06 10:00:28 | DEBUG    | log:153 | [classify_query_intent] No keyword matches found in: 'Show hồ sơ tui'
2026-01-06 10:00:28 | DEBUG    | log:153 | [normalize_query] 'check tt cá nhân của tui...' -> 'Check tt cá nhân của tui...'
2026-01-06 10:00:28 | DEBUG    | log:153 | [perform_hybrid_search] query_text: [check tt cá nhân của tui] - formatted_query: [Check tt cá nhân của tui] - normalized_query: [Check tt cá nhân của tui]
2026-01-06 10:00:29 | DEBUG    | log:153 | [perform_hybrid_search] BM25 raw scores: min=0.0000, max=18.0915
2026-01-06 10:00:29 | DEBUG    | log:153 | [get_keyword_boost] Query: 'Check tt cá nhân của tui...' | Doc: Tra cứu giao dịch ch | Boost: 0.25 | Matched: ['ck']
2026-01-06 10:00:29 | DEBUG    | log:153 | [classify_query_intent] Classified: 'Check tt cá nhân của tui...' -> Tra cứu giao dịch chuyển tiền (score=1)
2026-01-06 10:00:29 | DEBUG    | log:153 | [normalize_query] 'tên tui ghi j v...' -> 'Tên tui ghi j v...'
2026-01-06 10:00:29 | DEBUG    | log:153 | [perform_hybrid_search] query_text: [tên tui ghi j v] - formatted_query: [Tên tui ghi j v] - normalized_query: [Tên tui ghi j v]
2026-01-06 10:00:29 | DEBUG    | log:153 | [perform_hybrid_search] BM25 raw scores: min=0.0000, max=7.5454
2026-01-06 10:00:29 | DEBUG    | log:153 | [classify_query_intent] No keyword matches found in: 'Tên tui ghi j v'
2026-01-06 10:00:29 | DEBUG    | log:153 | [normalize_query] 'info cơ bản của tui...' -> 'Info cơ bản của tui...'
2026-01-06 10:00:29 | DEBUG    | log:153 | [perform_hybrid_search] query_text: [info cơ bản của tui] - formatted_query: [Info cơ bản của tui] - normalized_query: [Info cơ bản của tui]
2026-01-06 10:00:29 | DEBUG    | log:153 | [perform_hybrid_search] BM25 raw scores: min=0.0000, max=16.9176
2026-01-06 10:00:29 | DEBUG    | log:153 | [classify_query_intent] No keyword matches found in: 'Info cơ bản của tui'
2026-01-06 10:00:29 | DEBUG    | log:153 | [normalize_query] 'xem tt người dùng...' -> 'Xem tt người dùng...'
2026-01-06 10:00:29 | DEBUG    | log:153 | [perform_hybrid_search] query_text: [xem tt người dùng] - formatted_query: [Xem tt người dùng] - normalized_query: [Xem tt người dùng]
2026-01-06 10:00:29 | DEBUG    | log:153 | [perform_hybrid_search] BM25 raw scores: min=0.0104, max=5.9986
2026-01-06 10:00:29 | DEBUG    | log:153 | [get_keyword_boost] Query: 'Xem tt người dùng...' | Doc: getUserProfile | Tra | Boost: 0.25 | Matched: ['người dùng']
2026-01-06 10:00:29 | DEBUG    | log:153 | [classify_query_intent] Classified: 'Xem tt người dùng...' -> getUserProfile | Tra cứu thông (score=1)
2026-01-06 10:00:29 | DEBUG    | log:153 | [normalize_query] 'check ttnv...' -> 'Check ttnv...'
2026-01-06 10:00:29 | DEBUG    | log:153 | [perform_hybrid_search] query_text: [check ttnv] - formatted_query: [Check ttnv] - normalized_query: [Check ttnv]
2026-01-06 10:00:29 | DEBUG    | log:153 | [perform_hybrid_search] BM25 raw scores: min=0.0000, max=0.0000
2026-01-06 10:00:29 | DEBUG    | log:153 | [get_keyword_boost] Query: 'Check ttnv...' | Doc: Tra cứu giao dịch ch | Boost: 0.25 | Matched: ['ck']
2026-01-06 10:00:29 | DEBUG    | log:153 | [classify_query_intent] Classified: 'Check ttnv...' -> Tra cứu giao dịch chuyển tiền (score=1)
2026-01-06 10:00:29 | DEBUG    | log:153 | [normalize_query] 'tui sinh ngày mấy...' -> 'Tui sinh ngày mấy...'
2026-01-06 10:00:29 | DEBUG    | log:153 | [perform_hybrid_search] query_text: [tui sinh ngày mấy] - formatted_query: [Tui sinh ngày mấy] - normalized_query: [Tui sinh ngày mấy]
2026-01-06 10:00:29 | DEBUG    | log:153 | [perform_hybrid_search] BM25 raw scores: min=0.0000, max=3.9076
2026-01-06 10:00:29 | DEBUG    | log:153 | [get_keyword_boost] Query: 'Tui sinh ngày mấy...' | Doc: Tra cứu lịch sử giao | Boost: 0.25 | Matched: ['ngày']
2026-01-06 10:00:29 | DEBUG    | log:153 | [get_keyword_boost] Query: 'Tui sinh ngày mấy...' | Doc: getTransactionList | | Boost: 0.25 | Matched: ['ngày']
2026-01-06 10:00:29 | DEBUG    | log:153 | [classify_query_intent] Ambiguous: 'Tui sinh ngày mấy...' | Scores: {'Tra cứu lịch sử giao dịch theo khoảng thời gian': 1, 'getTransactionList | Tra cứu giao dịch chờ duyệt theo khoảng thời gian': 1}
2026-01-06 10:00:29 | DEBUG    | log:153 | [normalize_query] 'coi profile cá nhân...' -> 'Coi profile cá nhân...'
2026-01-06 10:00:29 | DEBUG    | log:153 | [perform_hybrid_search] query_text: [coi profile cá nhân] - formatted_query: [Coi profile cá nhân] - normalized_query: [Coi profile cá nhân]
2026-01-06 10:00:29 | DEBUG    | log:153 | [perform_hybrid_search] BM25 raw scores: min=0.0000, max=24.7140
2026-01-06 10:00:29 | DEBUG    | log:153 | [get_keyword_boost] Query: 'Coi profile cá nhân...' | Doc: getUserProfile | Tra | Boost: 0.25 | Matched: ['profile']
2026-01-06 10:00:29 | DEBUG    | log:153 | [classify_query_intent] Classified: 'Coi profile cá nhân...' -> getUserProfile | Tra cứu thông (score=1)
2026-01-06 10:00:29 | DEBUG    | log:153 | [normalize_query] 'tt định danh cơ bản...' -> 'Tt định danh cơ bản...'
2026-01-06 10:00:29 | DEBUG    | log:153 | [perform_hybrid_search] query_text: [tt định danh cơ bản] - formatted_query: [Tt định danh cơ bản] - normalized_query: [Tt định danh cơ bản]
2026-01-06 10:00:29 | DEBUG    | log:153 | [perform_hybrid_search] BM25 raw scores: min=0.0202, max=25.2778
2026-01-06 10:00:29 | DEBUG    | log:153 | [get_keyword_boost] Query: 'Tt định danh cơ bản...' | Doc: getUserProfile | Tra | Boost: 0.25 | Matched: ['định danh']
2026-01-06 10:00:29 | DEBUG    | log:153 | [classify_query_intent] Classified: 'Tt định danh cơ bản...' -> getUserProfile | Tra cứu thông (score=1)
2026-01-06 10:00:29 | DEBUG    | log:153 | [normalize_query] 'xem info acc tui...' -> 'Xem info acc tui...'
2026-01-06 10:00:29 | DEBUG    | log:153 | [perform_hybrid_search] query_text: [xem info acc tui] - formatted_query: [Xem info acc tui] - normalized_query: [Xem info acc tui]
2026-01-06 10:00:29 | DEBUG    | log:153 | [perform_hybrid_search] BM25 raw scores: min=0.0000, max=5.0984
2026-01-06 10:00:29 | DEBUG    | log:153 | [classify_query_intent] No keyword matches found in: 'Xem info acc tui'
2026-01-06 10:00:29 | DEBUG    | log:153 | [normalize_query] 'check giới tính tui...' -> 'Check giới tính tui...'
2026-01-06 10:00:29 | DEBUG    | log:153 | [perform_hybrid_search] query_text: [check giới tính tui] - formatted_query: [Check giới tính tui] - normalized_query: [Check giới tính tui]
2026-01-06 10:00:29 | DEBUG    | log:153 | [perform_hybrid_search] BM25 raw scores: min=0.0000, max=7.9493
2026-01-06 10:00:29 | DEBUG    | log:153 | [get_keyword_boost] Query: 'Check giới tính tui...' | Doc: Tra cứu giao dịch ch | Boost: 0.25 | Matched: ['ck']
2026-01-06 10:00:29 | DEBUG    | log:153 | [get_keyword_boost] Query: 'Check giới tính tui...' | Doc: getUserProfile | Tra | Boost: 0.25 | Matched: ['giới tính']
2026-01-06 10:00:29 | DEBUG    | log:153 | [classify_query_intent] Ambiguous: 'Check giới tính tui...' | Scores: {'Tra cứu giao dịch chuyển tiền': 1, 'getUserProfile | Tra cứu thông tin cá nhân cơ bản': 1}
2026-01-06 10:00:29 | DEBUG    | log:153 | [normalize_query] 'tt tui trên app...' -> 'Tt tui trên app...'
2026-01-06 10:00:29 | DEBUG    | log:153 | [perform_hybrid_search] query_text: [tt tui trên app] - formatted_query: [Tt tui trên app] - normalized_query: [Tt tui trên app]
2026-01-06 10:00:29 | DEBUG    | log:153 | [perform_hybrid_search] BM25 raw scores: min=0.0000, max=2.8466
2026-01-06 10:00:29 | DEBUG    | log:153 | [get_keyword_boost] Query: 'Tt tui trên app...' | Doc: Tra cứu giao dịch th | Boost: 0.25 | Matched: ['trên']
2026-01-06 10:00:29 | DEBUG    | log:153 | [get_keyword_boost] Query: 'Tt tui trên app...' | Doc: getTransactionList | | Boost: 0.25 | Matched: ['trên']
2026-01-06 10:00:29 | DEBUG    | log:153 | [classify_query_intent] Ambiguous: 'Tt tui trên app...' | Scores: {'Tra cứu giao dịch theo số tiền': 1, 'getTransactionList | Tra cứu giao dịch chờ duyệt theo số tiền hoặc hạn mức': 1}
2026-01-06 10:00:29 | DEBUG    | log:153 | [normalize_query] 'hồ sơ tui sao r...' -> 'Hồ sơ tui sao r...'
2026-01-06 10:00:29 | DEBUG    | log:153 | [perform_hybrid_search] query_text: [hồ sơ tui sao r] - formatted_query: [Hồ sơ tui sao r] - normalized_query: [Hồ sơ tui sao r]
2026-01-06 10:00:29 | DEBUG    | log:153 | [perform_hybrid_search] BM25 raw scores: min=0.0095, max=13.6767
2026-01-06 10:00:29 | DEBUG    | log:153 | [classify_query_intent] No keyword matches found in: 'Hồ sơ tui sao r'
2026-01-06 10:00:29 | DEBUG    | log:153 | [normalize_query] 'check tên vs quốc tịch...' -> 'Check tên vs quốc tịch...'
2026-01-06 10:00:29 | DEBUG    | log:153 | [perform_hybrid_search] query_text: [check tên vs quốc tịch] - formatted_query: [Check tên vs quốc tịch] - normalized_query: [Check tên vs quốc tịch]
2026-01-06 10:00:29 | DEBUG    | log:153 | [perform_hybrid_search] BM25 raw scores: min=0.0000, max=17.0116
2026-01-06 10:00:29 | DEBUG    | log:153 | [get_keyword_boost] Query: 'Check tên vs quốc tịch...' | Doc: Tra cứu giao dịch ch | Boost: 0.25 | Matched: ['ck']
2026-01-06 10:00:29 | DEBUG    | log:153 | [get_keyword_boost] Query: 'Check tên vs quốc tịch...' | Doc: getUserProfile | Tra | Boost: 0.25 | Matched: ['quốc tịch']
2026-01-06 10:00:29 | DEBUG    | log:153 | [classify_query_intent] Ambiguous: 'Check tên vs quốc tịch...' | Scores: {'Tra cứu giao dịch chuyển tiền': 1, 'getUserProfile | Tra cứu thông tin cá nhân cơ bản': 1}
2026-01-06 10:00:29 | DEBUG    | log:153 | [normalize_query] 'tui là nam ha...' -> 'Tui là nam ha...'
2026-01-06 10:00:29 | DEBUG    | log:153 | [perform_hybrid_search] query_text: [tui là nam ha] - formatted_query: [Tui là nam ha] - normalized_query: [Tui là nam ha]
2026-01-06 10:00:29 | DEBUG    | log:153 | [perform_hybrid_search] BM25 raw scores: min=0.0000, max=1.9514
2026-01-06 10:00:29 | DEBUG    | log:153 | [get_keyword_boost] Query: 'Tui là nam ha...' | Doc: getUserProfile | Tra | Boost: 0.25 | Matched: ['nam']
2026-01-06 10:00:29 | DEBUG    | log:153 | [classify_query_intent] Classified: 'Tui là nam ha...' -> getUserProfile | Tra cứu thông (score=1)
2026-01-06 10:00:29 | DEBUG    | log:153 | [normalize_query] 'xem lại info tui...' -> 'Xem lại info tui...'
2026-01-06 10:00:29 | DEBUG    | log:153 | [perform_hybrid_search] query_text: [xem lại info tui] - formatted_query: [Xem lại info tui] - normalized_query: [Xem lại info tui]
2026-01-06 10:00:29 | DEBUG    | log:153 | [perform_hybrid_search] BM25 raw scores: min=0.0000, max=5.0984
2026-01-06 10:00:29 | DEBUG    | log:153 | [classify_query_intent] No keyword matches found in: 'Xem lại info tui'
2026-01-06 10:00:29 | DEBUG    | log:153 | [normalize_query] 'tt profile tui...' -> 'Tt profile tui...'
2026-01-06 10:00:29 | DEBUG    | log:153 | [perform_hybrid_search] query_text: [tt profile tui] - formatted_query: [Tt profile tui] - normalized_query: [Tt profile tui]
2026-01-06 10:00:29 | DEBUG    | log:153 | [perform_hybrid_search] BM25 raw scores: min=0.0000, max=2.9367
2026-01-06 10:00:29 | DEBUG    | log:153 | [get_keyword_boost] Query: 'Tt profile tui...' | Doc: getUserProfile | Tra | Boost: 0.25 | Matched: ['profile']
2026-01-06 10:00:29 | DEBUG    | log:153 | [classify_query_intent] Classified: 'Tt profile tui...' -> getUserProfile | Tra cứu thông (score=1)
2026-01-06 10:00:29 | DEBUG    | log:153 | [normalize_query] 'check info cá nhân tui...' -> 'Check info cá nhân tui...'
2026-01-06 10:00:29 | DEBUG    | log:153 | [perform_hybrid_search] query_text: [check info cá nhân tui] - formatted_query: [Check info cá nhân tui] - normalized_query: [Check info cá nhân tui]
2026-01-06 10:00:29 | DEBUG    | log:153 | [perform_hybrid_search] BM25 raw scores: min=0.0000, max=18.0915
2026-01-06 10:00:29 | DEBUG    | log:153 | [get_keyword_boost] Query: 'Check info cá nhân tui...' | Doc: Tra cứu giao dịch ch | Boost: 0.25 | Matched: ['ck']
2026-01-06 10:00:29 | DEBUG    | log:153 | [classify_query_intent] Classified: 'Check info cá nhân tui...' -> Tra cứu giao dịch chuyển tiền (score=1)
2026-01-06 10:00:29 | DEBUG    | log:153 | [normalize_query] 'xem ngày sinh tui phát...' -> 'Xem ngày sinh tui phát...'
2026-01-06 10:00:29 | DEBUG    | log:153 | [perform_hybrid_search] query_text: [xem ngày sinh tui phát] - formatted_query: [Xem ngày sinh tui phát] - normalized_query: [Xem ngày sinh tui phát]
2026-01-06 10:00:29 | DEBUG    | log:153 | [perform_hybrid_search] BM25 raw scores: min=0.0000, max=12.2389
2026-01-06 10:00:29 | DEBUG    | log:153 | [get_keyword_boost] Query: 'Xem ngày sinh tui phát...' | Doc: Tra cứu lịch sử giao | Boost: 0.25 | Matched: ['ngày']
2026-01-06 10:00:29 | DEBUG    | log:153 | [get_keyword_boost] Query: 'Xem ngày sinh tui phát...' | Doc: getTransactionList | | Boost: 0.25 | Matched: ['ngày']
2026-01-06 10:00:29 | DEBUG    | log:153 | [get_keyword_boost] Query: 'Xem ngày sinh tui phát...' | Doc: getUserProfile | Tra | Boost: 0.25 | Matched: ['ngày sinh']
2026-01-06 10:00:29 | DEBUG    | log:153 | [classify_query_intent] Ambiguous: 'Xem ngày sinh tui phát...' | Scores: {'Tra cứu lịch sử giao dịch theo khoảng thời gian': 1, 'getTransactionList | Tra cứu giao dịch chờ duyệt theo khoảng thời gian': 1, 'getUserProfile | Tra cứu thông tin cá nhân cơ bản': 1}
2026-01-06 10:00:29 | DEBUG    | log:153 | [normalize_query] 'tt hscu tui...' -> 'Tt hscu tui...'
2026-01-06 10:00:29 | DEBUG    | log:153 | [perform_hybrid_search] query_text: [tt hscu tui] - formatted_query: [Tt hscu tui] - normalized_query: [Tt hscu tui]
2026-01-06 10:00:29 | DEBUG    | log:153 | [perform_hybrid_search] BM25 raw scores: min=0.0000, max=0.0000
2026-01-06 10:00:29 | DEBUG    | log:153 | [classify_query_intent] No keyword matches found in: 'Tt hscu tui'
2026-01-06 10:00:29 | DEBUG    | log:153 | [normalize_query] 'coi tên tui cái...' -> 'Coi tên tui cái...'
2026-01-06 10:00:29 | DEBUG    | log:153 | [perform_hybrid_search] query_text: [coi tên tui cái] - formatted_query: [Coi tên tui cái] - normalized_query: [Coi tên tui cái]
2026-01-06 10:00:29 | DEBUG    | log:153 | [perform_hybrid_search] BM25 raw scores: min=0.0000, max=6.4417
2026-01-06 10:00:29 | DEBUG    | log:153 | [classify_query_intent] No keyword matches found in: 'Coi tên tui cái'
2026-01-06 10:00:29 | DEBUG    | log:153 | [normalize_query] 'check status user...' -> 'Check status user...'
2026-01-06 10:00:29 | DEBUG    | log:153 | [perform_hybrid_search] query_text: [check status user] - formatted_query: [Check status user] - normalized_query: [Check status user]
2026-01-06 10:00:29 | DEBUG    | log:153 | [perform_hybrid_search] BM25 raw scores: min=0.0000, max=2.9367
2026-01-06 10:00:29 | DEBUG    | log:153 | [get_keyword_boost] Query: 'Check status user...' | Doc: Tra cứu giao dịch ch | Boost: 0.25 | Matched: ['ck']
2026-01-06 10:00:29 | DEBUG    | log:153 | [get_keyword_boost] Query: 'Check status user...' | Doc: getUserProfile | Tra | Boost: 0.25 | Matched: ['user']
2026-01-06 10:00:29 | DEBUG    | log:153 | [get_keyword_boost] Query: 'Check status user...' | Doc: getUserProfile | Kiể | Boost: 0.25 | Matched: ['status']
2026-01-06 10:00:29 | DEBUG    | log:153 | [classify_query_intent] Ambiguous: 'Check status user...' | Scores: {'Tra cứu giao dịch chuyển tiền': 1, 'getUserProfile | Tra cứu thông tin cá nhân cơ bản': 1, 'getUserProfile | Kiểm tra trạng thái hồ sơ khách hàng': 1}
2026-01-06 10:00:29 | DEBUG    | log:153 | [normalize_query] 'hồ sơ cá nhân tui...' -> 'Hồ sơ cá nhân tui...'
2026-01-06 10:00:29 | DEBUG    | log:153 | [perform_hybrid_search] query_text: [hồ sơ cá nhân tui] - formatted_query: [Hồ sơ cá nhân tui] - normalized_query: [Hồ sơ cá nhân tui]
2026-01-06 10:00:29 | DEBUG    | log:153 | [perform_hybrid_search] BM25 raw scores: min=0.0116, max=39.6386
2026-01-06 10:00:29 | DEBUG    | log:153 | [get_keyword_boost] Query: 'Hồ sơ cá nhân tui...' | Doc: getUserProfile | Tra | Boost: 0.25 | Matched: ['hồ sơ cá nhân']
2026-01-06 10:00:29 | DEBUG    | log:153 | [classify_query_intent] Classified: 'Hồ sơ cá nhân tui...' -> getUserProfile | Tra cứu thông (score=1)
2026-01-06 10:00:29 | DEBUG    | log:153 | [normalize_query] 'tui quốc tịch vn đúng k...' -> 'Tui quốc tịch vn đúng k...'
2026-01-06 10:00:29 | DEBUG    | log:153 | [perform_hybrid_search] query_text: [tui quốc tịch vn đúng k] - formatted_query: [Tui quốc tịch vn đúng k] - normalized_query: [Tui quốc tịch vn đúng k]
2026-01-06 10:00:29 | DEBUG    | log:153 | [perform_hybrid_search] BM25 raw scores: min=0.0000, max=10.9834
2026-01-06 10:00:29 | DEBUG    | log:153 | [get_keyword_boost] Query: 'Tui quốc tịch vn đúng k...' | Doc: getUserProfile | Tra | Boost: 0.25 | Matched: ['quốc tịch']
2026-01-06 10:00:29 | DEBUG    | log:153 | [classify_query_intent] Classified: 'Tui quốc tịch vn đúng k...' -> getUserProfile | Tra cứu thông (score=1)
2026-01-06 10:00:29 | DEBUG    | log:153 | [normalize_query] 'xem profile người dùng...' -> 'Xem profile người dùng...'
2026-01-06 10:00:29 | DEBUG    | log:153 | [perform_hybrid_search] query_text: [xem profile người dùng] - formatted_query: [Xem profile người dùng] - normalized_query: [Xem profile người dùng]
2026-01-06 10:00:29 | DEBUG    | log:153 | [perform_hybrid_search] BM25 raw scores: min=0.0104, max=15.5578
2026-01-06 10:00:29 | DEBUG    | log:153 | [get_keyword_boost] Query: 'Xem profile người dùng...' | Doc: getUserProfile | Tra | Boost: 0.75 | Matched: ['profile', 'người dùng', 'xem profile']
2026-01-06 10:00:29 | DEBUG    | log:153 | [classify_query_intent] Classified: 'Xem profile người dùng...' -> getUserProfile | Tra cứu thông (score=3)
2026-01-06 10:00:29 | DEBUG    | log:153 | [normalize_query] 'check tt khai báo...' -> 'Check tt khai báo...'
2026-01-06 10:00:29 | DEBUG    | log:153 | [perform_hybrid_search] query_text: [check tt khai báo] - formatted_query: [Check tt khai báo] - normalized_query: [Check tt khai báo]
2026-01-06 10:00:29 | DEBUG    | log:153 | [perform_hybrid_search] BM25 raw scores: min=0.0085, max=5.5476
2026-01-06 10:00:29 | DEBUG    | log:153 | [get_keyword_boost] Query: 'Check tt khai báo...' | Doc: Tra cứu giao dịch ch | Boost: 0.25 | Matched: ['ck']
2026-01-06 10:00:29 | DEBUG    | log:153 | [classify_query_intent] Classified: 'Check tt khai báo...' -> Tra cứu giao dịch chuyển tiền (score=1)
2026-01-06 10:00:29 | DEBUG    | log:153 | [normalize_query] 'ngày sinh vs giới tính t...' -> 'Ngày sinh vs giới tính t...'
2026-01-06 10:00:29 | DEBUG    | log:153 | [perform_hybrid_search] query_text: [ngày sinh vs giới tính t] - formatted_query: [Ngày sinh vs giới tính t] - normalized_query: [Ngày sinh vs giới tính t]
2026-01-06 10:00:29 | DEBUG    | log:153 | [perform_hybrid_search] BM25 raw scores: min=0.0000, max=15.0898
2026-01-06 10:00:29 | DEBUG    | log:153 | [get_keyword_boost] Query: 'Ngày sinh vs giới tính t...' | Doc: Tra cứu lịch sử giao | Boost: 0.25 | Matched: ['ngày']
2026-01-06 10:00:29 | DEBUG    | log:153 | [get_keyword_boost] Query: 'Ngày sinh vs giới tính t...' | Doc: getTransactionList | | Boost: 0.25 | Matched: ['ngày']
2026-01-06 10:00:29 | DEBUG    | log:153 | [get_keyword_boost] Query: 'Ngày sinh vs giới tính t...' | Doc: getUserProfile | Tra | Boost: 0.50 | Matched: ['ngày sinh', 'giới tính']
2026-01-06 10:00:29 | DEBUG    | log:153 | [classify_query_intent] Classified: 'Ngày sinh vs giới tính t...' -> getUserProfile | Tra cứu thông (score=2)
2026-01-06 10:00:29 | DEBUG    | log:153 | [normalize_query] 'show info tui đi...' -> 'Show info tui đi...'
2026-01-06 10:00:29 | DEBUG    | log:153 | [perform_hybrid_search] query_text: [show info tui đi] - formatted_query: [Show info tui đi] - normalized_query: [Show info tui đi]
2026-01-06 10:00:29 | DEBUG    | log:153 | [perform_hybrid_search] BM25 raw scores: min=0.0000, max=0.7482
2026-01-06 10:00:29 | DEBUG    | log:153 | [classify_query_intent] No keyword matches found in: 'Show info tui đi'
2026-01-06 10:00:29 | DEBUG    | log:153 | [normalize_query] 'check hồ sơ định danh...' -> 'Check hồ sơ định danh...'
2026-01-06 10:00:29 | DEBUG    | log:153 | [perform_hybrid_search] query_text: [check hồ sơ định danh] - formatted_query: [Check hồ sơ định danh] - normalized_query: [Check hồ sơ định danh]
2026-01-06 10:00:29 | DEBUG    | log:153 | [perform_hybrid_search] BM25 raw scores: min=0.0404, max=22.8924
2026-01-06 10:00:29 | DEBUG    | log:153 | [get_keyword_boost] Query: 'Check hồ sơ định danh...' | Doc: Tra cứu giao dịch ch | Boost: 0.25 | Matched: ['ck']
2026-01-06 10:00:29 | DEBUG    | log:153 | [get_keyword_boost] Query: 'Check hồ sơ định danh...' | Doc: getUserProfile | Tra | Boost: 0.25 | Matched: ['định danh']
2026-01-06 10:00:29 | DEBUG    | log:153 | [classify_query_intent] Ambiguous: 'Check hồ sơ định danh...' | Scores: {'Tra cứu giao dịch chuyển tiền': 1, 'getUserProfile | Tra cứu thông tin định danh': 1}
2026-01-06 10:00:29 | DEBUG    | log:153 | [normalize_query] 'Xem thôg tin cá nhâm....' -> 'Xem thôg tin cá nhâm...'
2026-01-06 10:00:29 | DEBUG    | log:153 | [perform_hybrid_search] query_text: [Xem thôg tin cá nhâm.] - formatted_query: [Xem thôg tin cá nhâm] - normalized_query: [Xem thôg tin cá nhâm]
2026-01-06 10:00:29 | DEBUG    | log:153 | [perform_hybrid_search] BM25 raw scores: min=0.0000, max=21.5147
2026-01-06 10:00:29 | DEBUG    | log:153 | [classify_query_intent] No keyword matches found in: 'Xem thôg tin cá nhâm'
2026-01-06 10:00:29 | DEBUG    | log:153 | [normalize_query] 'Cho mình coi hồ sơ cá nhân với....' -> 'Cho mình coi hồ sơ cá nhân với...'
2026-01-06 10:00:29 | DEBUG    | log:153 | [perform_hybrid_search] query_text: [Cho mình coi hồ sơ cá nhân với.] - formatted_query: [Cho mình coi hồ sơ cá nhân với] - normalized_query: [Cho mình coi hồ sơ cá nhân với]
2026-01-06 10:00:29 | DEBUG    | log:153 | [perform_hybrid_search] BM25 raw scores: min=0.0116, max=42.5753
2026-01-06 10:00:29 | DEBUG    | log:153 | [get_keyword_boost] Query: 'Cho mình coi hồ sơ cá nhân với...' | Doc: getUserProfile | Tra | Boost: 0.25 | Matched: ['hồ sơ cá nhân']
2026-01-06 10:00:29 | DEBUG    | log:153 | [classify_query_intent] Classified: 'Cho mình coi hồ sơ cá nhân với...' -> getUserProfile | Tra cứu thông (score=1)
2026-01-06 10:00:30 | DEBUG    | log:153 | [normalize_query] 'Kiểm tra ttcn....' -> 'Kiểm tra ttcn...'
2026-01-06 10:00:30 | DEBUG    | log:153 | [perform_hybrid_search] query_text: [Kiểm tra ttcn.] - formatted_query: [Kiểm tra ttcn] - normalized_query: [Kiểm tra ttcn]
2026-01-06 10:00:30 | DEBUG    | log:153 | [perform_hybrid_search] BM25 raw scores: min=0.0160, max=7.5505
2026-01-06 10:00:30 | DEBUG    | log:153 | [classify_query_intent] No keyword matches found in: 'Kiểm tra ttcn'
2026-01-06 10:00:30 | DEBUG    | log:153 | [normalize_query] 'Thôg tin cá nhâ của tui....' -> 'Thôg tin cá nhâ của tui...'
2026-01-06 10:00:30 | DEBUG    | log:153 | [perform_hybrid_search] query_text: [Thôg tin cá nhâ của tui.] - formatted_query: [Thôg tin cá nhâ của tui] - normalized_query: [Thôg tin cá nhâ của tui]
2026-01-06 10:00:30 | DEBUG    | log:153 | [perform_hybrid_search] BM25 raw scores: min=0.0000, max=16.4163
2026-01-06 10:00:30 | DEBUG    | log:153 | [classify_query_intent] No keyword matches found in: 'Thôg tin cá nhâ của tui'
2026-01-06 10:00:30 | DEBUG    | log:153 | [normalize_query] 'Xem hộ tớ cái pofile....' -> 'Xem hộ tớ cái pofile...'
2026-01-06 10:00:30 | DEBUG    | log:153 | [perform_hybrid_search] query_text: [Xem hộ tớ cái pofile.] - formatted_query: [Xem hộ tớ cái pofile] - normalized_query: [Xem hộ tớ cái pofile]
2026-01-06 10:00:30 | DEBUG    | log:153 | [perform_hybrid_search] BM25 raw scores: min=0.0000, max=7.3456
2026-01-06 10:00:30 | DEBUG    | log:153 | [classify_query_intent] No keyword matches found in: 'Xem hộ tớ cái pofile'
2026-01-06 10:00:30 | DEBUG    | log:153 | [normalize_query] 'Ngày sih của tớ là gì?...' -> 'Ngày sih của tớ là gì...'
2026-01-06 10:00:30 | DEBUG    | log:153 | [perform_hybrid_search] query_text: [Ngày sih của tớ là gì?] - formatted_query: [Ngày sih của tớ là gì] - normalized_query: [Ngày sih của tớ là gì]
2026-01-06 10:00:30 | DEBUG    | log:153 | [perform_hybrid_search] BM25 raw scores: min=0.0000, max=11.1378
2026-01-06 10:00:30 | DEBUG    | log:153 | [get_keyword_boost] Query: 'Ngày sih của tớ là gì...' | Doc: Tra cứu lịch sử giao | Boost: 0.25 | Matched: ['ngày']
2026-01-06 10:00:30 | DEBUG    | log:153 | [get_keyword_boost] Query: 'Ngày sih của tớ là gì...' | Doc: getTransactionList | | Boost: 0.25 | Matched: ['ngày']
2026-01-06 10:00:30 | DEBUG    | log:153 | [classify_query_intent] Ambiguous: 'Ngày sih của tớ là gì...' | Scores: {'Tra cứu lịch sử giao dịch theo khoảng thời gian': 1, 'getTransactionList | Tra cứu giao dịch chờ duyệt theo khoảng thời gian': 1}
2026-01-06 10:00:30 | DEBUG    | log:153 | [normalize_query] 'Tên đầy đủ trê hệ thốg....' -> 'Tên đầy đủ trê hệ thốg...'
2026-01-06 10:00:30 | DEBUG    | log:153 | [perform_hybrid_search] query_text: [Tên đầy đủ trê hệ thốg.] - formatted_query: [Tên đầy đủ trê hệ thốg] - normalized_query: [Tên đầy đủ trê hệ thốg]
2026-01-06 10:00:30 | DEBUG    | log:153 | [perform_hybrid_search] BM25 raw scores: min=0.0000, max=11.7092
2026-01-06 10:00:30 | DEBUG    | log:153 | [classify_query_intent] No keyword matches found in: 'Tên đầy đủ trê hệ thốg'
2026-01-06 10:00:30 | DEBUG    | log:153 | [normalize_query] 'Check gúp t thông tin cái....' -> 'Check gúp t thông tin cái...'
2026-01-06 10:00:30 | DEBUG    | log:153 | [perform_hybrid_search] query_text: [Check gúp t thông tin cái.] - formatted_query: [Check gúp t thông tin cái] - normalized_query: [Check gúp t thông tin cái]
2026-01-06 10:00:30 | DEBUG    | log:153 | [perform_hybrid_search] BM25 raw scores: min=0.0000, max=3.4994
2026-01-06 10:00:30 | DEBUG    | log:153 | [get_keyword_boost] Query: 'Check gúp t thông tin cái...' | Doc: Tra cứu giao dịch ch | Boost: 0.25 | Matched: ['ck']
2026-01-06 10:00:30 | DEBUG    | log:153 | [classify_query_intent] Classified: 'Check gúp t thông tin cái...' -> Tra cứu giao dịch chuyển tiền (score=1)
2026-01-06 10:00:30 | DEBUG    | log:153 | [normalize_query] 'Quốc tịt của mình là j?...' -> 'Quốc tịt của mình là j...'
2026-01-06 10:00:30 | DEBUG    | log:153 | [perform_hybrid_search] query_text: [Quốc tịt của mình là j?] - formatted_query: [Quốc tịt của mình là j] - normalized_query: [Quốc tịt của mình là j]
2026-01-06 10:00:30 | DEBUG    | log:153 | [perform_hybrid_search] BM25 raw scores: min=0.0000, max=6.5979
2026-01-06 10:00:30 | DEBUG    | log:153 | [classify_query_intent] No keyword matches found in: 'Quốc tịt của mình là j'
2026-01-06 10:00:30 | DEBUG    | log:153 | [normalize_query] 'Coi hộ mình cái giới tính....' -> 'Coi hộ mình cái giới tính...'
2026-01-06 10:00:30 | DEBUG    | log:153 | [perform_hybrid_search] query_text: [Coi hộ mình cái giới tính.] - formatted_query: [Coi hộ mình cái giới tính] - normalized_query: [Coi hộ mình cái giới tính]
2026-01-06 10:00:30 | DEBUG    | log:153 | [perform_hybrid_search] BM25 raw scores: min=0.0000, max=13.1333
2026-01-06 10:00:30 | DEBUG    | log:153 | [get_keyword_boost] Query: 'Coi hộ mình cái giới tính...' | Doc: getUserProfile | Tra | Boost: 0.25 | Matched: ['giới tính']
2026-01-06 10:00:30 | DEBUG    | log:153 | [classify_query_intent] Classified: 'Coi hộ mình cái giới tính...' -> getUserProfile | Tra cứu thông (score=1)
2026-01-06 10:00:30 | DEBUG    | log:153 | [normalize_query] 'Tui muốm xem hồ sơ....' -> 'Tui muốm xem hồ sơ...'
2026-01-06 10:00:30 | DEBUG    | log:153 | [perform_hybrid_search] query_text: [Tui muốm xem hồ sơ.] - formatted_query: [Tui muốm xem hồ sơ] - normalized_query: [Tui muốm xem hồ sơ]
2026-01-06 10:00:30 | DEBUG    | log:153 | [perform_hybrid_search] BM25 raw scores: min=0.0202, max=17.8026
2026-01-06 10:00:30 | DEBUG    | log:153 | [classify_query_intent] No keyword matches found in: 'Tui muốm xem hồ sơ'
2026-01-06 10:00:30 | DEBUG    | log:153 | [normalize_query] 'Hồ sơ cá nhân của mình có j?...' -> 'Hồ sơ cá nhân của mình có j...'
2026-01-06 10:00:30 | DEBUG    | log:153 | [perform_hybrid_search] query_text: [Hồ sơ cá nhân của mình có j?] - formatted_query: [Hồ sơ cá nhân của mình có j] - normalized_query: [Hồ sơ cá nhân của mình có j]
2026-01-06 10:00:30 | DEBUG    | log:153 | [perform_hybrid_search] BM25 raw scores: min=0.0116, max=50.3398
2026-01-06 10:00:30 | DEBUG    | log:153 | [get_keyword_boost] Query: 'Hồ sơ cá nhân của mình có j...' | Doc: getUserProfile | Tra | Boost: 0.25 | Matched: ['hồ sơ cá nhân']
2026-01-06 10:00:30 | DEBUG    | log:153 | [classify_query_intent] Classified: 'Hồ sơ cá nhân của mình có j...' -> getUserProfile | Tra cứu thông (score=1)
2026-01-06 10:00:30 | DEBUG    | log:153 | [normalize_query] 'Thông tin cá nhân cơ bả....' -> 'Thông tin cá nhân cơ bả...'
2026-01-06 10:00:30 | DEBUG    | log:153 | [perform_hybrid_search] query_text: [Thông tin cá nhân cơ bả.] - formatted_query: [Thông tin cá nhân cơ bả] - normalized_query: [Thông tin cá nhân cơ bả]
2026-01-06 10:00:30 | DEBUG    | log:153 | [perform_hybrid_search] BM25 raw scores: min=0.2165, max=48.3000
2026-01-06 10:00:30 | DEBUG    | log:153 | [get_keyword_boost] Query: 'Thông tin cá nhân cơ bả...' | Doc: getUserProfile | Tra | Boost: 0.25 | Matched: ['thông tin cá nhân']
2026-01-06 10:00:30 | DEBUG    | log:153 | [classify_query_intent] Classified: 'Thông tin cá nhân cơ bả...' -> getUserProfile | Tra cứu thông (score=1)
2026-01-06 10:00:30 | DEBUG    | log:153 | [normalize_query] 'Check hồ sơ cá nhân nha....' -> 'Check hồ sơ cá nhân nha...'
2026-01-06 10:00:30 | DEBUG    | log:153 | [perform_hybrid_search] query_text: [Check hồ sơ cá nhân nha.] - formatted_query: [Check hồ sơ cá nhân nha] - normalized_query: [Check hồ sơ cá nhân nha]
2026-01-06 10:00:30 | DEBUG    | log:153 | [perform_hybrid_search] BM25 raw scores: min=0.0126, max=39.6386
2026-01-06 10:00:30 | DEBUG    | log:153 | [get_keyword_boost] Query: 'Check hồ sơ cá nhân nha...' | Doc: Tra cứu giao dịch ch | Boost: 0.25 | Matched: ['ck']
2026-01-06 10:00:30 | DEBUG    | log:153 | [get_keyword_boost] Query: 'Check hồ sơ cá nhân nha...' | Doc: getUserProfile | Tra | Boost: 0.25 | Matched: ['hồ sơ cá nhân']
2026-01-06 10:00:30 | DEBUG    | log:153 | [classify_query_intent] Ambiguous: 'Check hồ sơ cá nhân nha...' | Scores: {'Tra cứu giao dịch chuyển tiền': 1, 'getUserProfile | Tra cứu thông tin cá nhân cơ bản': 1}
2026-01-06 10:00:30 | DEBUG    | log:153 | [normalize_query] 'Tên tui là j thế?...' -> 'Tên tui là j thế...'
2026-01-06 10:00:30 | DEBUG    | log:153 | [perform_hybrid_search] query_text: [Tên tui là j thế?] - formatted_query: [Tên tui là j thế] - normalized_query: [Tên tui là j thế]
2026-01-06 10:00:30 | DEBUG    | log:153 | [perform_hybrid_search] BM25 raw scores: min=0.0000, max=8.3621
2026-01-06 10:00:30 | DEBUG    | log:153 | [classify_query_intent] No keyword matches found in: 'Tên tui là j thế'
2026-01-06 10:00:30 | DEBUG    | log:153 | [normalize_query] 'Ngày sih của tui là ngày mấy?...' -> 'Ngày sih của tui là ngày mấy...'
2026-01-06 10:00:30 | DEBUG    | log:153 | [perform_hybrid_search] query_text: [Ngày sih của tui là ngày mấy?] - formatted_query: [Ngày sih của tui là ngày mấy] - normalized_query: [Ngày sih của tui là ngày mấy]
2026-01-06 10:00:30 | DEBUG    | log:153 | [perform_hybrid_search] BM25 raw scores: min=0.0000, max=3.7031
2026-01-06 10:00:30 | DEBUG    | log:153 | [get_keyword_boost] Query: 'Ngày sih của tui là ngày mấy...' | Doc: Tra cứu lịch sử giao | Boost: 0.25 | Matched: ['ngày']
2026-01-06 10:00:30 | DEBUG    | log:153 | [get_keyword_boost] Query: 'Ngày sih của tui là ngày mấy...' | Doc: getTransactionList | | Boost: 0.25 | Matched: ['ngày']
2026-01-06 10:00:30 | DEBUG    | log:153 | [classify_query_intent] Ambiguous: 'Ngày sih của tui là ngày mấy...' | Scores: {'Tra cứu lịch sử giao dịch theo khoảng thời gian': 1, 'getTransactionList | Tra cứu giao dịch chờ duyệt theo khoảng thời gian': 1}
2026-01-06 10:00:30 | DEBUG    | log:153 | [normalize_query] 'Kiểm tra thô tin cá nhân....' -> 'Kiểm tra thô tin cá nhân...'
2026-01-06 10:00:30 | DEBUG    | log:153 | [perform_hybrid_search] query_text: [Kiểm tra thô tin cá nhân.] - formatted_query: [Kiểm tra thô tin cá nhân] - normalized_query: [Kiểm tra thô tin cá nhân]
2026-01-06 10:00:30 | DEBUG    | log:153 | [perform_hybrid_search] BM25 raw scores: min=0.0160, max=35.8479
2026-01-06 10:00:30 | DEBUG    | log:153 | [classify_query_intent] No keyword matches found in: 'Kiểm tra thô tin cá nhân'
2026-01-06 10:00:30 | DEBUG    | log:153 | [normalize_query] 'Quốc tịc tui là gì vậy?...' -> 'Quốc tịc tui là gì vậy...'
2026-01-06 10:00:30 | DEBUG    | log:153 | [perform_hybrid_search] query_text: [Quốc tịc tui là gì vậy?] - formatted_query: [Quốc tịc tui là gì vậy] - normalized_query: [Quốc tịc tui là gì vậy]
2026-01-06 10:00:30 | DEBUG    | log:153 | [perform_hybrid_search] BM25 raw scores: min=0.0000, max=12.7836
2026-01-06 10:00:30 | DEBUG    | log:153 | [classify_query_intent] No keyword matches found in: 'Quốc tịc tui là gì vậy'
2026-01-06 10:00:30 | DEBUG    | log:153 | [normalize_query] 'Cho coi cái thông tin kkhách hàng....' -> 'Cho coi cái thông tin kkhách hàng...'
2026-01-06 10:00:30 | DEBUG    | log:153 | [perform_hybrid_search] query_text: [Cho coi cái thông tin kkhách hàng.] - formatted_query: [Cho coi cái thông tin kkhách hàng] - normalized_query: [Cho coi cái thông tin kkhách hàng]
2026-01-06 10:00:30 | DEBUG    | log:153 | [perform_hybrid_search] BM25 raw scores: min=0.1322, max=3.4994
2026-01-06 10:00:30 | DEBUG    | log:153 | [classify_query_intent] No keyword matches found in: 'Cho coi cái thông tin kkhách hàng'
2026-01-06 10:00:30 | DEBUG    | log:153 | [normalize_query] 'Coi giùm tớ cái pofai....' -> 'Coi giùm tớ cái pofai...'
2026-01-06 10:00:30 | DEBUG    | log:153 | [perform_hybrid_search] query_text: [Coi giùm tớ cái pofai.] - formatted_query: [Coi giùm tớ cái pofai] - normalized_query: [Coi giùm tớ cái pofai]
2026-01-06 10:00:30 | DEBUG    | log:153 | [perform_hybrid_search] BM25 raw scores: min=0.0000, max=3.3315
2026-01-06 10:00:30 | DEBUG    | log:153 | [classify_query_intent] No keyword matches found in: 'Coi giùm tớ cái pofai'
2026-01-06 10:00:30 | DEBUG    | log:153 | [normalize_query] 'Thông tin user của tớ....' -> 'Thông tin user của tớ...'
2026-01-06 10:00:30 | DEBUG    | log:153 | [perform_hybrid_search] query_text: [Thông tin user của tớ.] - formatted_query: [Thông tin user của tớ] - normalized_query: [Thông tin user của tớ]
2026-01-06 10:00:30 | DEBUG    | log:153 | [perform_hybrid_search] BM25 raw scores: min=0.0000, max=7.2345
2026-01-06 10:00:30 | DEBUG    | log:153 | [get_keyword_boost] Query: 'Thông tin user của tớ...' | Doc: getUserProfile | Tra | Boost: 0.25 | Matched: ['user']
2026-01-06 10:00:30 | DEBUG    | log:153 | [classify_query_intent] Classified: 'Thông tin user của tớ...' -> getUserProfile | Tra cứu thông (score=1)
2026-01-06 10:00:30 | DEBUG    | log:153 | [normalize_query] 'Tớ mún xem thông tin cá nhân....' -> 'Tớ mún xem thông tin cá nhân...'
2026-01-06 10:00:30 | DEBUG    | log:153 | [perform_hybrid_search] query_text: [Tớ mún xem thông tin cá nhân.] - formatted_query: [Tớ mún xem thông tin cá nhân] - normalized_query: [Tớ mún xem thông tin cá nhân]
2026-01-06 10:00:30 | DEBUG    | log:153 | [perform_hybrid_search] BM25 raw scores: min=0.3147, max=48.5204
2026-01-06 10:00:30 | DEBUG    | log:153 | [get_keyword_boost] Query: 'Tớ mún xem thông tin cá nhân...' | Doc: getUserProfile | Tra | Boost: 0.25 | Matched: ['thông tin cá nhân']
2026-01-06 10:00:30 | DEBUG    | log:153 | [classify_query_intent] Classified: 'Tớ mún xem thông tin cá nhân...' -> getUserProfile | Tra cứu thông (score=1)
2026-01-06 10:00:30 | DEBUG    | log:153 | [normalize_query] 'Check dùm thôg tin cá nhân nha....' -> 'Check dùm thôg tin cá nhân nha...'
2026-01-06 10:00:30 | DEBUG    | log:153 | [perform_hybrid_search] query_text: [Check dùm thôg tin cá nhân nha.] - formatted_query: [Check dùm thôg tin cá nhân nha] - normalized_query: [Check dùm thôg tin cá nhân nha]
2026-01-06 10:00:30 | DEBUG    | log:153 | [perform_hybrid_search] BM25 raw scores: min=0.0000, max=29.2055
2026-01-06 10:00:30 | DEBUG    | log:153 | [get_keyword_boost] Query: 'Check dùm thôg tin cá nhân nha...' | Doc: Tra cứu giao dịch ch | Boost: 0.25 | Matched: ['ck']
2026-01-06 10:00:30 | DEBUG    | log:153 | [classify_query_intent] Classified: 'Check dùm thôg tin cá nhân nha...' -> Tra cứu giao dịch chuyển tiền (score=1)
2026-01-06 10:00:30 | DEBUG    | log:153 | [normalize_query] 'Tên tớ lưu là gì vậy ạ?...' -> 'Tên tớ lưu là gì vậy ạ...'
2026-01-06 10:00:30 | DEBUG    | log:153 | [perform_hybrid_search] query_text: [Tên tớ lưu là gì vậy ạ?] - formatted_query: [Tên tớ lưu là gì vậy ạ] - normalized_query: [Tên tớ lưu là gì vậy ạ]
2026-01-06 10:00:30 | DEBUG    | log:153 | [perform_hybrid_search] BM25 raw scores: min=0.0000, max=20.6792
2026-01-06 10:00:30 | DEBUG    | log:153 | [classify_query_intent] No keyword matches found in: 'Tên tớ lưu là gì vậy ạ'
2026-01-06 10:00:30 | DEBUG    | log:153 | [normalize_query] 'Giới tính của mình là Nam hay Nử?...' -> 'Giới tính của mình là nam hay nử...'
2026-01-06 10:00:30 | DEBUG    | log:153 | [perform_hybrid_search] query_text: [Giới tính của mình là Nam hay Nử?] - formatted_query: [Giới tính của mình là nam hay nử] - normalized_query: [Giới tính của mình là nam hay nử]
2026-01-06 10:00:30 | DEBUG    | log:153 | [perform_hybrid_search] BM25 raw scores: min=0.0000, max=13.6369
2026-01-06 10:00:30 | DEBUG    | log:153 | [get_keyword_boost] Query: 'Giới tính của mình là nam hay ...' | Doc: getUserProfile | Tra | Boost: 0.50 | Matched: ['giới tính', 'nam']
2026-01-06 10:00:30 | DEBUG    | log:153 | [classify_query_intent] Classified: 'Giới tính của mình là nam hay ...' -> getUserProfile | Tra cứu thông (score=2)
2026-01-06 10:00:30 | DEBUG    | log:153 | [normalize_query] 'Ngày thág năm sinh của tui....' -> 'Ngày thág năm sinh của tui...'
2026-01-06 10:00:30 | DEBUG    | log:153 | [perform_hybrid_search] query_text: [Ngày thág năm sinh của tui.] - formatted_query: [Ngày thág năm sinh của tui] - normalized_query: [Ngày thág năm sinh của tui]
2026-01-06 10:00:30 | DEBUG    | log:153 | [perform_hybrid_search] BM25 raw scores: min=0.0000, max=8.3144
2026-01-06 10:00:30 | DEBUG    | log:153 | [get_keyword_boost] Query: 'Ngày thág năm sinh của tui...' | Doc: Tra cứu lịch sử giao | Boost: 0.50 | Matched: ['ngày', 'năm']
2026-01-06 10:00:30 | DEBUG    | log:153 | [get_keyword_boost] Query: 'Ngày thág năm sinh của tui...' | Doc: getTransactionList | | Boost: 0.50 | Matched: ['ngày', 'năm']
2026-01-06 10:00:30 | DEBUG    | log:153 | [classify_query_intent] Ambiguous: 'Ngày thág năm sinh của tui...' | Scores: {'Tra cứu lịch sử giao dịch theo khoảng thời gian': 2, 'getTransactionList | Tra cứu giao dịch chờ duyệt theo khoảng thời gian': 2}
2026-01-06 10:00:30 | DEBUG    | log:153 | [normalize_query] 'Xem thông tin cá nhân trê hệ thốg....' -> 'Xem thông tin cá nhân trê hệ thốg...'
2026-01-06 10:00:30 | DEBUG    | log:153 | [perform_hybrid_search] query_text: [Xem thông tin cá nhân trê hệ thốg.] - formatted_query: [Xem thông tin cá nhân trê hệ thốg] - normalized_query: [Xem thông tin cá nhân trê hệ thốg]
2026-01-06 10:00:30 | DEBUG    | log:153 | [perform_hybrid_search] BM25 raw scores: min=0.3147, max=53.0595
2026-01-06 10:00:30 | DEBUG    | log:153 | [get_keyword_boost] Query: 'Xem thông tin cá nhân trê hệ t...' | Doc: getUserProfile | Tra | Boost: 0.25 | Matched: ['thông tin cá nhân']
2026-01-06 10:00:30 | DEBUG    | log:153 | [classify_query_intent] Classified: 'Xem thông tin cá nhân trê hệ t...' -> getUserProfile | Tra cứu thông (score=1)
2026-01-06 10:00:30 | DEBUG    | log:153 | [normalize_query] 'Cho tớ coi cái profile cá nhân....' -> 'Cho tớ coi cái profile cá nhân...'
2026-01-06 10:00:30 | DEBUG    | log:153 | [perform_hybrid_search] query_text: [Cho tớ coi cái profile cá nhân.] - formatted_query: [Cho tớ coi cái profile cá nhân] - normalized_query: [Cho tớ coi cái profile cá nhân]
2026-01-06 10:00:30 | DEBUG    | log:153 | [perform_hybrid_search] BM25 raw scores: min=0.0000, max=24.7140
2026-01-06 10:00:30 | DEBUG    | log:153 | [get_keyword_boost] Query: 'Cho tớ coi cái profile cá nhân...' | Doc: getUserProfile | Tra | Boost: 0.25 | Matched: ['profile']
2026-01-06 10:00:30 | DEBUG    | log:153 | [classify_query_intent] Classified: 'Cho tớ coi cái profile cá nhân...' -> getUserProfile | Tra cứu thông (score=1)
2026-01-06 10:00:30 | DEBUG    | log:153 | [normalize_query] 'Thông tin của tui có đúng hông?...' -> 'Thông tin của tui có đúng hông...'
2026-01-06 10:00:30 | DEBUG    | log:153 | [perform_hybrid_search] query_text: [Thông tin của tui có đúng hông?] - formatted_query: [Thông tin của tui có đúng hông] - normalized_query: [Thông tin của tui có đúng hông]
2026-01-06 10:00:30 | DEBUG    | log:153 | [perform_hybrid_search] BM25 raw scores: min=0.1696, max=5.9847
2026-01-06 10:00:30 | DEBUG    | log:153 | [classify_query_intent] No keyword matches found in: 'Thông tin của tui có đúng hông'
2026-01-06 10:00:30 | DEBUG    | log:153 | [normalize_query] 'Kiễm tra hồ sơ của mình với....' -> 'Kiễm tra hồ sơ của mình với...'
2026-01-06 10:00:30 | DEBUG    | log:153 | [perform_hybrid_search] query_text: [Kiễm tra hồ sơ của mình với.] - formatted_query: [Kiễm tra hồ sơ của mình với] - normalized_query: [Kiễm tra hồ sơ của mình với]
2026-01-06 10:00:30 | DEBUG    | log:153 | [perform_hybrid_search] BM25 raw scores: min=0.0396, max=25.7776
2026-01-06 10:00:30 | DEBUG    | log:153 | [classify_query_intent] No keyword matches found in: 'Kiễm tra hồ sơ của mình với'
2026-01-06 10:00:30 | DEBUG    | log:153 | [normalize_query] 'Tên tui là j vậy ngân hàng?...' -> 'Tên tui là j vậy ngân hàng...'
2026-01-06 10:00:30 | DEBUG    | log:153 | [perform_hybrid_search] query_text: [Tên tui là j vậy ngân hàng?] - formatted_query: [Tên tui là j vậy ngân hàng] - normalized_query: [Tên tui là j vậy ngân hàng]
2026-01-06 10:00:30 | DEBUG    | log:153 | [perform_hybrid_search] BM25 raw scores: min=0.0000, max=9.9566
2026-01-06 10:00:30 | DEBUG    | log:153 | [classify_query_intent] No keyword matches found in: 'Tên tui là j vậy ngân hàng'
2026-01-06 10:00:30 | DEBUG    | log:153 | [normalize_query] 'Xem ngày sih của khách hàg....' -> 'Xem ngày sih của khách hàg...'
2026-01-06 10:00:30 | DEBUG    | log:153 | [perform_hybrid_search] query_text: [Xem ngày sih của khách hàg.] - formatted_query: [Xem ngày sih của khách hàg] - normalized_query: [Xem ngày sih của khách hàg]
2026-01-06 10:00:30 | DEBUG    | log:153 | [perform_hybrid_search] BM25 raw scores: min=0.0000, max=8.5607
2026-01-06 10:00:30 | DEBUG    | log:153 | [get_keyword_boost] Query: 'Xem ngày sih của khách hàg...' | Doc: Tra cứu lịch sử giao | Boost: 0.25 | Matched: ['ngày']
2026-01-06 10:00:30 | DEBUG    | log:153 | [get_keyword_boost] Query: 'Xem ngày sih của khách hàg...' | Doc: getTransactionList | | Boost: 0.25 | Matched: ['ngày']
2026-01-06 10:00:30 | DEBUG    | log:153 | [classify_query_intent] Ambiguous: 'Xem ngày sih của khách hàg...' | Scores: {'Tra cứu lịch sử giao dịch theo khoảng thời gian': 1, 'getTransactionList | Tra cứu giao dịch chờ duyệt theo khoảng thời gian': 1}
2026-01-06 10:00:30 | DEBUG    | log:153 | [normalize_query] 'Giới tính của tui đang để là j?...' -> 'Giới tính của tui đang để là j...'
2026-01-06 10:00:30 | DEBUG    | log:153 | [perform_hybrid_search] query_text: [Giới tính của tui đang để là j?] - formatted_query: [Giới tính của tui đang để là j] - normalized_query: [Giới tính của tui đang để là j]
2026-01-06 10:00:30 | DEBUG    | log:153 | [perform_hybrid_search] BM25 raw scores: min=0.0000, max=9.8001
2026-01-06 10:00:30 | DEBUG    | log:153 | [get_keyword_boost] Query: 'Giới tính của tui đang để là j...' | Doc: getUserProfile | Tra | Boost: 0.25 | Matched: ['giới tính']
2026-01-06 10:00:30 | DEBUG    | log:153 | [classify_query_intent] Classified: 'Giới tính của tui đang để là j...' -> getUserProfile | Tra cứu thông (score=1)
2026-01-06 10:00:30 | DEBUG    | log:153 | [normalize_query] 'Quốc tịt tui là Việt Nam hả?...' -> 'Quốc tịt tui là việt nam hả...'
2026-01-06 10:00:30 | DEBUG    | log:153 | [perform_hybrid_search] query_text: [Quốc tịt tui là Việt Nam hả?] - formatted_query: [Quốc tịt tui là việt nam hả] - normalized_query: [Quốc tịt tui là việt nam hả]
2026-01-06 10:00:30 | DEBUG    | log:153 | [perform_hybrid_search] BM25 raw scores: min=0.0000, max=8.2548
2026-01-06 10:00:30 | DEBUG    | log:153 | [get_keyword_boost] Query: 'Quốc tịt tui là việt nam hả...' | Doc: getUserProfile | Tra | Boost: 0.25 | Matched: ['nam']
2026-01-06 10:00:30 | DEBUG    | log:153 | [classify_query_intent] Classified: 'Quốc tịt tui là việt nam hả...' -> getUserProfile | Tra cứu thông (score=1)
2026-01-06 10:00:30 | DEBUG    | log:153 | [normalize_query] 'Kiểm tra hồ sơ cá nhân cùa mình....' -> 'Kiểm tra hồ sơ cá nhân cùa mình...'
2026-01-06 10:00:30 | DEBUG    | log:153 | [perform_hybrid_search] query_text: [Kiểm tra hồ sơ cá nhân cùa mình.] - formatted_query: [Kiểm tra hồ sơ cá nhân cùa mình] - normalized_query: [Kiểm tra hồ sơ cá nhân cùa mình]
2026-01-06 10:00:30 | DEBUG    | log:153 | [perform_hybrid_search] BM25 raw scores: min=0.0404, max=54.7462
2026-01-06 10:00:30 | DEBUG    | log:153 | [get_keyword_boost] Query: 'Kiểm tra hồ sơ cá nhân cùa mìn...' | Doc: getUserProfile | Tra | Boost: 0.50 | Matched: ['hồ sơ cá nhân', 'kiểm tra hồ sơ']
2026-01-06 10:00:30 | DEBUG    | log:153 | [classify_query_intent] Classified: 'Kiểm tra hồ sơ cá nhân cùa mìn...' -> getUserProfile | Tra cứu thông (score=2)
2026-01-06 10:00:30 | DEBUG    | log:153 | [normalize_query] 'Check thôg tin cá nhân của chủ tài khoản...' -> 'Check thôg tin cá nhân của chủ tài khoản...'
2026-01-06 10:00:30 | DEBUG    | log:153 | [perform_hybrid_search] query_text: [Check thôg tin cá nhân của chủ tài khoản.] - formatted_query: [Check thôg tin cá nhân của chủ tài khoản] - normalized_query: [Check thôg tin cá nhân của chủ tài khoản]
2026-01-06 10:00:30 | DEBUG    | log:153 | [perform_hybrid_search] BM25 raw scores: min=0.0000, max=29.2055
2026-01-06 10:00:30 | DEBUG    | log:153 | [get_keyword_boost] Query: 'Check thôg tin cá nhân của chủ...' | Doc: Tra cứu lịch sử giao | Boost: 0.25 | Matched: ['tài khoản']
2026-01-06 10:00:30 | DEBUG    | log:153 | [get_keyword_boost] Query: 'Check thôg tin cá nhân của chủ...' | Doc: Tra cứu giao dịch ch | Boost: 0.25 | Matched: ['ck']
2026-01-06 10:00:30 | DEBUG    | log:153 | [get_keyword_boost] Query: 'Check thôg tin cá nhân của chủ...' | Doc: getTransactionList | | Boost: 0.25 | Matched: ['tài khoản']
2026-01-06 10:00:30 | DEBUG    | log:153 | [classify_query_intent] Ambiguous: 'Check thôg tin cá nhân của chủ...' | Scores: {'Tra cứu lịch sử giao dịch theo số tài khoản': 1, 'Tra cứu giao dịch chuyển tiền': 1, 'getTransactionList | Tra cứu giao dịch chờ duyệt theo số tài khoản nguồn': 1}
2026-01-06 10:00:30 | DEBUG    | log:153 | [normalize_query] 'Tui mún coi thông tin của tui....' -> 'Tui mún coi thông tin của tui...'
2026-01-06 10:00:30 | DEBUG    | log:153 | [perform_hybrid_search] query_text: [Tui mún coi thông tin của tui.] - formatted_query: [Tui mún coi thông tin của tui] - normalized_query: [Tui mún coi thông tin của tui]
2026-01-06 10:00:31 | DEBUG    | log:153 | [perform_hybrid_search] BM25 raw scores: min=0.0000, max=0.6120
2026-01-06 10:00:31 | DEBUG    | log:153 | [classify_query_intent] No keyword matches found in: 'Tui mún coi thông tin của tui'
2026-01-06 10:00:31 | DEBUG    | log:153 | [normalize_query] 'Cho mình xem lại tt cá nhân....' -> 'Cho mình xem lại tt cá nhân...'
2026-01-06 10:00:31 | DEBUG    | log:153 | [perform_hybrid_search] query_text: [Cho mình xem lại tt cá nhân.] - formatted_query: [Cho mình xem lại tt cá nhân] - normalized_query: [Cho mình xem lại tt cá nhân]
2026-01-06 10:00:31 | DEBUG    | log:153 | [perform_hybrid_search] BM25 raw scores: min=0.0000, max=26.1267
2026-01-06 10:00:31 | DEBUG    | log:153 | [classify_query_intent] No keyword matches found in: 'Cho mình xem lại tt cá nhân'
2026-01-06 10:00:31 | DEBUG    | log:153 | [normalize_query] 'Thông tin định danh cơ bả của tui....' -> 'Thông tin định danh cơ bả của tui...'
2026-01-06 10:00:31 | DEBUG    | log:153 | [perform_hybrid_search] query_text: [Thông tin định danh cơ bả của tui.] - formatted_query: [Thông tin định danh cơ bả của tui] - normalized_query: [Thông tin định danh cơ bả của tui]
2026-01-06 10:00:31 | DEBUG    | log:153 | [perform_hybrid_search] BM25 raw scores: min=0.3348, max=17.5891
2026-01-06 10:00:31 | DEBUG    | log:153 | [get_keyword_boost] Query: 'Thông tin định danh cơ bả của ...' | Doc: getUserProfile | Tra | Boost: 0.25 | Matched: ['định danh']
2026-01-06 10:00:31 | DEBUG    | log:153 | [classify_query_intent] Classified: 'Thông tin định danh cơ bả của ...' -> getUserProfile | Tra cứu thông (score=1)
2026-01-06 10:00:31 | DEBUG    | log:153 | [normalize_query] 'Check dùm tên và ngày sih....' -> 'Check dùm tên và ngày sih...'
2026-01-06 10:00:31 | DEBUG    | log:153 | [perform_hybrid_search] query_text: [Check dùm tên và ngày sih.] - formatted_query: [Check dùm tên và ngày sih] - normalized_query: [Check dùm tên và ngày sih]
2026-01-06 10:00:31 | DEBUG    | log:153 | [perform_hybrid_search] BM25 raw scores: min=0.0000, max=11.7047
2026-01-06 10:00:31 | DEBUG    | log:153 | [get_keyword_boost] Query: 'Check dùm tên và ngày sih...' | Doc: Tra cứu lịch sử giao | Boost: 0.25 | Matched: ['ngày']
2026-01-06 10:00:31 | DEBUG    | log:153 | [get_keyword_boost] Query: 'Check dùm tên và ngày sih...' | Doc: Tra cứu giao dịch ch | Boost: 0.25 | Matched: ['ck']
2026-01-06 10:00:31 | DEBUG    | log:153 | [get_keyword_boost] Query: 'Check dùm tên và ngày sih...' | Doc: getTransactionList | | Boost: 0.25 | Matched: ['ngày']
2026-01-06 10:00:31 | DEBUG    | log:153 | [classify_query_intent] Ambiguous: 'Check dùm tên và ngày sih...' | Scores: {'Tra cứu lịch sử giao dịch theo khoảng thời gian': 1, 'Tra cứu giao dịch chuyển tiền': 1, 'getTransactionList | Tra cứu giao dịch chờ duyệt theo khoảng thời gian': 1}
2026-01-06 10:00:31 | DEBUG    | log:153 | [normalize_query] 'Hồ sơ của tui có hđ bình thường k?...' -> 'Hồ sơ của tui có hđ bình thường k...'
2026-01-06 10:00:31 | DEBUG    | log:153 | [perform_hybrid_search] query_text: [Hồ sơ của tui có hđ bình thường k?] - formatted_query: [Hồ sơ của tui có hđ bình thường k] - normalized_query: [Hồ sơ của tui có hđ bình thường k]
2026-01-06 10:00:31 | DEBUG    | log:153 | [perform_hybrid_search] BM25 raw scores: min=0.0109, max=14.2208
2026-01-06 10:00:31 | DEBUG    | log:153 | [classify_query_intent] No keyword matches found in: 'Hồ sơ của tui có hđ bình thường k'
2026-01-06 10:00:31 | DEBUG    | log:153 | [normalize_query] 'Xem thông tin user cá nhân của tớ....' -> 'Xem thông tin user cá nhân của tớ...'
2026-01-06 10:00:31 | DEBUG    | log:153 | [perform_hybrid_search] query_text: [Xem thông tin user cá nhân của tớ.] - formatted_query: [Xem thông tin user cá nhân của tớ] - normalized_query: [Xem thông tin user cá nhân của tớ]
2026-01-06 10:00:31 | DEBUG    | log:153 | [perform_hybrid_search] BM25 raw scores: min=0.3147, max=38.7768
2026-01-06 10:00:31 | DEBUG    | log:153 | [get_keyword_boost] Query: 'Xem thông tin user cá nhân của...' | Doc: getUserProfile | Tra | Boost: 0.25 | Matched: ['user']
2026-01-06 10:00:31 | DEBUG    | log:153 | [classify_query_intent] Classified: 'Xem thông tin user cá nhân của...' -> getUserProfile | Tra cứu thông (score=1)
2026-01-06 10:00:31 | DEBUG    | log:153 | [normalize_query] 'Quốc tịc của mình đăng ký là gì?...' -> 'Quốc tịc của mình đăng ký là gì...'
2026-01-06 10:00:31 | DEBUG    | log:153 | [perform_hybrid_search] query_text: [Quốc tịc của mình đăng ký là gì?] - formatted_query: [Quốc tịc của mình đăng ký là gì] - normalized_query: [Quốc tịc của mình đăng ký là gì]
2026-01-06 10:00:31 | DEBUG    | log:153 | [perform_hybrid_search] BM25 raw scores: min=0.0000, max=29.6905
2026-01-06 10:00:31 | DEBUG    | log:153 | [classify_query_intent] No keyword matches found in: 'Quốc tịc của mình đăng ký là gì'
2026-01-06 10:00:31 | DEBUG    | log:153 | [normalize_query] 'Coi giùm cái họ tên trê hệ thốg....' -> 'Coi giùm cái họ tên trê hệ thốg...'
2026-01-06 10:00:31 | DEBUG    | log:153 | [perform_hybrid_search] query_text: [Coi giùm cái họ tên trê hệ thốg.] - formatted_query: [Coi giùm cái họ tên trê hệ thốg] - normalized_query: [Coi giùm cái họ tên trê hệ thốg]
2026-01-06 10:00:31 | DEBUG    | log:153 | [perform_hybrid_search] BM25 raw scores: min=0.0000, max=10.5673
2026-01-06 10:00:31 | DEBUG    | log:153 | [get_keyword_boost] Query: 'Coi giùm cái họ tên trê hệ thố...' | Doc: getUserProfile | Tra | Boost: 0.25 | Matched: ['họ tên']
2026-01-06 10:00:31 | DEBUG    | log:153 | [classify_query_intent] Classified: 'Coi giùm cái họ tên trê hệ thố...' -> getUserProfile | Tra cứu thông (score=1)
2026-01-06 10:00:31 | DEBUG    | log:153 | [normalize_query] 'Thôg tin hồ sơ cá nhân tui....' -> 'Thôg tin hồ sơ cá nhân tui...'
2026-01-06 10:00:31 | DEBUG    | log:153 | [perform_hybrid_search] query_text: [Thôg tin hồ sơ cá nhân tui.] - formatted_query: [Thôg tin hồ sơ cá nhân tui] - normalized_query: [Thôg tin hồ sơ cá nhân tui]
2026-01-06 10:00:31 | DEBUG    | log:153 | [perform_hybrid_search] BM25 raw scores: min=0.0716, max=43.5276
2026-01-06 10:00:31 | DEBUG    | log:153 | [get_keyword_boost] Query: 'Thôg tin hồ sơ cá nhân tui...' | Doc: getUserProfile | Tra | Boost: 0.25 | Matched: ['hồ sơ cá nhân']
2026-01-06 10:00:31 | DEBUG    | log:153 | [classify_query_intent] Classified: 'Thôg tin hồ sơ cá nhân tui...' -> getUserProfile | Tra cứu thông (score=1)
2026-01-06 10:00:31 | DEBUG    | log:153 | [normalize_query] 'Check profile cá nhân gúp tớ....' -> 'Check profile cá nhân gúp tớ...'
2026-01-06 10:00:31 | DEBUG    | log:153 | [perform_hybrid_search] query_text: [Check profile cá nhân gúp tớ.] - formatted_query: [Check profile cá nhân gúp tớ] - normalized_query: [Check profile cá nhân gúp tớ]
2026-01-06 10:00:31 | DEBUG    | log:153 | [perform_hybrid_search] BM25 raw scores: min=0.0000, max=24.7140
2026-01-06 10:00:31 | DEBUG    | log:153 | [get_keyword_boost] Query: 'Check profile cá nhân gúp tớ...' | Doc: Tra cứu giao dịch ch | Boost: 0.25 | Matched: ['ck']
2026-01-06 10:00:31 | DEBUG    | log:153 | [get_keyword_boost] Query: 'Check profile cá nhân gúp tớ...' | Doc: getUserProfile | Tra | Boost: 0.25 | Matched: ['profile']
2026-01-06 10:00:31 | DEBUG    | log:153 | [classify_query_intent] Ambiguous: 'Check profile cá nhân gúp tớ...' | Scores: {'Tra cứu giao dịch chuyển tiền': 1, 'getUserProfile | Tra cứu thông tin cá nhân cơ bản': 1}
2026-01-06 10:00:31 | DEBUG    | log:153 | [normalize_query] 'Tên của tui có đúg k?...' -> 'Tên của tui có đúg k...'
2026-01-06 10:00:31 | DEBUG    | log:153 | [perform_hybrid_search] query_text: [Tên của tui có đúg k?] - formatted_query: [Tên của tui có đúg k] - normalized_query: [Tên của tui có đúg k]
2026-01-06 10:00:31 | DEBUG    | log:153 | [perform_hybrid_search] BM25 raw scores: min=0.0000, max=9.2712
2026-01-06 10:00:31 | DEBUG    | log:153 | [classify_query_intent] No keyword matches found in: 'Tên của tui có đúg k'
2026-01-06 10:00:31 | DEBUG    | log:153 | [normalize_query] 'Xem thông tin cá nhân của tớ đi....' -> 'Xem thông tin cá nhân của tớ đi...'
2026-01-06 10:00:31 | DEBUG    | log:153 | [perform_hybrid_search] query_text: [Xem thông tin cá nhân của tớ đi.] - formatted_query: [Xem thông tin cá nhân của tớ đi] - normalized_query: [Xem thông tin cá nhân của tớ đi]
2026-01-06 10:00:31 | DEBUG    | log:153 | [perform_hybrid_search] BM25 raw scores: min=0.4761, max=48.5204
2026-01-06 10:00:31 | DEBUG    | log:153 | [get_keyword_boost] Query: 'Xem thông tin cá nhân của tớ đ...' | Doc: getUserProfile | Tra | Boost: 0.25 | Matched: ['thông tin cá nhân']
2026-01-06 10:00:31 | DEBUG    | log:153 | [classify_query_intent] Classified: 'Xem thông tin cá nhân của tớ đ...' -> getUserProfile | Tra cứu thông (score=1)
2026-01-06 10:00:31 | DEBUG    | log:153 | [normalize_query] 'Ngày sih của tớ có đúg ko?...' -> 'Ngày sih của tớ có đúg ko...'
2026-01-06 10:00:31 | DEBUG    | log:153 | [perform_hybrid_search] query_text: [Ngày sih của tớ có đúg ko?] - formatted_query: [Ngày sih của tớ có đúg ko] - normalized_query: [Ngày sih của tớ có đúg ko]
2026-01-06 10:00:31 | DEBUG    | log:153 | [perform_hybrid_search] BM25 raw scores: min=0.0000, max=4.5663
2026-01-06 10:00:31 | DEBUG    | log:153 | [get_keyword_boost] Query: 'Ngày sih của tớ có đúg ko...' | Doc: Tra cứu lịch sử giao | Boost: 0.25 | Matched: ['ngày']
2026-01-06 10:00:31 | DEBUG    | log:153 | [get_keyword_boost] Query: 'Ngày sih của tớ có đúg ko...' | Doc: getTransactionList | | Boost: 0.25 | Matched: ['ngày']
2026-01-06 10:00:31 | DEBUG    | log:153 | [classify_query_intent] Ambiguous: 'Ngày sih của tớ có đúg ko...' | Scores: {'Tra cứu lịch sử giao dịch theo khoảng thời gian': 1, 'getTransactionList | Tra cứu giao dịch chờ duyệt theo khoảng thời gian': 1}
2026-01-06 10:00:31 | DEBUG    | log:153 | [normalize_query] 'Kiễm tra lại thông tin cá nhân của mình....' -> 'Kiễm tra lại thông tin cá nhân của mình...'
2026-01-06 10:00:31 | DEBUG    | log:153 | [perform_hybrid_search] query_text: [Kiễm tra lại thông tin cá nhân của mình.] - formatted_query: [Kiễm tra lại thông tin cá nhân của mình] - normalized_query: [Kiễm tra lại thông tin cá nhân của mình]
2026-01-06 10:00:31 | DEBUG    | log:153 | [perform_hybrid_search] BM25 raw scores: min=0.0160, max=59.3324
2026-01-06 10:00:31 | DEBUG    | log:153 | [get_keyword_boost] Query: 'Kiễm tra lại thông tin cá nhân...' | Doc: getUserProfile | Tra | Boost: 0.25 | Matched: ['thông tin cá nhân']
2026-01-06 10:00:31 | DEBUG    | log:153 | [classify_query_intent] Classified: 'Kiễm tra lại thông tin cá nhân...' -> getUserProfile | Tra cứu thông (score=1)
2026-01-06 10:00:31 | DEBUG    | log:153 | [normalize_query] 'Anh muốn xem lại thông tin cá nhân của m...' -> 'Anh muốn xem lại thông tin cá nhân của m...'
2026-01-06 10:00:31 | DEBUG    | log:153 | [perform_hybrid_search] query_text: [Anh muốn xem lại thông tin cá nhân của mình.] - formatted_query: [Anh muốn xem lại thông tin cá nhân của mình] - normalized_query: [Anh muốn xem lại thông tin cá nhân của mình]
2026-01-06 10:00:31 | DEBUG    | log:153 | [perform_hybrid_search] BM25 raw scores: min=0.3147, max=62.8346
2026-01-06 10:00:31 | DEBUG    | log:153 | [get_keyword_boost] Query: 'Anh muốn xem lại thông tin cá ...' | Doc: getUserProfile | Tra | Boost: 0.25 | Matched: ['thông tin cá nhân']
2026-01-06 10:00:31 | DEBUG    | log:153 | [classify_query_intent] Classified: 'Anh muốn xem lại thông tin cá ...' -> getUserProfile | Tra cứu thông (score=1)
2026-01-06 10:00:31 | DEBUG    | log:153 | [normalize_query] 'Chị cần kiểm tra họ tên và ngày sinh trê...' -> 'Chị cần kiểm tra họ tên và ngày sinh trê...'
2026-01-06 10:00:31 | DEBUG    | log:153 | [perform_hybrid_search] query_text: [Chị cần kiểm tra họ tên và ngày sinh trên hệ thống.] - formatted_query: [Chị cần kiểm tra họ tên và ngày sinh trên hệ thống] - normalized_query: [Chị cần kiểm tra họ tên và ngày sinh trên hệ thống]
2026-01-06 10:00:31 | DEBUG    | log:153 | [perform_hybrid_search] BM25 raw scores: min=0.0160, max=35.3737
2026-01-06 10:00:31 | DEBUG    | log:153 | [get_keyword_boost] Query: 'Chị cần kiểm tra họ tên và ngà...' | Doc: Tra cứu lịch sử giao | Boost: 0.25 | Matched: ['ngày']
2026-01-06 10:00:31 | DEBUG    | log:153 | [get_keyword_boost] Query: 'Chị cần kiểm tra họ tên và ngà...' | Doc: Tra cứu giao dịch th | Boost: 0.25 | Matched: ['trên']
2026-01-06 10:00:31 | DEBUG    | log:153 | [get_keyword_boost] Query: 'Chị cần kiểm tra họ tên và ngà...' | Doc: getTransactionList | | Boost: 0.25 | Matched: ['ngày']
2026-01-06 10:00:31 | DEBUG    | log:153 | [get_keyword_boost] Query: 'Chị cần kiểm tra họ tên và ngà...' | Doc: getTransactionList | | Boost: 0.25 | Matched: ['trên']
2026-01-06 10:00:31 | DEBUG    | log:153 | [get_keyword_boost] Query: 'Chị cần kiểm tra họ tên và ngà...' | Doc: getUserProfile | Tra | Boost: 0.50 | Matched: ['họ tên', 'ngày sinh']
2026-01-06 10:00:31 | DEBUG    | log:153 | [classify_query_intent] Classified: 'Chị cần kiểm tra họ tên và ngà...' -> getUserProfile | Tra cứu thông (score=2)
2026-01-06 10:00:31 | DEBUG    | log:153 | [normalize_query] 'Cho em xem profile cá nhân của em với....' -> 'Cho em xem profile cá nhân của em với...'
2026-01-06 10:00:31 | DEBUG    | log:153 | [perform_hybrid_search] query_text: [Cho em xem profile cá nhân của em với.] - formatted_query: [Cho em xem profile cá nhân của em với] - normalized_query: [Cho em xem profile cá nhân của em với]
2026-01-06 10:00:31 | DEBUG    | log:153 | [perform_hybrid_search] BM25 raw scores: min=0.0000, max=34.5920
2026-01-06 10:00:31 | DEBUG    | log:153 | [get_keyword_boost] Query: 'Cho em xem profile cá nhân của...' | Doc: getUserProfile | Tra | Boost: 0.50 | Matched: ['profile', 'xem profile']
2026-01-06 10:00:31 | DEBUG    | log:153 | [classify_query_intent] Classified: 'Cho em xem profile cá nhân của...' -> getUserProfile | Tra cứu thông (score=2)
2026-01-06 10:00:31 | DEBUG    | log:153 | [normalize_query] 'Mình muốn biết quốc tịch hiện tại của mì...' -> 'Mình muốn biết quốc tịch hiện tại của mì...'
2026-01-06 10:00:31 | DEBUG    | log:153 | [perform_hybrid_search] query_text: [Mình muốn biết quốc tịch hiện tại của mình.] - formatted_query: [Mình muốn biết quốc tịch hiện tại của mình] - normalized_query: [Mình muốn biết quốc tịch hiện tại của mình]
2026-01-06 10:00:31 | DEBUG    | log:153 | [perform_hybrid_search] BM25 raw scores: min=0.0000, max=21.6924
2026-01-06 10:00:31 | DEBUG    | log:153 | [get_keyword_boost] Query: 'Mình muốn biết quốc tịch hiện ...' | Doc: getUserProfile | Tra | Boost: 0.25 | Matched: ['quốc tịch']
2026-01-06 10:00:31 | DEBUG    | log:153 | [classify_query_intent] Classified: 'Mình muốn biết quốc tịch hiện ...' -> getUserProfile | Tra cứu thông (score=1)
2026-01-06 10:00:31 | DEBUG    | log:153 | [normalize_query] 'Khách hàng muốn truy xuất dữ liệu định d...' -> 'Khách hàng muốn truy xuất dữ liệu định d...'
2026-01-06 10:00:31 | DEBUG    | log:153 | [perform_hybrid_search] query_text: [Khách hàng muốn truy xuất dữ liệu định danh cơ bản.] - formatted_query: [Khách hàng muốn truy xuất dữ liệu định danh cơ bản] - normalized_query: [Khách hàng muốn truy xuất dữ liệu định danh cơ bản]
2026-01-06 10:00:31 | DEBUG    | log:153 | [perform_hybrid_search] BM25 raw scores: min=0.1211, max=33.2154
2026-01-06 10:00:31 | DEBUG    | log:153 | [get_keyword_boost] Query: 'Khách hàng muốn truy xuất dữ l...' | Doc: getUserProfile | Tra | Boost: 0.25 | Matched: ['định danh']
2026-01-06 10:00:31 | DEBUG    | log:153 | [classify_query_intent] Classified: 'Khách hàng muốn truy xuất dữ l...' -> getUserProfile | Tra cứu thông (score=1)
2026-01-06 10:00:31 | DEBUG    | log:153 | [normalize_query] 'Tớ muốn xem lại ngày tháng năm sinh đã đ...' -> 'Tớ muốn xem lại ngày tháng năm sinh đã đ...'
2026-01-06 10:00:31 | DEBUG    | log:153 | [perform_hybrid_search] query_text: [Tớ muốn xem lại ngày tháng năm sinh đã đăng ký.] - formatted_query: [Tớ muốn xem lại ngày tháng năm sinh đã đăng ký] - normalized_query: [Tớ muốn xem lại ngày tháng năm sinh đã đăng ký]
2026-01-06 10:00:31 | DEBUG    | log:153 | [perform_hybrid_search] BM25 raw scores: min=0.0000, max=33.4914
2026-01-06 10:00:31 | DEBUG    | log:153 | [get_keyword_boost] Query: 'Tớ muốn xem lại ngày tháng năm...' | Doc: Tra cứu lịch sử giao | Boost: 0.75 | Matched: ['ngày', 'tháng', 'năm']
2026-01-06 10:00:31 | DEBUG    | log:153 | [get_keyword_boost] Query: 'Tớ muốn xem lại ngày tháng năm...' | Doc: getTransactionList | | Boost: 0.75 | Matched: ['ngày', 'tháng', 'năm']
2026-01-06 10:00:31 | DEBUG    | log:153 | [classify_query_intent] Ambiguous: 'Tớ muốn xem lại ngày tháng năm...' | Scores: {'Tra cứu lịch sử giao dịch theo khoảng thời gian': 3, 'getTransactionList | Tra cứu giao dịch chờ duyệt theo khoảng thời gian': 3}
2026-01-06 10:00:31 | DEBUG    | log:153 | [normalize_query] 'Hệ thống đang ghi nhận giới tính của chị...' -> 'Hệ thống đang ghi nhận giới tính của chị...'
2026-01-06 10:00:31 | DEBUG    | log:153 | [perform_hybrid_search] query_text: [Hệ thống đang ghi nhận giới tính của chị là gì?] - formatted_query: [Hệ thống đang ghi nhận giới tính của chị là gì] - normalized_query: [Hệ thống đang ghi nhận giới tính của chị là gì]
2026-01-06 10:00:31 | DEBUG    | log:153 | [perform_hybrid_search] BM25 raw scores: min=0.0963, max=49.4773
2026-01-06 10:00:31 | DEBUG    | log:153 | [get_keyword_boost] Query: 'Hệ thống đang ghi nhận giới tí...' | Doc: Tra cứu giao dịch nh | Boost: 0.25 | Matched: ['nhận']
2026-01-06 10:00:31 | DEBUG    | log:153 | [get_keyword_boost] Query: 'Hệ thống đang ghi nhận giới tí...' | Doc: getUserProfile | Tra | Boost: 0.25 | Matched: ['giới tính']
2026-01-06 10:00:31 | DEBUG    | log:153 | [classify_query_intent] Ambiguous: 'Hệ thống đang ghi nhận giới tí...' | Scores: {'Tra cứu giao dịch nhận tiền': 1, 'getUserProfile | Tra cứu thông tin cá nhân cơ bản': 1}
2026-01-06 10:00:31 | DEBUG    | log:153 | [normalize_query] 'Anh muốn biết hồ sơ cá nhân của anh có đ...' -> 'Anh muốn biết hồ sơ cá nhân của anh có đ...'
2026-01-06 10:00:31 | DEBUG    | log:153 | [perform_hybrid_search] query_text: [Anh muốn biết hồ sơ cá nhân của anh có đúng không.] - formatted_query: [Anh muốn biết hồ sơ cá nhân của anh có đúng không] - normalized_query: [Anh muốn biết hồ sơ cá nhân của anh có đúng không]
2026-01-06 10:00:31 | DEBUG    | log:153 | [perform_hybrid_search] BM25 raw scores: min=0.0202, max=48.1275
2026-01-06 10:00:31 | DEBUG    | log:153 | [get_keyword_boost] Query: 'Anh muốn biết hồ sơ cá nhân củ...' | Doc: getUserProfile | Tra | Boost: 0.25 | Matched: ['hồ sơ cá nhân']
2026-01-06 10:00:31 | DEBUG    | log:153 | [classify_query_intent] Classified: 'Anh muốn biết hồ sơ cá nhân củ...' -> getUserProfile | Tra cứu thông (score=1)
2026-01-06 10:00:31 | DEBUG    | log:153 | [normalize_query] 'Cho mình coi lại cái họ tên đầy đủ nhé....' -> 'Cho mình coi lại cái họ tên đầy đủ nhé...'
2026-01-06 10:00:31 | DEBUG    | log:153 | [perform_hybrid_search] query_text: [Cho mình coi lại cái họ tên đầy đủ nhé.] - formatted_query: [Cho mình coi lại cái họ tên đầy đủ nhé] - normalized_query: [Cho mình coi lại cái họ tên đầy đủ nhé]
2026-01-06 10:00:31 | DEBUG    | log:153 | [perform_hybrid_search] BM25 raw scores: min=0.0000, max=8.9649
2026-01-06 10:00:31 | DEBUG    | log:153 | [get_keyword_boost] Query: 'Cho mình coi lại cái họ tên đầ...' | Doc: getUserProfile | Tra | Boost: 0.25 | Matched: ['họ tên']
2026-01-06 10:00:31 | DEBUG    | log:153 | [classify_query_intent] Classified: 'Cho mình coi lại cái họ tên đầ...' -> getUserProfile | Tra cứu thông (score=1)
2026-01-06 10:00:31 | DEBUG    | log:153 | [normalize_query] 'Em có thể xem thông tin user của em ở đâ...' -> 'Em có thể xem thông tin user của em ở đâ...'
2026-01-06 10:00:31 | DEBUG    | log:153 | [perform_hybrid_search] query_text: [Em có thể xem thông tin user của em ở đâu?] - formatted_query: [Em có thể xem thông tin user của em ở đâu] - normalized_query: [Em có thể xem thông tin user của em ở đâu]
2026-01-06 10:00:31 | DEBUG    | log:153 | [perform_hybrid_search] BM25 raw scores: min=0.3147, max=23.0674
2026-01-06 10:00:31 | DEBUG    | log:153 | [get_keyword_boost] Query: 'Em có thể xem thông tin user c...' | Doc: getUserProfile | Tra | Boost: 0.25 | Matched: ['user']
2026-01-06 10:00:31 | DEBUG    | log:153 | [classify_query_intent] Classified: 'Em có thể xem thông tin user c...' -> getUserProfile | Tra cứu thông (score=1)
2026-01-06 10:00:31 | DEBUG    | log:153 | [normalize_query] 'Tôi muốn xác nhận lại quốc tịch của bản ...' -> 'Tôi muốn xác nhận lại quốc tịch của bản ...'
2026-01-06 10:00:31 | DEBUG    | log:153 | [perform_hybrid_search] query_text: [Tôi muốn xác nhận lại quốc tịch của bản thân.] - formatted_query: [Tôi muốn xác nhận lại quốc tịch của bản thân] - normalized_query: [Tôi muốn xác nhận lại quốc tịch của bản thân]
2026-01-06 10:00:31 | DEBUG    | log:153 | [perform_hybrid_search] BM25 raw scores: min=0.3630, max=28.8479
2026-01-06 10:00:31 | DEBUG    | log:153 | [get_keyword_boost] Query: 'Tôi muốn xác nhận lại quốc tịc...' | Doc: Tra cứu giao dịch nh | Boost: 0.25 | Matched: ['nhận']
2026-01-06 10:00:31 | DEBUG    | log:153 | [get_keyword_boost] Query: 'Tôi muốn xác nhận lại quốc tịc...' | Doc: getUserProfile | Tra | Boost: 0.25 | Matched: ['quốc tịch']
2026-01-06 10:00:31 | DEBUG    | log:153 | [classify_query_intent] Ambiguous: 'Tôi muốn xác nhận lại quốc tịc...' | Scores: {'Tra cứu giao dịch nhận tiền': 1, 'getUserProfile | Tra cứu thông tin cá nhân cơ bản': 1}
2026-01-06 10:00:31 | DEBUG    | log:153 | [normalize_query] 'Bản thân mình muốn xem lại hồ sơ đã khai...' -> 'Bản thân mình muốn xem lại hồ sơ đã khai...'
2026-01-06 10:00:31 | DEBUG    | log:153 | [perform_hybrid_search] query_text: [Bản thân mình muốn xem lại hồ sơ đã khai báo.] - formatted_query: [Bản thân mình muốn xem lại hồ sơ đã khai báo] - normalized_query: [Bản thân mình muốn xem lại hồ sơ đã khai báo]
2026-01-06 10:00:31 | DEBUG    | log:153 | [perform_hybrid_search] BM25 raw scores: min=0.0404, max=40.0820
2026-01-06 10:00:31 | DEBUG    | log:153 | [classify_query_intent] No keyword matches found in: 'Bản thân mình muốn xem lại hồ sơ đã khai báo'
2026-01-06 10:00:31 | DEBUG    | log:153 | [normalize_query] 'Anh cần check lại giới tính trên app....' -> 'Anh cần check lại giới tính trên app...'
2026-01-06 10:00:31 | DEBUG    | log:153 | [perform_hybrid_search] query_text: [Anh cần check lại giới tính trên app.] - formatted_query: [Anh cần check lại giới tính trên app] - normalized_query: [Anh cần check lại giới tính trên app]
2026-01-06 10:00:31 | DEBUG    | log:153 | [perform_hybrid_search] BM25 raw scores: min=0.0000, max=8.8573
2026-01-06 10:00:31 | DEBUG    | log:153 | [get_keyword_boost] Query: 'Anh cần check lại giới tính tr...' | Doc: Tra cứu giao dịch th | Boost: 0.25 | Matched: ['trên']
2026-01-06 10:00:31 | DEBUG    | log:153 | [get_keyword_boost] Query: 'Anh cần check lại giới tính tr...' | Doc: Tra cứu giao dịch ch | Boost: 0.25 | Matched: ['ck']
2026-01-06 10:00:31 | DEBUG    | log:153 | [get_keyword_boost] Query: 'Anh cần check lại giới tính tr...' | Doc: getTransactionList | | Boost: 0.25 | Matched: ['trên']
2026-01-06 10:00:31 | DEBUG    | log:153 | [get_keyword_boost] Query: 'Anh cần check lại giới tính tr...' | Doc: getUserProfile | Tra | Boost: 0.25 | Matched: ['giới tính']
2026-01-06 10:00:31 | DEBUG    | log:153 | [classify_query_intent] Ambiguous: 'Anh cần check lại giới tính tr...' | Scores: {'Tra cứu giao dịch theo số tiền': 1, 'Tra cứu giao dịch chuyển tiền': 1, 'getTransactionList | Tra cứu giao dịch chờ duyệt theo số tiền hoặc hạn mức': 1, 'getUserProfile | Tra cứu thông tin cá nhân cơ bản': 1}
2026-01-06 10:00:31 | DEBUG    | log:153 | [normalize_query] 'Cho chị biết thông tin cá nhân hiện tại ...' -> 'Cho chị biết thông tin cá nhân hiện tại ...'
2026-01-06 10:00:31 | DEBUG    | log:153 | [perform_hybrid_search] query_text: [Cho chị biết thông tin cá nhân hiện tại của chị.] - formatted_query: [Cho chị biết thông tin cá nhân hiện tại của chị] - normalized_query: [Cho chị biết thông tin cá nhân hiện tại của chị]
2026-01-06 10:00:31 | DEBUG    | log:153 | [perform_hybrid_search] BM25 raw scores: min=0.3147, max=48.7398
2026-01-06 10:00:31 | DEBUG    | log:153 | [get_keyword_boost] Query: 'Cho chị biết thông tin cá nhân...' | Doc: getUserProfile | Tra | Boost: 0.25 | Matched: ['thông tin cá nhân']
2026-01-06 10:00:31 | DEBUG    | log:153 | [classify_query_intent] Classified: 'Cho chị biết thông tin cá nhân...' -> getUserProfile | Tra cứu thông (score=1)
2026-01-06 10:00:31 | DEBUG    | log:153 | [normalize_query] 'Người dùng này tên là gì vậy hệ thống?...' -> 'Người dùng này tên là gì vậy hệ thống...'
2026-01-06 10:00:31 | DEBUG    | log:153 | [perform_hybrid_search] query_text: [Người dùng này tên là gì vậy hệ thống?] - formatted_query: [Người dùng này tên là gì vậy hệ thống] - normalized_query: [Người dùng này tên là gì vậy hệ thống]
2026-01-06 10:00:31 | DEBUG    | log:153 | [perform_hybrid_search] BM25 raw scores: min=0.0526, max=23.3832
2026-01-06 10:00:31 | DEBUG    | log:153 | [get_keyword_boost] Query: 'Người dùng này tên là gì vậy h...' | Doc: getUserProfile | Tra | Boost: 0.25 | Matched: ['người dùng']
2026-01-06 10:00:31 | DEBUG    | log:153 | [classify_query_intent] Classified: 'Người dùng này tên là gì vậy h...' -> getUserProfile | Tra cứu thông (score=1)
2026-01-06 10:00:31 | DEBUG    | log:153 | [normalize_query] 'Em muốn coi ngày sinh của em có bị sai k...' -> 'Em muốn coi ngày sinh của em có bị sai k...'
2026-01-06 10:00:31 | DEBUG    | log:153 | [perform_hybrid_search] query_text: [Em muốn coi ngày sinh của em có bị sai không.] - formatted_query: [Em muốn coi ngày sinh của em có bị sai không] - normalized_query: [Em muốn coi ngày sinh của em có bị sai không]
2026-01-06 10:00:31 | DEBUG    | log:153 | [perform_hybrid_search] BM25 raw scores: min=0.0000, max=12.6927
2026-01-06 10:00:31 | DEBUG    | log:153 | [get_keyword_boost] Query: 'Em muốn coi ngày sinh của em c...' | Doc: Tra cứu lịch sử giao | Boost: 0.25 | Matched: ['ngày']
2026-01-06 10:00:31 | DEBUG    | log:153 | [get_keyword_boost] Query: 'Em muốn coi ngày sinh của em c...' | Doc: getTransactionList | | Boost: 0.25 | Matched: ['ngày']
2026-01-06 10:00:31 | DEBUG    | log:153 | [get_keyword_boost] Query: 'Em muốn coi ngày sinh của em c...' | Doc: getUserProfile | Tra | Boost: 0.25 | Matched: ['ngày sinh']
2026-01-06 10:00:31 | DEBUG    | log:153 | [classify_query_intent] Ambiguous: 'Em muốn coi ngày sinh của em c...' | Scores: {'Tra cứu lịch sử giao dịch theo khoảng thời gian': 1, 'getTransactionList | Tra cứu giao dịch chờ duyệt theo khoảng thời gian': 1, 'getUserProfile | Tra cứu thông tin cá nhân cơ bản': 1}
2026-01-06 10:00:31 | DEBUG    | log:153 | [normalize_query] 'Mỗ muốn xem thông tin cá nhân cơ bản....' -> 'Mỗ muốn xem thông tin cá nhân cơ bản...'
2026-01-06 10:00:31 | DEBUG    | log:153 | [perform_hybrid_search] query_text: [Mỗ muốn xem thông tin cá nhân cơ bản.] - formatted_query: [Mỗ muốn xem thông tin cá nhân cơ bản] - normalized_query: [Mỗ muốn xem thông tin cá nhân cơ bản]
2026-01-06 10:00:31 | DEBUG    | log:153 | [perform_hybrid_search] BM25 raw scores: min=0.3147, max=81.9254
2026-01-06 10:00:31 | DEBUG    | log:153 | [get_keyword_boost] Query: 'Mỗ muốn xem thông tin cá nhân ...' | Doc: getUserProfile | Tra | Boost: 0.25 | Matched: ['thông tin cá nhân']
2026-01-06 10:00:31 | DEBUG    | log:153 | [classify_query_intent] Classified: 'Mỗ muốn xem thông tin cá nhân ...' -> getUserProfile | Tra cứu thông (score=1)
2026-01-06 10:00:31 | DEBUG    | log:153 | [normalize_query] 'Chúng tôi muốn kiểm tra thông tin định d...' -> 'Chúng tôi muốn kiểm tra thông tin định d...'
2026-01-06 10:00:31 | DEBUG    | log:153 | [perform_hybrid_search] query_text: [Chúng tôi muốn kiểm tra thông tin định danh của mình.] - formatted_query: [Chúng tôi muốn kiểm tra thông tin định danh của mình] - normalized_query: [Chúng tôi muốn kiểm tra thông tin định danh của mình]
2026-01-06 10:00:31 | DEBUG    | log:153 | [perform_hybrid_search] BM25 raw scores: min=0.0320, max=33.7314
2026-01-06 10:00:31 | DEBUG    | log:153 | [get_keyword_boost] Query: 'Chúng tôi muốn kiểm tra thông ...' | Doc: getUserProfile | Tra | Boost: 0.25 | Matched: ['định danh']
2026-01-06 10:00:31 | DEBUG    | log:153 | [classify_query_intent] Classified: 'Chúng tôi muốn kiểm tra thông ...' -> getUserProfile | Tra cứu thông (score=1)
2026-01-06 10:00:31 | DEBUG    | log:153 | [normalize_query] 'Quý khách muốn hiển thị thông tin hồ sơ ...' -> 'Quý khách muốn hiển thị thông tin hồ sơ ...'
2026-01-06 10:00:31 | DEBUG    | log:153 | [perform_hybrid_search] query_text: [Quý khách muốn hiển thị thông tin hồ sơ cá nhân.] - formatted_query: [Quý khách muốn hiển thị thông tin hồ sơ cá nhân] - normalized_query: [Quý khách muốn hiển thị thông tin hồ sơ cá nhân]
2026-01-06 10:00:31 | DEBUG    | log:153 | [perform_hybrid_search] BM25 raw scores: min=0.2469, max=57.5901
2026-01-06 10:00:31 | DEBUG    | log:153 | [get_keyword_boost] Query: 'Quý khách muốn hiển thị thông ...' | Doc: Tra cứu lịch sử giao | Boost: 0.25 | Matched: ['quý']
2026-01-06 10:00:31 | DEBUG    | log:153 | [get_keyword_boost] Query: 'Quý khách muốn hiển thị thông ...' | Doc: getTransactionList | | Boost: 0.25 | Matched: ['quý']
2026-01-06 10:00:31 | DEBUG    | log:153 | [get_keyword_boost] Query: 'Quý khách muốn hiển thị thông ...' | Doc: getUserProfile | Tra | Boost: 0.25 | Matched: ['hồ sơ cá nhân']
2026-01-06 10:00:31 | DEBUG    | log:153 | [classify_query_intent] Ambiguous: 'Quý khách muốn hiển thị thông ...' | Scores: {'Tra cứu lịch sử giao dịch theo khoảng thời gian': 1, 'getTransactionList | Tra cứu giao dịch chờ duyệt theo khoảng thời gian': 1, 'getUserProfile | Tra cứu thông tin cá nhân cơ bản': 1}
2026-01-06 10:00:31 | DEBUG    | log:153 | [normalize_query] 'Cháu muốn xem lại họ tên và ngày sinh ạ....' -> 'Cháu muốn xem lại họ tên và ngày sinh ạ...'
2026-01-06 10:00:31 | DEBUG    | log:153 | [perform_hybrid_search] query_text: [Cháu muốn xem lại họ tên và ngày sinh ạ.] - formatted_query: [Cháu muốn xem lại họ tên và ngày sinh ạ] - normalized_query: [Cháu muốn xem lại họ tên và ngày sinh ạ]
2026-01-06 10:00:31 | DEBUG    | log:153 | [perform_hybrid_search] BM25 raw scores: min=0.0000, max=31.0934
2026-01-06 10:00:31 | DEBUG    | log:153 | [get_keyword_boost] Query: 'Cháu muốn xem lại họ tên và ng...' | Doc: Tra cứu lịch sử giao | Boost: 0.25 | Matched: ['ngày']
2026-01-06 10:00:31 | DEBUG    | log:153 | [get_keyword_boost] Query: 'Cháu muốn xem lại họ tên và ng...' | Doc: getTransactionList | | Boost: 0.25 | Matched: ['ngày']
2026-01-06 10:00:31 | DEBUG    | log:153 | [get_keyword_boost] Query: 'Cháu muốn xem lại họ tên và ng...' | Doc: getUserProfile | Tra | Boost: 0.50 | Matched: ['họ tên', 'ngày sinh']
2026-01-06 10:00:31 | DEBUG    | log:153 | [classify_query_intent] Classified: 'Cháu muốn xem lại họ tên và ng...' -> getUserProfile | Tra cứu thông (score=2)
2026-01-06 10:00:31 | DEBUG    | log:153 | [normalize_query] 'Cho bác hỏi thông tin cá nhân của bác lư...' -> 'Cho bác hỏi thông tin cá nhân của bác lư...'
2026-01-06 10:00:31 | DEBUG    | log:153 | [perform_hybrid_search] query_text: [Cho bác hỏi thông tin cá nhân của bác lưu thế nào?] - formatted_query: [Cho bác hỏi thông tin cá nhân của bác lưu thế nào] - normalized_query: [Cho bác hỏi thông tin cá nhân của bác lưu thế nào]
2026-01-06 10:00:31 | DEBUG    | log:153 | [perform_hybrid_search] BM25 raw scores: min=0.3147, max=48.8055
2026-01-06 10:00:31 | DEBUG    | log:153 | [get_keyword_boost] Query: 'Cho bác hỏi thông tin cá nhân ...' | Doc: getUserProfile | Tra | Boost: 0.25 | Matched: ['thông tin cá nhân']
2026-01-06 10:00:31 | DEBUG    | log:153 | [classify_query_intent] Classified: 'Cho bác hỏi thông tin cá nhân ...' -> getUserProfile | Tra cứu thông (score=1)
2026-01-06 10:00:31 | DEBUG    | log:153 | [normalize_query] 'Cô cần xem lại quốc tịch trong hồ sơ....' -> 'Cô cần xem lại quốc tịch trong hồ sơ...'
2026-01-06 10:00:31 | DEBUG    | log:153 | [perform_hybrid_search] query_text: [Cô cần xem lại quốc tịch trong hồ sơ.] - formatted_query: [Cô cần xem lại quốc tịch trong hồ sơ] - normalized_query: [Cô cần xem lại quốc tịch trong hồ sơ]
2026-01-06 10:00:32 | DEBUG    | log:153 | [perform_hybrid_search] BM25 raw scores: min=0.0202, max=26.4471
2026-01-06 10:00:32 | DEBUG    | log:153 | [get_keyword_boost] Query: 'Cô cần xem lại quốc tịch trong...' | Doc: getTransactionList | | Boost: 0.25 | Matched: ['trong']
2026-01-06 10:00:32 | DEBUG    | log:153 | [get_keyword_boost] Query: 'Cô cần xem lại quốc tịch trong...' | Doc: getUserProfile | Tra | Boost: 0.25 | Matched: ['quốc tịch']
2026-01-06 10:00:32 | DEBUG    | log:153 | [classify_query_intent] Ambiguous: 'Cô cần xem lại quốc tịch trong...' | Scores: {'getTransactionList | Tra cứu giao dịch chờ duyệt theo khoảng thời gian': 1, 'getUserProfile | Tra cứu thông tin cá nhân cơ bản': 1}
2026-01-06 10:00:32 | DEBUG    | log:153 | [normalize_query] 'Chú muốn biết giới tính của chú trên hệ ...' -> 'Chú muốn biết giới tính của chú trên hệ ...'
2026-01-06 10:00:32 | DEBUG    | log:153 | [perform_hybrid_search] query_text: [Chú muốn biết giới tính của chú trên hệ thống.] - formatted_query: [Chú muốn biết giới tính của chú trên hệ thống] - normalized_query: [Chú muốn biết giới tính của chú trên hệ thống]
2026-01-06 10:00:32 | DEBUG    | log:153 | [perform_hybrid_search] BM25 raw scores: min=0.0000, max=22.7876
2026-01-06 10:00:32 | DEBUG    | log:153 | [get_keyword_boost] Query: 'Chú muốn biết giới tính của ch...' | Doc: Tra cứu giao dịch th | Boost: 0.25 | Matched: ['trên']
2026-01-06 10:00:32 | DEBUG    | log:153 | [get_keyword_boost] Query: 'Chú muốn biết giới tính của ch...' | Doc: getTransactionList | | Boost: 0.25 | Matched: ['trên']
2026-01-06 10:00:32 | DEBUG    | log:153 | [get_keyword_boost] Query: 'Chú muốn biết giới tính của ch...' | Doc: getUserProfile | Tra | Boost: 0.25 | Matched: ['giới tính']
2026-01-06 10:00:32 | DEBUG    | log:153 | [classify_query_intent] Ambiguous: 'Chú muốn biết giới tính của ch...' | Scores: {'Tra cứu giao dịch theo số tiền': 1, 'getTransactionList | Tra cứu giao dịch chờ duyệt theo số tiền hoặc hạn mức': 1, 'getUserProfile | Tra cứu thông tin cá nhân cơ bản': 1}
2026-01-06 10:00:32 | DEBUG    | log:153 | [normalize_query] 'Em xem thông tin của anh phát....' -> 'Em xem thông tin của anh phát...'
2026-01-06 10:00:32 | DEBUG    | log:153 | [perform_hybrid_search] query_text: [Em xem thông tin của anh phát.] - formatted_query: [Em xem thông tin của anh phát] - normalized_query: [Em xem thông tin của anh phát]
2026-01-06 10:00:32 | DEBUG    | log:153 | [perform_hybrid_search] BM25 raw scores: min=0.0000, max=14.0629
2026-01-06 10:00:32 | DEBUG    | log:153 | [classify_query_intent] No keyword matches found in: 'Em xem thông tin của anh phát'
2026-01-06 10:00:32 | DEBUG    | log:153 | [normalize_query] 'Chị muốn kiểm tra lại profile của mình....' -> 'Chị muốn kiểm tra lại profile của mình...'
2026-01-06 10:00:32 | DEBUG    | log:153 | [perform_hybrid_search] query_text: [Chị muốn kiểm tra lại profile của mình.] - formatted_query: [Chị muốn kiểm tra lại profile của mình] - normalized_query: [Chị muốn kiểm tra lại profile của mình]
2026-01-06 10:00:32 | DEBUG    | log:153 | [perform_hybrid_search] BM25 raw scores: min=0.0160, max=19.8627
2026-01-06 10:00:32 | DEBUG    | log:153 | [get_keyword_boost] Query: 'Chị muốn kiểm tra lại profile ...' | Doc: getUserProfile | Tra | Boost: 0.25 | Matched: ['profile']
2026-01-06 10:00:32 | DEBUG    | log:153 | [classify_query_intent] Classified: 'Chị muốn kiểm tra lại profile ...' -> getUserProfile | Tra cứu thông (score=1)
2026-01-06 10:00:32 | DEBUG    | log:153 | [normalize_query] 'Mình xem thông tin cá nhân của chị mình ...' -> 'Mình xem thông tin cá nhân của chị mình ...'
2026-01-06 10:00:32 | DEBUG    | log:153 | [perform_hybrid_search] query_text: [Mình xem thông tin cá nhân của chị mình được không?] - formatted_query: [Mình xem thông tin cá nhân của chị mình được không] - normalized_query: [Mình xem thông tin cá nhân của chị mình được không]
2026-01-06 10:00:32 | DEBUG    | log:153 | [perform_hybrid_search] BM25 raw scores: min=0.3147, max=57.3306
2026-01-06 10:00:32 | DEBUG    | log:153 | [get_keyword_boost] Query: 'Mình xem thông tin cá nhân của...' | Doc: getUserProfile | Tra | Boost: 0.25 | Matched: ['thông tin cá nhân']
2026-01-06 10:00:32 | DEBUG    | log:153 | [classify_query_intent] Classified: 'Mình xem thông tin cá nhân của...' -> getUserProfile | Tra cứu thông (score=1)
2026-01-06 10:00:32 | DEBUG    | log:153 | [normalize_query] 'Cho tôi biết tên thật của tôi trên này....' -> 'Cho tôi biết tên thật của tôi trên này...'
2026-01-06 10:00:32 | DEBUG    | log:153 | [perform_hybrid_search] query_text: [Cho tôi biết tên thật của tôi trên này.] - formatted_query: [Cho tôi biết tên thật của tôi trên này] - normalized_query: [Cho tôi biết tên thật của tôi trên này]
2026-01-06 10:00:32 | DEBUG    | log:153 | [perform_hybrid_search] BM25 raw scores: min=0.0000, max=9.8729
2026-01-06 10:00:32 | DEBUG    | log:153 | [get_keyword_boost] Query: 'Cho tôi biết tên thật của tôi ...' | Doc: Tra cứu giao dịch th | Boost: 0.25 | Matched: ['trên']
2026-01-06 10:00:32 | DEBUG    | log:153 | [get_keyword_boost] Query: 'Cho tôi biết tên thật của tôi ...' | Doc: getTransactionList | | Boost: 0.25 | Matched: ['trên']
2026-01-06 10:00:32 | DEBUG    | log:153 | [classify_query_intent] Ambiguous: 'Cho tôi biết tên thật của tôi ...' | Scores: {'Tra cứu giao dịch theo số tiền': 1, 'getTransactionList | Tra cứu giao dịch chờ duyệt theo số tiền hoặc hạn mức': 1}
2026-01-06 10:00:32 | DEBUG    | log:153 | [normalize_query] 'Tớ muốn check xem ngày sinh của tớ đúng ...' -> 'Tớ muốn check xem ngày sinh của tớ đúng ...'
2026-01-06 10:00:32 | DEBUG    | log:153 | [perform_hybrid_search] query_text: [Tớ muốn check xem ngày sinh của tớ đúng chưa.] - formatted_query: [Tớ muốn check xem ngày sinh của tớ đúng chưa] - normalized_query: [Tớ muốn check xem ngày sinh của tớ đúng chưa]
2026-01-06 10:00:32 | DEBUG    | log:153 | [perform_hybrid_search] BM25 raw scores: min=0.0000, max=15.9000
2026-01-06 10:00:32 | DEBUG    | log:153 | [get_keyword_boost] Query: 'Tớ muốn check xem ngày sinh củ...' | Doc: Tra cứu lịch sử giao | Boost: 0.25 | Matched: ['ngày']
2026-01-06 10:00:32 | DEBUG    | log:153 | [get_keyword_boost] Query: 'Tớ muốn check xem ngày sinh củ...' | Doc: Tra cứu giao dịch ch | Boost: 0.25 | Matched: ['ck']
2026-01-06 10:00:32 | DEBUG    | log:153 | [get_keyword_boost] Query: 'Tớ muốn check xem ngày sinh củ...' | Doc: getTransactionList | | Boost: 0.25 | Matched: ['ngày']
2026-01-06 10:00:32 | DEBUG    | log:153 | [get_keyword_boost] Query: 'Tớ muốn check xem ngày sinh củ...' | Doc: getUserProfile | Tra | Boost: 0.25 | Matched: ['ngày sinh']
2026-01-06 10:00:32 | DEBUG    | log:153 | [classify_query_intent] Ambiguous: 'Tớ muốn check xem ngày sinh củ...' | Scores: {'Tra cứu lịch sử giao dịch theo khoảng thời gian': 1, 'Tra cứu giao dịch chuyển tiền': 1, 'getTransactionList | Tra cứu giao dịch chờ duyệt theo khoảng thời gian': 1, 'getUserProfile | Tra cứu thông tin cá nhân cơ bản': 1}
2026-01-06 10:00:32 | DEBUG    | log:153 | [normalize_query] 'Anh hiển thị hồ sơ cá nhân của anh lên đ...' -> 'Anh hiển thị hồ sơ cá nhân của anh lên đ...'
2026-01-06 10:00:32 | DEBUG    | log:153 | [perform_hybrid_search] query_text: [Anh hiển thị hồ sơ cá nhân của anh lên đi.] - formatted_query: [Anh hiển thị hồ sơ cá nhân của anh lên đi] - normalized_query: [Anh hiển thị hồ sơ cá nhân của anh lên đi]
2026-01-06 10:00:32 | DEBUG    | log:153 | [perform_hybrid_search] BM25 raw scores: min=0.4801, max=46.3415
2026-01-06 10:00:32 | DEBUG    | log:153 | [get_keyword_boost] Query: 'Anh hiển thị hồ sơ cá nhân của...' | Doc: getUserProfile | Tra | Boost: 0.25 | Matched: ['hồ sơ cá nhân']
2026-01-06 10:00:32 | DEBUG    | log:153 | [classify_query_intent] Classified: 'Anh hiển thị hồ sơ cá nhân của...' -> getUserProfile | Tra cứu thông (score=1)
2026-01-06 10:00:32 | DEBUG    | log:153 | [normalize_query] 'Bé muốn coi lại thông tin cá nhân của bé...' -> 'Bé muốn coi lại thông tin cá nhân của bé...'
2026-01-06 10:00:32 | DEBUG    | log:153 | [perform_hybrid_search] query_text: [Bé muốn coi lại thông tin cá nhân của bé.] - formatted_query: [Bé muốn coi lại thông tin cá nhân của bé] - normalized_query: [Bé muốn coi lại thông tin cá nhân của bé]
2026-01-06 10:00:32 | DEBUG    | log:153 | [perform_hybrid_search] BM25 raw scores: min=0.0000, max=38.7307
2026-01-06 10:00:32 | DEBUG    | log:153 | [get_keyword_boost] Query: 'Bé muốn coi lại thông tin cá n...' | Doc: getUserProfile | Tra | Boost: 0.25 | Matched: ['thông tin cá nhân']
2026-01-06 10:00:32 | DEBUG    | log:153 | [classify_query_intent] Classified: 'Bé muốn coi lại thông tin cá n...' -> getUserProfile | Tra cứu thông (score=1)
2026-01-06 10:00:32 | DEBUG    | log:153 | [normalize_query] 'Chị xem hộ em cái thông tin cá nhân cơ b...' -> 'Chị xem hộ em cái thông tin cá nhân cơ b...'
2026-01-06 10:00:32 | DEBUG    | log:153 | [perform_hybrid_search] query_text: [Chị xem hộ em cái thông tin cá nhân cơ bản.] - formatted_query: [Chị xem hộ em cái thông tin cá nhân cơ bản] - normalized_query: [Chị xem hộ em cái thông tin cá nhân cơ bản]
2026-01-06 10:00:32 | DEBUG    | log:153 | [perform_hybrid_search] BM25 raw scores: min=0.3147, max=70.3162
2026-01-06 10:00:32 | DEBUG    | log:153 | [get_keyword_boost] Query: 'Chị xem hộ em cái thông tin cá...' | Doc: getUserProfile | Tra | Boost: 0.25 | Matched: ['thông tin cá nhân']
2026-01-06 10:00:32 | DEBUG    | log:153 | [classify_query_intent] Classified: 'Chị xem hộ em cái thông tin cá...' -> getUserProfile | Tra cứu thông (score=1)
2026-01-06 10:00:32 | DEBUG    | log:153 | [normalize_query] 'Tôi yêu cầu xem dữ liệu nhân thân của tô...' -> 'Tôi yêu cầu xem dữ liệu nhân thân của tô...'
2026-01-06 10:00:32 | DEBUG    | log:153 | [perform_hybrid_search] query_text: [Tôi yêu cầu xem dữ liệu nhân thân của tôi.] - formatted_query: [Tôi yêu cầu xem dữ liệu nhân thân của tôi] - normalized_query: [Tôi yêu cầu xem dữ liệu nhân thân của tôi]
2026-01-06 10:00:32 | DEBUG    | log:153 | [perform_hybrid_search] BM25 raw scores: min=0.0416, max=6.5798
2026-01-06 10:00:32 | DEBUG    | log:153 | [classify_query_intent] No keyword matches found in: 'Tôi yêu cầu xem dữ liệu nhân thân của tôi'
2026-01-06 10:00:32 | DEBUG    | log:153 | [normalize_query] 'Ông muốn kiểm tra ngày tháng năm sinh củ...' -> 'Ông muốn kiểm tra ngày tháng năm sinh củ...'
2026-01-06 10:00:32 | DEBUG    | log:153 | [perform_hybrid_search] query_text: [Ông muốn kiểm tra ngày tháng năm sinh của ông.] - formatted_query: [Ông muốn kiểm tra ngày tháng năm sinh của ông] - normalized_query: [Ông muốn kiểm tra ngày tháng năm sinh của ông]
2026-01-06 10:00:32 | DEBUG    | log:153 | [perform_hybrid_search] BM25 raw scores: min=0.0160, max=27.7742
2026-01-06 10:00:32 | DEBUG    | log:153 | [get_keyword_boost] Query: 'Ông muốn kiểm tra ngày tháng n...' | Doc: Tra cứu lịch sử giao | Boost: 0.75 | Matched: ['ngày', 'tháng', 'năm']
2026-01-06 10:00:32 | DEBUG    | log:153 | [get_keyword_boost] Query: 'Ông muốn kiểm tra ngày tháng n...' | Doc: getTransactionList | | Boost: 0.75 | Matched: ['ngày', 'tháng', 'năm']
2026-01-06 10:00:32 | DEBUG    | log:153 | [classify_query_intent] Ambiguous: 'Ông muốn kiểm tra ngày tháng n...' | Scores: {'Tra cứu lịch sử giao dịch theo khoảng thời gian': 3, 'getTransactionList | Tra cứu giao dịch chờ duyệt theo khoảng thời gian': 3}
2026-01-06 10:00:32 | DEBUG    | log:153 | [normalize_query] 'Bà cần xem lại tên và quốc tịch....' -> 'Bà cần xem lại tên và quốc tịch...'
2026-01-06 10:00:32 | DEBUG    | log:153 | [perform_hybrid_search] query_text: [Bà cần xem lại tên và quốc tịch.] - formatted_query: [Bà cần xem lại tên và quốc tịch] - normalized_query: [Bà cần xem lại tên và quốc tịch]
2026-01-06 10:00:32 | DEBUG    | log:153 | [perform_hybrid_search] BM25 raw scores: min=0.0000, max=22.1100
2026-01-06 10:00:32 | DEBUG    | log:153 | [get_keyword_boost] Query: 'Bà cần xem lại tên và quốc tịc...' | Doc: getUserProfile | Tra | Boost: 0.25 | Matched: ['quốc tịch']
2026-01-06 10:00:32 | DEBUG    | log:153 | [classify_query_intent] Classified: 'Bà cần xem lại tên và quốc tịc...' -> getUserProfile | Tra cứu thông (score=1)
2026-01-06 10:00:32 | DEBUG    | log:153 | [normalize_query] 'Cho người ta coi lại thông tin cá nhân v...' -> 'Cho người ta coi lại thông tin cá nhân v...'
2026-01-06 10:00:32 | DEBUG    | log:153 | [perform_hybrid_search] query_text: [Cho người ta coi lại thông tin cá nhân với.] - formatted_query: [Cho người ta coi lại thông tin cá nhân với] - normalized_query: [Cho người ta coi lại thông tin cá nhân với]
2026-01-06 10:00:32 | DEBUG    | log:153 | [perform_hybrid_search] BM25 raw scores: min=0.0000, max=35.5102
2026-01-06 10:00:32 | DEBUG    | log:153 | [get_keyword_boost] Query: 'Cho người ta coi lại thông tin...' | Doc: getUserProfile | Tra | Boost: 0.25 | Matched: ['thông tin cá nhân']
2026-01-06 10:00:32 | DEBUG    | log:153 | [classify_query_intent] Classified: 'Cho người ta coi lại thông tin...' -> getUserProfile | Tra cứu thông (score=1)
2026-01-06 10:00:32 | DEBUG    | log:153 | [normalize_query] 'Em cần check lại profile người dùng của ...' -> 'Em cần check lại profile người dùng của ...'
2026-01-06 10:00:32 | DEBUG    | log:153 | [perform_hybrid_search] query_text: [Em cần check lại profile người dùng của em.] - formatted_query: [Em cần check lại profile người dùng của em] - normalized_query: [Em cần check lại profile người dùng của em]
2026-01-06 10:00:32 | DEBUG    | log:153 | [perform_hybrid_search] BM25 raw scores: min=0.0104, max=7.5226
2026-01-06 10:00:32 | DEBUG    | log:153 | [get_keyword_boost] Query: 'Em cần check lại profile người...' | Doc: Tra cứu giao dịch ch | Boost: 0.25 | Matched: ['ck']
2026-01-06 10:00:32 | DEBUG    | log:153 | [get_keyword_boost] Query: 'Em cần check lại profile người...' | Doc: getUserProfile | Tra | Boost: 0.50 | Matched: ['profile', 'người dùng']
2026-01-06 10:00:32 | DEBUG    | log:153 | [classify_query_intent] Classified: 'Em cần check lại profile người...' -> getUserProfile | Tra cứu thông (score=2)
2026-01-06 10:00:32 | DEBUG    | log:153 | [normalize_query] 'Anh check giúp chị cái hồ sơ cá nhân này...' -> 'Anh check giúp chị cái hồ sơ cá nhân này...'
2026-01-06 10:00:32 | DEBUG    | log:153 | [perform_hybrid_search] query_text: [Anh check giúp chị cái hồ sơ cá nhân này.] - formatted_query: [Anh check giúp chị cái hồ sơ cá nhân này] - normalized_query: [Anh check giúp chị cái hồ sơ cá nhân này]
2026-01-06 10:00:32 | DEBUG    | log:153 | [perform_hybrid_search] BM25 raw scores: min=0.0116, max=39.6386
2026-01-06 10:00:32 | DEBUG    | log:153 | [get_keyword_boost] Query: 'Anh check giúp chị cái hồ sơ c...' | Doc: Tra cứu giao dịch ch | Boost: 0.25 | Matched: ['ck']
2026-01-06 10:00:32 | DEBUG    | log:153 | [get_keyword_boost] Query: 'Anh check giúp chị cái hồ sơ c...' | Doc: getUserProfile | Tra | Boost: 0.25 | Matched: ['hồ sơ cá nhân']
2026-01-06 10:00:32 | DEBUG    | log:153 | [classify_query_intent] Ambiguous: 'Anh check giúp chị cái hồ sơ c...' | Scores: {'Tra cứu giao dịch chuyển tiền': 1, 'getUserProfile | Tra cứu thông tin cá nhân cơ bản': 1}
2026-01-06 10:00:32 | DEBUG    | log:153 | [normalize_query] 'Mình muốn coi lại giới tính của mình....' -> 'Mình muốn coi lại giới tính của mình...'
2026-01-06 10:00:32 | DEBUG    | log:153 | [perform_hybrid_search] query_text: [Mình muốn coi lại giới tính của mình.] - formatted_query: [Mình muốn coi lại giới tính của mình] - normalized_query: [Mình muốn coi lại giới tính của mình]
2026-01-06 10:00:32 | DEBUG    | log:153 | [perform_hybrid_search] BM25 raw scores: min=0.0000, max=14.5472
2026-01-06 10:00:32 | DEBUG    | log:153 | [get_keyword_boost] Query: 'Mình muốn coi lại giới tính củ...' | Doc: getUserProfile | Tra | Boost: 0.25 | Matched: ['giới tính']
2026-01-06 10:00:32 | DEBUG    | log:153 | [classify_query_intent] Classified: 'Mình muốn coi lại giới tính củ...' -> getUserProfile | Tra cứu thông (score=1)
2026-01-06 10:00:32 | DEBUG    | log:153 | [normalize_query] 'Cho chị xem lại ngày sinh đã lưu....' -> 'Cho chị xem lại ngày sinh đã lưu...'
2026-01-06 10:00:32 | DEBUG    | log:153 | [perform_hybrid_search] query_text: [Cho chị xem lại ngày sinh đã lưu.] - formatted_query: [Cho chị xem lại ngày sinh đã lưu] - normalized_query: [Cho chị xem lại ngày sinh đã lưu]
2026-01-06 10:00:32 | DEBUG    | log:153 | [perform_hybrid_search] BM25 raw scores: min=0.0000, max=15.9246
2026-01-06 10:00:32 | DEBUG    | log:153 | [get_keyword_boost] Query: 'Cho chị xem lại ngày sinh đã l...' | Doc: Tra cứu lịch sử giao | Boost: 0.25 | Matched: ['ngày']
2026-01-06 10:00:32 | DEBUG    | log:153 | [get_keyword_boost] Query: 'Cho chị xem lại ngày sinh đã l...' | Doc: getTransactionList | | Boost: 0.25 | Matched: ['ngày']
2026-01-06 10:00:32 | DEBUG    | log:153 | [get_keyword_boost] Query: 'Cho chị xem lại ngày sinh đã l...' | Doc: getUserProfile | Tra | Boost: 0.25 | Matched: ['ngày sinh']
2026-01-06 10:00:32 | DEBUG    | log:153 | [classify_query_intent] Ambiguous: 'Cho chị xem lại ngày sinh đã l...' | Scores: {'Tra cứu lịch sử giao dịch theo khoảng thời gian': 1, 'getTransactionList | Tra cứu giao dịch chờ duyệt theo khoảng thời gian': 1, 'getUserProfile | Tra cứu thông tin cá nhân cơ bản': 1}
2026-01-06 10:00:32 | DEBUG    | log:153 | [normalize_query] 'Tôi muốn biết họ tên của anh ghi trên hệ...' -> 'Tôi muốn biết họ tên của anh ghi trên hệ...'
2026-01-06 10:00:32 | DEBUG    | log:153 | [perform_hybrid_search] query_text: [Tôi muốn biết họ tên của anh ghi trên hệ thống.] - formatted_query: [Tôi muốn biết họ tên của anh ghi trên hệ thống] - normalized_query: [Tôi muốn biết họ tên của anh ghi trên hệ thống]
2026-01-06 10:00:32 | DEBUG    | log:153 | [perform_hybrid_search] BM25 raw scores: min=0.0000, max=22.3836
2026-01-06 10:00:32 | DEBUG    | log:153 | [get_keyword_boost] Query: 'Tôi muốn biết họ tên của anh g...' | Doc: Tra cứu giao dịch th | Boost: 0.25 | Matched: ['trên']
2026-01-06 10:00:32 | DEBUG    | log:153 | [get_keyword_boost] Query: 'Tôi muốn biết họ tên của anh g...' | Doc: getTransactionList | | Boost: 0.25 | Matched: ['trên']
2026-01-06 10:00:32 | DEBUG    | log:153 | [get_keyword_boost] Query: 'Tôi muốn biết họ tên của anh g...' | Doc: getUserProfile | Tra | Boost: 0.25 | Matched: ['họ tên']
2026-01-06 10:00:32 | DEBUG    | log:153 | [classify_query_intent] Ambiguous: 'Tôi muốn biết họ tên của anh g...' | Scores: {'Tra cứu giao dịch theo số tiền': 1, 'getTransactionList | Tra cứu giao dịch chờ duyệt theo số tiền hoặc hạn mức': 1, 'getUserProfile | Tra cứu thông tin cá nhân cơ bản': 1}
2026-01-06 10:00:32 | DEBUG    | log:153 | [normalize_query] 'Cậu cho tớ xem thông tin cá nhân của cậu...' -> 'Cậu cho tớ xem thông tin cá nhân của cậu...'
2026-01-06 10:00:32 | DEBUG    | log:153 | [perform_hybrid_search] query_text: [Cậu cho tớ xem thông tin cá nhân của cậu.] - formatted_query: [Cậu cho tớ xem thông tin cá nhân của cậu] - normalized_query: [Cậu cho tớ xem thông tin cá nhân của cậu]
2026-01-06 10:00:32 | DEBUG    | log:153 | [perform_hybrid_search] BM25 raw scores: min=0.3147, max=48.5204
2026-01-06 10:00:32 | DEBUG    | log:153 | [get_keyword_boost] Query: 'Cậu cho tớ xem thông tin cá nh...' | Doc: getUserProfile | Tra | Boost: 0.25 | Matched: ['thông tin cá nhân']
2026-01-06 10:00:32 | DEBUG    | log:153 | [classify_query_intent] Classified: 'Cậu cho tớ xem thông tin cá nh...' -> getUserProfile | Tra cứu thông (score=1)
2026-01-06 10:00:32 | DEBUG    | log:153 | [normalize_query] 'Anh xem giúp tôi thông tin cá nhân cơ bả...' -> 'Anh xem giúp tôi thông tin cá nhân cơ bả...'
2026-01-06 10:00:32 | DEBUG    | log:153 | [perform_hybrid_search] query_text: [Anh xem giúp tôi thông tin cá nhân cơ bản.] - formatted_query: [Anh xem giúp tôi thông tin cá nhân cơ bản] - normalized_query: [Anh xem giúp tôi thông tin cá nhân cơ bản]
2026-01-06 10:00:32 | DEBUG    | log:153 | [perform_hybrid_search] BM25 raw scores: min=0.3147, max=68.0690
2026-01-06 10:00:32 | DEBUG    | log:153 | [get_keyword_boost] Query: 'Anh xem giúp tôi thông tin cá ...' | Doc: getUserProfile | Tra | Boost: 0.25 | Matched: ['thông tin cá nhân']
2026-01-06 10:00:32 | DEBUG    | log:153 | [classify_query_intent] Classified: 'Anh xem giúp tôi thông tin cá ...' -> getUserProfile | Tra cứu thông (score=1)
2026-01-06 10:00:32 | DEBUG    | log:153 | [normalize_query] 'Hệ thống cho em xem thông tin cá nhân nh...' -> 'Hệ thống cho em xem thông tin cá nhân nh...'
2026-01-06 10:00:32 | DEBUG    | log:153 | [perform_hybrid_search] query_text: [Hệ thống cho em xem thông tin cá nhân nhé.] - formatted_query: [Hệ thống cho em xem thông tin cá nhân nhé] - normalized_query: [Hệ thống cho em xem thông tin cá nhân nhé]
2026-01-06 10:00:32 | DEBUG    | log:153 | [perform_hybrid_search] BM25 raw scores: min=0.3147, max=55.6474
2026-01-06 10:00:32 | DEBUG    | log:153 | [get_keyword_boost] Query: 'Hệ thống cho em xem thông tin ...' | Doc: getUserProfile | Tra | Boost: 0.25 | Matched: ['thông tin cá nhân']
2026-01-06 10:00:32 | DEBUG    | log:153 | [classify_query_intent] Classified: 'Hệ thống cho em xem thông tin ...' -> getUserProfile | Tra cứu thông (score=1)
2026-01-06 10:00:32 | DEBUG    | log:153 | [normalize_query] 'Chị kiểm tra lại quốc tịch của chị đi....' -> 'Chị kiểm tra lại quốc tịch của chị đi...'
2026-01-06 10:00:32 | DEBUG    | log:153 | [perform_hybrid_search] query_text: [Chị kiểm tra lại quốc tịch của chị đi.] - formatted_query: [Chị kiểm tra lại quốc tịch của chị đi] - normalized_query: [Chị kiểm tra lại quốc tịch của chị đi]
2026-01-06 10:00:32 | DEBUG    | log:153 | [perform_hybrid_search] BM25 raw scores: min=0.0160, max=17.6258
2026-01-06 10:00:32 | DEBUG    | log:153 | [get_keyword_boost] Query: 'Chị kiểm tra lại quốc tịch của...' | Doc: getUserProfile | Tra | Boost: 0.25 | Matched: ['quốc tịch']
2026-01-06 10:00:32 | DEBUG    | log:153 | [classify_query_intent] Classified: 'Chị kiểm tra lại quốc tịch của...' -> getUserProfile | Tra cứu thông (score=1)
2026-01-06 10:00:32 | DEBUG    | log:153 | [normalize_query] 'Anh muốn xác nhận giới tính là Nam....' -> 'Anh muốn xác nhận giới tính là nam...'
2026-01-06 10:00:32 | DEBUG    | log:153 | [perform_hybrid_search] query_text: [Anh muốn xác nhận giới tính là Nam.] - formatted_query: [Anh muốn xác nhận giới tính là nam] - normalized_query: [Anh muốn xác nhận giới tính là nam]
2026-01-06 10:00:32 | DEBUG    | log:153 | [perform_hybrid_search] BM25 raw scores: min=0.6918, max=27.6449
2026-01-06 10:00:32 | DEBUG    | log:153 | [get_keyword_boost] Query: 'Anh muốn xác nhận giới tính là...' | Doc: Tra cứu giao dịch nh | Boost: 0.25 | Matched: ['nhận']
2026-01-06 10:00:32 | DEBUG    | log:153 | [get_keyword_boost] Query: 'Anh muốn xác nhận giới tính là...' | Doc: getUserProfile | Tra | Boost: 0.50 | Matched: ['giới tính', 'nam']
2026-01-06 10:00:32 | DEBUG    | log:153 | [classify_query_intent] Classified: 'Anh muốn xác nhận giới tính là...' -> getUserProfile | Tra cứu thông (score=2)
2026-01-06 10:00:32 | DEBUG    | log:153 | [normalize_query] 'Cho em coi hồ sơ cá nhân của anh ấy....' -> 'Cho em coi hồ sơ cá nhân của anh ấy...'
2026-01-06 10:00:32 | DEBUG    | log:153 | [perform_hybrid_search] query_text: [Cho em coi hồ sơ cá nhân của anh ấy.] - formatted_query: [Cho em coi hồ sơ cá nhân của anh ấy] - normalized_query: [Cho em coi hồ sơ cá nhân của anh ấy]
2026-01-06 10:00:32 | DEBUG    | log:153 | [perform_hybrid_search] BM25 raw scores: min=0.0116, max=39.6386
2026-01-06 10:00:32 | DEBUG    | log:153 | [get_keyword_boost] Query: 'Cho em coi hồ sơ cá nhân của a...' | Doc: getUserProfile | Tra | Boost: 0.25 | Matched: ['hồ sơ cá nhân']
2026-01-06 10:00:32 | DEBUG    | log:153 | [classify_query_intent] Classified: 'Cho em coi hồ sơ cá nhân của a...' -> getUserProfile | Tra cứu thông (score=1)
2026-01-06 10:00:32 | DEBUG    | log:153 | [normalize_query] 'Mình cần biết tên của mình hiện ntn....' -> 'Mình cần biết tên của mình hiện ntn...'
2026-01-06 10:00:32 | DEBUG    | log:153 | [perform_hybrid_search] query_text: [Mình cần biết tên của mình hiện ntn.] - formatted_query: [Mình cần biết tên của mình hiện ntn] - normalized_query: [Mình cần biết tên của mình hiện ntn]
2026-01-06 10:00:32 | DEBUG    | log:153 | [perform_hybrid_search] BM25 raw scores: min=0.0000, max=13.0760
2026-01-06 10:00:32 | DEBUG    | log:153 | [classify_query_intent] No keyword matches found in: 'Mình cần biết tên của mình hiện ntn'
2026-01-06 10:00:32 | DEBUG    | log:153 | [normalize_query] 'Cá nhân tôi muốn tra cứu thông tin định ...' -> 'Cá nhân tôi muốn tra cứu thông tin định ...'
2026-01-06 10:00:32 | DEBUG    | log:153 | [perform_hybrid_search] query_text: [Cá nhân tôi muốn tra cứu thông tin định danh.] - formatted_query: [Cá nhân tôi muốn tra cứu thông tin định danh] - normalized_query: [Cá nhân tôi muốn tra cứu thông tin định danh]
2026-01-06 10:00:32 | DEBUG    | log:153 | [perform_hybrid_search] BM25 raw scores: min=0.3890, max=33.4643
2026-01-06 10:00:32 | DEBUG    | log:153 | [get_keyword_boost] Query: 'Cá nhân tôi muốn tra cứu thông...' | Doc: getUserProfile | Tra | Boost: 0.25 | Matched: ['định danh']
2026-01-06 10:00:32 | DEBUG    | log:153 | [classify_query_intent] Classified: 'Cá nhân tôi muốn tra cứu thông...' -> getUserProfile | Tra cứu thông (score=1)
2026-01-06 10:00:32 | DEBUG    | log:153 | [normalize_query] 'Em xem ngày sinh của em có đúng không?...' -> 'Em xem ngày sinh của em có đúng không...'
2026-01-06 10:00:32 | DEBUG    | log:153 | [perform_hybrid_search] query_text: [Em xem ngày sinh của em có đúng không?] - formatted_query: [Em xem ngày sinh của em có đúng không] - normalized_query: [Em xem ngày sinh của em có đúng không]
2026-01-06 10:00:32 | DEBUG    | log:153 | [perform_hybrid_search] BM25 raw scores: min=0.0000, max=15.5341
2026-01-06 10:00:32 | DEBUG    | log:153 | [get_keyword_boost] Query: 'Em xem ngày sinh của em có đún...' | Doc: Tra cứu lịch sử giao | Boost: 0.25 | Matched: ['ngày']
2026-01-06 10:00:32 | DEBUG    | log:153 | [get_keyword_boost] Query: 'Em xem ngày sinh của em có đún...' | Doc: getTransactionList | | Boost: 0.25 | Matched: ['ngày']
2026-01-06 10:00:32 | DEBUG    | log:153 | [get_keyword_boost] Query: 'Em xem ngày sinh của em có đún...' | Doc: getUserProfile | Tra | Boost: 0.25 | Matched: ['ngày sinh']
2026-01-06 10:00:32 | DEBUG    | log:153 | [classify_query_intent] Ambiguous: 'Em xem ngày sinh của em có đún...' | Scores: {'Tra cứu lịch sử giao dịch theo khoảng thời gian': 1, 'getTransactionList | Tra cứu giao dịch chờ duyệt theo khoảng thời gian': 1, 'getUserProfile | Tra cứu thông tin cá nhân cơ bản': 1}
2026-01-06 10:00:32 | DEBUG    | log:153 | [normalize_query] 'Anh hãy hiển thị toàn bộ info cá nhân củ...' -> 'Anh hãy hiển thị toàn bộ info cá nhân củ...'
2026-01-06 10:00:32 | DEBUG    | log:153 | [perform_hybrid_search] query_text: [Anh hãy hiển thị toàn bộ info cá nhân của anh.] - formatted_query: [Anh hãy hiển thị toàn bộ info cá nhân của anh] - normalized_query: [Anh hãy hiển thị toàn bộ info cá nhân của anh]
2026-01-06 10:00:32 | DEBUG    | log:153 | [perform_hybrid_search] BM25 raw scores: min=0.7075, max=30.5660
2026-01-06 10:00:32 | DEBUG    | log:153 | [get_keyword_boost] Query: 'Anh hãy hiển thị toàn bộ info ...' | Doc: getTransactionList | | Boost: 0.25 | Matched: ['toàn bộ']
2026-01-06 10:00:32 | DEBUG    | log:153 | [classify_query_intent] Classified: 'Anh hãy hiển thị toàn bộ info ...' -> getTransactionList | Tra cứu g (score=1)
2026-01-06 10:00:32 | DEBUG    | log:153 | [normalize_query] 'Xem thông tin ca nhan cơ bản của tôi....' -> 'Xem thông tin ca nhan cơ bản của tôi...'
2026-01-06 10:00:32 | DEBUG    | log:153 | [perform_hybrid_search] query_text: [Xem thông tin ca nhan cơ bản của tôi.] - formatted_query: [Xem thông tin ca nhan cơ bản của tôi] - normalized_query: [Xem thông tin ca nhan cơ bản của tôi]
2026-01-06 10:00:33 | DEBUG    | log:153 | [perform_hybrid_search] BM25 raw scores: min=0.3147, max=44.5939
2026-01-06 10:00:33 | DEBUG    | log:153 | [classify_query_intent] No keyword matches found in: 'Xem thông tin ca nhan cơ bản của tôi'
2026-01-06 10:00:33 | DEBUG    | log:153 | [normalize_query] 'Cho mình biết ho ten và ngày sinh....' -> 'Cho mình biết ho ten và ngày sinh...'
2026-01-06 10:00:33 | DEBUG    | log:153 | [perform_hybrid_search] query_text: [Cho mình biết ho ten và ngày sinh.] - formatted_query: [Cho mình biết ho ten và ngày sinh] - normalized_query: [Cho mình biết ho ten và ngày sinh]
2026-01-06 10:00:33 | DEBUG    | log:153 | [perform_hybrid_search] BM25 raw scores: min=0.0000, max=18.2753
2026-01-06 10:00:33 | DEBUG    | log:153 | [get_keyword_boost] Query: 'Cho mình biết ho ten và ngày s...' | Doc: Tra cứu lịch sử giao | Boost: 0.25 | Matched: ['ngày']
2026-01-06 10:00:33 | DEBUG    | log:153 | [get_keyword_boost] Query: 'Cho mình biết ho ten và ngày s...' | Doc: getTransactionList | | Boost: 0.25 | Matched: ['ngày']
2026-01-06 10:00:33 | DEBUG    | log:153 | [get_keyword_boost] Query: 'Cho mình biết ho ten và ngày s...' | Doc: getUserProfile | Tra | Boost: 0.25 | Matched: ['ngày sinh']
2026-01-06 10:00:33 | DEBUG    | log:153 | [classify_query_intent] Ambiguous: 'Cho mình biết ho ten và ngày s...' | Scores: {'Tra cứu lịch sử giao dịch theo khoảng thời gian': 1, 'getTransactionList | Tra cứu giao dịch chờ duyệt theo khoảng thời gian': 1, 'getUserProfile | Tra cứu thông tin cá nhân cơ bản': 1}
2026-01-06 10:00:33 | DEBUG    | log:153 | [normalize_query] 'Kiểm tra hồ sơ nguoi dung giúp mình....' -> 'Kiểm tra hồ sơ nguoi dung giúp mình...'
2026-01-06 10:00:33 | DEBUG    | log:153 | [perform_hybrid_search] query_text: [Kiểm tra hồ sơ nguoi dung giúp mình.] - formatted_query: [Kiểm tra hồ sơ nguoi dung giúp mình] - normalized_query: [Kiểm tra hồ sơ nguoi dung giúp mình]
2026-01-06 10:00:33 | DEBUG    | log:153 | [perform_hybrid_search] BM25 raw scores: min=0.5229, max=25.7922
2026-01-06 10:00:33 | DEBUG    | log:153 | [get_keyword_boost] Query: 'Kiểm tra hồ sơ nguoi dung giúp...' | Doc: getUserProfile | Tra | Boost: 0.25 | Matched: ['kiểm tra hồ sơ']
2026-01-06 10:00:33 | DEBUG    | log:153 | [classify_query_intent] Classified: 'Kiểm tra hồ sơ nguoi dung giúp...' -> getUserProfile | Tra cứu thông (score=1)
2026-01-06 10:00:33 | DEBUG    | log:153 | [normalize_query] 'Tôi muốn xem profile cá nhân của minh....' -> 'Tôi muốn xem profile cá nhân của minh...'
2026-01-06 10:00:33 | DEBUG    | log:153 | [perform_hybrid_search] query_text: [Tôi muốn xem profile cá nhân của minh.] - formatted_query: [Tôi muốn xem profile cá nhân của minh] - normalized_query: [Tôi muốn xem profile cá nhân của minh]
2026-01-06 10:00:33 | DEBUG    | log:153 | [perform_hybrid_search] BM25 raw scores: min=0.0000, max=48.9062
2026-01-06 10:00:33 | DEBUG    | log:153 | [get_keyword_boost] Query: 'Tôi muốn xem profile cá nhân c...' | Doc: getUserProfile | Tra | Boost: 0.50 | Matched: ['profile', 'xem profile']
2026-01-06 10:00:33 | DEBUG    | log:153 | [classify_query_intent] Classified: 'Tôi muốn xem profile cá nhân c...' -> getUserProfile | Tra cứu thông (score=2)
2026-01-06 10:00:33 | DEBUG    | log:153 | [normalize_query] 'Cho hỏi quoc tich của tôi là gì?...' -> 'Cho hỏi quoc tich của tôi là gì...'
2026-01-06 10:00:33 | DEBUG    | log:153 | [perform_hybrid_search] query_text: [Cho hỏi quoc tich của tôi là gì?] - formatted_query: [Cho hỏi quoc tich của tôi là gì] - normalized_query: [Cho hỏi quoc tich của tôi là gì]
2026-01-06 10:00:33 | DEBUG    | log:153 | [perform_hybrid_search] BM25 raw scores: min=0.0000, max=20.1059
2026-01-06 10:00:33 | DEBUG    | log:153 | [classify_query_intent] No keyword matches found in: 'Cho hỏi quoc tich của tôi là gì'
2026-01-06 10:00:33 | DEBUG    | log:153 | [normalize_query] 'Hệ thống đang lưu gioi tinh của tôi ntn?...' -> 'Hệ thống đang lưu gioi tinh của tôi ntn...'
2026-01-06 10:00:33 | DEBUG    | log:153 | [perform_hybrid_search] query_text: [Hệ thống đang lưu gioi tinh của tôi ntn?] - formatted_query: [Hệ thống đang lưu gioi tinh của tôi ntn] - normalized_query: [Hệ thống đang lưu gioi tinh của tôi ntn]
2026-01-06 10:00:33 | DEBUG    | log:153 | [perform_hybrid_search] BM25 raw scores: min=0.0509, max=26.3469
2026-01-06 10:00:33 | DEBUG    | log:153 | [classify_query_intent] No keyword matches found in: 'Hệ thống đang lưu gioi tinh của tôi ntn'
2026-01-06 10:00:33 | DEBUG    | log:153 | [normalize_query] 'Hiển thị chi tiết ho so cá nhân của anh....' -> 'Hiển thị chi tiết ho so cá nhân của anh...'
2026-01-06 10:00:33 | DEBUG    | log:153 | [perform_hybrid_search] query_text: [Hiển thị chi tiết ho so cá nhân của anh.] - formatted_query: [Hiển thị chi tiết ho so cá nhân của anh] - normalized_query: [Hiển thị chi tiết ho so cá nhân của anh]
2026-01-06 10:00:33 | DEBUG    | log:153 | [perform_hybrid_search] BM25 raw scores: min=0.7194, max=35.9527
2026-01-06 10:00:33 | DEBUG    | log:153 | [classify_query_intent] No keyword matches found in: 'Hiển thị chi tiết ho so cá nhân của anh'
2026-01-06 10:00:33 | DEBUG    | log:153 | [normalize_query] 'Ngày tháng năm sinh của khach hang là ba...' -> 'Ngày tháng năm sinh của khach hang là ba...'
2026-01-06 10:00:33 | DEBUG    | log:153 | [perform_hybrid_search] query_text: [Ngày tháng năm sinh của khach hang là bao nhiêu?] - formatted_query: [Ngày tháng năm sinh của khach hang là bao nhiêu] - normalized_query: [Ngày tháng năm sinh của khach hang là bao nhiêu]
2026-01-06 10:00:33 | DEBUG    | log:153 | [perform_hybrid_search] BM25 raw scores: min=0.0112, max=18.0209
2026-01-06 10:00:33 | DEBUG    | log:153 | [get_keyword_boost] Query: 'Ngày tháng năm sinh của khach ...' | Doc: Tra cứu lịch sử giao | Boost: 0.75 | Matched: ['ngày', 'tháng', 'năm']
2026-01-06 10:00:33 | DEBUG    | log:153 | [get_keyword_boost] Query: 'Ngày tháng năm sinh của khach ...' | Doc: getTransactionList | | Boost: 0.75 | Matched: ['ngày', 'tháng', 'năm']
2026-01-06 10:00:33 | DEBUG    | log:153 | [classify_query_intent] Ambiguous: 'Ngày tháng năm sinh của khach ...' | Scores: {'Tra cứu lịch sử giao dịch theo khoảng thời gian': 3, 'getTransactionList | Tra cứu giao dịch chờ duyệt theo khoảng thời gian': 3}
2026-01-06 10:00:33 | DEBUG    | log:153 | [normalize_query] 'Tên của mình trên he thong là gì thế?...' -> 'Tên của mình trên he thong là gì thế...'
2026-01-06 10:00:33 | DEBUG    | log:153 | [perform_hybrid_search] query_text: [Tên của mình trên he thong là gì thế?] - formatted_query: [Tên của mình trên he thong là gì thế] - normalized_query: [Tên của mình trên he thong là gì thế]
2026-01-06 10:00:33 | DEBUG    | log:153 | [perform_hybrid_search] BM25 raw scores: min=0.0495, max=23.8042
2026-01-06 10:00:33 | DEBUG    | log:153 | [get_keyword_boost] Query: 'Tên của mình trên he thong là ...' | Doc: Tra cứu giao dịch th | Boost: 0.25 | Matched: ['trên']
2026-01-06 10:00:33 | DEBUG    | log:153 | [get_keyword_boost] Query: 'Tên của mình trên he thong là ...' | Doc: getTransactionList | | Boost: 0.25 | Matched: ['trên']
2026-01-06 10:00:33 | DEBUG    | log:153 | [classify_query_intent] Ambiguous: 'Tên của mình trên he thong là ...' | Scores: {'Tra cứu giao dịch theo số tiền': 1, 'getTransactionList | Tra cứu giao dịch chờ duyệt theo số tiền hoặc hạn mức': 1}
2026-01-06 10:00:33 | DEBUG    | log:153 | [normalize_query] 'Check giúp em thông tin ca nhan phát....' -> 'Check giúp em thông tin ca nhan phát...'
2026-01-06 10:00:33 | DEBUG    | log:153 | [perform_hybrid_search] query_text: [Check giúp em thông tin ca nhan phát.] - formatted_query: [Check giúp em thông tin ca nhan phát] - normalized_query: [Check giúp em thông tin ca nhan phát]
2026-01-06 10:00:33 | DEBUG    | log:153 | [perform_hybrid_search] BM25 raw scores: min=0.0000, max=6.9032
2026-01-06 10:00:33 | DEBUG    | log:153 | [get_keyword_boost] Query: 'Check giúp em thông tin ca nha...' | Doc: Tra cứu giao dịch ch | Boost: 0.25 | Matched: ['ck']
2026-01-06 10:00:33 | DEBUG    | log:153 | [classify_query_intent] Classified: 'Check giúp em thông tin ca nha...' -> Tra cứu giao dịch chuyển tiền (score=1)
2026-01-06 10:00:33 | DEBUG    | log:153 | [normalize_query] 'Tôi cần đối chiếu ngay sinh trong hồ sơ....' -> 'Tôi cần đối chiếu ngay sinh trong hồ sơ...'
2026-01-06 10:00:33 | DEBUG    | log:153 | [perform_hybrid_search] query_text: [Tôi cần đối chiếu ngay sinh trong hồ sơ.] - formatted_query: [Tôi cần đối chiếu ngay sinh trong hồ sơ] - normalized_query: [Tôi cần đối chiếu ngay sinh trong hồ sơ]
2026-01-06 10:00:33 | DEBUG    | log:153 | [perform_hybrid_search] BM25 raw scores: min=0.0111, max=16.1589
2026-01-06 10:00:33 | DEBUG    | log:153 | [get_keyword_boost] Query: 'Tôi cần đối chiếu ngay sinh tr...' | Doc: getTransactionList | | Boost: 0.25 | Matched: ['trong']
2026-01-06 10:00:33 | DEBUG    | log:153 | [classify_query_intent] Classified: 'Tôi cần đối chiếu ngay sinh tr...' -> getTransactionList | Tra cứu g (score=1)
2026-01-06 10:00:33 | DEBUG    | log:153 | [normalize_query] 'Thông tin dinh danh cơ bản của tôi gồm n...' -> 'Thông tin dinh danh cơ bản của tôi gồm n...'
2026-01-06 10:00:33 | DEBUG    | log:153 | [perform_hybrid_search] query_text: [Thông tin dinh danh cơ bản của tôi gồm những gì?] - formatted_query: [Thông tin dinh danh cơ bản của tôi gồm những gì] - normalized_query: [Thông tin dinh danh cơ bản của tôi gồm những gì]
2026-01-06 10:00:33 | DEBUG    | log:153 | [perform_hybrid_search] BM25 raw scores: min=0.3550, max=33.5306
2026-01-06 10:00:33 | DEBUG    | log:153 | [classify_query_intent] No keyword matches found in: 'Thông tin dinh danh cơ bản của tôi gồm những gì'
2026-01-06 10:00:33 | DEBUG    | log:153 | [normalize_query] 'Xem giúp chị cái quoc tich đăng ký nhé....' -> 'Xem giúp chị cái quoc tich đăng ký nhé...'
2026-01-06 10:00:33 | DEBUG    | log:153 | [perform_hybrid_search] query_text: [Xem giúp chị cái quoc tich đăng ký nhé.] - formatted_query: [Xem giúp chị cái quoc tich đăng ký nhé] - normalized_query: [Xem giúp chị cái quoc tich đăng ký nhé]
2026-01-06 10:00:33 | DEBUG    | log:153 | [perform_hybrid_search] BM25 raw scores: min=0.0000, max=28.8715
2026-01-06 10:00:33 | DEBUG    | log:153 | [classify_query_intent] No keyword matches found in: 'Xem giúp chị cái quoc tich đăng ký nhé'
2026-01-06 10:00:33 | DEBUG    | log:153 | [normalize_query] 'Hồ sơ cá nhân của mình có đang hoat dong...' -> 'Hồ sơ cá nhân của mình có đang hoat dong...'
2026-01-06 10:00:33 | DEBUG    | log:153 | [perform_hybrid_search] query_text: [Hồ sơ cá nhân của mình có đang hoat dong không?] - formatted_query: [Hồ sơ cá nhân của mình có đang hoat dong không] - normalized_query: [Hồ sơ cá nhân của mình có đang hoat dong không]
2026-01-06 10:00:33 | DEBUG    | log:153 | [perform_hybrid_search] BM25 raw scores: min=0.0116, max=53.4933
2026-01-06 10:00:33 | DEBUG    | log:153 | [get_keyword_boost] Query: 'Hồ sơ cá nhân của mình có đang...' | Doc: getUserProfile | Tra | Boost: 0.25 | Matched: ['hồ sơ cá nhân']
2026-01-06 10:00:33 | DEBUG    | log:153 | [classify_query_intent] Classified: 'Hồ sơ cá nhân của mình có đang...' -> getUserProfile | Tra cứu thông (score=1)
2026-01-06 10:00:33 | DEBUG    | log:153 | [normalize_query] 'Kiểm tra tên và ngay thang năm sinh của ...' -> 'Kiểm tra tên và ngay thang năm sinh của ...'
2026-01-06 10:00:33 | DEBUG    | log:153 | [perform_hybrid_search] query_text: [Kiểm tra tên và ngay thang năm sinh của tớ.] - formatted_query: [Kiểm tra tên và ngay thang năm sinh của tớ] - normalized_query: [Kiểm tra tên và ngay thang năm sinh của tớ]
2026-01-06 10:00:33 | DEBUG    | log:153 | [perform_hybrid_search] BM25 raw scores: min=0.0160, max=30.1167
2026-01-06 10:00:33 | DEBUG    | log:153 | [get_keyword_boost] Query: 'Kiểm tra tên và ngay thang năm...' | Doc: Tra cứu lịch sử giao | Boost: 0.25 | Matched: ['năm']
2026-01-06 10:00:33 | DEBUG    | log:153 | [get_keyword_boost] Query: 'Kiểm tra tên và ngay thang năm...' | Doc: getTransactionList | | Boost: 0.25 | Matched: ['năm']
2026-01-06 10:00:33 | DEBUG    | log:153 | [classify_query_intent] Ambiguous: 'Kiểm tra tên và ngay thang năm...' | Scores: {'Tra cứu lịch sử giao dịch theo khoảng thời gian': 1, 'getTransactionList | Tra cứu giao dịch chờ duyệt theo khoảng thời gian': 1}
2026-01-06 10:00:33 | DEBUG    | log:153 | [normalize_query] 'Cho tôi xem lại thong tin cá nhân đã kha...' -> 'Cho tôi xem lại thong tin cá nhân đã kha...'
2026-01-06 10:00:33 | DEBUG    | log:153 | [perform_hybrid_search] query_text: [Cho tôi xem lại thong tin cá nhân đã khai báo.] - formatted_query: [Cho tôi xem lại thong tin cá nhân đã khai báo] - normalized_query: [Cho tôi xem lại thong tin cá nhân đã khai báo]
2026-01-06 10:00:33 | DEBUG    | log:153 | [perform_hybrid_search] BM25 raw scores: min=0.3348, max=54.0680
2026-01-06 10:00:33 | DEBUG    | log:153 | [classify_query_intent] No keyword matches found in: 'Cho tôi xem lại thong tin cá nhân đã khai báo'
2026-01-06 10:00:33 | DEBUG    | log:153 | [normalize_query] 'Tra cứu hộ và tên cua minh trên ứng dụng...' -> 'Tra cứu hộ và tên cua minh trên ứng dụng...'
2026-01-06 10:00:33 | DEBUG    | log:153 | [perform_hybrid_search] query_text: [Tra cứu hộ và tên cua minh trên ứng dụng.] - formatted_query: [Tra cứu hộ và tên cua minh trên ứng dụng] - normalized_query: [Tra cứu hộ và tên cua minh trên ứng dụng]
2026-01-06 10:00:33 | DEBUG    | log:153 | [perform_hybrid_search] BM25 raw scores: min=0.2374, max=12.4283
2026-01-06 10:00:33 | DEBUG    | log:153 | [get_keyword_boost] Query: 'Tra cứu hộ và tên cua minh trê...' | Doc: Tra cứu giao dịch th | Boost: 0.25 | Matched: ['trên']
2026-01-06 10:00:33 | DEBUG    | log:153 | [get_keyword_boost] Query: 'Tra cứu hộ và tên cua minh trê...' | Doc: getTransactionList | | Boost: 0.25 | Matched: ['trên']
2026-01-06 10:00:33 | DEBUG    | log:153 | [classify_query_intent] Ambiguous: 'Tra cứu hộ và tên cua minh trê...' | Scores: {'Tra cứu giao dịch theo số tiền': 1, 'getTransactionList | Tra cứu giao dịch chờ duyệt theo số tiền hoặc hạn mức': 1}
2026-01-06 10:00:33 | DEBUG    | log:153 | [normalize_query] 'Giới tính của tôi đang hiển thị là nam h...' -> 'Giới tính của tôi đang hiển thị là nam h...'
2026-01-06 10:00:33 | DEBUG    | log:153 | [perform_hybrid_search] query_text: [Giới tính của tôi đang hiển thị là nam hay nữ?] - formatted_query: [Giới tính của tôi đang hiển thị là nam hay nữ] - normalized_query: [Giới tính của tôi đang hiển thị là nam hay nữ]
2026-01-06 10:00:33 | DEBUG    | log:153 | [perform_hybrid_search] BM25 raw scores: min=0.0000, max=21.0967
2026-01-06 10:00:33 | DEBUG    | log:153 | [get_keyword_boost] Query: 'Giới tính của tôi đang hiển th...' | Doc: getUserProfile | Tra | Boost: 0.75 | Matched: ['giới tính', 'nam', 'nữ']
2026-01-06 10:00:33 | DEBUG    | log:153 | [classify_query_intent] Classified: 'Giới tính của tôi đang hiển th...' -> getUserProfile | Tra cứu thông (score=3)
2026-01-06 10:00:33 | DEBUG    | log:153 | [normalize_query] 'Cập nhật cho mình thông tin ho so cơ bản...' -> 'Cập nhật cho mình thông tin ho so cơ bản...'
2026-01-06 10:00:33 | DEBUG    | log:153 | [perform_hybrid_search] query_text: [Cập nhật cho mình thông tin ho so cơ bản.] - formatted_query: [Cập nhật cho mình thông tin ho so cơ bản] - normalized_query: [Cập nhật cho mình thông tin ho so cơ bản]
2026-01-06 10:00:33 | DEBUG    | log:153 | [perform_hybrid_search] BM25 raw scores: min=0.1844, max=23.5598
2026-01-06 10:00:33 | DEBUG    | log:153 | [classify_query_intent] No keyword matches found in: 'Cập nhật cho mình thông tin ho so cơ bản'
2026-01-06 10:00:33 | DEBUG    | log:153 | [normalize_query] 'Xem user info của tôi được không?...' -> 'Xem user info của tôi được không...'
2026-01-06 10:00:33 | DEBUG    | log:153 | [perform_hybrid_search] query_text: [Xem user info của tôi được không?] - formatted_query: [Xem user info của tôi được không] - normalized_query: [Xem user info của tôi được không]
2026-01-06 10:00:33 | DEBUG    | log:153 | [perform_hybrid_search] BM25 raw scores: min=0.0000, max=8.0352
2026-01-06 10:00:33 | DEBUG    | log:153 | [get_keyword_boost] Query: 'Xem user info của tôi được khô...' | Doc: getUserProfile | Tra | Boost: 0.25 | Matched: ['user']
2026-01-06 10:00:33 | DEBUG    | log:153 | [classify_query_intent] Classified: 'Xem user info của tôi được khô...' -> getUserProfile | Tra cứu thông (score=1)
2026-01-06 10:00:33 | DEBUG    | log:153 | [normalize_query] 'Kiểm tra lại ho ten đầy đủ giúp chị....' -> 'Kiểm tra lại ho ten đầy đủ giúp chị...'
2026-01-06 10:00:33 | DEBUG    | log:153 | [perform_hybrid_search] query_text: [Kiểm tra lại ho ten đầy đủ giúp chị.] - formatted_query: [Kiểm tra lại ho ten đầy đủ giúp chị] - normalized_query: [Kiểm tra lại ho ten đầy đủ giúp chị]
2026-01-06 10:00:33 | DEBUG    | log:153 | [perform_hybrid_search] BM25 raw scores: min=0.0202, max=13.1835
2026-01-06 10:00:33 | DEBUG    | log:153 | [classify_query_intent] No keyword matches found in: 'Kiểm tra lại ho ten đầy đủ giúp chị'
2026-01-06 10:00:33 | DEBUG    | log:153 | [normalize_query] 'Ngày sinh của tôi có đúng là ngay không?...' -> 'Ngày sinh của tôi có đúng là ngay không...'
2026-01-06 10:00:33 | DEBUG    | log:153 | [perform_hybrid_search] query_text: [Ngày sinh của tôi có đúng là ngay không?] - formatted_query: [Ngày sinh của tôi có đúng là ngay không] - normalized_query: [Ngày sinh của tôi có đúng là ngay không]
2026-01-06 10:00:33 | DEBUG    | log:153 | [perform_hybrid_search] BM25 raw scores: min=0.0000, max=9.0315
2026-01-06 10:00:33 | DEBUG    | log:153 | [get_keyword_boost] Query: 'Ngày sinh của tôi có đúng là n...' | Doc: Tra cứu lịch sử giao | Boost: 0.25 | Matched: ['ngày']
2026-01-06 10:00:33 | DEBUG    | log:153 | [get_keyword_boost] Query: 'Ngày sinh của tôi có đúng là n...' | Doc: getTransactionList | | Boost: 0.25 | Matched: ['ngày']
2026-01-06 10:00:33 | DEBUG    | log:153 | [get_keyword_boost] Query: 'Ngày sinh của tôi có đúng là n...' | Doc: getUserProfile | Tra | Boost: 0.25 | Matched: ['ngày sinh']
2026-01-06 10:00:33 | DEBUG    | log:153 | [classify_query_intent] Ambiguous: 'Ngày sinh của tôi có đúng là n...' | Scores: {'Tra cứu lịch sử giao dịch theo khoảng thời gian': 1, 'getTransactionList | Tra cứu giao dịch chờ duyệt theo khoảng thời gian': 1, 'getUserProfile | Tra cứu thông tin cá nhân cơ bản': 1}
2026-01-06 10:00:33 | DEBUG    | log:153 | [normalize_query] 'Quốc tịch trong du lieu của tôi là nước ...' -> 'Quốc tịch trong du lieu của tôi là nước ...'
2026-01-06 10:00:33 | DEBUG    | log:153 | [perform_hybrid_search] query_text: [Quốc tịch trong du lieu của tôi là nước nào?] - formatted_query: [Quốc tịch trong du lieu của tôi là nước nào] - normalized_query: [Quốc tịch trong du lieu của tôi là nước nào]
2026-01-06 10:00:33 | DEBUG    | log:153 | [perform_hybrid_search] BM25 raw scores: min=0.0431, max=18.4218
2026-01-06 10:00:33 | DEBUG    | log:153 | [get_keyword_boost] Query: 'Quốc tịch trong du lieu của tô...' | Doc: getTransactionList | | Boost: 0.25 | Matched: ['trong']
2026-01-06 10:00:33 | DEBUG    | log:153 | [get_keyword_boost] Query: 'Quốc tịch trong du lieu của tô...' | Doc: getUserProfile | Tra | Boost: 0.25 | Matched: ['quốc tịch']
2026-01-06 10:00:33 | DEBUG    | log:153 | [classify_query_intent] Ambiguous: 'Quốc tịch trong du lieu của tô...' | Scores: {'getTransactionList | Tra cứu giao dịch chờ duyệt theo khoảng thời gian': 1, 'getUserProfile | Tra cứu thông tin cá nhân cơ bản': 1}
2026-01-06 10:00:33 | DEBUG    | log:153 | [normalize_query] 'Cho em coi cái profile của em một chút....' -> 'Cho em coi cái profile của em một chút...'
2026-01-06 10:00:33 | DEBUG    | log:153 | [perform_hybrid_search] query_text: [Cho em coi cái profile của em một chút.] - formatted_query: [Cho em coi cái profile của em một chút] - normalized_query: [Cho em coi cái profile của em một chút]
2026-01-06 10:00:33 | DEBUG    | log:153 | [perform_hybrid_search] BM25 raw scores: min=0.0000, max=3.3315
2026-01-06 10:00:33 | DEBUG    | log:153 | [get_keyword_boost] Query: 'Cho em coi cái profile của em ...' | Doc: getUserProfile | Tra | Boost: 0.25 | Matched: ['profile']
2026-01-06 10:00:33 | DEBUG    | log:153 | [classify_query_intent] Classified: 'Cho em coi cái profile của em ...' -> getUserProfile | Tra cứu thông (score=1)
2026-01-06 10:00:33 | DEBUG    | log:153 | [normalize_query] 'Trạng thái ho so hiện tại của tôi là gì?...' -> 'Trạng thái ho so hiện tại của tôi là gì...'
2026-01-06 10:00:33 | DEBUG    | log:153 | [perform_hybrid_search] query_text: [Trạng thái ho so hiện tại của tôi là gì?] - formatted_query: [Trạng thái ho so hiện tại của tôi là gì] - normalized_query: [Trạng thái ho so hiện tại của tôi là gì]
2026-01-06 10:00:33 | DEBUG    | log:153 | [perform_hybrid_search] BM25 raw scores: min=0.0115, max=16.8243
2026-01-06 10:00:33 | DEBUG    | log:153 | [get_keyword_boost] Query: 'Trạng thái ho so hiện tại của ...' | Doc: Tra cứu giao dịch th | Boost: 0.25 | Matched: ['trạng thái']
2026-01-06 10:00:33 | DEBUG    | log:153 | [get_keyword_boost] Query: 'Trạng thái ho so hiện tại của ...' | Doc: getUserProfile | Kiể | Boost: 0.25 | Matched: ['trạng thái']
2026-01-06 10:00:33 | DEBUG    | log:153 | [classify_query_intent] Ambiguous: 'Trạng thái ho so hiện tại của ...' | Scores: {'Tra cứu giao dịch theo trạng thái': 1, 'getUserProfile | Kiểm tra trạng thái hồ sơ khách hàng': 1}
2026-01-06 10:00:33 | DEBUG    | log:153 | [normalize_query] 'Hiển thị thông tin nguoi dung đăng ký....' -> 'Hiển thị thông tin nguoi dung đăng ký...'
2026-01-06 10:00:33 | DEBUG    | log:153 | [perform_hybrid_search] query_text: [Hiển thị thông tin nguoi dung đăng ký.] - formatted_query: [Hiển thị thông tin nguoi dung đăng ký] - normalized_query: [Hiển thị thông tin nguoi dung đăng ký]
2026-01-06 10:00:33 | DEBUG    | log:153 | [perform_hybrid_search] BM25 raw scores: min=0.7646, max=23.1582
2026-01-06 10:00:33 | DEBUG    | log:153 | [classify_query_intent] No keyword matches found in: 'Hiển thị thông tin nguoi dung đăng ký'
2026-01-06 10:00:33 | DEBUG    | log:153 | [normalize_query] 'Tên của tôi có bị viet sai trên hệ thống...' -> 'Tên của tôi có bị viet sai trên hệ thống...'
2026-01-06 10:00:33 | DEBUG    | log:153 | [perform_hybrid_search] query_text: [Tên của tôi có bị viet sai trên hệ thống không?] - formatted_query: [Tên của tôi có bị viet sai trên hệ thống không] - normalized_query: [Tên của tôi có bị viet sai trên hệ thống không]
2026-01-06 10:00:33 | DEBUG    | log:153 | [perform_hybrid_search] BM25 raw scores: min=0.0565, max=18.0025
2026-01-06 10:00:33 | DEBUG    | log:153 | [get_keyword_boost] Query: 'Tên của tôi có bị viet sai trê...' | Doc: Tra cứu giao dịch th | Boost: 0.25 | Matched: ['trên']
2026-01-06 10:00:33 | DEBUG    | log:153 | [get_keyword_boost] Query: 'Tên của tôi có bị viet sai trê...' | Doc: getTransactionList | | Boost: 0.25 | Matched: ['trên']
2026-01-06 10:00:33 | DEBUG    | log:153 | [classify_query_intent] Ambiguous: 'Tên của tôi có bị viet sai trê...' | Scores: {'Tra cứu giao dịch theo số tiền': 1, 'getTransactionList | Tra cứu giao dịch chờ duyệt theo số tiền hoặc hạn mức': 1}
2026-01-06 10:00:33 | DEBUG    | log:153 | [normalize_query] 'Check cho anh cái ngay sinh xem đúng chư...' -> 'Check cho anh cái ngay sinh xem đúng chư...'
2026-01-06 10:00:33 | DEBUG    | log:153 | [perform_hybrid_search] query_text: [Check cho anh cái ngay sinh xem đúng chưa.] - formatted_query: [Check cho anh cái ngay sinh xem đúng chưa] - normalized_query: [Check cho anh cái ngay sinh xem đúng chưa]
2026-01-06 10:00:33 | DEBUG    | log:153 | [perform_hybrid_search] BM25 raw scores: min=0.0000, max=12.2389
2026-01-06 10:00:33 | DEBUG    | log:153 | [get_keyword_boost] Query: 'Check cho anh cái ngay sinh xe...' | Doc: Tra cứu giao dịch ch | Boost: 0.25 | Matched: ['ck']
2026-01-06 10:00:33 | DEBUG    | log:153 | [classify_query_intent] Classified: 'Check cho anh cái ngay sinh xe...' -> Tra cứu giao dịch chuyển tiền (score=1)
2026-01-06 10:00:33 | DEBUG    | log:153 | [normalize_query] 'Tôi muốn biết mình đang để quoc tich gì....' -> 'Tôi muốn biết mình đang để quoc tich gì...'
2026-01-06 10:00:33 | DEBUG    | log:153 | [perform_hybrid_search] query_text: [Tôi muốn biết mình đang để quoc tich gì.] - formatted_query: [Tôi muốn biết mình đang để quoc tich gì] - normalized_query: [Tôi muốn biết mình đang để quoc tich gì]
2026-01-06 10:00:33 | DEBUG    | log:153 | [perform_hybrid_search] BM25 raw scores: min=0.0000, max=31.4913
2026-01-06 10:00:33 | DEBUG    | log:153 | [classify_query_intent] No keyword matches found in: 'Tôi muốn biết mình đang để quoc tich gì'
2026-01-06 10:00:33 | DEBUG    | log:153 | [normalize_query] 'Xem lại các mục thong tin cơ bản của tớ....' -> 'Xem lại các mục thong tin cơ bản của tớ...'
2026-01-06 10:00:33 | DEBUG    | log:153 | [perform_hybrid_search] query_text: [Xem lại các mục thong tin cơ bản của tớ.] - formatted_query: [Xem lại các mục thong tin cơ bản của tớ] - normalized_query: [Xem lại các mục thong tin cơ bản của tớ]
2026-01-06 10:00:33 | DEBUG    | log:153 | [perform_hybrid_search] BM25 raw scores: min=0.3147, max=31.4382
2026-01-06 10:00:33 | DEBUG    | log:153 | [classify_query_intent] No keyword matches found in: 'Xem lại các mục thong tin cơ bản của tớ'
2026-01-06 10:00:33 | DEBUG    | log:153 | [normalize_query] 'Hồ sơ của mình đang ở trạng thái active ...' -> 'Hồ sơ của mình đang ở trạng thái active ...'
2026-01-06 10:00:33 | DEBUG    | log:153 | [perform_hybrid_search] query_text: [Hồ sơ của mình đang ở trạng thái active phải không?] - formatted_query: [Hồ sơ của mình đang ở trạng thái active phải không] - normalized_query: [Hồ sơ của mình đang ở trạng thái active phải không]
2026-01-06 10:00:33 | DEBUG    | log:153 | [perform_hybrid_search] BM25 raw scores: min=0.0109, max=32.0076
2026-01-06 10:00:33 | DEBUG    | log:153 | [get_keyword_boost] Query: 'Hồ sơ của mình đang ở trạng th...' | Doc: Tra cứu giao dịch th | Boost: 0.25 | Matched: ['trạng thái']
2026-01-06 10:00:33 | DEBUG    | log:153 | [get_keyword_boost] Query: 'Hồ sơ của mình đang ở trạng th...' | Doc: getUserProfile | Kiể | Boost: 0.50 | Matched: ['trạng thái', 'active']
2026-01-06 10:00:33 | DEBUG    | log:153 | [classify_query_intent] Classified: 'Hồ sơ của mình đang ở trạng th...' -> getUserProfile | Kiểm tra trạn (score=2)
2026-01-06 10:00:33 | DEBUG    | log:153 | [normalize_query] 'Cho chị xem gioi tinh đang lưu trên app....' -> 'Cho chị xem gioi tinh đang lưu trên app...'
2026-01-06 10:00:33 | DEBUG    | log:153 | [perform_hybrid_search] query_text: [Cho chị xem gioi tinh đang lưu trên app.] - formatted_query: [Cho chị xem gioi tinh đang lưu trên app] - normalized_query: [Cho chị xem gioi tinh đang lưu trên app]
2026-01-06 10:00:34 | DEBUG    | log:153 | [perform_hybrid_search] BM25 raw scores: min=0.0000, max=21.3350
2026-01-06 10:00:34 | DEBUG    | log:153 | [get_keyword_boost] Query: 'Cho chị xem gioi tinh đang lưu...' | Doc: Tra cứu giao dịch th | Boost: 0.25 | Matched: ['trên']
2026-01-06 10:00:34 | DEBUG    | log:153 | [get_keyword_boost] Query: 'Cho chị xem gioi tinh đang lưu...' | Doc: getTransactionList | | Boost: 0.25 | Matched: ['trên']
2026-01-06 10:00:34 | DEBUG    | log:153 | [classify_query_intent] Ambiguous: 'Cho chị xem gioi tinh đang lưu...' | Scores: {'Tra cứu giao dịch theo số tiền': 1, 'getTransactionList | Tra cứu giao dịch chờ duyệt theo số tiền hoặc hạn mức': 1}
2026-01-06 10:00:34 | DEBUG    | log:153 | [normalize_query] 'Tôi muốn xác nhận danh tinh của mình....' -> 'Tôi muốn xác nhận danh tinh của mình...'
2026-01-06 10:00:34 | DEBUG    | log:153 | [perform_hybrid_search] query_text: [Tôi muốn xác nhận danh tinh của mình.] - formatted_query: [Tôi muốn xác nhận danh tinh của mình] - normalized_query: [Tôi muốn xác nhận danh tinh của mình]
2026-01-06 10:00:34 | DEBUG    | log:153 | [perform_hybrid_search] BM25 raw scores: min=0.6918, max=17.7314
2026-01-06 10:00:34 | DEBUG    | log:153 | [get_keyword_boost] Query: 'Tôi muốn xác nhận danh tinh củ...' | Doc: Tra cứu giao dịch nh | Boost: 0.25 | Matched: ['nhận']
2026-01-06 10:00:34 | DEBUG    | log:153 | [classify_query_intent] Classified: 'Tôi muốn xác nhận danh tinh củ...' -> Tra cứu giao dịch nhận tiền (score=1)
2026-01-06 10:00:34 | DEBUG    | log:153 | [normalize_query] 'Xem thông tin ca nhan trong mục hồ sơ....' -> 'Xem thông tin ca nhan trong mục hồ sơ...'
2026-01-06 10:00:34 | DEBUG    | log:153 | [perform_hybrid_search] query_text: [Xem thông tin ca nhan trong mục hồ sơ.] - formatted_query: [Xem thông tin ca nhan trong mục hồ sơ] - normalized_query: [Xem thông tin ca nhan trong mục hồ sơ]
2026-01-06 10:00:34 | DEBUG    | log:153 | [perform_hybrid_search] BM25 raw scores: min=0.3348, max=29.3724
2026-01-06 10:00:34 | DEBUG    | log:153 | [get_keyword_boost] Query: 'Xem thông tin ca nhan trong mụ...' | Doc: getTransactionList | | Boost: 0.25 | Matched: ['trong']
2026-01-06 10:00:34 | DEBUG    | log:153 | [classify_query_intent] Classified: 'Xem thông tin ca nhan trong mụ...' -> getTransactionList | Tra cứu g (score=1)
2026-01-06 10:00:34 | DEBUG    | log:153 | [normalize_query] 'Tra cứu ngày tháng nam sinh của chủ tài ...' -> 'Tra cứu ngày tháng nam sinh của chủ tài ...'
2026-01-06 10:00:34 | DEBUG    | log:153 | [perform_hybrid_search] query_text: [Tra cứu ngày tháng nam sinh của chủ tài khoản.] - formatted_query: [Tra cứu ngày tháng nam sinh của chủ tài khoản] - normalized_query: [Tra cứu ngày tháng nam sinh của chủ tài khoản]
2026-01-06 10:00:34 | DEBUG    | log:153 | [perform_hybrid_search] BM25 raw scores: min=0.2931, max=11.8471
2026-01-06 10:00:34 | DEBUG    | log:153 | [get_keyword_boost] Query: 'Tra cứu ngày tháng nam sinh củ...' | Doc: Tra cứu lịch sử giao | Boost: 0.25 | Matched: ['tài khoản']
2026-01-06 10:00:34 | DEBUG    | log:153 | [get_keyword_boost] Query: 'Tra cứu ngày tháng nam sinh củ...' | Doc: Tra cứu lịch sử giao | Boost: 0.50 | Matched: ['ngày', 'tháng']
2026-01-06 10:00:34 | DEBUG    | log:153 | [get_keyword_boost] Query: 'Tra cứu ngày tháng nam sinh củ...' | Doc: getTransactionList | | Boost: 0.25 | Matched: ['tài khoản']
2026-01-06 10:00:34 | DEBUG    | log:153 | [get_keyword_boost] Query: 'Tra cứu ngày tháng nam sinh củ...' | Doc: getTransactionList | | Boost: 0.50 | Matched: ['ngày', 'tháng']
2026-01-06 10:00:34 | DEBUG    | log:153 | [get_keyword_boost] Query: 'Tra cứu ngày tháng nam sinh củ...' | Doc: getUserProfile | Tra | Boost: 0.25 | Matched: ['nam']
2026-01-06 10:00:34 | DEBUG    | log:153 | [classify_query_intent] Ambiguous: 'Tra cứu ngày tháng nam sinh củ...' | Scores: {'Tra cứu lịch sử giao dịch theo số tài khoản': 1, 'Tra cứu lịch sử giao dịch theo khoảng thời gian': 2, 'getTransactionList | Tra cứu giao dịch chờ duyệt theo số tài khoản nguồn': 1, 'getTransactionList | Tra cứu giao dịch chờ duyệt theo khoảng thời gian': 2, 'getUserProfile | Tra cứu thông tin cá nhân cơ bản': 1}
2026-01-06 10:00:34 | DEBUG    | log:153 | [normalize_query] 'Kiểm tra lại họ tên cua toi trên databas...' -> 'Kiểm tra lại họ tên cua toi trên databas...'
2026-01-06 10:00:34 | DEBUG    | log:153 | [perform_hybrid_search] query_text: [Kiểm tra lại họ tên cua toi trên database.] - formatted_query: [Kiểm tra lại họ tên cua toi trên database] - normalized_query: [Kiểm tra lại họ tên cua toi trên database]
2026-01-06 10:00:34 | DEBUG    | log:153 | [perform_hybrid_search] BM25 raw scores: min=0.0160, max=13.5785
2026-01-06 10:00:34 | DEBUG    | log:153 | [get_keyword_boost] Query: 'Kiểm tra lại họ tên cua toi tr...' | Doc: Tra cứu giao dịch th | Boost: 0.25 | Matched: ['trên']
2026-01-06 10:00:34 | DEBUG    | log:153 | [get_keyword_boost] Query: 'Kiểm tra lại họ tên cua toi tr...' | Doc: getTransactionList | | Boost: 0.25 | Matched: ['trên']
2026-01-06 10:00:34 | DEBUG    | log:153 | [get_keyword_boost] Query: 'Kiểm tra lại họ tên cua toi tr...' | Doc: getUserProfile | Tra | Boost: 0.25 | Matched: ['họ tên']
2026-01-06 10:00:34 | DEBUG    | log:153 | [classify_query_intent] Ambiguous: 'Kiểm tra lại họ tên cua toi tr...' | Scores: {'Tra cứu giao dịch theo số tiền': 1, 'getTransactionList | Tra cứu giao dịch chờ duyệt theo số tiền hoặc hạn mức': 1, 'getUserProfile | Tra cứu thông tin cá nhân cơ bản': 1}
2026-01-06 10:00:34 | DEBUG    | log:153 | [normalize_query] 'Cho mình xem hồ sơ ca nhan một lát....' -> 'Cho mình xem hồ sơ ca nhan một lát...'
2026-01-06 10:00:34 | DEBUG    | log:153 | [perform_hybrid_search] query_text: [Cho mình xem hồ sơ ca nhan một lát.] - formatted_query: [Cho mình xem hồ sơ ca nhan một lát] - normalized_query: [Cho mình xem hồ sơ ca nhan một lát]
2026-01-06 10:00:34 | DEBUG    | log:153 | [perform_hybrid_search] BM25 raw scores: min=0.0202, max=27.0304
2026-01-06 10:00:34 | DEBUG    | log:153 | [classify_query_intent] No keyword matches found in: 'Cho mình xem hồ sơ ca nhan một lát'
2026-01-06 10:00:34 | DEBUG    | log:153 | [normalize_query] 'Hệ thống đang lưu ten mình là gì thế?...' -> 'Hệ thống đang lưu ten mình là gì thế...'
2026-01-06 10:00:34 | DEBUG    | log:153 | [perform_hybrid_search] query_text: [Hệ thống đang lưu ten mình là gì thế?] - formatted_query: [Hệ thống đang lưu ten mình là gì thế] - normalized_query: [Hệ thống đang lưu ten mình là gì thế]
2026-01-06 10:00:34 | DEBUG    | log:153 | [perform_hybrid_search] BM25 raw scores: min=0.0658, max=35.8047
2026-01-06 10:00:34 | DEBUG    | log:153 | [classify_query_intent] No keyword matches found in: 'Hệ thống đang lưu ten mình là gì thế'
2026-01-06 10:00:34 | DEBUG    | log:153 | [normalize_query] 'Ngày sinh nhật của tớ có đúng thong tin ...' -> 'Ngày sinh nhật của tớ có đúng thong tin ...'
2026-01-06 10:00:34 | DEBUG    | log:153 | [perform_hybrid_search] query_text: [Ngày sinh nhật của tớ có đúng thong tin không?] - formatted_query: [Ngày sinh nhật của tớ có đúng thong tin không] - normalized_query: [Ngày sinh nhật của tớ có đúng thong tin không]
2026-01-06 10:00:34 | DEBUG    | log:153 | [perform_hybrid_search] BM25 raw scores: min=0.1733, max=12.3031
2026-01-06 10:00:34 | DEBUG    | log:153 | [get_keyword_boost] Query: 'Ngày sinh nhật của tớ có đúng ...' | Doc: Tra cứu lịch sử giao | Boost: 0.25 | Matched: ['ngày']
2026-01-06 10:00:34 | DEBUG    | log:153 | [get_keyword_boost] Query: 'Ngày sinh nhật của tớ có đúng ...' | Doc: getTransactionList | | Boost: 0.25 | Matched: ['ngày']
2026-01-06 10:00:34 | DEBUG    | log:153 | [get_keyword_boost] Query: 'Ngày sinh nhật của tớ có đúng ...' | Doc: getUserProfile | Tra | Boost: 0.50 | Matched: ['ngày sinh', 'sinh nhật']
2026-01-06 10:00:34 | DEBUG    | log:153 | [classify_query_intent] Classified: 'Ngày sinh nhật của tớ có đúng ...' -> getUserProfile | Tra cứu thông (score=2)
2026-01-06 10:00:34 | DEBUG    | log:153 | [normalize_query] 'Xem giới tính và quoc tich của tôi....' -> 'Xem giới tính và quoc tich của tôi...'
2026-01-06 10:00:34 | DEBUG    | log:153 | [perform_hybrid_search] query_text: [Xem giới tính và quoc tich của tôi.] - formatted_query: [Xem giới tính và quoc tich của tôi] - normalized_query: [Xem giới tính và quoc tich của tôi]
2026-01-06 10:00:34 | DEBUG    | log:153 | [perform_hybrid_search] BM25 raw scores: min=0.0000, max=29.5598
2026-01-06 10:00:34 | DEBUG    | log:153 | [get_keyword_boost] Query: 'Xem giới tính và quoc tich của...' | Doc: getUserProfile | Tra | Boost: 0.25 | Matched: ['giới tính']
2026-01-06 10:00:34 | DEBUG    | log:153 | [classify_query_intent] Classified: 'Xem giới tính và quoc tich của...' -> getUserProfile | Tra cứu thông (score=1)
2026-01-06 10:00:34 | DEBUG    | log:153 | [normalize_query] 'Cho em biết thông tin dinh danh của em....' -> 'Cho em biết thông tin dinh danh của em...'
2026-01-06 10:00:34 | DEBUG    | log:153 | [perform_hybrid_search] query_text: [Cho em biết thông tin dinh danh của em.] - formatted_query: [Cho em biết thông tin dinh danh của em] - normalized_query: [Cho em biết thông tin dinh danh của em]
2026-01-06 10:00:34 | DEBUG    | log:153 | [perform_hybrid_search] BM25 raw scores: min=0.0000, max=10.7249
2026-01-06 10:00:34 | DEBUG    | log:153 | [classify_query_intent] No keyword matches found in: 'Cho em biết thông tin dinh danh của em'
2026-01-06 10:00:34 | DEBUG    | log:153 | [normalize_query] 'Tra cứu họ tên khách hàng ca nhan....' -> 'Tra cứu họ tên khách hàng ca nhan...'
2026-01-06 10:00:34 | DEBUG    | log:153 | [perform_hybrid_search] query_text: [Tra cứu họ tên khách hàng ca nhan.] - formatted_query: [Tra cứu họ tên khách hàng ca nhan] - normalized_query: [Tra cứu họ tên khách hàng ca nhan]
2026-01-06 10:00:34 | DEBUG    | log:153 | [perform_hybrid_search] BM25 raw scores: min=0.4698, max=20.5112
2026-01-06 10:00:34 | DEBUG    | log:153 | [get_keyword_boost] Query: 'Tra cứu họ tên khách hàng ca n...' | Doc: getUserProfile | Tra | Boost: 0.25 | Matched: ['họ tên']
2026-01-06 10:00:34 | DEBUG    | log:153 | [classify_query_intent] Classified: 'Tra cứu họ tên khách hàng ca n...' -> getUserProfile | Tra cứu thông (score=1)
2026-01-06 10:00:34 | DEBUG    | log:153 | [normalize_query] 'Check giúp chị xem gioi tinh là gì nhé....' -> 'Check giúp chị xem gioi tinh là gì nhé...'
2026-01-06 10:00:34 | DEBUG    | log:153 | [perform_hybrid_search] query_text: [Check giúp chị xem gioi tinh là gì nhé.] - formatted_query: [Check giúp chị xem gioi tinh là gì nhé] - normalized_query: [Check giúp chị xem gioi tinh là gì nhé]
2026-01-06 10:00:34 | DEBUG    | log:153 | [perform_hybrid_search] BM25 raw scores: min=0.0000, max=25.8559
2026-01-06 10:00:34 | DEBUG    | log:153 | [get_keyword_boost] Query: 'Check giúp chị xem gioi tinh l...' | Doc: Tra cứu giao dịch ch | Boost: 0.25 | Matched: ['ck']
2026-01-06 10:00:34 | DEBUG    | log:153 | [classify_query_intent] Classified: 'Check giúp chị xem gioi tinh l...' -> Tra cứu giao dịch chuyển tiền (score=1)
2026-01-06 10:00:34 | DEBUG    | log:153 | [normalize_query] 'Tôi muốn biết ngay sinh của mình đang lư...' -> 'Tôi muốn biết ngay sinh của mình đang lư...'
2026-01-06 10:00:34 | DEBUG    | log:153 | [perform_hybrid_search] query_text: [Tôi muốn biết ngay sinh của mình đang lưu ntn.] - formatted_query: [Tôi muốn biết ngay sinh của mình đang lưu ntn] - normalized_query: [Tôi muốn biết ngay sinh của mình đang lưu ntn]
2026-01-06 10:00:34 | DEBUG    | log:153 | [perform_hybrid_search] BM25 raw scores: min=0.0000, max=24.0545
2026-01-06 10:00:34 | DEBUG    | log:153 | [classify_query_intent] No keyword matches found in: 'Tôi muốn biết ngay sinh của mình đang lưu ntn'
2026-01-06 10:00:34 | DEBUG    | log:153 | [normalize_query] 'Hiển thị dữ liệu ca nhan cơ bản của tôi....' -> 'Hiển thị dữ liệu ca nhan cơ bản của tôi...'
2026-01-06 10:00:34 | DEBUG    | log:153 | [perform_hybrid_search] query_text: [Hiển thị dữ liệu ca nhan cơ bản của tôi.] - formatted_query: [Hiển thị dữ liệu ca nhan cơ bản của tôi] - normalized_query: [Hiển thị dữ liệu ca nhan cơ bản của tôi]
2026-01-06 10:00:34 | DEBUG    | log:153 | [perform_hybrid_search] BM25 raw scores: min=0.0504, max=37.2816
2026-01-06 10:00:34 | DEBUG    | log:153 | [classify_query_intent] No keyword matches found in: 'Hiển thị dữ liệu ca nhan cơ bản của tôi'
2026-01-06 10:00:34 | DEBUG    | log:153 | [normalize_query] 'Xem lại tên và ngay tháng năm sinh....' -> 'Xem lại tên và ngay tháng năm sinh...'
2026-01-06 10:00:34 | DEBUG    | log:153 | [perform_hybrid_search] query_text: [Xem lại tên và ngay tháng năm sinh.] - formatted_query: [Xem lại tên và ngay tháng năm sinh] - normalized_query: [Xem lại tên và ngay tháng năm sinh]
2026-01-06 10:00:34 | DEBUG    | log:153 | [perform_hybrid_search] BM25 raw scores: min=0.0000, max=28.5728
2026-01-06 10:00:34 | DEBUG    | log:153 | [get_keyword_boost] Query: 'Xem lại tên và ngay tháng năm ...' | Doc: Tra cứu lịch sử giao | Boost: 0.50 | Matched: ['tháng', 'năm']
2026-01-06 10:00:34 | DEBUG    | log:153 | [get_keyword_boost] Query: 'Xem lại tên và ngay tháng năm ...' | Doc: getTransactionList | | Boost: 0.50 | Matched: ['tháng', 'năm']
2026-01-06 10:00:34 | DEBUG    | log:153 | [classify_query_intent] Ambiguous: 'Xem lại tên và ngay tháng năm ...' | Scores: {'Tra cứu lịch sử giao dịch theo khoảng thời gian': 2, 'getTransactionList | Tra cứu giao dịch chờ duyệt theo khoảng thời gian': 2}
2026-01-06 10:00:34 | DEBUG    | log:153 | [normalize_query] 'Thông tin hồ sơ cua minh đang như thế nà...' -> 'Thông tin hồ sơ cua minh đang như thế nà...'
2026-01-06 10:00:34 | DEBUG    | log:153 | [perform_hybrid_search] query_text: [Thông tin hồ sơ cua minh đang như thế nào?] - formatted_query: [Thông tin hồ sơ cua minh đang như thế nào] - normalized_query: [Thông tin hồ sơ cua minh đang như thế nào]
2026-01-06 10:00:34 | DEBUG    | log:153 | [perform_hybrid_search] BM25 raw scores: min=0.3348, max=37.3682
2026-01-06 10:00:34 | DEBUG    | log:153 | [classify_query_intent] No keyword matches found in: 'Thông tin hồ sơ cua minh đang như thế nào'
2026-01-06 10:00:34 | DEBUG    | log:153 | [normalize_query] 'Quốc tịch của tôi là Viet Nam đúng không...' -> 'Quốc tịch của tôi là viet nam đúng không...'
2026-01-06 10:00:34 | DEBUG    | log:153 | [perform_hybrid_search] query_text: [Quốc tịch của tôi là Viet Nam đúng không?] - formatted_query: [Quốc tịch của tôi là viet nam đúng không] - normalized_query: [Quốc tịch của tôi là viet nam đúng không]
2026-01-06 10:00:34 | DEBUG    | log:153 | [perform_hybrid_search] BM25 raw scores: min=0.0000, max=15.5771
2026-01-06 10:00:34 | DEBUG    | log:153 | [get_keyword_boost] Query: 'Quốc tịch của tôi là viet nam ...' | Doc: getUserProfile | Tra | Boost: 0.50 | Matched: ['nam', 'quốc tịch']
2026-01-06 10:00:34 | DEBUG    | log:153 | [classify_query_intent] Classified: 'Quốc tịch của tôi là viet nam ...' -> getUserProfile | Tra cứu thông (score=2)
2026-01-06 10:00:34 | DEBUG    | log:153 | [normalize_query] 'Kiểm tra thông tin khach hang cơ bản....' -> 'Kiểm tra thông tin khach hang cơ bản...'
2026-01-06 10:00:34 | DEBUG    | log:153 | [perform_hybrid_search] query_text: [Kiểm tra thông tin khach hang cơ bản.] - formatted_query: [Kiểm tra thông tin khach hang cơ bản] - normalized_query: [Kiểm tra thông tin khach hang cơ bản]
2026-01-06 10:00:34 | DEBUG    | log:153 | [perform_hybrid_search] BM25 raw scores: min=0.2456, max=37.1990
2026-01-06 10:00:34 | DEBUG    | log:153 | [classify_query_intent] No keyword matches found in: 'Kiểm tra thông tin khach hang cơ bản'
2026-01-06 10:00:34 | DEBUG    | log:153 | [normalize_query] 'Cho mình xem tt cn của mình nhé....' -> 'Cho mình xem tt cn của mình nhé...'
2026-01-06 10:00:34 | DEBUG    | log:153 | [perform_hybrid_search] query_text: [Cho mình xem tt cn của mình nhé.] - formatted_query: [Cho mình xem tt cn của mình nhé] - normalized_query: [Cho mình xem tt cn của mình nhé]
2026-01-06 10:00:34 | DEBUG    | log:153 | [perform_hybrid_search] BM25 raw scores: min=0.0000, max=8.0352
2026-01-06 10:00:34 | DEBUG    | log:153 | [classify_query_intent] No keyword matches found in: 'Cho mình xem tt cn của mình nhé'
2026-01-06 10:00:34 | DEBUG    | log:153 | [normalize_query] 'Bạn có thể kt ns của tôi được không?...' -> 'Bạn có thể kt ns của tôi được không...'
2026-01-06 10:00:34 | DEBUG    | log:153 | [perform_hybrid_search] query_text: [Bạn có thể kt ns của tôi được không?] - formatted_query: [Bạn có thể kt ns của tôi được không] - normalized_query: [Bạn có thể kt ns của tôi được không]
2026-01-06 10:00:34 | DEBUG    | log:153 | [perform_hybrid_search] BM25 raw scores: min=0.0000, max=7.8292
2026-01-06 10:00:34 | DEBUG    | log:153 | [classify_query_intent] No keyword matches found in: 'Bạn có thể kt ns của tôi được không'
2026-01-06 10:00:34 | DEBUG    | log:153 | [normalize_query] 'Tôi muốn xn q tịch trong hồ sơ....' -> 'Tôi muốn xn q tịch trong hồ sơ...'
2026-01-06 10:00:34 | DEBUG    | log:153 | [perform_hybrid_search] query_text: [Tôi muốn xn q tịch trong hồ sơ.] - formatted_query: [Tôi muốn xn q tịch trong hồ sơ] - normalized_query: [Tôi muốn xn q tịch trong hồ sơ]
2026-01-06 10:00:34 | DEBUG    | log:153 | [perform_hybrid_search] BM25 raw scores: min=0.0111, max=16.3407
2026-01-06 10:00:34 | DEBUG    | log:153 | [get_keyword_boost] Query: 'Tôi muốn xn q tịch trong hồ sơ...' | Doc: getTransactionList | | Boost: 0.25 | Matched: ['trong']
2026-01-06 10:00:34 | DEBUG    | log:153 | [classify_query_intent] Classified: 'Tôi muốn xn q tịch trong hồ sơ...' -> getTransactionList | Tra cứu g (score=1)
2026-01-06 10:00:34 | DEBUG    | log:153 | [normalize_query] 'Vui lòng hiển thị tt đk của khách hàng....' -> 'Vui lòng hiển thị tt đk của khách hàng...'
2026-01-06 10:00:34 | DEBUG    | log:153 | [perform_hybrid_search] query_text: [Vui lòng hiển thị tt đk của khách hàng.] - formatted_query: [Vui lòng hiển thị tt đk của khách hàng] - normalized_query: [Vui lòng hiển thị tt đk của khách hàng]
2026-01-06 10:00:34 | DEBUG    | log:153 | [perform_hybrid_search] BM25 raw scores: min=0.0000, max=11.5584
2026-01-06 10:00:34 | DEBUG    | log:153 | [classify_query_intent] No keyword matches found in: 'Vui lòng hiển thị tt đk của khách hàng'
2026-01-06 10:00:34 | DEBUG    | log:153 | [normalize_query] 'Cho anh xem hs cn trên hệ thống....' -> 'Cho anh xem hs cn trên hệ thống...'
2026-01-06 10:00:34 | DEBUG    | log:153 | [perform_hybrid_search] query_text: [Cho anh xem hs cn trên hệ thống.] - formatted_query: [Cho anh xem hs cn trên hệ thống] - normalized_query: [Cho anh xem hs cn trên hệ thống]
2026-01-06 10:00:34 | DEBUG    | log:153 | [perform_hybrid_search] BM25 raw scores: min=0.1049, max=13.3388
2026-01-06 10:00:34 | DEBUG    | log:153 | [get_keyword_boost] Query: 'Cho anh xem hs cn trên hệ thốn...' | Doc: Tra cứu giao dịch th | Boost: 0.25 | Matched: ['trên']
2026-01-06 10:00:34 | DEBUG    | log:153 | [get_keyword_boost] Query: 'Cho anh xem hs cn trên hệ thốn...' | Doc: getTransactionList | | Boost: 0.25 | Matched: ['trên']
2026-01-06 10:00:34 | DEBUG    | log:153 | [classify_query_intent] Ambiguous: 'Cho anh xem hs cn trên hệ thốn...' | Scores: {'Tra cứu giao dịch theo số tiền': 1, 'getTransactionList | Tra cứu giao dịch chờ duyệt theo số tiền hoặc hạn mức': 1}
2026-01-06 10:00:34 | DEBUG    | log:153 | [normalize_query] 'Em ơi kt g tính của khách hàng giúp anh....' -> 'Em ơi kt g tính của khách hàng giúp anh...'
2026-01-06 10:00:34 | DEBUG    | log:153 | [perform_hybrid_search] query_text: [Em ơi kt g tính của khách hàng giúp anh.] - formatted_query: [Em ơi kt g tính của khách hàng giúp anh] - normalized_query: [Em ơi kt g tính của khách hàng giúp anh]
2026-01-06 10:00:34 | DEBUG    | log:153 | [perform_hybrid_search] BM25 raw scores: min=0.0000, max=10.3390
2026-01-06 10:00:34 | DEBUG    | log:153 | [classify_query_intent] No keyword matches found in: 'Em ơi kt g tính của khách hàng giúp anh'
2026-01-06 10:00:34 | DEBUG    | log:153 | [normalize_query] 'Hồ sơ cn của tôi trên ht đang là gì?...' -> 'Hồ sơ cn của tôi trên ht đang là gì...'
2026-01-06 10:00:34 | DEBUG    | log:153 | [perform_hybrid_search] query_text: [Hồ sơ cn của tôi trên ht đang là gì?] - formatted_query: [Hồ sơ cn của tôi trên ht đang là gì] - normalized_query: [Hồ sơ cn của tôi trên ht đang là gì]
2026-01-06 10:00:34 | DEBUG    | log:153 | [perform_hybrid_search] BM25 raw scores: min=0.0109, max=21.2927
2026-01-06 10:00:34 | DEBUG    | log:153 | [get_keyword_boost] Query: 'Hồ sơ cn của tôi trên ht đang ...' | Doc: Tra cứu giao dịch th | Boost: 0.25 | Matched: ['trên']
2026-01-06 10:00:34 | DEBUG    | log:153 | [get_keyword_boost] Query: 'Hồ sơ cn của tôi trên ht đang ...' | Doc: getTransactionList | | Boost: 0.25 | Matched: ['trên']
2026-01-06 10:00:34 | DEBUG    | log:153 | [classify_query_intent] Ambiguous: 'Hồ sơ cn của tôi trên ht đang ...' | Scores: {'Tra cứu giao dịch theo số tiền': 1, 'getTransactionList | Tra cứu giao dịch chờ duyệt theo số tiền hoặc hạn mức': 1}
2026-01-06 10:00:34 | DEBUG    | log:153 | [normalize_query] 'Cho tôi xem ns và q tịch của mình....' -> 'Cho tôi xem ns và q tịch của mình...'
2026-01-06 10:00:34 | DEBUG    | log:153 | [perform_hybrid_search] query_text: [Cho tôi xem ns và q tịch của mình.] - formatted_query: [Cho tôi xem ns và q tịch của mình] - normalized_query: [Cho tôi xem ns và q tịch của mình]
2026-01-06 10:00:34 | DEBUG    | log:153 | [perform_hybrid_search] BM25 raw scores: min=0.0000, max=11.6963
2026-01-06 10:00:34 | DEBUG    | log:153 | [classify_query_intent] No keyword matches found in: 'Cho tôi xem ns và q tịch của mình'
2026-01-06 10:00:34 | DEBUG    | log:153 | [normalize_query] 'Tôi muốn kt lại tt hs....' -> 'Tôi muốn kt lại tt hs...'
2026-01-06 10:00:34 | DEBUG    | log:153 | [perform_hybrid_search] query_text: [Tôi muốn kt lại tt hs.] - formatted_query: [Tôi muốn kt lại tt hs] - normalized_query: [Tôi muốn kt lại tt hs]
2026-01-06 10:00:34 | DEBUG    | log:153 | [perform_hybrid_search] BM25 raw scores: min=0.0000, max=3.6611
2026-01-06 10:00:34 | DEBUG    | log:153 | [classify_query_intent] No keyword matches found in: 'Tôi muốn kt lại tt hs'
2026-01-06 10:00:34 | DEBUG    | log:153 | [normalize_query] 'Vui lòng xn tt cn của khách....' -> 'Vui lòng xn tt cn của khách...'
2026-01-06 10:00:34 | DEBUG    | log:153 | [perform_hybrid_search] query_text: [Vui lòng xn tt cn của khách.] - formatted_query: [Vui lòng xn tt cn của khách] - normalized_query: [Vui lòng xn tt cn của khách]
2026-01-06 10:00:34 | DEBUG    | log:153 | [perform_hybrid_search] BM25 raw scores: min=0.0000, max=3.0316
2026-01-06 10:00:34 | DEBUG    | log:153 | [classify_query_intent] No keyword matches found in: 'Vui lòng xn tt cn của khách'
2026-01-06 10:00:34 | DEBUG    | log:153 | [normalize_query] 'Họ tên và ns của tôi là gì?...' -> 'Họ tên và ns của tôi là gì...'
2026-01-06 10:00:34 | DEBUG    | log:153 | [perform_hybrid_search] query_text: [Họ tên và ns của tôi là gì?] - formatted_query: [Họ tên và ns của tôi là gì] - normalized_query: [Họ tên và ns của tôi là gì]
2026-01-06 10:00:34 | DEBUG    | log:153 | [perform_hybrid_search] BM25 raw scores: min=0.0000, max=15.1506
2026-01-06 10:00:34 | DEBUG    | log:153 | [get_keyword_boost] Query: 'Họ tên và ns của tôi là gì...' | Doc: getUserProfile | Tra | Boost: 0.25 | Matched: ['họ tên']
2026-01-06 10:00:34 | DEBUG    | log:153 | [classify_query_intent] Classified: 'Họ tên và ns của tôi là gì...' -> getUserProfile | Tra cứu thông (score=1)
2026-01-06 10:00:34 | DEBUG    | log:153 | [normalize_query] 'Cho mình xem q tịch đã đk....' -> 'Cho mình xem q tịch đã đk...'
2026-01-06 10:00:34 | DEBUG    | log:153 | [perform_hybrid_search] query_text: [Cho mình xem q tịch đã đk.] - formatted_query: [Cho mình xem q tịch đã đk] - normalized_query: [Cho mình xem q tịch đã đk]
2026-01-06 10:00:34 | DEBUG    | log:153 | [perform_hybrid_search] BM25 raw scores: min=0.0000, max=11.6963
2026-01-06 10:00:34 | DEBUG    | log:153 | [classify_query_intent] No keyword matches found in: 'Cho mình xem q tịch đã đk'
2026-01-06 10:00:34 | DEBUG    | log:153 | [normalize_query] 'Bạn kt g tính của mình xem đúng không....' -> 'Bạn kt g tính của mình xem đúng không...'
2026-01-06 10:00:34 | DEBUG    | log:153 | [perform_hybrid_search] query_text: [Bạn kt g tính của mình xem đúng không.] - formatted_query: [Bạn kt g tính của mình xem đúng không] - normalized_query: [Bạn kt g tính của mình xem đúng không]
2026-01-06 10:00:34 | DEBUG    | log:153 | [perform_hybrid_search] BM25 raw scores: min=0.0000, max=11.9508
2026-01-06 10:00:34 | DEBUG    | log:153 | [classify_query_intent] No keyword matches found in: 'Bạn kt g tính của mình xem đúng không'
2026-01-06 10:00:34 | DEBUG    | log:153 | [normalize_query] 'Tôi muốn xem hs của tôi trên ht....' -> 'Tôi muốn xem hs của tôi trên ht...'
2026-01-06 10:00:34 | DEBUG    | log:153 | [perform_hybrid_search] query_text: [Tôi muốn xem hs của tôi trên ht.] - formatted_query: [Tôi muốn xem hs của tôi trên ht] - normalized_query: [Tôi muốn xem hs của tôi trên ht]
2026-01-06 10:00:34 | DEBUG    | log:153 | [perform_hybrid_search] BM25 raw scores: min=0.0000, max=11.5103
2026-01-06 10:00:34 | DEBUG    | log:153 | [get_keyword_boost] Query: 'Tôi muốn xem hs của tôi trên h...' | Doc: Tra cứu giao dịch th | Boost: 0.25 | Matched: ['trên']
2026-01-06 10:00:34 | DEBUG    | log:153 | [get_keyword_boost] Query: 'Tôi muốn xem hs của tôi trên h...' | Doc: getTransactionList | | Boost: 0.25 | Matched: ['trên']
2026-01-06 10:00:34 | DEBUG    | log:153 | [classify_query_intent] Ambiguous: 'Tôi muốn xem hs của tôi trên h...' | Scores: {'Tra cứu giao dịch theo số tiền': 1, 'getTransactionList | Tra cứu giao dịch chờ duyệt theo số tiền hoặc hạn mức': 1}
2026-01-06 10:00:34 | DEBUG    | log:153 | [normalize_query] 'Cho anh coi tt kh cơ bản....' -> 'Cho anh coi tt kh cơ bản...'
2026-01-06 10:00:34 | DEBUG    | log:153 | [perform_hybrid_search] query_text: [Cho anh coi tt kh cơ bản.] - formatted_query: [Cho anh coi tt kh cơ bản] - normalized_query: [Cho anh coi tt kh cơ bản]
2026-01-06 10:00:34 | DEBUG    | log:153 | [perform_hybrid_search] BM25 raw scores: min=0.0000, max=16.9176
2026-01-06 10:00:34 | DEBUG    | log:153 | [classify_query_intent] No keyword matches found in: 'Cho anh coi tt kh cơ bản'
2026-01-06 10:00:34 | DEBUG    | log:153 | [normalize_query] 'Em ơi xn ns giúp chị....' -> 'Em ơi xn ns giúp chị...'
2026-01-06 10:00:34 | DEBUG    | log:153 | [perform_hybrid_search] query_text: [Em ơi xn ns giúp chị.] - formatted_query: [Em ơi xn ns giúp chị] - normalized_query: [Em ơi xn ns giúp chị]
2026-01-06 10:00:35 | DEBUG    | log:153 | [perform_hybrid_search] BM25 raw scores: min=0.0000, max=0.0000
2026-01-06 10:00:35 | DEBUG    | log:153 | [classify_query_intent] No keyword matches found in: 'Em ơi xn ns giúp chị'
2026-01-06 10:00:35 | DEBUG    | log:153 | [normalize_query] 'Hồ sơ cn của em có đang hoạt động không?...' -> 'Hồ sơ cn của em có đang hoạt động không...'
2026-01-06 10:00:35 | DEBUG    | log:153 | [perform_hybrid_search] query_text: [Hồ sơ cn của em có đang hoạt động không?] - formatted_query: [Hồ sơ cn của em có đang hoạt động không] - normalized_query: [Hồ sơ cn của em có đang hoạt động không]
2026-01-06 10:00:35 | DEBUG    | log:153 | [perform_hybrid_search] BM25 raw scores: min=0.0109, max=27.5516
2026-01-06 10:00:35 | DEBUG    | log:153 | [get_keyword_boost] Query: 'Hồ sơ cn của em có đang hoạt đ...' | Doc: getUserProfile | Kiể | Boost: 0.25 | Matched: ['hoạt động']
2026-01-06 10:00:35 | DEBUG    | log:153 | [classify_query_intent] Classified: 'Hồ sơ cn của em có đang hoạt đ...' -> getUserProfile | Kiểm tra trạn (score=1)
2026-01-06 10:00:35 | DEBUG    | log:153 | [normalize_query] 'Vui lòng kt q tịch của người dùng....' -> 'Vui lòng kt q tịch của người dùng...'
2026-01-06 10:00:35 | DEBUG    | log:153 | [perform_hybrid_search] query_text: [Vui lòng kt q tịch của người dùng.] - formatted_query: [Vui lòng kt q tịch của người dùng] - normalized_query: [Vui lòng kt q tịch của người dùng]
2026-01-06 10:00:35 | DEBUG    | log:153 | [perform_hybrid_search] BM25 raw scores: min=0.0085, max=6.4042
2026-01-06 10:00:35 | DEBUG    | log:153 | [get_keyword_boost] Query: 'Vui lòng kt q tịch của người d...' | Doc: getUserProfile | Tra | Boost: 0.25 | Matched: ['người dùng']
2026-01-06 10:00:35 | DEBUG    | log:153 | [classify_query_intent] Classified: 'Vui lòng kt q tịch của người d...' -> getUserProfile | Tra cứu thông (score=1)
2026-01-06 10:00:35 | DEBUG    | log:153 | [normalize_query] 'Cho tôi biết tt cn hiện tại....' -> 'Cho tôi biết tt cn hiện tại...'
2026-01-06 10:00:35 | DEBUG    | log:153 | [perform_hybrid_search] query_text: [Cho tôi biết tt cn hiện tại.] - formatted_query: [Cho tôi biết tt cn hiện tại] - normalized_query: [Cho tôi biết tt cn hiện tại]
2026-01-06 10:00:35 | DEBUG    | log:153 | [perform_hybrid_search] BM25 raw scores: min=0.0000, max=4.9071
2026-01-06 10:00:35 | DEBUG    | log:153 | [classify_query_intent] No keyword matches found in: 'Cho tôi biết tt cn hiện tại'
2026-01-06 10:00:35 | DEBUG    | log:153 | [normalize_query] 'Hệ thống ghi nhận g tính của tôi là gì?...' -> 'Hệ thống ghi nhận g tính của tôi là gì...'
2026-01-06 10:00:35 | DEBUG    | log:153 | [perform_hybrid_search] query_text: [Hệ thống ghi nhận g tính của tôi là gì?] - formatted_query: [Hệ thống ghi nhận g tính của tôi là gì] - normalized_query: [Hệ thống ghi nhận g tính của tôi là gì]
2026-01-06 10:00:35 | DEBUG    | log:153 | [perform_hybrid_search] BM25 raw scores: min=0.0441, max=25.1673
2026-01-06 10:00:35 | DEBUG    | log:153 | [get_keyword_boost] Query: 'Hệ thống ghi nhận g tính của t...' | Doc: Tra cứu giao dịch nh | Boost: 0.25 | Matched: ['nhận']
2026-01-06 10:00:35 | DEBUG    | log:153 | [classify_query_intent] Classified: 'Hệ thống ghi nhận g tính của t...' -> Tra cứu giao dịch nhận tiền (score=1)
2026-01-06 10:00:35 | DEBUG    | log:153 | [normalize_query] 'Tôi muốn xn hs cá nhân....' -> 'Tôi muốn xn hs cá nhân...'
2026-01-06 10:00:35 | DEBUG    | log:153 | [perform_hybrid_search] query_text: [Tôi muốn xn hs cá nhân.] - formatted_query: [Tôi muốn xn hs cá nhân] - normalized_query: [Tôi muốn xn hs cá nhân]
2026-01-06 10:00:35 | DEBUG    | log:153 | [perform_hybrid_search] BM25 raw scores: min=0.0000, max=21.7527
2026-01-06 10:00:35 | DEBUG    | log:153 | [classify_query_intent] No keyword matches found in: 'Tôi muốn xn hs cá nhân'
2026-01-06 10:00:35 | DEBUG    | log:153 | [normalize_query] 'Cho mình kt tt đk ban đầu....' -> 'Cho mình kt tt đk ban đầu...'
2026-01-06 10:00:35 | DEBUG    | log:153 | [perform_hybrid_search] query_text: [Cho mình kt tt đk ban đầu.] - formatted_query: [Cho mình kt tt đk ban đầu] - normalized_query: [Cho mình kt tt đk ban đầu]
2026-01-06 10:00:35 | DEBUG    | log:153 | [perform_hybrid_search] BM25 raw scores: min=0.0000, max=6.8847
2026-01-06 10:00:35 | DEBUG    | log:153 | [classify_query_intent] No keyword matches found in: 'Cho mình kt tt đk ban đầu'
2026-01-06 10:00:35 | DEBUG    | log:153 | [normalize_query] 'Bạn show hs của kh này đi....' -> 'Bạn show hs của kh này đi...'
2026-01-06 10:00:35 | DEBUG    | log:153 | [perform_hybrid_search] query_text: [Bạn show hs của kh này đi.] - formatted_query: [Bạn show hs của kh này đi] - normalized_query: [Bạn show hs của kh này đi]
2026-01-06 10:00:35 | DEBUG    | log:153 | [perform_hybrid_search] BM25 raw scores: min=0.0000, max=0.7482
2026-01-06 10:00:35 | DEBUG    | log:153 | [classify_query_intent] No keyword matches found in: 'Bạn show hs của kh này đi'
2026-01-06 10:00:35 | DEBUG    | log:153 | [normalize_query] 'Tôi cần xn lại ns của mình....' -> 'Tôi cần xn lại ns của mình...'
2026-01-06 10:00:35 | DEBUG    | log:153 | [perform_hybrid_search] query_text: [Tôi cần xn lại ns của mình.] - formatted_query: [Tôi cần xn lại ns của mình] - normalized_query: [Tôi cần xn lại ns của mình]
2026-01-06 10:00:35 | DEBUG    | log:153 | [perform_hybrid_search] BM25 raw scores: min=0.0000, max=6.1442
2026-01-06 10:00:35 | DEBUG    | log:153 | [classify_query_intent] No keyword matches found in: 'Tôi cần xn lại ns của mình'
2026-01-06 10:00:35 | DEBUG    | log:153 | [normalize_query] 'Vui lòng kt hs cn trên máy....' -> 'Vui lòng kt hs cn trên máy...'
2026-01-06 10:00:35 | DEBUG    | log:153 | [perform_hybrid_search] query_text: [Vui lòng kt hs cn trên máy.] - formatted_query: [Vui lòng kt hs cn trên máy] - normalized_query: [Vui lòng kt hs cn trên máy]
2026-01-06 10:00:35 | DEBUG    | log:153 | [perform_hybrid_search] BM25 raw scores: min=0.0000, max=5.5529
2026-01-06 10:00:35 | DEBUG    | log:153 | [get_keyword_boost] Query: 'Vui lòng kt hs cn trên máy...' | Doc: Tra cứu giao dịch th | Boost: 0.25 | Matched: ['trên']
2026-01-06 10:00:35 | DEBUG    | log:153 | [get_keyword_boost] Query: 'Vui lòng kt hs cn trên máy...' | Doc: getTransactionList | | Boost: 0.25 | Matched: ['trên']
2026-01-06 10:00:35 | DEBUG    | log:153 | [classify_query_intent] Ambiguous: 'Vui lòng kt hs cn trên máy...' | Scores: {'Tra cứu giao dịch theo số tiền': 1, 'getTransactionList | Tra cứu giao dịch chờ duyệt theo số tiền hoặc hạn mức': 1}
2026-01-06 10:00:35 | DEBUG    | log:153 | [normalize_query] 'Cho chị xem tt q tịch của chị....' -> 'Cho chị xem tt q tịch của chị...'
2026-01-06 10:00:35 | DEBUG    | log:153 | [perform_hybrid_search] query_text: [Cho chị xem tt q tịch của chị.] - formatted_query: [Cho chị xem tt q tịch của chị] - normalized_query: [Cho chị xem tt q tịch của chị]
2026-01-06 10:00:35 | DEBUG    | log:153 | [perform_hybrid_search] BM25 raw scores: min=0.0000, max=8.7595
2026-01-06 10:00:35 | DEBUG    | log:153 | [classify_query_intent] No keyword matches found in: 'Cho chị xem tt q tịch của chị'
2026-01-06 10:00:35 | DEBUG    | log:153 | [normalize_query] 'Hệ thống có lưu g tính của kh không?...' -> 'Hệ thống có lưu g tính của kh không...'
2026-01-06 10:00:35 | DEBUG    | log:153 | [perform_hybrid_search] query_text: [Hệ thống có lưu g tính của kh không?] - formatted_query: [Hệ thống có lưu g tính của kh không] - normalized_query: [Hệ thống có lưu g tính của kh không]
2026-01-06 10:00:35 | DEBUG    | log:153 | [perform_hybrid_search] BM25 raw scores: min=0.0565, max=17.5258
2026-01-06 10:00:35 | DEBUG    | log:153 | [classify_query_intent] No keyword matches found in: 'Hệ thống có lưu g tính của kh không'
2026-01-06 10:00:35 | DEBUG    | log:153 | [normalize_query] 'Tôi muốn kt ns trong ht....' -> 'Tôi muốn kt ns trong ht...'
2026-01-06 10:00:35 | DEBUG    | log:153 | [perform_hybrid_search] query_text: [Tôi muốn kt ns trong ht.] - formatted_query: [Tôi muốn kt ns trong ht] - normalized_query: [Tôi muốn kt ns trong ht]
2026-01-06 10:00:35 | DEBUG    | log:153 | [perform_hybrid_search] BM25 raw scores: min=0.0000, max=3.6611
2026-01-06 10:00:35 | DEBUG    | log:153 | [get_keyword_boost] Query: 'Tôi muốn kt ns trong ht...' | Doc: getTransactionList | | Boost: 0.25 | Matched: ['trong']
2026-01-06 10:00:35 | DEBUG    | log:153 | [classify_query_intent] Classified: 'Tôi muốn kt ns trong ht...' -> getTransactionList | Tra cứu g (score=1)
2026-01-06 10:00:35 | DEBUG    | log:153 | [normalize_query] 'Cho em xem tt cn của anh....' -> 'Cho em xem tt cn của anh...'
2026-01-06 10:00:35 | DEBUG    | log:153 | [perform_hybrid_search] query_text: [Cho em xem tt cn của anh.] - formatted_query: [Cho em xem tt cn của anh] - normalized_query: [Cho em xem tt cn của anh]
2026-01-06 10:00:35 | DEBUG    | log:153 | [perform_hybrid_search] BM25 raw scores: min=0.0000, max=5.0984
2026-01-06 10:00:35 | DEBUG    | log:153 | [classify_query_intent] No keyword matches found in: 'Cho em xem tt cn của anh'
2026-01-06 10:00:35 | DEBUG    | log:153 | [normalize_query] 'Bạn xn q tịch của tôi giúp nhé....' -> 'Bạn xn q tịch của tôi giúp nhé...'
2026-01-06 10:00:35 | DEBUG    | log:153 | [perform_hybrid_search] query_text: [Bạn xn q tịch của tôi giúp nhé.] - formatted_query: [Bạn xn q tịch của tôi giúp nhé] - normalized_query: [Bạn xn q tịch của tôi giúp nhé]
2026-01-06 10:00:35 | DEBUG    | log:153 | [perform_hybrid_search] BM25 raw scores: min=0.0000, max=3.6611
2026-01-06 10:00:35 | DEBUG    | log:153 | [classify_query_intent] No keyword matches found in: 'Bạn xn q tịch của tôi giúp nhé'
2026-01-06 10:00:35 | DEBUG    | log:153 | [normalize_query] 'Tôi muốn xem hs kh cơ bản....' -> 'Tôi muốn xem hs kh cơ bản...'
2026-01-06 10:00:35 | DEBUG    | log:153 | [perform_hybrid_search] query_text: [Tôi muốn xem hs kh cơ bản.] - formatted_query: [Tôi muốn xem hs kh cơ bản] - normalized_query: [Tôi muốn xem hs kh cơ bản]
2026-01-06 10:00:35 | DEBUG    | log:153 | [perform_hybrid_search] BM25 raw scores: min=0.0000, max=27.5200
2026-01-06 10:00:35 | DEBUG    | log:153 | [classify_query_intent] No keyword matches found in: 'Tôi muốn xem hs kh cơ bản'
2026-01-06 10:00:35 | DEBUG    | log:153 | [normalize_query] 'Vui lòng kt tt ns của tôi....' -> 'Vui lòng kt tt ns của tôi...'
2026-01-06 10:00:35 | DEBUG    | log:153 | [perform_hybrid_search] query_text: [Vui lòng kt tt ns của tôi.] - formatted_query: [Vui lòng kt tt ns của tôi] - normalized_query: [Vui lòng kt tt ns của tôi]
2026-01-06 10:00:35 | DEBUG    | log:153 | [perform_hybrid_search] BM25 raw scores: min=0.0000, max=2.0407
2026-01-06 10:00:35 | DEBUG    | log:153 | [classify_query_intent] No keyword matches found in: 'Vui lòng kt tt ns của tôi'
2026-01-06 10:00:35 | DEBUG    | log:153 | [normalize_query] 'Cho mình biết g tính trong hs....' -> 'Cho mình biết g tính trong hs...'
2026-01-06 10:00:35 | DEBUG    | log:153 | [perform_hybrid_search] query_text: [Cho mình biết g tính trong hs.] - formatted_query: [Cho mình biết g tính trong hs] - normalized_query: [Cho mình biết g tính trong hs]
2026-01-06 10:00:35 | DEBUG    | log:153 | [perform_hybrid_search] BM25 raw scores: min=0.0000, max=7.9493
2026-01-06 10:00:35 | DEBUG    | log:153 | [get_keyword_boost] Query: 'Cho mình biết g tính trong hs...' | Doc: getTransactionList | | Boost: 0.25 | Matched: ['trong']
2026-01-06 10:00:35 | DEBUG    | log:153 | [classify_query_intent] Classified: 'Cho mình biết g tính trong hs...' -> getTransactionList | Tra cứu g (score=1)
2026-01-06 10:00:35 | DEBUG    | log:153 | [normalize_query] 'Hồ sơ cn của tui có đúng không?...' -> 'Hồ sơ cn của tui có đúng không...'
2026-01-06 10:00:35 | DEBUG    | log:153 | [perform_hybrid_search] query_text: [Hồ sơ cn của tui có đúng không?] - formatted_query: [Hồ sơ cn của tui có đúng không] - normalized_query: [Hồ sơ cn của tui có đúng không]
2026-01-06 10:00:35 | DEBUG    | log:153 | [perform_hybrid_search] BM25 raw scores: min=0.0109, max=19.2429
2026-01-06 10:00:35 | DEBUG    | log:153 | [classify_query_intent] No keyword matches found in: 'Hồ sơ cn của tui có đúng không'
2026-01-06 10:00:35 | DEBUG    | log:153 | [normalize_query] 'Tôi muốn xn tt người dùng....' -> 'Tôi muốn xn tt người dùng...'
2026-01-06 10:00:35 | DEBUG    | log:153 | [perform_hybrid_search] query_text: [Tôi muốn xn tt người dùng.] - formatted_query: [Tôi muốn xn tt người dùng] - normalized_query: [Tôi muốn xn tt người dùng]
2026-01-06 10:00:35 | DEBUG    | log:153 | [perform_hybrid_search] BM25 raw scores: min=0.0104, max=4.5613
2026-01-06 10:00:35 | DEBUG    | log:153 | [get_keyword_boost] Query: 'Tôi muốn xn tt người dùng...' | Doc: getUserProfile | Tra | Boost: 0.25 | Matched: ['người dùng']
2026-01-06 10:00:35 | DEBUG    | log:153 | [classify_query_intent] Classified: 'Tôi muốn xn tt người dùng...' -> getUserProfile | Tra cứu thông (score=1)
2026-01-06 10:00:35 | DEBUG    | log:153 | [normalize_query] 'Cho anh coi q tịch trên ht....' -> 'Cho anh coi q tịch trên ht...'
2026-01-06 10:00:35 | DEBUG    | log:153 | [perform_hybrid_search] query_text: [Cho anh coi q tịch trên ht.] - formatted_query: [Cho anh coi q tịch trên ht] - normalized_query: [Cho anh coi q tịch trên ht]
2026-01-06 10:00:35 | DEBUG    | log:153 | [perform_hybrid_search] BM25 raw scores: min=0.0000, max=4.5691
2026-01-06 10:00:35 | DEBUG    | log:153 | [get_keyword_boost] Query: 'Cho anh coi q tịch trên ht...' | Doc: Tra cứu giao dịch th | Boost: 0.25 | Matched: ['trên']
2026-01-06 10:00:35 | DEBUG    | log:153 | [get_keyword_boost] Query: 'Cho anh coi q tịch trên ht...' | Doc: getTransactionList | | Boost: 0.25 | Matched: ['trên']
2026-01-06 10:00:35 | DEBUG    | log:153 | [classify_query_intent] Ambiguous: 'Cho anh coi q tịch trên ht...' | Scores: {'Tra cứu giao dịch theo số tiền': 1, 'getTransactionList | Tra cứu giao dịch chờ duyệt theo số tiền hoặc hạn mức': 1}
2026-01-06 10:00:35 | DEBUG    | log:153 | [normalize_query] 'Em ơi kt ns của kh này....' -> 'Em ơi kt ns của kh này...'
2026-01-06 10:00:35 | DEBUG    | log:153 | [perform_hybrid_search] query_text: [Em ơi kt ns của kh này.] - formatted_query: [Em ơi kt ns của kh này] - normalized_query: [Em ơi kt ns của kh này]
2026-01-06 10:00:35 | DEBUG    | log:153 | [perform_hybrid_search] BM25 raw scores: min=0.0000, max=0.0000
2026-01-06 10:00:35 | DEBUG    | log:153 | [classify_query_intent] No keyword matches found in: 'Em ơi kt ns của kh này'
2026-01-06 10:00:35 | DEBUG    | log:153 | [normalize_query] 'Hệ thống ghi g tính của tôi là Nam hay N...' -> 'Hệ thống ghi g tính của tôi là nam hay n...'
2026-01-06 10:00:35 | DEBUG    | log:153 | [perform_hybrid_search] query_text: [Hệ thống ghi g tính của tôi là Nam hay Nữ?] - formatted_query: [Hệ thống ghi g tính của tôi là nam hay nữ] - normalized_query: [Hệ thống ghi g tính của tôi là nam hay nữ]
2026-01-06 10:00:35 | DEBUG    | log:153 | [perform_hybrid_search] BM25 raw scores: min=0.0000, max=17.3620
2026-01-06 10:00:35 | DEBUG    | log:153 | [get_keyword_boost] Query: 'Hệ thống ghi g tính của tôi là...' | Doc: getUserProfile | Tra | Boost: 0.50 | Matched: ['nam', 'nữ']
2026-01-06 10:00:35 | DEBUG    | log:153 | [classify_query_intent] Classified: 'Hệ thống ghi g tính của tôi là...' -> getUserProfile | Tra cứu thông (score=2)
2026-01-06 10:00:35 | DEBUG    | log:153 | [normalize_query] 'Tôi muốn xn hs đk ban đầu....' -> 'Tôi muốn xn hs đk ban đầu...'
2026-01-06 10:00:35 | DEBUG    | log:153 | [perform_hybrid_search] query_text: [Tôi muốn xn hs đk ban đầu.] - formatted_query: [Tôi muốn xn hs đk ban đầu] - normalized_query: [Tôi muốn xn hs đk ban đầu]
2026-01-06 10:00:35 | DEBUG    | log:153 | [perform_hybrid_search] BM25 raw scores: min=0.0000, max=8.5661
2026-01-06 10:00:35 | DEBUG    | log:153 | [classify_query_intent] No keyword matches found in: 'Tôi muốn xn hs đk ban đầu'
2026-01-06 10:00:35 | DEBUG    | log:153 | [normalize_query] 'Vui lòng kt tt cn của tôi....' -> 'Vui lòng kt tt cn của tôi...'
2026-01-06 10:00:35 | DEBUG    | log:153 | [perform_hybrid_search] query_text: [Vui lòng kt tt cn của tôi.] - formatted_query: [Vui lòng kt tt cn của tôi] - normalized_query: [Vui lòng kt tt cn của tôi]
2026-01-06 10:00:35 | DEBUG    | log:153 | [perform_hybrid_search] BM25 raw scores: min=0.0000, max=2.0407
2026-01-06 10:00:35 | DEBUG    | log:153 | [classify_query_intent] No keyword matches found in: 'Vui lòng kt tt cn của tôi'
2026-01-06 10:00:35 | DEBUG    | log:153 | [normalize_query] 'Cho tôi xem ns và hs cá nhân....' -> 'Cho tôi xem ns và hs cá nhân...'
2026-01-06 10:00:35 | DEBUG    | log:153 | [perform_hybrid_search] query_text: [Cho tôi xem ns và hs cá nhân.] - formatted_query: [Cho tôi xem ns và hs cá nhân] - normalized_query: [Cho tôi xem ns và hs cá nhân]
2026-01-06 10:00:35 | DEBUG    | log:153 | [perform_hybrid_search] BM25 raw scores: min=0.0000, max=23.1899
2026-01-06 10:00:35 | DEBUG    | log:153 | [classify_query_intent] No keyword matches found in: 'Cho tôi xem ns và hs cá nhân'
2026-01-06 10:00:35 | DEBUG    | log:153 | [normalize_query] 'Bạn xn q tịch cho kh nhé....' -> 'Bạn xn q tịch cho kh nhé...'
2026-01-06 10:00:35 | DEBUG    | log:153 | [perform_hybrid_search] query_text: [Bạn xn q tịch cho kh nhé.] - formatted_query: [Bạn xn q tịch cho kh nhé] - normalized_query: [Bạn xn q tịch cho kh nhé]
2026-01-06 10:00:35 | DEBUG    | log:153 | [perform_hybrid_search] BM25 raw scores: min=0.0000, max=3.6611
2026-01-06 10:00:35 | DEBUG    | log:153 | [classify_query_intent] No keyword matches found in: 'Bạn xn q tịch cho kh nhé'
2026-01-06 10:00:35 | DEBUG    | log:153 | [normalize_query] 'Tôi muốn kt g tính của mình....' -> 'Tôi muốn kt g tính của mình...'
2026-01-06 10:00:35 | DEBUG    | log:153 | [perform_hybrid_search] query_text: [Tôi muốn kt g tính của mình.] - formatted_query: [Tôi muốn kt g tính của mình] - normalized_query: [Tôi muốn kt g tính của mình]
2026-01-06 10:00:35 | DEBUG    | log:153 | [perform_hybrid_search] BM25 raw scores: min=0.0000, max=8.6737
2026-01-06 10:00:35 | DEBUG    | log:153 | [classify_query_intent] No keyword matches found in: 'Tôi muốn kt g tính của mình'
2026-01-06 10:00:35 | DEBUG    | log:153 | [normalize_query] 'Cho chị xem tt ht về cá nhân....' -> 'Cho chị xem tt ht về cá nhân...'
2026-01-06 10:00:35 | DEBUG    | log:153 | [perform_hybrid_search] query_text: [Cho chị xem tt ht về cá nhân.] - formatted_query: [Cho chị xem tt ht về cá nhân] - normalized_query: [Cho chị xem tt ht về cá nhân]
2026-01-06 10:00:35 | DEBUG    | log:153 | [perform_hybrid_search] BM25 raw scores: min=0.0208, max=23.2138
2026-01-06 10:00:35 | DEBUG    | log:153 | [classify_query_intent] No keyword matches found in: 'Cho chị xem tt ht về cá nhân'
2026-01-06 10:00:35 | DEBUG    | log:153 | [normalize_query] 'Hồ sơ cn của tôi gồm những gì?...' -> 'Hồ sơ cn của tôi gồm những gì...'
2026-01-06 10:00:35 | DEBUG    | log:153 | [perform_hybrid_search] query_text: [Hồ sơ cn của tôi gồm những gì?] - formatted_query: [Hồ sơ cn của tôi gồm những gì] - normalized_query: [Hồ sơ cn của tôi gồm những gì]
2026-01-06 10:00:35 | DEBUG    | log:153 | [perform_hybrid_search] BM25 raw scores: min=0.0286, max=20.0311
2026-01-06 10:00:35 | DEBUG    | log:153 | [classify_query_intent] No keyword matches found in: 'Hồ sơ cn của tôi gồm những gì'
2026-01-06 10:00:35 | DEBUG    | log:153 | [normalize_query] 'Tôi muốn xn ns và q tịch....' -> 'Tôi muốn xn ns và q tịch...'
2026-01-06 10:00:35 | DEBUG    | log:153 | [perform_hybrid_search] query_text: [Tôi muốn xn ns và q tịch.] - formatted_query: [Tôi muốn xn ns và q tịch] - normalized_query: [Tôi muốn xn ns và q tịch]
2026-01-06 10:00:35 | DEBUG    | log:153 | [perform_hybrid_search] BM25 raw scores: min=0.0000, max=7.3223
2026-01-06 10:00:35 | DEBUG    | log:153 | [classify_query_intent] No keyword matches found in: 'Tôi muốn xn ns và q tịch'
2026-01-06 10:00:35 | DEBUG    | log:153 | [normalize_query] 'Vui lòng kt hs của tôi....' -> 'Vui lòng kt hs của tôi...'
2026-01-06 10:00:35 | DEBUG    | log:153 | [perform_hybrid_search] query_text: [Vui lòng kt hs của tôi.] - formatted_query: [Vui lòng kt hs của tôi] - normalized_query: [Vui lòng kt hs của tôi]
2026-01-06 10:00:35 | DEBUG    | log:153 | [perform_hybrid_search] BM25 raw scores: min=0.0000, max=2.0407
2026-01-06 10:00:35 | DEBUG    | log:153 | [classify_query_intent] No keyword matches found in: 'Vui lòng kt hs của tôi'
2026-01-06 10:00:35 | DEBUG    | log:153 | [normalize_query] 'Cho em coi tt kh cơ bản phát....' -> 'Cho em coi tt kh cơ bản phát...'
2026-01-06 10:00:35 | DEBUG    | log:153 | [perform_hybrid_search] query_text: [Cho em coi tt kh cơ bản phát.] - formatted_query: [Cho em coi tt kh cơ bản phát] - normalized_query: [Cho em coi tt kh cơ bản phát]
2026-01-06 10:00:35 | DEBUG    | log:153 | [perform_hybrid_search] BM25 raw scores: min=0.0000, max=16.9176
2026-01-06 10:00:35 | DEBUG    | log:153 | [classify_query_intent] No keyword matches found in: 'Cho em coi tt kh cơ bản phát'
2026-01-06 10:00:35 | DEBUG    | log:153 | [normalize_query] 'Bạn xn g tính giúp kh này....' -> 'Bạn xn g tính giúp kh này...'
2026-01-06 10:00:35 | DEBUG    | log:153 | [perform_hybrid_search] query_text: [Bạn xn g tính giúp kh này.] - formatted_query: [Bạn xn g tính giúp kh này] - normalized_query: [Bạn xn g tính giúp kh này]
2026-01-06 10:00:35 | DEBUG    | log:153 | [perform_hybrid_search] BM25 raw scores: min=0.0000, max=2.9599
2026-01-06 10:00:35 | DEBUG    | log:153 | [classify_query_intent] No keyword matches found in: 'Bạn xn g tính giúp kh này'
2026-01-06 10:00:35 | DEBUG    | log:153 | [normalize_query] 'Tôi muốn kt q tịch trên ht....' -> 'Tôi muốn kt q tịch trên ht...'
2026-01-06 10:00:35 | DEBUG    | log:153 | [perform_hybrid_search] query_text: [Tôi muốn kt q tịch trên ht.] - formatted_query: [Tôi muốn kt q tịch trên ht] - normalized_query: [Tôi muốn kt q tịch trên ht]
2026-01-06 10:00:35 | DEBUG    | log:153 | [perform_hybrid_search] BM25 raw scores: min=0.0000, max=8.2302
2026-01-06 10:00:35 | DEBUG    | log:153 | [get_keyword_boost] Query: 'Tôi muốn kt q tịch trên ht...' | Doc: Tra cứu giao dịch th | Boost: 0.25 | Matched: ['trên']
2026-01-06 10:00:35 | DEBUG    | log:153 | [get_keyword_boost] Query: 'Tôi muốn kt q tịch trên ht...' | Doc: getTransactionList | | Boost: 0.25 | Matched: ['trên']
2026-01-06 10:00:35 | DEBUG    | log:153 | [classify_query_intent] Ambiguous: 'Tôi muốn kt q tịch trên ht...' | Scores: {'Tra cứu giao dịch theo số tiền': 1, 'getTransactionList | Tra cứu giao dịch chờ duyệt theo số tiền hoặc hạn mức': 1}
2026-01-06 10:00:35 | DEBUG    | log:153 | [normalize_query] 'cho xem hs cua tui ik...' -> 'Cho xem hs cua tui ik...'
2026-01-06 10:00:35 | DEBUG    | log:153 | [perform_hybrid_search] query_text: [cho xem hs cua tui ik] - formatted_query: [Cho xem hs cua tui ik] - normalized_query: [Cho xem hs cua tui ik]
2026-01-06 10:00:35 | DEBUG    | log:153 | [perform_hybrid_search] BM25 raw scores: min=0.0000, max=6.6371
2026-01-06 10:00:35 | DEBUG    | log:153 | [classify_query_intent] No keyword matches found in: 'Cho xem hs cua tui ik'
2026-01-06 10:00:36 | INFO     | log:151 | [search_batch_stream] Completed in 15.42s, avg 0.031s/row, saved to test_getUserProfile_2_192-168-40-86_20260106_100020.xlsx
