2026-01-06 09:04:46 | DEBUG    | log:153 | [list_documents] Fetching all documents...
2026-01-06 09:04:46 | DEBUG    | log:153 | [get_tables] Getting tables...
2026-01-06 09:04:46 | DEBUG    | log:153 | [get_tables] Returning cached tables
2026-01-06 09:04:46 | INFO     | log:151 | [list_documents] Found 20 documents
2026-01-06 09:04:46 | DEBUG    | log:153 | [list_documents] Fetching all documents...
2026-01-06 09:04:46 | DEBUG    | log:153 | [get_tables] Getting tables...
2026-01-06 09:04:46 | DEBUG    | log:153 | [get_tables] Returning cached tables
2026-01-06 09:04:46 | INFO     | log:151 | [list_documents] Found 20 documents
2026-01-06 09:04:47 | DEBUG    | log:153 | [list_documents] Fetching all documents...
2026-01-06 09:04:47 | DEBUG    | log:153 | [get_tables] Getting tables...
2026-01-06 09:04:47 | DEBUG    | log:153 | [get_tables] Returning cached tables
2026-01-06 09:04:47 | INFO     | log:151 | [list_documents] Found 20 documents
2026-01-06 09:04:47 | DEBUG    | log:153 | [list_documents] Fetching all documents...
2026-01-06 09:04:47 | DEBUG    | log:153 | [get_tables] Getting tables...
2026-01-06 09:04:47 | DEBUG    | log:153 | [get_tables] Returning cached tables
2026-01-06 09:04:47 | INFO     | log:151 | [list_documents] Found 20 documents
2026-01-06 09:04:57 | INFO     | log:151 | [upload_documents] Uploading 1 files
2026-01-06 09:04:57 | DEBUG    | log:153 | [get_tables] Getting tables...
2026-01-06 09:04:57 | DEBUG    | log:153 | [get_tables] Returning cached tables
2026-01-06 09:04:57 | DEBUG    | log:153 | [build_search_text] Built search_text (663 chars)
2026-01-06 09:04:57 | DEBUG    | log:153 | [insert_document_with_examples] Inserting doc_id=20, search_text length=663
2026-01-06 09:04:57 | INFO     | log:151 | [insert_document_with_examples] Starting doc_table.insert() for doc_id=20...
2026-01-06 09:05:04 | INFO     | log:151 | [insert_document_with_examples] doc_table.insert() completed in 6.97s for doc_id=20
2026-01-06 09:05:04 | DEBUG    | log:153 | [parse_examples_to_list] Parsed 20 examples
2026-01-06 09:05:04 | DEBUG    | log:153 | [insert_document_with_examples] Inserted 20 examples for doc_id=20
2026-01-06 09:05:04 | DEBUG    | log:153 | [build_search_text] Built search_text (651 chars)
2026-01-06 09:05:04 | DEBUG    | log:153 | [insert_document_with_examples] Inserting doc_id=21, search_text length=651
2026-01-06 09:05:04 | INFO     | log:151 | [insert_document_with_examples] Starting doc_table.insert() for doc_id=21...
2026-01-06 09:05:04 | INFO     | log:151 | [insert_document_with_examples] doc_table.insert() completed in 0.04s for doc_id=21
2026-01-06 09:05:04 | DEBUG    | log:153 | [parse_examples_to_list] Parsed 20 examples
2026-01-06 09:05:04 | DEBUG    | log:153 | [insert_document_with_examples] Inserted 20 examples for doc_id=21
2026-01-06 09:05:04 | DEBUG    | log:153 | [build_search_text] Built search_text (631 chars)
2026-01-06 09:05:04 | DEBUG    | log:153 | [insert_document_with_examples] Inserting doc_id=22, search_text length=631
2026-01-06 09:05:04 | INFO     | log:151 | [insert_document_with_examples] Starting doc_table.insert() for doc_id=22...
2026-01-06 09:05:04 | INFO     | log:151 | [insert_document_with_examples] doc_table.insert() completed in 0.04s for doc_id=22
2026-01-06 09:05:04 | DEBUG    | log:153 | [parse_examples_to_list] Parsed 20 examples
2026-01-06 09:05:04 | DEBUG    | log:153 | [insert_document_with_examples] Inserted 20 examples for doc_id=22
2026-01-06 09:05:04 | DEBUG    | log:153 | [build_search_text] Built search_text (633 chars)
2026-01-06 09:05:04 | DEBUG    | log:153 | [insert_document_with_examples] Inserting doc_id=23, search_text length=633
2026-01-06 09:05:04 | INFO     | log:151 | [insert_document_with_examples] Starting doc_table.insert() for doc_id=23...
2026-01-06 09:05:04 | INFO     | log:151 | [insert_document_with_examples] doc_table.insert() completed in 0.04s for doc_id=23
2026-01-06 09:05:04 | DEBUG    | log:153 | [parse_examples_to_list] Parsed 10 examples
2026-01-06 09:05:04 | DEBUG    | log:153 | [insert_document_with_examples] Inserted 10 examples for doc_id=23
2026-01-06 09:05:04 | DEBUG    | log:153 | [build_search_text] Built search_text (666 chars)
2026-01-06 09:05:04 | DEBUG    | log:153 | [insert_document_with_examples] Inserting doc_id=24, search_text length=666
2026-01-06 09:05:04 | INFO     | log:151 | [insert_document_with_examples] Starting doc_table.insert() for doc_id=24...
2026-01-06 09:05:04 | INFO     | log:151 | [insert_document_with_examples] doc_table.insert() completed in 0.04s for doc_id=24
2026-01-06 09:05:04 | DEBUG    | log:153 | [parse_examples_to_list] Parsed 10 examples
2026-01-06 09:05:04 | DEBUG    | log:153 | [insert_document_with_examples] Inserted 10 examples for doc_id=24
2026-01-06 09:05:04 | DEBUG    | log:153 | [build_search_text] Built search_text (669 chars)
2026-01-06 09:05:04 | DEBUG    | log:153 | [insert_document_with_examples] Inserting doc_id=25, search_text length=669
2026-01-06 09:05:04 | INFO     | log:151 | [insert_document_with_examples] Starting doc_table.insert() for doc_id=25...
2026-01-06 09:05:04 | INFO     | log:151 | [insert_document_with_examples] doc_table.insert() completed in 0.12s for doc_id=25
2026-01-06 09:05:04 | DEBUG    | log:153 | [parse_examples_to_list] Parsed 20 examples
2026-01-06 09:05:04 | DEBUG    | log:153 | [insert_document_with_examples] Inserted 20 examples for doc_id=25
2026-01-06 09:05:04 | INFO     | log:151 | [upload_documents] Inserted 6 docs with 100 examples
2026-01-06 09:05:04 | DEBUG    | log:153 | [invalidate_embeddings_cache] Embeddings cache invalidated
2026-01-06 09:05:04 | DEBUG    | log:153 | [reset_all_caches] All caches invalidated
2026-01-06 09:05:04 | DEBUG    | log:153 | [list_documents] Fetching all documents...
2026-01-06 09:05:04 | DEBUG    | log:153 | [get_tables] Getting tables...
2026-01-06 09:05:04 | DEBUG    | log:153 | [get_tables] Returning cached tables
2026-01-06 09:05:04 | INFO     | log:151 | [list_documents] Found 26 documents
2026-01-06 09:05:17 | DEBUG    | log:153 | [list_documents] Fetching all documents...
2026-01-06 09:05:17 | DEBUG    | log:153 | [get_tables] Getting tables...
2026-01-06 09:05:17 | DEBUG    | log:153 | [get_tables] Returning cached tables
2026-01-06 09:05:17 | INFO     | log:151 | [list_documents] Found 26 documents
2026-01-06 09:18:36 | INFO     | log:151 | [search_batch_stream] Batch stream search from: test_getUserProfile_1.xlsx
2026-01-06 09:18:36 | DEBUG    | log:153 | [get_tables] Getting tables...
2026-01-06 09:18:36 | DEBUG    | log:153 | [get_tables] Returning cached tables
2026-01-06 09:18:36 | INFO     | log:151 | [get_corpus_stats] Rebuilding corpus stats cache...
2026-01-06 09:18:36 | DEBUG    | log:153 | [normalize_query] 'Xem thông tin cá nhân cơ bản của tôi...' -> 'Xem thông tin cá nhân cơ bản của tôi...'
2026-01-06 09:18:36 | DEBUG    | log:153 | [perform_hybrid_search] query_text: [Xem thông tin cá nhân cơ bản của tôi] - formatted_query: [Xem thông tin cá nhân cơ bản của tôi] - normalized_query: [Xem thông tin cá nhân cơ bản của tôi]
2026-01-06 09:18:36 | INFO     | log:151 | [build_embeddings_cache] Building embeddings cache...
2026-01-06 09:18:36 | INFO     | log:151 | [build_embeddings_cache] Cache built in 0.55s: 451 examples, 26 docs on GPU (NVIDIA RTX A5000)
2026-01-06 09:18:36 | DEBUG    | log:153 | [perform_hybrid_search] BM25 raw scores: min=0.3147, max=76.4214
2026-01-06 09:18:36 | DEBUG    | log:153 | [get_keyword_boost] Query: 'Xem thông tin cá nhân cơ bản c...' | Doc: getUserProfile | Tra | Boost: 0.25 | Matched: ['thông tin cá nhân']
2026-01-06 09:18:36 | DEBUG    | log:153 | [classify_query_intent] Classified: 'Xem thông tin cá nhân cơ bản c...' -> getUserProfile | Tra cứu thông (score=1)
2026-01-06 09:18:36 | DEBUG    | log:153 | [normalize_query] 'Cho tôi biết thông tin cá nhân của mình...' -> 'Cho tôi biết thông tin cá nhân của mình...'
2026-01-06 09:18:36 | DEBUG    | log:153 | [perform_hybrid_search] query_text: [Cho tôi biết thông tin cá nhân của mình] - formatted_query: [Cho tôi biết thông tin cá nhân của mình] - normalized_query: [Cho tôi biết thông tin cá nhân của mình]
2026-01-06 09:18:36 | DEBUG    | log:153 | [perform_hybrid_search] BM25 raw scores: min=0.0000, max=52.6901
2026-01-06 09:18:36 | DEBUG    | log:153 | [get_keyword_boost] Query: 'Cho tôi biết thông tin cá nhân...' | Doc: getUserProfile | Tra | Boost: 0.25 | Matched: ['thông tin cá nhân']
2026-01-06 09:18:36 | DEBUG    | log:153 | [classify_query_intent] Classified: 'Cho tôi biết thông tin cá nhân...' -> getUserProfile | Tra cứu thông (score=1)
2026-01-06 09:18:36 | DEBUG    | log:153 | [normalize_query] 'Tôi muốn xem hồ sơ cá nhân của tôi...' -> 'Tôi muốn xem hồ sơ cá nhân của tôi...'
2026-01-06 09:18:36 | DEBUG    | log:153 | [perform_hybrid_search] query_text: [Tôi muốn xem hồ sơ cá nhân của tôi] - formatted_query: [Tôi muốn xem hồ sơ cá nhân của tôi] - normalized_query: [Tôi muốn xem hồ sơ cá nhân của tôi]
2026-01-06 09:18:36 | DEBUG    | log:153 | [perform_hybrid_search] BM25 raw scores: min=0.0202, max=55.7695
2026-01-06 09:18:36 | DEBUG    | log:153 | [get_keyword_boost] Query: 'Tôi muốn xem hồ sơ cá nhân của...' | Doc: getUserProfile | Tra | Boost: 0.25 | Matched: ['hồ sơ cá nhân']
2026-01-06 09:18:36 | DEBUG    | log:153 | [classify_query_intent] Classified: 'Tôi muốn xem hồ sơ cá nhân của...' -> getUserProfile | Tra cứu thông (score=1)
2026-01-06 09:18:36 | DEBUG    | log:153 | [normalize_query] 'Họ tên và ngày sinh của tôi là gì?...' -> 'Họ tên và ngày sinh của tôi là gì...'
2026-01-06 09:18:36 | DEBUG    | log:153 | [perform_hybrid_search] query_text: [Họ tên và ngày sinh của tôi là gì?] - formatted_query: [Họ tên và ngày sinh của tôi là gì] - normalized_query: [Họ tên và ngày sinh của tôi là gì]
2026-01-06 09:18:36 | DEBUG    | log:153 | [perform_hybrid_search] BM25 raw scores: min=0.0000, max=33.2991
2026-01-06 09:18:36 | DEBUG    | log:153 | [get_keyword_boost] Query: 'Họ tên và ngày sinh của tôi là...' | Doc: Tra cứu lịch sử giao | Boost: 0.25 | Matched: ['ngày']
2026-01-06 09:18:36 | DEBUG    | log:153 | [get_keyword_boost] Query: 'Họ tên và ngày sinh của tôi là...' | Doc: getTransactionList | | Boost: 0.25 | Matched: ['ngày']
2026-01-06 09:18:36 | DEBUG    | log:153 | [get_keyword_boost] Query: 'Họ tên và ngày sinh của tôi là...' | Doc: getUserProfile | Tra | Boost: 0.50 | Matched: ['họ tên', 'ngày sinh']
2026-01-06 09:18:36 | DEBUG    | log:153 | [classify_query_intent] Classified: 'Họ tên và ngày sinh của tôi là...' -> getUserProfile | Tra cứu thông (score=2)
2026-01-06 09:18:36 | DEBUG    | log:153 | [normalize_query] 'Kiểm tra thông tin cá nhân đã đăng ký...' -> 'Kiểm tra thông tin cá nhân đã đăng ký...'
2026-01-06 09:18:36 | DEBUG    | log:153 | [perform_hybrid_search] query_text: [Kiểm tra thông tin cá nhân đã đăng ký] - formatted_query: [Kiểm tra thông tin cá nhân đã đăng ký] - normalized_query: [Kiểm tra thông tin cá nhân đã đăng ký]
2026-01-06 09:18:37 | DEBUG    | log:153 | [perform_hybrid_search] BM25 raw scores: min=0.2456, max=65.1547
2026-01-06 09:18:37 | DEBUG    | log:153 | [get_keyword_boost] Query: 'Kiểm tra thông tin cá nhân đã ...' | Doc: getUserProfile | Tra | Boost: 0.25 | Matched: ['thông tin cá nhân']
2026-01-06 09:18:37 | DEBUG    | log:153 | [classify_query_intent] Classified: 'Kiểm tra thông tin cá nhân đã ...' -> getUserProfile | Tra cứu thông (score=1)
2026-01-06 09:18:37 | DEBUG    | log:153 | [normalize_query] 'Tôi đã đăng ký thông tin cá nhân như thế...' -> 'Tôi đã đăng ký thông tin cá nhân như thế...'
2026-01-06 09:18:37 | DEBUG    | log:153 | [perform_hybrid_search] query_text: [Tôi đã đăng ký thông tin cá nhân như thế nào?] - formatted_query: [Tôi đã đăng ký thông tin cá nhân như thế nào] - normalized_query: [Tôi đã đăng ký thông tin cá nhân như thế nào]
2026-01-06 09:18:37 | DEBUG    | log:153 | [perform_hybrid_search] BM25 raw scores: min=0.3147, max=72.6523
2026-01-06 09:18:37 | DEBUG    | log:153 | [get_keyword_boost] Query: 'Tôi đã đăng ký thông tin cá nh...' | Doc: getUserProfile | Tra | Boost: 0.25 | Matched: ['thông tin cá nhân']
2026-01-06 09:18:37 | DEBUG    | log:153 | [classify_query_intent] Classified: 'Tôi đã đăng ký thông tin cá nh...' -> getUserProfile | Tra cứu thông (score=1)
2026-01-06 09:18:37 | DEBUG    | log:153 | [normalize_query] 'Xem profile cá nhân của tôi...' -> 'Xem profile cá nhân của tôi...'
2026-01-06 09:18:37 | DEBUG    | log:153 | [perform_hybrid_search] query_text: [Xem profile cá nhân của tôi] - formatted_query: [Xem profile cá nhân của tôi] - normalized_query: [Xem profile cá nhân của tôi]
2026-01-06 09:18:37 | DEBUG    | log:153 | [perform_hybrid_search] BM25 raw scores: min=0.0000, max=34.5920
2026-01-06 09:18:37 | DEBUG    | log:153 | [get_keyword_boost] Query: 'Xem profile cá nhân của tôi...' | Doc: getUserProfile | Tra | Boost: 0.50 | Matched: ['profile', 'xem profile']
2026-01-06 09:18:37 | DEBUG    | log:153 | [classify_query_intent] Classified: 'Xem profile cá nhân của tôi...' -> getUserProfile | Tra cứu thông (score=2)
2026-01-06 09:18:37 | DEBUG    | log:153 | [normalize_query] 'Thông tin người dùng của tôi gồm những g...' -> 'Thông tin người dùng của tôi gồm những g...'
2026-01-06 09:18:37 | DEBUG    | log:153 | [perform_hybrid_search] query_text: [Thông tin người dùng của tôi gồm những gì?] - formatted_query: [Thông tin người dùng của tôi gồm những gì] - normalized_query: [Thông tin người dùng của tôi gồm những gì]
2026-01-06 09:18:37 | DEBUG    | log:153 | [perform_hybrid_search] BM25 raw scores: min=0.1577, max=23.5820
2026-01-06 09:18:37 | DEBUG    | log:153 | [get_keyword_boost] Query: 'Thông tin người dùng của tôi g...' | Doc: getUserProfile | Tra | Boost: 0.25 | Matched: ['người dùng']
2026-01-06 09:18:37 | DEBUG    | log:153 | [classify_query_intent] Classified: 'Thông tin người dùng của tôi g...' -> getUserProfile | Tra cứu thông (score=1)
2026-01-06 09:18:37 | DEBUG    | log:153 | [normalize_query] 'Cho tôi xem thông tin hồ sơ cá nhân...' -> 'Cho tôi xem thông tin hồ sơ cá nhân...'
2026-01-06 09:18:37 | DEBUG    | log:153 | [perform_hybrid_search] query_text: [Cho tôi xem thông tin hồ sơ cá nhân] - formatted_query: [Cho tôi xem thông tin hồ sơ cá nhân] - normalized_query: [Cho tôi xem thông tin hồ sơ cá nhân]
2026-01-06 09:18:37 | DEBUG    | log:153 | [perform_hybrid_search] BM25 raw scores: min=0.3348, max=59.2300
2026-01-06 09:18:37 | DEBUG    | log:153 | [get_keyword_boost] Query: 'Cho tôi xem thông tin hồ sơ cá...' | Doc: getUserProfile | Tra | Boost: 0.25 | Matched: ['hồ sơ cá nhân']
2026-01-06 09:18:37 | DEBUG    | log:153 | [classify_query_intent] Classified: 'Cho tôi xem thông tin hồ sơ cá...' -> getUserProfile | Tra cứu thông (score=1)
2026-01-06 09:18:37 | DEBUG    | log:153 | [normalize_query] 'Tôi muốn kiểm tra thông tin cá nhân tron...' -> 'Tôi muốn kiểm tra thông tin cá nhân tron...'
2026-01-06 09:18:37 | DEBUG    | log:153 | [perform_hybrid_search] query_text: [Tôi muốn kiểm tra thông tin cá nhân trong hệ thống] - formatted_query: [Tôi muốn kiểm tra thông tin cá nhân trong hệ thống] - normalized_query: [Tôi muốn kiểm tra thông tin cá nhân trong hệ thống]
2026-01-06 09:18:37 | DEBUG    | log:153 | [perform_hybrid_search] BM25 raw scores: min=0.0160, max=70.5246
2026-01-06 09:18:37 | DEBUG    | log:153 | [get_keyword_boost] Query: 'Tôi muốn kiểm tra thông tin cá...' | Doc: getTransactionList | | Boost: 0.25 | Matched: ['trong']
2026-01-06 09:18:37 | DEBUG    | log:153 | [get_keyword_boost] Query: 'Tôi muốn kiểm tra thông tin cá...' | Doc: getUserProfile | Tra | Boost: 0.25 | Matched: ['thông tin cá nhân']
2026-01-06 09:18:37 | DEBUG    | log:153 | [classify_query_intent] Ambiguous: 'Tôi muốn kiểm tra thông tin cá...' | Scores: {'getTransactionList | Tra cứu giao dịch chờ duyệt theo khoảng thời gian': 1, 'getUserProfile | Tra cứu thông tin cá nhân cơ bản': 1}
2026-01-06 09:18:37 | DEBUG    | log:153 | [normalize_query] 'Quốc tịch của tôi đang được lưu là gì?...' -> 'Quốc tịch của tôi đang được lưu là gì...'
2026-01-06 09:18:37 | DEBUG    | log:153 | [perform_hybrid_search] query_text: [Quốc tịch của tôi đang được lưu là gì?] - formatted_query: [Quốc tịch của tôi đang được lưu là gì] - normalized_query: [Quốc tịch của tôi đang được lưu là gì]
2026-01-06 09:18:37 | DEBUG    | log:153 | [perform_hybrid_search] BM25 raw scores: min=0.0000, max=36.6995
2026-01-06 09:18:37 | DEBUG    | log:153 | [get_keyword_boost] Query: 'Quốc tịch của tôi đang được lư...' | Doc: getUserProfile | Tra | Boost: 0.25 | Matched: ['quốc tịch']
2026-01-06 09:18:37 | DEBUG    | log:153 | [classify_query_intent] Classified: 'Quốc tịch của tôi đang được lư...' -> getUserProfile | Tra cứu thông (score=1)
2026-01-06 09:18:37 | DEBUG    | log:153 | [normalize_query] 'Cho biết thông tin cá nhân cơ bản của tô...' -> 'Cho biết thông tin cá nhân cơ bản của tô...'
2026-01-06 09:18:37 | DEBUG    | log:153 | [perform_hybrid_search] query_text: [Cho biết thông tin cá nhân cơ bản của tôi] - formatted_query: [Cho biết thông tin cá nhân cơ bản của tôi] - normalized_query: [Cho biết thông tin cá nhân cơ bản của tôi]
2026-01-06 09:18:37 | DEBUG    | log:153 | [perform_hybrid_search] BM25 raw scores: min=0.3147, max=71.7808
2026-01-06 09:18:37 | DEBUG    | log:153 | [get_keyword_boost] Query: 'Cho biết thông tin cá nhân cơ ...' | Doc: getUserProfile | Tra | Boost: 0.25 | Matched: ['thông tin cá nhân']
2026-01-06 09:18:37 | DEBUG    | log:153 | [classify_query_intent] Classified: 'Cho biết thông tin cá nhân cơ ...' -> getUserProfile | Tra cứu thông (score=1)
2026-01-06 09:18:37 | DEBUG    | log:153 | [normalize_query] 'Hồ sơ cá nhân của tôi hiện tại gồm những...' -> 'Hồ sơ cá nhân của tôi hiện tại gồm những...'
2026-01-06 09:18:37 | DEBUG    | log:153 | [perform_hybrid_search] query_text: [Hồ sơ cá nhân của tôi hiện tại gồm những thông tin nào?] - formatted_query: [Hồ sơ cá nhân của tôi hiện tại gồm những thông tin nào] - normalized_query: [Hồ sơ cá nhân của tôi hiện tại gồm những thông tin nào]
2026-01-06 09:18:37 | DEBUG    | log:153 | [perform_hybrid_search] BM25 raw scores: min=0.2721, max=63.9315
2026-01-06 09:18:37 | DEBUG    | log:153 | [get_keyword_boost] Query: 'Hồ sơ cá nhân của tôi hiện tại...' | Doc: getUserProfile | Tra | Boost: 0.25 | Matched: ['hồ sơ cá nhân']
2026-01-06 09:18:37 | DEBUG    | log:153 | [classify_query_intent] Classified: 'Hồ sơ cá nhân của tôi hiện tại...' -> getUserProfile | Tra cứu thông (score=1)
2026-01-06 09:18:37 | DEBUG    | log:153 | [normalize_query] 'Thông tin user của tôi...' -> 'Thông tin user của tôi...'
2026-01-06 09:18:37 | DEBUG    | log:153 | [perform_hybrid_search] query_text: [Thông tin user của tôi] - formatted_query: [Thông tin user của tôi] - normalized_query: [Thông tin user của tôi]
2026-01-06 09:18:37 | DEBUG    | log:153 | [perform_hybrid_search] BM25 raw scores: min=0.0000, max=7.2345
2026-01-06 09:18:37 | DEBUG    | log:153 | [get_keyword_boost] Query: 'Thông tin user của tôi...' | Doc: getUserProfile | Tra | Boost: 0.25 | Matched: ['user']
2026-01-06 09:18:37 | DEBUG    | log:153 | [classify_query_intent] Classified: 'Thông tin user của tôi...' -> getUserProfile | Tra cứu thông (score=1)
2026-01-06 09:18:37 | DEBUG    | log:153 | [normalize_query] 'Xem thông tin cá nhân trong hồ sơ khách ...' -> 'Xem thông tin cá nhân trong hồ sơ khách ...'
2026-01-06 09:18:37 | DEBUG    | log:153 | [perform_hybrid_search] query_text: [Xem thông tin cá nhân trong hồ sơ khách hàng] - formatted_query: [Xem thông tin cá nhân trong hồ sơ khách hàng] - normalized_query: [Xem thông tin cá nhân trong hồ sơ khách hàng]
2026-01-06 09:18:37 | DEBUG    | log:153 | [perform_hybrid_search] BM25 raw scores: min=0.3348, max=76.0945
2026-01-06 09:18:37 | DEBUG    | log:153 | [get_keyword_boost] Query: 'Xem thông tin cá nhân trong hồ...' | Doc: getTransactionList | | Boost: 0.25 | Matched: ['trong']
2026-01-06 09:18:37 | DEBUG    | log:153 | [get_keyword_boost] Query: 'Xem thông tin cá nhân trong hồ...' | Doc: getUserProfile | Tra | Boost: 0.25 | Matched: ['thông tin cá nhân']
2026-01-06 09:18:37 | DEBUG    | log:153 | [classify_query_intent] Ambiguous: 'Xem thông tin cá nhân trong hồ...' | Scores: {'getTransactionList | Tra cứu giao dịch chờ duyệt theo khoảng thời gian': 1, 'getUserProfile | Tra cứu thông tin cá nhân cơ bản': 1}
2026-01-06 09:18:37 | DEBUG    | log:153 | [normalize_query] 'Tôi muốn xác nhận thông tin cá nhân của ...' -> 'Tôi muốn xác nhận thông tin cá nhân của ...'
2026-01-06 09:18:37 | DEBUG    | log:153 | [perform_hybrid_search] query_text: [Tôi muốn xác nhận thông tin cá nhân của mình] - formatted_query: [Tôi muốn xác nhận thông tin cá nhân của mình] - normalized_query: [Tôi muốn xác nhận thông tin cá nhân của mình]
2026-01-06 09:18:37 | DEBUG    | log:153 | [perform_hybrid_search] BM25 raw scores: min=0.5157, max=59.3909
2026-01-06 09:18:37 | DEBUG    | log:153 | [get_keyword_boost] Query: 'Tôi muốn xác nhận thông tin cá...' | Doc: Tra cứu giao dịch nh | Boost: 0.25 | Matched: ['nhận']
2026-01-06 09:18:37 | DEBUG    | log:153 | [get_keyword_boost] Query: 'Tôi muốn xác nhận thông tin cá...' | Doc: getUserProfile | Tra | Boost: 0.25 | Matched: ['thông tin cá nhân']
2026-01-06 09:18:37 | DEBUG    | log:153 | [classify_query_intent] Ambiguous: 'Tôi muốn xác nhận thông tin cá...' | Scores: {'Tra cứu giao dịch nhận tiền': 1, 'getUserProfile | Tra cứu thông tin cá nhân cơ bản': 1}
2026-01-06 09:18:37 | DEBUG    | log:153 | [normalize_query] 'Thông tin cơ bản của tôi là gì?...' -> 'Thông tin cơ bản của tôi là gì...'
2026-01-06 09:18:37 | DEBUG    | log:153 | [perform_hybrid_search] query_text: [Thông tin cơ bản của tôi là gì?] - formatted_query: [Thông tin cơ bản của tôi là gì] - normalized_query: [Thông tin cơ bản của tôi là gì]
2026-01-06 09:18:37 | DEBUG    | log:153 | [perform_hybrid_search] BM25 raw scores: min=0.1696, max=39.1480
2026-01-06 09:18:37 | DEBUG    | log:153 | [classify_query_intent] No keyword matches found in: 'Thông tin cơ bản của tôi là gì'
2026-01-06 09:18:37 | DEBUG    | log:153 | [normalize_query] 'Hệ thống đang ghi nhận giới tính của tôi...' -> 'Hệ thống đang ghi nhận giới tính của tôi...'
2026-01-06 09:18:37 | DEBUG    | log:153 | [perform_hybrid_search] query_text: [Hệ thống đang ghi nhận giới tính của tôi là gì?] - formatted_query: [Hệ thống đang ghi nhận giới tính của tôi là gì] - normalized_query: [Hệ thống đang ghi nhận giới tính của tôi là gì]
2026-01-06 09:18:37 | DEBUG    | log:153 | [perform_hybrid_search] BM25 raw scores: min=0.0963, max=49.4773
2026-01-06 09:18:37 | DEBUG    | log:153 | [get_keyword_boost] Query: 'Hệ thống đang ghi nhận giới tí...' | Doc: Tra cứu giao dịch nh | Boost: 0.25 | Matched: ['nhận']
2026-01-06 09:18:37 | DEBUG    | log:153 | [get_keyword_boost] Query: 'Hệ thống đang ghi nhận giới tí...' | Doc: getUserProfile | Tra | Boost: 0.25 | Matched: ['giới tính']
2026-01-06 09:18:37 | DEBUG    | log:153 | [classify_query_intent] Ambiguous: 'Hệ thống đang ghi nhận giới tí...' | Scores: {'Tra cứu giao dịch nhận tiền': 1, 'getUserProfile | Tra cứu thông tin cá nhân cơ bản': 1}
2026-01-06 09:18:37 | DEBUG    | log:153 | [normalize_query] 'Hiển thị chi tiết họ tên, ngày sinh và q...' -> 'Hiển thị chi tiết họ tên, ngày sinh và q...'
2026-01-06 09:18:37 | DEBUG    | log:153 | [perform_hybrid_search] query_text: [Hiển thị chi tiết họ tên, ngày sinh và quốc tịch của tôi] - formatted_query: [Hiển thị chi tiết họ tên, ngày sinh và quốc tịch của tôi] - normalized_query: [Hiển thị chi tiết họ tên, ngày sinh và quốc tịch của tôi]
2026-01-06 09:18:37 | DEBUG    | log:153 | [perform_hybrid_search] BM25 raw scores: min=0.0000, max=58.1160
2026-01-06 09:18:37 | DEBUG    | log:153 | [get_keyword_boost] Query: 'Hiển thị chi tiết họ tên, ngày...' | Doc: Tra cứu lịch sử giao | Boost: 0.25 | Matched: ['ngày']
2026-01-06 09:18:37 | DEBUG    | log:153 | [get_keyword_boost] Query: 'Hiển thị chi tiết họ tên, ngày...' | Doc: getTransactionList | | Boost: 0.25 | Matched: ['ngày']
2026-01-06 09:18:37 | DEBUG    | log:153 | [get_keyword_boost] Query: 'Hiển thị chi tiết họ tên, ngày...' | Doc: getUserProfile | Tra | Boost: 0.75 | Matched: ['họ tên', 'ngày sinh', 'quốc tịch']
2026-01-06 09:18:37 | DEBUG    | log:153 | [classify_query_intent] Classified: 'Hiển thị chi tiết họ tên, ngày...' -> getUserProfile | Tra cứu thông (score=3)
2026-01-06 09:18:37 | DEBUG    | log:153 | [normalize_query] 'Cho tôi xem lại các thông tin cơ bản đã ...' -> 'Cho tôi xem lại các thông tin cơ bản đã ...'
2026-01-06 09:18:37 | DEBUG    | log:153 | [perform_hybrid_search] query_text: [Cho tôi xem lại các thông tin cơ bản đã khai báo] - formatted_query: [Cho tôi xem lại các thông tin cơ bản đã khai báo] - normalized_query: [Cho tôi xem lại các thông tin cơ bản đã khai báo]
2026-01-06 09:18:37 | DEBUG    | log:153 | [perform_hybrid_search] BM25 raw scores: min=0.3348, max=50.8668
2026-01-06 09:18:37 | DEBUG    | log:153 | [classify_query_intent] No keyword matches found in: 'Cho tôi xem lại các thông tin cơ bản đã khai báo'
2026-01-06 09:18:37 | DEBUG    | log:153 | [normalize_query] 'Tên đầy đủ của tôi trên hệ thống là gì?...' -> 'Tên đầy đủ của tôi trên hệ thống là gì...'
2026-01-06 09:18:37 | DEBUG    | log:153 | [perform_hybrid_search] query_text: [Tên đầy đủ của tôi trên hệ thống là gì?] - formatted_query: [Tên đầy đủ của tôi trên hệ thống là gì] - normalized_query: [Tên đầy đủ của tôi trên hệ thống là gì]
2026-01-06 09:18:37 | DEBUG    | log:153 | [perform_hybrid_search] BM25 raw scores: min=0.0477, max=23.3910
2026-01-06 09:18:37 | DEBUG    | log:153 | [get_keyword_boost] Query: 'Tên đầy đủ của tôi trên hệ thố...' | Doc: Tra cứu giao dịch th | Boost: 0.25 | Matched: ['trên']
2026-01-06 09:18:37 | DEBUG    | log:153 | [get_keyword_boost] Query: 'Tên đầy đủ của tôi trên hệ thố...' | Doc: getTransactionList | | Boost: 0.25 | Matched: ['trên']
2026-01-06 09:18:37 | DEBUG    | log:153 | [classify_query_intent] Ambiguous: 'Tên đầy đủ của tôi trên hệ thố...' | Scores: {'Tra cứu giao dịch theo số tiền': 1, 'getTransactionList | Tra cứu giao dịch chờ duyệt theo số tiền hoặc hạn mức': 1}
2026-01-06 09:18:37 | DEBUG    | log:153 | [normalize_query] 'Ngày tháng năm sinh của tôi có chính xác...' -> 'Ngày tháng năm sinh của tôi có chính xác...'
2026-01-06 09:18:37 | DEBUG    | log:153 | [perform_hybrid_search] query_text: [Ngày tháng năm sinh của tôi có chính xác không?] - formatted_query: [Ngày tháng năm sinh của tôi có chính xác không] - normalized_query: [Ngày tháng năm sinh của tôi có chính xác không]
2026-01-06 09:18:37 | DEBUG    | log:153 | [perform_hybrid_search] BM25 raw scores: min=0.7392, max=16.4688
2026-01-06 09:18:37 | DEBUG    | log:153 | [get_keyword_boost] Query: 'Ngày tháng năm sinh của tôi có...' | Doc: Tra cứu lịch sử giao | Boost: 0.75 | Matched: ['ngày', 'tháng', 'năm']
2026-01-06 09:18:37 | DEBUG    | log:153 | [get_keyword_boost] Query: 'Ngày tháng năm sinh của tôi có...' | Doc: getTransactionList | | Boost: 0.75 | Matched: ['ngày', 'tháng', 'năm']
2026-01-06 09:18:37 | DEBUG    | log:153 | [classify_query_intent] Ambiguous: 'Ngày tháng năm sinh của tôi có...' | Scores: {'Tra cứu lịch sử giao dịch theo khoảng thời gian': 3, 'getTransactionList | Tra cứu giao dịch chờ duyệt theo khoảng thời gian': 3}
2026-01-06 09:18:37 | DEBUG    | log:153 | [normalize_query] 'Tôi mang quốc tịch gì trong hồ sơ?...' -> 'Tôi mang quốc tịch gì trong hồ sơ...'
2026-01-06 09:18:37 | DEBUG    | log:153 | [perform_hybrid_search] query_text: [Tôi mang quốc tịch gì trong hồ sơ?] - formatted_query: [Tôi mang quốc tịch gì trong hồ sơ] - normalized_query: [Tôi mang quốc tịch gì trong hồ sơ]
2026-01-06 09:18:37 | DEBUG    | log:153 | [perform_hybrid_search] BM25 raw scores: min=0.0095, max=29.1243
2026-01-06 09:18:37 | DEBUG    | log:153 | [get_keyword_boost] Query: 'Tôi mang quốc tịch gì trong hồ...' | Doc: getTransactionList | | Boost: 0.25 | Matched: ['trong']
2026-01-06 09:18:37 | DEBUG    | log:153 | [get_keyword_boost] Query: 'Tôi mang quốc tịch gì trong hồ...' | Doc: getUserProfile | Tra | Boost: 0.25 | Matched: ['quốc tịch']
2026-01-06 09:18:37 | DEBUG    | log:153 | [classify_query_intent] Ambiguous: 'Tôi mang quốc tịch gì trong hồ...' | Scores: {'getTransactionList | Tra cứu giao dịch chờ duyệt theo khoảng thời gian': 1, 'getUserProfile | Tra cứu thông tin cá nhân cơ bản': 1}
2026-01-06 09:18:37 | DEBUG    | log:153 | [normalize_query] 'Giới tính của tôi hiển thị như thế nào?...' -> 'Giới tính của tôi hiển thị như thế nào...'
2026-01-06 09:18:37 | DEBUG    | log:153 | [perform_hybrid_search] query_text: [Giới tính của tôi hiển thị như thế nào?] - formatted_query: [Giới tính của tôi hiển thị như thế nào] - normalized_query: [Giới tính của tôi hiển thị như thế nào]
2026-01-06 09:18:37 | DEBUG    | log:153 | [perform_hybrid_search] BM25 raw scores: min=0.0000, max=32.0739
2026-01-06 09:18:37 | DEBUG    | log:153 | [get_keyword_boost] Query: 'Giới tính của tôi hiển thị như...' | Doc: getUserProfile | Tra | Boost: 0.25 | Matched: ['giới tính']
2026-01-06 09:18:37 | DEBUG    | log:153 | [classify_query_intent] Classified: 'Giới tính của tôi hiển thị như...' -> getUserProfile | Tra cứu thông (score=1)
2026-01-06 09:18:37 | DEBUG    | log:153 | [normalize_query] 'Hồ sơ cá nhân của tôi có đang hoạt động ...' -> 'Hồ sơ cá nhân của tôi có đang hoạt động ...'
2026-01-06 09:18:37 | DEBUG    | log:153 | [perform_hybrid_search] query_text: [Hồ sơ cá nhân của tôi có đang hoạt động không?] - formatted_query: [Hồ sơ cá nhân của tôi có đang hoạt động không] - normalized_query: [Hồ sơ cá nhân của tôi có đang hoạt động không]
2026-01-06 09:18:37 | DEBUG    | log:153 | [perform_hybrid_search] BM25 raw scores: min=0.0126, max=47.1281
2026-01-06 09:18:37 | DEBUG    | log:153 | [get_keyword_boost] Query: 'Hồ sơ cá nhân của tôi có đang ...' | Doc: getUserProfile | Tra | Boost: 0.25 | Matched: ['hồ sơ cá nhân']
2026-01-06 09:18:37 | DEBUG    | log:153 | [get_keyword_boost] Query: 'Hồ sơ cá nhân của tôi có đang ...' | Doc: getUserProfile | Kiể | Boost: 0.25 | Matched: ['hoạt động']
2026-01-06 09:18:37 | DEBUG    | log:153 | [classify_query_intent] Ambiguous: 'Hồ sơ cá nhân của tôi có đang ...' | Scores: {'getUserProfile | Tra cứu thông tin cá nhân cơ bản': 1, 'getUserProfile | Kiểm tra trạng thái hồ sơ khách hàng': 1}
2026-01-06 09:18:37 | DEBUG    | log:153 | [normalize_query] 'Cho tôi kiểm tra dữ liệu cá nhân của tôi...' -> 'Cho tôi kiểm tra dữ liệu cá nhân của tôi...'
2026-01-06 09:18:37 | DEBUG    | log:153 | [perform_hybrid_search] query_text: [Cho tôi kiểm tra dữ liệu cá nhân của tôi] - formatted_query: [Cho tôi kiểm tra dữ liệu cá nhân của tôi] - normalized_query: [Cho tôi kiểm tra dữ liệu cá nhân của tôi]
2026-01-06 09:18:37 | DEBUG    | log:153 | [perform_hybrid_search] BM25 raw scores: min=0.0753, max=24.7815
2026-01-06 09:18:37 | DEBUG    | log:153 | [classify_query_intent] No keyword matches found in: 'Cho tôi kiểm tra dữ liệu cá nhân của tôi'
2026-01-06 09:18:37 | DEBUG    | log:153 | [normalize_query] 'Thông tin định danh cơ bản của tôi là gì...' -> 'Thông tin định danh cơ bản của tôi là gì...'
2026-01-06 09:18:37 | DEBUG    | log:153 | [perform_hybrid_search] query_text: [Thông tin định danh cơ bản của tôi là gì?] - formatted_query: [Thông tin định danh cơ bản của tôi là gì] - normalized_query: [Thông tin định danh cơ bản của tôi là gì]
2026-01-06 09:18:37 | DEBUG    | log:153 | [perform_hybrid_search] BM25 raw scores: min=0.3348, max=43.2495
2026-01-06 09:18:37 | DEBUG    | log:153 | [get_keyword_boost] Query: 'Thông tin định danh cơ bản của...' | Doc: getUserProfile | Tra | Boost: 0.25 | Matched: ['định danh']
2026-01-06 09:18:37 | DEBUG    | log:153 | [classify_query_intent] Classified: 'Thông tin định danh cơ bản của...' -> getUserProfile | Tra cứu thông (score=1)
2026-01-06 09:18:37 | DEBUG    | log:153 | [normalize_query] 'Kiểm tra tên và ngày sinh của tôi...' -> 'Kiểm tra tên và ngày sinh của tôi...'
2026-01-06 09:18:37 | DEBUG    | log:153 | [perform_hybrid_search] query_text: [Kiểm tra tên và ngày sinh của tôi] - formatted_query: [Kiểm tra tên và ngày sinh của tôi] - normalized_query: [Kiểm tra tên và ngày sinh của tôi]
2026-01-06 09:18:37 | DEBUG    | log:153 | [perform_hybrid_search] BM25 raw scores: min=0.0160, max=27.1333
2026-01-06 09:18:37 | DEBUG    | log:153 | [get_keyword_boost] Query: 'Kiểm tra tên và ngày sinh của ...' | Doc: Tra cứu lịch sử giao | Boost: 0.25 | Matched: ['ngày']
2026-01-06 09:18:37 | DEBUG    | log:153 | [get_keyword_boost] Query: 'Kiểm tra tên và ngày sinh của ...' | Doc: getTransactionList | | Boost: 0.25 | Matched: ['ngày']
2026-01-06 09:18:37 | DEBUG    | log:153 | [get_keyword_boost] Query: 'Kiểm tra tên và ngày sinh của ...' | Doc: getUserProfile | Tra | Boost: 0.25 | Matched: ['ngày sinh']
2026-01-06 09:18:37 | DEBUG    | log:153 | [classify_query_intent] Ambiguous: 'Kiểm tra tên và ngày sinh của ...' | Scores: {'Tra cứu lịch sử giao dịch theo khoảng thời gian': 1, 'getTransactionList | Tra cứu giao dịch chờ duyệt theo khoảng thời gian': 1, 'getUserProfile | Tra cứu thông tin cá nhân cơ bản': 1}
2026-01-06 09:18:37 | DEBUG    | log:153 | [normalize_query] 'Xem thông tin người dùng của mình...' -> 'Xem thông tin người dùng của mình...'
2026-01-06 09:18:37 | DEBUG    | log:153 | [perform_hybrid_search] query_text: [Xem thông tin người dùng của mình] - formatted_query: [Xem thông tin người dùng của mình] - normalized_query: [Xem thông tin người dùng của mình]
2026-01-06 09:18:37 | DEBUG    | log:153 | [perform_hybrid_search] BM25 raw scores: min=0.0146, max=23.4284
2026-01-06 09:18:37 | DEBUG    | log:153 | [get_keyword_boost] Query: 'Xem thông tin người dùng của m...' | Doc: getUserProfile | Tra | Boost: 0.25 | Matched: ['người dùng']
2026-01-06 09:18:37 | DEBUG    | log:153 | [classify_query_intent] Classified: 'Xem thông tin người dùng của m...' -> getUserProfile | Tra cứu thông (score=1)
2026-01-06 09:18:37 | DEBUG    | log:153 | [normalize_query] 'Cho tôi biết quốc tịch đã đăng ký...' -> 'Cho tôi biết quốc tịch đã đăng ký...'
2026-01-06 09:18:37 | DEBUG    | log:153 | [perform_hybrid_search] query_text: [Cho tôi biết quốc tịch đã đăng ký] - formatted_query: [Cho tôi biết quốc tịch đã đăng ký] - normalized_query: [Cho tôi biết quốc tịch đã đăng ký]
2026-01-06 09:18:37 | DEBUG    | log:153 | [perform_hybrid_search] BM25 raw scores: min=0.0000, max=26.7098
2026-01-06 09:18:37 | DEBUG    | log:153 | [get_keyword_boost] Query: 'Cho tôi biết quốc tịch đã đăng...' | Doc: getUserProfile | Tra | Boost: 0.25 | Matched: ['quốc tịch']
2026-01-06 09:18:37 | DEBUG    | log:153 | [classify_query_intent] Classified: 'Cho tôi biết quốc tịch đã đăng...' -> getUserProfile | Tra cứu thông (score=1)
2026-01-06 09:18:37 | DEBUG    | log:153 | [normalize_query] 'Ngày sinh của tôi trong hệ thống là ngày...' -> 'Ngày sinh của tôi trong hệ thống là ngày...'
2026-01-06 09:18:37 | DEBUG    | log:153 | [perform_hybrid_search] query_text: [Ngày sinh của tôi trong hệ thống là ngày nào?] - formatted_query: [Ngày sinh của tôi trong hệ thống là ngày nào] - normalized_query: [Ngày sinh của tôi trong hệ thống là ngày nào]
2026-01-06 09:18:37 | DEBUG    | log:153 | [perform_hybrid_search] BM25 raw scores: min=0.0595, max=22.3009
2026-01-06 09:18:37 | DEBUG    | log:153 | [get_keyword_boost] Query: 'Ngày sinh của tôi trong hệ thố...' | Doc: Tra cứu lịch sử giao | Boost: 0.25 | Matched: ['ngày']
2026-01-06 09:18:37 | DEBUG    | log:153 | [get_keyword_boost] Query: 'Ngày sinh của tôi trong hệ thố...' | Doc: getTransactionList | | Boost: 0.50 | Matched: ['ngày', 'trong']
2026-01-06 09:18:37 | DEBUG    | log:153 | [get_keyword_boost] Query: 'Ngày sinh của tôi trong hệ thố...' | Doc: getUserProfile | Tra | Boost: 0.25 | Matched: ['ngày sinh']
2026-01-06 09:18:37 | DEBUG    | log:153 | [classify_query_intent] Classified: 'Ngày sinh của tôi trong hệ thố...' -> getTransactionList | Tra cứu g (score=2)
2026-01-06 09:18:37 | DEBUG    | log:153 | [normalize_query] 'Tôi là nam hay nữ theo dữ liệu ngân hàng...' -> 'Tôi là nam hay nữ theo dữ liệu ngân hàng...'
2026-01-06 09:18:37 | DEBUG    | log:153 | [perform_hybrid_search] query_text: [Tôi là nam hay nữ theo dữ liệu ngân hàng?] - formatted_query: [Tôi là nam hay nữ theo dữ liệu ngân hàng] - normalized_query: [Tôi là nam hay nữ theo dữ liệu ngân hàng]
2026-01-06 09:18:37 | DEBUG    | log:153 | [perform_hybrid_search] BM25 raw scores: min=0.0424, max=8.5816
2026-01-06 09:18:37 | DEBUG    | log:153 | [get_keyword_boost] Query: 'Tôi là nam hay nữ theo dữ liệu...' | Doc: getUserProfile | Tra | Boost: 0.50 | Matched: ['nam', 'nữ']
2026-01-06 09:18:37 | DEBUG    | log:153 | [classify_query_intent] Classified: 'Tôi là nam hay nữ theo dữ liệu...' -> getUserProfile | Tra cứu thông (score=2)
2026-01-06 09:18:37 | DEBUG    | log:153 | [normalize_query] 'Hiển thị hồ sơ cá nhân của tôi...' -> 'Hiển thị hồ sơ cá nhân của tôi...'
2026-01-06 09:18:37 | DEBUG    | log:153 | [perform_hybrid_search] query_text: [Hiển thị hồ sơ cá nhân của tôi] - formatted_query: [Hiển thị hồ sơ cá nhân của tôi] - normalized_query: [Hiển thị hồ sơ cá nhân của tôi]
2026-01-06 09:18:37 | DEBUG    | log:153 | [perform_hybrid_search] BM25 raw scores: min=0.0126, max=46.3415
2026-01-06 09:18:37 | DEBUG    | log:153 | [get_keyword_boost] Query: 'Hiển thị hồ sơ cá nhân của tôi...' | Doc: getUserProfile | Tra | Boost: 0.25 | Matched: ['hồ sơ cá nhân']
2026-01-06 09:18:37 | DEBUG    | log:153 | [classify_query_intent] Classified: 'Hiển thị hồ sơ cá nhân của tôi...' -> getUserProfile | Tra cứu thông (score=1)
2026-01-06 09:18:37 | DEBUG    | log:153 | [normalize_query] 'Tôi muốn biết thông tin cơ bản của mình...' -> 'Tôi muốn biết thông tin cơ bản của mình...'
2026-01-06 09:18:37 | DEBUG    | log:153 | [perform_hybrid_search] query_text: [Tôi muốn biết thông tin cơ bản của mình] - formatted_query: [Tôi muốn biết thông tin cơ bản của mình] - normalized_query: [Tôi muốn biết thông tin cơ bản của mình]
2026-01-06 09:18:38 | DEBUG    | log:153 | [perform_hybrid_search] BM25 raw scores: min=0.3147, max=41.7480
2026-01-06 09:18:38 | DEBUG    | log:153 | [classify_query_intent] No keyword matches found in: 'Tôi muốn biết thông tin cơ bản của mình'
2026-01-06 09:18:38 | DEBUG    | log:153 | [normalize_query] 'Kiểm tra họ tên đã đăng ký...' -> 'Kiểm tra họ tên đã đăng ký...'
2026-01-06 09:18:38 | DEBUG    | log:153 | [perform_hybrid_search] query_text: [Kiểm tra họ tên đã đăng ký] - formatted_query: [Kiểm tra họ tên đã đăng ký] - normalized_query: [Kiểm tra họ tên đã đăng ký]
2026-01-06 09:18:38 | DEBUG    | log:153 | [perform_hybrid_search] BM25 raw scores: min=0.0202, max=21.7745
2026-01-06 09:18:38 | DEBUG    | log:153 | [get_keyword_boost] Query: 'Kiểm tra họ tên đã đăng ký...' | Doc: getUserProfile | Tra | Boost: 0.25 | Matched: ['họ tên']
2026-01-06 09:18:38 | DEBUG    | log:153 | [classify_query_intent] Classified: 'Kiểm tra họ tên đã đăng ký...' -> getUserProfile | Tra cứu thông (score=1)
2026-01-06 09:18:38 | DEBUG    | log:153 | [normalize_query] 'Dữ liệu cá nhân của tôi gồm những gì?...' -> 'Dữ liệu cá nhân của tôi gồm những gì...'
2026-01-06 09:18:38 | DEBUG    | log:153 | [perform_hybrid_search] query_text: [Dữ liệu cá nhân của tôi gồm những gì?] - formatted_query: [Dữ liệu cá nhân của tôi gồm những gì] - normalized_query: [Dữ liệu cá nhân của tôi gồm những gì]
2026-01-06 09:18:38 | DEBUG    | log:153 | [perform_hybrid_search] BM25 raw scores: min=0.0694, max=29.1518
2026-01-06 09:18:38 | DEBUG    | log:153 | [classify_query_intent] No keyword matches found in: 'Dữ liệu cá nhân của tôi gồm những gì'
2026-01-06 09:18:38 | DEBUG    | log:153 | [normalize_query] 'Cho tôi xem profile của mình trên app...' -> 'Cho tôi xem profile của mình trên app...'
2026-01-06 09:18:38 | DEBUG    | log:153 | [perform_hybrid_search] query_text: [Cho tôi xem profile của mình trên app] - formatted_query: [Cho tôi xem profile của mình trên app] - normalized_query: [Cho tôi xem profile của mình trên app]
2026-01-06 09:18:38 | DEBUG    | log:153 | [perform_hybrid_search] BM25 raw scores: min=0.0000, max=14.8166
2026-01-06 09:18:38 | DEBUG    | log:153 | [get_keyword_boost] Query: 'Cho tôi xem profile của mình t...' | Doc: Tra cứu giao dịch th | Boost: 0.25 | Matched: ['trên']
2026-01-06 09:18:38 | DEBUG    | log:153 | [get_keyword_boost] Query: 'Cho tôi xem profile của mình t...' | Doc: getTransactionList | | Boost: 0.25 | Matched: ['trên']
2026-01-06 09:18:38 | DEBUG    | log:153 | [get_keyword_boost] Query: 'Cho tôi xem profile của mình t...' | Doc: getUserProfile | Tra | Boost: 0.50 | Matched: ['profile', 'xem profile']
2026-01-06 09:18:38 | DEBUG    | log:153 | [classify_query_intent] Classified: 'Cho tôi xem profile của mình t...' -> getUserProfile | Tra cứu thông (score=2)
2026-01-06 09:18:38 | DEBUG    | log:153 | [normalize_query] 'Thông tin của tôi có đúng không?...' -> 'Thông tin của tôi có đúng không...'
2026-01-06 09:18:38 | DEBUG    | log:153 | [perform_hybrid_search] query_text: [Thông tin của tôi có đúng không?] - formatted_query: [Thông tin của tôi có đúng không] - normalized_query: [Thông tin của tôi có đúng không]
2026-01-06 09:18:38 | DEBUG    | log:153 | [perform_hybrid_search] BM25 raw scores: min=0.1696, max=11.5237
2026-01-06 09:18:38 | DEBUG    | log:153 | [classify_query_intent] No keyword matches found in: 'Thông tin của tôi có đúng không'
2026-01-06 09:18:38 | DEBUG    | log:153 | [normalize_query] 'Tra cứu họ và tên của khách hàng...' -> 'Tra cứu họ và tên của khách hàng...'
2026-01-06 09:18:38 | DEBUG    | log:153 | [perform_hybrid_search] query_text: [Tra cứu họ và tên của khách hàng] - formatted_query: [Tra cứu họ và tên của khách hàng] - normalized_query: [Tra cứu họ và tên của khách hàng]
2026-01-06 09:18:38 | DEBUG    | log:153 | [perform_hybrid_search] BM25 raw scores: min=0.2033, max=14.2200
2026-01-06 09:18:38 | DEBUG    | log:153 | [classify_query_intent] No keyword matches found in: 'Tra cứu họ và tên của khách hàng'
2026-01-06 09:18:38 | DEBUG    | log:153 | [normalize_query] 'Ngày sinh của tôi có đúng không?...' -> 'Ngày sinh của tôi có đúng không...'
2026-01-06 09:18:38 | DEBUG    | log:153 | [perform_hybrid_search] query_text: [Ngày sinh của tôi có đúng không?] - formatted_query: [Ngày sinh của tôi có đúng không] - normalized_query: [Ngày sinh của tôi có đúng không]
2026-01-06 09:18:38 | DEBUG    | log:153 | [perform_hybrid_search] BM25 raw scores: min=0.0000, max=10.9686
2026-01-06 09:18:38 | DEBUG    | log:153 | [get_keyword_boost] Query: 'Ngày sinh của tôi có đúng khôn...' | Doc: Tra cứu lịch sử giao | Boost: 0.25 | Matched: ['ngày']
2026-01-06 09:18:38 | DEBUG    | log:153 | [get_keyword_boost] Query: 'Ngày sinh của tôi có đúng khôn...' | Doc: getTransactionList | | Boost: 0.25 | Matched: ['ngày']
2026-01-06 09:18:38 | DEBUG    | log:153 | [get_keyword_boost] Query: 'Ngày sinh của tôi có đúng khôn...' | Doc: getUserProfile | Tra | Boost: 0.25 | Matched: ['ngày sinh']
2026-01-06 09:18:38 | DEBUG    | log:153 | [classify_query_intent] Ambiguous: 'Ngày sinh của tôi có đúng khôn...' | Scores: {'Tra cứu lịch sử giao dịch theo khoảng thời gian': 1, 'getTransactionList | Tra cứu giao dịch chờ duyệt theo khoảng thời gian': 1, 'getUserProfile | Tra cứu thông tin cá nhân cơ bản': 1}
2026-01-06 09:18:38 | DEBUG    | log:153 | [normalize_query] 'Tôi muốn xem thông tin cá nhân đăng ký b...' -> 'Tôi muốn xem thông tin cá nhân đăng ký b...'
2026-01-06 09:18:38 | DEBUG    | log:153 | [perform_hybrid_search] query_text: [Tôi muốn xem thông tin cá nhân đăng ký ban đầu] - formatted_query: [Tôi muốn xem thông tin cá nhân đăng ký ban đầu] - normalized_query: [Tôi muốn xem thông tin cá nhân đăng ký ban đầu]
2026-01-06 09:18:38 | DEBUG    | log:153 | [perform_hybrid_search] BM25 raw scores: min=0.3147, max=71.8810
2026-01-06 09:18:38 | DEBUG    | log:153 | [get_keyword_boost] Query: 'Tôi muốn xem thông tin cá nhân...' | Doc: getUserProfile | Tra | Boost: 0.25 | Matched: ['thông tin cá nhân']
2026-01-06 09:18:38 | DEBUG    | log:153 | [classify_query_intent] Classified: 'Tôi muốn xem thông tin cá nhân...' -> getUserProfile | Tra cứu thông (score=1)
2026-01-06 09:18:38 | DEBUG    | log:153 | [normalize_query] 'Thông tin cá nhân của tôi hiện có những ...' -> 'Thông tin cá nhân của tôi hiện có những ...'
2026-01-06 09:18:38 | DEBUG    | log:153 | [perform_hybrid_search] query_text: [Thông tin cá nhân của tôi hiện có những gì?] - formatted_query: [Thông tin cá nhân của tôi hiện có những gì] - normalized_query: [Thông tin cá nhân của tôi hiện có những gì]
2026-01-06 09:18:38 | DEBUG    | log:153 | [perform_hybrid_search] BM25 raw scores: min=0.2343, max=50.9431
2026-01-06 09:18:38 | DEBUG    | log:153 | [get_keyword_boost] Query: 'Thông tin cá nhân của tôi hiện...' | Doc: getUserProfile | Tra | Boost: 0.25 | Matched: ['thông tin cá nhân']
2026-01-06 09:18:38 | DEBUG    | log:153 | [classify_query_intent] Classified: 'Thông tin cá nhân của tôi hiện...' -> getUserProfile | Tra cứu thông (score=1)
2026-01-06 09:18:38 | DEBUG    | log:153 | [normalize_query] 'Cho tôi biết giới tính trong hồ sơ...' -> 'Cho tôi biết giới tính trong hồ sơ...'
2026-01-06 09:18:38 | DEBUG    | log:153 | [perform_hybrid_search] query_text: [Cho tôi biết giới tính trong hồ sơ] - formatted_query: [Cho tôi biết giới tính trong hồ sơ] - normalized_query: [Cho tôi biết giới tính trong hồ sơ]
2026-01-06 09:18:38 | DEBUG    | log:153 | [perform_hybrid_search] BM25 raw scores: min=0.0202, max=19.9045
2026-01-06 09:18:38 | DEBUG    | log:153 | [get_keyword_boost] Query: 'Cho tôi biết giới tính trong h...' | Doc: getTransactionList | | Boost: 0.25 | Matched: ['trong']
2026-01-06 09:18:38 | DEBUG    | log:153 | [get_keyword_boost] Query: 'Cho tôi biết giới tính trong h...' | Doc: getUserProfile | Tra | Boost: 0.25 | Matched: ['giới tính']
2026-01-06 09:18:38 | DEBUG    | log:153 | [classify_query_intent] Ambiguous: 'Cho tôi biết giới tính trong h...' | Scores: {'getTransactionList | Tra cứu giao dịch chờ duyệt theo khoảng thời gian': 1, 'getUserProfile | Tra cứu thông tin cá nhân cơ bản': 1}
2026-01-06 09:18:38 | DEBUG    | log:153 | [normalize_query] 'Kiểm tra quốc tịch của tôi...' -> 'Kiểm tra quốc tịch của tôi...'
2026-01-06 09:18:38 | DEBUG    | log:153 | [perform_hybrid_search] query_text: [Kiểm tra quốc tịch của tôi] - formatted_query: [Kiểm tra quốc tịch của tôi] - normalized_query: [Kiểm tra quốc tịch của tôi]
2026-01-06 09:18:38 | DEBUG    | log:153 | [perform_hybrid_search] BM25 raw scores: min=0.0160, max=17.6258
2026-01-06 09:18:38 | DEBUG    | log:153 | [get_keyword_boost] Query: 'Kiểm tra quốc tịch của tôi...' | Doc: getUserProfile | Tra | Boost: 0.25 | Matched: ['quốc tịch']
2026-01-06 09:18:38 | DEBUG    | log:153 | [classify_query_intent] Classified: 'Kiểm tra quốc tịch của tôi...' -> getUserProfile | Tra cứu thông (score=1)
2026-01-06 09:18:38 | DEBUG    | log:153 | [normalize_query] 'Xem họ tên của tôi...' -> 'Xem họ tên của tôi...'
2026-01-06 09:18:38 | DEBUG    | log:153 | [perform_hybrid_search] query_text: [Xem họ tên của tôi] - formatted_query: [Xem họ tên của tôi] - normalized_query: [Xem họ tên của tôi]
2026-01-06 09:18:38 | DEBUG    | log:153 | [perform_hybrid_search] BM25 raw scores: min=0.0000, max=11.1266
2026-01-06 09:18:38 | DEBUG    | log:153 | [get_keyword_boost] Query: 'Xem họ tên của tôi...' | Doc: getUserProfile | Tra | Boost: 0.25 | Matched: ['họ tên']
2026-01-06 09:18:38 | DEBUG    | log:153 | [classify_query_intent] Classified: 'Xem họ tên của tôi...' -> getUserProfile | Tra cứu thông (score=1)
2026-01-06 09:18:38 | DEBUG    | log:153 | [normalize_query] 'Tôi muốn kiểm tra ngày tháng năm sinh...' -> 'Tôi muốn kiểm tra ngày tháng năm sinh...'
2026-01-06 09:18:38 | DEBUG    | log:153 | [perform_hybrid_search] query_text: [Tôi muốn kiểm tra ngày tháng năm sinh] - formatted_query: [Tôi muốn kiểm tra ngày tháng năm sinh] - normalized_query: [Tôi muốn kiểm tra ngày tháng năm sinh]
2026-01-06 09:18:38 | DEBUG    | log:153 | [perform_hybrid_search] BM25 raw scores: min=0.0160, max=27.7742
2026-01-06 09:18:38 | DEBUG    | log:153 | [get_keyword_boost] Query: 'Tôi muốn kiểm tra ngày tháng n...' | Doc: Tra cứu lịch sử giao | Boost: 0.75 | Matched: ['ngày', 'tháng', 'năm']
2026-01-06 09:18:38 | DEBUG    | log:153 | [get_keyword_boost] Query: 'Tôi muốn kiểm tra ngày tháng n...' | Doc: getTransactionList | | Boost: 0.75 | Matched: ['ngày', 'tháng', 'năm']
2026-01-06 09:18:38 | DEBUG    | log:153 | [classify_query_intent] Ambiguous: 'Tôi muốn kiểm tra ngày tháng n...' | Scores: {'Tra cứu lịch sử giao dịch theo khoảng thời gian': 3, 'getTransactionList | Tra cứu giao dịch chờ duyệt theo khoảng thời gian': 3}
2026-01-06 09:18:38 | DEBUG    | log:153 | [normalize_query] 'Chi tiết thông tin cá nhân của tôi...' -> 'Chi tiết thông tin cá nhân của tôi...'
2026-01-06 09:18:38 | DEBUG    | log:153 | [perform_hybrid_search] query_text: [Chi tiết thông tin cá nhân của tôi] - formatted_query: [Chi tiết thông tin cá nhân của tôi] - normalized_query: [Chi tiết thông tin cá nhân của tôi]
2026-01-06 09:18:38 | DEBUG    | log:153 | [perform_hybrid_search] BM25 raw scores: min=0.0000, max=38.4226
2026-01-06 09:18:38 | DEBUG    | log:153 | [get_keyword_boost] Query: 'Chi tiết thông tin cá nhân của...' | Doc: getUserProfile | Tra | Boost: 0.25 | Matched: ['thông tin cá nhân']
2026-01-06 09:18:38 | DEBUG    | log:153 | [classify_query_intent] Classified: 'Chi tiết thông tin cá nhân của...' -> getUserProfile | Tra cứu thông (score=1)
2026-01-06 09:18:38 | DEBUG    | log:153 | [normalize_query] 'Xem dữ liệu người dùng của mình...' -> 'Xem dữ liệu người dùng của mình...'
2026-01-06 09:18:38 | DEBUG    | log:153 | [perform_hybrid_search] query_text: [Xem dữ liệu người dùng của mình] - formatted_query: [Xem dữ liệu người dùng của mình] - normalized_query: [Xem dữ liệu người dùng của mình]
2026-01-06 09:18:38 | DEBUG    | log:153 | [perform_hybrid_search] BM25 raw scores: min=0.0520, max=8.9830
2026-01-06 09:18:38 | DEBUG    | log:153 | [get_keyword_boost] Query: 'Xem dữ liệu người dùng của mìn...' | Doc: getUserProfile | Tra | Boost: 0.25 | Matched: ['người dùng']
2026-01-06 09:18:38 | DEBUG    | log:153 | [classify_query_intent] Classified: 'Xem dữ liệu người dùng của mìn...' -> getUserProfile | Tra cứu thông (score=1)
2026-01-06 09:18:38 | DEBUG    | log:153 | [normalize_query] 'Hệ thống lưu tên tôi là gì?...' -> 'Hệ thống lưu tên tôi là gì...'
2026-01-06 09:18:38 | DEBUG    | log:153 | [perform_hybrid_search] query_text: [Hệ thống lưu tên tôi là gì?] - formatted_query: [Hệ thống lưu tên tôi là gì] - normalized_query: [Hệ thống lưu tên tôi là gì]
2026-01-06 09:18:38 | DEBUG    | log:153 | [perform_hybrid_search] BM25 raw scores: min=0.0441, max=26.1688
2026-01-06 09:18:38 | DEBUG    | log:153 | [get_keyword_boost] Query: 'Hệ thống lưu tên tôi là gì...' | Doc: getUserProfile | Tra | Boost: 0.25 | Matched: ['tên tôi']
2026-01-06 09:18:38 | DEBUG    | log:153 | [classify_query_intent] Classified: 'Hệ thống lưu tên tôi là gì...' -> getUserProfile | Tra cứu thông (score=1)
2026-01-06 09:18:38 | DEBUG    | log:153 | [normalize_query] 'Hồ sơ của tôi gồm tên và ngày sinh nào?...' -> 'Hồ sơ của tôi gồm tên và ngày sinh nào...'
2026-01-06 09:18:38 | DEBUG    | log:153 | [perform_hybrid_search] query_text: [Hồ sơ của tôi gồm tên và ngày sinh nào?] - formatted_query: [Hồ sơ của tôi gồm tên và ngày sinh nào] - normalized_query: [Hồ sơ của tôi gồm tên và ngày sinh nào]
2026-01-06 09:18:38 | DEBUG    | log:153 | [perform_hybrid_search] BM25 raw scores: min=0.0344, max=37.2731
2026-01-06 09:18:38 | DEBUG    | log:153 | [get_keyword_boost] Query: 'Hồ sơ của tôi gồm tên và ngày ...' | Doc: Tra cứu lịch sử giao | Boost: 0.25 | Matched: ['ngày']
2026-01-06 09:18:38 | DEBUG    | log:153 | [get_keyword_boost] Query: 'Hồ sơ của tôi gồm tên và ngày ...' | Doc: getTransactionList | | Boost: 0.25 | Matched: ['ngày']
2026-01-06 09:18:38 | DEBUG    | log:153 | [get_keyword_boost] Query: 'Hồ sơ của tôi gồm tên và ngày ...' | Doc: getUserProfile | Tra | Boost: 0.25 | Matched: ['ngày sinh']
2026-01-06 09:18:38 | DEBUG    | log:153 | [classify_query_intent] Ambiguous: 'Hồ sơ của tôi gồm tên và ngày ...' | Scores: {'Tra cứu lịch sử giao dịch theo khoảng thời gian': 1, 'getTransactionList | Tra cứu giao dịch chờ duyệt theo khoảng thời gian': 1, 'getUserProfile | Tra cứu thông tin cá nhân cơ bản': 1}
2026-01-06 09:18:38 | DEBUG    | log:153 | [normalize_query] 'Email tôi đăng ký là gì?...' -> 'Email tôi đăng ký là gì...'
2026-01-06 09:18:38 | DEBUG    | log:153 | [perform_hybrid_search] query_text: [Email tôi đăng ký là gì?] - formatted_query: [Email tôi đăng ký là gì] - normalized_query: [Email tôi đăng ký là gì]
2026-01-06 09:18:38 | DEBUG    | log:153 | [perform_hybrid_search] BM25 raw scores: min=0.0000, max=36.6391
2026-01-06 09:18:38 | DEBUG    | log:153 | [get_keyword_boost] Query: 'Email tôi đăng ký là gì...' | Doc: getUserProfile | Tra | Boost: 0.25 | Matched: ['email']
2026-01-06 09:18:38 | DEBUG    | log:153 | [classify_query_intent] Classified: 'Email tôi đăng ký là gì...' -> getUserProfile | Tra cứu thông (score=1)
2026-01-06 09:18:38 | DEBUG    | log:153 | [normalize_query] 'Số điện thoại của tôi đang lưu là số nào...' -> 'Số điện thoại của tôi đang lưu là số nào...'
2026-01-06 09:18:38 | DEBUG    | log:153 | [perform_hybrid_search] query_text: [Số điện thoại của tôi đang lưu là số nào?] - formatted_query: [Số điện thoại của tôi đang lưu là số nào] - normalized_query: [Số điện thoại của tôi đang lưu là số nào]
2026-01-06 09:18:38 | DEBUG    | log:153 | [perform_hybrid_search] BM25 raw scores: min=0.0916, max=48.2213
2026-01-06 09:18:38 | DEBUG    | log:153 | [get_keyword_boost] Query: 'Số điện thoại của tôi đang lưu...' | Doc: getUserProfile | Tra | Boost: 0.25 | Matched: ['số điện thoại']
2026-01-06 09:18:38 | DEBUG    | log:153 | [classify_query_intent] Classified: 'Số điện thoại của tôi đang lưu...' -> getUserProfile | Tra cứu thông (score=1)
2026-01-06 09:18:38 | DEBUG    | log:153 | [normalize_query] 'Tôi đã đăng ký số điện thoại nào?...' -> 'Tôi đã đăng ký số điện thoại nào...'
2026-01-06 09:18:38 | DEBUG    | log:153 | [perform_hybrid_search] query_text: [Tôi đã đăng ký số điện thoại nào?] - formatted_query: [Tôi đã đăng ký số điện thoại nào] - normalized_query: [Tôi đã đăng ký số điện thoại nào]
2026-01-06 09:18:38 | DEBUG    | log:153 | [perform_hybrid_search] BM25 raw scores: min=0.0916, max=51.6560
2026-01-06 09:18:38 | DEBUG    | log:153 | [get_keyword_boost] Query: 'Tôi đã đăng ký số điện thoại n...' | Doc: getUserProfile | Tra | Boost: 0.25 | Matched: ['số điện thoại']
2026-01-06 09:18:38 | DEBUG    | log:153 | [classify_query_intent] Classified: 'Tôi đã đăng ký số điện thoại n...' -> getUserProfile | Tra cứu thông (score=1)
2026-01-06 09:18:38 | DEBUG    | log:153 | [normalize_query] 'Kiểm tra thông tin liên hệ của tôi...' -> 'Kiểm tra thông tin liên hệ của tôi...'
2026-01-06 09:18:38 | DEBUG    | log:153 | [perform_hybrid_search] query_text: [Kiểm tra thông tin liên hệ của tôi] - formatted_query: [Kiểm tra thông tin liên hệ của tôi] - normalized_query: [Kiểm tra thông tin liên hệ của tôi]
2026-01-06 09:18:38 | DEBUG    | log:153 | [perform_hybrid_search] BM25 raw scores: min=0.0160, max=42.8797
2026-01-06 09:18:38 | DEBUG    | log:153 | [get_keyword_boost] Query: 'Kiểm tra thông tin liên hệ của...' | Doc: getUserProfile | Tra | Boost: 0.25 | Matched: ['liên hệ']
2026-01-06 09:18:38 | DEBUG    | log:153 | [classify_query_intent] Classified: 'Kiểm tra thông tin liên hệ của...' -> getUserProfile | Tra cứu thông (score=1)
2026-01-06 09:18:38 | DEBUG    | log:153 | [normalize_query] 'Cho tôi xem email và số điện thoại đã đă...' -> 'Cho tôi xem email và số điện thoại đã đă...'
2026-01-06 09:18:38 | DEBUG    | log:153 | [perform_hybrid_search] query_text: [Cho tôi xem email và số điện thoại đã đăng ký] - formatted_query: [Cho tôi xem email và số điện thoại đã đăng ký] - normalized_query: [Cho tôi xem email và số điện thoại đã đăng ký]
2026-01-06 09:18:38 | DEBUG    | log:153 | [perform_hybrid_search] BM25 raw scores: min=0.1700, max=62.4834
2026-01-06 09:18:38 | DEBUG    | log:153 | [get_keyword_boost] Query: 'Cho tôi xem email và số điện t...' | Doc: getUserProfile | Tra | Boost: 0.50 | Matched: ['số điện thoại', 'email']
2026-01-06 09:18:38 | DEBUG    | log:153 | [classify_query_intent] Classified: 'Cho tôi xem email và số điện t...' -> getUserProfile | Tra cứu thông (score=2)
2026-01-06 09:18:38 | DEBUG    | log:153 | [normalize_query] 'Địa chỉ liên hệ hiện tại của tôi là gì?...' -> 'Địa chỉ liên hệ hiện tại của tôi là gì...'
2026-01-06 09:18:38 | DEBUG    | log:153 | [perform_hybrid_search] query_text: [Địa chỉ liên hệ hiện tại của tôi là gì?] - formatted_query: [Địa chỉ liên hệ hiện tại của tôi là gì] - normalized_query: [Địa chỉ liên hệ hiện tại của tôi là gì]
2026-01-06 09:18:38 | DEBUG    | log:153 | [perform_hybrid_search] BM25 raw scores: min=0.0000, max=63.0858
2026-01-06 09:18:38 | DEBUG    | log:153 | [get_keyword_boost] Query: 'Địa chỉ liên hệ hiện tại của t...' | Doc: getUserProfile | Tra | Boost: 0.50 | Matched: ['liên hệ', 'địa chỉ']
2026-01-06 09:18:38 | DEBUG    | log:153 | [classify_query_intent] Classified: 'Địa chỉ liên hệ hiện tại của t...' -> getUserProfile | Tra cứu thông (score=2)
2026-01-06 09:18:38 | DEBUG    | log:153 | [normalize_query] 'Tôi muốn xem thông tin liên lạc của mình...' -> 'Tôi muốn xem thông tin liên lạc của mình...'
2026-01-06 09:18:38 | DEBUG    | log:153 | [perform_hybrid_search] query_text: [Tôi muốn xem thông tin liên lạc của mình] - formatted_query: [Tôi muốn xem thông tin liên lạc của mình] - normalized_query: [Tôi muốn xem thông tin liên lạc của mình]
2026-01-06 09:18:38 | DEBUG    | log:153 | [perform_hybrid_search] BM25 raw scores: min=0.0000, max=53.9161
2026-01-06 09:18:38 | DEBUG    | log:153 | [get_keyword_boost] Query: 'Tôi muốn xem thông tin liên lạ...' | Doc: getUserProfile | Tra | Boost: 0.50 | Matched: ['liên lạc', 'thông tin liên lạc']
2026-01-06 09:18:38 | DEBUG    | log:153 | [classify_query_intent] Classified: 'Tôi muốn xem thông tin liên lạ...' -> getUserProfile | Tra cứu thông (score=2)
2026-01-06 09:18:38 | DEBUG    | log:153 | [normalize_query] 'Email và số điện thoại của tôi có đúng k...' -> 'Email và số điện thoại của tôi có đúng k...'
2026-01-06 09:18:38 | DEBUG    | log:153 | [perform_hybrid_search] query_text: [Email và số điện thoại của tôi có đúng không?] - formatted_query: [Email và số điện thoại của tôi có đúng không] - normalized_query: [Email và số điện thoại của tôi có đúng không]
2026-01-06 09:18:38 | DEBUG    | log:153 | [perform_hybrid_search] BM25 raw scores: min=0.0395, max=47.9837
2026-01-06 09:18:38 | DEBUG    | log:153 | [get_keyword_boost] Query: 'Email và số điện thoại của tôi...' | Doc: getUserProfile | Tra | Boost: 0.50 | Matched: ['số điện thoại', 'email']
2026-01-06 09:18:38 | DEBUG    | log:153 | [classify_query_intent] Classified: 'Email và số điện thoại của tôi...' -> getUserProfile | Tra cứu thông (score=2)
2026-01-06 09:18:38 | DEBUG    | log:153 | [normalize_query] 'Xem thông tin liên hệ trong hồ sơ khách ...' -> 'Xem thông tin liên hệ trong hồ sơ khách ...'
2026-01-06 09:18:38 | DEBUG    | log:153 | [perform_hybrid_search] query_text: [Xem thông tin liên hệ trong hồ sơ khách hàng] - formatted_query: [Xem thông tin liên hệ trong hồ sơ khách hàng] - normalized_query: [Xem thông tin liên hệ trong hồ sơ khách hàng]
2026-01-06 09:18:38 | DEBUG    | log:153 | [perform_hybrid_search] BM25 raw scores: min=0.3348, max=67.3748
2026-01-06 09:18:38 | DEBUG    | log:153 | [get_keyword_boost] Query: 'Xem thông tin liên hệ trong hồ...' | Doc: getTransactionList | | Boost: 0.25 | Matched: ['trong']
2026-01-06 09:18:38 | DEBUG    | log:153 | [get_keyword_boost] Query: 'Xem thông tin liên hệ trong hồ...' | Doc: getUserProfile | Tra | Boost: 0.25 | Matched: ['liên hệ']
2026-01-06 09:18:38 | DEBUG    | log:153 | [classify_query_intent] Ambiguous: 'Xem thông tin liên hệ trong hồ...' | Scores: {'getTransactionList | Tra cứu giao dịch chờ duyệt theo khoảng thời gian': 1, 'getUserProfile | Tra cứu thông tin liên hệ của khách hàng': 1}
2026-01-06 09:18:38 | DEBUG    | log:153 | [normalize_query] 'Tôi đang dùng email nào để đăng ký?...' -> 'Tôi đang dùng email nào để đăng ký...'
2026-01-06 09:18:38 | DEBUG    | log:153 | [perform_hybrid_search] query_text: [Tôi đang dùng email nào để đăng ký?] - formatted_query: [Tôi đang dùng email nào để đăng ký] - normalized_query: [Tôi đang dùng email nào để đăng ký]
2026-01-06 09:18:38 | DEBUG    | log:153 | [perform_hybrid_search] BM25 raw scores: min=0.0108, max=43.2785
2026-01-06 09:18:38 | DEBUG    | log:153 | [get_keyword_boost] Query: 'Tôi đang dùng email nào để đăn...' | Doc: getUserProfile | Tra | Boost: 0.25 | Matched: ['email']
2026-01-06 09:18:38 | DEBUG    | log:153 | [classify_query_intent] Classified: 'Tôi đang dùng email nào để đăn...' -> getUserProfile | Tra cứu thông (score=1)
2026-01-06 09:18:38 | DEBUG    | log:153 | [normalize_query] 'Số điện thoại chính của tôi là gì?...' -> 'Số điện thoại chính của tôi là gì...'
2026-01-06 09:18:38 | DEBUG    | log:153 | [perform_hybrid_search] query_text: [Số điện thoại chính của tôi là gì?] - formatted_query: [Số điện thoại chính của tôi là gì] - normalized_query: [Số điện thoại chính của tôi là gì]
2026-01-06 09:18:38 | DEBUG    | log:153 | [perform_hybrid_search] BM25 raw scores: min=0.0802, max=37.4050
2026-01-06 09:18:38 | DEBUG    | log:153 | [get_keyword_boost] Query: 'Số điện thoại chính của tôi là...' | Doc: getUserProfile | Tra | Boost: 0.25 | Matched: ['số điện thoại']
2026-01-06 09:18:38 | DEBUG    | log:153 | [classify_query_intent] Classified: 'Số điện thoại chính của tôi là...' -> getUserProfile | Tra cứu thông (score=1)
2026-01-06 09:18:38 | DEBUG    | log:153 | [normalize_query] 'Kiểm tra địa chỉ tôi đã cung cấp cho ngâ...' -> 'Kiểm tra địa chỉ tôi đã cung cấp cho ngâ...'
2026-01-06 09:18:38 | DEBUG    | log:153 | [perform_hybrid_search] query_text: [Kiểm tra địa chỉ tôi đã cung cấp cho ngân hàng] - formatted_query: [Kiểm tra địa chỉ tôi đã cung cấp cho ngân hàng] - normalized_query: [Kiểm tra địa chỉ tôi đã cung cấp cho ngân hàng]
2026-01-06 09:18:38 | DEBUG    | log:153 | [perform_hybrid_search] BM25 raw scores: min=0.0206, max=54.9407
2026-01-06 09:18:38 | DEBUG    | log:153 | [get_keyword_boost] Query: 'Kiểm tra địa chỉ tôi đã cung c...' | Doc: getUserProfile | Tra | Boost: 0.25 | Matched: ['địa chỉ']
2026-01-06 09:18:38 | DEBUG    | log:153 | [classify_query_intent] Classified: 'Kiểm tra địa chỉ tôi đã cung c...' -> getUserProfile | Tra cứu thông (score=1)
2026-01-06 09:18:38 | DEBUG    | log:153 | [normalize_query] 'Thông tin liên hệ của tôi gồm những gì?...' -> 'Thông tin liên hệ của tôi gồm những gì...'
2026-01-06 09:18:38 | DEBUG    | log:153 | [perform_hybrid_search] query_text: [Thông tin liên hệ của tôi gồm những gì?] - formatted_query: [Thông tin liên hệ của tôi gồm những gì] - normalized_query: [Thông tin liên hệ của tôi gồm những gì]
2026-01-06 09:18:39 | DEBUG    | log:153 | [perform_hybrid_search] BM25 raw scores: min=0.1492, max=47.2411
2026-01-06 09:18:39 | DEBUG    | log:153 | [get_keyword_boost] Query: 'Thông tin liên hệ của tôi gồm ...' | Doc: getUserProfile | Tra | Boost: 0.25 | Matched: ['liên hệ']
2026-01-06 09:18:39 | DEBUG    | log:153 | [classify_query_intent] Classified: 'Thông tin liên hệ của tôi gồm ...' -> getUserProfile | Tra cứu thông (score=1)
2026-01-06 09:18:39 | DEBUG    | log:153 | [normalize_query] 'Cho tôi biết địa chỉ đã đăng ký...' -> 'Cho tôi biết địa chỉ đã đăng ký...'
2026-01-06 09:18:39 | DEBUG    | log:153 | [perform_hybrid_search] query_text: [Cho tôi biết địa chỉ đã đăng ký] - formatted_query: [Cho tôi biết địa chỉ đã đăng ký] - normalized_query: [Cho tôi biết địa chỉ đã đăng ký]
2026-01-06 09:18:39 | DEBUG    | log:153 | [perform_hybrid_search] BM25 raw scores: min=0.0000, max=49.8943
2026-01-06 09:18:39 | DEBUG    | log:153 | [get_keyword_boost] Query: 'Cho tôi biết địa chỉ đã đăng k...' | Doc: getUserProfile | Tra | Boost: 0.25 | Matched: ['địa chỉ']
2026-01-06 09:18:39 | DEBUG    | log:153 | [classify_query_intent] Classified: 'Cho tôi biết địa chỉ đã đăng k...' -> getUserProfile | Tra cứu thông (score=1)
2026-01-06 09:18:39 | DEBUG    | log:153 | [normalize_query] 'Xem thông tin email trong hồ sơ người dù...' -> 'Xem thông tin email trong hồ sơ người dù...'
2026-01-06 09:18:39 | DEBUG    | log:153 | [perform_hybrid_search] query_text: [Xem thông tin email trong hồ sơ người dùng] - formatted_query: [Xem thông tin email trong hồ sơ người dùng] - normalized_query: [Xem thông tin email trong hồ sơ người dùng]
2026-01-06 09:18:39 | DEBUG    | log:153 | [perform_hybrid_search] BM25 raw scores: min=1.2912, max=44.3964
2026-01-06 09:18:39 | DEBUG    | log:153 | [get_keyword_boost] Query: 'Xem thông tin email trong hồ s...' | Doc: getTransactionList | | Boost: 0.25 | Matched: ['trong']
2026-01-06 09:18:39 | DEBUG    | log:153 | [get_keyword_boost] Query: 'Xem thông tin email trong hồ s...' | Doc: getUserProfile | Tra | Boost: 0.25 | Matched: ['người dùng']
2026-01-06 09:18:39 | DEBUG    | log:153 | [get_keyword_boost] Query: 'Xem thông tin email trong hồ s...' | Doc: getUserProfile | Tra | Boost: 0.25 | Matched: ['email']
2026-01-06 09:18:39 | DEBUG    | log:153 | [classify_query_intent] Ambiguous: 'Xem thông tin email trong hồ s...' | Scores: {'getTransactionList | Tra cứu giao dịch chờ duyệt theo khoảng thời gian': 1, 'getUserProfile | Tra cứu thông tin cá nhân cơ bản': 1, 'getUserProfile | Tra cứu thông tin liên hệ của khách hàng': 1}
2026-01-06 09:18:39 | DEBUG    | log:153 | [normalize_query] 'Tôi muốn xác nhận lại thông tin liên hệ...' -> 'Tôi muốn xác nhận lại thông tin liên hệ...'
2026-01-06 09:18:39 | DEBUG    | log:153 | [perform_hybrid_search] query_text: [Tôi muốn xác nhận lại thông tin liên hệ] - formatted_query: [Tôi muốn xác nhận lại thông tin liên hệ] - normalized_query: [Tôi muốn xác nhận lại thông tin liên hệ]
2026-01-06 09:18:39 | DEBUG    | log:153 | [perform_hybrid_search] BM25 raw scores: min=0.5400, max=47.9451
2026-01-06 09:18:39 | DEBUG    | log:153 | [get_keyword_boost] Query: 'Tôi muốn xác nhận lại thông ti...' | Doc: Tra cứu giao dịch nh | Boost: 0.25 | Matched: ['nhận']
2026-01-06 09:18:39 | DEBUG    | log:153 | [get_keyword_boost] Query: 'Tôi muốn xác nhận lại thông ti...' | Doc: getUserProfile | Tra | Boost: 0.25 | Matched: ['liên hệ']
2026-01-06 09:18:39 | DEBUG    | log:153 | [classify_query_intent] Ambiguous: 'Tôi muốn xác nhận lại thông ti...' | Scores: {'Tra cứu giao dịch nhận tiền': 1, 'getUserProfile | Tra cứu thông tin liên hệ của khách hàng': 1}
2026-01-06 09:18:39 | DEBUG    | log:153 | [normalize_query] 'Ngân hàng lưu địa chỉ của tôi như thế nà...' -> 'Ngân hàng lưu địa chỉ của tôi như thế nà...'
2026-01-06 09:18:39 | DEBUG    | log:153 | [perform_hybrid_search] query_text: [Ngân hàng lưu địa chỉ của tôi như thế nào?] - formatted_query: [Ngân hàng lưu địa chỉ của tôi như thế nào] - normalized_query: [Ngân hàng lưu địa chỉ của tôi như thế nào]
2026-01-06 09:18:39 | DEBUG    | log:153 | [perform_hybrid_search] BM25 raw scores: min=0.0000, max=61.2253
2026-01-06 09:18:39 | DEBUG    | log:153 | [get_keyword_boost] Query: 'Ngân hàng lưu địa chỉ của tôi ...' | Doc: getUserProfile | Tra | Boost: 0.25 | Matched: ['địa chỉ']
2026-01-06 09:18:39 | DEBUG    | log:153 | [classify_query_intent] Classified: 'Ngân hàng lưu địa chỉ của tôi ...' -> getUserProfile | Tra cứu thông (score=1)
2026-01-06 09:18:39 | DEBUG    | log:153 | [normalize_query] 'Xem thông tin liên lạc đã đăng ký...' -> 'Xem thông tin liên lạc đã đăng ký...'
2026-01-06 09:18:39 | DEBUG    | log:153 | [perform_hybrid_search] query_text: [Xem thông tin liên lạc đã đăng ký] - formatted_query: [Xem thông tin liên lạc đã đăng ký] - normalized_query: [Xem thông tin liên lạc đã đăng ký]
2026-01-06 09:18:39 | DEBUG    | log:153 | [perform_hybrid_search] BM25 raw scores: min=0.3147, max=65.5873
2026-01-06 09:18:39 | DEBUG    | log:153 | [get_keyword_boost] Query: 'Xem thông tin liên lạc đã đăng...' | Doc: getUserProfile | Tra | Boost: 0.50 | Matched: ['liên lạc', 'thông tin liên lạc']
2026-01-06 09:18:39 | DEBUG    | log:153 | [classify_query_intent] Classified: 'Xem thông tin liên lạc đã đăng...' -> getUserProfile | Tra cứu thông (score=2)
2026-01-06 09:18:39 | DEBUG    | log:153 | [normalize_query] 'Kiểm tra email trong hồ sơ cá nhân...' -> 'Kiểm tra email trong hồ sơ cá nhân...'
2026-01-06 09:18:39 | DEBUG    | log:153 | [perform_hybrid_search] query_text: [Kiểm tra email trong hồ sơ cá nhân] - formatted_query: [Kiểm tra email trong hồ sơ cá nhân] - normalized_query: [Kiểm tra email trong hồ sơ cá nhân]
2026-01-06 09:18:39 | DEBUG    | log:153 | [perform_hybrid_search] BM25 raw scores: min=0.0404, max=46.2809
2026-01-06 09:18:39 | DEBUG    | log:153 | [get_keyword_boost] Query: 'Kiểm tra email trong hồ sơ cá ...' | Doc: getTransactionList | | Boost: 0.25 | Matched: ['trong']
2026-01-06 09:18:39 | DEBUG    | log:153 | [get_keyword_boost] Query: 'Kiểm tra email trong hồ sơ cá ...' | Doc: getUserProfile | Tra | Boost: 0.25 | Matched: ['hồ sơ cá nhân']
2026-01-06 09:18:39 | DEBUG    | log:153 | [get_keyword_boost] Query: 'Kiểm tra email trong hồ sơ cá ...' | Doc: getUserProfile | Tra | Boost: 0.25 | Matched: ['email']
2026-01-06 09:18:39 | DEBUG    | log:153 | [classify_query_intent] Ambiguous: 'Kiểm tra email trong hồ sơ cá ...' | Scores: {'getTransactionList | Tra cứu giao dịch chờ duyệt theo khoảng thời gian': 1, 'getUserProfile | Tra cứu thông tin cá nhân cơ bản': 1, 'getUserProfile | Tra cứu thông tin liên hệ của khách hàng': 1}
2026-01-06 09:18:39 | DEBUG    | log:153 | [normalize_query] 'Thông tin liên hệ của tôi hiện tại là gì...' -> 'Thông tin liên hệ của tôi hiện tại là gì...'
2026-01-06 09:18:39 | DEBUG    | log:153 | [perform_hybrid_search] query_text: [Thông tin liên hệ của tôi hiện tại là gì?] - formatted_query: [Thông tin liên hệ của tôi hiện tại là gì] - normalized_query: [Thông tin liên hệ của tôi hiện tại là gì]
2026-01-06 09:18:39 | DEBUG    | log:153 | [perform_hybrid_search] BM25 raw scores: min=0.1680, max=53.0482
2026-01-06 09:18:39 | DEBUG    | log:153 | [get_keyword_boost] Query: 'Thông tin liên hệ của tôi hiện...' | Doc: getUserProfile | Tra | Boost: 0.25 | Matched: ['liên hệ']
2026-01-06 09:18:39 | DEBUG    | log:153 | [classify_query_intent] Classified: 'Thông tin liên hệ của tôi hiện...' -> getUserProfile | Tra cứu thông (score=1)
2026-01-06 09:18:39 | DEBUG    | log:153 | [normalize_query] 'Cho tôi biết hòm thư điện tử của tôi...' -> 'Cho tôi biết hòm thư điện tử của tôi...'
2026-01-06 09:18:39 | DEBUG    | log:153 | [perform_hybrid_search] query_text: [Cho tôi biết hòm thư điện tử của tôi] - formatted_query: [Cho tôi biết hòm thư điện tử của tôi] - normalized_query: [Cho tôi biết hòm thư điện tử của tôi]
2026-01-06 09:18:39 | DEBUG    | log:153 | [perform_hybrid_search] BM25 raw scores: min=0.0000, max=19.3239
2026-01-06 09:18:39 | DEBUG    | log:153 | [get_keyword_boost] Query: 'Cho tôi biết hòm thư điện tử c...' | Doc: getUserProfile | Tra | Boost: 0.25 | Matched: ['hòm thư']
2026-01-06 09:18:39 | DEBUG    | log:153 | [classify_query_intent] Classified: 'Cho tôi biết hòm thư điện tử c...' -> getUserProfile | Tra cứu thông (score=1)
2026-01-06 09:18:39 | DEBUG    | log:153 | [normalize_query] 'Tôi muốn cập nhật email, hiện tại đang l...' -> 'Tôi muốn cập nhật email, hiện tại đang l...'
2026-01-06 09:18:39 | DEBUG    | log:153 | [perform_hybrid_search] query_text: [Tôi muốn cập nhật email, hiện tại đang là gì?] - formatted_query: [Tôi muốn cập nhật email, hiện tại đang là gì] - normalized_query: [Tôi muốn cập nhật email, hiện tại đang là gì]
2026-01-06 09:18:39 | DEBUG    | log:153 | [perform_hybrid_search] BM25 raw scores: min=0.0000, max=22.2038
2026-01-06 09:18:39 | DEBUG    | log:153 | [get_keyword_boost] Query: 'Tôi muốn cập nhật email, hiện ...' | Doc: getUserProfile | Tra | Boost: 0.25 | Matched: ['email']
2026-01-06 09:18:39 | DEBUG    | log:153 | [classify_query_intent] Classified: 'Tôi muốn cập nhật email, hiện ...' -> getUserProfile | Tra cứu thông (score=1)
2026-01-06 09:18:39 | DEBUG    | log:153 | [normalize_query] 'Số di động của tôi trên hệ thống là số n...' -> 'Số di động của tôi trên hệ thống là số n...'
2026-01-06 09:18:39 | DEBUG    | log:153 | [perform_hybrid_search] query_text: [Số di động của tôi trên hệ thống là số nào?] - formatted_query: [Số di động của tôi trên hệ thống là số nào] - normalized_query: [Số di động của tôi trên hệ thống là số nào]
2026-01-06 09:18:39 | DEBUG    | log:153 | [perform_hybrid_search] BM25 raw scores: min=0.1482, max=28.9130
2026-01-06 09:18:39 | DEBUG    | log:153 | [get_keyword_boost] Query: 'Số di động của tôi trên hệ thố...' | Doc: Tra cứu giao dịch th | Boost: 0.25 | Matched: ['trên']
2026-01-06 09:18:39 | DEBUG    | log:153 | [get_keyword_boost] Query: 'Số di động của tôi trên hệ thố...' | Doc: getTransactionList | | Boost: 0.25 | Matched: ['trên']
2026-01-06 09:18:39 | DEBUG    | log:153 | [classify_query_intent] Ambiguous: 'Số di động của tôi trên hệ thố...' | Scores: {'Tra cứu giao dịch theo số tiền': 1, 'getTransactionList | Tra cứu giao dịch chờ duyệt theo số tiền hoặc hạn mức': 1}
2026-01-06 09:18:39 | DEBUG    | log:153 | [normalize_query] 'Địa chỉ thường trú của tôi là gì?...' -> 'Địa chỉ thường trú của tôi là gì...'
2026-01-06 09:18:39 | DEBUG    | log:153 | [perform_hybrid_search] query_text: [Địa chỉ thường trú của tôi là gì?] - formatted_query: [Địa chỉ thường trú của tôi là gì] - normalized_query: [Địa chỉ thường trú của tôi là gì]
2026-01-06 09:18:39 | DEBUG    | log:153 | [perform_hybrid_search] BM25 raw scores: min=0.0000, max=37.0275
2026-01-06 09:18:39 | DEBUG    | log:153 | [get_keyword_boost] Query: 'Địa chỉ thường trú của tôi là ...' | Doc: getUserProfile | Tra | Boost: 0.50 | Matched: ['địa chỉ', 'thường trú']
2026-01-06 09:18:39 | DEBUG    | log:153 | [classify_query_intent] Classified: 'Địa chỉ thường trú của tôi là ...' -> getUserProfile | Tra cứu thông (score=2)
2026-01-06 09:18:39 | DEBUG    | log:153 | [normalize_query] 'Cho tôi xem thông tin cư trú đã đăng ký...' -> 'Cho tôi xem thông tin cư trú đã đăng ký...'
2026-01-06 09:18:39 | DEBUG    | log:153 | [perform_hybrid_search] query_text: [Cho tôi xem thông tin cư trú đã đăng ký] - formatted_query: [Cho tôi xem thông tin cư trú đã đăng ký] - normalized_query: [Cho tôi xem thông tin cư trú đã đăng ký]
2026-01-06 09:18:39 | DEBUG    | log:153 | [perform_hybrid_search] BM25 raw scores: min=0.3147, max=36.0043
2026-01-06 09:18:39 | DEBUG    | log:153 | [classify_query_intent] No keyword matches found in: 'Cho tôi xem thông tin cư trú đã đăng ký'
2026-01-06 09:18:39 | DEBUG    | log:153 | [normalize_query] 'Email liên hệ của tôi là gì?...' -> 'Email liên hệ của tôi là gì...'
2026-01-06 09:18:39 | DEBUG    | log:153 | [perform_hybrid_search] query_text: [Email liên hệ của tôi là gì?] - formatted_query: [Email liên hệ của tôi là gì] - normalized_query: [Email liên hệ của tôi là gì]
2026-01-06 09:18:39 | DEBUG    | log:153 | [perform_hybrid_search] BM25 raw scores: min=0.0000, max=28.9073
2026-01-06 09:18:39 | DEBUG    | log:153 | [get_keyword_boost] Query: 'Email liên hệ của tôi là gì...' | Doc: getUserProfile | Tra | Boost: 0.50 | Matched: ['liên hệ', 'email']
2026-01-06 09:18:39 | DEBUG    | log:153 | [classify_query_intent] Classified: 'Email liên hệ của tôi là gì...' -> getUserProfile | Tra cứu thông (score=2)
2026-01-06 09:18:39 | DEBUG    | log:153 | [normalize_query] 'Số điện thoại liên lạc của tôi có đúng k...' -> 'Số điện thoại liên lạc của tôi có đúng k...'
2026-01-06 09:18:39 | DEBUG    | log:153 | [perform_hybrid_search] query_text: [Số điện thoại liên lạc của tôi có đúng không?] - formatted_query: [Số điện thoại liên lạc của tôi có đúng không] - normalized_query: [Số điện thoại liên lạc của tôi có đúng không]
2026-01-06 09:18:39 | DEBUG    | log:153 | [perform_hybrid_search] BM25 raw scores: min=0.0395, max=44.0131
2026-01-06 09:18:39 | DEBUG    | log:153 | [get_keyword_boost] Query: 'Số điện thoại liên lạc của tôi...' | Doc: getUserProfile | Tra | Boost: 0.50 | Matched: ['liên lạc', 'số điện thoại']
2026-01-06 09:18:39 | DEBUG    | log:153 | [classify_query_intent] Classified: 'Số điện thoại liên lạc của tôi...' -> getUserProfile | Tra cứu thông (score=2)
2026-01-06 09:18:39 | DEBUG    | log:153 | [normalize_query] 'Kiểm tra địa chỉ giao dịch của tôi...' -> 'Kiểm tra địa chỉ giao dịch của tôi...'
2026-01-06 09:18:39 | DEBUG    | log:153 | [perform_hybrid_search] query_text: [Kiểm tra địa chỉ giao dịch của tôi] - formatted_query: [Kiểm tra địa chỉ giao dịch của tôi] - normalized_query: [Kiểm tra địa chỉ giao dịch của tôi]
2026-01-06 09:18:39 | DEBUG    | log:153 | [perform_hybrid_search] BM25 raw scores: min=0.0160, max=32.7042
2026-01-06 09:18:39 | DEBUG    | log:153 | [get_keyword_boost] Query: 'Kiểm tra địa chỉ giao dịch của...' | Doc: getUserProfile | Tra | Boost: 0.25 | Matched: ['địa chỉ']
2026-01-06 09:18:39 | DEBUG    | log:153 | [classify_query_intent] Classified: 'Kiểm tra địa chỉ giao dịch của...' -> getUserProfile | Tra cứu thông (score=1)
2026-01-06 09:18:39 | DEBUG    | log:153 | [normalize_query] 'Thông tin email và sđt của tôi...' -> 'Thông tin email và sđt của tôi...'
2026-01-06 09:18:39 | DEBUG    | log:153 | [perform_hybrid_search] query_text: [Thông tin email và sđt của tôi] - formatted_query: [Thông tin email và sđt của tôi] - normalized_query: [Thông tin email và sđt của tôi]
2026-01-06 09:18:39 | DEBUG    | log:153 | [perform_hybrid_search] BM25 raw scores: min=0.0000, max=11.1963
2026-01-06 09:18:39 | DEBUG    | log:153 | [get_keyword_boost] Query: 'Thông tin email và sđt của tôi...' | Doc: getUserProfile | Tra | Boost: 0.50 | Matched: ['sđt', 'email']
2026-01-06 09:18:39 | DEBUG    | log:153 | [classify_query_intent] Classified: 'Thông tin email và sđt của tôi...' -> getUserProfile | Tra cứu thông (score=2)
2026-01-06 09:18:39 | DEBUG    | log:153 | [normalize_query] 'Tôi đã khai báo địa chỉ nào với ngân hàn...' -> 'Tôi đã khai báo địa chỉ nào với ngân hàn...'
2026-01-06 09:18:39 | DEBUG    | log:153 | [perform_hybrid_search] query_text: [Tôi đã khai báo địa chỉ nào với ngân hàng?] - formatted_query: [Tôi đã khai báo địa chỉ nào với ngân hàng] - normalized_query: [Tôi đã khai báo địa chỉ nào với ngân hàng]
2026-01-06 09:18:39 | DEBUG    | log:153 | [perform_hybrid_search] BM25 raw scores: min=0.0109, max=36.3996
2026-01-06 09:18:39 | DEBUG    | log:153 | [get_keyword_boost] Query: 'Tôi đã khai báo địa chỉ nào vớ...' | Doc: getUserProfile | Tra | Boost: 0.25 | Matched: ['địa chỉ']
2026-01-06 09:18:39 | DEBUG    | log:153 | [classify_query_intent] Classified: 'Tôi đã khai báo địa chỉ nào vớ...' -> getUserProfile | Tra cứu thông (score=1)
2026-01-06 09:18:39 | DEBUG    | log:153 | [normalize_query] 'Cho tôi biết thông tin liên lạc hiện tại...' -> 'Cho tôi biết thông tin liên lạc hiện tại...'
2026-01-06 09:18:39 | DEBUG    | log:153 | [perform_hybrid_search] query_text: [Cho tôi biết thông tin liên lạc hiện tại] - formatted_query: [Cho tôi biết thông tin liên lạc hiện tại] - normalized_query: [Cho tôi biết thông tin liên lạc hiện tại]
2026-01-06 09:18:39 | DEBUG    | log:153 | [perform_hybrid_search] BM25 raw scores: min=0.3147, max=32.1286
2026-01-06 09:18:39 | DEBUG    | log:153 | [get_keyword_boost] Query: 'Cho tôi biết thông tin liên lạ...' | Doc: getUserProfile | Tra | Boost: 0.50 | Matched: ['liên lạc', 'thông tin liên lạc']
2026-01-06 09:18:39 | DEBUG    | log:153 | [classify_query_intent] Classified: 'Cho tôi biết thông tin liên lạ...' -> getUserProfile | Tra cứu thông (score=2)
2026-01-06 09:18:39 | DEBUG    | log:153 | [normalize_query] 'Email của tôi trên app là gì?...' -> 'Email của tôi trên app là gì...'
2026-01-06 09:18:39 | DEBUG    | log:153 | [perform_hybrid_search] query_text: [Email của tôi trên app là gì?] - formatted_query: [Email của tôi trên app là gì] - normalized_query: [Email của tôi trên app là gì]
2026-01-06 09:18:39 | DEBUG    | log:153 | [perform_hybrid_search] BM25 raw scores: min=0.0000, max=14.2332
2026-01-06 09:18:39 | DEBUG    | log:153 | [get_keyword_boost] Query: 'Email của tôi trên app là gì...' | Doc: Tra cứu giao dịch th | Boost: 0.25 | Matched: ['trên']
2026-01-06 09:18:39 | DEBUG    | log:153 | [get_keyword_boost] Query: 'Email của tôi trên app là gì...' | Doc: getTransactionList | | Boost: 0.25 | Matched: ['trên']
2026-01-06 09:18:39 | DEBUG    | log:153 | [get_keyword_boost] Query: 'Email của tôi trên app là gì...' | Doc: getUserProfile | Tra | Boost: 0.25 | Matched: ['email']
2026-01-06 09:18:39 | DEBUG    | log:153 | [classify_query_intent] Ambiguous: 'Email của tôi trên app là gì...' | Scores: {'Tra cứu giao dịch theo số tiền': 1, 'getTransactionList | Tra cứu giao dịch chờ duyệt theo số tiền hoặc hạn mức': 1, 'getUserProfile | Tra cứu thông tin liên hệ của khách hàng': 1}
2026-01-06 09:18:39 | DEBUG    | log:153 | [normalize_query] 'Số điện thoại đăng ký nhận thông báo là ...' -> 'Số điện thoại đăng ký nhận thông báo là ...'
2026-01-06 09:18:39 | DEBUG    | log:153 | [perform_hybrid_search] query_text: [Số điện thoại đăng ký nhận thông báo là số nào?] - formatted_query: [Số điện thoại đăng ký nhận thông báo là số nào] - normalized_query: [Số điện thoại đăng ký nhận thông báo là số nào]
2026-01-06 09:18:39 | DEBUG    | log:153 | [perform_hybrid_search] BM25 raw scores: min=0.1844, max=61.5586
2026-01-06 09:18:39 | DEBUG    | log:153 | [get_keyword_boost] Query: 'Số điện thoại đăng ký nhận thô...' | Doc: Tra cứu giao dịch nh | Boost: 0.25 | Matched: ['nhận']
2026-01-06 09:18:39 | DEBUG    | log:153 | [get_keyword_boost] Query: 'Số điện thoại đăng ký nhận thô...' | Doc: getUserProfile | Tra | Boost: 0.25 | Matched: ['số điện thoại']
2026-01-06 09:18:39 | DEBUG    | log:153 | [classify_query_intent] Ambiguous: 'Số điện thoại đăng ký nhận thô...' | Scores: {'Tra cứu giao dịch nhận tiền': 1, 'getUserProfile | Tra cứu thông tin liên hệ của khách hàng': 1}
2026-01-06 09:18:39 | DEBUG    | log:153 | [normalize_query] 'Địa chỉ nhà tôi trong hồ sơ là gì?...' -> 'Địa chỉ nhà tôi trong hồ sơ là gì...'
2026-01-06 09:18:39 | DEBUG    | log:153 | [perform_hybrid_search] query_text: [Địa chỉ nhà tôi trong hồ sơ là gì?] - formatted_query: [Địa chỉ nhà tôi trong hồ sơ là gì] - normalized_query: [Địa chỉ nhà tôi trong hồ sơ là gì]
2026-01-06 09:18:39 | DEBUG    | log:153 | [perform_hybrid_search] BM25 raw scores: min=0.0095, max=45.3018
2026-01-06 09:18:39 | DEBUG    | log:153 | [get_keyword_boost] Query: 'Địa chỉ nhà tôi trong hồ sơ là...' | Doc: getTransactionList | | Boost: 0.25 | Matched: ['trong']
2026-01-06 09:18:39 | DEBUG    | log:153 | [get_keyword_boost] Query: 'Địa chỉ nhà tôi trong hồ sơ là...' | Doc: getUserProfile | Tra | Boost: 0.25 | Matched: ['địa chỉ']
2026-01-06 09:18:39 | DEBUG    | log:153 | [classify_query_intent] Ambiguous: 'Địa chỉ nhà tôi trong hồ sơ là...' | Scores: {'getTransactionList | Tra cứu giao dịch chờ duyệt theo khoảng thời gian': 1, 'getUserProfile | Tra cứu thông tin liên hệ của khách hàng': 1}
2026-01-06 09:18:39 | DEBUG    | log:153 | [normalize_query] 'Kiểm tra thông tin thư điện tử...' -> 'Kiểm tra thông tin thư điện tử...'
2026-01-06 09:18:39 | DEBUG    | log:153 | [perform_hybrid_search] query_text: [Kiểm tra thông tin thư điện tử] - formatted_query: [Kiểm tra thông tin thư điện tử] - normalized_query: [Kiểm tra thông tin thư điện tử]
2026-01-06 09:18:39 | DEBUG    | log:153 | [perform_hybrid_search] BM25 raw scores: min=0.4054, max=25.2278
2026-01-06 09:18:39 | DEBUG    | log:153 | [classify_query_intent] No keyword matches found in: 'Kiểm tra thông tin thư điện tử'
2026-01-06 09:18:39 | DEBUG    | log:153 | [normalize_query] 'Xem chi tiết thông tin liên hệ...' -> 'Xem chi tiết thông tin liên hệ...'
2026-01-06 09:18:39 | DEBUG    | log:153 | [perform_hybrid_search] query_text: [Xem chi tiết thông tin liên hệ] - formatted_query: [Xem chi tiết thông tin liên hệ] - normalized_query: [Xem chi tiết thông tin liên hệ]
2026-01-06 09:18:39 | DEBUG    | log:153 | [perform_hybrid_search] BM25 raw scores: min=0.0000, max=37.5016
2026-01-06 09:18:39 | DEBUG    | log:153 | [get_keyword_boost] Query: 'Xem chi tiết thông tin liên hệ...' | Doc: getUserProfile | Tra | Boost: 0.25 | Matched: ['liên hệ']
2026-01-06 09:18:39 | DEBUG    | log:153 | [classify_query_intent] Classified: 'Xem chi tiết thông tin liên hệ...' -> getUserProfile | Tra cứu thông (score=1)
2026-01-06 09:18:39 | DEBUG    | log:153 | [normalize_query] 'Cho tôi biết địa chỉ hiện tại của tôi...' -> 'Cho tôi biết địa chỉ hiện tại của tôi...'
2026-01-06 09:18:39 | DEBUG    | log:153 | [perform_hybrid_search] query_text: [Cho tôi biết địa chỉ hiện tại của tôi] - formatted_query: [Cho tôi biết địa chỉ hiện tại của tôi] - normalized_query: [Cho tôi biết địa chỉ hiện tại của tôi]
2026-01-06 09:18:39 | DEBUG    | log:153 | [perform_hybrid_search] BM25 raw scores: min=0.0000, max=27.5160
2026-01-06 09:18:39 | DEBUG    | log:153 | [get_keyword_boost] Query: 'Cho tôi biết địa chỉ hiện tại ...' | Doc: getUserProfile | Tra | Boost: 0.25 | Matched: ['địa chỉ']
2026-01-06 09:18:39 | DEBUG    | log:153 | [classify_query_intent] Classified: 'Cho tôi biết địa chỉ hiện tại ...' -> getUserProfile | Tra cứu thông (score=1)
2026-01-06 09:18:39 | DEBUG    | log:153 | [normalize_query] 'Số điện thoại của tôi có đuôi là gì?...' -> 'Số điện thoại của tôi có đuôi là gì...'
2026-01-06 09:18:39 | DEBUG    | log:153 | [perform_hybrid_search] query_text: [Số điện thoại của tôi có đuôi là gì?] - formatted_query: [Số điện thoại của tôi có đuôi là gì] - normalized_query: [Số điện thoại của tôi có đuôi là gì]
2026-01-06 09:18:39 | DEBUG    | log:153 | [perform_hybrid_search] BM25 raw scores: min=0.0916, max=33.6030
2026-01-06 09:18:39 | DEBUG    | log:153 | [get_keyword_boost] Query: 'Số điện thoại của tôi có đuôi ...' | Doc: getUserProfile | Tra | Boost: 0.25 | Matched: ['số điện thoại']
2026-01-06 09:18:39 | DEBUG    | log:153 | [classify_query_intent] Classified: 'Số điện thoại của tôi có đuôi ...' -> getUserProfile | Tra cứu thông (score=1)
2026-01-06 09:18:39 | DEBUG    | log:153 | [normalize_query] 'Tôi dùng email nào để nhận thông tin?...' -> 'Tôi dùng email nào để nhận thông tin...'
2026-01-06 09:18:39 | DEBUG    | log:153 | [perform_hybrid_search] query_text: [Tôi dùng email nào để nhận thông tin?] - formatted_query: [Tôi dùng email nào để nhận thông tin] - normalized_query: [Tôi dùng email nào để nhận thông tin]
2026-01-06 09:18:39 | DEBUG    | log:153 | [perform_hybrid_search] BM25 raw scores: min=0.2541, max=25.2479
2026-01-06 09:18:39 | DEBUG    | log:153 | [get_keyword_boost] Query: 'Tôi dùng email nào để nhận thô...' | Doc: Tra cứu giao dịch nh | Boost: 0.25 | Matched: ['nhận']
2026-01-06 09:18:39 | DEBUG    | log:153 | [get_keyword_boost] Query: 'Tôi dùng email nào để nhận thô...' | Doc: getUserProfile | Tra | Boost: 0.25 | Matched: ['email']
2026-01-06 09:18:39 | DEBUG    | log:153 | [classify_query_intent] Ambiguous: 'Tôi dùng email nào để nhận thô...' | Scores: {'Tra cứu giao dịch nhận tiền': 1, 'getUserProfile | Tra cứu thông tin liên hệ của khách hàng': 1}
2026-01-06 09:18:39 | DEBUG    | log:153 | [normalize_query] 'Địa chỉ đăng ký của tôi có chính xác khô...' -> 'Địa chỉ đăng ký của tôi có chính xác khô...'
2026-01-06 09:18:39 | DEBUG    | log:153 | [perform_hybrid_search] query_text: [Địa chỉ đăng ký của tôi có chính xác không?] - formatted_query: [Địa chỉ đăng ký của tôi có chính xác không] - normalized_query: [Địa chỉ đăng ký của tôi có chính xác không]
2026-01-06 09:18:39 | DEBUG    | log:153 | [perform_hybrid_search] BM25 raw scores: min=0.0000, max=51.0501
2026-01-06 09:18:39 | DEBUG    | log:153 | [get_keyword_boost] Query: 'Địa chỉ đăng ký của tôi có chí...' | Doc: getUserProfile | Tra | Boost: 0.50 | Matched: ['địa chỉ', 'địa chỉ đăng ký']
2026-01-06 09:18:39 | DEBUG    | log:153 | [classify_query_intent] Classified: 'Địa chỉ đăng ký của tôi có chí...' -> getUserProfile | Tra cứu thông (score=2)
2026-01-06 09:18:39 | DEBUG    | log:153 | [normalize_query] 'Tra cứu thông tin liên lạc cá nhân...' -> 'Tra cứu thông tin liên lạc cá nhân...'
2026-01-06 09:18:39 | DEBUG    | log:153 | [perform_hybrid_search] query_text: [Tra cứu thông tin liên lạc cá nhân] - formatted_query: [Tra cứu thông tin liên lạc cá nhân] - normalized_query: [Tra cứu thông tin liên lạc cá nhân]
2026-01-06 09:18:39 | DEBUG    | log:153 | [perform_hybrid_search] BM25 raw scores: min=0.3729, max=38.6350
2026-01-06 09:18:39 | DEBUG    | log:153 | [get_keyword_boost] Query: 'Tra cứu thông tin liên lạc cá ...' | Doc: getUserProfile | Tra | Boost: 0.50 | Matched: ['liên lạc', 'thông tin liên lạc']
2026-01-06 09:18:39 | DEBUG    | log:153 | [classify_query_intent] Classified: 'Tra cứu thông tin liên lạc cá ...' -> getUserProfile | Tra cứu thông (score=2)
2026-01-06 09:18:39 | DEBUG    | log:153 | [normalize_query] 'Số điện thoại của tôi là số mấy?...' -> 'Số điện thoại của tôi là số mấy...'
2026-01-06 09:18:39 | DEBUG    | log:153 | [perform_hybrid_search] query_text: [Số điện thoại của tôi là số mấy?] - formatted_query: [Số điện thoại của tôi là số mấy] - normalized_query: [Số điện thoại của tôi là số mấy]
2026-01-06 09:18:39 | DEBUG    | log:153 | [perform_hybrid_search] BM25 raw scores: min=0.0160, max=19.0424
2026-01-06 09:18:39 | DEBUG    | log:153 | [get_keyword_boost] Query: 'Số điện thoại của tôi là số mấ...' | Doc: getUserProfile | Tra | Boost: 0.25 | Matched: ['số điện thoại']
2026-01-06 09:18:39 | DEBUG    | log:153 | [classify_query_intent] Classified: 'Số điện thoại của tôi là số mấ...' -> getUserProfile | Tra cứu thông (score=1)
2026-01-06 09:18:39 | DEBUG    | log:153 | [normalize_query] 'Email đăng ký của tôi là gì nhỉ?...' -> 'Email đăng ký của tôi là gì nhỉ...'
2026-01-06 09:18:39 | DEBUG    | log:153 | [perform_hybrid_search] query_text: [Email đăng ký của tôi là gì nhỉ?] - formatted_query: [Email đăng ký của tôi là gì nhỉ] - normalized_query: [Email đăng ký của tôi là gì nhỉ]
2026-01-06 09:18:39 | DEBUG    | log:153 | [perform_hybrid_search] BM25 raw scores: min=0.0000, max=36.6391
2026-01-06 09:18:40 | DEBUG    | log:153 | [get_keyword_boost] Query: 'Email đăng ký của tôi là gì nh...' | Doc: getUserProfile | Tra | Boost: 0.25 | Matched: ['email']
2026-01-06 09:18:40 | DEBUG    | log:153 | [classify_query_intent] Classified: 'Email đăng ký của tôi là gì nh...' -> getUserProfile | Tra cứu thông (score=1)
2026-01-06 09:18:40 | DEBUG    | log:153 | [normalize_query] 'Cho tôi xem địa chỉ nơi ở hiện tại...' -> 'Cho tôi xem địa chỉ nơi ở hiện tại...'
2026-01-06 09:18:40 | DEBUG    | log:153 | [perform_hybrid_search] query_text: [Cho tôi xem địa chỉ nơi ở hiện tại] - formatted_query: [Cho tôi xem địa chỉ nơi ở hiện tại] - normalized_query: [Cho tôi xem địa chỉ nơi ở hiện tại]
2026-01-06 09:18:40 | DEBUG    | log:153 | [perform_hybrid_search] BM25 raw scores: min=0.0000, max=36.5924
2026-01-06 09:18:40 | DEBUG    | log:153 | [get_keyword_boost] Query: 'Cho tôi xem địa chỉ nơi ở hiện...' | Doc: getUserProfile | Tra | Boost: 0.50 | Matched: ['địa chỉ', 'nơi ở']
2026-01-06 09:18:40 | DEBUG    | log:153 | [classify_query_intent] Classified: 'Cho tôi xem địa chỉ nơi ở hiện...' -> getUserProfile | Tra cứu thông (score=2)
2026-01-06 09:18:40 | DEBUG    | log:153 | [normalize_query] 'Kiểm tra số điện thoại chính chủ...' -> 'Kiểm tra số điện thoại chính chủ...'
2026-01-06 09:18:40 | DEBUG    | log:153 | [perform_hybrid_search] query_text: [Kiểm tra số điện thoại chính chủ] - formatted_query: [Kiểm tra số điện thoại chính chủ] - normalized_query: [Kiểm tra số điện thoại chính chủ]
2026-01-06 09:18:40 | DEBUG    | log:153 | [perform_hybrid_search] BM25 raw scores: min=0.1306, max=31.2354
2026-01-06 09:18:40 | DEBUG    | log:153 | [get_keyword_boost] Query: 'Kiểm tra số điện thoại chính c...' | Doc: getUserProfile | Tra | Boost: 0.25 | Matched: ['số điện thoại']
2026-01-06 09:18:40 | DEBUG    | log:153 | [classify_query_intent] Classified: 'Kiểm tra số điện thoại chính c...' -> getUserProfile | Tra cứu thông (score=1)
2026-01-06 09:18:40 | DEBUG    | log:153 | [normalize_query] 'Hồ sơ của tôi lưu địa chỉ nào?...' -> 'Hồ sơ của tôi lưu địa chỉ nào...'
2026-01-06 09:18:40 | DEBUG    | log:153 | [perform_hybrid_search] query_text: [Hồ sơ của tôi lưu địa chỉ nào?] - formatted_query: [Hồ sơ của tôi lưu địa chỉ nào] - normalized_query: [Hồ sơ của tôi lưu địa chỉ nào]
2026-01-06 09:18:40 | DEBUG    | log:153 | [perform_hybrid_search] BM25 raw scores: min=0.0109, max=46.7218
2026-01-06 09:18:40 | DEBUG    | log:153 | [get_keyword_boost] Query: 'Hồ sơ của tôi lưu địa chỉ nào...' | Doc: getUserProfile | Tra | Boost: 0.25 | Matched: ['địa chỉ']
2026-01-06 09:18:40 | DEBUG    | log:153 | [classify_query_intent] Classified: 'Hồ sơ của tôi lưu địa chỉ nào...' -> getUserProfile | Tra cứu thông (score=1)
2026-01-06 09:18:40 | DEBUG    | log:153 | [normalize_query] 'Xem email và địa chỉ nhà...' -> 'Xem email và địa chỉ nhà...'
2026-01-06 09:18:40 | DEBUG    | log:153 | [perform_hybrid_search] query_text: [Xem email và địa chỉ nhà] - formatted_query: [Xem email và địa chỉ nhà] - normalized_query: [Xem email và địa chỉ nhà]
2026-01-06 09:18:40 | DEBUG    | log:153 | [perform_hybrid_search] BM25 raw scores: min=0.0000, max=39.4106
2026-01-06 09:18:40 | DEBUG    | log:153 | [get_keyword_boost] Query: 'Xem email và địa chỉ nhà...' | Doc: getUserProfile | Tra | Boost: 0.50 | Matched: ['email', 'địa chỉ']
2026-01-06 09:18:40 | DEBUG    | log:153 | [classify_query_intent] Classified: 'Xem email và địa chỉ nhà...' -> getUserProfile | Tra cứu thông (score=2)
2026-01-06 09:18:40 | DEBUG    | log:153 | [normalize_query] 'Tôi muốn xác nhận số điện thoại...' -> 'Tôi muốn xác nhận số điện thoại...'
2026-01-06 09:18:40 | DEBUG    | log:153 | [perform_hybrid_search] query_text: [Tôi muốn xác nhận số điện thoại] - formatted_query: [Tôi muốn xác nhận số điện thoại] - normalized_query: [Tôi muốn xác nhận số điện thoại]
2026-01-06 09:18:40 | DEBUG    | log:153 | [perform_hybrid_search] BM25 raw scores: min=0.5760, max=29.6669
2026-01-06 09:18:40 | DEBUG    | log:153 | [get_keyword_boost] Query: 'Tôi muốn xác nhận số điện thoạ...' | Doc: Tra cứu giao dịch nh | Boost: 0.25 | Matched: ['nhận']
2026-01-06 09:18:40 | DEBUG    | log:153 | [get_keyword_boost] Query: 'Tôi muốn xác nhận số điện thoạ...' | Doc: getUserProfile | Tra | Boost: 0.25 | Matched: ['số điện thoại']
2026-01-06 09:18:40 | DEBUG    | log:153 | [classify_query_intent] Ambiguous: 'Tôi muốn xác nhận số điện thoạ...' | Scores: {'Tra cứu giao dịch nhận tiền': 1, 'getUserProfile | Tra cứu thông tin liên hệ của khách hàng': 1}
2026-01-06 09:18:40 | DEBUG    | log:153 | [normalize_query] 'Ngân hàng gửi thư về địa chỉ nào?...' -> 'Ngân hàng gửi thư về địa chỉ nào...'
2026-01-06 09:18:40 | DEBUG    | log:153 | [perform_hybrid_search] query_text: [Ngân hàng gửi thư về địa chỉ nào?] - formatted_query: [Ngân hàng gửi thư về địa chỉ nào] - normalized_query: [Ngân hàng gửi thư về địa chỉ nào]
2026-01-06 09:18:40 | DEBUG    | log:153 | [perform_hybrid_search] BM25 raw scores: min=0.1278, max=36.2017
2026-01-06 09:18:40 | DEBUG    | log:153 | [get_keyword_boost] Query: 'Ngân hàng gửi thư về địa chỉ n...' | Doc: getUserProfile | Tra | Boost: 0.25 | Matched: ['địa chỉ']
2026-01-06 09:18:40 | DEBUG    | log:153 | [classify_query_intent] Classified: 'Ngân hàng gửi thư về địa chỉ n...' -> getUserProfile | Tra cứu thông (score=1)
2026-01-06 09:18:40 | DEBUG    | log:153 | [normalize_query] 'Xem lại thông tin liên lạc của tôi...' -> 'Xem lại thông tin liên lạc của tôi...'
2026-01-06 09:18:40 | DEBUG    | log:153 | [perform_hybrid_search] query_text: [Xem lại thông tin liên lạc của tôi] - formatted_query: [Xem lại thông tin liên lạc của tôi] - normalized_query: [Xem lại thông tin liên lạc của tôi]
2026-01-06 09:18:40 | DEBUG    | log:153 | [perform_hybrid_search] BM25 raw scores: min=0.0000, max=41.7433
2026-01-06 09:18:40 | DEBUG    | log:153 | [get_keyword_boost] Query: 'Xem lại thông tin liên lạc của...' | Doc: getUserProfile | Tra | Boost: 0.50 | Matched: ['liên lạc', 'thông tin liên lạc']
2026-01-06 09:18:40 | DEBUG    | log:153 | [classify_query_intent] Classified: 'Xem lại thông tin liên lạc của...' -> getUserProfile | Tra cứu thông (score=2)
2026-01-06 09:18:40 | DEBUG    | log:153 | [normalize_query] 'Tôi đã định danh tài khoản chưa?...' -> 'Tôi đã định danh tài khoản chưa...'
2026-01-06 09:18:40 | DEBUG    | log:153 | [perform_hybrid_search] query_text: [Tôi đã định danh tài khoản chưa?] - formatted_query: [Tôi đã định danh tài khoản chưa] - normalized_query: [Tôi đã định danh tài khoản chưa]
2026-01-06 09:18:40 | DEBUG    | log:153 | [perform_hybrid_search] BM25 raw scores: min=0.0104, max=29.4158
2026-01-06 09:18:40 | DEBUG    | log:153 | [get_keyword_boost] Query: 'Tôi đã định danh tài khoản chư...' | Doc: Tra cứu lịch sử giao | Boost: 0.25 | Matched: ['tài khoản']
2026-01-06 09:18:40 | DEBUG    | log:153 | [get_keyword_boost] Query: 'Tôi đã định danh tài khoản chư...' | Doc: getTransactionList | | Boost: 0.25 | Matched: ['tài khoản']
2026-01-06 09:18:40 | DEBUG    | log:153 | [get_keyword_boost] Query: 'Tôi đã định danh tài khoản chư...' | Doc: getUserProfile | Tra | Boost: 0.25 | Matched: ['định danh']
2026-01-06 09:18:40 | DEBUG    | log:153 | [classify_query_intent] Ambiguous: 'Tôi đã định danh tài khoản chư...' | Scores: {'Tra cứu lịch sử giao dịch theo số tài khoản': 1, 'getTransactionList | Tra cứu giao dịch chờ duyệt theo số tài khoản nguồn': 1, 'getUserProfile | Tra cứu thông tin định danh': 1}
2026-01-06 09:18:40 | DEBUG    | log:153 | [normalize_query] 'Tài khoản của tôi đã xác thực danh tính ...' -> 'Tài khoản của tôi đã xác thực danh tính ...'
2026-01-06 09:18:40 | DEBUG    | log:153 | [perform_hybrid_search] query_text: [Tài khoản của tôi đã xác thực danh tính chưa?] - formatted_query: [Tài khoản của tôi đã xác thực danh tính chưa] - normalized_query: [Tài khoản của tôi đã xác thực danh tính chưa]
2026-01-06 09:18:40 | DEBUG    | log:153 | [perform_hybrid_search] BM25 raw scores: min=0.6918, max=46.7737
2026-01-06 09:18:40 | DEBUG    | log:153 | [get_keyword_boost] Query: 'Tài khoản của tôi đã xác thực ...' | Doc: Tra cứu lịch sử giao | Boost: 0.25 | Matched: ['tài khoản']
2026-01-06 09:18:40 | DEBUG    | log:153 | [get_keyword_boost] Query: 'Tài khoản của tôi đã xác thực ...' | Doc: getTransactionList | | Boost: 0.25 | Matched: ['tài khoản']
2026-01-06 09:18:40 | DEBUG    | log:153 | [get_keyword_boost] Query: 'Tài khoản của tôi đã xác thực ...' | Doc: getUserProfile | Tra | Boost: 0.25 | Matched: ['xác thực']
2026-01-06 09:18:40 | DEBUG    | log:153 | [classify_query_intent] Ambiguous: 'Tài khoản của tôi đã xác thực ...' | Scores: {'Tra cứu lịch sử giao dịch theo số tài khoản': 1, 'getTransactionList | Tra cứu giao dịch chờ duyệt theo số tài khoản nguồn': 1, 'getUserProfile | Tra cứu thông tin định danh': 1}
2026-01-06 09:18:40 | DEBUG    | log:153 | [normalize_query] 'Tôi đang ở cấp độ định danh nào?...' -> 'Tôi đang ở cấp độ định danh nào...'
2026-01-06 09:18:40 | DEBUG    | log:153 | [perform_hybrid_search] query_text: [Tôi đang ở cấp độ định danh nào?] - formatted_query: [Tôi đang ở cấp độ định danh nào] - normalized_query: [Tôi đang ở cấp độ định danh nào]
2026-01-06 09:18:40 | DEBUG    | log:153 | [perform_hybrid_search] BM25 raw scores: min=0.0112, max=52.5594
2026-01-06 09:18:40 | DEBUG    | log:153 | [get_keyword_boost] Query: 'Tôi đang ở cấp độ định danh nà...' | Doc: getUserProfile | Tra | Boost: 0.25 | Matched: ['định danh']
2026-01-06 09:18:40 | DEBUG    | log:153 | [classify_query_intent] Classified: 'Tôi đang ở cấp độ định danh nà...' -> getUserProfile | Tra cứu thông (score=1)
2026-01-06 09:18:40 | DEBUG    | log:153 | [normalize_query] 'Hồ sơ của tôi đã hoàn tất KYC chưa?...' -> 'Hồ sơ của tôi đã hoàn tất kyc chưa...'
2026-01-06 09:18:40 | DEBUG    | log:153 | [perform_hybrid_search] query_text: [Hồ sơ của tôi đã hoàn tất KYC chưa?] - formatted_query: [Hồ sơ của tôi đã hoàn tất kyc chưa] - normalized_query: [Hồ sơ của tôi đã hoàn tất kyc chưa]
2026-01-06 09:18:40 | DEBUG    | log:153 | [perform_hybrid_search] BM25 raw scores: min=0.3255, max=36.9981
2026-01-06 09:18:40 | DEBUG    | log:153 | [get_keyword_boost] Query: 'Hồ sơ của tôi đã hoàn tất kyc ...' | Doc: Tra cứu giao dịch th | Boost: 0.25 | Matched: ['hoàn tất']
2026-01-06 09:18:40 | DEBUG    | log:153 | [get_keyword_boost] Query: 'Hồ sơ của tôi đã hoàn tất kyc ...' | Doc: getUserProfile | Tra | Boost: 0.25 | Matched: ['kyc']
2026-01-06 09:18:40 | DEBUG    | log:153 | [classify_query_intent] Ambiguous: 'Hồ sơ của tôi đã hoàn tất kyc ...' | Scores: {'Tra cứu giao dịch theo trạng thái': 1, 'getUserProfile | Tra cứu thông tin định danh': 1}
2026-01-06 09:18:40 | DEBUG    | log:153 | [normalize_query] 'Tôi đã eKYC thành công chưa?...' -> 'Tôi đã ekyc thành công chưa...'
2026-01-06 09:18:40 | DEBUG    | log:153 | [perform_hybrid_search] query_text: [Tôi đã eKYC thành công chưa?] - formatted_query: [Tôi đã ekyc thành công chưa] - normalized_query: [Tôi đã ekyc thành công chưa]
2026-01-06 09:18:40 | DEBUG    | log:153 | [perform_hybrid_search] BM25 raw scores: min=0.0000, max=17.5380
2026-01-06 09:18:40 | DEBUG    | log:153 | [get_keyword_boost] Query: 'Tôi đã ekyc thành công chưa...' | Doc: Tra cứu giao dịch th | Boost: 0.25 | Matched: ['thành công']
2026-01-06 09:18:40 | DEBUG    | log:153 | [get_keyword_boost] Query: 'Tôi đã ekyc thành công chưa...' | Doc: getUserProfile | Tra | Boost: 0.50 | Matched: ['kyc', 'ekyc']
2026-01-06 09:18:40 | DEBUG    | log:153 | [classify_query_intent] Classified: 'Tôi đã ekyc thành công chưa...' -> getUserProfile | Tra cứu thông (score=2)
2026-01-06 09:18:40 | DEBUG    | log:153 | [normalize_query] 'Trạng thái định danh của tôi hiện tại là...' -> 'Trạng thái định danh của tôi hiện tại là...'
2026-01-06 09:18:40 | DEBUG    | log:153 | [perform_hybrid_search] query_text: [Trạng thái định danh của tôi hiện tại là gì?] - formatted_query: [Trạng thái định danh của tôi hiện tại là gì] - normalized_query: [Trạng thái định danh của tôi hiện tại là gì]
2026-01-06 09:18:40 | DEBUG    | log:153 | [perform_hybrid_search] BM25 raw scores: min=0.0108, max=36.5531
2026-01-06 09:18:40 | DEBUG    | log:153 | [get_keyword_boost] Query: 'Trạng thái định danh của tôi h...' | Doc: Tra cứu giao dịch th | Boost: 0.25 | Matched: ['trạng thái']
2026-01-06 09:18:40 | DEBUG    | log:153 | [get_keyword_boost] Query: 'Trạng thái định danh của tôi h...' | Doc: getUserProfile | Tra | Boost: 0.25 | Matched: ['định danh']
2026-01-06 09:18:40 | DEBUG    | log:153 | [get_keyword_boost] Query: 'Trạng thái định danh của tôi h...' | Doc: getUserProfile | Kiể | Boost: 0.25 | Matched: ['trạng thái']
2026-01-06 09:18:40 | DEBUG    | log:153 | [classify_query_intent] Ambiguous: 'Trạng thái định danh của tôi h...' | Scores: {'Tra cứu giao dịch theo trạng thái': 1, 'getUserProfile | Tra cứu thông tin định danh': 1, 'getUserProfile | Kiểm tra trạng thái hồ sơ khách hàng': 1}
2026-01-06 09:18:40 | DEBUG    | log:153 | [normalize_query] 'Tài khoản của tôi đang ở mức KYC mấy?...' -> 'Tài khoản của tôi đang ở mức kyc mấy...'
2026-01-06 09:18:40 | DEBUG    | log:153 | [perform_hybrid_search] query_text: [Tài khoản của tôi đang ở mức KYC mấy?] - formatted_query: [Tài khoản của tôi đang ở mức kyc mấy] - normalized_query: [Tài khoản của tôi đang ở mức kyc mấy]
2026-01-06 09:18:40 | DEBUG    | log:153 | [perform_hybrid_search] BM25 raw scores: min=0.0000, max=40.5279
2026-01-06 09:18:40 | DEBUG    | log:153 | [get_keyword_boost] Query: 'Tài khoản của tôi đang ở mức k...' | Doc: Tra cứu lịch sử giao | Boost: 0.25 | Matched: ['tài khoản']
2026-01-06 09:18:40 | DEBUG    | log:153 | [get_keyword_boost] Query: 'Tài khoản của tôi đang ở mức k...' | Doc: getTransactionList | | Boost: 0.25 | Matched: ['tài khoản']
2026-01-06 09:18:40 | DEBUG    | log:153 | [get_keyword_boost] Query: 'Tài khoản của tôi đang ở mức k...' | Doc: getUserProfile | Tra | Boost: 0.25 | Matched: ['kyc']
2026-01-06 09:18:40 | DEBUG    | log:153 | [classify_query_intent] Ambiguous: 'Tài khoản của tôi đang ở mức k...' | Scores: {'Tra cứu lịch sử giao dịch theo số tài khoản': 1, 'getTransactionList | Tra cứu giao dịch chờ duyệt theo số tài khoản nguồn': 1, 'getUserProfile | Tra cứu thông tin định danh': 1}
2026-01-06 09:18:40 | DEBUG    | log:153 | [normalize_query] 'Tôi đã xác minh thông tin cá nhân chưa?...' -> 'Tôi đã xác minh thông tin cá nhân chưa...'
2026-01-06 09:18:40 | DEBUG    | log:153 | [perform_hybrid_search] query_text: [Tôi đã xác minh thông tin cá nhân chưa?] - formatted_query: [Tôi đã xác minh thông tin cá nhân chưa] - normalized_query: [Tôi đã xác minh thông tin cá nhân chưa]
2026-01-06 09:18:40 | DEBUG    | log:153 | [perform_hybrid_search] BM25 raw scores: min=0.5157, max=38.7991
2026-01-06 09:18:40 | DEBUG    | log:153 | [get_keyword_boost] Query: 'Tôi đã xác minh thông tin cá n...' | Doc: getUserProfile | Tra | Boost: 0.25 | Matched: ['thông tin cá nhân']
2026-01-06 09:18:40 | DEBUG    | log:153 | [classify_query_intent] Classified: 'Tôi đã xác minh thông tin cá n...' -> getUserProfile | Tra cứu thông (score=1)
2026-01-06 09:18:40 | DEBUG    | log:153 | [normalize_query] 'Tình trạng định danh tài khoản của tôi t...' -> 'Tình trạng định danh tài khoản của tôi t...'
2026-01-06 09:18:40 | DEBUG    | log:153 | [perform_hybrid_search] query_text: [Tình trạng định danh tài khoản của tôi thế nào?] - formatted_query: [Tình trạng định danh tài khoản của tôi thế nào] - normalized_query: [Tình trạng định danh tài khoản của tôi thế nào]
2026-01-06 09:18:40 | DEBUG    | log:153 | [perform_hybrid_search] BM25 raw scores: min=0.8415, max=45.4009
2026-01-06 09:18:40 | DEBUG    | log:153 | [get_keyword_boost] Query: 'Tình trạng định danh tài khoản...' | Doc: Tra cứu lịch sử giao | Boost: 0.25 | Matched: ['tài khoản']
2026-01-06 09:18:40 | DEBUG    | log:153 | [get_keyword_boost] Query: 'Tình trạng định danh tài khoản...' | Doc: getTransactionList | | Boost: 0.25 | Matched: ['tài khoản']
2026-01-06 09:18:40 | DEBUG    | log:153 | [get_keyword_boost] Query: 'Tình trạng định danh tài khoản...' | Doc: getUserProfile | Tra | Boost: 0.25 | Matched: ['định danh']
2026-01-06 09:18:40 | DEBUG    | log:153 | [get_keyword_boost] Query: 'Tình trạng định danh tài khoản...' | Doc: getUserProfile | Kiể | Boost: 0.25 | Matched: ['tình trạng']
2026-01-06 09:18:40 | DEBUG    | log:153 | [classify_query_intent] Ambiguous: 'Tình trạng định danh tài khoản...' | Scores: {'Tra cứu lịch sử giao dịch theo số tài khoản': 1, 'getTransactionList | Tra cứu giao dịch chờ duyệt theo số tài khoản nguồn': 1, 'getUserProfile | Tra cứu thông tin định danh': 1, 'getUserProfile | Kiểm tra trạng thái hồ sơ khách hàng': 1}
2026-01-06 09:18:40 | DEBUG    | log:153 | [normalize_query] 'Tôi có cần định danh bổ sung không?...' -> 'Tôi có cần định danh bổ sung không...'
2026-01-06 09:18:40 | DEBUG    | log:153 | [perform_hybrid_search] query_text: [Tôi có cần định danh bổ sung không?] - formatted_query: [Tôi có cần định danh bổ sung không] - normalized_query: [Tôi có cần định danh bổ sung không]
2026-01-06 09:18:40 | DEBUG    | log:153 | [perform_hybrid_search] BM25 raw scores: min=0.0104, max=34.1916
2026-01-06 09:18:40 | DEBUG    | log:153 | [get_keyword_boost] Query: 'Tôi có cần định danh bổ sung k...' | Doc: getUserProfile | Tra | Boost: 0.25 | Matched: ['định danh']
2026-01-06 09:18:40 | DEBUG    | log:153 | [classify_query_intent] Classified: 'Tôi có cần định danh bổ sung k...' -> getUserProfile | Tra cứu thông (score=1)
2026-01-06 09:18:40 | DEBUG    | log:153 | [normalize_query] 'Hồ sơ định danh của tôi đã hợp lệ chưa?...' -> 'Hồ sơ định danh của tôi đã hợp lệ chưa...'
2026-01-06 09:18:40 | DEBUG    | log:153 | [perform_hybrid_search] query_text: [Hồ sơ định danh của tôi đã hợp lệ chưa?] - formatted_query: [Hồ sơ định danh của tôi đã hợp lệ chưa] - normalized_query: [Hồ sơ định danh của tôi đã hợp lệ chưa]
2026-01-06 09:18:40 | DEBUG    | log:153 | [perform_hybrid_search] BM25 raw scores: min=0.0404, max=43.5255
2026-01-06 09:18:40 | DEBUG    | log:153 | [get_keyword_boost] Query: 'Hồ sơ định danh của tôi đã hợp...' | Doc: getUserProfile | Tra | Boost: 0.25 | Matched: ['định danh']
2026-01-06 09:18:40 | DEBUG    | log:153 | [classify_query_intent] Classified: 'Hồ sơ định danh của tôi đã hợp...' -> getUserProfile | Tra cứu thông (score=1)
2026-01-06 09:18:40 | DEBUG    | log:153 | [normalize_query] 'Tài khoản của tôi đã được xác thực chưa?...' -> 'Tài khoản của tôi đã được xác thực chưa...'
2026-01-06 09:18:40 | DEBUG    | log:153 | [perform_hybrid_search] query_text: [Tài khoản của tôi đã được xác thực chưa?] - formatted_query: [Tài khoản của tôi đã được xác thực chưa] - normalized_query: [Tài khoản của tôi đã được xác thực chưa]
2026-01-06 09:18:40 | DEBUG    | log:153 | [perform_hybrid_search] BM25 raw scores: min=0.6918, max=24.8749
2026-01-06 09:18:40 | DEBUG    | log:153 | [get_keyword_boost] Query: 'Tài khoản của tôi đã được xác ...' | Doc: Tra cứu lịch sử giao | Boost: 0.25 | Matched: ['tài khoản']
2026-01-06 09:18:40 | DEBUG    | log:153 | [get_keyword_boost] Query: 'Tài khoản của tôi đã được xác ...' | Doc: getTransactionList | | Boost: 0.25 | Matched: ['tài khoản']
2026-01-06 09:18:40 | DEBUG    | log:153 | [get_keyword_boost] Query: 'Tài khoản của tôi đã được xác ...' | Doc: getUserProfile | Tra | Boost: 0.25 | Matched: ['xác thực']
2026-01-06 09:18:40 | DEBUG    | log:153 | [classify_query_intent] Ambiguous: 'Tài khoản của tôi đã được xác ...' | Scores: {'Tra cứu lịch sử giao dịch theo số tài khoản': 1, 'getTransactionList | Tra cứu giao dịch chờ duyệt theo số tài khoản nguồn': 1, 'getUserProfile | Tra cứu thông tin định danh': 1}
2026-01-06 09:18:40 | DEBUG    | log:153 | [normalize_query] 'Tôi đã hoàn tất xác minh danh tính chưa?...' -> 'Tôi đã hoàn tất xác minh danh tính chưa...'
2026-01-06 09:18:40 | DEBUG    | log:153 | [perform_hybrid_search] query_text: [Tôi đã hoàn tất xác minh danh tính chưa?] - formatted_query: [Tôi đã hoàn tất xác minh danh tính chưa] - normalized_query: [Tôi đã hoàn tất xác minh danh tính chưa]
2026-01-06 09:18:40 | DEBUG    | log:153 | [perform_hybrid_search] BM25 raw scores: min=0.6918, max=52.2696
2026-01-06 09:18:40 | DEBUG    | log:153 | [get_keyword_boost] Query: 'Tôi đã hoàn tất xác minh danh ...' | Doc: Tra cứu giao dịch th | Boost: 0.25 | Matched: ['hoàn tất']
2026-01-06 09:18:40 | DEBUG    | log:153 | [get_keyword_boost] Query: 'Tôi đã hoàn tất xác minh danh ...' | Doc: getUserProfile | Tra | Boost: 0.25 | Matched: ['xác minh danh tính']
2026-01-06 09:18:40 | DEBUG    | log:153 | [classify_query_intent] Ambiguous: 'Tôi đã hoàn tất xác minh danh ...' | Scores: {'Tra cứu giao dịch theo trạng thái': 1, 'getUserProfile | Tra cứu thông tin định danh': 1}
2026-01-06 09:18:40 | DEBUG    | log:153 | [normalize_query] 'Trạng thái KYC hiện tại của tôi là gì?...' -> 'Trạng thái kyc hiện tại của tôi là gì...'
2026-01-06 09:18:40 | DEBUG    | log:153 | [perform_hybrid_search] query_text: [Trạng thái KYC hiện tại của tôi là gì?] - formatted_query: [Trạng thái kyc hiện tại của tôi là gì] - normalized_query: [Trạng thái kyc hiện tại của tôi là gì]
2026-01-06 09:18:40 | DEBUG    | log:153 | [perform_hybrid_search] BM25 raw scores: min=0.0000, max=26.5418
2026-01-06 09:18:40 | DEBUG    | log:153 | [get_keyword_boost] Query: 'Trạng thái kyc hiện tại của tô...' | Doc: Tra cứu giao dịch th | Boost: 0.25 | Matched: ['trạng thái']
2026-01-06 09:18:40 | DEBUG    | log:153 | [get_keyword_boost] Query: 'Trạng thái kyc hiện tại của tô...' | Doc: getUserProfile | Tra | Boost: 0.25 | Matched: ['kyc']
2026-01-06 09:18:40 | DEBUG    | log:153 | [get_keyword_boost] Query: 'Trạng thái kyc hiện tại của tô...' | Doc: getUserProfile | Kiể | Boost: 0.25 | Matched: ['trạng thái']
2026-01-06 09:18:40 | DEBUG    | log:153 | [classify_query_intent] Ambiguous: 'Trạng thái kyc hiện tại của tô...' | Scores: {'Tra cứu giao dịch theo trạng thái': 1, 'getUserProfile | Tra cứu thông tin định danh': 1, 'getUserProfile | Kiểm tra trạng thái hồ sơ khách hàng': 1}
2026-01-06 09:18:40 | DEBUG    | log:153 | [normalize_query] 'Tôi đã xác thực thông tin định danh chưa...' -> 'Tôi đã xác thực thông tin định danh chưa...'
2026-01-06 09:18:40 | DEBUG    | log:153 | [perform_hybrid_search] query_text: [Tôi đã xác thực thông tin định danh chưa?] - formatted_query: [Tôi đã xác thực thông tin định danh chưa] - normalized_query: [Tôi đã xác thực thông tin định danh chưa]
2026-01-06 09:18:40 | DEBUG    | log:153 | [perform_hybrid_search] BM25 raw scores: min=0.0146, max=39.5039
2026-01-06 09:18:40 | DEBUG    | log:153 | [get_keyword_boost] Query: 'Tôi đã xác thực thông tin định...' | Doc: getUserProfile | Tra | Boost: 0.50 | Matched: ['định danh', 'xác thực']
2026-01-06 09:18:40 | DEBUG    | log:153 | [classify_query_intent] Classified: 'Tôi đã xác thực thông tin định...' -> getUserProfile | Tra cứu thông (score=2)
2026-01-06 09:18:40 | DEBUG    | log:153 | [normalize_query] 'Hồ sơ khách hàng đã được định danh chưa?...' -> 'Hồ sơ khách hàng đã được định danh chưa...'
2026-01-06 09:18:40 | DEBUG    | log:153 | [perform_hybrid_search] query_text: [Hồ sơ khách hàng đã được định danh chưa?] - formatted_query: [Hồ sơ khách hàng đã được định danh chưa] - normalized_query: [Hồ sơ khách hàng đã được định danh chưa]
2026-01-06 09:18:40 | DEBUG    | log:153 | [perform_hybrid_search] BM25 raw scores: min=0.0404, max=42.9652
2026-01-06 09:18:40 | DEBUG    | log:153 | [get_keyword_boost] Query: 'Hồ sơ khách hàng đã được định ...' | Doc: getUserProfile | Tra | Boost: 0.25 | Matched: ['định danh']
2026-01-06 09:18:40 | DEBUG    | log:153 | [classify_query_intent] Classified: 'Hồ sơ khách hàng đã được định ...' -> getUserProfile | Tra cứu thông (score=1)
2026-01-06 09:18:40 | DEBUG    | log:153 | [normalize_query] 'Tôi có bị hạn chế do chưa định danh khôn...' -> 'Tôi có bị hạn chế do chưa định danh khôn...'
2026-01-06 09:18:40 | DEBUG    | log:153 | [perform_hybrid_search] query_text: [Tôi có bị hạn chế do chưa định danh không?] - formatted_query: [Tôi có bị hạn chế do chưa định danh không] - normalized_query: [Tôi có bị hạn chế do chưa định danh không]
2026-01-06 09:18:40 | DEBUG    | log:153 | [perform_hybrid_search] BM25 raw scores: min=0.0202, max=49.5773
2026-01-06 09:18:40 | DEBUG    | log:153 | [get_keyword_boost] Query: 'Tôi có bị hạn chế do chưa định...' | Doc: getUserProfile | Tra | Boost: 0.25 | Matched: ['định danh']
2026-01-06 09:18:40 | DEBUG    | log:153 | [classify_query_intent] Classified: 'Tôi có bị hạn chế do chưa định...' -> getUserProfile | Tra cứu thông (score=1)
2026-01-06 09:18:40 | DEBUG    | log:153 | [normalize_query] 'Tài khoản đã đủ điều kiện định danh chưa...' -> 'Tài khoản đã đủ điều kiện định danh chưa...'
2026-01-06 09:18:40 | DEBUG    | log:153 | [perform_hybrid_search] query_text: [Tài khoản đã đủ điều kiện định danh chưa?] - formatted_query: [Tài khoản đã đủ điều kiện định danh chưa] - normalized_query: [Tài khoản đã đủ điều kiện định danh chưa]
2026-01-06 09:18:40 | DEBUG    | log:153 | [perform_hybrid_search] BM25 raw scores: min=0.0119, max=44.9133
2026-01-06 09:18:40 | DEBUG    | log:153 | [get_keyword_boost] Query: 'Tài khoản đã đủ điều kiện định...' | Doc: Tra cứu lịch sử giao | Boost: 0.25 | Matched: ['tài khoản']
2026-01-06 09:18:40 | DEBUG    | log:153 | [get_keyword_boost] Query: 'Tài khoản đã đủ điều kiện định...' | Doc: getTransactionList | | Boost: 0.25 | Matched: ['tài khoản']
2026-01-06 09:18:40 | DEBUG    | log:153 | [get_keyword_boost] Query: 'Tài khoản đã đủ điều kiện định...' | Doc: getUserProfile | Tra | Boost: 0.25 | Matched: ['định danh']
2026-01-06 09:18:40 | DEBUG    | log:153 | [classify_query_intent] Ambiguous: 'Tài khoản đã đủ điều kiện định...' | Scores: {'Tra cứu lịch sử giao dịch theo số tài khoản': 1, 'getTransactionList | Tra cứu giao dịch chờ duyệt theo số tài khoản nguồn': 1, 'getUserProfile | Tra cứu thông tin định danh': 1}
2026-01-06 09:18:40 | DEBUG    | log:153 | [normalize_query] 'Tôi đang ở mức xác thực nào?...' -> 'Tôi đang ở mức xác thực nào...'
2026-01-06 09:18:40 | DEBUG    | log:153 | [perform_hybrid_search] query_text: [Tôi đang ở mức xác thực nào?] - formatted_query: [Tôi đang ở mức xác thực nào] - normalized_query: [Tôi đang ở mức xác thực nào]
2026-01-06 09:18:40 | DEBUG    | log:153 | [perform_hybrid_search] BM25 raw scores: min=0.2499, max=40.5376
2026-01-06 09:18:40 | DEBUG    | log:153 | [get_keyword_boost] Query: 'Tôi đang ở mức xác thực nào...' | Doc: getUserProfile | Tra | Boost: 0.25 | Matched: ['xác thực']
2026-01-06 09:18:40 | DEBUG    | log:153 | [classify_query_intent] Classified: 'Tôi đang ở mức xác thực nào...' -> getUserProfile | Tra cứu thông (score=1)
2026-01-06 09:18:40 | DEBUG    | log:153 | [normalize_query] 'Kiểm tra trạng thái định danh tài khoản...' -> 'Kiểm tra trạng thái định danh tài khoản...'
2026-01-06 09:18:40 | DEBUG    | log:153 | [perform_hybrid_search] query_text: [Kiểm tra trạng thái định danh tài khoản] - formatted_query: [Kiểm tra trạng thái định danh tài khoản] - normalized_query: [Kiểm tra trạng thái định danh tài khoản]
2026-01-06 09:18:40 | DEBUG    | log:153 | [perform_hybrid_search] BM25 raw scores: min=1.5269, max=45.0406
2026-01-06 09:18:40 | DEBUG    | log:153 | [get_keyword_boost] Query: 'Kiểm tra trạng thái định danh ...' | Doc: Tra cứu lịch sử giao | Boost: 0.25 | Matched: ['tài khoản']
2026-01-06 09:18:40 | DEBUG    | log:153 | [get_keyword_boost] Query: 'Kiểm tra trạng thái định danh ...' | Doc: Tra cứu giao dịch th | Boost: 0.25 | Matched: ['trạng thái']
2026-01-06 09:18:40 | DEBUG    | log:153 | [get_keyword_boost] Query: 'Kiểm tra trạng thái định danh ...' | Doc: getTransactionList | | Boost: 0.25 | Matched: ['tài khoản']
2026-01-06 09:18:40 | DEBUG    | log:153 | [get_keyword_boost] Query: 'Kiểm tra trạng thái định danh ...' | Doc: getUserProfile | Tra | Boost: 0.25 | Matched: ['định danh']
2026-01-06 09:18:40 | DEBUG    | log:153 | [get_keyword_boost] Query: 'Kiểm tra trạng thái định danh ...' | Doc: getUserProfile | Kiể | Boost: 0.25 | Matched: ['trạng thái']
2026-01-06 09:18:40 | DEBUG    | log:153 | [classify_query_intent] Ambiguous: 'Kiểm tra trạng thái định danh ...' | Scores: {'Tra cứu lịch sử giao dịch theo số tài khoản': 1, 'Tra cứu giao dịch theo trạng thái': 1, 'getTransactionList | Tra cứu giao dịch chờ duyệt theo số tài khoản nguồn': 1, 'getUserProfile | Tra cứu thông tin định danh': 1, 'getUserProfile | Kiểm tra trạng thái hồ sơ khách hàng': 1}
2026-01-06 09:18:40 | DEBUG    | log:153 | [normalize_query] 'Mã CIF của tôi là gì?...' -> 'Mã cif của tôi là gì...'
2026-01-06 09:18:40 | DEBUG    | log:153 | [perform_hybrid_search] query_text: [Mã CIF của tôi là gì?] - formatted_query: [Mã cif của tôi là gì] - normalized_query: [Mã cif của tôi là gì]
2026-01-06 09:18:40 | DEBUG    | log:153 | [perform_hybrid_search] BM25 raw scores: min=0.0827, max=10.4815
2026-01-06 09:18:40 | DEBUG    | log:153 | [get_keyword_boost] Query: 'Mã cif của tôi là gì...' | Doc: Tra cứu chi tiết một | Boost: 0.25 | Matched: ['mã']
2026-01-06 09:18:40 | DEBUG    | log:153 | [classify_query_intent] Classified: 'Mã cif của tôi là gì...' -> Tra cứu chi tiết một giao dịch (score=1)
2026-01-06 09:18:40 | DEBUG    | log:153 | [normalize_query] 'Cho tôi biết số CIF khách hàng...' -> 'Cho tôi biết số cif khách hàng...'
2026-01-06 09:18:40 | DEBUG    | log:153 | [perform_hybrid_search] query_text: [Cho tôi biết số CIF khách hàng] - formatted_query: [Cho tôi biết số cif khách hàng] - normalized_query: [Cho tôi biết số cif khách hàng]
2026-01-06 09:18:40 | DEBUG    | log:153 | [perform_hybrid_search] BM25 raw scores: min=0.1700, max=10.0538
2026-01-06 09:18:40 | DEBUG    | log:153 | [get_keyword_boost] Query: 'Cho tôi biết số cif khách hàng...' | Doc: getUserProfile | Tra | Boost: 0.25 | Matched: ['số cif']
2026-01-06 09:18:40 | DEBUG    | log:153 | [classify_query_intent] Classified: 'Cho tôi biết số cif khách hàng...' -> getUserProfile | Tra cứu thông (score=1)
2026-01-06 09:18:40 | DEBUG    | log:153 | [normalize_query] 'Loại giấy tờ định danh của tôi là gì?...' -> 'Loại giấy tờ định danh của tôi là gì...'
2026-01-06 09:18:40 | DEBUG    | log:153 | [perform_hybrid_search] query_text: [Loại giấy tờ định danh của tôi là gì?] - formatted_query: [Loại giấy tờ định danh của tôi là gì] - normalized_query: [Loại giấy tờ định danh của tôi là gì]
2026-01-06 09:18:40 | DEBUG    | log:153 | [perform_hybrid_search] BM25 raw scores: min=0.0108, max=32.1649
2026-01-06 09:18:40 | DEBUG    | log:153 | [get_keyword_boost] Query: 'Loại giấy tờ định danh của tôi...' | Doc: getUserProfile | Tra | Boost: 0.25 | Matched: ['định danh']
2026-01-06 09:18:40 | DEBUG    | log:153 | [classify_query_intent] Classified: 'Loại giấy tờ định danh của tôi...' -> getUserProfile | Tra cứu thông (score=1)
2026-01-06 09:18:40 | DEBUG    | log:153 | [normalize_query] 'Tôi đang dùng CCCD hay Hộ chiếu?...' -> 'Tôi đang dùng cccd hay hộ chiếu...'
2026-01-06 09:18:40 | DEBUG    | log:153 | [perform_hybrid_search] query_text: [Tôi đang dùng CCCD hay Hộ chiếu?] - formatted_query: [Tôi đang dùng cccd hay hộ chiếu] - normalized_query: [Tôi đang dùng cccd hay hộ chiếu]
2026-01-06 09:18:40 | DEBUG    | log:153 | [perform_hybrid_search] BM25 raw scores: min=0.0098, max=10.7817
2026-01-06 09:18:40 | DEBUG    | log:153 | [get_keyword_boost] Query: 'Tôi đang dùng cccd hay hộ chiế...' | Doc: getUserProfile | Tra | Boost: 0.50 | Matched: ['hộ chiếu', 'cccd']
2026-01-06 09:18:40 | DEBUG    | log:153 | [classify_query_intent] Classified: 'Tôi đang dùng cccd hay hộ chiế...' -> getUserProfile | Tra cứu thông (score=2)
2026-01-06 09:18:40 | DEBUG    | log:153 | [normalize_query] 'Trạng thái giấy tờ tùy thân của tôi là g...' -> 'Trạng thái giấy tờ tùy thân của tôi là g...'
2026-01-06 09:18:40 | DEBUG    | log:153 | [perform_hybrid_search] query_text: [Trạng thái giấy tờ tùy thân của tôi là gì?] - formatted_query: [Trạng thái giấy tờ tùy thân của tôi là gì] - normalized_query: [Trạng thái giấy tờ tùy thân của tôi là gì]
2026-01-06 09:18:40 | DEBUG    | log:153 | [perform_hybrid_search] BM25 raw scores: min=0.0000, max=29.0475
2026-01-06 09:18:40 | DEBUG    | log:153 | [get_keyword_boost] Query: 'Trạng thái giấy tờ tùy thân củ...' | Doc: Tra cứu giao dịch th | Boost: 0.25 | Matched: ['trạng thái']
2026-01-06 09:18:40 | DEBUG    | log:153 | [get_keyword_boost] Query: 'Trạng thái giấy tờ tùy thân củ...' | Doc: getUserProfile | Tra | Boost: 0.25 | Matched: ['giấy tờ tùy thân']
2026-01-06 09:18:40 | DEBUG    | log:153 | [get_keyword_boost] Query: 'Trạng thái giấy tờ tùy thân củ...' | Doc: getUserProfile | Kiể | Boost: 0.25 | Matched: ['trạng thái']
2026-01-06 09:18:40 | DEBUG    | log:153 | [classify_query_intent] Ambiguous: 'Trạng thái giấy tờ tùy thân củ...' | Scores: {'Tra cứu giao dịch theo trạng thái': 1, 'getUserProfile | Tra cứu thông tin định danh': 1, 'getUserProfile | Kiểm tra trạng thái hồ sơ khách hàng': 1}
2026-01-06 09:18:40 | DEBUG    | log:153 | [normalize_query] 'Cấp độ xác minh danh tính của tôi...' -> 'Cấp độ xác minh danh tính của tôi...'
2026-01-06 09:18:40 | DEBUG    | log:153 | [perform_hybrid_search] query_text: [Cấp độ xác minh danh tính của tôi] - formatted_query: [Cấp độ xác minh danh tính của tôi] - normalized_query: [Cấp độ xác minh danh tính của tôi]
2026-01-06 09:18:40 | DEBUG    | log:153 | [perform_hybrid_search] BM25 raw scores: min=0.6918, max=45.7064
2026-01-06 09:18:40 | DEBUG    | log:153 | [get_keyword_boost] Query: 'Cấp độ xác minh danh tính của ...' | Doc: getUserProfile | Tra | Boost: 0.25 | Matched: ['xác minh danh tính']
2026-01-06 09:18:40 | DEBUG    | log:153 | [classify_query_intent] Classified: 'Cấp độ xác minh danh tính của ...' -> getUserProfile | Tra cứu thông (score=1)
2026-01-06 09:18:40 | DEBUG    | log:153 | [normalize_query] 'Tôi đã làm eKYC chưa?...' -> 'Tôi đã làm ekyc chưa...'
2026-01-06 09:18:40 | DEBUG    | log:153 | [perform_hybrid_search] query_text: [Tôi đã làm eKYC chưa?] - formatted_query: [Tôi đã làm ekyc chưa] - normalized_query: [Tôi đã làm ekyc chưa]
2026-01-06 09:18:40 | DEBUG    | log:153 | [perform_hybrid_search] BM25 raw scores: min=0.0000, max=6.1508
2026-01-06 09:18:40 | DEBUG    | log:153 | [get_keyword_boost] Query: 'Tôi đã làm ekyc chưa...' | Doc: getUserProfile | Tra | Boost: 0.50 | Matched: ['kyc', 'ekyc']
2026-01-06 09:18:40 | DEBUG    | log:153 | [classify_query_intent] Classified: 'Tôi đã làm ekyc chưa...' -> getUserProfile | Tra cứu thông (score=2)
2026-01-06 09:18:40 | DEBUG    | log:153 | [normalize_query] 'Thông tin định danh có đầy đủ không?...' -> 'Thông tin định danh có đầy đủ không...'
2026-01-06 09:18:40 | DEBUG    | log:153 | [perform_hybrid_search] query_text: [Thông tin định danh có đầy đủ không?] - formatted_query: [Thông tin định danh có đầy đủ không] - normalized_query: [Thông tin định danh có đầy đủ không]
2026-01-06 09:18:40 | DEBUG    | log:153 | [perform_hybrid_search] BM25 raw scores: min=0.3348, max=25.1011
2026-01-06 09:18:40 | DEBUG    | log:153 | [get_keyword_boost] Query: 'Thông tin định danh có đầy đủ ...' | Doc: getUserProfile | Tra | Boost: 0.25 | Matched: ['định danh']
2026-01-06 09:18:40 | DEBUG    | log:153 | [classify_query_intent] Classified: 'Thông tin định danh có đầy đủ ...' -> getUserProfile | Tra cứu thông (score=1)
2026-01-06 09:18:40 | DEBUG    | log:153 | [normalize_query] 'Xem mức độ KYC của tôi...' -> 'Xem mức độ kyc của tôi...'
2026-01-06 09:18:40 | DEBUG    | log:153 | [perform_hybrid_search] query_text: [Xem mức độ KYC của tôi] - formatted_query: [Xem mức độ kyc của tôi] - normalized_query: [Xem mức độ kyc của tôi]
2026-01-06 09:18:40 | DEBUG    | log:153 | [perform_hybrid_search] BM25 raw scores: min=0.0000, max=17.9816
2026-01-06 09:18:40 | DEBUG    | log:153 | [get_keyword_boost] Query: 'Xem mức độ kyc của tôi...' | Doc: getUserProfile | Tra | Boost: 0.25 | Matched: ['kyc']
2026-01-06 09:18:40 | DEBUG    | log:153 | [classify_query_intent] Classified: 'Xem mức độ kyc của tôi...' -> getUserProfile | Tra cứu thông (score=1)
2026-01-06 09:18:40 | DEBUG    | log:153 | [normalize_query] 'Cho tôi biết mã khách hàng CIF...' -> 'Cho tôi biết mã khách hàng cif...'
2026-01-06 09:18:40 | DEBUG    | log:153 | [perform_hybrid_search] query_text: [Cho tôi biết mã khách hàng CIF] - formatted_query: [Cho tôi biết mã khách hàng cif] - normalized_query: [Cho tôi biết mã khách hàng cif]
2026-01-06 09:18:41 | DEBUG    | log:153 | [perform_hybrid_search] BM25 raw scores: min=0.1968, max=10.4075
2026-01-06 09:18:41 | DEBUG    | log:153 | [get_keyword_boost] Query: 'Cho tôi biết mã khách hàng cif...' | Doc: Tra cứu chi tiết một | Boost: 0.25 | Matched: ['mã']
2026-01-06 09:18:41 | DEBUG    | log:153 | [get_keyword_boost] Query: 'Cho tôi biết mã khách hàng cif...' | Doc: getUserProfile | Tra | Boost: 0.25 | Matched: ['mã khách hàng']
2026-01-06 09:18:41 | DEBUG    | log:153 | [classify_query_intent] Ambiguous: 'Cho tôi biết mã khách hàng cif...' | Scores: {'Tra cứu chi tiết một giao dịch cụ thể': 1, 'getUserProfile | Tra cứu thông tin định danh': 1}
2026-01-06 09:18:41 | DEBUG    | log:153 | [normalize_query] 'Tôi đã cung cấp giấy tờ định danh gì?...' -> 'Tôi đã cung cấp giấy tờ định danh gì...'
2026-01-06 09:18:41 | DEBUG    | log:153 | [perform_hybrid_search] query_text: [Tôi đã cung cấp giấy tờ định danh gì?] - formatted_query: [Tôi đã cung cấp giấy tờ định danh gì] - normalized_query: [Tôi đã cung cấp giấy tờ định danh gì]
2026-01-06 09:18:41 | DEBUG    | log:153 | [perform_hybrid_search] BM25 raw scores: min=0.0112, max=31.8260
2026-01-06 09:18:41 | DEBUG    | log:153 | [get_keyword_boost] Query: 'Tôi đã cung cấp giấy tờ định d...' | Doc: getUserProfile | Tra | Boost: 0.25 | Matched: ['định danh']
2026-01-06 09:18:41 | DEBUG    | log:153 | [classify_query_intent] Classified: 'Tôi đã cung cấp giấy tờ định d...' -> getUserProfile | Tra cứu thông (score=1)
2026-01-06 09:18:41 | DEBUG    | log:153 | [normalize_query] 'Kiểm tra thông tin định danh cá nhân...' -> 'Kiểm tra thông tin định danh cá nhân...'
2026-01-06 09:18:41 | DEBUG    | log:153 | [perform_hybrid_search] query_text: [Kiểm tra thông tin định danh cá nhân] - formatted_query: [Kiểm tra thông tin định danh cá nhân] - normalized_query: [Kiểm tra thông tin định danh cá nhân]
2026-01-06 09:18:41 | DEBUG    | log:153 | [perform_hybrid_search] BM25 raw scores: min=0.0320, max=41.5393
2026-01-06 09:18:41 | DEBUG    | log:153 | [get_keyword_boost] Query: 'Kiểm tra thông tin định danh c...' | Doc: getUserProfile | Tra | Boost: 0.25 | Matched: ['định danh']
2026-01-06 09:18:41 | DEBUG    | log:153 | [classify_query_intent] Classified: 'Kiểm tra thông tin định danh c...' -> getUserProfile | Tra cứu thông (score=1)
2026-01-06 09:18:41 | DEBUG    | log:153 | [normalize_query] 'Tài khoản đã được nâng cấp định danh chư...' -> 'Tài khoản đã được nâng cấp định danh chư...'
2026-01-06 09:18:41 | DEBUG    | log:153 | [perform_hybrid_search] query_text: [Tài khoản đã được nâng cấp định danh chưa?] - formatted_query: [Tài khoản đã được nâng cấp định danh chưa] - normalized_query: [Tài khoản đã được nâng cấp định danh chưa]
2026-01-06 09:18:41 | DEBUG    | log:153 | [perform_hybrid_search] BM25 raw scores: min=0.0104, max=25.9511
2026-01-06 09:18:41 | DEBUG    | log:153 | [get_keyword_boost] Query: 'Tài khoản đã được nâng cấp địn...' | Doc: Tra cứu lịch sử giao | Boost: 0.25 | Matched: ['tài khoản']
2026-01-06 09:18:41 | DEBUG    | log:153 | [get_keyword_boost] Query: 'Tài khoản đã được nâng cấp địn...' | Doc: getTransactionList | | Boost: 0.25 | Matched: ['tài khoản']
2026-01-06 09:18:41 | DEBUG    | log:153 | [get_keyword_boost] Query: 'Tài khoản đã được nâng cấp địn...' | Doc: getUserProfile | Tra | Boost: 0.25 | Matched: ['định danh']
2026-01-06 09:18:41 | DEBUG    | log:153 | [classify_query_intent] Ambiguous: 'Tài khoản đã được nâng cấp địn...' | Scores: {'Tra cứu lịch sử giao dịch theo số tài khoản': 1, 'getTransactionList | Tra cứu giao dịch chờ duyệt theo số tài khoản nguồn': 1, 'getUserProfile | Tra cứu thông tin định danh': 1}
2026-01-06 09:18:41 | DEBUG    | log:153 | [normalize_query] 'Tôi ở mức định danh cơ bản hay nâng cao?...' -> 'Tôi ở mức định danh cơ bản hay nâng cao...'
2026-01-06 09:18:41 | DEBUG    | log:153 | [perform_hybrid_search] query_text: [Tôi ở mức định danh cơ bản hay nâng cao?] - formatted_query: [Tôi ở mức định danh cơ bản hay nâng cao] - normalized_query: [Tôi ở mức định danh cơ bản hay nâng cao]
2026-01-06 09:18:41 | DEBUG    | log:153 | [perform_hybrid_search] BM25 raw scores: min=0.0202, max=25.2778
2026-01-06 09:18:41 | DEBUG    | log:153 | [get_keyword_boost] Query: 'Tôi ở mức định danh cơ bản hay...' | Doc: getUserProfile | Tra | Boost: 0.25 | Matched: ['định danh']
2026-01-06 09:18:41 | DEBUG    | log:153 | [classify_query_intent] Classified: 'Tôi ở mức định danh cơ bản hay...' -> getUserProfile | Tra cứu thông (score=1)
2026-01-06 09:18:41 | DEBUG    | log:153 | [normalize_query] 'Xem trạng thái xác thực hồ sơ...' -> 'Xem trạng thái xác thực hồ sơ...'
2026-01-06 09:18:41 | DEBUG    | log:153 | [perform_hybrid_search] query_text: [Xem trạng thái xác thực hồ sơ] - formatted_query: [Xem trạng thái xác thực hồ sơ] - normalized_query: [Xem trạng thái xác thực hồ sơ]
2026-01-06 09:18:41 | DEBUG    | log:153 | [perform_hybrid_search] BM25 raw scores: min=1.8305, max=17.7557
2026-01-06 09:18:41 | DEBUG    | log:153 | [get_keyword_boost] Query: 'Xem trạng thái xác thực hồ sơ...' | Doc: Tra cứu giao dịch th | Boost: 0.25 | Matched: ['trạng thái']
2026-01-06 09:18:41 | DEBUG    | log:153 | [get_keyword_boost] Query: 'Xem trạng thái xác thực hồ sơ...' | Doc: getUserProfile | Tra | Boost: 0.25 | Matched: ['xác thực']
2026-01-06 09:18:41 | DEBUG    | log:153 | [get_keyword_boost] Query: 'Xem trạng thái xác thực hồ sơ...' | Doc: getUserProfile | Kiể | Boost: 0.25 | Matched: ['trạng thái']
2026-01-06 09:18:41 | DEBUG    | log:153 | [classify_query_intent] Ambiguous: 'Xem trạng thái xác thực hồ sơ...' | Scores: {'Tra cứu giao dịch theo trạng thái': 1, 'getUserProfile | Tra cứu thông tin định danh': 1, 'getUserProfile | Kiểm tra trạng thái hồ sơ khách hàng': 1}
2026-01-06 09:18:41 | DEBUG    | log:153 | [normalize_query] 'Tôi muốn biết mã CIF của mình...' -> 'Tôi muốn biết mã cif của mình...'
2026-01-06 09:18:41 | DEBUG    | log:153 | [perform_hybrid_search] query_text: [Tôi muốn biết mã CIF của mình] - formatted_query: [Tôi muốn biết mã cif của mình] - normalized_query: [Tôi muốn biết mã cif của mình]
2026-01-06 09:18:41 | DEBUG    | log:153 | [perform_hybrid_search] BM25 raw scores: min=0.0000, max=9.5346
2026-01-06 09:18:41 | DEBUG    | log:153 | [get_keyword_boost] Query: 'Tôi muốn biết mã cif của mình...' | Doc: Tra cứu chi tiết một | Boost: 0.25 | Matched: ['mã']
2026-01-06 09:18:41 | DEBUG    | log:153 | [classify_query_intent] Classified: 'Tôi muốn biết mã cif của mình...' -> Tra cứu chi tiết một giao dịch (score=1)
2026-01-06 09:18:41 | DEBUG    | log:153 | [normalize_query] 'Giấy tờ định danh đã được phê duyệt chưa...' -> 'Giấy tờ định danh đã được phê duyệt chưa...'
2026-01-06 09:18:41 | DEBUG    | log:153 | [perform_hybrid_search] query_text: [Giấy tờ định danh đã được phê duyệt chưa?] - formatted_query: [Giấy tờ định danh đã được phê duyệt chưa] - normalized_query: [Giấy tờ định danh đã được phê duyệt chưa]
2026-01-06 09:18:41 | DEBUG    | log:153 | [perform_hybrid_search] BM25 raw scores: min=0.0104, max=25.2224
2026-01-06 09:18:41 | DEBUG    | log:153 | [get_keyword_boost] Query: 'Giấy tờ định danh đã được phê ...' | Doc: Tra cứu giao dịch th | Boost: 0.25 | Matched: ['phê duyệt']
2026-01-06 09:18:41 | DEBUG    | log:153 | [get_keyword_boost] Query: 'Giấy tờ định danh đã được phê ...' | Doc: getUserProfile | Tra | Boost: 0.25 | Matched: ['định danh']
2026-01-06 09:18:41 | DEBUG    | log:153 | [classify_query_intent] Ambiguous: 'Giấy tờ định danh đã được phê ...' | Scores: {'Tra cứu giao dịch theo trạng thái': 1, 'getUserProfile | Tra cứu thông tin định danh': 1}
2026-01-06 09:18:41 | DEBUG    | log:153 | [normalize_query] 'Cấp độ bảo mật định danh của tôi...' -> 'Cấp độ bảo mật định danh của tôi...'
2026-01-06 09:18:41 | DEBUG    | log:153 | [perform_hybrid_search] query_text: [Cấp độ bảo mật định danh của tôi] - formatted_query: [Cấp độ bảo mật định danh của tôi] - normalized_query: [Cấp độ bảo mật định danh của tôi]
2026-01-06 09:18:41 | DEBUG    | log:153 | [perform_hybrid_search] BM25 raw scores: min=0.0208, max=21.8248
2026-01-06 09:18:41 | DEBUG    | log:153 | [get_keyword_boost] Query: 'Cấp độ bảo mật định danh của t...' | Doc: getUserProfile | Tra | Boost: 0.25 | Matched: ['định danh']
2026-01-06 09:18:41 | DEBUG    | log:153 | [classify_query_intent] Classified: 'Cấp độ bảo mật định danh của t...' -> getUserProfile | Tra cứu thông (score=1)
2026-01-06 09:18:41 | DEBUG    | log:153 | [normalize_query] 'Tôi đã định danh điện tử chưa?...' -> 'Tôi đã định danh điện tử chưa...'
2026-01-06 09:18:41 | DEBUG    | log:153 | [perform_hybrid_search] query_text: [Tôi đã định danh điện tử chưa?] - formatted_query: [Tôi đã định danh điện tử chưa] - normalized_query: [Tôi đã định danh điện tử chưa]
2026-01-06 09:18:41 | DEBUG    | log:153 | [perform_hybrid_search] BM25 raw scores: min=0.0112, max=12.7054
2026-01-06 09:18:41 | DEBUG    | log:153 | [get_keyword_boost] Query: 'Tôi đã định danh điện tử chưa...' | Doc: getUserProfile | Tra | Boost: 0.25 | Matched: ['định danh']
2026-01-06 09:18:41 | DEBUG    | log:153 | [classify_query_intent] Classified: 'Tôi đã định danh điện tử chưa...' -> getUserProfile | Tra cứu thông (score=1)
2026-01-06 09:18:41 | DEBUG    | log:153 | [normalize_query] 'Xem chi tiết thông tin định danh...' -> 'Xem chi tiết thông tin định danh...'
2026-01-06 09:18:41 | DEBUG    | log:153 | [perform_hybrid_search] query_text: [Xem chi tiết thông tin định danh] - formatted_query: [Xem chi tiết thông tin định danh] - normalized_query: [Xem chi tiết thông tin định danh]
2026-01-06 09:18:41 | DEBUG    | log:153 | [perform_hybrid_search] BM25 raw scores: min=0.0146, max=17.2364
2026-01-06 09:18:41 | DEBUG    | log:153 | [get_keyword_boost] Query: 'Xem chi tiết thông tin định da...' | Doc: getUserProfile | Tra | Boost: 0.25 | Matched: ['định danh']
2026-01-06 09:18:41 | DEBUG    | log:153 | [classify_query_intent] Classified: 'Xem chi tiết thông tin định da...' -> getUserProfile | Tra cứu thông (score=1)
2026-01-06 09:18:41 | DEBUG    | log:153 | [normalize_query] 'Số CIF của tôi hiển thị ở đâu?...' -> 'Số cif của tôi hiển thị ở đâu...'
2026-01-06 09:18:41 | DEBUG    | log:153 | [perform_hybrid_search] query_text: [Số CIF của tôi hiển thị ở đâu?] - formatted_query: [Số cif của tôi hiển thị ở đâu] - normalized_query: [Số cif của tôi hiển thị ở đâu]
2026-01-06 09:18:41 | DEBUG    | log:153 | [perform_hybrid_search] BM25 raw scores: min=0.0965, max=11.6461
2026-01-06 09:18:41 | DEBUG    | log:153 | [get_keyword_boost] Query: 'Số cif của tôi hiển thị ở đâu...' | Doc: getUserProfile | Tra | Boost: 0.25 | Matched: ['số cif']
2026-01-06 09:18:41 | DEBUG    | log:153 | [classify_query_intent] Classified: 'Số cif của tôi hiển thị ở đâu...' -> getUserProfile | Tra cứu thông (score=1)
2026-01-06 09:18:41 | DEBUG    | log:153 | [normalize_query] 'Trạng thái eKYC của tôi là gì?...' -> 'Trạng thái ekyc của tôi là gì...'
2026-01-06 09:18:41 | DEBUG    | log:153 | [perform_hybrid_search] query_text: [Trạng thái eKYC của tôi là gì?] - formatted_query: [Trạng thái ekyc của tôi là gì] - normalized_query: [Trạng thái ekyc của tôi là gì]
2026-01-06 09:18:41 | DEBUG    | log:153 | [perform_hybrid_search] BM25 raw scores: min=0.0000, max=11.6281
2026-01-06 09:18:41 | DEBUG    | log:153 | [get_keyword_boost] Query: 'Trạng thái ekyc của tôi là gì...' | Doc: Tra cứu giao dịch th | Boost: 0.25 | Matched: ['trạng thái']
2026-01-06 09:18:41 | DEBUG    | log:153 | [get_keyword_boost] Query: 'Trạng thái ekyc của tôi là gì...' | Doc: getUserProfile | Tra | Boost: 0.50 | Matched: ['kyc', 'ekyc']
2026-01-06 09:18:41 | DEBUG    | log:153 | [get_keyword_boost] Query: 'Trạng thái ekyc của tôi là gì...' | Doc: getUserProfile | Kiể | Boost: 0.25 | Matched: ['trạng thái']
2026-01-06 09:18:41 | DEBUG    | log:153 | [classify_query_intent] Classified: 'Trạng thái ekyc của tôi là gì...' -> getUserProfile | Tra cứu thông (score=2)
2026-01-06 09:18:41 | DEBUG    | log:153 | [normalize_query] 'Tôi đã hoàn thành các bước định danh chư...' -> 'Tôi đã hoàn thành các bước định danh chư...'
2026-01-06 09:18:41 | DEBUG    | log:153 | [perform_hybrid_search] query_text: [Tôi đã hoàn thành các bước định danh chưa?] - formatted_query: [Tôi đã hoàn thành các bước định danh chưa] - normalized_query: [Tôi đã hoàn thành các bước định danh chưa]
2026-01-06 09:18:41 | DEBUG    | log:153 | [perform_hybrid_search] BM25 raw scores: min=0.0104, max=20.4504
2026-01-06 09:18:41 | DEBUG    | log:153 | [get_keyword_boost] Query: 'Tôi đã hoàn thành các bước địn...' | Doc: Tra cứu giao dịch th | Boost: 0.25 | Matched: ['hoàn thành']
2026-01-06 09:18:41 | DEBUG    | log:153 | [get_keyword_boost] Query: 'Tôi đã hoàn thành các bước địn...' | Doc: getUserProfile | Tra | Boost: 0.25 | Matched: ['định danh']
2026-01-06 09:18:41 | DEBUG    | log:153 | [classify_query_intent] Ambiguous: 'Tôi đã hoàn thành các bước địn...' | Scores: {'Tra cứu giao dịch theo trạng thái': 1, 'getUserProfile | Tra cứu thông tin định danh': 1}
2026-01-06 09:18:41 | DEBUG    | log:153 | [normalize_query] 'Hồ sơ định danh có lỗi gì không?...' -> 'Hồ sơ định danh có lỗi gì không...'
2026-01-06 09:18:41 | DEBUG    | log:153 | [perform_hybrid_search] query_text: [Hồ sơ định danh có lỗi gì không?] - formatted_query: [Hồ sơ định danh có lỗi gì không] - normalized_query: [Hồ sơ định danh có lỗi gì không]
2026-01-06 09:18:41 | DEBUG    | log:153 | [perform_hybrid_search] BM25 raw scores: min=0.0404, max=33.4766
2026-01-06 09:18:41 | DEBUG    | log:153 | [get_keyword_boost] Query: 'Hồ sơ định danh có lỗi gì khôn...' | Doc: getUserProfile | Tra | Boost: 0.25 | Matched: ['định danh']
2026-01-06 09:18:41 | DEBUG    | log:153 | [classify_query_intent] Classified: 'Hồ sơ định danh có lỗi gì khôn...' -> getUserProfile | Tra cứu thông (score=1)
2026-01-06 09:18:41 | DEBUG    | log:153 | [normalize_query] 'Cho tôi biết thông tin KYC...' -> 'Cho tôi biết thông tin kyc...'
2026-01-06 09:18:41 | DEBUG    | log:153 | [perform_hybrid_search] query_text: [Cho tôi biết thông tin KYC] - formatted_query: [Cho tôi biết thông tin kyc] - normalized_query: [Cho tôi biết thông tin kyc]
2026-01-06 09:18:41 | DEBUG    | log:153 | [perform_hybrid_search] BM25 raw scores: min=0.0000, max=9.4223
2026-01-06 09:18:41 | DEBUG    | log:153 | [get_keyword_boost] Query: 'Cho tôi biết thông tin kyc...' | Doc: getUserProfile | Tra | Boost: 0.25 | Matched: ['kyc']
2026-01-06 09:18:41 | DEBUG    | log:153 | [classify_query_intent] Classified: 'Cho tôi biết thông tin kyc...' -> getUserProfile | Tra cứu thông (score=1)
2026-01-06 09:18:41 | DEBUG    | log:153 | [normalize_query] 'Tài khoản đã định danh đầy đủ chưa?...' -> 'Tài khoản đã định danh đầy đủ chưa...'
2026-01-06 09:18:41 | DEBUG    | log:153 | [perform_hybrid_search] query_text: [Tài khoản đã định danh đầy đủ chưa?] - formatted_query: [Tài khoản đã định danh đầy đủ chưa] - normalized_query: [Tài khoản đã định danh đầy đủ chưa]
2026-01-06 09:18:41 | DEBUG    | log:153 | [perform_hybrid_search] BM25 raw scores: min=0.0104, max=18.3981
2026-01-06 09:18:41 | DEBUG    | log:153 | [get_keyword_boost] Query: 'Tài khoản đã định danh đầy đủ ...' | Doc: Tra cứu lịch sử giao | Boost: 0.25 | Matched: ['tài khoản']
2026-01-06 09:18:41 | DEBUG    | log:153 | [get_keyword_boost] Query: 'Tài khoản đã định danh đầy đủ ...' | Doc: getTransactionList | | Boost: 0.25 | Matched: ['tài khoản']
2026-01-06 09:18:41 | DEBUG    | log:153 | [get_keyword_boost] Query: 'Tài khoản đã định danh đầy đủ ...' | Doc: getUserProfile | Tra | Boost: 0.25 | Matched: ['định danh']
2026-01-06 09:18:41 | DEBUG    | log:153 | [classify_query_intent] Ambiguous: 'Tài khoản đã định danh đầy đủ ...' | Scores: {'Tra cứu lịch sử giao dịch theo số tài khoản': 1, 'getTransactionList | Tra cứu giao dịch chờ duyệt theo số tài khoản nguồn': 1, 'getUserProfile | Tra cứu thông tin định danh': 1}
2026-01-06 09:18:41 | DEBUG    | log:153 | [normalize_query] 'Loại định danh tôi đang sử dụng...' -> 'Loại định danh tôi đang sử dụng...'
2026-01-06 09:18:41 | DEBUG    | log:153 | [perform_hybrid_search] query_text: [Loại định danh tôi đang sử dụng] - formatted_query: [Loại định danh tôi đang sử dụng] - normalized_query: [Loại định danh tôi đang sử dụng]
2026-01-06 09:18:41 | DEBUG    | log:153 | [perform_hybrid_search] BM25 raw scores: min=0.6252, max=11.2447
2026-01-06 09:18:41 | DEBUG    | log:153 | [get_keyword_boost] Query: 'Loại định danh tôi đang sử dụn...' | Doc: getUserProfile | Tra | Boost: 0.25 | Matched: ['định danh']
2026-01-06 09:18:41 | DEBUG    | log:153 | [classify_query_intent] Classified: 'Loại định danh tôi đang sử dụn...' -> getUserProfile | Tra cứu thông (score=1)
2026-01-06 09:18:41 | DEBUG    | log:153 | [normalize_query] 'Kiểm tra mức độ xác thực tài khoản...' -> 'Kiểm tra mức độ xác thực tài khoản...'
2026-01-06 09:18:41 | DEBUG    | log:153 | [perform_hybrid_search] query_text: [Kiểm tra mức độ xác thực tài khoản] - formatted_query: [Kiểm tra mức độ xác thực tài khoản] - normalized_query: [Kiểm tra mức độ xác thực tài khoản]
2026-01-06 09:18:41 | DEBUG    | log:153 | [perform_hybrid_search] BM25 raw scores: min=1.0815, max=39.3771
2026-01-06 09:18:41 | DEBUG    | log:153 | [get_keyword_boost] Query: 'Kiểm tra mức độ xác thực tài k...' | Doc: Tra cứu lịch sử giao | Boost: 0.25 | Matched: ['tài khoản']
2026-01-06 09:18:41 | DEBUG    | log:153 | [get_keyword_boost] Query: 'Kiểm tra mức độ xác thực tài k...' | Doc: getTransactionList | | Boost: 0.25 | Matched: ['tài khoản']
2026-01-06 09:18:41 | DEBUG    | log:153 | [get_keyword_boost] Query: 'Kiểm tra mức độ xác thực tài k...' | Doc: getUserProfile | Tra | Boost: 0.25 | Matched: ['xác thực']
2026-01-06 09:18:41 | DEBUG    | log:153 | [classify_query_intent] Ambiguous: 'Kiểm tra mức độ xác thực tài k...' | Scores: {'Tra cứu lịch sử giao dịch theo số tài khoản': 1, 'getTransactionList | Tra cứu giao dịch chờ duyệt theo số tài khoản nguồn': 1, 'getUserProfile | Tra cứu thông tin định danh': 1}
2026-01-06 09:18:41 | DEBUG    | log:153 | [normalize_query] 'Thông tin định danh của tôi là gì?...' -> 'Thông tin định danh của tôi là gì...'
2026-01-06 09:18:41 | DEBUG    | log:153 | [perform_hybrid_search] query_text: [Thông tin định danh của tôi là gì?] - formatted_query: [Thông tin định danh của tôi là gì] - normalized_query: [Thông tin định danh của tôi là gì]
2026-01-06 09:18:41 | DEBUG    | log:153 | [perform_hybrid_search] BM25 raw scores: min=0.1788, max=22.6048
2026-01-06 09:18:41 | DEBUG    | log:153 | [get_keyword_boost] Query: 'Thông tin định danh của tôi là...' | Doc: getUserProfile | Tra | Boost: 0.25 | Matched: ['định danh']
2026-01-06 09:18:41 | DEBUG    | log:153 | [classify_query_intent] Classified: 'Thông tin định danh của tôi là...' -> getUserProfile | Tra cứu thông (score=1)
2026-01-06 09:18:41 | DEBUG    | log:153 | [normalize_query] 'Tôi đã định danh bằng CCCD hay CMND?...' -> 'Tôi đã định danh bằng cccd hay cmnd...'
2026-01-06 09:18:41 | DEBUG    | log:153 | [perform_hybrid_search] query_text: [Tôi đã định danh bằng CCCD hay CMND?] - formatted_query: [Tôi đã định danh bằng cccd hay cmnd] - normalized_query: [Tôi đã định danh bằng cccd hay cmnd]
2026-01-06 09:18:41 | DEBUG    | log:153 | [perform_hybrid_search] BM25 raw scores: min=0.0208, max=12.7735
2026-01-06 09:18:41 | DEBUG    | log:153 | [get_keyword_boost] Query: 'Tôi đã định danh bằng cccd hay...' | Doc: getUserProfile | Tra | Boost: 0.75 | Matched: ['định danh', 'cccd', 'cmnd']
2026-01-06 09:18:41 | DEBUG    | log:153 | [classify_query_intent] Classified: 'Tôi đã định danh bằng cccd hay...' -> getUserProfile | Tra cứu thông (score=3)
2026-01-06 09:18:41 | DEBUG    | log:153 | [normalize_query] 'Kiểm tra trạng thái hồ sơ khách hàng của...' -> 'Kiểm tra trạng thái hồ sơ khách hàng của...'
2026-01-06 09:18:41 | DEBUG    | log:153 | [perform_hybrid_search] query_text: [Kiểm tra trạng thái hồ sơ khách hàng của tôi] - formatted_query: [Kiểm tra trạng thái hồ sơ khách hàng của tôi] - normalized_query: [Kiểm tra trạng thái hồ sơ khách hàng của tôi]
2026-01-06 09:18:41 | DEBUG    | log:153 | [perform_hybrid_search] BM25 raw scores: min=0.0404, max=60.1682
2026-01-06 09:18:41 | DEBUG    | log:153 | [get_keyword_boost] Query: 'Kiểm tra trạng thái hồ sơ khác...' | Doc: Tra cứu giao dịch th | Boost: 0.25 | Matched: ['trạng thái']
2026-01-06 09:18:41 | DEBUG    | log:153 | [get_keyword_boost] Query: 'Kiểm tra trạng thái hồ sơ khác...' | Doc: getUserProfile | Kiể | Boost: 0.25 | Matched: ['trạng thái']
2026-01-06 09:18:41 | DEBUG    | log:153 | [classify_query_intent] Ambiguous: 'Kiểm tra trạng thái hồ sơ khác...' | Scores: {'Tra cứu giao dịch theo trạng thái': 1, 'getUserProfile | Kiểm tra trạng thái hồ sơ khách hàng': 1}
2026-01-06 09:18:41 | DEBUG    | log:153 | [normalize_query] 'Tình trạng khách hàng của tôi hiện nay l...' -> 'Tình trạng khách hàng của tôi hiện nay l...'
2026-01-06 09:18:41 | DEBUG    | log:153 | [perform_hybrid_search] query_text: [Tình trạng khách hàng của tôi hiện nay là gì?] - formatted_query: [Tình trạng khách hàng của tôi hiện nay là gì] - normalized_query: [Tình trạng khách hàng của tôi hiện nay là gì]
2026-01-06 09:18:41 | DEBUG    | log:153 | [perform_hybrid_search] BM25 raw scores: min=0.0000, max=50.3511
2026-01-06 09:18:41 | DEBUG    | log:153 | [get_keyword_boost] Query: 'Tình trạng khách hàng của tôi ...' | Doc: Tra cứu lịch sử giao | Boost: 0.25 | Matched: ['nay']
2026-01-06 09:18:41 | DEBUG    | log:153 | [get_keyword_boost] Query: 'Tình trạng khách hàng của tôi ...' | Doc: getUserProfile | Kiể | Boost: 0.25 | Matched: ['tình trạng']
2026-01-06 09:18:41 | DEBUG    | log:153 | [classify_query_intent] Ambiguous: 'Tình trạng khách hàng của tôi ...' | Scores: {'Tra cứu lịch sử giao dịch theo khoảng thời gian': 1, 'getUserProfile | Kiểm tra trạng thái hồ sơ khách hàng': 1}
2026-01-06 09:18:41 | DEBUG    | log:153 | [normalize_query] 'Hồ sơ của tôi đang active hay inactive?...' -> 'Hồ sơ của tôi đang active hay inactive...'
2026-01-06 09:18:41 | DEBUG    | log:153 | [perform_hybrid_search] query_text: [Hồ sơ của tôi đang active hay inactive?] - formatted_query: [Hồ sơ của tôi đang active hay inactive] - normalized_query: [Hồ sơ của tôi đang active hay inactive]
2026-01-06 09:18:41 | DEBUG    | log:153 | [perform_hybrid_search] BM25 raw scores: min=0.0109, max=36.4561
2026-01-06 09:18:41 | DEBUG    | log:153 | [get_keyword_boost] Query: 'Hồ sơ của tôi đang active hay ...' | Doc: getUserProfile | Kiể | Boost: 0.50 | Matched: ['active', 'inactive']
2026-01-06 09:18:41 | DEBUG    | log:153 | [classify_query_intent] Classified: 'Hồ sơ của tôi đang active hay ...' -> getUserProfile | Kiểm tra trạn (score=2)
2026-01-06 09:18:41 | DEBUG    | log:153 | [normalize_query] 'Tôi còn được ghi nhận là khách hàng khôn...' -> 'Tôi còn được ghi nhận là khách hàng khôn...'
2026-01-06 09:18:41 | DEBUG    | log:153 | [perform_hybrid_search] query_text: [Tôi còn được ghi nhận là khách hàng không?] - formatted_query: [Tôi còn được ghi nhận là khách hàng không] - normalized_query: [Tôi còn được ghi nhận là khách hàng không]
2026-01-06 09:18:41 | DEBUG    | log:153 | [perform_hybrid_search] BM25 raw scores: min=0.0000, max=33.4341
2026-01-06 09:18:41 | DEBUG    | log:153 | [get_keyword_boost] Query: 'Tôi còn được ghi nhận là khách...' | Doc: Tra cứu giao dịch nh | Boost: 0.25 | Matched: ['nhận']
2026-01-06 09:18:41 | DEBUG    | log:153 | [classify_query_intent] Classified: 'Tôi còn được ghi nhận là khách...' -> Tra cứu giao dịch nhận tiền (score=1)
2026-01-06 09:18:41 | DEBUG    | log:153 | [normalize_query] 'Hồ sơ của tôi có đang bị tạm ngưng không...' -> 'Hồ sơ của tôi có đang bị tạm ngưng không...'
2026-01-06 09:18:41 | DEBUG    | log:153 | [perform_hybrid_search] query_text: [Hồ sơ của tôi có đang bị tạm ngưng không?] - formatted_query: [Hồ sơ của tôi có đang bị tạm ngưng không] - normalized_query: [Hồ sơ của tôi có đang bị tạm ngưng không]
2026-01-06 09:18:41 | DEBUG    | log:153 | [perform_hybrid_search] BM25 raw scores: min=0.0109, max=55.8715
2026-01-06 09:18:41 | DEBUG    | log:153 | [get_keyword_boost] Query: 'Hồ sơ của tôi có đang bị tạm n...' | Doc: getUserProfile | Kiể | Boost: 0.25 | Matched: ['tạm ngưng']
2026-01-06 09:18:41 | DEBUG    | log:153 | [classify_query_intent] Classified: 'Hồ sơ của tôi có đang bị tạm n...' -> getUserProfile | Kiểm tra trạn (score=1)
2026-01-06 09:18:41 | DEBUG    | log:153 | [normalize_query] 'Trạng thái hiện tại của hồ sơ là gì?...' -> 'Trạng thái hiện tại của hồ sơ là gì...'
2026-01-06 09:18:41 | DEBUG    | log:153 | [perform_hybrid_search] query_text: [Trạng thái hiện tại của hồ sơ là gì?] - formatted_query: [Trạng thái hiện tại của hồ sơ là gì] - normalized_query: [Trạng thái hiện tại của hồ sơ là gì]
2026-01-06 09:18:41 | DEBUG    | log:153 | [perform_hybrid_search] BM25 raw scores: min=0.0115, max=45.2097
2026-01-06 09:18:41 | DEBUG    | log:153 | [get_keyword_boost] Query: 'Trạng thái hiện tại của hồ sơ ...' | Doc: Tra cứu giao dịch th | Boost: 0.25 | Matched: ['trạng thái']
2026-01-06 09:18:41 | DEBUG    | log:153 | [get_keyword_boost] Query: 'Trạng thái hiện tại của hồ sơ ...' | Doc: getUserProfile | Kiể | Boost: 0.25 | Matched: ['trạng thái']
2026-01-06 09:18:41 | DEBUG    | log:153 | [classify_query_intent] Ambiguous: 'Trạng thái hiện tại của hồ sơ ...' | Scores: {'Tra cứu giao dịch theo trạng thái': 1, 'getUserProfile | Kiểm tra trạng thái hồ sơ khách hàng': 1}
2026-01-06 09:18:41 | DEBUG    | log:153 | [normalize_query] 'Hồ sơ của tôi đang ở trạng thái nào?...' -> 'Hồ sơ của tôi đang ở trạng thái nào...'
2026-01-06 09:18:41 | DEBUG    | log:153 | [perform_hybrid_search] query_text: [Hồ sơ của tôi đang ở trạng thái nào?] - formatted_query: [Hồ sơ của tôi đang ở trạng thái nào] - normalized_query: [Hồ sơ của tôi đang ở trạng thái nào]
2026-01-06 09:18:41 | DEBUG    | log:153 | [perform_hybrid_search] BM25 raw scores: min=0.0109, max=41.4236
2026-01-06 09:18:41 | DEBUG    | log:153 | [get_keyword_boost] Query: 'Hồ sơ của tôi đang ở trạng thá...' | Doc: Tra cứu giao dịch th | Boost: 0.25 | Matched: ['trạng thái']
2026-01-06 09:18:41 | DEBUG    | log:153 | [get_keyword_boost] Query: 'Hồ sơ của tôi đang ở trạng thá...' | Doc: getUserProfile | Kiể | Boost: 0.25 | Matched: ['trạng thái']
2026-01-06 09:18:41 | DEBUG    | log:153 | [classify_query_intent] Ambiguous: 'Hồ sơ của tôi đang ở trạng thá...' | Scores: {'Tra cứu giao dịch theo trạng thái': 1, 'getUserProfile | Kiểm tra trạng thái hồ sơ khách hàng': 1}
2026-01-06 09:18:41 | DEBUG    | log:153 | [normalize_query] 'Hồ sơ khách hàng có bị thay đổi trạng th...' -> 'Hồ sơ khách hàng có bị thay đổi trạng th...'
2026-01-06 09:18:41 | DEBUG    | log:153 | [perform_hybrid_search] query_text: [Hồ sơ khách hàng có bị thay đổi trạng thái không?] - formatted_query: [Hồ sơ khách hàng có bị thay đổi trạng thái không] - normalized_query: [Hồ sơ khách hàng có bị thay đổi trạng thái không]
2026-01-06 09:18:41 | DEBUG    | log:153 | [perform_hybrid_search] BM25 raw scores: min=0.0109, max=84.4447
2026-01-06 09:18:41 | DEBUG    | log:153 | [get_keyword_boost] Query: 'Hồ sơ khách hàng có bị thay đổ...' | Doc: Tra cứu giao dịch th | Boost: 0.25 | Matched: ['trạng thái']
2026-01-06 09:18:41 | DEBUG    | log:153 | [get_keyword_boost] Query: 'Hồ sơ khách hàng có bị thay đổ...' | Doc: getUserProfile | Kiể | Boost: 0.50 | Matched: ['trạng thái', 'thay đổi trạng thái']
2026-01-06 09:18:41 | DEBUG    | log:153 | [classify_query_intent] Classified: 'Hồ sơ khách hàng có bị thay đổ...' -> getUserProfile | Kiểm tra trạn (score=2)
2026-01-06 09:18:41 | DEBUG    | log:153 | [normalize_query] 'Tình trạng hồ sơ có bị cập nhật gần đây ...' -> 'Tình trạng hồ sơ có bị cập nhật gần đây ...'
2026-01-06 09:18:41 | DEBUG    | log:153 | [perform_hybrid_search] query_text: [Tình trạng hồ sơ có bị cập nhật gần đây không?] - formatted_query: [Tình trạng hồ sơ có bị cập nhật gần đây không] - normalized_query: [Tình trạng hồ sơ có bị cập nhật gần đây không]
2026-01-06 09:18:42 | DEBUG    | log:153 | [perform_hybrid_search] BM25 raw scores: min=0.0111, max=77.1095
2026-01-06 09:18:42 | DEBUG    | log:153 | [get_keyword_boost] Query: 'Tình trạng hồ sơ có bị cập nhậ...' | Doc: Tra cứu lịch sử giao | Boost: 0.25 | Matched: ['gần đây']
2026-01-06 09:18:42 | DEBUG    | log:153 | [get_keyword_boost] Query: 'Tình trạng hồ sơ có bị cập nhậ...' | Doc: getTransactionList | | Boost: 0.25 | Matched: ['gần đây']
2026-01-06 09:18:42 | DEBUG    | log:153 | [get_keyword_boost] Query: 'Tình trạng hồ sơ có bị cập nhậ...' | Doc: getUserProfile | Kiể | Boost: 0.25 | Matched: ['tình trạng']
2026-01-06 09:18:42 | DEBUG    | log:153 | [classify_query_intent] Ambiguous: 'Tình trạng hồ sơ có bị cập nhậ...' | Scores: {'Tra cứu lịch sử giao dịch theo khoảng thời gian': 1, 'getTransactionList | Tra cứu giao dịch chờ duyệt theo khoảng thời gian': 1, 'getUserProfile | Kiểm tra trạng thái hồ sơ khách hàng': 1}
2026-01-06 09:18:42 | DEBUG    | log:153 | [normalize_query] 'Kiểm tra hồ sơ khách hàng hiện tại của t...' -> 'Kiểm tra hồ sơ khách hàng hiện tại của t...'
2026-01-06 09:18:42 | DEBUG    | log:153 | [perform_hybrid_search] query_text: [Kiểm tra hồ sơ khách hàng hiện tại của tôi] - formatted_query: [Kiểm tra hồ sơ khách hàng hiện tại của tôi] - normalized_query: [Kiểm tra hồ sơ khách hàng hiện tại của tôi]
2026-01-06 09:18:42 | DEBUG    | log:153 | [perform_hybrid_search] BM25 raw scores: min=0.0404, max=58.3952
2026-01-06 09:18:42 | DEBUG    | log:153 | [get_keyword_boost] Query: 'Kiểm tra hồ sơ khách hàng hiện...' | Doc: getUserProfile | Tra | Boost: 0.25 | Matched: ['kiểm tra hồ sơ']
2026-01-06 09:18:42 | DEBUG    | log:153 | [classify_query_intent] Classified: 'Kiểm tra hồ sơ khách hàng hiện...' -> getUserProfile | Tra cứu thông (score=1)
2026-01-06 09:18:42 | DEBUG    | log:153 | [normalize_query] 'Tài khoản của tôi có đang bị khóa không?...' -> 'Tài khoản của tôi có đang bị khóa không...'
2026-01-06 09:18:42 | DEBUG    | log:153 | [perform_hybrid_search] query_text: [Tài khoản của tôi có đang bị khóa không?] - formatted_query: [Tài khoản của tôi có đang bị khóa không] - normalized_query: [Tài khoản của tôi có đang bị khóa không]
2026-01-06 09:18:42 | DEBUG    | log:153 | [perform_hybrid_search] BM25 raw scores: min=0.8046, max=14.8254
2026-01-06 09:18:42 | DEBUG    | log:153 | [get_keyword_boost] Query: 'Tài khoản của tôi có đang bị k...' | Doc: Tra cứu lịch sử giao | Boost: 0.25 | Matched: ['tài khoản']
2026-01-06 09:18:42 | DEBUG    | log:153 | [get_keyword_boost] Query: 'Tài khoản của tôi có đang bị k...' | Doc: getTransactionList | | Boost: 0.25 | Matched: ['tài khoản']
2026-01-06 09:18:42 | DEBUG    | log:153 | [get_keyword_boost] Query: 'Tài khoản của tôi có đang bị k...' | Doc: getUserProfile | Kiể | Boost: 0.25 | Matched: ['khóa']
2026-01-06 09:18:42 | DEBUG    | log:153 | [classify_query_intent] Ambiguous: 'Tài khoản của tôi có đang bị k...' | Scores: {'Tra cứu lịch sử giao dịch theo số tài khoản': 1, 'getTransactionList | Tra cứu giao dịch chờ duyệt theo số tài khoản nguồn': 1, 'getUserProfile | Kiểm tra trạng thái hồ sơ khách hàng': 1}
2026-01-06 09:18:42 | DEBUG    | log:153 | [normalize_query] 'Hồ sơ của tôi còn hiệu lực không?...' -> 'Hồ sơ của tôi còn hiệu lực không...'
2026-01-06 09:18:42 | DEBUG    | log:153 | [perform_hybrid_search] query_text: [Hồ sơ của tôi còn hiệu lực không?] - formatted_query: [Hồ sơ của tôi còn hiệu lực không] - normalized_query: [Hồ sơ của tôi còn hiệu lực không]
2026-01-06 09:18:42 | DEBUG    | log:153 | [perform_hybrid_search] BM25 raw scores: min=0.0109, max=20.6305
2026-01-06 09:18:42 | DEBUG    | log:153 | [classify_query_intent] No keyword matches found in: 'Hồ sơ của tôi còn hiệu lực không'
2026-01-06 09:18:42 | DEBUG    | log:153 | [normalize_query] 'Tại sao trạng thái hồ sơ lại thay đổi?...' -> 'Tại sao trạng thái hồ sơ lại thay đổi...'
2026-01-06 09:18:42 | DEBUG    | log:153 | [perform_hybrid_search] query_text: [Tại sao trạng thái hồ sơ lại thay đổi?] - formatted_query: [Tại sao trạng thái hồ sơ lại thay đổi] - normalized_query: [Tại sao trạng thái hồ sơ lại thay đổi]
2026-01-06 09:18:42 | DEBUG    | log:153 | [perform_hybrid_search] BM25 raw scores: min=0.0111, max=40.3742
2026-01-06 09:18:42 | DEBUG    | log:153 | [get_keyword_boost] Query: 'Tại sao trạng thái hồ sơ lại t...' | Doc: Tra cứu giao dịch th | Boost: 0.25 | Matched: ['trạng thái']
2026-01-06 09:18:42 | DEBUG    | log:153 | [get_keyword_boost] Query: 'Tại sao trạng thái hồ sơ lại t...' | Doc: getUserProfile | Kiể | Boost: 0.25 | Matched: ['trạng thái']
2026-01-06 09:18:42 | DEBUG    | log:153 | [classify_query_intent] Ambiguous: 'Tại sao trạng thái hồ sơ lại t...' | Scores: {'Tra cứu giao dịch theo trạng thái': 1, 'getUserProfile | Kiểm tra trạng thái hồ sơ khách hàng': 1}
2026-01-06 09:18:42 | DEBUG    | log:153 | [normalize_query] 'Xem tình trạng hoạt động hồ sơ cá nhân...' -> 'Xem tình trạng hoạt động hồ sơ cá nhân...'
2026-01-06 09:18:42 | DEBUG    | log:153 | [perform_hybrid_search] query_text: [Xem tình trạng hoạt động hồ sơ cá nhân] - formatted_query: [Xem tình trạng hoạt động hồ sơ cá nhân] - normalized_query: [Xem tình trạng hoạt động hồ sơ cá nhân]
2026-01-06 09:18:42 | DEBUG    | log:153 | [perform_hybrid_search] BM25 raw scores: min=0.0202, max=55.8341
2026-01-06 09:18:42 | DEBUG    | log:153 | [get_keyword_boost] Query: 'Xem tình trạng hoạt động hồ sơ...' | Doc: getUserProfile | Tra | Boost: 0.25 | Matched: ['hồ sơ cá nhân']
2026-01-06 09:18:42 | DEBUG    | log:153 | [get_keyword_boost] Query: 'Xem tình trạng hoạt động hồ sơ...' | Doc: getUserProfile | Kiể | Boost: 0.50 | Matched: ['tình trạng', 'hoạt động']
2026-01-06 09:18:42 | DEBUG    | log:153 | [classify_query_intent] Classified: 'Xem tình trạng hoạt động hồ sơ...' -> getUserProfile | Kiểm tra trạn (score=2)
2026-01-06 09:18:42 | DEBUG    | log:153 | [normalize_query] 'Tôi có đang ở trạng thái hoạt động bình ...' -> 'Tôi có đang ở trạng thái hoạt động bình ...'
2026-01-06 09:18:42 | DEBUG    | log:153 | [perform_hybrid_search] query_text: [Tôi có đang ở trạng thái hoạt động bình thường?] - formatted_query: [Tôi có đang ở trạng thái hoạt động bình thường] - normalized_query: [Tôi có đang ở trạng thái hoạt động bình thường]
2026-01-06 09:18:42 | DEBUG    | log:153 | [perform_hybrid_search] BM25 raw scores: min=0.0000, max=23.7696
2026-01-06 09:18:42 | DEBUG    | log:153 | [get_keyword_boost] Query: 'Tôi có đang ở trạng thái hoạt ...' | Doc: Tra cứu giao dịch th | Boost: 0.25 | Matched: ['trạng thái']
2026-01-06 09:18:42 | DEBUG    | log:153 | [get_keyword_boost] Query: 'Tôi có đang ở trạng thái hoạt ...' | Doc: getUserProfile | Kiể | Boost: 0.50 | Matched: ['trạng thái', 'hoạt động']
2026-01-06 09:18:42 | DEBUG    | log:153 | [classify_query_intent] Classified: 'Tôi có đang ở trạng thái hoạt ...' -> getUserProfile | Kiểm tra trạn (score=2)
2026-01-06 09:18:42 | DEBUG    | log:153 | [normalize_query] 'Kiểm tra trạng thái của khách hàng...' -> 'Kiểm tra trạng thái của khách hàng...'
2026-01-06 09:18:42 | DEBUG    | log:153 | [perform_hybrid_search] query_text: [Kiểm tra trạng thái của khách hàng] - formatted_query: [Kiểm tra trạng thái của khách hàng] - normalized_query: [Kiểm tra trạng thái của khách hàng]
2026-01-06 09:18:42 | DEBUG    | log:153 | [perform_hybrid_search] BM25 raw scores: min=0.0202, max=35.3416
2026-01-06 09:18:42 | DEBUG    | log:153 | [get_keyword_boost] Query: 'Kiểm tra trạng thái của khách ...' | Doc: Tra cứu giao dịch th | Boost: 0.25 | Matched: ['trạng thái']
2026-01-06 09:18:42 | DEBUG    | log:153 | [get_keyword_boost] Query: 'Kiểm tra trạng thái của khách ...' | Doc: getUserProfile | Kiể | Boost: 0.25 | Matched: ['trạng thái']
2026-01-06 09:18:42 | DEBUG    | log:153 | [classify_query_intent] Ambiguous: 'Kiểm tra trạng thái của khách ...' | Scores: {'Tra cứu giao dịch theo trạng thái': 1, 'getUserProfile | Kiểm tra trạng thái hồ sơ khách hàng': 1}
2026-01-06 09:18:42 | DEBUG    | log:153 | [normalize_query] 'Hồ sơ của tôi là Active hay Inactive?...' -> 'Hồ sơ của tôi là active hay inactive...'
2026-01-06 09:18:42 | DEBUG    | log:153 | [perform_hybrid_search] query_text: [Hồ sơ của tôi là Active hay Inactive?] - formatted_query: [Hồ sơ của tôi là active hay inactive] - normalized_query: [Hồ sơ của tôi là active hay inactive]
2026-01-06 09:18:42 | DEBUG    | log:153 | [perform_hybrid_search] BM25 raw scores: min=0.0095, max=25.6043
2026-01-06 09:18:42 | DEBUG    | log:153 | [get_keyword_boost] Query: 'Hồ sơ của tôi là active hay in...' | Doc: getUserProfile | Kiể | Boost: 0.50 | Matched: ['active', 'inactive']
2026-01-06 09:18:42 | DEBUG    | log:153 | [classify_query_intent] Classified: 'Hồ sơ của tôi là active hay in...' -> getUserProfile | Kiểm tra trạn (score=2)
2026-01-06 09:18:42 | DEBUG    | log:153 | [normalize_query] 'Trạng thái hồ sơ có bị tạm dừng không?...' -> 'Trạng thái hồ sơ có bị tạm dừng không...'
2026-01-06 09:18:42 | DEBUG    | log:153 | [perform_hybrid_search] query_text: [Trạng thái hồ sơ có bị tạm dừng không?] - formatted_query: [Trạng thái hồ sơ có bị tạm dừng không] - normalized_query: [Trạng thái hồ sơ có bị tạm dừng không]
2026-01-06 09:18:42 | DEBUG    | log:153 | [perform_hybrid_search] BM25 raw scores: min=0.0217, max=39.8240
2026-01-06 09:18:42 | DEBUG    | log:153 | [get_keyword_boost] Query: 'Trạng thái hồ sơ có bị tạm dừn...' | Doc: Tra cứu giao dịch th | Boost: 0.25 | Matched: ['trạng thái']
2026-01-06 09:18:42 | DEBUG    | log:153 | [get_keyword_boost] Query: 'Trạng thái hồ sơ có bị tạm dừn...' | Doc: getUserProfile | Kiể | Boost: 0.25 | Matched: ['trạng thái']
2026-01-06 09:18:42 | DEBUG    | log:153 | [classify_query_intent] Ambiguous: 'Trạng thái hồ sơ có bị tạm dừn...' | Scores: {'Tra cứu giao dịch theo trạng thái': 1, 'getUserProfile | Kiểm tra trạng thái hồ sơ khách hàng': 1}
2026-01-06 09:18:42 | DEBUG    | log:153 | [normalize_query] 'Cho tôi biết hồ sơ của tôi đang thế nào...' -> 'Cho tôi biết hồ sơ của tôi đang thế nào...'
2026-01-06 09:18:42 | DEBUG    | log:153 | [perform_hybrid_search] query_text: [Cho tôi biết hồ sơ của tôi đang thế nào] - formatted_query: [Cho tôi biết hồ sơ của tôi đang thế nào] - normalized_query: [Cho tôi biết hồ sơ của tôi đang thế nào]
2026-01-06 09:18:42 | DEBUG    | log:153 | [perform_hybrid_search] BM25 raw scores: min=0.0202, max=31.0328
2026-01-06 09:18:42 | DEBUG    | log:153 | [classify_query_intent] No keyword matches found in: 'Cho tôi biết hồ sơ của tôi đang thế nào'
2026-01-06 09:18:42 | DEBUG    | log:153 | [normalize_query] 'Tình hình hồ sơ khách hàng của tôi...' -> 'Tình hình hồ sơ khách hàng của tôi...'
2026-01-06 09:18:42 | DEBUG    | log:153 | [perform_hybrid_search] query_text: [Tình hình hồ sơ khách hàng của tôi] - formatted_query: [Tình hình hồ sơ khách hàng của tôi] - normalized_query: [Tình hình hồ sơ khách hàng của tôi]
2026-01-06 09:18:42 | DEBUG    | log:153 | [perform_hybrid_search] BM25 raw scores: min=0.0095, max=39.4816
2026-01-06 09:18:42 | DEBUG    | log:153 | [classify_query_intent] No keyword matches found in: 'Tình hình hồ sơ khách hàng của tôi'
2026-01-06 09:18:42 | DEBUG    | log:153 | [normalize_query] 'Trạng thái người dùng của tôi là gì?...' -> 'Trạng thái người dùng của tôi là gì...'
2026-01-06 09:18:42 | DEBUG    | log:153 | [perform_hybrid_search] query_text: [Trạng thái người dùng của tôi là gì?] - formatted_query: [Trạng thái người dùng của tôi là gì] - normalized_query: [Trạng thái người dùng của tôi là gì]
2026-01-06 09:18:42 | DEBUG    | log:153 | [perform_hybrid_search] BM25 raw scores: min=0.4640, max=11.2118
2026-01-06 09:18:42 | DEBUG    | log:153 | [get_keyword_boost] Query: 'Trạng thái người dùng của tôi ...' | Doc: Tra cứu giao dịch th | Boost: 0.25 | Matched: ['trạng thái']
2026-01-06 09:18:42 | DEBUG    | log:153 | [get_keyword_boost] Query: 'Trạng thái người dùng của tôi ...' | Doc: getUserProfile | Tra | Boost: 0.25 | Matched: ['người dùng']
2026-01-06 09:18:42 | DEBUG    | log:153 | [get_keyword_boost] Query: 'Trạng thái người dùng của tôi ...' | Doc: getUserProfile | Kiể | Boost: 0.25 | Matched: ['trạng thái']
2026-01-06 09:18:42 | DEBUG    | log:153 | [classify_query_intent] Ambiguous: 'Trạng thái người dùng của tôi ...' | Scores: {'Tra cứu giao dịch theo trạng thái': 1, 'getUserProfile | Tra cứu thông tin cá nhân cơ bản': 1, 'getUserProfile | Kiểm tra trạng thái hồ sơ khách hàng': 1}
2026-01-06 09:18:42 | DEBUG    | log:153 | [normalize_query] 'Hồ sơ của tôi có đang bị đóng không?...' -> 'Hồ sơ của tôi có đang bị đóng không...'
2026-01-06 09:18:42 | DEBUG    | log:153 | [perform_hybrid_search] query_text: [Hồ sơ của tôi có đang bị đóng không?] - formatted_query: [Hồ sơ của tôi có đang bị đóng không] - normalized_query: [Hồ sơ của tôi có đang bị đóng không]
2026-01-06 09:18:42 | DEBUG    | log:153 | [perform_hybrid_search] BM25 raw scores: min=0.0109, max=32.2736
2026-01-06 09:18:42 | DEBUG    | log:153 | [classify_query_intent] No keyword matches found in: 'Hồ sơ của tôi có đang bị đóng không'
2026-01-06 09:18:42 | DEBUG    | log:153 | [normalize_query] 'Kiểm tra xem hồ sơ của tôi có bị khóa kh...' -> 'Kiểm tra xem hồ sơ của tôi có bị khóa kh...'
2026-01-06 09:18:42 | DEBUG    | log:153 | [perform_hybrid_search] query_text: [Kiểm tra xem hồ sơ của tôi có bị khóa không] - formatted_query: [Kiểm tra xem hồ sơ của tôi có bị khóa không] - normalized_query: [Kiểm tra xem hồ sơ của tôi có bị khóa không]
2026-01-06 09:18:42 | DEBUG    | log:153 | [perform_hybrid_search] BM25 raw scores: min=0.0404, max=34.3320
2026-01-06 09:18:42 | DEBUG    | log:153 | [get_keyword_boost] Query: 'Kiểm tra xem hồ sơ của tôi có ...' | Doc: getUserProfile | Kiể | Boost: 0.25 | Matched: ['khóa']
2026-01-06 09:18:42 | DEBUG    | log:153 | [classify_query_intent] Classified: 'Kiểm tra xem hồ sơ của tôi có ...' -> getUserProfile | Kiểm tra trạn (score=1)
2026-01-06 09:18:42 | DEBUG    | log:153 | [normalize_query] 'Trạng thái hồ sơ hiện tại có đúng không?...' -> 'Trạng thái hồ sơ hiện tại có đúng không...'
2026-01-06 09:18:42 | DEBUG    | log:153 | [perform_hybrid_search] query_text: [Trạng thái hồ sơ hiện tại có đúng không?] - formatted_query: [Trạng thái hồ sơ hiện tại có đúng không] - normalized_query: [Trạng thái hồ sơ hiện tại có đúng không]
2026-01-06 09:18:42 | DEBUG    | log:153 | [perform_hybrid_search] BM25 raw scores: min=0.0115, max=33.6537
2026-01-06 09:18:42 | DEBUG    | log:153 | [get_keyword_boost] Query: 'Trạng thái hồ sơ hiện tại có đ...' | Doc: Tra cứu giao dịch th | Boost: 0.25 | Matched: ['trạng thái']
2026-01-06 09:18:42 | DEBUG    | log:153 | [get_keyword_boost] Query: 'Trạng thái hồ sơ hiện tại có đ...' | Doc: getUserProfile | Kiể | Boost: 0.50 | Matched: ['trạng thái', 'hồ sơ hiện tại']
2026-01-06 09:18:42 | DEBUG    | log:153 | [classify_query_intent] Classified: 'Trạng thái hồ sơ hiện tại có đ...' -> getUserProfile | Kiểm tra trạn (score=2)
2026-01-06 09:18:42 | DEBUG    | log:153 | [normalize_query] 'Tại sao tôi không thể truy cập, check tr...' -> 'Tại sao tôi không thể truy cập, check tr...'
2026-01-06 09:18:42 | DEBUG    | log:153 | [perform_hybrid_search] query_text: [Tại sao tôi không thể truy cập, check trạng thái giúp] - formatted_query: [Tại sao tôi không thể truy cập, check trạng thái giúp] - normalized_query: [Tại sao tôi không thể truy cập, check trạng thái giúp]
2026-01-06 09:18:42 | DEBUG    | log:153 | [perform_hybrid_search] BM25 raw scores: min=0.0127, max=15.8212
2026-01-06 09:18:42 | DEBUG    | log:153 | [get_keyword_boost] Query: 'Tại sao tôi không thể truy cập...' | Doc: Tra cứu giao dịch th | Boost: 0.25 | Matched: ['trạng thái']
2026-01-06 09:18:42 | DEBUG    | log:153 | [get_keyword_boost] Query: 'Tại sao tôi không thể truy cập...' | Doc: Tra cứu giao dịch ch | Boost: 0.25 | Matched: ['ck']
2026-01-06 09:18:42 | DEBUG    | log:153 | [get_keyword_boost] Query: 'Tại sao tôi không thể truy cập...' | Doc: getUserProfile | Kiể | Boost: 0.25 | Matched: ['trạng thái']
2026-01-06 09:18:42 | DEBUG    | log:153 | [classify_query_intent] Ambiguous: 'Tại sao tôi không thể truy cập...' | Scores: {'Tra cứu giao dịch theo trạng thái': 1, 'Tra cứu giao dịch chuyển tiền': 1, 'getUserProfile | Kiểm tra trạng thái hồ sơ khách hàng': 1}
2026-01-06 09:18:42 | DEBUG    | log:153 | [normalize_query] 'Hồ sơ khách hàng của tôi có đang hợp lệ?...' -> 'Hồ sơ khách hàng của tôi có đang hợp lệ...'
2026-01-06 09:18:42 | DEBUG    | log:153 | [perform_hybrid_search] query_text: [Hồ sơ khách hàng của tôi có đang hợp lệ?] - formatted_query: [Hồ sơ khách hàng của tôi có đang hợp lệ] - normalized_query: [Hồ sơ khách hàng của tôi có đang hợp lệ]
2026-01-06 09:18:42 | DEBUG    | log:153 | [perform_hybrid_search] BM25 raw scores: min=0.0109, max=45.5447
2026-01-06 09:18:42 | DEBUG    | log:153 | [classify_query_intent] No keyword matches found in: 'Hồ sơ khách hàng của tôi có đang hợp lệ'
2026-01-06 09:18:42 | DEBUG    | log:153 | [normalize_query] 'Trạng thái mới nhất của hồ sơ tôi là gì?...' -> 'Trạng thái mới nhất của hồ sơ tôi là gì...'
2026-01-06 09:18:42 | DEBUG    | log:153 | [perform_hybrid_search] query_text: [Trạng thái mới nhất của hồ sơ tôi là gì?] - formatted_query: [Trạng thái mới nhất của hồ sơ tôi là gì] - normalized_query: [Trạng thái mới nhất của hồ sơ tôi là gì]
2026-01-06 09:18:42 | DEBUG    | log:153 | [perform_hybrid_search] BM25 raw scores: min=0.0111, max=32.2054
2026-01-06 09:18:42 | DEBUG    | log:153 | [get_keyword_boost] Query: 'Trạng thái mới nhất của hồ sơ ...' | Doc: Tra cứu giao dịch th | Boost: 0.25 | Matched: ['trạng thái']
2026-01-06 09:18:42 | DEBUG    | log:153 | [get_keyword_boost] Query: 'Trạng thái mới nhất của hồ sơ ...' | Doc: getUserProfile | Kiể | Boost: 0.25 | Matched: ['trạng thái']
2026-01-06 09:18:42 | DEBUG    | log:153 | [classify_query_intent] Ambiguous: 'Trạng thái mới nhất của hồ sơ ...' | Scores: {'Tra cứu giao dịch theo trạng thái': 1, 'getUserProfile | Kiểm tra trạng thái hồ sơ khách hàng': 1}
2026-01-06 09:18:42 | DEBUG    | log:153 | [normalize_query] 'Kiểm tra tình trạng hồ sơ trên hệ thống...' -> 'Kiểm tra tình trạng hồ sơ trên hệ thống...'
2026-01-06 09:18:42 | DEBUG    | log:153 | [perform_hybrid_search] query_text: [Kiểm tra tình trạng hồ sơ trên hệ thống] - formatted_query: [Kiểm tra tình trạng hồ sơ trên hệ thống] - normalized_query: [Kiểm tra tình trạng hồ sơ trên hệ thống]
2026-01-06 09:18:42 | DEBUG    | log:153 | [perform_hybrid_search] BM25 raw scores: min=0.0974, max=41.9274
2026-01-06 09:18:42 | DEBUG    | log:153 | [get_keyword_boost] Query: 'Kiểm tra tình trạng hồ sơ trên...' | Doc: Tra cứu giao dịch th | Boost: 0.25 | Matched: ['trên']
2026-01-06 09:18:42 | DEBUG    | log:153 | [get_keyword_boost] Query: 'Kiểm tra tình trạng hồ sơ trên...' | Doc: getTransactionList | | Boost: 0.25 | Matched: ['trên']
2026-01-06 09:18:42 | DEBUG    | log:153 | [get_keyword_boost] Query: 'Kiểm tra tình trạng hồ sơ trên...' | Doc: getUserProfile | Kiể | Boost: 0.50 | Matched: ['tình trạng', 'kiểm tra tình trạng']
2026-01-06 09:18:42 | DEBUG    | log:153 | [classify_query_intent] Classified: 'Kiểm tra tình trạng hồ sơ trên...' -> getUserProfile | Kiểm tra trạn (score=2)
2026-01-06 09:18:42 | DEBUG    | log:153 | [normalize_query] 'Hồ sơ của tôi có đang bị treo không?...' -> 'Hồ sơ của tôi có đang bị treo không...'
2026-01-06 09:18:42 | DEBUG    | log:153 | [perform_hybrid_search] query_text: [Hồ sơ của tôi có đang bị treo không?] - formatted_query: [Hồ sơ của tôi có đang bị treo không] - normalized_query: [Hồ sơ của tôi có đang bị treo không]
2026-01-06 09:18:42 | DEBUG    | log:153 | [perform_hybrid_search] BM25 raw scores: min=0.0109, max=30.8777
2026-01-06 09:18:42 | DEBUG    | log:153 | [classify_query_intent] No keyword matches found in: 'Hồ sơ của tôi có đang bị treo không'
2026-01-06 09:18:42 | DEBUG    | log:153 | [normalize_query] 'Xem trạng thái hồ sơ của mình...' -> 'Xem trạng thái hồ sơ của mình...'
2026-01-06 09:18:42 | DEBUG    | log:153 | [perform_hybrid_search] query_text: [Xem trạng thái hồ sơ của mình] - formatted_query: [Xem trạng thái hồ sơ của mình] - normalized_query: [Xem trạng thái hồ sơ của mình]
2026-01-06 09:18:42 | DEBUG    | log:153 | [perform_hybrid_search] BM25 raw scores: min=0.0202, max=20.9665
2026-01-06 09:18:42 | DEBUG    | log:153 | [get_keyword_boost] Query: 'Xem trạng thái hồ sơ của mình...' | Doc: Tra cứu giao dịch th | Boost: 0.25 | Matched: ['trạng thái']
2026-01-06 09:18:42 | DEBUG    | log:153 | [get_keyword_boost] Query: 'Xem trạng thái hồ sơ của mình...' | Doc: getUserProfile | Kiể | Boost: 0.25 | Matched: ['trạng thái']
2026-01-06 09:18:42 | DEBUG    | log:153 | [classify_query_intent] Ambiguous: 'Xem trạng thái hồ sơ của mình...' | Scores: {'Tra cứu giao dịch theo trạng thái': 1, 'getUserProfile | Kiểm tra trạng thái hồ sơ khách hàng': 1}
2026-01-06 09:18:42 | DEBUG    | log:153 | [normalize_query] 'Tài khoản hồ sơ của tôi có đang hoạt độn...' -> 'Tài khoản hồ sơ của tôi có đang hoạt độn...'
2026-01-06 09:18:42 | DEBUG    | log:153 | [perform_hybrid_search] query_text: [Tài khoản hồ sơ của tôi có đang hoạt động?] - formatted_query: [Tài khoản hồ sơ của tôi có đang hoạt động] - normalized_query: [Tài khoản hồ sơ của tôi có đang hoạt động]
2026-01-06 09:18:42 | DEBUG    | log:153 | [perform_hybrid_search] BM25 raw scores: min=0.8298, max=38.6303
2026-01-06 09:18:42 | DEBUG    | log:153 | [get_keyword_boost] Query: 'Tài khoản hồ sơ của tôi có đan...' | Doc: Tra cứu lịch sử giao | Boost: 0.25 | Matched: ['tài khoản']
2026-01-06 09:18:42 | DEBUG    | log:153 | [get_keyword_boost] Query: 'Tài khoản hồ sơ của tôi có đan...' | Doc: getTransactionList | | Boost: 0.25 | Matched: ['tài khoản']
2026-01-06 09:18:42 | DEBUG    | log:153 | [get_keyword_boost] Query: 'Tài khoản hồ sơ của tôi có đan...' | Doc: getUserProfile | Kiể | Boost: 0.25 | Matched: ['hoạt động']
2026-01-06 09:18:42 | DEBUG    | log:153 | [classify_query_intent] Ambiguous: 'Tài khoản hồ sơ của tôi có đan...' | Scores: {'Tra cứu lịch sử giao dịch theo số tài khoản': 1, 'getTransactionList | Tra cứu giao dịch chờ duyệt theo số tài khoản nguồn': 1, 'getUserProfile | Kiểm tra trạng thái hồ sơ khách hàng': 1}
2026-01-06 09:18:42 | DEBUG    | log:153 | [normalize_query] 'Kiểm tra status của hồ sơ khách hàng...' -> 'Kiểm tra status của hồ sơ khách hàng...'
2026-01-06 09:18:42 | DEBUG    | log:153 | [perform_hybrid_search] query_text: [Kiểm tra status của hồ sơ khách hàng] - formatted_query: [Kiểm tra status của hồ sơ khách hàng] - normalized_query: [Kiểm tra status của hồ sơ khách hàng]
2026-01-06 09:18:42 | DEBUG    | log:153 | [perform_hybrid_search] BM25 raw scores: min=0.0404, max=43.7066
2026-01-06 09:18:42 | DEBUG    | log:153 | [get_keyword_boost] Query: 'Kiểm tra status của hồ sơ khác...' | Doc: getUserProfile | Kiể | Boost: 0.25 | Matched: ['status']
2026-01-06 09:18:42 | DEBUG    | log:153 | [classify_query_intent] Classified: 'Kiểm tra status của hồ sơ khác...' -> getUserProfile | Kiểm tra trạn (score=1)
2026-01-06 09:18:42 | DEBUG    | log:153 | [normalize_query] 'Tình trạng hồ sơ có vấn đề gì không?...' -> 'Tình trạng hồ sơ có vấn đề gì không...'
2026-01-06 09:18:42 | DEBUG    | log:153 | [perform_hybrid_search] query_text: [Tình trạng hồ sơ có vấn đề gì không?] - formatted_query: [Tình trạng hồ sơ có vấn đề gì không] - normalized_query: [Tình trạng hồ sơ có vấn đề gì không]
2026-01-06 09:18:42 | DEBUG    | log:153 | [perform_hybrid_search] BM25 raw scores: min=0.0326, max=46.4665
2026-01-06 09:18:42 | DEBUG    | log:153 | [get_keyword_boost] Query: 'Tình trạng hồ sơ có vấn đề gì ...' | Doc: getUserProfile | Kiể | Boost: 0.25 | Matched: ['tình trạng']
2026-01-06 09:18:42 | DEBUG    | log:153 | [classify_query_intent] Classified: 'Tình trạng hồ sơ có vấn đề gì ...' -> getUserProfile | Kiểm tra trạn (score=1)
2026-01-06 09:18:42 | DEBUG    | log:153 | [normalize_query] 'Cho tôi biết tình trạng hiện tại của tài...' -> 'Cho tôi biết tình trạng hiện tại của tài...'
2026-01-06 09:18:42 | DEBUG    | log:153 | [perform_hybrid_search] query_text: [Cho tôi biết tình trạng hiện tại của tài khoản] - formatted_query: [Cho tôi biết tình trạng hiện tại của tài khoản] - normalized_query: [Cho tôi biết tình trạng hiện tại của tài khoản]
2026-01-06 09:18:42 | DEBUG    | log:153 | [perform_hybrid_search] BM25 raw scores: min=1.4865, max=15.7228
2026-01-06 09:18:42 | DEBUG    | log:153 | [get_keyword_boost] Query: 'Cho tôi biết tình trạng hiện t...' | Doc: Tra cứu lịch sử giao | Boost: 0.25 | Matched: ['tài khoản']
2026-01-06 09:18:42 | DEBUG    | log:153 | [get_keyword_boost] Query: 'Cho tôi biết tình trạng hiện t...' | Doc: getTransactionList | | Boost: 0.50 | Matched: ['tài khoản', 'của tài khoản']
2026-01-06 09:18:42 | DEBUG    | log:153 | [get_keyword_boost] Query: 'Cho tôi biết tình trạng hiện t...' | Doc: getUserProfile | Kiể | Boost: 0.25 | Matched: ['tình trạng']
2026-01-06 09:18:42 | DEBUG    | log:153 | [classify_query_intent] Classified: 'Cho tôi biết tình trạng hiện t...' -> getTransactionList | Tra cứu g (score=2)
2026-01-06 09:18:42 | DEBUG    | log:153 | [normalize_query] 'Hồ sơ của tôi có đang bị hạn chế không?...' -> 'Hồ sơ của tôi có đang bị hạn chế không...'
2026-01-06 09:18:42 | DEBUG    | log:153 | [perform_hybrid_search] query_text: [Hồ sơ của tôi có đang bị hạn chế không?] - formatted_query: [Hồ sơ của tôi có đang bị hạn chế không] - normalized_query: [Hồ sơ của tôi có đang bị hạn chế không]
2026-01-06 09:18:42 | DEBUG    | log:153 | [perform_hybrid_search] BM25 raw scores: min=0.0109, max=30.8777
2026-01-06 09:18:42 | DEBUG    | log:153 | [classify_query_intent] No keyword matches found in: 'Hồ sơ của tôi có đang bị hạn chế không'
2026-01-06 09:18:42 | DEBUG    | log:153 | [normalize_query] 'Kiểm tra tính khả dụng của hồ sơ...' -> 'Kiểm tra tính khả dụng của hồ sơ...'
2026-01-06 09:18:42 | DEBUG    | log:153 | [perform_hybrid_search] query_text: [Kiểm tra tính khả dụng của hồ sơ] - formatted_query: [Kiểm tra tính khả dụng của hồ sơ] - normalized_query: [Kiểm tra tính khả dụng của hồ sơ]
2026-01-06 09:18:42 | DEBUG    | log:153 | [perform_hybrid_search] BM25 raw scores: min=0.0522, max=26.4820
2026-01-06 09:18:42 | DEBUG    | log:153 | [classify_query_intent] No keyword matches found in: 'Kiểm tra tính khả dụng của hồ sơ'
2026-01-06 09:18:42 | DEBUG    | log:153 | [normalize_query] 'Trạng thái hồ sơ của tôi hiện thị như th...' -> 'Trạng thái hồ sơ của tôi hiện thị như th...'
2026-01-06 09:18:42 | DEBUG    | log:153 | [perform_hybrid_search] query_text: [Trạng thái hồ sơ của tôi hiện thị như thế nào?] - formatted_query: [Trạng thái hồ sơ của tôi hiện thị như thế nào] - normalized_query: [Trạng thái hồ sơ của tôi hiện thị như thế nào]
2026-01-06 09:18:42 | DEBUG    | log:153 | [perform_hybrid_search] BM25 raw scores: min=0.0202, max=39.1307
2026-01-06 09:18:42 | DEBUG    | log:153 | [get_keyword_boost] Query: 'Trạng thái hồ sơ của tôi hiện ...' | Doc: Tra cứu giao dịch th | Boost: 0.25 | Matched: ['trạng thái']
2026-01-06 09:18:42 | DEBUG    | log:153 | [get_keyword_boost] Query: 'Trạng thái hồ sơ của tôi hiện ...' | Doc: getUserProfile | Kiể | Boost: 0.25 | Matched: ['trạng thái']
2026-01-06 09:18:42 | DEBUG    | log:153 | [classify_query_intent] Ambiguous: 'Trạng thái hồ sơ của tôi hiện ...' | Scores: {'Tra cứu giao dịch theo trạng thái': 1, 'getUserProfile | Kiểm tra trạng thái hồ sơ khách hàng': 1}
2026-01-06 09:18:42 | DEBUG    | log:153 | [normalize_query] 'Hồ sơ của tôi có đang được mở không?...' -> 'Hồ sơ của tôi có đang được mở không...'
2026-01-06 09:18:42 | DEBUG    | log:153 | [perform_hybrid_search] query_text: [Hồ sơ của tôi có đang được mở không?] - formatted_query: [Hồ sơ của tôi có đang được mở không] - normalized_query: [Hồ sơ của tôi có đang được mở không]
2026-01-06 09:18:43 | DEBUG    | log:153 | [perform_hybrid_search] BM25 raw scores: min=0.0109, max=30.8777
2026-01-06 09:18:43 | DEBUG    | log:153 | [classify_query_intent] No keyword matches found in: 'Hồ sơ của tôi có đang được mở không'
2026-01-06 09:18:43 | DEBUG    | log:153 | [normalize_query] 'Xem lịch sử thay đổi trạng thái hồ sơ...' -> 'Xem lịch sử thay đổi trạng thái hồ sơ...'
2026-01-06 09:18:43 | DEBUG    | log:153 | [perform_hybrid_search] query_text: [Xem lịch sử thay đổi trạng thái hồ sơ] - formatted_query: [Xem lịch sử thay đổi trạng thái hồ sơ] - normalized_query: [Xem lịch sử thay đổi trạng thái hồ sơ]
2026-01-06 09:18:43 | DEBUG    | log:153 | [perform_hybrid_search] BM25 raw scores: min=2.3491, max=44.3033
2026-01-06 09:18:43 | DEBUG    | log:153 | [get_keyword_boost] Query: 'Xem lịch sử thay đổi trạng thá...' | Doc: Tra cứu giao dịch th | Boost: 0.25 | Matched: ['trạng thái']
2026-01-06 09:18:43 | DEBUG    | log:153 | [get_keyword_boost] Query: 'Xem lịch sử thay đổi trạng thá...' | Doc: getUserProfile | Kiể | Boost: 0.50 | Matched: ['trạng thái', 'thay đổi trạng thái']
2026-01-06 09:18:43 | DEBUG    | log:153 | [classify_query_intent] Classified: 'Xem lịch sử thay đổi trạng thá...' -> getUserProfile | Kiểm tra trạn (score=2)
2026-01-06 09:18:43 | DEBUG    | log:153 | [normalize_query] 'Trạng thái hồ sơ có bị vô hiệu hóa không...' -> 'Trạng thái hồ sơ có bị vô hiệu hóa không...'
2026-01-06 09:18:43 | DEBUG    | log:153 | [perform_hybrid_search] query_text: [Trạng thái hồ sơ có bị vô hiệu hóa không?] - formatted_query: [Trạng thái hồ sơ có bị vô hiệu hóa không] - normalized_query: [Trạng thái hồ sơ có bị vô hiệu hóa không]
2026-01-06 09:18:43 | DEBUG    | log:153 | [perform_hybrid_search] BM25 raw scores: min=0.0326, max=32.9713
2026-01-06 09:18:43 | DEBUG    | log:153 | [get_keyword_boost] Query: 'Trạng thái hồ sơ có bị vô hiệu...' | Doc: Tra cứu giao dịch th | Boost: 0.25 | Matched: ['trạng thái']
2026-01-06 09:18:43 | DEBUG    | log:153 | [get_keyword_boost] Query: 'Trạng thái hồ sơ có bị vô hiệu...' | Doc: getUserProfile | Kiể | Boost: 0.25 | Matched: ['trạng thái']
2026-01-06 09:18:43 | DEBUG    | log:153 | [classify_query_intent] Ambiguous: 'Trạng thái hồ sơ có bị vô hiệu...' | Scores: {'Tra cứu giao dịch theo trạng thái': 1, 'getUserProfile | Kiểm tra trạng thái hồ sơ khách hàng': 1}
2026-01-06 09:18:43 | DEBUG    | log:153 | [normalize_query] 'Kiểm tra trạng thái hoạt động của tôi...' -> 'Kiểm tra trạng thái hoạt động của tôi...'
2026-01-06 09:18:43 | DEBUG    | log:153 | [perform_hybrid_search] query_text: [Kiểm tra trạng thái hoạt động của tôi] - formatted_query: [Kiểm tra trạng thái hoạt động của tôi] - normalized_query: [Kiểm tra trạng thái hoạt động của tôi]
2026-01-06 09:18:43 | DEBUG    | log:153 | [perform_hybrid_search] BM25 raw scores: min=0.0202, max=25.7682
2026-01-06 09:18:43 | DEBUG    | log:153 | [get_keyword_boost] Query: 'Kiểm tra trạng thái hoạt động ...' | Doc: Tra cứu giao dịch th | Boost: 0.25 | Matched: ['trạng thái']
2026-01-06 09:18:43 | DEBUG    | log:153 | [get_keyword_boost] Query: 'Kiểm tra trạng thái hoạt động ...' | Doc: getUserProfile | Kiể | Boost: 0.50 | Matched: ['trạng thái', 'hoạt động']
2026-01-06 09:18:43 | DEBUG    | log:153 | [classify_query_intent] Classified: 'Kiểm tra trạng thái hoạt động ...' -> getUserProfile | Kiểm tra trạn (score=2)
2026-01-06 09:18:43 | DEBUG    | log:153 | [normalize_query] 'Hồ sơ khách hàng của tôi có bị block khô...' -> 'Hồ sơ khách hàng của tôi có bị block khô...'
2026-01-06 09:18:43 | DEBUG    | log:153 | [perform_hybrid_search] query_text: [Hồ sơ khách hàng của tôi có bị block không?] - formatted_query: [Hồ sơ khách hàng của tôi có bị block không] - normalized_query: [Hồ sơ khách hàng của tôi có bị block không]
2026-01-06 09:18:43 | DEBUG    | log:153 | [perform_hybrid_search] BM25 raw scores: min=0.0109, max=45.8125
2026-01-06 09:18:43 | DEBUG    | log:153 | [get_keyword_boost] Query: 'Hồ sơ khách hàng của tôi có bị...' | Doc: Tra cứu giao dịch ch | Boost: 0.25 | Matched: ['ck']
2026-01-06 09:18:43 | DEBUG    | log:153 | [classify_query_intent] Classified: 'Hồ sơ khách hàng của tôi có bị...' -> Tra cứu giao dịch chuyển tiền (score=1)
2026-01-06 09:18:43 | DEBUG    | log:153 | [normalize_query] 'Cho tôi biết trạng thái hồ sơ...' -> 'Cho tôi biết trạng thái hồ sơ...'
2026-01-06 09:18:43 | DEBUG    | log:153 | [perform_hybrid_search] query_text: [Cho tôi biết trạng thái hồ sơ] - formatted_query: [Cho tôi biết trạng thái hồ sơ] - normalized_query: [Cho tôi biết trạng thái hồ sơ]
2026-01-06 09:18:43 | DEBUG    | log:153 | [perform_hybrid_search] BM25 raw scores: min=0.0202, max=19.8841
2026-01-06 09:18:43 | DEBUG    | log:153 | [get_keyword_boost] Query: 'Cho tôi biết trạng thái hồ sơ...' | Doc: Tra cứu giao dịch th | Boost: 0.25 | Matched: ['trạng thái']
2026-01-06 09:18:43 | DEBUG    | log:153 | [get_keyword_boost] Query: 'Cho tôi biết trạng thái hồ sơ...' | Doc: getUserProfile | Kiể | Boost: 0.25 | Matched: ['trạng thái']
2026-01-06 09:18:43 | DEBUG    | log:153 | [classify_query_intent] Ambiguous: 'Cho tôi biết trạng thái hồ sơ...' | Scores: {'Tra cứu giao dịch theo trạng thái': 1, 'getUserProfile | Kiểm tra trạng thái hồ sơ khách hàng': 1}
2026-01-06 09:18:43 | DEBUG    | log:153 | [normalize_query] 'Hồ sơ của tôi còn đang hoạt động không?...' -> 'Hồ sơ của tôi còn đang hoạt động không...'
2026-01-06 09:18:43 | DEBUG    | log:153 | [perform_hybrid_search] query_text: [Hồ sơ của tôi còn đang hoạt động không?] - formatted_query: [Hồ sơ của tôi còn đang hoạt động không] - normalized_query: [Hồ sơ của tôi còn đang hoạt động không]
2026-01-06 09:18:43 | DEBUG    | log:153 | [perform_hybrid_search] BM25 raw scores: min=0.0109, max=27.0542
2026-01-06 09:18:43 | DEBUG    | log:153 | [get_keyword_boost] Query: 'Hồ sơ của tôi còn đang hoạt độ...' | Doc: getUserProfile | Kiể | Boost: 0.25 | Matched: ['hoạt động']
2026-01-06 09:18:43 | DEBUG    | log:153 | [classify_query_intent] Classified: 'Hồ sơ của tôi còn đang hoạt độ...' -> getUserProfile | Kiểm tra trạn (score=1)
2026-01-06 09:18:43 | DEBUG    | log:153 | [normalize_query] 'Kiểm tra tình trạng hồ sơ cá nhân...' -> 'Kiểm tra tình trạng hồ sơ cá nhân...'
2026-01-06 09:18:43 | DEBUG    | log:153 | [perform_hybrid_search] query_text: [Kiểm tra tình trạng hồ sơ cá nhân] - formatted_query: [Kiểm tra tình trạng hồ sơ cá nhân] - normalized_query: [Kiểm tra tình trạng hồ sơ cá nhân]
2026-01-06 09:18:43 | DEBUG    | log:153 | [perform_hybrid_search] BM25 raw scores: min=0.0404, max=48.7531
2026-01-06 09:18:43 | DEBUG    | log:153 | [get_keyword_boost] Query: 'Kiểm tra tình trạng hồ sơ cá n...' | Doc: getUserProfile | Tra | Boost: 0.25 | Matched: ['hồ sơ cá nhân']
2026-01-06 09:18:43 | DEBUG    | log:153 | [get_keyword_boost] Query: 'Kiểm tra tình trạng hồ sơ cá n...' | Doc: getUserProfile | Kiể | Boost: 0.50 | Matched: ['tình trạng', 'kiểm tra tình trạng']
2026-01-06 09:18:43 | DEBUG    | log:153 | [classify_query_intent] Classified: 'Kiểm tra tình trạng hồ sơ cá n...' -> getUserProfile | Kiểm tra trạn (score=2)
2026-01-06 09:18:43 | DEBUG    | log:153 | [normalize_query] 'Trạng thái hồ sơ của tôi là gì?...' -> 'Trạng thái hồ sơ của tôi là gì...'
2026-01-06 09:18:43 | DEBUG    | log:153 | [perform_hybrid_search] query_text: [Trạng thái hồ sơ của tôi là gì?] - formatted_query: [Trạng thái hồ sơ của tôi là gì] - normalized_query: [Trạng thái hồ sơ của tôi là gì]
2026-01-06 09:18:43 | DEBUG    | log:153 | [perform_hybrid_search] BM25 raw scores: min=0.0109, max=31.2551
2026-01-06 09:18:43 | DEBUG    | log:153 | [get_keyword_boost] Query: 'Trạng thái hồ sơ của tôi là gì...' | Doc: Tra cứu giao dịch th | Boost: 0.25 | Matched: ['trạng thái']
2026-01-06 09:18:43 | DEBUG    | log:153 | [get_keyword_boost] Query: 'Trạng thái hồ sơ của tôi là gì...' | Doc: getUserProfile | Kiể | Boost: 0.25 | Matched: ['trạng thái']
2026-01-06 09:18:43 | DEBUG    | log:153 | [classify_query_intent] Ambiguous: 'Trạng thái hồ sơ của tôi là gì...' | Scores: {'Tra cứu giao dịch theo trạng thái': 1, 'getUserProfile | Kiểm tra trạng thái hồ sơ khách hàng': 1}
2026-01-06 09:18:43 | DEBUG    | log:153 | [normalize_query] 'Tôi muốn biết hồ sơ có bị khóa không...' -> 'Tôi muốn biết hồ sơ có bị khóa không...'
2026-01-06 09:18:43 | DEBUG    | log:153 | [perform_hybrid_search] query_text: [Tôi muốn biết hồ sơ có bị khóa không] - formatted_query: [Tôi muốn biết hồ sơ có bị khóa không] - normalized_query: [Tôi muốn biết hồ sơ có bị khóa không]
2026-01-06 09:18:43 | DEBUG    | log:153 | [perform_hybrid_search] BM25 raw scores: min=0.0202, max=26.7815
2026-01-06 09:18:43 | DEBUG    | log:153 | [get_keyword_boost] Query: 'Tôi muốn biết hồ sơ có bị khóa...' | Doc: getUserProfile | Kiể | Boost: 0.25 | Matched: ['khóa']
2026-01-06 09:18:43 | DEBUG    | log:153 | [classify_query_intent] Classified: 'Tôi muốn biết hồ sơ có bị khóa...' -> getUserProfile | Kiểm tra trạn (score=1)
2026-01-06 09:18:43 | DEBUG    | log:153 | [normalize_query] 'Tình trạng khách hàng hiện tại của tôi...' -> 'Tình trạng khách hàng hiện tại của tôi...'
2026-01-06 09:18:43 | DEBUG    | log:153 | [perform_hybrid_search] query_text: [Tình trạng khách hàng hiện tại của tôi] - formatted_query: [Tình trạng khách hàng hiện tại của tôi] - normalized_query: [Tình trạng khách hàng hiện tại của tôi]
2026-01-06 09:18:43 | DEBUG    | log:153 | [perform_hybrid_search] BM25 raw scores: min=0.0000, max=32.6225
2026-01-06 09:18:43 | DEBUG    | log:153 | [get_keyword_boost] Query: 'Tình trạng khách hàng hiện tại...' | Doc: getUserProfile | Kiể | Boost: 0.25 | Matched: ['tình trạng']
2026-01-06 09:18:43 | DEBUG    | log:153 | [classify_query_intent] Classified: 'Tình trạng khách hàng hiện tại...' -> getUserProfile | Kiểm tra trạn (score=1)
2026-01-06 09:18:43 | DEBUG    | log:153 | [normalize_query] 'Hồ sơ của tôi có đang ở trạng thái chờ?...' -> 'Hồ sơ của tôi có đang ở trạng thái chờ...'
2026-01-06 09:18:43 | DEBUG    | log:153 | [perform_hybrid_search] query_text: [Hồ sơ của tôi có đang ở trạng thái chờ?] - formatted_query: [Hồ sơ của tôi có đang ở trạng thái chờ] - normalized_query: [Hồ sơ của tôi có đang ở trạng thái chờ]
2026-01-06 09:18:43 | DEBUG    | log:153 | [perform_hybrid_search] BM25 raw scores: min=0.0109, max=38.5673
2026-01-06 09:18:43 | DEBUG    | log:153 | [get_keyword_boost] Query: 'Hồ sơ của tôi có đang ở trạng ...' | Doc: Tra cứu giao dịch th | Boost: 0.50 | Matched: ['trạng thái', 'chờ']
2026-01-06 09:18:43 | DEBUG    | log:153 | [get_keyword_boost] Query: 'Hồ sơ của tôi có đang ở trạng ...' | Doc: getUserProfile | Kiể | Boost: 0.25 | Matched: ['trạng thái']
2026-01-06 09:18:43 | DEBUG    | log:153 | [classify_query_intent] Classified: 'Hồ sơ của tôi có đang ở trạng ...' -> Tra cứu giao dịch theo trạng t (score=2)
2026-01-06 09:18:43 | DEBUG    | log:153 | [normalize_query] 'Xem trạng thái hồ sơ cá nhân...' -> 'Xem trạng thái hồ sơ cá nhân...'
2026-01-06 09:18:43 | DEBUG    | log:153 | [perform_hybrid_search] query_text: [Xem trạng thái hồ sơ cá nhân] - formatted_query: [Xem trạng thái hồ sơ cá nhân] - normalized_query: [Xem trạng thái hồ sơ cá nhân]
2026-01-06 09:18:43 | DEBUG    | log:153 | [perform_hybrid_search] BM25 raw scores: min=0.0202, max=48.6499
2026-01-06 09:18:43 | DEBUG    | log:153 | [get_keyword_boost] Query: 'Xem trạng thái hồ sơ cá nhân...' | Doc: Tra cứu giao dịch th | Boost: 0.25 | Matched: ['trạng thái']
2026-01-06 09:18:43 | DEBUG    | log:153 | [get_keyword_boost] Query: 'Xem trạng thái hồ sơ cá nhân...' | Doc: getUserProfile | Tra | Boost: 0.25 | Matched: ['hồ sơ cá nhân']
2026-01-06 09:18:43 | DEBUG    | log:153 | [get_keyword_boost] Query: 'Xem trạng thái hồ sơ cá nhân...' | Doc: getUserProfile | Kiể | Boost: 0.25 | Matched: ['trạng thái']
2026-01-06 09:18:43 | DEBUG    | log:153 | [classify_query_intent] Ambiguous: 'Xem trạng thái hồ sơ cá nhân...' | Scores: {'Tra cứu giao dịch theo trạng thái': 1, 'getUserProfile | Tra cứu thông tin cá nhân cơ bản': 1, 'getUserProfile | Kiểm tra trạng thái hồ sơ khách hàng': 1}
2026-01-06 09:18:43 | DEBUG    | log:153 | [normalize_query] 'Tôi đang thuộc hạng khách hàng nào?...' -> 'Tôi đang thuộc hạng khách hàng nào...'
2026-01-06 09:18:43 | DEBUG    | log:153 | [perform_hybrid_search] query_text: [Tôi đang thuộc hạng khách hàng nào?] - formatted_query: [Tôi đang thuộc hạng khách hàng nào] - normalized_query: [Tôi đang thuộc hạng khách hàng nào]
2026-01-06 09:18:43 | DEBUG    | log:153 | [perform_hybrid_search] BM25 raw scores: min=0.0000, max=54.3274
2026-01-06 09:18:43 | DEBUG    | log:153 | [get_keyword_boost] Query: 'Tôi đang thuộc hạng khách hàng...' | Doc: getUserProfile | Tra | Boost: 0.25 | Matched: ['hạng khách hàng']
2026-01-06 09:18:43 | DEBUG    | log:153 | [classify_query_intent] Classified: 'Tôi đang thuộc hạng khách hàng...' -> getUserProfile | Tra cứu phân  (score=1)
2026-01-06 09:18:43 | DEBUG    | log:153 | [normalize_query] 'Phân loại khách hàng của tôi là gì?...' -> 'Phân loại khách hàng của tôi là gì...'
2026-01-06 09:18:43 | DEBUG    | log:153 | [perform_hybrid_search] query_text: [Phân loại khách hàng của tôi là gì?] - formatted_query: [Phân loại khách hàng của tôi là gì] - normalized_query: [Phân loại khách hàng của tôi là gì]
2026-01-06 09:18:43 | DEBUG    | log:153 | [perform_hybrid_search] BM25 raw scores: min=0.0000, max=38.0617
2026-01-06 09:18:43 | DEBUG    | log:153 | [get_keyword_boost] Query: 'Phân loại khách hàng của tôi l...' | Doc: getUserProfile | Tra | Boost: 0.25 | Matched: ['loại khách hàng']
2026-01-06 09:18:43 | DEBUG    | log:153 | [classify_query_intent] Classified: 'Phân loại khách hàng của tôi l...' -> getUserProfile | Tra cứu phân  (score=1)
2026-01-06 09:18:43 | DEBUG    | log:153 | [normalize_query] 'Xem phân hạng khách hàng hiện tại...' -> 'Xem phân hạng khách hàng hiện tại...'
2026-01-06 09:18:43 | DEBUG    | log:153 | [perform_hybrid_search] query_text: [Xem phân hạng khách hàng hiện tại] - formatted_query: [Xem phân hạng khách hàng hiện tại] - normalized_query: [Xem phân hạng khách hàng hiện tại]
2026-01-06 09:18:43 | DEBUG    | log:153 | [perform_hybrid_search] BM25 raw scores: min=0.0000, max=50.0872
2026-01-06 09:18:43 | DEBUG    | log:153 | [get_keyword_boost] Query: 'Xem phân hạng khách hàng hiện ...' | Doc: getUserProfile | Tra | Boost: 0.50 | Matched: ['phân hạng', 'hạng khách hàng']
2026-01-06 09:18:43 | DEBUG    | log:153 | [classify_query_intent] Classified: 'Xem phân hạng khách hàng hiện ...' -> getUserProfile | Tra cứu phân  (score=2)
2026-01-06 09:18:43 | DEBUG    | log:153 | [normalize_query] 'Tôi thuộc nhóm khách hàng nào của ngân h...' -> 'Tôi thuộc nhóm khách hàng nào của ngân h...'
2026-01-06 09:18:43 | DEBUG    | log:153 | [perform_hybrid_search] query_text: [Tôi thuộc nhóm khách hàng nào của ngân hàng?] - formatted_query: [Tôi thuộc nhóm khách hàng nào của ngân hàng] - normalized_query: [Tôi thuộc nhóm khách hàng nào của ngân hàng]
2026-01-06 09:18:43 | DEBUG    | log:153 | [perform_hybrid_search] BM25 raw scores: min=0.0000, max=61.5601
2026-01-06 09:18:43 | DEBUG    | log:153 | [get_keyword_boost] Query: 'Tôi thuộc nhóm khách hàng nào ...' | Doc: getUserProfile | Tra | Boost: 0.25 | Matched: ['nhóm khách hàng']
2026-01-06 09:18:43 | DEBUG    | log:153 | [classify_query_intent] Classified: 'Tôi thuộc nhóm khách hàng nào ...' -> getUserProfile | Tra cứu phân  (score=1)
2026-01-06 09:18:43 | DEBUG    | log:153 | [normalize_query] 'Ngân hàng xếp tôi vào hạng khách hàng nà...' -> 'Ngân hàng xếp tôi vào hạng khách hàng nà...'
2026-01-06 09:18:43 | DEBUG    | log:153 | [perform_hybrid_search] query_text: [Ngân hàng xếp tôi vào hạng khách hàng nào?] - formatted_query: [Ngân hàng xếp tôi vào hạng khách hàng nào] - normalized_query: [Ngân hàng xếp tôi vào hạng khách hàng nào]
2026-01-06 09:18:43 | DEBUG    | log:153 | [perform_hybrid_search] BM25 raw scores: min=0.0000, max=58.3822
2026-01-06 09:18:43 | DEBUG    | log:153 | [get_keyword_boost] Query: 'Ngân hàng xếp tôi vào hạng khá...' | Doc: getUserProfile | Tra | Boost: 0.25 | Matched: ['hạng khách hàng']
2026-01-06 09:18:43 | DEBUG    | log:153 | [classify_query_intent] Classified: 'Ngân hàng xếp tôi vào hạng khá...' -> getUserProfile | Tra cứu phân  (score=1)
2026-01-06 09:18:43 | DEBUG    | log:153 | [normalize_query] 'Tôi có phải là khách hàng ưu tiên không?...' -> 'Tôi có phải là khách hàng ưu tiên không...'
2026-01-06 09:18:43 | DEBUG    | log:153 | [perform_hybrid_search] query_text: [Tôi có phải là khách hàng ưu tiên không?] - formatted_query: [Tôi có phải là khách hàng ưu tiên không] - normalized_query: [Tôi có phải là khách hàng ưu tiên không]
2026-01-06 09:18:43 | DEBUG    | log:153 | [perform_hybrid_search] BM25 raw scores: min=0.1325, max=59.9801
2026-01-06 09:18:43 | DEBUG    | log:153 | [get_keyword_boost] Query: 'Tôi có phải là khách hàng ưu t...' | Doc: getUserProfile | Tra | Boost: 0.25 | Matched: ['khách hàng ưu tiên']
2026-01-06 09:18:43 | DEBUG    | log:153 | [classify_query_intent] Classified: 'Tôi có phải là khách hàng ưu t...' -> getUserProfile | Tra cứu phân  (score=1)
2026-01-06 09:18:43 | DEBUG    | log:153 | [normalize_query] 'Hạng khách hàng hiện tại của tôi là gì?...' -> 'Hạng khách hàng hiện tại của tôi là gì...'
2026-01-06 09:18:43 | DEBUG    | log:153 | [perform_hybrid_search] query_text: [Hạng khách hàng hiện tại của tôi là gì?] - formatted_query: [Hạng khách hàng hiện tại của tôi là gì] - normalized_query: [Hạng khách hàng hiện tại của tôi là gì]
2026-01-06 09:18:43 | DEBUG    | log:153 | [perform_hybrid_search] BM25 raw scores: min=0.0000, max=42.1506
2026-01-06 09:18:43 | DEBUG    | log:153 | [get_keyword_boost] Query: 'Hạng khách hàng hiện tại của t...' | Doc: getUserProfile | Tra | Boost: 0.25 | Matched: ['hạng khách hàng']
2026-01-06 09:18:43 | DEBUG    | log:153 | [classify_query_intent] Classified: 'Hạng khách hàng hiện tại của t...' -> getUserProfile | Tra cứu phân  (score=1)
2026-01-06 09:18:43 | DEBUG    | log:153 | [normalize_query] 'Phân hạng khách hàng của tôi hiện tại...' -> 'Phân hạng khách hàng của tôi hiện tại...'
2026-01-06 09:18:43 | DEBUG    | log:153 | [perform_hybrid_search] query_text: [Phân hạng khách hàng của tôi hiện tại] - formatted_query: [Phân hạng khách hàng của tôi hiện tại] - normalized_query: [Phân hạng khách hàng của tôi hiện tại]
2026-01-06 09:18:43 | DEBUG    | log:153 | [perform_hybrid_search] BM25 raw scores: min=0.0000, max=42.6567
2026-01-06 09:18:43 | DEBUG    | log:153 | [get_keyword_boost] Query: 'Phân hạng khách hàng của tôi h...' | Doc: getUserProfile | Tra | Boost: 0.50 | Matched: ['phân hạng', 'hạng khách hàng']
2026-01-06 09:18:43 | DEBUG    | log:153 | [classify_query_intent] Classified: 'Phân hạng khách hàng của tôi h...' -> getUserProfile | Tra cứu phân  (score=2)
2026-01-06 09:18:43 | DEBUG    | log:153 | [normalize_query] 'Tôi có phải là khách hàng VIP không?...' -> 'Tôi có phải là khách hàng vip không...'
2026-01-06 09:18:43 | DEBUG    | log:153 | [perform_hybrid_search] query_text: [Tôi có phải là khách hàng VIP không?] - formatted_query: [Tôi có phải là khách hàng vip không] - normalized_query: [Tôi có phải là khách hàng vip không]
2026-01-06 09:18:43 | DEBUG    | log:153 | [perform_hybrid_search] BM25 raw scores: min=0.0000, max=48.6219
2026-01-06 09:18:43 | DEBUG    | log:153 | [get_keyword_boost] Query: 'Tôi có phải là khách hàng vip ...' | Doc: getUserProfile | Tra | Boost: 0.25 | Matched: ['khách hàng vip']
2026-01-06 09:18:43 | DEBUG    | log:153 | [classify_query_intent] Classified: 'Tôi có phải là khách hàng vip ...' -> getUserProfile | Tra cứu phân  (score=1)
2026-01-06 09:18:43 | DEBUG    | log:153 | [normalize_query] 'Tôi đang ở nhóm khách hàng nào?...' -> 'Tôi đang ở nhóm khách hàng nào...'
2026-01-06 09:18:43 | DEBUG    | log:153 | [perform_hybrid_search] query_text: [Tôi đang ở nhóm khách hàng nào?] - formatted_query: [Tôi đang ở nhóm khách hàng nào] - normalized_query: [Tôi đang ở nhóm khách hàng nào]
2026-01-06 09:18:43 | DEBUG    | log:153 | [perform_hybrid_search] BM25 raw scores: min=0.0000, max=52.1324
2026-01-06 09:18:43 | DEBUG    | log:153 | [get_keyword_boost] Query: 'Tôi đang ở nhóm khách hàng nào...' | Doc: getUserProfile | Tra | Boost: 0.25 | Matched: ['nhóm khách hàng']
2026-01-06 09:18:43 | DEBUG    | log:153 | [classify_query_intent] Classified: 'Tôi đang ở nhóm khách hàng nào...' -> getUserProfile | Tra cứu phân  (score=1)
2026-01-06 09:18:43 | DEBUG    | log:153 | [normalize_query] 'Hạng thành viên của tôi là gì?...' -> 'Hạng thành viên của tôi là gì...'
2026-01-06 09:18:43 | DEBUG    | log:153 | [perform_hybrid_search] query_text: [Hạng thành viên của tôi là gì?] - formatted_query: [Hạng thành viên của tôi là gì] - normalized_query: [Hạng thành viên của tôi là gì]
2026-01-06 09:18:43 | DEBUG    | log:153 | [perform_hybrid_search] BM25 raw scores: min=0.0000, max=19.8811
2026-01-06 09:18:43 | DEBUG    | log:153 | [get_keyword_boost] Query: 'Hạng thành viên của tôi là gì...' | Doc: getUserProfile | Tra | Boost: 0.25 | Matched: ['hạng thành viên']
2026-01-06 09:18:43 | DEBUG    | log:153 | [classify_query_intent] Classified: 'Hạng thành viên của tôi là gì...' -> getUserProfile | Tra cứu phân  (score=1)
2026-01-06 09:18:43 | DEBUG    | log:153 | [normalize_query] 'Tôi đang ở mức hạng Vàng hay Bạc?...' -> 'Tôi đang ở mức hạng vàng hay bạc...'
2026-01-06 09:18:43 | DEBUG    | log:153 | [perform_hybrid_search] query_text: [Tôi đang ở mức hạng Vàng hay Bạc?] - formatted_query: [Tôi đang ở mức hạng vàng hay bạc] - normalized_query: [Tôi đang ở mức hạng vàng hay bạc]
2026-01-06 09:18:43 | DEBUG    | log:153 | [perform_hybrid_search] BM25 raw scores: min=0.0000, max=18.3081
2026-01-06 09:18:43 | DEBUG    | log:153 | [classify_query_intent] No keyword matches found in: 'Tôi đang ở mức hạng vàng hay bạc'
2026-01-06 09:18:43 | DEBUG    | log:153 | [normalize_query] 'Phân khúc khách hàng của tôi là gì?...' -> 'Phân khúc khách hàng của tôi là gì...'
2026-01-06 09:18:43 | DEBUG    | log:153 | [perform_hybrid_search] query_text: [Phân khúc khách hàng của tôi là gì?] - formatted_query: [Phân khúc khách hàng của tôi là gì] - normalized_query: [Phân khúc khách hàng của tôi là gì]
2026-01-06 09:18:43 | DEBUG    | log:153 | [perform_hybrid_search] BM25 raw scores: min=0.0000, max=29.5940
2026-01-06 09:18:43 | DEBUG    | log:153 | [get_keyword_boost] Query: 'Phân khúc khách hàng của tôi l...' | Doc: getUserProfile | Tra | Boost: 0.25 | Matched: ['phân khúc']
2026-01-06 09:18:43 | DEBUG    | log:153 | [classify_query_intent] Classified: 'Phân khúc khách hàng của tôi l...' -> getUserProfile | Tra cứu phân  (score=1)
2026-01-06 09:18:43 | DEBUG    | log:153 | [normalize_query] 'Tôi là khách hàng chuẩn hay ưu tiên?...' -> 'Tôi là khách hàng chuẩn hay ưu tiên...'
2026-01-06 09:18:43 | DEBUG    | log:153 | [perform_hybrid_search] query_text: [Tôi là khách hàng chuẩn hay ưu tiên?] - formatted_query: [Tôi là khách hàng chuẩn hay ưu tiên] - normalized_query: [Tôi là khách hàng chuẩn hay ưu tiên]
2026-01-06 09:18:43 | DEBUG    | log:153 | [perform_hybrid_search] BM25 raw scores: min=0.1371, max=22.1381
2026-01-06 09:18:43 | DEBUG    | log:153 | [classify_query_intent] No keyword matches found in: 'Tôi là khách hàng chuẩn hay ưu tiên'
2026-01-06 09:18:43 | DEBUG    | log:153 | [normalize_query] 'Xem cấp độ khách hàng của tôi...' -> 'Xem cấp độ khách hàng của tôi...'
2026-01-06 09:18:43 | DEBUG    | log:153 | [perform_hybrid_search] query_text: [Xem cấp độ khách hàng của tôi] - formatted_query: [Xem cấp độ khách hàng của tôi] - normalized_query: [Xem cấp độ khách hàng của tôi]
2026-01-06 09:18:43 | DEBUG    | log:153 | [perform_hybrid_search] BM25 raw scores: min=0.0000, max=16.7244
2026-01-06 09:18:43 | DEBUG    | log:153 | [classify_query_intent] No keyword matches found in: 'Xem cấp độ khách hàng của tôi'
2026-01-06 09:18:43 | DEBUG    | log:153 | [normalize_query] 'Hạng của tôi trên hệ thống là gì?...' -> 'Hạng của tôi trên hệ thống là gì...'
2026-01-06 09:18:43 | DEBUG    | log:153 | [perform_hybrid_search] query_text: [Hạng của tôi trên hệ thống là gì?] - formatted_query: [Hạng của tôi trên hệ thống là gì] - normalized_query: [Hạng của tôi trên hệ thống là gì]
2026-01-06 09:18:43 | DEBUG    | log:153 | [perform_hybrid_search] BM25 raw scores: min=0.0477, max=19.0390
2026-01-06 09:18:43 | DEBUG    | log:153 | [get_keyword_boost] Query: 'Hạng của tôi trên hệ thống là ...' | Doc: Tra cứu giao dịch th | Boost: 0.25 | Matched: ['trên']
2026-01-06 09:18:43 | DEBUG    | log:153 | [get_keyword_boost] Query: 'Hạng của tôi trên hệ thống là ...' | Doc: getTransactionList | | Boost: 0.25 | Matched: ['trên']
2026-01-06 09:18:43 | DEBUG    | log:153 | [classify_query_intent] Ambiguous: 'Hạng của tôi trên hệ thống là ...' | Scores: {'Tra cứu giao dịch theo số tiền': 1, 'getTransactionList | Tra cứu giao dịch chờ duyệt theo số tiền hoặc hạn mức': 1}
2026-01-06 09:18:43 | DEBUG    | log:153 | [normalize_query] 'Tôi thuộc phân khúc nào trong ngân hàng?...' -> 'Tôi thuộc phân khúc nào trong ngân hàng...'
2026-01-06 09:18:43 | DEBUG    | log:153 | [perform_hybrid_search] query_text: [Tôi thuộc phân khúc nào trong ngân hàng?] - formatted_query: [Tôi thuộc phân khúc nào trong ngân hàng] - normalized_query: [Tôi thuộc phân khúc nào trong ngân hàng]
2026-01-06 09:18:43 | DEBUG    | log:153 | [perform_hybrid_search] BM25 raw scores: min=0.0000, max=34.8261
2026-01-06 09:18:43 | DEBUG    | log:153 | [get_keyword_boost] Query: 'Tôi thuộc phân khúc nào trong ...' | Doc: getTransactionList | | Boost: 0.25 | Matched: ['trong']
2026-01-06 09:18:44 | DEBUG    | log:153 | [get_keyword_boost] Query: 'Tôi thuộc phân khúc nào trong ...' | Doc: getUserProfile | Tra | Boost: 0.25 | Matched: ['phân khúc']
2026-01-06 09:18:44 | DEBUG    | log:153 | [classify_query_intent] Ambiguous: 'Tôi thuộc phân khúc nào trong ...' | Scores: {'getTransactionList | Tra cứu giao dịch chờ duyệt theo khoảng thời gian': 1, 'getUserProfile | Tra cứu phân hạng khách hàng': 1}
2026-01-06 09:18:44 | DEBUG    | log:153 | [normalize_query] 'Tôi có được hưởng đặc quyền VIP không?...' -> 'Tôi có được hưởng đặc quyền vip không...'
2026-01-06 09:18:44 | DEBUG    | log:153 | [perform_hybrid_search] query_text: [Tôi có được hưởng đặc quyền VIP không?] - formatted_query: [Tôi có được hưởng đặc quyền vip không] - normalized_query: [Tôi có được hưởng đặc quyền vip không]
2026-01-06 09:18:44 | DEBUG    | log:153 | [perform_hybrid_search] BM25 raw scores: min=0.1267, max=21.2152
2026-01-06 09:18:44 | DEBUG    | log:153 | [get_keyword_boost] Query: 'Tôi có được hưởng đặc quyền vi...' | Doc: getUserProfile | Tra | Boost: 0.25 | Matched: ['đặc quyền']
2026-01-06 09:18:44 | DEBUG    | log:153 | [classify_query_intent] Classified: 'Tôi có được hưởng đặc quyền vi...' -> getUserProfile | Tra cứu phân  (score=1)
2026-01-06 09:18:44 | DEBUG    | log:153 | [normalize_query] 'Phân hạng của tôi có bị thay đổi không?...' -> 'Phân hạng của tôi có bị thay đổi không...'
2026-01-06 09:18:44 | DEBUG    | log:153 | [perform_hybrid_search] query_text: [Phân hạng của tôi có bị thay đổi không?] - formatted_query: [Phân hạng của tôi có bị thay đổi không] - normalized_query: [Phân hạng của tôi có bị thay đổi không]
2026-01-06 09:18:44 | DEBUG    | log:153 | [perform_hybrid_search] BM25 raw scores: min=0.0000, max=32.1314
2026-01-06 09:18:44 | DEBUG    | log:153 | [get_keyword_boost] Query: 'Phân hạng của tôi có bị thay đ...' | Doc: getUserProfile | Tra | Boost: 0.25 | Matched: ['phân hạng']
2026-01-06 09:18:44 | DEBUG    | log:153 | [classify_query_intent] Classified: 'Phân hạng của tôi có bị thay đ...' -> getUserProfile | Tra cứu phân  (score=1)
2026-01-06 09:18:44 | DEBUG    | log:153 | [normalize_query] 'Tôi là loại khách hàng nào?...' -> 'Tôi là loại khách hàng nào...'
2026-01-06 09:18:44 | DEBUG    | log:153 | [perform_hybrid_search] query_text: [Tôi là loại khách hàng nào?] - formatted_query: [Tôi là loại khách hàng nào] - normalized_query: [Tôi là loại khách hàng nào]
2026-01-06 09:18:44 | DEBUG    | log:153 | [perform_hybrid_search] BM25 raw scores: min=0.0000, max=36.2929
2026-01-06 09:18:44 | DEBUG    | log:153 | [get_keyword_boost] Query: 'Tôi là loại khách hàng nào...' | Doc: getUserProfile | Tra | Boost: 0.25 | Matched: ['loại khách hàng']
2026-01-06 09:18:44 | DEBUG    | log:153 | [classify_query_intent] Classified: 'Tôi là loại khách hàng nào...' -> getUserProfile | Tra cứu phân  (score=1)
2026-01-06 09:18:44 | DEBUG    | log:153 | [normalize_query] 'Tra cứu hạng thành viên của tôi...' -> 'Tra cứu hạng thành viên của tôi...'
2026-01-06 09:18:44 | DEBUG    | log:153 | [perform_hybrid_search] query_text: [Tra cứu hạng thành viên của tôi] - formatted_query: [Tra cứu hạng thành viên của tôi] - normalized_query: [Tra cứu hạng thành viên của tôi]
2026-01-06 09:18:44 | DEBUG    | log:153 | [perform_hybrid_search] BM25 raw scores: min=0.2033, max=12.8757
2026-01-06 09:18:44 | DEBUG    | log:153 | [get_keyword_boost] Query: 'Tra cứu hạng thành viên của tô...' | Doc: getUserProfile | Tra | Boost: 0.25 | Matched: ['hạng thành viên']
2026-01-06 09:18:44 | DEBUG    | log:153 | [classify_query_intent] Classified: 'Tra cứu hạng thành viên của tô...' -> getUserProfile | Tra cứu phân  (score=1)
2026-01-06 09:18:44 | DEBUG    | log:153 | [normalize_query] 'Tôi đang ở hạng Silver hay Gold?...' -> 'Tôi đang ở hạng silver hay gold...'
2026-01-06 09:18:44 | DEBUG    | log:153 | [perform_hybrid_search] query_text: [Tôi đang ở hạng Silver hay Gold?] - formatted_query: [Tôi đang ở hạng silver hay gold] - normalized_query: [Tôi đang ở hạng silver hay gold]
2026-01-06 09:18:44 | DEBUG    | log:153 | [perform_hybrid_search] BM25 raw scores: min=0.0000, max=11.6080
2026-01-06 09:18:44 | DEBUG    | log:153 | [classify_query_intent] No keyword matches found in: 'Tôi đang ở hạng silver hay gold'
2026-01-06 09:18:44 | DEBUG    | log:153 | [normalize_query] 'Ngân hàng phân loại tôi vào nhóm nào?...' -> 'Ngân hàng phân loại tôi vào nhóm nào...'
2026-01-06 09:18:44 | DEBUG    | log:153 | [perform_hybrid_search] query_text: [Ngân hàng phân loại tôi vào nhóm nào?] - formatted_query: [Ngân hàng phân loại tôi vào nhóm nào] - normalized_query: [Ngân hàng phân loại tôi vào nhóm nào]
2026-01-06 09:18:44 | DEBUG    | log:153 | [perform_hybrid_search] BM25 raw scores: min=0.0000, max=30.9019
2026-01-06 09:18:44 | DEBUG    | log:153 | [classify_query_intent] No keyword matches found in: 'Ngân hàng phân loại tôi vào nhóm nào'
2026-01-06 09:18:44 | DEBUG    | log:153 | [normalize_query] 'Hạng khách hàng của tôi là VIP đúng khôn...' -> 'Hạng khách hàng của tôi là vip đúng khôn...'
2026-01-06 09:18:44 | DEBUG    | log:153 | [perform_hybrid_search] query_text: [Hạng khách hàng của tôi là VIP đúng không?] - formatted_query: [Hạng khách hàng của tôi là vip đúng không] - normalized_query: [Hạng khách hàng của tôi là vip đúng không]
2026-01-06 09:18:44 | DEBUG    | log:153 | [perform_hybrid_search] BM25 raw scores: min=0.0000, max=33.9957
2026-01-06 09:18:44 | DEBUG    | log:153 | [get_keyword_boost] Query: 'Hạng khách hàng của tôi là vip...' | Doc: getUserProfile | Tra | Boost: 0.25 | Matched: ['hạng khách hàng']
2026-01-06 09:18:44 | DEBUG    | log:153 | [classify_query_intent] Classified: 'Hạng khách hàng của tôi là vip...' -> getUserProfile | Tra cứu phân  (score=1)
2026-01-06 09:18:44 | DEBUG    | log:153 | [normalize_query] 'Xem thứ hạng khách hàng của mình...' -> 'Xem thứ hạng khách hàng của mình...'
2026-01-06 09:18:44 | DEBUG    | log:153 | [perform_hybrid_search] query_text: [Xem thứ hạng khách hàng của mình] - formatted_query: [Xem thứ hạng khách hàng của mình] - normalized_query: [Xem thứ hạng khách hàng của mình]
2026-01-06 09:18:44 | DEBUG    | log:153 | [perform_hybrid_search] BM25 raw scores: min=0.1968, max=21.7159
2026-01-06 09:18:44 | DEBUG    | log:153 | [get_keyword_boost] Query: 'Xem thứ hạng khách hàng của mì...' | Doc: getUserProfile | Tra | Boost: 0.25 | Matched: ['hạng khách hàng']
2026-01-06 09:18:44 | DEBUG    | log:153 | [classify_query_intent] Classified: 'Xem thứ hạng khách hàng của mì...' -> getUserProfile | Tra cứu phân  (score=1)
2026-01-06 09:18:44 | DEBUG    | log:153 | [normalize_query] 'Tôi thuộc nhóm khách hàng Priority phải ...' -> 'Tôi thuộc nhóm khách hàng priority phải ...'
2026-01-06 09:18:44 | DEBUG    | log:153 | [perform_hybrid_search] query_text: [Tôi thuộc nhóm khách hàng Priority phải không?] - formatted_query: [Tôi thuộc nhóm khách hàng priority phải không] - normalized_query: [Tôi thuộc nhóm khách hàng priority phải không]
2026-01-06 09:18:44 | DEBUG    | log:153 | [perform_hybrid_search] BM25 raw scores: min=0.0000, max=39.2311
2026-01-06 09:18:44 | DEBUG    | log:153 | [get_keyword_boost] Query: 'Tôi thuộc nhóm khách hàng prio...' | Doc: getUserProfile | Tra | Boost: 0.50 | Matched: ['priority', 'nhóm khách hàng']
2026-01-06 09:18:44 | DEBUG    | log:153 | [classify_query_intent] Classified: 'Tôi thuộc nhóm khách hàng prio...' -> getUserProfile | Tra cứu phân  (score=2)
2026-01-06 09:18:44 | DEBUG    | log:153 | [normalize_query] 'Phân hạng hiện tại của tôi là gì?...' -> 'Phân hạng hiện tại của tôi là gì...'
2026-01-06 09:18:44 | DEBUG    | log:153 | [perform_hybrid_search] query_text: [Phân hạng hiện tại của tôi là gì?] - formatted_query: [Phân hạng hiện tại của tôi là gì] - normalized_query: [Phân hạng hiện tại của tôi là gì]
2026-01-06 09:18:44 | DEBUG    | log:153 | [perform_hybrid_search] BM25 raw scores: min=0.0000, max=29.1566
2026-01-06 09:18:44 | DEBUG    | log:153 | [get_keyword_boost] Query: 'Phân hạng hiện tại của tôi là ...' | Doc: getUserProfile | Tra | Boost: 0.25 | Matched: ['phân hạng']
2026-01-06 09:18:44 | DEBUG    | log:153 | [classify_query_intent] Classified: 'Phân hạng hiện tại của tôi là ...' -> getUserProfile | Tra cứu phân  (score=1)
2026-01-06 09:18:44 | DEBUG    | log:153 | [normalize_query] 'Loại CIF của tôi là loại gì?...' -> 'Loại cif của tôi là loại gì...'
2026-01-06 09:18:44 | DEBUG    | log:153 | [perform_hybrid_search] query_text: [Loại CIF của tôi là loại gì?] - formatted_query: [Loại cif của tôi là loại gì] - normalized_query: [Loại cif của tôi là loại gì]
2026-01-06 09:18:44 | DEBUG    | log:153 | [perform_hybrid_search] BM25 raw scores: min=0.0000, max=12.6953
2026-01-06 09:18:44 | DEBUG    | log:153 | [classify_query_intent] No keyword matches found in: 'Loại cif của tôi là loại gì'
2026-01-06 09:18:44 | DEBUG    | log:153 | [normalize_query] 'Tôi thuộc nhóm đối tượng khách hàng nào?...' -> 'Tôi thuộc nhóm đối tượng khách hàng nào...'
2026-01-06 09:18:44 | DEBUG    | log:153 | [perform_hybrid_search] query_text: [Tôi thuộc nhóm đối tượng khách hàng nào?] - formatted_query: [Tôi thuộc nhóm đối tượng khách hàng nào] - normalized_query: [Tôi thuộc nhóm đối tượng khách hàng nào]
2026-01-06 09:18:44 | DEBUG    | log:153 | [perform_hybrid_search] BM25 raw scores: min=0.0000, max=40.0973
2026-01-06 09:18:44 | DEBUG    | log:153 | [classify_query_intent] No keyword matches found in: 'Tôi thuộc nhóm đối tượng khách hàng nào'
2026-01-06 09:18:44 | DEBUG    | log:153 | [normalize_query] 'Cho tôi biết phân hạng khách hàng...' -> 'Cho tôi biết phân hạng khách hàng...'
2026-01-06 09:18:44 | DEBUG    | log:153 | [perform_hybrid_search] query_text: [Cho tôi biết phân hạng khách hàng] - formatted_query: [Cho tôi biết phân hạng khách hàng] - normalized_query: [Cho tôi biết phân hạng khách hàng]
2026-01-06 09:18:44 | DEBUG    | log:153 | [perform_hybrid_search] BM25 raw scores: min=0.0000, max=32.0771
2026-01-06 09:18:44 | DEBUG    | log:153 | [get_keyword_boost] Query: 'Cho tôi biết phân hạng khách h...' | Doc: getUserProfile | Tra | Boost: 0.50 | Matched: ['phân hạng', 'hạng khách hàng']
2026-01-06 09:18:44 | DEBUG    | log:153 | [classify_query_intent] Classified: 'Cho tôi biết phân hạng khách h...' -> getUserProfile | Tra cứu phân  (score=2)
2026-01-06 09:18:44 | DEBUG    | log:153 | [normalize_query] 'Tôi đang ở cấp độ thành viên nào?...' -> 'Tôi đang ở cấp độ thành viên nào...'
2026-01-06 09:18:44 | DEBUG    | log:153 | [perform_hybrid_search] query_text: [Tôi đang ở cấp độ thành viên nào?] - formatted_query: [Tôi đang ở cấp độ thành viên nào] - normalized_query: [Tôi đang ở cấp độ thành viên nào]
2026-01-06 09:18:44 | DEBUG    | log:153 | [perform_hybrid_search] BM25 raw scores: min=0.2523, max=31.2323
2026-01-06 09:18:44 | DEBUG    | log:153 | [classify_query_intent] No keyword matches found in: 'Tôi đang ở cấp độ thành viên nào'
2026-01-06 09:18:44 | DEBUG    | log:153 | [normalize_query] 'Kiểm tra hạng khách hàng của tôi...' -> 'Kiểm tra hạng khách hàng của tôi...'
2026-01-06 09:18:44 | DEBUG    | log:153 | [perform_hybrid_search] query_text: [Kiểm tra hạng khách hàng của tôi] - formatted_query: [Kiểm tra hạng khách hàng của tôi] - normalized_query: [Kiểm tra hạng khách hàng của tôi]
2026-01-06 09:18:44 | DEBUG    | log:153 | [perform_hybrid_search] BM25 raw scores: min=0.0202, max=19.2550
2026-01-06 09:18:44 | DEBUG    | log:153 | [get_keyword_boost] Query: 'Kiểm tra hạng khách hàng của t...' | Doc: getUserProfile | Tra | Boost: 0.25 | Matched: ['hạng khách hàng']
2026-01-06 09:18:44 | DEBUG    | log:153 | [classify_query_intent] Classified: 'Kiểm tra hạng khách hàng của t...' -> getUserProfile | Tra cứu phân  (score=1)
2026-01-06 09:18:44 | DEBUG    | log:153 | [normalize_query] 'Tôi có phải khách hàng tiềm năng không?...' -> 'Tôi có phải khách hàng tiềm năng không...'
2026-01-06 09:18:44 | DEBUG    | log:153 | [perform_hybrid_search] query_text: [Tôi có phải khách hàng tiềm năng không?] - formatted_query: [Tôi có phải khách hàng tiềm năng không] - normalized_query: [Tôi có phải khách hàng tiềm năng không]
2026-01-06 09:18:44 | DEBUG    | log:153 | [perform_hybrid_search] BM25 raw scores: min=0.0000, max=32.6007
2026-01-06 09:18:44 | DEBUG    | log:153 | [classify_query_intent] No keyword matches found in: 'Tôi có phải khách hàng tiềm năng không'
2026-01-06 09:18:44 | DEBUG    | log:153 | [normalize_query] 'Phân loại CIF của tôi là gì?...' -> 'Phân loại cif của tôi là gì...'
2026-01-06 09:18:44 | DEBUG    | log:153 | [perform_hybrid_search] query_text: [Phân loại CIF của tôi là gì?] - formatted_query: [Phân loại cif của tôi là gì] - normalized_query: [Phân loại cif của tôi là gì]
2026-01-06 09:18:44 | DEBUG    | log:153 | [perform_hybrid_search] BM25 raw scores: min=0.0000, max=19.1934
2026-01-06 09:18:44 | DEBUG    | log:153 | [classify_query_intent] No keyword matches found in: 'Phân loại cif của tôi là gì'
2026-01-06 09:18:44 | DEBUG    | log:153 | [normalize_query] 'Tôi thuộc hạng nào trong khách hàng thân...' -> 'Tôi thuộc hạng nào trong khách hàng thân...'
2026-01-06 09:18:44 | DEBUG    | log:153 | [perform_hybrid_search] query_text: [Tôi thuộc hạng nào trong khách hàng thân thiết?] - formatted_query: [Tôi thuộc hạng nào trong khách hàng thân thiết] - normalized_query: [Tôi thuộc hạng nào trong khách hàng thân thiết]
2026-01-06 09:18:44 | DEBUG    | log:153 | [perform_hybrid_search] BM25 raw scores: min=0.0000, max=29.1067
2026-01-06 09:18:44 | DEBUG    | log:153 | [get_keyword_boost] Query: 'Tôi thuộc hạng nào trong khách...' | Doc: getTransactionList | | Boost: 0.25 | Matched: ['trong']
2026-01-06 09:18:44 | DEBUG    | log:153 | [classify_query_intent] Classified: 'Tôi thuộc hạng nào trong khách...' -> getTransactionList | Tra cứu g (score=1)
2026-01-06 09:18:44 | DEBUG    | log:153 | [normalize_query] 'Xem phân khúc của tôi...' -> 'Xem phân khúc của tôi...'
2026-01-06 09:18:44 | DEBUG    | log:153 | [perform_hybrid_search] query_text: [Xem phân khúc của tôi] - formatted_query: [Xem phân khúc của tôi] - normalized_query: [Xem phân khúc của tôi]
2026-01-06 09:18:44 | DEBUG    | log:153 | [perform_hybrid_search] BM25 raw scores: min=0.0000, max=13.9287
2026-01-06 09:18:44 | DEBUG    | log:153 | [get_keyword_boost] Query: 'Xem phân khúc của tôi...' | Doc: getUserProfile | Tra | Boost: 0.25 | Matched: ['phân khúc']
2026-01-06 09:18:44 | DEBUG    | log:153 | [classify_query_intent] Classified: 'Xem phân khúc của tôi...' -> getUserProfile | Tra cứu phân  (score=1)
2026-01-06 09:18:44 | DEBUG    | log:153 | [normalize_query] 'Hạng của tôi là Normal phải không?...' -> 'Hạng của tôi là normal phải không...'
2026-01-06 09:18:44 | DEBUG    | log:153 | [perform_hybrid_search] query_text: [Hạng của tôi là Normal phải không?] - formatted_query: [Hạng của tôi là normal phải không] - normalized_query: [Hạng của tôi là normal phải không]
2026-01-06 09:18:44 | DEBUG    | log:153 | [perform_hybrid_search] BM25 raw scores: min=0.0000, max=12.0789
2026-01-06 09:18:44 | DEBUG    | log:153 | [classify_query_intent] No keyword matches found in: 'Hạng của tôi là normal phải không'
2026-01-06 09:18:44 | DEBUG    | log:153 | [normalize_query] 'Tôi có nằm trong danh sách khách hàng VI...' -> 'Tôi có nằm trong danh sách khách hàng vi...'
2026-01-06 09:18:44 | DEBUG    | log:153 | [perform_hybrid_search] query_text: [Tôi có nằm trong danh sách khách hàng VIP?] - formatted_query: [Tôi có nằm trong danh sách khách hàng vip] - normalized_query: [Tôi có nằm trong danh sách khách hàng vip]
2026-01-06 09:18:44 | DEBUG    | log:153 | [perform_hybrid_search] BM25 raw scores: min=0.0000, max=23.5723
2026-01-06 09:18:44 | DEBUG    | log:153 | [get_keyword_boost] Query: 'Tôi có nằm trong danh sách khá...' | Doc: getTransactionList | | Boost: 0.25 | Matched: ['trong']
2026-01-06 09:18:44 | DEBUG    | log:153 | [get_keyword_boost] Query: 'Tôi có nằm trong danh sách khá...' | Doc: getUserProfile | Tra | Boost: 0.25 | Matched: ['khách hàng vip']
2026-01-06 09:18:44 | DEBUG    | log:153 | [classify_query_intent] Ambiguous: 'Tôi có nằm trong danh sách khá...' | Scores: {'getTransactionList | Tra cứu giao dịch chờ duyệt theo khoảng thời gian': 1, 'getUserProfile | Tra cứu phân hạng khách hàng': 1}
2026-01-06 09:18:44 | DEBUG    | log:153 | [normalize_query] 'Kiểm tra phân loại khách hàng của mình...' -> 'Kiểm tra phân loại khách hàng của mình...'
2026-01-06 09:18:44 | DEBUG    | log:153 | [perform_hybrid_search] query_text: [Kiểm tra phân loại khách hàng của mình] - formatted_query: [Kiểm tra phân loại khách hàng của mình] - normalized_query: [Kiểm tra phân loại khách hàng của mình]
2026-01-06 09:18:44 | DEBUG    | log:153 | [perform_hybrid_search] BM25 raw scores: min=0.0206, max=25.7457
2026-01-06 09:18:44 | DEBUG    | log:153 | [get_keyword_boost] Query: 'Kiểm tra phân loại khách hàng ...' | Doc: getUserProfile | Tra | Boost: 0.25 | Matched: ['loại khách hàng']
2026-01-06 09:18:44 | DEBUG    | log:153 | [classify_query_intent] Classified: 'Kiểm tra phân loại khách hàng ...' -> getUserProfile | Tra cứu phân  (score=1)
2026-01-06 09:18:44 | DEBUG    | log:153 | [normalize_query] 'Tôi thuộc nhóm khách hàng nào vậy?...' -> 'Tôi thuộc nhóm khách hàng nào vậy...'
2026-01-06 09:18:44 | DEBUG    | log:153 | [perform_hybrid_search] query_text: [Tôi thuộc nhóm khách hàng nào vậy?] - formatted_query: [Tôi thuộc nhóm khách hàng nào vậy] - normalized_query: [Tôi thuộc nhóm khách hàng nào vậy]
2026-01-06 09:18:44 | DEBUG    | log:153 | [perform_hybrid_search] BM25 raw scores: min=0.0000, max=48.9141
2026-01-06 09:18:44 | DEBUG    | log:153 | [get_keyword_boost] Query: 'Tôi thuộc nhóm khách hàng nào ...' | Doc: getUserProfile | Tra | Boost: 0.25 | Matched: ['nhóm khách hàng']
2026-01-06 09:18:44 | DEBUG    | log:153 | [classify_query_intent] Classified: 'Tôi thuộc nhóm khách hàng nào ...' -> getUserProfile | Tra cứu phân  (score=1)
2026-01-06 09:18:44 | DEBUG    | log:153 | [normalize_query] 'Xem hạng thành viên hiện tại của tôi...' -> 'Xem hạng thành viên hiện tại của tôi...'
2026-01-06 09:18:44 | DEBUG    | log:153 | [perform_hybrid_search] query_text: [Xem hạng thành viên hiện tại của tôi] - formatted_query: [Xem hạng thành viên hiện tại của tôi] - normalized_query: [Xem hạng thành viên hiện tại của tôi]
2026-01-06 09:18:44 | DEBUG    | log:153 | [perform_hybrid_search] BM25 raw scores: min=0.4788, max=16.7424
2026-01-06 09:18:44 | DEBUG    | log:153 | [get_keyword_boost] Query: 'Xem hạng thành viên hiện tại c...' | Doc: getUserProfile | Tra | Boost: 0.25 | Matched: ['hạng thành viên']
2026-01-06 09:18:44 | DEBUG    | log:153 | [classify_query_intent] Classified: 'Xem hạng thành viên hiện tại c...' -> getUserProfile | Tra cứu phân  (score=1)
2026-01-06 09:18:44 | DEBUG    | log:153 | [normalize_query] 'Tôi đang ở phân hạng nào?...' -> 'Tôi đang ở phân hạng nào...'
2026-01-06 09:18:44 | DEBUG    | log:153 | [perform_hybrid_search] query_text: [Tôi đang ở phân hạng nào?] - formatted_query: [Tôi đang ở phân hạng nào] - normalized_query: [Tôi đang ở phân hạng nào]
2026-01-06 09:18:44 | DEBUG    | log:153 | [perform_hybrid_search] BM25 raw scores: min=0.0000, max=29.7376
2026-01-06 09:18:44 | DEBUG    | log:153 | [get_keyword_boost] Query: 'Tôi đang ở phân hạng nào...' | Doc: getUserProfile | Tra | Boost: 0.25 | Matched: ['phân hạng']
2026-01-06 09:18:44 | DEBUG    | log:153 | [classify_query_intent] Classified: 'Tôi đang ở phân hạng nào...' -> getUserProfile | Tra cứu phân  (score=1)
2026-01-06 09:18:44 | DEBUG    | log:153 | [normalize_query] 'Cho tôi biết tôi thuộc nhóm khách hàng n...' -> 'Cho tôi biết tôi thuộc nhóm khách hàng n...'
2026-01-06 09:18:44 | DEBUG    | log:153 | [perform_hybrid_search] query_text: [Cho tôi biết tôi thuộc nhóm khách hàng nào] - formatted_query: [Cho tôi biết tôi thuộc nhóm khách hàng nào] - normalized_query: [Cho tôi biết tôi thuộc nhóm khách hàng nào]
2026-01-06 09:18:44 | DEBUG    | log:153 | [perform_hybrid_search] BM25 raw scores: min=0.0000, max=48.9141
2026-01-06 09:18:44 | DEBUG    | log:153 | [get_keyword_boost] Query: 'Cho tôi biết tôi thuộc nhóm kh...' | Doc: getUserProfile | Tra | Boost: 0.25 | Matched: ['nhóm khách hàng']
2026-01-06 09:18:44 | DEBUG    | log:153 | [classify_query_intent] Classified: 'Cho tôi biết tôi thuộc nhóm kh...' -> getUserProfile | Tra cứu phân  (score=1)
2026-01-06 09:18:44 | DEBUG    | log:153 | [normalize_query] 'Hạng của tôi hiện nay là gì?...' -> 'Hạng của tôi hiện nay là gì...'
2026-01-06 09:18:44 | DEBUG    | log:153 | [perform_hybrid_search] query_text: [Hạng của tôi hiện nay là gì?] - formatted_query: [Hạng của tôi hiện nay là gì] - normalized_query: [Hạng của tôi hiện nay là gì]
2026-01-06 09:18:44 | DEBUG    | log:153 | [perform_hybrid_search] BM25 raw scores: min=0.0000, max=25.7367
2026-01-06 09:18:44 | DEBUG    | log:153 | [get_keyword_boost] Query: 'Hạng của tôi hiện nay là gì...' | Doc: Tra cứu lịch sử giao | Boost: 0.25 | Matched: ['nay']
2026-01-06 09:18:44 | DEBUG    | log:153 | [classify_query_intent] Classified: 'Hạng của tôi hiện nay là gì...' -> Tra cứu lịch sử giao dịch theo (score=1)
2026-01-06 09:18:44 | DEBUG    | log:153 | [normalize_query] 'Tôi là khách hàng hạng gì?...' -> 'Tôi là khách hàng hạng gì...'
2026-01-06 09:18:44 | DEBUG    | log:153 | [perform_hybrid_search] query_text: [Tôi là khách hàng hạng gì?] - formatted_query: [Tôi là khách hàng hạng gì] - normalized_query: [Tôi là khách hàng hạng gì]
2026-01-06 09:18:44 | DEBUG    | log:153 | [perform_hybrid_search] BM25 raw scores: min=0.0000, max=20.6191
2026-01-06 09:18:44 | DEBUG    | log:153 | [classify_query_intent] No keyword matches found in: 'Tôi là khách hàng hạng gì'
2026-01-06 09:18:44 | DEBUG    | log:153 | [normalize_query] 'Kiểm tra phân khúc khách hàng cá nhân...' -> 'Kiểm tra phân khúc khách hàng cá nhân...'
2026-01-06 09:18:44 | DEBUG    | log:153 | [perform_hybrid_search] query_text: [Kiểm tra phân khúc khách hàng cá nhân] - formatted_query: [Kiểm tra phân khúc khách hàng cá nhân] - normalized_query: [Kiểm tra phân khúc khách hàng cá nhân]
2026-01-06 09:18:44 | DEBUG    | log:153 | [perform_hybrid_search] BM25 raw scores: min=0.0202, max=28.9507
2026-01-06 09:18:44 | DEBUG    | log:153 | [get_keyword_boost] Query: 'Kiểm tra phân khúc khách hàng ...' | Doc: getUserProfile | Tra | Boost: 0.25 | Matched: ['phân khúc']
2026-01-06 09:18:44 | DEBUG    | log:153 | [classify_query_intent] Classified: 'Kiểm tra phân khúc khách hàng ...' -> getUserProfile | Tra cứu phân  (score=1)
2026-01-06 09:18:44 | DEBUG    | log:153 | [normalize_query] 'Tôi đang ở hạng nào trong hệ thống?...' -> 'Tôi đang ở hạng nào trong hệ thống...'
2026-01-06 09:18:44 | DEBUG    | log:153 | [perform_hybrid_search] query_text: [Tôi đang ở hạng nào trong hệ thống?] - formatted_query: [Tôi đang ở hạng nào trong hệ thống] - normalized_query: [Tôi đang ở hạng nào trong hệ thống]
2026-01-06 09:18:44 | DEBUG    | log:153 | [perform_hybrid_search] BM25 raw scores: min=0.0560, max=25.0789
2026-01-06 09:18:44 | DEBUG    | log:153 | [get_keyword_boost] Query: 'Tôi đang ở hạng nào trong hệ t...' | Doc: getTransactionList | | Boost: 0.25 | Matched: ['trong']
2026-01-06 09:18:44 | DEBUG    | log:153 | [classify_query_intent] Classified: 'Tôi đang ở hạng nào trong hệ t...' -> getTransactionList | Tra cứu g (score=1)
2026-01-06 09:18:44 | DEBUG    | log:153 | [normalize_query] 'Phân hạng khách hàng của tôi...' -> 'Phân hạng khách hàng của tôi...'
2026-01-06 09:18:44 | DEBUG    | log:153 | [perform_hybrid_search] query_text: [Phân hạng khách hàng của tôi] - formatted_query: [Phân hạng khách hàng của tôi] - normalized_query: [Phân hạng khách hàng của tôi]
2026-01-06 09:18:44 | DEBUG    | log:153 | [perform_hybrid_search] BM25 raw scores: min=0.0000, max=32.0771
2026-01-06 09:18:44 | DEBUG    | log:153 | [get_keyword_boost] Query: 'Phân hạng khách hàng của tôi...' | Doc: getUserProfile | Tra | Boost: 0.50 | Matched: ['phân hạng', 'hạng khách hàng']
2026-01-06 09:18:44 | DEBUG    | log:153 | [classify_query_intent] Classified: 'Phân hạng khách hàng của tôi...' -> getUserProfile | Tra cứu phân  (score=2)
2026-01-06 09:18:44 | DEBUG    | log:153 | [normalize_query] 'Tôi có phải là khách hàng Kim cương?...' -> 'Tôi có phải là khách hàng kim cương...'
2026-01-06 09:18:44 | DEBUG    | log:153 | [perform_hybrid_search] query_text: [Tôi có phải là khách hàng Kim cương?] - formatted_query: [Tôi có phải là khách hàng kim cương] - normalized_query: [Tôi có phải là khách hàng kim cương]
2026-01-06 09:18:44 | DEBUG    | log:153 | [perform_hybrid_search] BM25 raw scores: min=0.0000, max=28.9116
2026-01-06 09:18:44 | DEBUG    | log:153 | [classify_query_intent] No keyword matches found in: 'Tôi có phải là khách hàng kim cương'
2026-01-06 09:18:44 | DEBUG    | log:153 | [normalize_query] 'Xem thông tin phân hạng của tôi...' -> 'Xem thông tin phân hạng của tôi...'
2026-01-06 09:18:44 | DEBUG    | log:153 | [perform_hybrid_search] query_text: [Xem thông tin phân hạng của tôi] - formatted_query: [Xem thông tin phân hạng của tôi] - normalized_query: [Xem thông tin phân hạng của tôi]
2026-01-06 09:18:44 | DEBUG    | log:153 | [perform_hybrid_search] BM25 raw scores: min=0.3147, max=15.3860
2026-01-06 09:18:44 | DEBUG    | log:153 | [get_keyword_boost] Query: 'Xem thông tin phân hạng của tô...' | Doc: getUserProfile | Tra | Boost: 0.25 | Matched: ['phân hạng']
2026-01-06 09:18:44 | DEBUG    | log:153 | [classify_query_intent] Classified: 'Xem thông tin phân hạng của tô...' -> getUserProfile | Tra cứu phân  (score=1)
2026-01-06 09:18:44 | DEBUG    | log:153 | [normalize_query] 'Hồ sơ khách hàng đang được quản lý tại c...' -> 'Hồ sơ khách hàng đang được quản lý tại c...'
2026-01-06 09:18:44 | DEBUG    | log:153 | [perform_hybrid_search] query_text: [Hồ sơ khách hàng đang được quản lý tại chi nhánh nào?] - formatted_query: [Hồ sơ khách hàng đang được quản lý tại chi nhánh nào] - normalized_query: [Hồ sơ khách hàng đang được quản lý tại chi nhánh nào]
2026-01-06 09:18:44 | DEBUG    | log:153 | [perform_hybrid_search] BM25 raw scores: min=0.0109, max=99.7935
2026-01-06 09:18:44 | DEBUG    | log:153 | [get_keyword_boost] Query: 'Hồ sơ khách hàng đang được quả...' | Doc: Tra cứu giao dịch th | Boost: 0.25 | Matched: ['chi nhánh']
2026-01-06 09:18:44 | DEBUG    | log:153 | [get_keyword_boost] Query: 'Hồ sơ khách hàng đang được quả...' | Doc: getUserProfile | Tra | Boost: 0.25 | Matched: ['chi nhánh']
2026-01-06 09:18:44 | DEBUG    | log:153 | [classify_query_intent] Ambiguous: 'Hồ sơ khách hàng đang được quả...' | Scores: {'Tra cứu giao dịch theo kênh giao dịch': 1, 'getUserProfile | Tra cứu thông tin CIF': 1}
2026-01-06 09:18:44 | DEBUG    | log:153 | [normalize_query] 'Chi nhánh nào đang quản lý hồ sơ của tôi...' -> 'Chi nhánh nào đang quản lý hồ sơ của tôi...'
2026-01-06 09:18:44 | DEBUG    | log:153 | [perform_hybrid_search] query_text: [Chi nhánh nào đang quản lý hồ sơ của tôi?] - formatted_query: [Chi nhánh nào đang quản lý hồ sơ của tôi] - normalized_query: [Chi nhánh nào đang quản lý hồ sơ của tôi]
2026-01-06 09:18:44 | DEBUG    | log:153 | [perform_hybrid_search] BM25 raw scores: min=0.0109, max=87.2651
2026-01-06 09:18:44 | DEBUG    | log:153 | [get_keyword_boost] Query: 'Chi nhánh nào đang quản lý hồ ...' | Doc: Tra cứu giao dịch th | Boost: 0.25 | Matched: ['chi nhánh']
2026-01-06 09:18:44 | DEBUG    | log:153 | [get_keyword_boost] Query: 'Chi nhánh nào đang quản lý hồ ...' | Doc: getUserProfile | Tra | Boost: 0.25 | Matched: ['chi nhánh']
2026-01-06 09:18:44 | DEBUG    | log:153 | [classify_query_intent] Ambiguous: 'Chi nhánh nào đang quản lý hồ ...' | Scores: {'Tra cứu giao dịch theo kênh giao dịch': 1, 'getUserProfile | Tra cứu thông tin CIF': 1}
2026-01-06 09:18:44 | DEBUG    | log:153 | [normalize_query] 'Hồ sơ khách hàng của tôi thuộc chi nhánh...' -> 'Hồ sơ khách hàng của tôi thuộc chi nhánh...'
2026-01-06 09:18:44 | DEBUG    | log:153 | [perform_hybrid_search] query_text: [Hồ sơ khách hàng của tôi thuộc chi nhánh nào?] - formatted_query: [Hồ sơ khách hàng của tôi thuộc chi nhánh nào] - normalized_query: [Hồ sơ khách hàng của tôi thuộc chi nhánh nào]
2026-01-06 09:18:44 | DEBUG    | log:153 | [perform_hybrid_search] BM25 raw scores: min=0.0109, max=78.3026
2026-01-06 09:18:44 | DEBUG    | log:153 | [get_keyword_boost] Query: 'Hồ sơ khách hàng của tôi thuộc...' | Doc: Tra cứu giao dịch th | Boost: 0.25 | Matched: ['chi nhánh']
2026-01-06 09:18:44 | DEBUG    | log:153 | [get_keyword_boost] Query: 'Hồ sơ khách hàng của tôi thuộc...' | Doc: getUserProfile | Tra | Boost: 0.25 | Matched: ['chi nhánh']
2026-01-06 09:18:44 | DEBUG    | log:153 | [classify_query_intent] Ambiguous: 'Hồ sơ khách hàng của tôi thuộc...' | Scores: {'Tra cứu giao dịch theo kênh giao dịch': 1, 'getUserProfile | Tra cứu thông tin CIF': 1}
2026-01-06 09:18:44 | DEBUG    | log:153 | [normalize_query] 'Hồ sơ của tôi được mở tại chi nhánh nào?...' -> 'Hồ sơ của tôi được mở tại chi nhánh nào...'
2026-01-06 09:18:44 | DEBUG    | log:153 | [perform_hybrid_search] query_text: [Hồ sơ của tôi được mở tại chi nhánh nào?] - formatted_query: [Hồ sơ của tôi được mở tại chi nhánh nào] - normalized_query: [Hồ sơ của tôi được mở tại chi nhánh nào]
2026-01-06 09:18:45 | DEBUG    | log:153 | [perform_hybrid_search] BM25 raw scores: min=0.0109, max=57.2497
2026-01-06 09:18:45 | DEBUG    | log:153 | [get_keyword_boost] Query: 'Hồ sơ của tôi được mở tại chi ...' | Doc: Tra cứu giao dịch th | Boost: 0.25 | Matched: ['chi nhánh']
2026-01-06 09:18:45 | DEBUG    | log:153 | [get_keyword_boost] Query: 'Hồ sơ của tôi được mở tại chi ...' | Doc: getUserProfile | Tra | Boost: 0.25 | Matched: ['chi nhánh']
2026-01-06 09:18:45 | DEBUG    | log:153 | [classify_query_intent] Ambiguous: 'Hồ sơ của tôi được mở tại chi ...' | Scores: {'Tra cứu giao dịch theo kênh giao dịch': 1, 'getUserProfile | Tra cứu thông tin CIF': 1}
2026-01-06 09:18:45 | DEBUG    | log:153 | [normalize_query] 'Hồ sơ của tôi được tạo từ khi nào?...' -> 'Hồ sơ của tôi được tạo từ khi nào...'
2026-01-06 09:18:45 | DEBUG    | log:153 | [perform_hybrid_search] query_text: [Hồ sơ của tôi được tạo từ khi nào?] - formatted_query: [Hồ sơ của tôi được tạo từ khi nào] - normalized_query: [Hồ sơ của tôi được tạo từ khi nào]
2026-01-06 09:18:45 | DEBUG    | log:153 | [perform_hybrid_search] BM25 raw scores: min=0.0115, max=42.0659
2026-01-06 09:18:45 | DEBUG    | log:153 | [get_keyword_boost] Query: 'Hồ sơ của tôi được tạo từ khi ...' | Doc: getTransactionList | | Boost: 0.25 | Matched: ['từ']
2026-01-06 09:18:45 | DEBUG    | log:153 | [classify_query_intent] Classified: 'Hồ sơ của tôi được tạo từ khi ...' -> getTransactionList | Tra cứu g (score=1)
2026-01-06 09:18:45 | DEBUG    | log:153 | [normalize_query] 'Thông tin khách hàng được khởi tạo vào n...' -> 'Thông tin khách hàng được khởi tạo vào n...'
2026-01-06 09:18:45 | DEBUG    | log:153 | [perform_hybrid_search] query_text: [Thông tin khách hàng được khởi tạo vào ngày nào?] - formatted_query: [Thông tin khách hàng được khởi tạo vào ngày nào] - normalized_query: [Thông tin khách hàng được khởi tạo vào ngày nào]
2026-01-06 09:18:45 | DEBUG    | log:153 | [perform_hybrid_search] BM25 raw scores: min=0.3147, max=55.2569
2026-01-06 09:18:45 | DEBUG    | log:153 | [get_keyword_boost] Query: 'Thông tin khách hàng được khởi...' | Doc: Tra cứu lịch sử giao | Boost: 0.25 | Matched: ['ngày']
2026-01-06 09:18:45 | DEBUG    | log:153 | [get_keyword_boost] Query: 'Thông tin khách hàng được khởi...' | Doc: getTransactionList | | Boost: 0.25 | Matched: ['ngày']
2026-01-06 09:18:45 | DEBUG    | log:153 | [classify_query_intent] Ambiguous: 'Thông tin khách hàng được khởi...' | Scores: {'Tra cứu lịch sử giao dịch theo khoảng thời gian': 1, 'getTransactionList | Tra cứu giao dịch chờ duyệt theo khoảng thời gian': 1}
2026-01-06 09:18:45 | DEBUG    | log:153 | [normalize_query] 'Hồ sơ khách hàng được tạo trên hệ thống ...' -> 'Hồ sơ khách hàng được tạo trên hệ thống ...'
2026-01-06 09:18:45 | DEBUG    | log:153 | [perform_hybrid_search] query_text: [Hồ sơ khách hàng được tạo trên hệ thống nào?] - formatted_query: [Hồ sơ khách hàng được tạo trên hệ thống nào] - normalized_query: [Hồ sơ khách hàng được tạo trên hệ thống nào]
2026-01-06 09:18:45 | DEBUG    | log:153 | [perform_hybrid_search] BM25 raw scores: min=0.0674, max=83.8472
2026-01-06 09:18:45 | DEBUG    | log:153 | [get_keyword_boost] Query: 'Hồ sơ khách hàng được tạo trên...' | Doc: Tra cứu giao dịch th | Boost: 0.25 | Matched: ['trên']
2026-01-06 09:18:45 | DEBUG    | log:153 | [get_keyword_boost] Query: 'Hồ sơ khách hàng được tạo trên...' | Doc: getTransactionList | | Boost: 0.25 | Matched: ['trên']
2026-01-06 09:18:45 | DEBUG    | log:153 | [classify_query_intent] Ambiguous: 'Hồ sơ khách hàng được tạo trên...' | Scores: {'Tra cứu giao dịch theo số tiền': 1, 'getTransactionList | Tra cứu giao dịch chờ duyệt theo số tiền hoặc hạn mức': 1}
2026-01-06 09:18:45 | DEBUG    | log:153 | [normalize_query] 'Hệ thống nào quản lý thông tin khách hàn...' -> 'Hệ thống nào quản lý thông tin khách hàn...'
2026-01-06 09:18:45 | DEBUG    | log:153 | [perform_hybrid_search] query_text: [Hệ thống nào quản lý thông tin khách hàng của tôi?] - formatted_query: [Hệ thống nào quản lý thông tin khách hàng của tôi] - normalized_query: [Hệ thống nào quản lý thông tin khách hàng của tôi]
2026-01-06 09:18:45 | DEBUG    | log:153 | [perform_hybrid_search] BM25 raw scores: min=0.1696, max=61.5910
2026-01-06 09:18:45 | DEBUG    | log:153 | [classify_query_intent] No keyword matches found in: 'Hệ thống nào quản lý thông tin khách hàng của tôi'
2026-01-06 09:18:45 | DEBUG    | log:153 | [normalize_query] 'Thông tin quản lý hồ sơ gồm những gì?...' -> 'Thông tin quản lý hồ sơ gồm những gì...'
2026-01-06 09:18:45 | DEBUG    | log:153 | [perform_hybrid_search] query_text: [Thông tin quản lý hồ sơ gồm những gì?] - formatted_query: [Thông tin quản lý hồ sơ gồm những gì] - normalized_query: [Thông tin quản lý hồ sơ gồm những gì]
2026-01-06 09:18:45 | DEBUG    | log:153 | [perform_hybrid_search] BM25 raw scores: min=0.2022, max=48.6755
2026-01-06 09:18:45 | DEBUG    | log:153 | [classify_query_intent] No keyword matches found in: 'Thông tin quản lý hồ sơ gồm những gì'
2026-01-06 09:18:45 | DEBUG    | log:153 | [normalize_query] 'Hồ sơ của tôi hiện do đơn vị nào quản lý...' -> 'Hồ sơ của tôi hiện do đơn vị nào quản lý...'
2026-01-06 09:18:45 | DEBUG    | log:153 | [perform_hybrid_search] query_text: [Hồ sơ của tôi hiện do đơn vị nào quản lý?] - formatted_query: [Hồ sơ của tôi hiện do đơn vị nào quản lý] - normalized_query: [Hồ sơ của tôi hiện do đơn vị nào quản lý]
2026-01-06 09:18:45 | DEBUG    | log:153 | [perform_hybrid_search] BM25 raw scores: min=0.0202, max=74.2980
2026-01-06 09:18:45 | DEBUG    | log:153 | [classify_query_intent] No keyword matches found in: 'Hồ sơ của tôi hiện do đơn vị nào quản lý'
2026-01-06 09:18:45 | DEBUG    | log:153 | [normalize_query] 'Chi nhánh nào đang phụ trách hồ sơ của t...' -> 'Chi nhánh nào đang phụ trách hồ sơ của t...'
2026-01-06 09:18:45 | DEBUG    | log:153 | [perform_hybrid_search] query_text: [Chi nhánh nào đang phụ trách hồ sơ của tôi?] - formatted_query: [Chi nhánh nào đang phụ trách hồ sơ của tôi] - normalized_query: [Chi nhánh nào đang phụ trách hồ sơ của tôi]
2026-01-06 09:18:45 | DEBUG    | log:153 | [perform_hybrid_search] BM25 raw scores: min=0.0109, max=80.6351
2026-01-06 09:18:45 | DEBUG    | log:153 | [get_keyword_boost] Query: 'Chi nhánh nào đang phụ trách h...' | Doc: Tra cứu giao dịch th | Boost: 0.25 | Matched: ['chi nhánh']
2026-01-06 09:18:45 | DEBUG    | log:153 | [get_keyword_boost] Query: 'Chi nhánh nào đang phụ trách h...' | Doc: getUserProfile | Tra | Boost: 0.25 | Matched: ['chi nhánh']
2026-01-06 09:18:45 | DEBUG    | log:153 | [classify_query_intent] Ambiguous: 'Chi nhánh nào đang phụ trách h...' | Scores: {'Tra cứu giao dịch theo kênh giao dịch': 1, 'getUserProfile | Tra cứu thông tin CIF': 1}
2026-01-06 09:18:45 | DEBUG    | log:153 | [normalize_query] 'Hồ sơ khách hàng được tạo ở hệ thống nào...' -> 'Hồ sơ khách hàng được tạo ở hệ thống nào...'
2026-01-06 09:18:45 | DEBUG    | log:153 | [perform_hybrid_search] query_text: [Hồ sơ khách hàng được tạo ở hệ thống nào?] - formatted_query: [Hồ sơ khách hàng được tạo ở hệ thống nào] - normalized_query: [Hồ sơ khách hàng được tạo ở hệ thống nào]
2026-01-06 09:18:45 | DEBUG    | log:153 | [perform_hybrid_search] BM25 raw scores: min=0.0674, max=83.0548
2026-01-06 09:18:45 | DEBUG    | log:153 | [classify_query_intent] No keyword matches found in: 'Hồ sơ khách hàng được tạo ở hệ thống nào'
2026-01-06 09:18:45 | DEBUG    | log:153 | [normalize_query] 'Hồ sơ của tôi đang được quản lý ra sao?...' -> 'Hồ sơ của tôi đang được quản lý ra sao...'
2026-01-06 09:18:45 | DEBUG    | log:153 | [perform_hybrid_search] query_text: [Hồ sơ của tôi đang được quản lý ra sao?] - formatted_query: [Hồ sơ của tôi đang được quản lý ra sao] - normalized_query: [Hồ sơ của tôi đang được quản lý ra sao]
2026-01-06 09:18:45 | DEBUG    | log:153 | [perform_hybrid_search] BM25 raw scores: min=0.0111, max=45.2543
2026-01-06 09:18:45 | DEBUG    | log:153 | [classify_query_intent] No keyword matches found in: 'Hồ sơ của tôi đang được quản lý ra sao'
2026-01-06 09:18:45 | DEBUG    | log:153 | [normalize_query] 'Kiểm tra thông tin hồ sơ khách hàng của ...' -> 'Kiểm tra thông tin hồ sơ khách hàng của ...'
2026-01-06 09:18:45 | DEBUG    | log:153 | [perform_hybrid_search] query_text: [Kiểm tra thông tin hồ sơ khách hàng của tôi] - formatted_query: [Kiểm tra thông tin hồ sơ khách hàng của tôi] - normalized_query: [Kiểm tra thông tin hồ sơ khách hàng của tôi]
2026-01-06 09:18:45 | DEBUG    | log:153 | [perform_hybrid_search] BM25 raw scores: min=0.2115, max=51.2136
2026-01-06 09:18:45 | DEBUG    | log:153 | [classify_query_intent] No keyword matches found in: 'Kiểm tra thông tin hồ sơ khách hàng của tôi'
2026-01-06 09:18:45 | DEBUG    | log:153 | [normalize_query] 'Hồ sơ của tôi được đăng ký tại chi nhánh...' -> 'Hồ sơ của tôi được đăng ký tại chi nhánh...'
2026-01-06 09:18:45 | DEBUG    | log:153 | [perform_hybrid_search] query_text: [Hồ sơ của tôi được đăng ký tại chi nhánh nào?] - formatted_query: [Hồ sơ của tôi được đăng ký tại chi nhánh nào] - normalized_query: [Hồ sơ của tôi được đăng ký tại chi nhánh nào]
2026-01-06 09:18:45 | DEBUG    | log:153 | [perform_hybrid_search] BM25 raw scores: min=0.0109, max=64.7407
2026-01-06 09:18:45 | DEBUG    | log:153 | [get_keyword_boost] Query: 'Hồ sơ của tôi được đăng ký tại...' | Doc: Tra cứu giao dịch th | Boost: 0.25 | Matched: ['chi nhánh']
2026-01-06 09:18:45 | DEBUG    | log:153 | [get_keyword_boost] Query: 'Hồ sơ của tôi được đăng ký tại...' | Doc: getUserProfile | Tra | Boost: 0.25 | Matched: ['chi nhánh']
2026-01-06 09:18:45 | DEBUG    | log:153 | [classify_query_intent] Ambiguous: 'Hồ sơ của tôi được đăng ký tại...' | Scores: {'Tra cứu giao dịch theo kênh giao dịch': 1, 'getUserProfile | Tra cứu thông tin CIF': 1}
2026-01-06 09:18:45 | DEBUG    | log:153 | [normalize_query] 'Thời điểm tạo hồ sơ khách hàng là khi nà...' -> 'Thời điểm tạo hồ sơ khách hàng là khi nà...'
2026-01-06 09:18:45 | DEBUG    | log:153 | [perform_hybrid_search] query_text: [Thời điểm tạo hồ sơ khách hàng là khi nào?] - formatted_query: [Thời điểm tạo hồ sơ khách hàng là khi nào] - normalized_query: [Thời điểm tạo hồ sơ khách hàng là khi nào]
2026-01-06 09:18:45 | DEBUG    | log:153 | [perform_hybrid_search] BM25 raw scores: min=0.1663, max=72.1231
2026-01-06 09:18:45 | DEBUG    | log:153 | [classify_query_intent] No keyword matches found in: 'Thời điểm tạo hồ sơ khách hàng là khi nào'
2026-01-06 09:18:45 | DEBUG    | log:153 | [normalize_query] 'Đơn vị quản lý hồ sơ khách hàng hiện tại...' -> 'Đơn vị quản lý hồ sơ khách hàng hiện tại...'
2026-01-06 09:18:45 | DEBUG    | log:153 | [perform_hybrid_search] query_text: [Đơn vị quản lý hồ sơ khách hàng hiện tại là gì?] - formatted_query: [Đơn vị quản lý hồ sơ khách hàng hiện tại là gì] - normalized_query: [Đơn vị quản lý hồ sơ khách hàng hiện tại là gì]
2026-01-06 09:18:45 | DEBUG    | log:153 | [perform_hybrid_search] BM25 raw scores: min=0.0202, max=98.4160
2026-01-06 09:18:45 | DEBUG    | log:153 | [get_keyword_boost] Query: 'Đơn vị quản lý hồ sơ khách hàn...' | Doc: getUserProfile | Tra | Boost: 0.25 | Matched: ['đơn vị quản lý']
2026-01-06 09:18:45 | DEBUG    | log:153 | [classify_query_intent] Classified: 'Đơn vị quản lý hồ sơ khách hàn...' -> getUserProfile | Tra cứu thông (score=1)
2026-01-06 09:18:45 | DEBUG    | log:153 | [normalize_query] 'Thông tin chi nhánh quản lý hồ sơ của tô...' -> 'Thông tin chi nhánh quản lý hồ sơ của tô...'
2026-01-06 09:18:45 | DEBUG    | log:153 | [perform_hybrid_search] query_text: [Thông tin chi nhánh quản lý hồ sơ của tôi] - formatted_query: [Thông tin chi nhánh quản lý hồ sơ của tôi] - normalized_query: [Thông tin chi nhánh quản lý hồ sơ của tôi]
2026-01-06 09:18:45 | DEBUG    | log:153 | [perform_hybrid_search] BM25 raw scores: min=0.1804, max=59.8571
2026-01-06 09:18:45 | DEBUG    | log:153 | [get_keyword_boost] Query: 'Thông tin chi nhánh quản lý hồ...' | Doc: Tra cứu giao dịch th | Boost: 0.25 | Matched: ['chi nhánh']
2026-01-06 09:18:45 | DEBUG    | log:153 | [get_keyword_boost] Query: 'Thông tin chi nhánh quản lý hồ...' | Doc: getUserProfile | Tra | Boost: 0.50 | Matched: ['chi nhánh', 'chi nhánh quản lý']
2026-01-06 09:18:45 | DEBUG    | log:153 | [classify_query_intent] Classified: 'Thông tin chi nhánh quản lý hồ...' -> getUserProfile | Tra cứu thông (score=2)
2026-01-06 09:18:45 | DEBUG    | log:153 | [normalize_query] 'Kiểm tra nơi quản lý hồ sơ khách hàng...' -> 'Kiểm tra nơi quản lý hồ sơ khách hàng...'
2026-01-06 09:18:45 | DEBUG    | log:153 | [perform_hybrid_search] query_text: [Kiểm tra nơi quản lý hồ sơ khách hàng] - formatted_query: [Kiểm tra nơi quản lý hồ sơ khách hàng] - normalized_query: [Kiểm tra nơi quản lý hồ sơ khách hàng]
2026-01-06 09:18:45 | DEBUG    | log:153 | [perform_hybrid_search] BM25 raw scores: min=0.0404, max=77.3280
2026-01-06 09:18:45 | DEBUG    | log:153 | [classify_query_intent] No keyword matches found in: 'Kiểm tra nơi quản lý hồ sơ khách hàng'
2026-01-06 09:18:45 | DEBUG    | log:153 | [normalize_query] 'Hồ sơ hiện do chi nhánh nào phụ trách?...' -> 'Hồ sơ hiện do chi nhánh nào phụ trách...'
2026-01-06 09:18:45 | DEBUG    | log:153 | [perform_hybrid_search] query_text: [Hồ sơ hiện do chi nhánh nào phụ trách?] - formatted_query: [Hồ sơ hiện do chi nhánh nào phụ trách] - normalized_query: [Hồ sơ hiện do chi nhánh nào phụ trách]
2026-01-06 09:18:45 | DEBUG    | log:153 | [perform_hybrid_search] BM25 raw scores: min=0.0115, max=78.8374
2026-01-06 09:18:45 | DEBUG    | log:153 | [get_keyword_boost] Query: 'Hồ sơ hiện do chi nhánh nào ph...' | Doc: Tra cứu giao dịch th | Boost: 0.25 | Matched: ['chi nhánh']
2026-01-06 09:18:45 | DEBUG    | log:153 | [get_keyword_boost] Query: 'Hồ sơ hiện do chi nhánh nào ph...' | Doc: getUserProfile | Tra | Boost: 0.25 | Matched: ['chi nhánh']
2026-01-06 09:18:45 | DEBUG    | log:153 | [classify_query_intent] Ambiguous: 'Hồ sơ hiện do chi nhánh nào ph...' | Scores: {'Tra cứu giao dịch theo kênh giao dịch': 1, 'getUserProfile | Tra cứu thông tin CIF': 1}
2026-01-06 09:18:45 | DEBUG    | log:153 | [normalize_query] 'Mã chi nhánh quản lý hồ sơ của tôi là gì...' -> 'Mã chi nhánh quản lý hồ sơ của tôi là gì...'
2026-01-06 09:18:45 | DEBUG    | log:153 | [perform_hybrid_search] query_text: [Mã chi nhánh quản lý hồ sơ của tôi là gì?] - formatted_query: [Mã chi nhánh quản lý hồ sơ của tôi là gì] - normalized_query: [Mã chi nhánh quản lý hồ sơ của tôi là gì]
2026-01-06 09:18:45 | DEBUG    | log:153 | [perform_hybrid_search] BM25 raw scores: min=0.1169, max=65.2158
2026-01-06 09:18:45 | DEBUG    | log:153 | [get_keyword_boost] Query: 'Mã chi nhánh quản lý hồ sơ của...' | Doc: Tra cứu giao dịch th | Boost: 0.25 | Matched: ['chi nhánh']
2026-01-06 09:18:45 | DEBUG    | log:153 | [get_keyword_boost] Query: 'Mã chi nhánh quản lý hồ sơ của...' | Doc: Tra cứu chi tiết một | Boost: 0.25 | Matched: ['mã']
2026-01-06 09:18:45 | DEBUG    | log:153 | [get_keyword_boost] Query: 'Mã chi nhánh quản lý hồ sơ của...' | Doc: getUserProfile | Tra | Boost: 0.75 | Matched: ['chi nhánh', 'chi nhánh quản lý', 'mã chi nhánh']
2026-01-06 09:18:45 | DEBUG    | log:153 | [classify_query_intent] Classified: 'Mã chi nhánh quản lý hồ sơ của...' -> getUserProfile | Tra cứu thông (score=3)
2026-01-06 09:18:45 | DEBUG    | log:153 | [normalize_query] 'Tôi đã mở CIF tại phòng giao dịch nào?...' -> 'Tôi đã mở cif tại phòng giao dịch nào...'
2026-01-06 09:18:45 | DEBUG    | log:153 | [perform_hybrid_search] query_text: [Tôi đã mở CIF tại phòng giao dịch nào?] - formatted_query: [Tôi đã mở cif tại phòng giao dịch nào] - normalized_query: [Tôi đã mở cif tại phòng giao dịch nào]
2026-01-06 09:18:45 | DEBUG    | log:153 | [perform_hybrid_search] BM25 raw scores: min=0.5904, max=24.2373
2026-01-06 09:18:45 | DEBUG    | log:153 | [get_keyword_boost] Query: 'Tôi đã mở cif tại phòng giao d...' | Doc: getUserProfile | Tra | Boost: 0.25 | Matched: ['phòng giao dịch']
2026-01-06 09:18:45 | DEBUG    | log:153 | [classify_query_intent] Classified: 'Tôi đã mở cif tại phòng giao d...' -> getUserProfile | Tra cứu thông (score=1)
2026-01-06 09:18:45 | DEBUG    | log:153 | [normalize_query] 'Hồ sơ của tôi được khởi tạo từ ngày mấy?...' -> 'Hồ sơ của tôi được khởi tạo từ ngày mấy...'
2026-01-06 09:18:45 | DEBUG    | log:153 | [perform_hybrid_search] query_text: [Hồ sơ của tôi được khởi tạo từ ngày mấy?] - formatted_query: [Hồ sơ của tôi được khởi tạo từ ngày mấy] - normalized_query: [Hồ sơ của tôi được khởi tạo từ ngày mấy]
2026-01-06 09:18:45 | DEBUG    | log:153 | [perform_hybrid_search] BM25 raw scores: min=0.0115, max=29.1687
2026-01-06 09:18:45 | DEBUG    | log:153 | [get_keyword_boost] Query: 'Hồ sơ của tôi được khởi tạo từ...' | Doc: Tra cứu lịch sử giao | Boost: 0.25 | Matched: ['ngày']
2026-01-06 09:18:45 | DEBUG    | log:153 | [get_keyword_boost] Query: 'Hồ sơ của tôi được khởi tạo từ...' | Doc: getTransactionList | | Boost: 0.50 | Matched: ['ngày', 'từ ngày']
2026-01-06 09:18:45 | DEBUG    | log:153 | [get_keyword_boost] Query: 'Hồ sơ của tôi được khởi tạo từ...' | Doc: getTransactionList | | Boost: 0.25 | Matched: ['từ']
2026-01-06 09:18:45 | DEBUG    | log:153 | [classify_query_intent] Classified: 'Hồ sơ của tôi được khởi tạo từ...' -> getTransactionList | Tra cứu g (score=2)
2026-01-06 09:18:45 | DEBUG    | log:153 | [normalize_query] 'ID hệ thống của hồ sơ tôi là gì?...' -> 'Id hệ thống của hồ sơ tôi là gì...'
2026-01-06 09:18:45 | DEBUG    | log:153 | [perform_hybrid_search] query_text: [ID hệ thống của hồ sơ tôi là gì?] - formatted_query: [Id hệ thống của hồ sơ tôi là gì] - normalized_query: [Id hệ thống của hồ sơ tôi là gì]
2026-01-06 09:18:45 | DEBUG    | log:153 | [perform_hybrid_search] BM25 raw scores: min=0.0590, max=29.5491
2026-01-06 09:18:45 | DEBUG    | log:153 | [get_keyword_boost] Query: 'Id hệ thống của hồ sơ tôi là g...' | Doc: Tra cứu chi tiết một | Boost: 0.25 | Matched: ['id']
2026-01-06 09:18:45 | DEBUG    | log:153 | [classify_query_intent] Classified: 'Id hệ thống của hồ sơ tôi là g...' -> Tra cứu chi tiết một giao dịch (score=1)
2026-01-06 09:18:45 | DEBUG    | log:153 | [normalize_query] 'Chi nhánh gốc của tôi là chi nhánh nào?...' -> 'Chi nhánh gốc của tôi là chi nhánh nào...'
2026-01-06 09:18:45 | DEBUG    | log:153 | [perform_hybrid_search] query_text: [Chi nhánh gốc của tôi là chi nhánh nào?] - formatted_query: [Chi nhánh gốc của tôi là chi nhánh nào] - normalized_query: [Chi nhánh gốc của tôi là chi nhánh nào]
2026-01-06 09:18:45 | DEBUG    | log:153 | [perform_hybrid_search] BM25 raw scores: min=0.0000, max=32.3430
2026-01-06 09:18:45 | DEBUG    | log:153 | [get_keyword_boost] Query: 'Chi nhánh gốc của tôi là chi n...' | Doc: Tra cứu giao dịch th | Boost: 0.25 | Matched: ['chi nhánh']
2026-01-06 09:18:45 | DEBUG    | log:153 | [get_keyword_boost] Query: 'Chi nhánh gốc của tôi là chi n...' | Doc: getUserProfile | Tra | Boost: 0.25 | Matched: ['chi nhánh']
2026-01-06 09:18:45 | DEBUG    | log:153 | [classify_query_intent] Ambiguous: 'Chi nhánh gốc của tôi là chi n...' | Scores: {'Tra cứu giao dịch theo kênh giao dịch': 1, 'getUserProfile | Tra cứu thông tin CIF': 1}
2026-01-06 09:18:45 | DEBUG    | log:153 | [normalize_query] 'Tôi đăng ký tài khoản tại đâu?...' -> 'Tôi đăng ký tài khoản tại đâu...'
2026-01-06 09:18:45 | DEBUG    | log:153 | [perform_hybrid_search] query_text: [Tôi đăng ký tài khoản tại đâu?] - formatted_query: [Tôi đăng ký tài khoản tại đâu] - normalized_query: [Tôi đăng ký tài khoản tại đâu]
2026-01-06 09:18:45 | DEBUG    | log:153 | [perform_hybrid_search] BM25 raw scores: min=0.0000, max=15.0206
2026-01-06 09:18:45 | DEBUG    | log:153 | [get_keyword_boost] Query: 'Tôi đăng ký tài khoản tại đâu...' | Doc: Tra cứu lịch sử giao | Boost: 0.25 | Matched: ['tài khoản']
2026-01-06 09:18:45 | DEBUG    | log:153 | [get_keyword_boost] Query: 'Tôi đăng ký tài khoản tại đâu...' | Doc: getTransactionList | | Boost: 0.25 | Matched: ['tài khoản']
2026-01-06 09:18:45 | DEBUG    | log:153 | [classify_query_intent] Ambiguous: 'Tôi đăng ký tài khoản tại đâu...' | Scores: {'Tra cứu lịch sử giao dịch theo số tài khoản': 1, 'getTransactionList | Tra cứu giao dịch chờ duyệt theo số tài khoản nguồn': 1}
2026-01-06 09:18:45 | DEBUG    | log:153 | [normalize_query] 'Ngày mở CIF của tôi là ngày nào?...' -> 'Ngày mở cif của tôi là ngày nào...'
2026-01-06 09:18:45 | DEBUG    | log:153 | [perform_hybrid_search] query_text: [Ngày mở CIF của tôi là ngày nào?] - formatted_query: [Ngày mở cif của tôi là ngày nào] - normalized_query: [Ngày mở cif của tôi là ngày nào]
2026-01-06 09:18:45 | DEBUG    | log:153 | [perform_hybrid_search] BM25 raw scores: min=0.0000, max=25.3813
2026-01-06 09:18:45 | DEBUG    | log:153 | [get_keyword_boost] Query: 'Ngày mở cif của tôi là ngày nà...' | Doc: Tra cứu lịch sử giao | Boost: 0.25 | Matched: ['ngày']
2026-01-06 09:18:45 | DEBUG    | log:153 | [get_keyword_boost] Query: 'Ngày mở cif của tôi là ngày nà...' | Doc: getTransactionList | | Boost: 0.25 | Matched: ['ngày']
2026-01-06 09:18:45 | DEBUG    | log:153 | [get_keyword_boost] Query: 'Ngày mở cif của tôi là ngày nà...' | Doc: getUserProfile | Tra | Boost: 0.25 | Matched: ['ngày mở cif']
2026-01-06 09:18:45 | DEBUG    | log:153 | [classify_query_intent] Ambiguous: 'Ngày mở cif của tôi là ngày nà...' | Scores: {'Tra cứu lịch sử giao dịch theo khoảng thời gian': 1, 'getTransactionList | Tra cứu giao dịch chờ duyệt theo khoảng thời gian': 1, 'getUserProfile | Tra cứu thông tin CIF': 1}
2026-01-06 09:18:45 | DEBUG    | log:153 | [normalize_query] 'Hồ sơ của tôi do đơn vị nghiệp vụ nào nắ...' -> 'Hồ sơ của tôi do đơn vị nghiệp vụ nào nắ...'
2026-01-06 09:18:45 | DEBUG    | log:153 | [perform_hybrid_search] query_text: [Hồ sơ của tôi do đơn vị nghiệp vụ nào nắm giữ?] - formatted_query: [Hồ sơ của tôi do đơn vị nghiệp vụ nào nắm giữ] - normalized_query: [Hồ sơ của tôi do đơn vị nghiệp vụ nào nắm giữ]
2026-01-06 09:18:45 | DEBUG    | log:153 | [perform_hybrid_search] BM25 raw scores: min=0.0126, max=54.9073
2026-01-06 09:18:45 | DEBUG    | log:153 | [classify_query_intent] No keyword matches found in: 'Hồ sơ của tôi do đơn vị nghiệp vụ nào nắm giữ'
2026-01-06 09:18:45 | DEBUG    | log:153 | [normalize_query] 'Xem thông tin chi nhánh quản lý CIF...' -> 'Xem thông tin chi nhánh quản lý cif...'
2026-01-06 09:18:45 | DEBUG    | log:153 | [perform_hybrid_search] query_text: [Xem thông tin chi nhánh quản lý CIF] - formatted_query: [Xem thông tin chi nhánh quản lý cif] - normalized_query: [Xem thông tin chi nhánh quản lý cif]
2026-01-06 09:18:45 | DEBUG    | log:153 | [perform_hybrid_search] BM25 raw scores: min=0.0000, max=39.3799
2026-01-06 09:18:45 | DEBUG    | log:153 | [get_keyword_boost] Query: 'Xem thông tin chi nhánh quản l...' | Doc: Tra cứu giao dịch th | Boost: 0.25 | Matched: ['chi nhánh']
2026-01-06 09:18:45 | DEBUG    | log:153 | [get_keyword_boost] Query: 'Xem thông tin chi nhánh quản l...' | Doc: getUserProfile | Tra | Boost: 0.50 | Matched: ['chi nhánh', 'chi nhánh quản lý']
2026-01-06 09:18:45 | DEBUG    | log:153 | [classify_query_intent] Classified: 'Xem thông tin chi nhánh quản l...' -> getUserProfile | Tra cứu thông (score=2)
2026-01-06 09:18:45 | DEBUG    | log:153 | [normalize_query] 'Cho tôi biết mã chi nhánh mở hồ sơ...' -> 'Cho tôi biết mã chi nhánh mở hồ sơ...'
2026-01-06 09:18:45 | DEBUG    | log:153 | [perform_hybrid_search] query_text: [Cho tôi biết mã chi nhánh mở hồ sơ] - formatted_query: [Cho tôi biết mã chi nhánh mở hồ sơ] - normalized_query: [Cho tôi biết mã chi nhánh mở hồ sơ]
2026-01-06 09:18:45 | DEBUG    | log:153 | [perform_hybrid_search] BM25 raw scores: min=0.2219, max=35.6726
2026-01-06 09:18:45 | DEBUG    | log:153 | [get_keyword_boost] Query: 'Cho tôi biết mã chi nhánh mở h...' | Doc: Tra cứu giao dịch th | Boost: 0.25 | Matched: ['chi nhánh']
2026-01-06 09:18:45 | DEBUG    | log:153 | [get_keyword_boost] Query: 'Cho tôi biết mã chi nhánh mở h...' | Doc: Tra cứu chi tiết một | Boost: 0.25 | Matched: ['mã']
2026-01-06 09:18:45 | DEBUG    | log:153 | [get_keyword_boost] Query: 'Cho tôi biết mã chi nhánh mở h...' | Doc: getUserProfile | Tra | Boost: 0.50 | Matched: ['chi nhánh', 'mã chi nhánh']
2026-01-06 09:18:45 | DEBUG    | log:153 | [classify_query_intent] Classified: 'Cho tôi biết mã chi nhánh mở h...' -> getUserProfile | Tra cứu thông (score=2)
2026-01-06 09:18:45 | DEBUG    | log:153 | [normalize_query] 'Hồ sơ của tôi được tạo trên hệ thống nào...' -> 'Hồ sơ của tôi được tạo trên hệ thống nào...'
2026-01-06 09:18:45 | DEBUG    | log:153 | [perform_hybrid_search] query_text: [Hồ sơ của tôi được tạo trên hệ thống nào vậy?] - formatted_query: [Hồ sơ của tôi được tạo trên hệ thống nào vậy] - normalized_query: [Hồ sơ của tôi được tạo trên hệ thống nào vậy]
2026-01-06 09:18:45 | DEBUG    | log:153 | [perform_hybrid_search] BM25 raw scores: min=0.0674, max=55.9520
2026-01-06 09:18:45 | DEBUG    | log:153 | [get_keyword_boost] Query: 'Hồ sơ của tôi được tạo trên hệ...' | Doc: Tra cứu giao dịch th | Boost: 0.25 | Matched: ['trên']
2026-01-06 09:18:45 | DEBUG    | log:153 | [get_keyword_boost] Query: 'Hồ sơ của tôi được tạo trên hệ...' | Doc: getTransactionList | | Boost: 0.25 | Matched: ['trên']
2026-01-06 09:18:45 | DEBUG    | log:153 | [classify_query_intent] Ambiguous: 'Hồ sơ của tôi được tạo trên hệ...' | Scores: {'Tra cứu giao dịch theo số tiền': 1, 'getTransactionList | Tra cứu giao dịch chờ duyệt theo số tiền hoặc hạn mức': 1}
2026-01-06 09:18:45 | DEBUG    | log:153 | [normalize_query] 'Tôi mở tài khoản ngân hàng từ năm nào?...' -> 'Tôi mở tài khoản ngân hàng từ năm nào...'
2026-01-06 09:18:45 | DEBUG    | log:153 | [perform_hybrid_search] query_text: [Tôi mở tài khoản ngân hàng từ năm nào?] - formatted_query: [Tôi mở tài khoản ngân hàng từ năm nào] - normalized_query: [Tôi mở tài khoản ngân hàng từ năm nào]
2026-01-06 09:18:45 | DEBUG    | log:153 | [perform_hybrid_search] BM25 raw scores: min=0.0000, max=19.7149
2026-01-06 09:18:45 | DEBUG    | log:153 | [get_keyword_boost] Query: 'Tôi mở tài khoản ngân hàng từ ...' | Doc: Tra cứu lịch sử giao | Boost: 0.25 | Matched: ['tài khoản']
2026-01-06 09:18:45 | DEBUG    | log:153 | [get_keyword_boost] Query: 'Tôi mở tài khoản ngân hàng từ ...' | Doc: Tra cứu lịch sử giao | Boost: 0.25 | Matched: ['năm']
2026-01-06 09:18:45 | DEBUG    | log:153 | [get_keyword_boost] Query: 'Tôi mở tài khoản ngân hàng từ ...' | Doc: getTransactionList | | Boost: 0.25 | Matched: ['tài khoản']
2026-01-06 09:18:45 | DEBUG    | log:153 | [get_keyword_boost] Query: 'Tôi mở tài khoản ngân hàng từ ...' | Doc: getTransactionList | | Boost: 0.25 | Matched: ['năm']
2026-01-06 09:18:45 | DEBUG    | log:153 | [get_keyword_boost] Query: 'Tôi mở tài khoản ngân hàng từ ...' | Doc: getTransactionList | | Boost: 0.25 | Matched: ['từ']
2026-01-06 09:18:45 | DEBUG    | log:153 | [classify_query_intent] Ambiguous: 'Tôi mở tài khoản ngân hàng từ ...' | Scores: {'Tra cứu lịch sử giao dịch theo số tài khoản': 1, 'Tra cứu lịch sử giao dịch theo khoảng thời gian': 1, 'getTransactionList | Tra cứu giao dịch chờ duyệt theo số tài khoản nguồn': 1, 'getTransactionList | Tra cứu giao dịch chờ duyệt theo khoảng thời gian': 1, 'getTransactionList | Tra cứu giao dịch chờ duyệt theo số tiền hoặc hạn mức': 1}
2026-01-06 09:18:45 | DEBUG    | log:153 | [normalize_query] 'Chi nhánh quản lý của tôi có thay đổi kh...' -> 'Chi nhánh quản lý của tôi có thay đổi kh...'
2026-01-06 09:18:45 | DEBUG    | log:153 | [perform_hybrid_search] query_text: [Chi nhánh quản lý của tôi có thay đổi không?] - formatted_query: [Chi nhánh quản lý của tôi có thay đổi không] - normalized_query: [Chi nhánh quản lý của tôi có thay đổi không]
2026-01-06 09:18:45 | DEBUG    | log:153 | [perform_hybrid_search] BM25 raw scores: min=0.0000, max=30.6685
2026-01-06 09:18:45 | DEBUG    | log:153 | [get_keyword_boost] Query: 'Chi nhánh quản lý của tôi có t...' | Doc: Tra cứu giao dịch th | Boost: 0.25 | Matched: ['chi nhánh']
2026-01-06 09:18:45 | DEBUG    | log:153 | [get_keyword_boost] Query: 'Chi nhánh quản lý của tôi có t...' | Doc: getUserProfile | Tra | Boost: 0.50 | Matched: ['chi nhánh', 'chi nhánh quản lý']
2026-01-06 09:18:45 | DEBUG    | log:153 | [classify_query_intent] Classified: 'Chi nhánh quản lý của tôi có t...' -> getUserProfile | Tra cứu thông (score=2)
2026-01-06 09:18:45 | DEBUG    | log:153 | [normalize_query] 'Thông tin chi tiết về nơi quản lý hồ sơ...' -> 'Thông tin chi tiết về nơi quản lý hồ sơ...'
2026-01-06 09:18:45 | DEBUG    | log:153 | [perform_hybrid_search] query_text: [Thông tin chi tiết về nơi quản lý hồ sơ] - formatted_query: [Thông tin chi tiết về nơi quản lý hồ sơ] - normalized_query: [Thông tin chi tiết về nơi quản lý hồ sơ]
2026-01-06 09:18:45 | DEBUG    | log:153 | [perform_hybrid_search] BM25 raw scores: min=0.2022, max=48.8190
2026-01-06 09:18:45 | DEBUG    | log:153 | [classify_query_intent] No keyword matches found in: 'Thông tin chi tiết về nơi quản lý hồ sơ'
2026-01-06 09:18:45 | DEBUG    | log:153 | [normalize_query] 'Kiểm tra ngày đăng ký thông tin khách hà...' -> 'Kiểm tra ngày đăng ký thông tin khách hà...'
2026-01-06 09:18:45 | DEBUG    | log:153 | [perform_hybrid_search] query_text: [Kiểm tra ngày đăng ký thông tin khách hàng] - formatted_query: [Kiểm tra ngày đăng ký thông tin khách hàng] - normalized_query: [Kiểm tra ngày đăng ký thông tin khách hàng]
2026-01-06 09:18:45 | DEBUG    | log:153 | [perform_hybrid_search] BM25 raw scores: min=0.1767, max=31.0179
2026-01-06 09:18:45 | DEBUG    | log:153 | [get_keyword_boost] Query: 'Kiểm tra ngày đăng ký thông ti...' | Doc: Tra cứu lịch sử giao | Boost: 0.25 | Matched: ['ngày']
2026-01-06 09:18:45 | DEBUG    | log:153 | [get_keyword_boost] Query: 'Kiểm tra ngày đăng ký thông ti...' | Doc: getTransactionList | | Boost: 0.25 | Matched: ['ngày']
2026-01-06 09:18:45 | DEBUG    | log:153 | [classify_query_intent] Ambiguous: 'Kiểm tra ngày đăng ký thông ti...' | Scores: {'Tra cứu lịch sử giao dịch theo khoảng thời gian': 1, 'getTransactionList | Tra cứu giao dịch chờ duyệt theo khoảng thời gian': 1}
2026-01-06 09:18:45 | DEBUG    | log:153 | [normalize_query] 'Hồ sơ của tôi thuộc PGD nào?...' -> 'Hồ sơ của tôi thuộc pgd nào...'
2026-01-06 09:18:45 | DEBUG    | log:153 | [perform_hybrid_search] query_text: [Hồ sơ của tôi thuộc PGD nào?] - formatted_query: [Hồ sơ của tôi thuộc pgd nào] - normalized_query: [Hồ sơ của tôi thuộc pgd nào]
2026-01-06 09:18:46 | DEBUG    | log:153 | [perform_hybrid_search] BM25 raw scores: min=0.0109, max=26.8511
2026-01-06 09:18:46 | DEBUG    | log:153 | [get_keyword_boost] Query: 'Hồ sơ của tôi thuộc pgd nào...' | Doc: getUserProfile | Tra | Boost: 0.25 | Matched: ['pgd']
2026-01-06 09:18:46 | DEBUG    | log:153 | [classify_query_intent] Classified: 'Hồ sơ của tôi thuộc pgd nào...' -> getUserProfile | Tra cứu thông (score=1)
2026-01-06 09:18:46 | DEBUG    | log:153 | [normalize_query] 'Đơn vị nào chịu trách nhiệm quản lý hồ s...' -> 'Đơn vị nào chịu trách nhiệm quản lý hồ s...'
2026-01-06 09:18:46 | DEBUG    | log:153 | [perform_hybrid_search] query_text: [Đơn vị nào chịu trách nhiệm quản lý hồ sơ?] - formatted_query: [Đơn vị nào chịu trách nhiệm quản lý hồ sơ] - normalized_query: [Đơn vị nào chịu trách nhiệm quản lý hồ sơ]
2026-01-06 09:18:46 | DEBUG    | log:153 | [perform_hybrid_search] BM25 raw scores: min=0.0109, max=69.3274
2026-01-06 09:18:46 | DEBUG    | log:153 | [classify_query_intent] No keyword matches found in: 'Đơn vị nào chịu trách nhiệm quản lý hồ sơ'
2026-01-06 09:18:46 | DEBUG    | log:153 | [normalize_query] 'Xem thông tin về chi nhánh đăng ký...' -> 'Xem thông tin về chi nhánh đăng ký...'
2026-01-06 09:18:46 | DEBUG    | log:153 | [perform_hybrid_search] query_text: [Xem thông tin về chi nhánh đăng ký] - formatted_query: [Xem thông tin về chi nhánh đăng ký] - normalized_query: [Xem thông tin về chi nhánh đăng ký]
2026-01-06 09:18:46 | DEBUG    | log:153 | [perform_hybrid_search] BM25 raw scores: min=0.3631, max=30.7757
2026-01-06 09:18:46 | DEBUG    | log:153 | [get_keyword_boost] Query: 'Xem thông tin về chi nhánh đăn...' | Doc: Tra cứu giao dịch th | Boost: 0.25 | Matched: ['chi nhánh']
2026-01-06 09:18:46 | DEBUG    | log:153 | [get_keyword_boost] Query: 'Xem thông tin về chi nhánh đăn...' | Doc: getUserProfile | Tra | Boost: 0.25 | Matched: ['chi nhánh']
2026-01-06 09:18:46 | DEBUG    | log:153 | [classify_query_intent] Ambiguous: 'Xem thông tin về chi nhánh đăn...' | Scores: {'Tra cứu giao dịch theo kênh giao dịch': 1, 'getUserProfile | Tra cứu thông tin CIF': 1}
2026-01-06 09:18:46 | DEBUG    | log:153 | [normalize_query] 'Mã chi nhánh của tôi là bao nhiêu?...' -> 'Mã chi nhánh của tôi là bao nhiêu...'
2026-01-06 09:18:46 | DEBUG    | log:153 | [perform_hybrid_search] query_text: [Mã chi nhánh của tôi là bao nhiêu?] - formatted_query: [Mã chi nhánh của tôi là bao nhiêu] - normalized_query: [Mã chi nhánh của tôi là bao nhiêu]
2026-01-06 09:18:46 | DEBUG    | log:153 | [perform_hybrid_search] BM25 raw scores: min=0.0146, max=15.6011
2026-01-06 09:18:46 | DEBUG    | log:153 | [get_keyword_boost] Query: 'Mã chi nhánh của tôi là bao nh...' | Doc: Tra cứu giao dịch th | Boost: 0.25 | Matched: ['chi nhánh']
2026-01-06 09:18:46 | DEBUG    | log:153 | [get_keyword_boost] Query: 'Mã chi nhánh của tôi là bao nh...' | Doc: Tra cứu chi tiết một | Boost: 0.25 | Matched: ['mã']
2026-01-06 09:18:46 | DEBUG    | log:153 | [get_keyword_boost] Query: 'Mã chi nhánh của tôi là bao nh...' | Doc: getUserProfile | Tra | Boost: 0.50 | Matched: ['chi nhánh', 'mã chi nhánh']
2026-01-06 09:18:46 | DEBUG    | log:153 | [classify_query_intent] Classified: 'Mã chi nhánh của tôi là bao nh...' -> getUserProfile | Tra cứu thông (score=2)
2026-01-06 09:18:46 | DEBUG    | log:153 | [normalize_query] 'Ngày khởi tạo hồ sơ của tôi...' -> 'Ngày khởi tạo hồ sơ của tôi...'
2026-01-06 09:18:46 | DEBUG    | log:153 | [perform_hybrid_search] query_text: [Ngày khởi tạo hồ sơ của tôi] - formatted_query: [Ngày khởi tạo hồ sơ của tôi] - normalized_query: [Ngày khởi tạo hồ sơ của tôi]
2026-01-06 09:18:46 | DEBUG    | log:153 | [perform_hybrid_search] BM25 raw scores: min=0.0096, max=36.3853
2026-01-06 09:18:46 | DEBUG    | log:153 | [get_keyword_boost] Query: 'Ngày khởi tạo hồ sơ của tôi...' | Doc: Tra cứu lịch sử giao | Boost: 0.25 | Matched: ['ngày']
2026-01-06 09:18:46 | DEBUG    | log:153 | [get_keyword_boost] Query: 'Ngày khởi tạo hồ sơ của tôi...' | Doc: getTransactionList | | Boost: 0.25 | Matched: ['ngày']
2026-01-06 09:18:46 | DEBUG    | log:153 | [get_keyword_boost] Query: 'Ngày khởi tạo hồ sơ của tôi...' | Doc: getUserProfile | Tra | Boost: 0.25 | Matched: ['ngày khởi tạo']
2026-01-06 09:18:46 | DEBUG    | log:153 | [classify_query_intent] Ambiguous: 'Ngày khởi tạo hồ sơ của tôi...' | Scores: {'Tra cứu lịch sử giao dịch theo khoảng thời gian': 1, 'getTransactionList | Tra cứu giao dịch chờ duyệt theo khoảng thời gian': 1, 'getUserProfile | Tra cứu thông tin CIF': 1}
2026-01-06 09:18:46 | DEBUG    | log:153 | [normalize_query] 'Hệ thống quản lý CIF của tôi là gì?...' -> 'Hệ thống quản lý cif của tôi là gì...'
2026-01-06 09:18:46 | DEBUG    | log:153 | [perform_hybrid_search] query_text: [Hệ thống quản lý CIF của tôi là gì?] - formatted_query: [Hệ thống quản lý cif của tôi là gì] - normalized_query: [Hệ thống quản lý cif của tôi là gì]
2026-01-06 09:18:46 | DEBUG    | log:153 | [perform_hybrid_search] BM25 raw scores: min=0.0565, max=33.7580
2026-01-06 09:18:46 | DEBUG    | log:153 | [get_keyword_boost] Query: 'Hệ thống quản lý cif của tôi l...' | Doc: getUserProfile | Tra | Boost: 0.25 | Matched: ['hệ thống quản lý']
2026-01-06 09:18:46 | DEBUG    | log:153 | [classify_query_intent] Classified: 'Hệ thống quản lý cif của tôi l...' -> getUserProfile | Tra cứu thông (score=1)
2026-01-06 09:18:46 | DEBUG    | log:153 | [normalize_query] 'Tôi thuộc chi nhánh nào quản lý?...' -> 'Tôi thuộc chi nhánh nào quản lý...'
2026-01-06 09:18:46 | DEBUG    | log:153 | [perform_hybrid_search] query_text: [Tôi thuộc chi nhánh nào quản lý?] - formatted_query: [Tôi thuộc chi nhánh nào quản lý] - normalized_query: [Tôi thuộc chi nhánh nào quản lý]
2026-01-06 09:18:46 | DEBUG    | log:153 | [perform_hybrid_search] BM25 raw scores: min=0.0000, max=52.0241
2026-01-06 09:18:46 | DEBUG    | log:153 | [get_keyword_boost] Query: 'Tôi thuộc chi nhánh nào quản l...' | Doc: Tra cứu giao dịch th | Boost: 0.25 | Matched: ['chi nhánh']
2026-01-06 09:18:46 | DEBUG    | log:153 | [get_keyword_boost] Query: 'Tôi thuộc chi nhánh nào quản l...' | Doc: getUserProfile | Tra | Boost: 0.25 | Matched: ['chi nhánh']
2026-01-06 09:18:46 | DEBUG    | log:153 | [classify_query_intent] Ambiguous: 'Tôi thuộc chi nhánh nào quản l...' | Scores: {'Tra cứu giao dịch theo kênh giao dịch': 1, 'getUserProfile | Tra cứu thông tin CIF': 1}
2026-01-06 09:18:46 | DEBUG    | log:153 | [normalize_query] 'Xem nơi mở hồ sơ khách hàng...' -> 'Xem nơi mở hồ sơ khách hàng...'
2026-01-06 09:18:46 | DEBUG    | log:153 | [perform_hybrid_search] query_text: [Xem nơi mở hồ sơ khách hàng] - formatted_query: [Xem nơi mở hồ sơ khách hàng] - normalized_query: [Xem nơi mở hồ sơ khách hàng]
2026-01-06 09:18:46 | DEBUG    | log:153 | [perform_hybrid_search] BM25 raw scores: min=0.0202, max=51.3369
2026-01-06 09:18:46 | DEBUG    | log:153 | [get_keyword_boost] Query: 'Xem nơi mở hồ sơ khách hàng...' | Doc: getUserProfile | Tra | Boost: 0.25 | Matched: ['nơi mở hồ sơ']
2026-01-06 09:18:46 | DEBUG    | log:153 | [classify_query_intent] Classified: 'Xem nơi mở hồ sơ khách hàng...' -> getUserProfile | Tra cứu thông (score=1)
2026-01-06 09:18:46 | DEBUG    | log:153 | [normalize_query] 'Hồ sơ của tôi được khởi tạo lúc nào?...' -> 'Hồ sơ của tôi được khởi tạo lúc nào...'
2026-01-06 09:18:46 | DEBUG    | log:153 | [perform_hybrid_search] query_text: [Hồ sơ của tôi được khởi tạo lúc nào?] - formatted_query: [Hồ sơ của tôi được khởi tạo lúc nào] - normalized_query: [Hồ sơ của tôi được khởi tạo lúc nào]
2026-01-06 09:18:46 | DEBUG    | log:153 | [perform_hybrid_search] BM25 raw scores: min=0.0109, max=36.4164
2026-01-06 09:18:46 | DEBUG    | log:153 | [classify_query_intent] No keyword matches found in: 'Hồ sơ của tôi được khởi tạo lúc nào'
2026-01-06 09:18:46 | DEBUG    | log:153 | [normalize_query] 'Chi nhánh quản lý hiện tại của tôi...' -> 'Chi nhánh quản lý hiện tại của tôi...'
2026-01-06 09:18:46 | DEBUG    | log:153 | [perform_hybrid_search] query_text: [Chi nhánh quản lý hiện tại của tôi] - formatted_query: [Chi nhánh quản lý hiện tại của tôi] - normalized_query: [Chi nhánh quản lý hiện tại của tôi]
2026-01-06 09:18:46 | DEBUG    | log:153 | [perform_hybrid_search] BM25 raw scores: min=0.0000, max=32.0035
2026-01-06 09:18:46 | DEBUG    | log:153 | [get_keyword_boost] Query: 'Chi nhánh quản lý hiện tại của...' | Doc: Tra cứu giao dịch th | Boost: 0.25 | Matched: ['chi nhánh']
2026-01-06 09:18:46 | DEBUG    | log:153 | [get_keyword_boost] Query: 'Chi nhánh quản lý hiện tại của...' | Doc: getUserProfile | Tra | Boost: 0.50 | Matched: ['chi nhánh', 'chi nhánh quản lý']
2026-01-06 09:18:46 | DEBUG    | log:153 | [classify_query_intent] Classified: 'Chi nhánh quản lý hiện tại của...' -> getUserProfile | Tra cứu thông (score=2)
2026-01-06 09:18:46 | DEBUG    | log:153 | [normalize_query] 'Kiểm tra thông tin CIF và chi nhánh...' -> 'Kiểm tra thông tin cif và chi nhánh...'
2026-01-06 09:18:46 | DEBUG    | log:153 | [perform_hybrid_search] query_text: [Kiểm tra thông tin CIF và chi nhánh] - formatted_query: [Kiểm tra thông tin cif và chi nhánh] - normalized_query: [Kiểm tra thông tin cif và chi nhánh]
2026-01-06 09:18:46 | DEBUG    | log:153 | [perform_hybrid_search] BM25 raw scores: min=0.1767, max=30.3929
2026-01-06 09:18:46 | DEBUG    | log:153 | [get_keyword_boost] Query: 'Kiểm tra thông tin cif và chi ...' | Doc: Tra cứu giao dịch th | Boost: 0.25 | Matched: ['chi nhánh']
2026-01-06 09:18:46 | DEBUG    | log:153 | [get_keyword_boost] Query: 'Kiểm tra thông tin cif và chi ...' | Doc: getUserProfile | Tra | Boost: 0.25 | Matched: ['chi nhánh']
2026-01-06 09:18:46 | DEBUG    | log:153 | [classify_query_intent] Ambiguous: 'Kiểm tra thông tin cif và chi ...' | Scores: {'Tra cứu giao dịch theo kênh giao dịch': 1, 'getUserProfile | Tra cứu thông tin CIF': 1}
2026-01-06 09:18:46 | DEBUG    | log:153 | [normalize_query] 'Hồ sơ của tôi được lưu trữ tại chi nhánh...' -> 'Hồ sơ của tôi được lưu trữ tại chi nhánh...'
2026-01-06 09:18:46 | DEBUG    | log:153 | [perform_hybrid_search] query_text: [Hồ sơ của tôi được lưu trữ tại chi nhánh nào?] - formatted_query: [Hồ sơ của tôi được lưu trữ tại chi nhánh nào] - normalized_query: [Hồ sơ của tôi được lưu trữ tại chi nhánh nào]
2026-01-06 09:18:46 | DEBUG    | log:153 | [perform_hybrid_search] BM25 raw scores: min=0.0109, max=44.4114
2026-01-06 09:18:46 | DEBUG    | log:153 | [get_keyword_boost] Query: 'Hồ sơ của tôi được lưu trữ tại...' | Doc: Tra cứu giao dịch th | Boost: 0.25 | Matched: ['chi nhánh']
2026-01-06 09:18:46 | DEBUG    | log:153 | [get_keyword_boost] Query: 'Hồ sơ của tôi được lưu trữ tại...' | Doc: getUserProfile | Tra | Boost: 0.25 | Matched: ['chi nhánh']
2026-01-06 09:18:46 | DEBUG    | log:153 | [classify_query_intent] Ambiguous: 'Hồ sơ của tôi được lưu trữ tại...' | Scores: {'Tra cứu giao dịch theo kênh giao dịch': 1, 'getUserProfile | Tra cứu thông tin CIF': 1}
2026-01-06 09:18:46 | DEBUG    | log:153 | [normalize_query] 'Cho tôi biết ngày đăng ký CIF...' -> 'Cho tôi biết ngày đăng ký cif...'
2026-01-06 09:18:46 | DEBUG    | log:153 | [perform_hybrid_search] query_text: [Cho tôi biết ngày đăng ký CIF] - formatted_query: [Cho tôi biết ngày đăng ký cif] - normalized_query: [Cho tôi biết ngày đăng ký cif]
2026-01-06 09:18:46 | DEBUG    | log:153 | [perform_hybrid_search] BM25 raw scores: min=0.0000, max=16.8669
2026-01-06 09:18:46 | DEBUG    | log:153 | [get_keyword_boost] Query: 'Cho tôi biết ngày đăng ký cif...' | Doc: Tra cứu lịch sử giao | Boost: 0.25 | Matched: ['ngày']
2026-01-06 09:18:46 | DEBUG    | log:153 | [get_keyword_boost] Query: 'Cho tôi biết ngày đăng ký cif...' | Doc: getTransactionList | | Boost: 0.25 | Matched: ['ngày']
2026-01-06 09:18:46 | DEBUG    | log:153 | [classify_query_intent] Ambiguous: 'Cho tôi biết ngày đăng ký cif...' | Scores: {'Tra cứu lịch sử giao dịch theo khoảng thời gian': 1, 'getTransactionList | Tra cứu giao dịch chờ duyệt theo khoảng thời gian': 1}
2026-01-06 09:18:46 | DEBUG    | log:153 | [normalize_query] 'Mã chi nhánh nơi tôi mở tài khoản...' -> 'Mã chi nhánh nơi tôi mở tài khoản...'
2026-01-06 09:18:46 | DEBUG    | log:153 | [perform_hybrid_search] query_text: [Mã chi nhánh nơi tôi mở tài khoản] - formatted_query: [Mã chi nhánh nơi tôi mở tài khoản] - normalized_query: [Mã chi nhánh nơi tôi mở tài khoản]
2026-01-06 09:18:46 | DEBUG    | log:153 | [perform_hybrid_search] BM25 raw scores: min=0.0000, max=25.7928
2026-01-06 09:18:46 | DEBUG    | log:153 | [get_keyword_boost] Query: 'Mã chi nhánh nơi tôi mở tài kh...' | Doc: Tra cứu lịch sử giao | Boost: 0.25 | Matched: ['tài khoản']
2026-01-06 09:18:46 | DEBUG    | log:153 | [get_keyword_boost] Query: 'Mã chi nhánh nơi tôi mở tài kh...' | Doc: Tra cứu giao dịch th | Boost: 0.25 | Matched: ['chi nhánh']
2026-01-06 09:18:46 | DEBUG    | log:153 | [get_keyword_boost] Query: 'Mã chi nhánh nơi tôi mở tài kh...' | Doc: Tra cứu chi tiết một | Boost: 0.25 | Matched: ['mã']
2026-01-06 09:18:46 | DEBUG    | log:153 | [get_keyword_boost] Query: 'Mã chi nhánh nơi tôi mở tài kh...' | Doc: getTransactionList | | Boost: 0.25 | Matched: ['tài khoản']
2026-01-06 09:18:46 | DEBUG    | log:153 | [get_keyword_boost] Query: 'Mã chi nhánh nơi tôi mở tài kh...' | Doc: getUserProfile | Tra | Boost: 0.50 | Matched: ['chi nhánh', 'mã chi nhánh']
2026-01-06 09:18:46 | DEBUG    | log:153 | [classify_query_intent] Classified: 'Mã chi nhánh nơi tôi mở tài kh...' -> getUserProfile | Tra cứu thông (score=2)
2026-01-06 09:18:46 | DEBUG    | log:153 | [normalize_query] 'Hồ sơ khách hàng do phòng giao dịch nào ...' -> 'Hồ sơ khách hàng do phòng giao dịch nào ...'
2026-01-06 09:18:46 | DEBUG    | log:153 | [perform_hybrid_search] query_text: [Hồ sơ khách hàng do phòng giao dịch nào quản lý?] - formatted_query: [Hồ sơ khách hàng do phòng giao dịch nào quản lý] - normalized_query: [Hồ sơ khách hàng do phòng giao dịch nào quản lý]
2026-01-06 09:18:46 | DEBUG    | log:153 | [perform_hybrid_search] BM25 raw scores: min=0.6106, max=70.4924
2026-01-06 09:18:46 | DEBUG    | log:153 | [get_keyword_boost] Query: 'Hồ sơ khách hàng do phòng giao...' | Doc: getUserProfile | Tra | Boost: 0.25 | Matched: ['phòng giao dịch']
2026-01-06 09:18:46 | DEBUG    | log:153 | [classify_query_intent] Classified: 'Hồ sơ khách hàng do phòng giao...' -> getUserProfile | Tra cứu thông (score=1)
2026-01-06 09:18:46 | DEBUG    | log:153 | [normalize_query] 'xem profile tui...' -> 'Xem profile tui...'
2026-01-06 09:18:46 | DEBUG    | log:153 | [perform_hybrid_search] query_text: [xem profile tui] - formatted_query: [Xem profile tui] - normalized_query: [Xem profile tui]
2026-01-06 09:18:46 | DEBUG    | log:153 | [perform_hybrid_search] BM25 raw scores: min=0.0000, max=10.9719
2026-01-06 09:18:46 | DEBUG    | log:153 | [get_keyword_boost] Query: 'Xem profile tui...' | Doc: getUserProfile | Tra | Boost: 0.50 | Matched: ['profile', 'xem profile']
2026-01-06 09:18:46 | DEBUG    | log:153 | [classify_query_intent] Classified: 'Xem profile tui...' -> getUserProfile | Tra cứu thông (score=2)
2026-01-06 09:18:46 | DEBUG    | log:153 | [normalize_query] 'cho coi thong tin ca nhan...' -> 'Cho coi thong tin ca nhan...'
2026-01-06 09:18:46 | DEBUG    | log:153 | [perform_hybrid_search] query_text: [cho coi thong tin ca nhan] - formatted_query: [Cho coi thong tin ca nhan] - normalized_query: [Cho coi thong tin ca nhan]
2026-01-06 09:18:46 | DEBUG    | log:153 | [perform_hybrid_search] BM25 raw scores: min=0.0000, max=6.9032
2026-01-06 09:18:46 | DEBUG    | log:153 | [classify_query_intent] No keyword matches found in: 'Cho coi thong tin ca nhan'
2026-01-06 09:18:46 | DEBUG    | log:153 | [normalize_query] 'check pro tui cai...' -> 'Check pro tui cai...'
2026-01-06 09:18:46 | DEBUG    | log:153 | [perform_hybrid_search] query_text: [check pro tui cai] - formatted_query: [Check pro tui cai] - normalized_query: [Check pro tui cai]
2026-01-06 09:18:46 | DEBUG    | log:153 | [perform_hybrid_search] BM25 raw scores: min=0.0000, max=1.6657
2026-01-06 09:18:46 | DEBUG    | log:153 | [get_keyword_boost] Query: 'Check pro tui cai...' | Doc: Tra cứu giao dịch ch | Boost: 0.25 | Matched: ['ck']
2026-01-06 09:18:46 | DEBUG    | log:153 | [classify_query_intent] Classified: 'Check pro tui cai...' -> Tra cứu giao dịch chuyển tiền (score=1)
2026-01-06 09:18:46 | DEBUG    | log:153 | [normalize_query] 'ten tui la gi vay...' -> 'Ten tui la gi vay...'
2026-01-06 09:18:46 | DEBUG    | log:153 | [perform_hybrid_search] query_text: [ten tui la gi vay] - formatted_query: [Ten tui la gi vay] - normalized_query: [Ten tui la gi vay]
2026-01-06 09:18:46 | DEBUG    | log:153 | [perform_hybrid_search] BM25 raw scores: min=0.0000, max=7.5753
2026-01-06 09:18:46 | DEBUG    | log:153 | [classify_query_intent] No keyword matches found in: 'Ten tui la gi vay'
2026-01-06 09:18:46 | DEBUG    | log:153 | [normalize_query] 'ngay sinh ntn nhi...' -> 'Ngay sinh ntn nhi...'
2026-01-06 09:18:46 | DEBUG    | log:153 | [perform_hybrid_search] query_text: [ngay sinh ntn nhi] - formatted_query: [Ngay sinh ntn nhi] - normalized_query: [Ngay sinh ntn nhi]
2026-01-06 09:18:46 | DEBUG    | log:153 | [perform_hybrid_search] BM25 raw scores: min=0.0000, max=7.1405
2026-01-06 09:18:46 | DEBUG    | log:153 | [classify_query_intent] No keyword matches found in: 'Ngay sinh ntn nhi'
2026-01-06 09:18:46 | DEBUG    | log:153 | [normalize_query] 'quoc tich j do...' -> 'Quoc tich j do...'
2026-01-06 09:18:46 | DEBUG    | log:153 | [perform_hybrid_search] query_text: [quoc tich j do] - formatted_query: [Quoc tich j do] - normalized_query: [Quoc tich j do]
2026-01-06 09:18:46 | DEBUG    | log:153 | [perform_hybrid_search] BM25 raw scores: min=0.0000, max=10.9834
2026-01-06 09:18:46 | DEBUG    | log:153 | [classify_query_intent] No keyword matches found in: 'Quoc tich j do'
2026-01-06 09:18:46 | DEBUG    | log:153 | [normalize_query] 'gioi tinh tui la nam hay nu...' -> 'Gioi tinh tui la nam hay nu...'
2026-01-06 09:18:46 | DEBUG    | log:153 | [perform_hybrid_search] query_text: [gioi tinh tui la nam hay nu] - formatted_query: [Gioi tinh tui la nam hay nu] - normalized_query: [Gioi tinh tui la nam hay nu]
2026-01-06 09:18:46 | DEBUG    | log:153 | [perform_hybrid_search] BM25 raw scores: min=0.0000, max=10.7001
2026-01-06 09:18:46 | DEBUG    | log:153 | [get_keyword_boost] Query: 'Gioi tinh tui la nam hay nu...' | Doc: getUserProfile | Tra | Boost: 0.25 | Matched: ['nam']
2026-01-06 09:18:46 | DEBUG    | log:153 | [classify_query_intent] Classified: 'Gioi tinh tui la nam hay nu...' -> getUserProfile | Tra cứu thông (score=1)
2026-01-06 09:18:46 | DEBUG    | log:153 | [normalize_query] 'xem thong tin user...' -> 'Xem thong tin user...'
2026-01-06 09:18:46 | DEBUG    | log:153 | [perform_hybrid_search] query_text: [xem thong tin user] - formatted_query: [Xem thong tin user] - normalized_query: [Xem thong tin user]
2026-01-06 09:18:46 | DEBUG    | log:153 | [perform_hybrid_search] BM25 raw scores: min=0.0000, max=20.6853
2026-01-06 09:18:46 | DEBUG    | log:153 | [get_keyword_boost] Query: 'Xem thong tin user...' | Doc: getUserProfile | Tra | Boost: 0.25 | Matched: ['user']
2026-01-06 09:18:46 | DEBUG    | log:153 | [classify_query_intent] Classified: 'Xem thong tin user...' -> getUserProfile | Tra cứu thông (score=1)
2026-01-06 09:18:46 | DEBUG    | log:153 | [normalize_query] 'hồ sơ cá nhân xem ntn...' -> 'Hồ sơ cá nhân xem ntn...'
2026-01-06 09:18:46 | DEBUG    | log:153 | [perform_hybrid_search] query_text: [hồ sơ cá nhân xem ntn] - formatted_query: [Hồ sơ cá nhân xem ntn] - normalized_query: [Hồ sơ cá nhân xem ntn]
2026-01-06 09:18:46 | DEBUG    | log:153 | [perform_hybrid_search] BM25 raw scores: min=0.0202, max=44.7370
2026-01-06 09:18:46 | DEBUG    | log:153 | [get_keyword_boost] Query: 'Hồ sơ cá nhân xem ntn...' | Doc: getUserProfile | Tra | Boost: 0.25 | Matched: ['hồ sơ cá nhân']
2026-01-06 09:18:46 | DEBUG    | log:153 | [classify_query_intent] Classified: 'Hồ sơ cá nhân xem ntn...' -> getUserProfile | Tra cứu thông (score=1)
2026-01-06 09:18:46 | DEBUG    | log:153 | [normalize_query] 'check thong tin ca nhan tui...' -> 'Check thong tin ca nhan tui...'
2026-01-06 09:18:46 | DEBUG    | log:153 | [perform_hybrid_search] query_text: [check thong tin ca nhan tui] - formatted_query: [Check thong tin ca nhan tui] - normalized_query: [Check thong tin ca nhan tui]
2026-01-06 09:18:46 | DEBUG    | log:153 | [perform_hybrid_search] BM25 raw scores: min=0.0000, max=6.9032
2026-01-06 09:18:46 | DEBUG    | log:153 | [get_keyword_boost] Query: 'Check thong tin ca nhan tui...' | Doc: Tra cứu giao dịch ch | Boost: 0.25 | Matched: ['ck']
2026-01-06 09:18:46 | DEBUG    | log:153 | [classify_query_intent] Classified: 'Check thong tin ca nhan tui...' -> Tra cứu giao dịch chuyển tiền (score=1)
2026-01-06 09:18:46 | DEBUG    | log:153 | [normalize_query] 'tui ten gi...' -> 'Tui ten gi...'
2026-01-06 09:18:46 | DEBUG    | log:153 | [perform_hybrid_search] query_text: [tui ten gi] - formatted_query: [Tui ten gi] - normalized_query: [Tui ten gi]
2026-01-06 09:18:46 | DEBUG    | log:153 | [perform_hybrid_search] BM25 raw scores: min=0.0000, max=7.5753
2026-01-06 09:18:46 | DEBUG    | log:153 | [classify_query_intent] No keyword matches found in: 'Tui ten gi'
2026-01-06 09:18:46 | DEBUG    | log:153 | [normalize_query] 'sinh ngay bao nhieu vay...' -> 'Sinh ngay bao nhieu vay...'
2026-01-06 09:18:46 | DEBUG    | log:153 | [perform_hybrid_search] query_text: [sinh ngay bao nhieu vay] - formatted_query: [Sinh ngay bao nhieu vay] - normalized_query: [Sinh ngay bao nhieu vay]
2026-01-06 09:18:46 | DEBUG    | log:153 | [perform_hybrid_search] BM25 raw scores: min=0.0098, max=10.1866
2026-01-06 09:18:46 | DEBUG    | log:153 | [classify_query_intent] No keyword matches found in: 'Sinh ngay bao nhieu vay'
2026-01-06 09:18:46 | DEBUG    | log:153 | [normalize_query] 'thong tin tui tren he thong...' -> 'Thong tin tui tren he thong...'
2026-01-06 09:18:46 | DEBUG    | log:153 | [perform_hybrid_search] query_text: [thong tin tui tren he thong] - formatted_query: [Thong tin tui tren he thong] - normalized_query: [Thong tin tui tren he thong]
2026-01-06 09:18:46 | DEBUG    | log:153 | [perform_hybrid_search] BM25 raw scores: min=0.0000, max=3.8386
2026-01-06 09:18:46 | DEBUG    | log:153 | [classify_query_intent] No keyword matches found in: 'Thong tin tui tren he thong'
2026-01-06 09:18:46 | DEBUG    | log:153 | [normalize_query] 'show profile...' -> 'Show profile...'
2026-01-06 09:18:46 | DEBUG    | log:153 | [perform_hybrid_search] query_text: [show profile] - formatted_query: [Show profile] - normalized_query: [Show profile]
2026-01-06 09:18:46 | DEBUG    | log:153 | [perform_hybrid_search] BM25 raw scores: min=0.0000, max=2.9367
2026-01-06 09:18:46 | DEBUG    | log:153 | [get_keyword_boost] Query: 'Show profile...' | Doc: getUserProfile | Tra | Boost: 0.25 | Matched: ['profile']
2026-01-06 09:18:46 | DEBUG    | log:153 | [classify_query_intent] Classified: 'Show profile...' -> getUserProfile | Tra cứu thông (score=1)
2026-01-06 09:18:46 | DEBUG    | log:153 | [normalize_query] 'profile tui co j...' -> 'Profile tui co j...'
2026-01-06 09:18:46 | DEBUG    | log:153 | [perform_hybrid_search] query_text: [profile tui co j] - formatted_query: [Profile tui co j] - normalized_query: [Profile tui co j]
2026-01-06 09:18:47 | DEBUG    | log:153 | [perform_hybrid_search] BM25 raw scores: min=0.0000, max=4.2836
2026-01-06 09:18:47 | DEBUG    | log:153 | [get_keyword_boost] Query: 'Profile tui co j...' | Doc: getUserProfile | Tra | Boost: 0.25 | Matched: ['profile']
2026-01-06 09:18:47 | DEBUG    | log:153 | [classify_query_intent] Classified: 'Profile tui co j...' -> getUserProfile | Tra cứu thông (score=1)
2026-01-06 09:18:47 | DEBUG    | log:153 | [normalize_query] 'xem ngay sinh va ho ten...' -> 'Xem ngay sinh va ho ten...'
2026-01-06 09:18:47 | DEBUG    | log:153 | [perform_hybrid_search] query_text: [xem ngay sinh va ho ten] - formatted_query: [Xem ngay sinh va ho ten] - normalized_query: [Xem ngay sinh va ho ten]
2026-01-06 09:18:47 | DEBUG    | log:153 | [perform_hybrid_search] BM25 raw scores: min=0.0000, max=17.5002
2026-01-06 09:18:47 | DEBUG    | log:153 | [classify_query_intent] No keyword matches found in: 'Xem ngay sinh va ho ten'
2026-01-06 09:18:47 | DEBUG    | log:153 | [normalize_query] 'check ho so...' -> 'Check ho so...'
2026-01-06 09:18:47 | DEBUG    | log:153 | [perform_hybrid_search] query_text: [check ho so] - formatted_query: [Check ho so] - normalized_query: [Check ho so]
2026-01-06 09:18:47 | DEBUG    | log:153 | [perform_hybrid_search] BM25 raw scores: min=0.0095, max=3.0467
2026-01-06 09:18:47 | DEBUG    | log:153 | [get_keyword_boost] Query: 'Check ho so...' | Doc: Tra cứu giao dịch ch | Boost: 0.25 | Matched: ['ck']
2026-01-06 09:18:47 | DEBUG    | log:153 | [classify_query_intent] Classified: 'Check ho so...' -> Tra cứu giao dịch chuyển tiền (score=1)
2026-01-06 09:18:47 | DEBUG    | log:153 | [normalize_query] 'thong tin ca nhan cua tui...' -> 'Thong tin ca nhan cua tui...'
2026-01-06 09:18:47 | DEBUG    | log:153 | [perform_hybrid_search] query_text: [thong tin ca nhan cua tui] - formatted_query: [Thong tin ca nhan cua tui] - normalized_query: [Thong tin ca nhan cua tui]
2026-01-06 09:18:47 | DEBUG    | log:153 | [perform_hybrid_search] BM25 raw scores: min=0.0000, max=6.9032
2026-01-06 09:18:47 | DEBUG    | log:153 | [classify_query_intent] No keyword matches found in: 'Thong tin ca nhan cua tui'
2026-01-06 09:18:47 | DEBUG    | log:153 | [normalize_query] 'tui la ai...' -> 'Tui la ai...'
2026-01-06 09:18:47 | DEBUG    | log:153 | [perform_hybrid_search] query_text: [tui la ai] - formatted_query: [Tui la ai] - normalized_query: [Tui la ai]
2026-01-06 09:18:47 | DEBUG    | log:153 | [perform_hybrid_search] BM25 raw scores: min=0.0000, max=2.0407
2026-01-06 09:18:47 | DEBUG    | log:153 | [classify_query_intent] No keyword matches found in: 'Tui la ai'
2026-01-06 09:18:47 | DEBUG    | log:153 | [normalize_query] 'ho ten ngay sinh xem o dau...' -> 'Ho ten ngay sinh xem o dau...'
2026-01-06 09:18:47 | DEBUG    | log:153 | [perform_hybrid_search] query_text: [ho ten ngay sinh xem o dau] - formatted_query: [Ho ten ngay sinh xem o dau] - normalized_query: [Ho ten ngay sinh xem o dau]
2026-01-06 09:18:47 | DEBUG    | log:153 | [perform_hybrid_search] BM25 raw scores: min=0.0000, max=17.5002
2026-01-06 09:18:47 | DEBUG    | log:153 | [classify_query_intent] No keyword matches found in: 'Ho ten ngay sinh xem o dau'
2026-01-06 09:18:47 | DEBUG    | log:153 | [normalize_query] 'quoc tich tui dang de la j...' -> 'Quoc tich tui dang de la j...'
2026-01-06 09:18:47 | DEBUG    | log:153 | [perform_hybrid_search] query_text: [quoc tich tui dang de la j] - formatted_query: [Quoc tich tui dang de la j] - normalized_query: [Quoc tich tui dang de la j]
2026-01-06 09:18:47 | DEBUG    | log:153 | [perform_hybrid_search] BM25 raw scores: min=0.0085, max=10.9953
2026-01-06 09:18:47 | DEBUG    | log:153 | [classify_query_intent] No keyword matches found in: 'Quoc tich tui dang de la j'
2026-01-06 09:18:47 | DEBUG    | log:153 | [normalize_query] 'tui gioi tinh j nhi...' -> 'Tui gioi tinh j nhi...'
2026-01-06 09:18:47 | DEBUG    | log:153 | [perform_hybrid_search] query_text: [tui gioi tinh j nhi] - formatted_query: [Tui gioi tinh j nhi] - normalized_query: [Tui gioi tinh j nhi]
2026-01-06 09:18:47 | DEBUG    | log:153 | [perform_hybrid_search] BM25 raw scores: min=0.0000, max=7.9493
2026-01-06 09:18:47 | DEBUG    | log:153 | [classify_query_intent] No keyword matches found in: 'Tui gioi tinh j nhi'
2026-01-06 09:18:47 | DEBUG    | log:153 | [normalize_query] 'check ngay thang nam sinh...' -> 'Check ngay thang nam sinh...'
2026-01-06 09:18:47 | DEBUG    | log:153 | [perform_hybrid_search] query_text: [check ngay thang nam sinh] - formatted_query: [Check ngay thang nam sinh] - normalized_query: [Check ngay thang nam sinh]
2026-01-06 09:18:47 | DEBUG    | log:153 | [perform_hybrid_search] BM25 raw scores: min=0.0000, max=9.9464
2026-01-06 09:18:47 | DEBUG    | log:153 | [get_keyword_boost] Query: 'Check ngay thang nam sinh...' | Doc: Tra cứu giao dịch ch | Boost: 0.25 | Matched: ['ck']
2026-01-06 09:18:47 | DEBUG    | log:153 | [get_keyword_boost] Query: 'Check ngay thang nam sinh...' | Doc: getUserProfile | Tra | Boost: 0.25 | Matched: ['nam']
2026-01-06 09:18:47 | DEBUG    | log:153 | [classify_query_intent] Ambiguous: 'Check ngay thang nam sinh...' | Scores: {'Tra cứu giao dịch chuyển tiền': 1, 'getUserProfile | Tra cứu thông tin cá nhân cơ bản': 1}
2026-01-06 09:18:47 | DEBUG    | log:153 | [normalize_query] 'profile user tui...' -> 'Profile user tui...'
2026-01-06 09:18:47 | DEBUG    | log:153 | [perform_hybrid_search] query_text: [profile user tui] - formatted_query: [Profile user tui] - normalized_query: [Profile user tui]
2026-01-06 09:18:47 | DEBUG    | log:153 | [perform_hybrid_search] BM25 raw scores: min=0.0000, max=5.8735
2026-01-06 09:18:47 | DEBUG    | log:153 | [get_keyword_boost] Query: 'Profile user tui...' | Doc: getUserProfile | Tra | Boost: 0.50 | Matched: ['profile', 'user']
2026-01-06 09:18:47 | DEBUG    | log:153 | [classify_query_intent] Classified: 'Profile user tui...' -> getUserProfile | Tra cứu thông (score=2)
2026-01-06 09:18:47 | DEBUG    | log:153 | [normalize_query] 'thong tin ca nhan cua minh...' -> 'Thong tin ca nhan cua minh...'
2026-01-06 09:18:47 | DEBUG    | log:153 | [perform_hybrid_search] query_text: [thong tin ca nhan cua minh] - formatted_query: [Thong tin ca nhan cua minh] - normalized_query: [Thong tin ca nhan cua minh]
2026-01-06 09:18:47 | DEBUG    | log:153 | [perform_hybrid_search] BM25 raw scores: min=0.0000, max=9.8399
2026-01-06 09:18:47 | DEBUG    | log:153 | [classify_query_intent] No keyword matches found in: 'Thong tin ca nhan cua minh'
2026-01-06 09:18:47 | DEBUG    | log:153 | [normalize_query] 'cho xem thong tin ca nhan...' -> 'Cho xem thong tin ca nhan...'
2026-01-06 09:18:47 | DEBUG    | log:153 | [perform_hybrid_search] query_text: [cho xem thong tin ca nhan] - formatted_query: [Cho xem thong tin ca nhan] - normalized_query: [Cho xem thong tin ca nhan]
2026-01-06 09:18:47 | DEBUG    | log:153 | [perform_hybrid_search] BM25 raw scores: min=0.3147, max=20.3540
2026-01-06 09:18:47 | DEBUG    | log:153 | [classify_query_intent] No keyword matches found in: 'Cho xem thong tin ca nhan'
2026-01-06 09:18:47 | DEBUG    | log:153 | [normalize_query] 'ten va ngay sinh tui...' -> 'Ten va ngay sinh tui...'
2026-01-06 09:18:47 | DEBUG    | log:153 | [perform_hybrid_search] query_text: [ten va ngay sinh tui] - formatted_query: [Ten va ngay sinh tui] - normalized_query: [Ten va ngay sinh tui]
2026-01-06 09:18:47 | DEBUG    | log:153 | [perform_hybrid_search] BM25 raw scores: min=0.0000, max=10.1546
2026-01-06 09:18:47 | DEBUG    | log:153 | [classify_query_intent] No keyword matches found in: 'Ten va ngay sinh tui'
2026-01-06 09:18:47 | DEBUG    | log:153 | [normalize_query] 'kiem tra thong tin ho so...' -> 'Kiem tra thong tin ho so...'
2026-01-06 09:18:47 | DEBUG    | log:153 | [perform_hybrid_search] query_text: [kiem tra thong tin ho so] - formatted_query: [Kiem tra thong tin ho so] - normalized_query: [Kiem tra thong tin ho so]
2026-01-06 09:18:47 | DEBUG    | log:153 | [perform_hybrid_search] BM25 raw scores: min=0.2115, max=18.3413
2026-01-06 09:18:47 | DEBUG    | log:153 | [classify_query_intent] No keyword matches found in: 'Kiem tra thong tin ho so'
2026-01-06 09:18:47 | DEBUG    | log:153 | [normalize_query] 'ho so tui dang active k...' -> 'Ho so tui dang active k...'
2026-01-06 09:18:47 | DEBUG    | log:153 | [perform_hybrid_search] query_text: [ho so tui dang active k] - formatted_query: [Ho so tui dang active k] - normalized_query: [Ho so tui dang active k]
2026-01-06 09:18:47 | DEBUG    | log:153 | [perform_hybrid_search] BM25 raw scores: min=0.0190, max=4.6023
2026-01-06 09:18:47 | DEBUG    | log:153 | [get_keyword_boost] Query: 'Ho so tui dang active k...' | Doc: getUserProfile | Kiể | Boost: 0.25 | Matched: ['active']
2026-01-06 09:18:47 | DEBUG    | log:153 | [classify_query_intent] Classified: 'Ho so tui dang active k...' -> getUserProfile | Kiểm tra trạn (score=1)
2026-01-06 09:18:47 | DEBUG    | log:153 | [normalize_query] 'trang thai ho so tui...' -> 'Trang thai ho so tui...'
2026-01-06 09:18:47 | DEBUG    | log:153 | [perform_hybrid_search] query_text: [trang thai ho so tui] - formatted_query: [Trang thai ho so tui] - normalized_query: [Trang thai ho so tui]
2026-01-06 09:18:47 | DEBUG    | log:153 | [perform_hybrid_search] BM25 raw scores: min=0.0109, max=6.2334
2026-01-06 09:18:47 | DEBUG    | log:153 | [classify_query_intent] No keyword matches found in: 'Trang thai ho so tui'
2026-01-06 09:18:47 | DEBUG    | log:153 | [normalize_query] 'coi thong tin ca nhan...' -> 'Coi thong tin ca nhan...'
2026-01-06 09:18:47 | DEBUG    | log:153 | [perform_hybrid_search] query_text: [coi thong tin ca nhan] - formatted_query: [Coi thong tin ca nhan] - normalized_query: [Coi thong tin ca nhan]
2026-01-06 09:18:47 | DEBUG    | log:153 | [perform_hybrid_search] BM25 raw scores: min=0.0000, max=6.9032
2026-01-06 09:18:47 | DEBUG    | log:153 | [classify_query_intent] No keyword matches found in: 'Coi thong tin ca nhan'
2026-01-06 09:18:47 | DEBUG    | log:153 | [normalize_query] 'user info tui...' -> 'User info tui...'
2026-01-06 09:18:47 | DEBUG    | log:153 | [perform_hybrid_search] query_text: [user info tui] - formatted_query: [User info tui] - normalized_query: [User info tui]
2026-01-06 09:18:47 | DEBUG    | log:153 | [perform_hybrid_search] BM25 raw scores: min=0.0000, max=2.9367
2026-01-06 09:18:47 | DEBUG    | log:153 | [get_keyword_boost] Query: 'User info tui...' | Doc: getUserProfile | Tra | Boost: 0.25 | Matched: ['user']
2026-01-06 09:18:47 | DEBUG    | log:153 | [classify_query_intent] Classified: 'User info tui...' -> getUserProfile | Tra cứu thông (score=1)
2026-01-06 09:18:47 | DEBUG    | log:153 | [normalize_query] 'thong tin ca nhan ntn...' -> 'Thong tin ca nhan ntn...'
2026-01-06 09:18:47 | DEBUG    | log:153 | [perform_hybrid_search] query_text: [thong tin ca nhan ntn] - formatted_query: [Thong tin ca nhan ntn] - normalized_query: [Thong tin ca nhan ntn]
2026-01-06 09:18:47 | DEBUG    | log:153 | [perform_hybrid_search] BM25 raw scores: min=0.0000, max=6.9032
2026-01-06 09:18:47 | DEBUG    | log:153 | [classify_query_intent] No keyword matches found in: 'Thong tin ca nhan ntn'
2026-01-06 09:18:47 | DEBUG    | log:153 | [normalize_query] 'ten tui tren app...' -> 'Ten tui tren app...'
2026-01-06 09:18:47 | DEBUG    | log:153 | [perform_hybrid_search] query_text: [ten tui tren app] - formatted_query: [Ten tui tren app] - normalized_query: [Ten tui tren app]
2026-01-06 09:18:47 | DEBUG    | log:153 | [perform_hybrid_search] BM25 raw scores: min=0.0000, max=3.9220
2026-01-06 09:18:47 | DEBUG    | log:153 | [classify_query_intent] No keyword matches found in: 'Ten tui tren app'
2026-01-06 09:18:47 | DEBUG    | log:153 | [normalize_query] 'ngay sinh cua tui la ngay nao...' -> 'Ngay sinh cua tui la ngay nao...'
2026-01-06 09:18:47 | DEBUG    | log:153 | [perform_hybrid_search] query_text: [ngay sinh cua tui la ngay nao] - formatted_query: [Ngay sinh cua tui la ngay nao] - normalized_query: [Ngay sinh cua tui la ngay nao]
2026-01-06 09:18:47 | DEBUG    | log:153 | [perform_hybrid_search] BM25 raw scores: min=0.0000, max=10.0772
2026-01-06 09:18:47 | DEBUG    | log:153 | [classify_query_intent] No keyword matches found in: 'Ngay sinh cua tui la ngay nao'
2026-01-06 09:18:47 | DEBUG    | log:153 | [normalize_query] 'quoc tich nao vay...' -> 'Quoc tich nao vay...'
2026-01-06 09:18:47 | DEBUG    | log:153 | [perform_hybrid_search] query_text: [quoc tich nao vay] - formatted_query: [Quoc tich nao vay] - normalized_query: [Quoc tich nao vay]
2026-01-06 09:18:47 | DEBUG    | log:153 | [perform_hybrid_search] BM25 raw scores: min=0.0000, max=13.9202
2026-01-06 09:18:47 | DEBUG    | log:153 | [classify_query_intent] No keyword matches found in: 'Quoc tich nao vay'
2026-01-06 09:18:47 | DEBUG    | log:153 | [normalize_query] 'gioi tinh j day...' -> 'Gioi tinh j day...'
2026-01-06 09:18:47 | DEBUG    | log:153 | [perform_hybrid_search] query_text: [gioi tinh j day] - formatted_query: [Gioi tinh j day] - normalized_query: [Gioi tinh j day]
2026-01-06 09:18:47 | DEBUG    | log:153 | [perform_hybrid_search] BM25 raw scores: min=0.0000, max=7.9493
2026-01-06 09:18:47 | DEBUG    | log:153 | [classify_query_intent] No keyword matches found in: 'Gioi tinh j day'
2026-01-06 09:18:47 | DEBUG    | log:153 | [normalize_query] 'xem thong tin dang ky...' -> 'Xem thong tin dang ky...'
2026-01-06 09:18:47 | DEBUG    | log:153 | [perform_hybrid_search] query_text: [xem thong tin dang ky] - formatted_query: [Xem thong tin dang ky] - normalized_query: [Xem thong tin dang ky]
2026-01-06 09:18:47 | DEBUG    | log:153 | [perform_hybrid_search] BM25 raw scores: min=0.0146, max=17.6943
2026-01-06 09:18:47 | DEBUG    | log:153 | [classify_query_intent] No keyword matches found in: 'Xem thong tin dang ky'
2026-01-06 09:18:47 | DEBUG    | log:153 | [normalize_query] 'profile cua tui...' -> 'Profile cua tui...'
2026-01-06 09:18:47 | DEBUG    | log:153 | [perform_hybrid_search] query_text: [profile cua tui] - formatted_query: [Profile cua tui] - normalized_query: [Profile cua tui]
2026-01-06 09:18:47 | DEBUG    | log:153 | [perform_hybrid_search] BM25 raw scores: min=0.0000, max=2.9367
2026-01-06 09:18:47 | DEBUG    | log:153 | [get_keyword_boost] Query: 'Profile cua tui...' | Doc: getUserProfile | Tra | Boost: 0.25 | Matched: ['profile']
2026-01-06 09:18:47 | DEBUG    | log:153 | [classify_query_intent] Classified: 'Profile cua tui...' -> getUserProfile | Tra cứu thông (score=1)
2026-01-06 09:18:47 | DEBUG    | log:153 | [normalize_query] 'check thong tin phat...' -> 'Check thong tin phat...'
2026-01-06 09:18:47 | DEBUG    | log:153 | [perform_hybrid_search] query_text: [check thong tin phat] - formatted_query: [Check thong tin phat] - normalized_query: [Check thong tin phat]
2026-01-06 09:18:47 | DEBUG    | log:153 | [perform_hybrid_search] BM25 raw scores: min=0.0000, max=1.4862
2026-01-06 09:18:47 | DEBUG    | log:153 | [get_keyword_boost] Query: 'Check thong tin phat...' | Doc: Tra cứu giao dịch ch | Boost: 0.25 | Matched: ['ck']
2026-01-06 09:18:47 | DEBUG    | log:153 | [classify_query_intent] Classified: 'Check thong tin phat...' -> Tra cứu giao dịch chuyển tiền (score=1)
2026-01-06 09:18:47 | DEBUG    | log:153 | [normalize_query] 'ten tui ghi ntn...' -> 'Ten tui ghi ntn...'
2026-01-06 09:18:47 | DEBUG    | log:153 | [perform_hybrid_search] query_text: [ten tui ghi ntn] - formatted_query: [Ten tui ghi ntn] - normalized_query: [Ten tui ghi ntn]
2026-01-06 09:18:47 | DEBUG    | log:153 | [perform_hybrid_search] BM25 raw scores: min=0.0000, max=4.5313
2026-01-06 09:18:47 | DEBUG    | log:153 | [classify_query_intent] No keyword matches found in: 'Ten tui ghi ntn'
2026-01-06 09:18:47 | DEBUG    | log:153 | [normalize_query] 'sinh nhat tui ngay may...' -> 'Sinh nhat tui ngay may...'
2026-01-06 09:18:47 | DEBUG    | log:153 | [perform_hybrid_search] query_text: [sinh nhat tui ngay may] - formatted_query: [Sinh nhat tui ngay may] - normalized_query: [Sinh nhat tui ngay may]
2026-01-06 09:18:47 | DEBUG    | log:153 | [perform_hybrid_search] BM25 raw scores: min=0.0000, max=6.1389
2026-01-06 09:18:47 | DEBUG    | log:153 | [classify_query_intent] No keyword matches found in: 'Sinh nhat tui ngay may'
2026-01-06 09:18:47 | DEBUG    | log:153 | [normalize_query] 'quoc tich viet nam k...' -> 'Quoc tich viet nam k...'
2026-01-06 09:18:47 | DEBUG    | log:153 | [perform_hybrid_search] query_text: [quoc tich viet nam k] - formatted_query: [Quoc tich viet nam k] - normalized_query: [Quoc tich viet nam k]
2026-01-06 09:18:47 | DEBUG    | log:153 | [perform_hybrid_search] BM25 raw scores: min=0.0000, max=15.5771
2026-01-06 09:18:47 | DEBUG    | log:153 | [get_keyword_boost] Query: 'Quoc tich viet nam k...' | Doc: getUserProfile | Tra | Boost: 0.25 | Matched: ['nam']
2026-01-06 09:18:47 | DEBUG    | log:153 | [classify_query_intent] Classified: 'Quoc tich viet nam k...' -> getUserProfile | Tra cứu thông (score=1)
2026-01-06 09:18:47 | DEBUG    | log:153 | [normalize_query] 'tui la nam ha...' -> 'Tui la nam ha...'
2026-01-06 09:18:47 | DEBUG    | log:153 | [perform_hybrid_search] query_text: [tui la nam ha] - formatted_query: [Tui la nam ha] - normalized_query: [Tui la nam ha]
2026-01-06 09:18:47 | DEBUG    | log:153 | [perform_hybrid_search] BM25 raw scores: min=0.0000, max=1.9514
2026-01-06 09:18:47 | DEBUG    | log:153 | [get_keyword_boost] Query: 'Tui la nam ha...' | Doc: getUserProfile | Tra | Boost: 0.25 | Matched: ['nam']
2026-01-06 09:18:47 | DEBUG    | log:153 | [classify_query_intent] Classified: 'Tui la nam ha...' -> getUserProfile | Tra cứu thông (score=1)
2026-01-06 09:18:47 | DEBUG    | log:153 | [normalize_query] 'check info ca nhan...' -> 'Check info ca nhan...'
2026-01-06 09:18:47 | DEBUG    | log:153 | [perform_hybrid_search] query_text: [check info ca nhan] - formatted_query: [Check info ca nhan] - normalized_query: [Check info ca nhan]
2026-01-06 09:18:47 | DEBUG    | log:153 | [perform_hybrid_search] BM25 raw scores: min=0.0000, max=6.2911
2026-01-06 09:18:48 | DEBUG    | log:153 | [get_keyword_boost] Query: 'Check info ca nhan...' | Doc: Tra cứu giao dịch ch | Boost: 0.25 | Matched: ['ck']
2026-01-06 09:18:48 | DEBUG    | log:153 | [classify_query_intent] Classified: 'Check info ca nhan...' -> Tra cứu giao dịch chuyển tiền (score=1)
2026-01-06 09:18:48 | DEBUG    | log:153 | [normalize_query] 'hien thi thong tin tui...' -> 'Hien thi thong tin tui...'
2026-01-06 09:18:48 | DEBUG    | log:153 | [perform_hybrid_search] query_text: [hien thi thong tin tui] - formatted_query: [Hien thi thong tin tui] - normalized_query: [Hien thi thong tin tui]
2026-01-06 09:18:48 | DEBUG    | log:153 | [perform_hybrid_search] BM25 raw scores: min=0.1680, max=5.1015
2026-01-06 09:18:48 | DEBUG    | log:153 | [classify_query_intent] No keyword matches found in: 'Hien thi thong tin tui'
2026-01-06 09:18:48 | DEBUG    | log:153 | [normalize_query] 'thong tin co ban tui...' -> 'Thong tin co ban tui...'
2026-01-06 09:18:48 | DEBUG    | log:153 | [perform_hybrid_search] query_text: [thong tin co ban tui] - formatted_query: [Thong tin co ban tui] - normalized_query: [Thong tin co ban tui]
2026-01-06 09:18:48 | DEBUG    | log:153 | [perform_hybrid_search] BM25 raw scores: min=0.1696, max=5.1830
2026-01-06 09:18:48 | DEBUG    | log:153 | [classify_query_intent] No keyword matches found in: 'Thong tin co ban tui'
2026-01-06 09:18:48 | DEBUG    | log:153 | [normalize_query] 'xem lai ho so...' -> 'Xem lai ho so...'
2026-01-06 09:18:48 | DEBUG    | log:153 | [perform_hybrid_search] query_text: [xem lai ho so] - formatted_query: [Xem lai ho so] - normalized_query: [Xem lai ho so]
2026-01-06 09:18:48 | DEBUG    | log:153 | [perform_hybrid_search] BM25 raw scores: min=0.0202, max=7.3751
2026-01-06 09:18:48 | DEBUG    | log:153 | [classify_query_intent] No keyword matches found in: 'Xem lai ho so'
2026-01-06 09:18:48 | DEBUG    | log:153 | [normalize_query] 'thong tin ho so tui...' -> 'Thong tin ho so tui...'
2026-01-06 09:18:48 | DEBUG    | log:153 | [perform_hybrid_search] query_text: [thong tin ho so tui] - formatted_query: [Thong tin ho so tui] - normalized_query: [Thong tin ho so tui]
2026-01-06 09:18:48 | DEBUG    | log:153 | [perform_hybrid_search] BM25 raw scores: min=0.1579, max=3.5229
2026-01-06 09:18:48 | DEBUG    | log:153 | [classify_query_intent] No keyword matches found in: 'Thong tin ho so tui'
2026-01-06 09:18:48 | DEBUG    | log:153 | [normalize_query] 'ho va ten cua tui la j...' -> 'Ho va ten cua tui la j...'
2026-01-06 09:18:48 | DEBUG    | log:153 | [perform_hybrid_search] query_text: [ho va ten cua tui la j] - formatted_query: [Ho va ten cua tui la j] - normalized_query: [Ho va ten cua tui la j]
2026-01-06 09:18:48 | DEBUG    | log:153 | [perform_hybrid_search] BM25 raw scores: min=0.0000, max=5.2613
2026-01-06 09:18:48 | DEBUG    | log:153 | [classify_query_intent] No keyword matches found in: 'Ho va ten cua tui la j'
2026-01-06 09:18:48 | DEBUG    | log:153 | [normalize_query] 'check sdt tui cai...' -> 'Check sdt tui cai...'
2026-01-06 09:18:48 | DEBUG    | log:153 | [perform_hybrid_search] query_text: [check sdt tui cai] - formatted_query: [Check sdt tui cai] - normalized_query: [Check sdt tui cai]
2026-01-06 09:18:48 | DEBUG    | log:153 | [perform_hybrid_search] BM25 raw scores: min=0.0000, max=1.6657
2026-01-06 09:18:48 | DEBUG    | log:153 | [get_keyword_boost] Query: 'Check sdt tui cai...' | Doc: Tra cứu giao dịch ch | Boost: 0.25 | Matched: ['ck']
2026-01-06 09:18:48 | DEBUG    | log:153 | [classify_query_intent] Classified: 'Check sdt tui cai...' -> Tra cứu giao dịch chuyển tiền (score=1)
2026-01-06 09:18:48 | DEBUG    | log:153 | [normalize_query] 'email dang ky la gi nhi...' -> 'Email dang ky la gi nhi...'
2026-01-06 09:18:48 | DEBUG    | log:153 | [perform_hybrid_search] query_text: [email dang ky la gi nhi] - formatted_query: [Email dang ky la gi nhi] - normalized_query: [Email dang ky la gi nhi]
2026-01-06 09:18:48 | DEBUG    | log:153 | [perform_hybrid_search] BM25 raw scores: min=0.0085, max=13.8801
2026-01-06 09:18:48 | DEBUG    | log:153 | [get_keyword_boost] Query: 'Email dang ky la gi nhi...' | Doc: getUserProfile | Tra | Boost: 0.25 | Matched: ['email']
2026-01-06 09:18:48 | DEBUG    | log:153 | [classify_query_intent] Classified: 'Email dang ky la gi nhi...' -> getUserProfile | Tra cứu thông (score=1)
2026-01-06 09:18:48 | DEBUG    | log:153 | [normalize_query] 'cho coi dia chi nha...' -> 'Cho coi dia chi nha...'
2026-01-06 09:18:48 | DEBUG    | log:153 | [perform_hybrid_search] query_text: [cho coi dia chi nha] - formatted_query: [Cho coi dia chi nha] - normalized_query: [Cho coi dia chi nha]
2026-01-06 09:18:48 | DEBUG    | log:153 | [perform_hybrid_search] BM25 raw scores: min=0.0000, max=4.0957
2026-01-06 09:18:48 | DEBUG    | log:153 | [classify_query_intent] No keyword matches found in: 'Cho coi dia chi nha'
2026-01-06 09:18:48 | DEBUG    | log:153 | [normalize_query] 'sdt tui so may...' -> 'Sdt tui so may...'
2026-01-06 09:18:48 | DEBUG    | log:153 | [perform_hybrid_search] query_text: [sdt tui so may] - formatted_query: [Sdt tui so may] - normalized_query: [Sdt tui so may]
2026-01-06 09:18:48 | DEBUG    | log:153 | [perform_hybrid_search] BM25 raw scores: min=0.0095, max=2.7876
2026-01-06 09:18:48 | DEBUG    | log:153 | [classify_query_intent] No keyword matches found in: 'Sdt tui so may'
2026-01-06 09:18:48 | DEBUG    | log:153 | [normalize_query] 'mail cua tui la j...' -> 'Mail cua tui la j...'
2026-01-06 09:18:48 | DEBUG    | log:153 | [perform_hybrid_search] query_text: [mail cua tui la j] - formatted_query: [Mail cua tui la j] - normalized_query: [Mail cua tui la j]
2026-01-06 09:18:48 | DEBUG    | log:153 | [perform_hybrid_search] BM25 raw scores: min=0.0000, max=1.9493
2026-01-06 09:18:48 | DEBUG    | log:153 | [classify_query_intent] No keyword matches found in: 'Mail cua tui la j'
2026-01-06 09:18:48 | DEBUG    | log:153 | [normalize_query] 'check thong tin lien lac...' -> 'Check thong tin lien lac...'
2026-01-06 09:18:48 | DEBUG    | log:153 | [perform_hybrid_search] query_text: [check thong tin lien lac] - formatted_query: [Check thong tin lien lac] - normalized_query: [Check thong tin lien lac]
2026-01-06 09:18:48 | DEBUG    | log:153 | [perform_hybrid_search] BM25 raw scores: min=0.0000, max=17.8193
2026-01-06 09:18:48 | DEBUG    | log:153 | [get_keyword_boost] Query: 'Check thong tin lien lac...' | Doc: Tra cứu giao dịch ch | Boost: 0.25 | Matched: ['ck']
2026-01-06 09:18:48 | DEBUG    | log:153 | [classify_query_intent] Classified: 'Check thong tin lien lac...' -> Tra cứu giao dịch chuyển tiền (score=1)
2026-01-06 09:18:48 | DEBUG    | log:153 | [normalize_query] 'dia chi tui dang de o dau...' -> 'Dia chi tui dang de o dau...'
2026-01-06 09:18:48 | DEBUG    | log:153 | [perform_hybrid_search] query_text: [dia chi tui dang de o dau] - formatted_query: [Dia chi tui dang de o dau] - normalized_query: [Dia chi tui dang de o dau]
2026-01-06 09:18:48 | DEBUG    | log:153 | [perform_hybrid_search] BM25 raw scores: min=0.0085, max=2.5751
2026-01-06 09:18:48 | DEBUG    | log:153 | [classify_query_intent] No keyword matches found in: 'Dia chi tui dang de o dau'
2026-01-06 09:18:48 | DEBUG    | log:153 | [normalize_query] 'so dien thoai cua tui...' -> 'So dien thoai cua tui...'
2026-01-06 09:18:48 | DEBUG    | log:153 | [perform_hybrid_search] query_text: [so dien thoai cua tui] - formatted_query: [So dien thoai cua tui] - normalized_query: [So dien thoai cua tui]
2026-01-06 09:18:48 | DEBUG    | log:153 | [perform_hybrid_search] BM25 raw scores: min=0.0095, max=3.0505
2026-01-06 09:18:48 | DEBUG    | log:153 | [classify_query_intent] No keyword matches found in: 'So dien thoai cua tui'
2026-01-06 09:18:48 | DEBUG    | log:153 | [normalize_query] 'mail tui tren app...' -> 'Mail tui tren app...'
2026-01-06 09:18:48 | DEBUG    | log:153 | [perform_hybrid_search] query_text: [mail tui tren app] - formatted_query: [Mail tui tren app] - normalized_query: [Mail tui tren app]
2026-01-06 09:18:48 | DEBUG    | log:153 | [perform_hybrid_search] BM25 raw scores: min=0.0000, max=2.8466
2026-01-06 09:18:48 | DEBUG    | log:153 | [classify_query_intent] No keyword matches found in: 'Mail tui tren app'
2026-01-06 09:18:48 | DEBUG    | log:153 | [normalize_query] 'check mail vs sdt...' -> 'Check mail vs sdt...'
2026-01-06 09:18:48 | DEBUG    | log:153 | [perform_hybrid_search] query_text: [check mail vs sdt] - formatted_query: [Check mail vs sdt] - normalized_query: [Check mail vs sdt]
2026-01-06 09:18:48 | DEBUG    | log:153 | [perform_hybrid_search] BM25 raw scores: min=0.0000, max=0.0000
2026-01-06 09:18:48 | DEBUG    | log:153 | [get_keyword_boost] Query: 'Check mail vs sdt...' | Doc: Tra cứu giao dịch ch | Boost: 0.25 | Matched: ['ck']
2026-01-06 09:18:48 | DEBUG    | log:153 | [classify_query_intent] Classified: 'Check mail vs sdt...' -> Tra cứu giao dịch chuyển tiền (score=1)
2026-01-06 09:18:48 | DEBUG    | log:153 | [normalize_query] 'tui dung sdt nao v...' -> 'Tui dung sdt nao v...'
2026-01-06 09:18:48 | DEBUG    | log:153 | [perform_hybrid_search] query_text: [tui dung sdt nao v] - formatted_query: [Tui dung sdt nao v] - normalized_query: [Tui dung sdt nao v]
2026-01-06 09:18:48 | DEBUG    | log:153 | [perform_hybrid_search] BM25 raw scores: min=0.0108, max=5.7935
2026-01-06 09:18:48 | DEBUG    | log:153 | [classify_query_intent] No keyword matches found in: 'Tui dung sdt nao v'
2026-01-06 09:18:48 | DEBUG    | log:153 | [normalize_query] 'hom thu cua tui...' -> 'Hom thu cua tui...'
2026-01-06 09:18:48 | DEBUG    | log:153 | [perform_hybrid_search] query_text: [hom thu cua tui] - formatted_query: [Hom thu cua tui] - normalized_query: [Hom thu cua tui]
2026-01-06 09:18:48 | DEBUG    | log:153 | [perform_hybrid_search] BM25 raw scores: min=0.0000, max=3.4500
2026-01-06 09:18:48 | DEBUG    | log:153 | [classify_query_intent] No keyword matches found in: 'Hom thu cua tui'
2026-01-06 09:18:48 | DEBUG    | log:153 | [normalize_query] 'dia chi nha tui la j...' -> 'Dia chi nha tui la j...'
2026-01-06 09:18:48 | DEBUG    | log:153 | [perform_hybrid_search] query_text: [dia chi nha tui la j] - formatted_query: [Dia chi nha tui la j] - normalized_query: [Dia chi nha tui la j]
2026-01-06 09:18:48 | DEBUG    | log:153 | [perform_hybrid_search] BM25 raw scores: min=0.0000, max=4.0957
2026-01-06 09:18:48 | DEBUG    | log:153 | [classify_query_intent] No keyword matches found in: 'Dia chi nha tui la j'
2026-01-06 09:18:48 | DEBUG    | log:153 | [normalize_query] 'coi thong tin lien he...' -> 'Coi thong tin lien he...'
2026-01-06 09:18:48 | DEBUG    | log:153 | [perform_hybrid_search] query_text: [coi thong tin lien he] - formatted_query: [Coi thong tin lien he] - normalized_query: [Coi thong tin lien he]
2026-01-06 09:18:48 | DEBUG    | log:153 | [perform_hybrid_search] BM25 raw scores: min=0.0000, max=17.4371
2026-01-06 09:18:48 | DEBUG    | log:153 | [classify_query_intent] No keyword matches found in: 'Coi thong tin lien he'
2026-01-06 09:18:48 | DEBUG    | log:153 | [normalize_query] 'mail dang ky la mail nao...' -> 'Mail dang ky la mail nao...'
2026-01-06 09:18:48 | DEBUG    | log:153 | [perform_hybrid_search] query_text: [mail dang ky la mail nao] - formatted_query: [Mail dang ky la mail nao] - normalized_query: [Mail dang ky la mail nao]
2026-01-06 09:18:48 | DEBUG    | log:153 | [perform_hybrid_search] BM25 raw scores: min=0.0108, max=8.3931
2026-01-06 09:18:48 | DEBUG    | log:153 | [classify_query_intent] No keyword matches found in: 'Mail dang ky la mail nao'
2026-01-06 09:18:48 | DEBUG    | log:153 | [normalize_query] 'sdt cua tui co dung k...' -> 'Sdt cua tui co dung k...'
2026-01-06 09:18:48 | DEBUG    | log:153 | [perform_hybrid_search] query_text: [sdt cua tui co dung k] - formatted_query: [Sdt cua tui co dung k] - normalized_query: [Sdt cua tui co dung k]
2026-01-06 09:18:48 | DEBUG    | log:153 | [perform_hybrid_search] BM25 raw scores: min=0.0104, max=1.9691
2026-01-06 09:18:48 | DEBUG    | log:153 | [classify_query_intent] No keyword matches found in: 'Sdt cua tui co dung k'
2026-01-06 09:18:48 | DEBUG    | log:153 | [normalize_query] 'dia chi thuong tru xem o dau...' -> 'Dia chi thuong tru xem o dau...'
2026-01-06 09:18:48 | DEBUG    | log:153 | [perform_hybrid_search] query_text: [dia chi thuong tru xem o dau] - formatted_query: [Dia chi thuong tru xem o dau] - normalized_query: [Dia chi thuong tru xem o dau]
2026-01-06 09:18:48 | DEBUG    | log:153 | [perform_hybrid_search] BM25 raw scores: min=0.0000, max=10.5075
2026-01-06 09:18:48 | DEBUG    | log:153 | [classify_query_intent] No keyword matches found in: 'Dia chi thuong tru xem o dau'
2026-01-06 09:18:48 | DEBUG    | log:153 | [normalize_query] 'check contact info...' -> 'Check contact info...'
2026-01-06 09:18:48 | DEBUG    | log:153 | [perform_hybrid_search] query_text: [check contact info] - formatted_query: [Check contact info] - normalized_query: [Check contact info]
2026-01-06 09:18:48 | DEBUG    | log:153 | [perform_hybrid_search] BM25 raw scores: min=0.0000, max=0.0000
2026-01-06 09:18:48 | DEBUG    | log:153 | [get_keyword_boost] Query: 'Check contact info...' | Doc: Tra cứu giao dịch ch | Boost: 0.25 | Matched: ['ck']
2026-01-06 09:18:48 | DEBUG    | log:153 | [classify_query_intent] Classified: 'Check contact info...' -> Tra cứu giao dịch chuyển tiền (score=1)
2026-01-06 09:18:48 | DEBUG    | log:153 | [normalize_query] 'sdt va mail tui...' -> 'Sdt va mail tui...'
2026-01-06 09:18:48 | DEBUG    | log:153 | [perform_hybrid_search] query_text: [sdt va mail tui] - formatted_query: [Sdt va mail tui] - normalized_query: [Sdt va mail tui]
2026-01-06 09:18:48 | DEBUG    | log:153 | [perform_hybrid_search] BM25 raw scores: min=0.0000, max=0.0000
2026-01-06 09:18:48 | DEBUG    | log:153 | [classify_query_intent] No keyword matches found in: 'Sdt va mail tui'
2026-01-06 09:18:48 | DEBUG    | log:153 | [normalize_query] 'cho xem dia chi dang ky...' -> 'Cho xem dia chi dang ky...'
2026-01-06 09:18:48 | DEBUG    | log:153 | [perform_hybrid_search] query_text: [cho xem dia chi dang ky] - formatted_query: [Cho xem dia chi dang ky] - normalized_query: [Cho xem dia chi dang ky]
2026-01-06 09:18:48 | DEBUG    | log:153 | [perform_hybrid_search] BM25 raw scores: min=0.0120, max=11.0272
2026-01-06 09:18:48 | DEBUG    | log:153 | [classify_query_intent] No keyword matches found in: 'Cho xem dia chi dang ky'
2026-01-06 09:18:48 | DEBUG    | log:153 | [normalize_query] 'email tui la gi vay...' -> 'Email tui la gi vay...'
2026-01-06 09:18:48 | DEBUG    | log:153 | [perform_hybrid_search] query_text: [email tui la gi vay] - formatted_query: [Email tui la gi vay] - normalized_query: [Email tui la gi vay]
2026-01-06 09:18:48 | DEBUG    | log:153 | [perform_hybrid_search] BM25 raw scores: min=0.0000, max=9.6677
2026-01-06 09:18:48 | DEBUG    | log:153 | [get_keyword_boost] Query: 'Email tui la gi vay...' | Doc: getUserProfile | Tra | Boost: 0.25 | Matched: ['email']
2026-01-06 09:18:48 | DEBUG    | log:153 | [classify_query_intent] Classified: 'Email tui la gi vay...' -> getUserProfile | Tra cứu thông (score=1)
2026-01-06 09:18:48 | DEBUG    | log:153 | [normalize_query] 'so dt tui la bn...' -> 'So dt tui la bn...'
2026-01-06 09:18:48 | DEBUG    | log:153 | [perform_hybrid_search] query_text: [so dt tui la bn] - formatted_query: [So dt tui la bn] - normalized_query: [So dt tui la bn]
2026-01-06 09:18:48 | DEBUG    | log:153 | [perform_hybrid_search] BM25 raw scores: min=0.0095, max=0.0395
2026-01-06 09:18:48 | DEBUG    | log:153 | [classify_query_intent] No keyword matches found in: 'So dt tui la bn'
2026-01-06 09:18:48 | DEBUG    | log:153 | [normalize_query] 'check thong tin email...' -> 'Check thong tin email...'
2026-01-06 09:18:48 | DEBUG    | log:153 | [perform_hybrid_search] query_text: [check thong tin email] - formatted_query: [Check thong tin email] - normalized_query: [Check thong tin email]
2026-01-06 09:18:48 | DEBUG    | log:153 | [perform_hybrid_search] BM25 raw scores: min=0.0000, max=9.3500
2026-01-06 09:18:48 | DEBUG    | log:153 | [get_keyword_boost] Query: 'Check thong tin email...' | Doc: Tra cứu giao dịch ch | Boost: 0.25 | Matched: ['ck']
2026-01-06 09:18:48 | DEBUG    | log:153 | [get_keyword_boost] Query: 'Check thong tin email...' | Doc: getUserProfile | Tra | Boost: 0.25 | Matched: ['email']
2026-01-06 09:18:48 | DEBUG    | log:153 | [classify_query_intent] Ambiguous: 'Check thong tin email...' | Scores: {'Tra cứu giao dịch chuyển tiền': 1, 'getUserProfile | Tra cứu thông tin liên hệ của khách hàng': 1}
2026-01-06 09:18:48 | DEBUG    | log:153 | [normalize_query] 'dia chi lien lac tui...' -> 'Dia chi lien lac tui...'
2026-01-06 09:18:48 | DEBUG    | log:153 | [perform_hybrid_search] query_text: [dia chi lien lac tui] - formatted_query: [Dia chi lien lac tui] - normalized_query: [Dia chi lien lac tui]
2026-01-06 09:18:48 | DEBUG    | log:153 | [perform_hybrid_search] BM25 raw scores: min=0.0000, max=8.9200
2026-01-06 09:18:48 | DEBUG    | log:153 | [classify_query_intent] No keyword matches found in: 'Dia chi lien lac tui'
2026-01-06 09:18:48 | DEBUG    | log:153 | [normalize_query] 'tui dang ky mail j do...' -> 'Tui dang ky mail j do...'
2026-01-06 09:18:48 | DEBUG    | log:153 | [perform_hybrid_search] query_text: [tui dang ky mail j do] - formatted_query: [Tui dang ky mail j do] - normalized_query: [Tui dang ky mail j do]
2026-01-06 09:18:48 | DEBUG    | log:153 | [perform_hybrid_search] BM25 raw scores: min=0.0085, max=4.8074
2026-01-06 09:18:48 | DEBUG    | log:153 | [classify_query_intent] No keyword matches found in: 'Tui dang ky mail j do'
2026-01-06 09:18:48 | DEBUG    | log:153 | [normalize_query] 'sdt tui dang dung...' -> 'Sdt tui dang dung...'
2026-01-06 09:18:48 | DEBUG    | log:153 | [perform_hybrid_search] query_text: [sdt tui dang dung] - formatted_query: [Sdt tui dang dung] - normalized_query: [Sdt tui dang dung]
2026-01-06 09:18:48 | DEBUG    | log:153 | [perform_hybrid_search] BM25 raw scores: min=0.0170, max=0.0413
2026-01-06 09:18:48 | DEBUG    | log:153 | [classify_query_intent] No keyword matches found in: 'Sdt tui dang dung'
2026-01-06 09:18:48 | DEBUG    | log:153 | [normalize_query] 'cho biet dia chi nha tui...' -> 'Cho biet dia chi nha tui...'
2026-01-06 09:18:48 | DEBUG    | log:153 | [perform_hybrid_search] query_text: [cho biet dia chi nha tui] - formatted_query: [Cho biet dia chi nha tui] - normalized_query: [Cho biet dia chi nha tui]
2026-01-06 09:18:48 | DEBUG    | log:153 | [perform_hybrid_search] BM25 raw scores: min=0.0000, max=5.9420
2026-01-06 09:18:48 | DEBUG    | log:153 | [classify_query_intent] No keyword matches found in: 'Cho biet dia chi nha tui'
2026-01-06 09:18:48 | DEBUG    | log:153 | [normalize_query] 'check thong tin lien he phat...' -> 'Check thong tin lien he phat...'
2026-01-06 09:18:48 | DEBUG    | log:153 | [perform_hybrid_search] query_text: [check thong tin lien he phat] - formatted_query: [Check thong tin lien he phat] - normalized_query: [Check thong tin lien he phat]
2026-01-06 09:18:48 | DEBUG    | log:153 | [perform_hybrid_search] BM25 raw scores: min=0.0000, max=17.4371
2026-01-06 09:18:48 | DEBUG    | log:153 | [get_keyword_boost] Query: 'Check thong tin lien he phat...' | Doc: Tra cứu giao dịch ch | Boost: 0.25 | Matched: ['ck']
2026-01-06 09:18:48 | DEBUG    | log:153 | [classify_query_intent] Classified: 'Check thong tin lien he phat...' -> Tra cứu giao dịch chuyển tiền (score=1)
2026-01-06 09:18:48 | DEBUG    | log:153 | [normalize_query] 'mail ca nhan tui...' -> 'Mail ca nhan tui...'
2026-01-06 09:18:48 | DEBUG    | log:153 | [perform_hybrid_search] query_text: [mail ca nhan tui] - formatted_query: [Mail ca nhan tui] - normalized_query: [Mail ca nhan tui]
2026-01-06 09:18:48 | DEBUG    | log:153 | [perform_hybrid_search] BM25 raw scores: min=0.0000, max=6.2911
2026-01-06 09:18:48 | DEBUG    | log:153 | [classify_query_intent] No keyword matches found in: 'Mail ca nhan tui'
2026-01-06 09:18:48 | DEBUG    | log:153 | [normalize_query] 'sdt co dung la so nay k...' -> 'Sdt co dung la so nay k...'
2026-01-06 09:18:48 | DEBUG    | log:153 | [perform_hybrid_search] query_text: [sdt co dung la so nay k] - formatted_query: [Sdt co dung la so nay k] - normalized_query: [Sdt co dung la so nay k]
2026-01-06 09:18:48 | DEBUG    | log:153 | [perform_hybrid_search] BM25 raw scores: min=0.0231, max=3.6065
2026-01-06 09:18:48 | DEBUG    | log:153 | [get_keyword_boost] Query: 'Sdt co dung la so nay k...' | Doc: Tra cứu lịch sử giao | Boost: 0.25 | Matched: ['nay']
2026-01-06 09:18:49 | DEBUG    | log:153 | [classify_query_intent] Classified: 'Sdt co dung la so nay k...' -> Tra cứu lịch sử giao dịch theo (score=1)
2026-01-06 09:18:49 | DEBUG    | log:153 | [normalize_query] 'dia chi tui o dau v...' -> 'Dia chi tui o dau v...'
2026-01-06 09:18:49 | DEBUG    | log:153 | [perform_hybrid_search] query_text: [dia chi tui o dau v] - formatted_query: [Dia chi tui o dau v] - normalized_query: [Dia chi tui o dau v]
2026-01-06 09:18:49 | DEBUG    | log:153 | [perform_hybrid_search] BM25 raw scores: min=0.0000, max=2.5647
2026-01-06 09:18:49 | DEBUG    | log:153 | [classify_query_intent] No keyword matches found in: 'Dia chi tui o dau v'
2026-01-06 09:18:49 | DEBUG    | log:153 | [normalize_query] 'check sdt dang ky...' -> 'Check sdt dang ky...'
2026-01-06 09:18:49 | DEBUG    | log:153 | [perform_hybrid_search] query_text: [check sdt dang ky] - formatted_query: [Check sdt dang ky] - normalized_query: [Check sdt dang ky]
2026-01-06 09:18:49 | DEBUG    | log:153 | [perform_hybrid_search] BM25 raw scores: min=0.0085, max=4.2124
2026-01-06 09:18:49 | DEBUG    | log:153 | [get_keyword_boost] Query: 'Check sdt dang ky...' | Doc: Tra cứu giao dịch ch | Boost: 0.25 | Matched: ['ck']
2026-01-06 09:18:49 | DEBUG    | log:153 | [classify_query_intent] Classified: 'Check sdt dang ky...' -> Tra cứu giao dịch chuyển tiền (score=1)
2026-01-06 09:18:49 | DEBUG    | log:153 | [normalize_query] 'email cua tui tren he thong...' -> 'Email cua tui tren he thong...'
2026-01-06 09:18:49 | DEBUG    | log:153 | [perform_hybrid_search] query_text: [email cua tui tren he thong] - formatted_query: [Email cua tui tren he thong] - normalized_query: [Email cua tui tren he thong]
2026-01-06 09:18:49 | DEBUG    | log:153 | [perform_hybrid_search] BM25 raw scores: min=0.0000, max=8.5738
2026-01-06 09:18:49 | DEBUG    | log:153 | [get_keyword_boost] Query: 'Email cua tui tren he thong...' | Doc: getUserProfile | Tra | Boost: 0.25 | Matched: ['email']
2026-01-06 09:18:49 | DEBUG    | log:153 | [classify_query_intent] Classified: 'Email cua tui tren he thong...' -> getUserProfile | Tra cứu thông (score=1)
2026-01-06 09:18:49 | DEBUG    | log:153 | [normalize_query] 'show thong tin lien he...' -> 'Show thong tin lien he...'
2026-01-06 09:18:49 | DEBUG    | log:153 | [perform_hybrid_search] query_text: [show thong tin lien he] - formatted_query: [Show thong tin lien he] - normalized_query: [Show thong tin lien he]
2026-01-06 09:18:49 | DEBUG    | log:153 | [perform_hybrid_search] BM25 raw scores: min=0.0000, max=17.4371
2026-01-06 09:18:49 | DEBUG    | log:153 | [classify_query_intent] No keyword matches found in: 'Show thong tin lien he'
2026-01-06 09:18:49 | DEBUG    | log:153 | [normalize_query] 'tui o dau vay nhi...' -> 'Tui o dau vay nhi...'
2026-01-06 09:18:49 | DEBUG    | log:153 | [perform_hybrid_search] query_text: [tui o dau vay nhi] - formatted_query: [Tui o dau vay nhi] - normalized_query: [Tui o dau vay nhi]
2026-01-06 09:18:49 | DEBUG    | log:153 | [perform_hybrid_search] BM25 raw scores: min=0.0000, max=2.8450
2026-01-06 09:18:49 | DEBUG    | log:153 | [classify_query_intent] No keyword matches found in: 'Tui o dau vay nhi'
2026-01-06 09:18:49 | DEBUG    | log:153 | [normalize_query] 'mail va so dien thoai...' -> 'Mail va so dien thoai...'
2026-01-06 09:18:49 | DEBUG    | log:153 | [perform_hybrid_search] query_text: [mail va so dien thoai] - formatted_query: [Mail va so dien thoai] - normalized_query: [Mail va so dien thoai]
2026-01-06 09:18:49 | DEBUG    | log:153 | [perform_hybrid_search] BM25 raw scores: min=0.0095, max=3.0505
2026-01-06 09:18:49 | DEBUG    | log:153 | [classify_query_intent] No keyword matches found in: 'Mail va so dien thoai'
2026-01-06 09:18:49 | DEBUG    | log:153 | [normalize_query] 'check dia chi hien tai...' -> 'Check dia chi hien tai...'
2026-01-06 09:18:49 | DEBUG    | log:153 | [perform_hybrid_search] query_text: [check dia chi hien tai] - formatted_query: [Check dia chi hien tai] - normalized_query: [Check dia chi hien tai]
2026-01-06 09:18:49 | DEBUG    | log:153 | [perform_hybrid_search] BM25 raw scores: min=0.1766, max=3.8997
2026-01-06 09:18:49 | DEBUG    | log:153 | [get_keyword_boost] Query: 'Check dia chi hien tai...' | Doc: Tra cứu giao dịch ch | Boost: 0.25 | Matched: ['ck']
2026-01-06 09:18:49 | DEBUG    | log:153 | [classify_query_intent] Classified: 'Check dia chi hien tai...' -> Tra cứu giao dịch chuyển tiền (score=1)
2026-01-06 09:18:49 | DEBUG    | log:153 | [normalize_query] 'sdt tui bao nhieu...' -> 'Sdt tui bao nhieu...'
2026-01-06 09:18:49 | DEBUG    | log:153 | [perform_hybrid_search] query_text: [sdt tui bao nhieu] - formatted_query: [Sdt tui bao nhieu] - normalized_query: [Sdt tui bao nhieu]
2026-01-06 09:18:49 | DEBUG    | log:153 | [perform_hybrid_search] BM25 raw scores: min=0.0085, max=8.6963
2026-01-06 09:18:49 | DEBUG    | log:153 | [classify_query_intent] No keyword matches found in: 'Sdt tui bao nhieu'
2026-01-06 09:18:49 | DEBUG    | log:153 | [normalize_query] 'email tui la j v...' -> 'Email tui la j v...'
2026-01-06 09:18:49 | DEBUG    | log:153 | [perform_hybrid_search] query_text: [email tui la j v] - formatted_query: [Email tui la j v] - normalized_query: [Email tui la j v]
2026-01-06 09:18:49 | DEBUG    | log:153 | [perform_hybrid_search] BM25 raw scores: min=0.0000, max=5.1022
2026-01-06 09:18:49 | DEBUG    | log:153 | [get_keyword_boost] Query: 'Email tui la j v...' | Doc: getUserProfile | Tra | Boost: 0.25 | Matched: ['email']
2026-01-06 09:18:49 | DEBUG    | log:153 | [classify_query_intent] Classified: 'Email tui la j v...' -> getUserProfile | Tra cứu thông (score=1)
2026-01-06 09:18:49 | DEBUG    | log:153 | [normalize_query] 'thong tin lien lac tui ntn...' -> 'Thong tin lien lac tui ntn...'
2026-01-06 09:18:49 | DEBUG    | log:153 | [perform_hybrid_search] query_text: [thong tin lien lac tui ntn] - formatted_query: [Thong tin lien lac tui ntn] - normalized_query: [Thong tin lien lac tui ntn]
2026-01-06 09:18:49 | DEBUG    | log:153 | [perform_hybrid_search] BM25 raw scores: min=0.0000, max=17.8193
2026-01-06 09:18:49 | DEBUG    | log:153 | [classify_query_intent] No keyword matches found in: 'Thong tin lien lac tui ntn'
2026-01-06 09:18:49 | DEBUG    | log:153 | [normalize_query] 'dia chi nha tui dung k...' -> 'Dia chi nha tui dung k...'
2026-01-06 09:18:49 | DEBUG    | log:153 | [perform_hybrid_search] query_text: [dia chi nha tui dung k] - formatted_query: [Dia chi nha tui dung k] - normalized_query: [Dia chi nha tui dung k]
2026-01-06 09:18:49 | DEBUG    | log:153 | [perform_hybrid_search] BM25 raw scores: min=0.0085, max=4.1194
2026-01-06 09:18:49 | DEBUG    | log:153 | [classify_query_intent] No keyword matches found in: 'Dia chi nha tui dung k'
2026-01-06 09:18:49 | DEBUG    | log:153 | [normalize_query] 'mail vs sdt check ho cai...' -> 'Mail vs sdt check ho cai...'
2026-01-06 09:18:49 | DEBUG    | log:153 | [perform_hybrid_search] query_text: [mail vs sdt check ho cai] - formatted_query: [Mail vs sdt check ho cai] - normalized_query: [Mail vs sdt check ho cai]
2026-01-06 09:18:49 | DEBUG    | log:153 | [perform_hybrid_search] BM25 raw scores: min=0.0000, max=3.0072
2026-01-06 09:18:49 | DEBUG    | log:153 | [get_keyword_boost] Query: 'Mail vs sdt check ho cai...' | Doc: Tra cứu giao dịch ch | Boost: 0.25 | Matched: ['ck']
2026-01-06 09:18:49 | DEBUG    | log:153 | [classify_query_intent] Classified: 'Mail vs sdt check ho cai...' -> Tra cứu giao dịch chuyển tiền (score=1)
2026-01-06 09:18:49 | DEBUG    | log:153 | [normalize_query] 'tui dung sdt gi...' -> 'Tui dung sdt gi...'
2026-01-06 09:18:49 | DEBUG    | log:153 | [perform_hybrid_search] query_text: [tui dung sdt gi] - formatted_query: [Tui dung sdt gi] - normalized_query: [Tui dung sdt gi]
2026-01-06 09:18:49 | DEBUG    | log:153 | [perform_hybrid_search] BM25 raw scores: min=0.0085, max=4.5892
2026-01-06 09:18:49 | DEBUG    | log:153 | [classify_query_intent] No keyword matches found in: 'Tui dung sdt gi'
2026-01-06 09:18:49 | DEBUG    | log:153 | [normalize_query] 'check email tui phat...' -> 'Check email tui phat...'
2026-01-06 09:18:49 | DEBUG    | log:153 | [perform_hybrid_search] query_text: [check email tui phat] - formatted_query: [Check email tui phat] - normalized_query: [Check email tui phat]
2026-01-06 09:18:49 | DEBUG    | log:153 | [perform_hybrid_search] BM25 raw scores: min=0.0000, max=5.1022
2026-01-06 09:18:49 | DEBUG    | log:153 | [get_keyword_boost] Query: 'Check email tui phat...' | Doc: Tra cứu giao dịch ch | Boost: 0.25 | Matched: ['ck']
2026-01-06 09:18:49 | DEBUG    | log:153 | [get_keyword_boost] Query: 'Check email tui phat...' | Doc: getUserProfile | Tra | Boost: 0.25 | Matched: ['email']
2026-01-06 09:18:49 | DEBUG    | log:153 | [classify_query_intent] Ambiguous: 'Check email tui phat...' | Scores: {'Tra cứu giao dịch chuyển tiền': 1, 'getUserProfile | Tra cứu thông tin liên hệ của khách hàng': 1}
2026-01-06 09:18:49 | DEBUG    | log:153 | [normalize_query] 'dia chi cua tui la j do...' -> 'Dia chi cua tui la j do...'
2026-01-06 09:18:49 | DEBUG    | log:153 | [perform_hybrid_search] query_text: [dia chi cua tui la j do] - formatted_query: [Dia chi cua tui la j do] - normalized_query: [Dia chi cua tui la j do]
2026-01-06 09:18:49 | DEBUG    | log:153 | [perform_hybrid_search] BM25 raw scores: min=0.0000, max=5.1957
2026-01-06 09:18:49 | DEBUG    | log:153 | [classify_query_intent] No keyword matches found in: 'Dia chi cua tui la j do'
2026-01-06 09:18:49 | DEBUG    | log:153 | [normalize_query] 'thong tin lien he cua minh...' -> 'Thong tin lien he cua minh...'
2026-01-06 09:18:49 | DEBUG    | log:153 | [perform_hybrid_search] query_text: [thong tin lien he cua minh] - formatted_query: [Thong tin lien he cua minh] - normalized_query: [Thong tin lien he cua minh]
2026-01-06 09:18:49 | DEBUG    | log:153 | [perform_hybrid_search] BM25 raw scores: min=0.0000, max=19.2835
2026-01-06 09:18:49 | DEBUG    | log:153 | [classify_query_intent] No keyword matches found in: 'Thong tin lien he cua minh'
2026-01-06 09:18:49 | DEBUG    | log:153 | [normalize_query] 'so dt tui dang de la j...' -> 'So dt tui dang de la j...'
2026-01-06 09:18:49 | DEBUG    | log:153 | [perform_hybrid_search] query_text: [so dt tui dang de la j] - formatted_query: [So dt tui dang de la j] - normalized_query: [So dt tui dang de la j]
2026-01-06 09:18:49 | DEBUG    | log:153 | [perform_hybrid_search] BM25 raw scores: min=0.0190, max=0.0521
2026-01-06 09:18:49 | DEBUG    | log:153 | [classify_query_intent] No keyword matches found in: 'So dt tui dang de la j'
2026-01-06 09:18:49 | DEBUG    | log:153 | [normalize_query] 'coi mail tui cai...' -> 'Coi mail tui cai...'
2026-01-06 09:18:49 | DEBUG    | log:153 | [perform_hybrid_search] query_text: [coi mail tui cai] - formatted_query: [Coi mail tui cai] - normalized_query: [Coi mail tui cai]
2026-01-06 09:18:49 | DEBUG    | log:153 | [perform_hybrid_search] BM25 raw scores: min=0.0000, max=1.6657
2026-01-06 09:18:49 | DEBUG    | log:153 | [classify_query_intent] No keyword matches found in: 'Coi mail tui cai'
2026-01-06 09:18:49 | DEBUG    | log:153 | [normalize_query] 'dia chi nha tui o dau...' -> 'Dia chi nha tui o dau...'
2026-01-06 09:18:49 | DEBUG    | log:153 | [perform_hybrid_search] query_text: [dia chi nha tui o dau] - formatted_query: [Dia chi nha tui o dau] - normalized_query: [Dia chi nha tui o dau]
2026-01-06 09:18:49 | DEBUG    | log:153 | [perform_hybrid_search] BM25 raw scores: min=0.0000, max=4.0957
2026-01-06 09:18:49 | DEBUG    | log:153 | [classify_query_intent] No keyword matches found in: 'Dia chi nha tui o dau'
2026-01-06 09:18:49 | DEBUG    | log:153 | [normalize_query] 'check info lien lac...' -> 'Check info lien lac...'
2026-01-06 09:18:49 | DEBUG    | log:153 | [perform_hybrid_search] query_text: [check info lien lac] - formatted_query: [Check info lien lac] - normalized_query: [Check info lien lac]
2026-01-06 09:18:49 | DEBUG    | log:153 | [perform_hybrid_search] BM25 raw scores: min=0.0000, max=6.6706
2026-01-06 09:18:49 | DEBUG    | log:153 | [get_keyword_boost] Query: 'Check info lien lac...' | Doc: Tra cứu giao dịch ch | Boost: 0.25 | Matched: ['ck']
2026-01-06 09:18:49 | DEBUG    | log:153 | [classify_query_intent] Classified: 'Check info lien lac...' -> Tra cứu giao dịch chuyển tiền (score=1)
2026-01-06 09:18:49 | DEBUG    | log:153 | [normalize_query] 'tui dinh danh chua nhi...' -> 'Tui dinh danh chua nhi...'
2026-01-06 09:18:49 | DEBUG    | log:153 | [perform_hybrid_search] query_text: [tui dinh danh chua nhi] - formatted_query: [Tui dinh danh chua nhi] - normalized_query: [Tui dinh danh chua nhi]
2026-01-06 09:18:49 | DEBUG    | log:153 | [perform_hybrid_search] BM25 raw scores: min=0.0000, max=11.1061
2026-01-06 09:18:49 | DEBUG    | log:153 | [classify_query_intent] No keyword matches found in: 'Tui dinh danh chua nhi'
2026-01-06 09:18:49 | DEBUG    | log:153 | [normalize_query] 'check kyc tui cai...' -> 'Check kyc tui cai...'
2026-01-06 09:18:49 | DEBUG    | log:153 | [perform_hybrid_search] query_text: [check kyc tui cai] - formatted_query: [Check kyc tui cai] - normalized_query: [Check kyc tui cai]
2026-01-06 09:18:49 | DEBUG    | log:153 | [perform_hybrid_search] BM25 raw scores: min=0.0000, max=4.1874
2026-01-06 09:18:49 | DEBUG    | log:153 | [get_keyword_boost] Query: 'Check kyc tui cai...' | Doc: Tra cứu giao dịch ch | Boost: 0.25 | Matched: ['ck']
2026-01-06 09:18:49 | DEBUG    | log:153 | [get_keyword_boost] Query: 'Check kyc tui cai...' | Doc: getUserProfile | Tra | Boost: 0.25 | Matched: ['kyc']
2026-01-06 09:18:49 | DEBUG    | log:153 | [classify_query_intent] Ambiguous: 'Check kyc tui cai...' | Scores: {'Tra cứu giao dịch chuyển tiền': 1, 'getUserProfile | Tra cứu thông tin định danh': 1}
2026-01-06 09:18:49 | DEBUG    | log:153 | [normalize_query] 'ma cif cua tui la j...' -> 'Ma cif cua tui la j...'
2026-01-06 09:18:49 | DEBUG    | log:153 | [perform_hybrid_search] query_text: [ma cif cua tui la j] - formatted_query: [Ma cif cua tui la j] - normalized_query: [Ma cif cua tui la j]
2026-01-06 09:18:49 | DEBUG    | log:153 | [perform_hybrid_search] BM25 raw scores: min=0.0000, max=2.0722
2026-01-06 09:18:49 | DEBUG    | log:153 | [classify_query_intent] No keyword matches found in: 'Ma cif cua tui la j'
2026-01-06 09:18:49 | DEBUG    | log:153 | [normalize_query] 'tui dang o kyc may v...' -> 'Tui dang o kyc may v...'
2026-01-06 09:18:49 | DEBUG    | log:153 | [perform_hybrid_search] query_text: [tui dang o kyc may v] - formatted_query: [Tui dang o kyc may v] - normalized_query: [Tui dang o kyc may v]
2026-01-06 09:18:49 | DEBUG    | log:153 | [perform_hybrid_search] BM25 raw scores: min=0.0085, max=6.0509
2026-01-06 09:18:49 | DEBUG    | log:153 | [get_keyword_boost] Query: 'Tui dang o kyc may v...' | Doc: getUserProfile | Tra | Boost: 0.25 | Matched: ['kyc']
2026-01-06 09:18:49 | DEBUG    | log:153 | [classify_query_intent] Classified: 'Tui dang o kyc may v...' -> getUserProfile | Tra cứu thông (score=1)
2026-01-06 09:18:49 | DEBUG    | log:153 | [normalize_query] 'da xac thuc danh tinh chua...' -> 'Da xac thuc danh tinh chua...'
2026-01-06 09:18:49 | DEBUG    | log:153 | [perform_hybrid_search] query_text: [da xac thuc danh tinh chua] - formatted_query: [Da xac thuc danh tinh chua] - normalized_query: [Da xac thuc danh tinh chua]
2026-01-06 09:18:49 | DEBUG    | log:153 | [perform_hybrid_search] BM25 raw scores: min=0.3459, max=27.6865
2026-01-06 09:18:49 | DEBUG    | log:153 | [classify_query_intent] No keyword matches found in: 'Da xac thuc danh tinh chua'
2026-01-06 09:18:49 | DEBUG    | log:153 | [normalize_query] 'loai giay to dang ky la j...' -> 'Loai giay to dang ky la j...'
2026-01-06 09:18:49 | DEBUG    | log:153 | [perform_hybrid_search] query_text: [loai giay to dang ky la j] - formatted_query: [Loai giay to dang ky la j] - normalized_query: [Loai giay to dang ky la j]
2026-01-06 09:18:49 | DEBUG    | log:153 | [perform_hybrid_search] BM25 raw scores: min=0.0098, max=6.1134
2026-01-06 09:18:49 | DEBUG    | log:153 | [classify_query_intent] No keyword matches found in: 'Loai giay to dang ky la j'
2026-01-06 09:18:49 | DEBUG    | log:153 | [normalize_query] 'check ekyc tui phat...' -> 'Check ekyc tui phat...'
2026-01-06 09:18:49 | DEBUG    | log:153 | [perform_hybrid_search] query_text: [check ekyc tui phat] - formatted_query: [Check ekyc tui phat] - normalized_query: [Check ekyc tui phat]
2026-01-06 09:18:49 | DEBUG    | log:153 | [perform_hybrid_search] BM25 raw scores: min=0.0000, max=2.9478
2026-01-06 09:18:49 | DEBUG    | log:153 | [get_keyword_boost] Query: 'Check ekyc tui phat...' | Doc: Tra cứu giao dịch ch | Boost: 0.25 | Matched: ['ck']
2026-01-06 09:18:49 | DEBUG    | log:153 | [get_keyword_boost] Query: 'Check ekyc tui phat...' | Doc: getUserProfile | Tra | Boost: 0.50 | Matched: ['kyc', 'ekyc']
2026-01-06 09:18:49 | DEBUG    | log:153 | [classify_query_intent] Classified: 'Check ekyc tui phat...' -> getUserProfile | Tra cứu thông (score=2)
2026-01-06 09:18:49 | DEBUG    | log:153 | [normalize_query] 'tinh trang dinh danh ntn...' -> 'Tinh trang dinh danh ntn...'
2026-01-06 09:18:49 | DEBUG    | log:153 | [perform_hybrid_search] query_text: [tinh trang dinh danh ntn] - formatted_query: [Tinh trang dinh danh ntn] - normalized_query: [Tinh trang dinh danh ntn]
2026-01-06 09:18:49 | DEBUG    | log:153 | [perform_hybrid_search] BM25 raw scores: min=0.0000, max=10.0254
2026-01-06 09:18:49 | DEBUG    | log:153 | [classify_query_intent] No keyword matches found in: 'Tinh trang dinh danh ntn'
2026-01-06 09:18:49 | DEBUG    | log:153 | [normalize_query] 'cif no cua tui...' -> 'Cif no cua tui...'
2026-01-06 09:18:49 | DEBUG    | log:153 | [perform_hybrid_search] query_text: [cif no cua tui] - formatted_query: [Cif no cua tui] - normalized_query: [Cif no cua tui]
2026-01-06 09:18:49 | DEBUG    | log:153 | [perform_hybrid_search] BM25 raw scores: min=0.0000, max=5.8478
2026-01-06 09:18:49 | DEBUG    | log:153 | [classify_query_intent] No keyword matches found in: 'Cif no cua tui'
2026-01-06 09:18:49 | DEBUG    | log:153 | [normalize_query] 'xac minh thong tin xong chua...' -> 'Xac minh thong tin xong chua...'
2026-01-06 09:18:49 | DEBUG    | log:153 | [perform_hybrid_search] query_text: [xac minh thong tin xong chua] - formatted_query: [Xac minh thong tin xong chua] - normalized_query: [Xac minh thong tin xong chua]
2026-01-06 09:18:49 | DEBUG    | log:153 | [perform_hybrid_search] BM25 raw scores: min=0.0000, max=12.0477
2026-01-06 09:18:49 | DEBUG    | log:153 | [classify_query_intent] No keyword matches found in: 'Xac minh thong tin xong chua'
2026-01-06 09:18:49 | DEBUG    | log:153 | [normalize_query] 'tui co can lam kyc k...' -> 'Tui co can lam kyc k...'
2026-01-06 09:18:49 | DEBUG    | log:153 | [perform_hybrid_search] query_text: [tui co can lam kyc k] - formatted_query: [Tui co can lam kyc k] - normalized_query: [Tui co can lam kyc k]
2026-01-06 09:18:49 | DEBUG    | log:153 | [perform_hybrid_search] BM25 raw scores: min=0.0000, max=6.5101
2026-01-06 09:18:49 | DEBUG    | log:153 | [get_keyword_boost] Query: 'Tui co can lam kyc k...' | Doc: getUserProfile | Tra | Boost: 0.25 | Matched: ['kyc']
2026-01-06 09:18:49 | DEBUG    | log:153 | [classify_query_intent] Classified: 'Tui co can lam kyc k...' -> getUserProfile | Tra cứu thông (score=1)
2026-01-06 09:18:49 | DEBUG    | log:153 | [normalize_query] 'giay to dinh danh la cccd ha...' -> 'Giay to dinh danh la cccd ha...'
2026-01-06 09:18:49 | DEBUG    | log:153 | [perform_hybrid_search] query_text: [giay to dinh danh la cccd ha] - formatted_query: [Giay to dinh danh la cccd ha] - normalized_query: [Giay to dinh danh la cccd ha]
2026-01-06 09:18:49 | DEBUG    | log:153 | [perform_hybrid_search] BM25 raw scores: min=0.0000, max=9.7853
2026-01-06 09:18:49 | DEBUG    | log:153 | [get_keyword_boost] Query: 'Giay to dinh danh la cccd ha...' | Doc: getUserProfile | Tra | Boost: 0.25 | Matched: ['cccd']
2026-01-06 09:18:49 | DEBUG    | log:153 | [classify_query_intent] Classified: 'Giay to dinh danh la cccd ha...' -> getUserProfile | Tra cứu thông (score=1)
2026-01-06 09:18:49 | DEBUG    | log:153 | [normalize_query] 'trang thai dinh danh tui...' -> 'Trang thai dinh danh tui...'
2026-01-06 09:18:49 | DEBUG    | log:153 | [perform_hybrid_search] query_text: [trang thai dinh danh tui] - formatted_query: [Trang thai dinh danh tui] - normalized_query: [Trang thai dinh danh tui]
2026-01-06 09:18:49 | DEBUG    | log:153 | [perform_hybrid_search] BM25 raw scores: min=0.0000, max=7.0152
2026-01-06 09:18:49 | DEBUG    | log:153 | [classify_query_intent] No keyword matches found in: 'Trang thai dinh danh tui'
2026-01-06 09:18:49 | DEBUG    | log:153 | [normalize_query] 'da hoan thanh dinh danh chua...' -> 'Da hoan thanh dinh danh chua...'
2026-01-06 09:18:49 | DEBUG    | log:153 | [perform_hybrid_search] query_text: [da hoan thanh dinh danh chua] - formatted_query: [Da hoan thanh dinh danh chua] - normalized_query: [Da hoan thanh dinh danh chua]
2026-01-06 09:18:49 | DEBUG    | log:153 | [perform_hybrid_search] BM25 raw scores: min=0.0000, max=11.9499
2026-01-06 09:18:50 | DEBUG    | log:153 | [classify_query_intent] No keyword matches found in: 'Da hoan thanh dinh danh chua'
2026-01-06 09:18:50 | DEBUG    | log:153 | [normalize_query] 'check ma khach hang cif...' -> 'Check ma khach hang cif...'
2026-01-06 09:18:50 | DEBUG    | log:153 | [perform_hybrid_search] query_text: [check ma khach hang cif] - formatted_query: [Check ma khach hang cif] - normalized_query: [Check ma khach hang cif]
2026-01-06 09:18:50 | DEBUG    | log:153 | [perform_hybrid_search] BM25 raw scores: min=0.0827, max=10.0378
2026-01-06 09:18:50 | DEBUG    | log:153 | [get_keyword_boost] Query: 'Check ma khach hang cif...' | Doc: Tra cứu giao dịch ch | Boost: 0.25 | Matched: ['ck']
2026-01-06 09:18:50 | DEBUG    | log:153 | [classify_query_intent] Classified: 'Check ma khach hang cif...' -> Tra cứu giao dịch chuyển tiền (score=1)
2026-01-06 09:18:50 | DEBUG    | log:153 | [normalize_query] 'muc do dinh danh cua tui...' -> 'Muc do dinh danh cua tui...'
2026-01-06 09:18:50 | DEBUG    | log:153 | [perform_hybrid_search] query_text: [muc do dinh danh cua tui] - formatted_query: [Muc do dinh danh cua tui] - normalized_query: [Muc do dinh danh cua tui]
2026-01-06 09:18:50 | DEBUG    | log:153 | [perform_hybrid_search] BM25 raw scores: min=0.0000, max=9.1057
2026-01-06 09:18:50 | DEBUG    | log:153 | [classify_query_intent] No keyword matches found in: 'Muc do dinh danh cua tui'
2026-01-06 09:18:50 | DEBUG    | log:153 | [normalize_query] 'tui xac thuc bang j v...' -> 'Tui xac thuc bang j v...'
2026-01-06 09:18:50 | DEBUG    | log:153 | [perform_hybrid_search] query_text: [tui xac thuc bang j v] - formatted_query: [Tui xac thuc bang j v] - normalized_query: [Tui xac thuc bang j v]
2026-01-06 09:18:50 | DEBUG    | log:153 | [perform_hybrid_search] BM25 raw scores: min=0.0085, max=1.8413
2026-01-06 09:18:50 | DEBUG    | log:153 | [classify_query_intent] No keyword matches found in: 'Tui xac thuc bang j v'
2026-01-06 09:18:50 | DEBUG    | log:153 | [normalize_query] 'kyc cua tui xong chua nhi...' -> 'Kyc cua tui xong chua nhi...'
2026-01-06 09:18:50 | DEBUG    | log:153 | [perform_hybrid_search] query_text: [kyc cua tui xong chua nhi] - formatted_query: [Kyc cua tui xong chua nhi] - normalized_query: [Kyc cua tui xong chua nhi]
2026-01-06 09:18:50 | DEBUG    | log:153 | [perform_hybrid_search] BM25 raw scores: min=0.0000, max=7.3903
2026-01-06 09:18:50 | DEBUG    | log:153 | [get_keyword_boost] Query: 'Kyc cua tui xong chua nhi...' | Doc: getUserProfile | Tra | Boost: 0.25 | Matched: ['kyc']
2026-01-06 09:18:50 | DEBUG    | log:153 | [classify_query_intent] Classified: 'Kyc cua tui xong chua nhi...' -> getUserProfile | Tra cứu thông (score=1)
2026-01-06 09:18:50 | DEBUG    | log:153 | [normalize_query] 'cif tui la so nao...' -> 'Cif tui la so nao...'
2026-01-06 09:18:50 | DEBUG    | log:153 | [perform_hybrid_search] query_text: [cif tui la so nao] - formatted_query: [Cif tui la so nao] - normalized_query: [Cif tui la so nao]
2026-01-06 09:18:50 | DEBUG    | log:153 | [perform_hybrid_search] BM25 raw scores: min=0.0109, max=6.9593
2026-01-06 09:18:50 | DEBUG    | log:153 | [classify_query_intent] No keyword matches found in: 'Cif tui la so nao'
2026-01-06 09:18:50 | DEBUG    | log:153 | [normalize_query] 'giay to tui co hop le k...' -> 'Giay to tui co hop le k...'
2026-01-06 09:18:50 | DEBUG    | log:153 | [perform_hybrid_search] query_text: [giay to tui co hop le k] - formatted_query: [Giay to tui co hop le k] - normalized_query: [Giay to tui co hop le k]
2026-01-06 09:18:50 | DEBUG    | log:153 | [perform_hybrid_search] BM25 raw scores: min=0.0000, max=7.7339
2026-01-06 09:18:50 | DEBUG    | log:153 | [classify_query_intent] No keyword matches found in: 'Giay to tui co hop le k'
2026-01-06 09:18:50 | DEBUG    | log:153 | [normalize_query] 'check trang thai xac thuc...' -> 'Check trang thai xac thuc...'
2026-01-06 09:18:50 | DEBUG    | log:153 | [perform_hybrid_search] query_text: [check trang thai xac thuc] - formatted_query: [Check trang thai xac thuc] - normalized_query: [Check trang thai xac thuc]
2026-01-06 09:18:50 | DEBUG    | log:153 | [perform_hybrid_search] BM25 raw scores: min=0.2271, max=4.6140
2026-01-06 09:18:50 | DEBUG    | log:153 | [get_keyword_boost] Query: 'Check trang thai xac thuc...' | Doc: Tra cứu giao dịch ch | Boost: 0.25 | Matched: ['ck']
2026-01-06 09:18:50 | DEBUG    | log:153 | [classify_query_intent] Classified: 'Check trang thai xac thuc...' -> Tra cứu giao dịch chuyển tiền (score=1)
2026-01-06 09:18:50 | DEBUG    | log:153 | [normalize_query] 'tui la kyc level may...' -> 'Tui la kyc level may...'
2026-01-06 09:18:50 | DEBUG    | log:153 | [perform_hybrid_search] query_text: [tui la kyc level may] - formatted_query: [Tui la kyc level may] - normalized_query: [Tui la kyc level may]
2026-01-06 09:18:50 | DEBUG    | log:153 | [perform_hybrid_search] BM25 raw scores: min=0.0000, max=6.0389
2026-01-06 09:18:50 | DEBUG    | log:153 | [get_keyword_boost] Query: 'Tui la kyc level may...' | Doc: getUserProfile | Tra | Boost: 0.25 | Matched: ['kyc']
2026-01-06 09:18:50 | DEBUG    | log:153 | [classify_query_intent] Classified: 'Tui la kyc level may...' -> getUserProfile | Tra cứu thông (score=1)
2026-01-06 09:18:50 | DEBUG    | log:153 | [normalize_query] 'ekyc thanh cong k v...' -> 'Ekyc thanh cong k v...'
2026-01-06 09:18:50 | DEBUG    | log:153 | [perform_hybrid_search] query_text: [ekyc thanh cong k v] - formatted_query: [Ekyc thanh cong k v] - normalized_query: [Ekyc thanh cong k v]
2026-01-06 09:18:50 | DEBUG    | log:153 | [perform_hybrid_search] BM25 raw scores: min=0.0000, max=10.6319
2026-01-06 09:18:50 | DEBUG    | log:153 | [get_keyword_boost] Query: 'Ekyc thanh cong k v...' | Doc: getUserProfile | Tra | Boost: 0.50 | Matched: ['kyc', 'ekyc']
2026-01-06 09:18:50 | DEBUG    | log:153 | [classify_query_intent] Classified: 'Ekyc thanh cong k v...' -> getUserProfile | Tra cứu thông (score=2)
2026-01-06 09:18:50 | DEBUG    | log:153 | [normalize_query] 'ma cif xem o dau...' -> 'Ma cif xem o dau...'
2026-01-06 09:18:50 | DEBUG    | log:153 | [perform_hybrid_search] query_text: [ma cif xem o dau] - formatted_query: [Ma cif xem o dau] - normalized_query: [Ma cif xem o dau]
2026-01-06 09:18:50 | DEBUG    | log:153 | [perform_hybrid_search] BM25 raw scores: min=0.0000, max=5.0984
2026-01-06 09:18:50 | DEBUG    | log:153 | [classify_query_intent] No keyword matches found in: 'Ma cif xem o dau'
2026-01-06 09:18:50 | DEBUG    | log:153 | [normalize_query] 'thong tin kyc cua tui...' -> 'Thong tin kyc cua tui...'
2026-01-06 09:18:50 | DEBUG    | log:153 | [perform_hybrid_search] query_text: [thong tin kyc cua tui] - formatted_query: [Thong tin kyc cua tui] - normalized_query: [Thong tin kyc cua tui]
2026-01-06 09:18:50 | DEBUG    | log:153 | [perform_hybrid_search] BM25 raw scores: min=0.0000, max=4.5577
2026-01-06 09:18:50 | DEBUG    | log:153 | [get_keyword_boost] Query: 'Thong tin kyc cua tui...' | Doc: getUserProfile | Tra | Boost: 0.25 | Matched: ['kyc']
2026-01-06 09:18:50 | DEBUG    | log:153 | [classify_query_intent] Classified: 'Thong tin kyc cua tui...' -> getUserProfile | Tra cứu thông (score=1)
2026-01-06 09:18:50 | DEBUG    | log:153 | [normalize_query] 'tui da dinh danh dien tu chua...' -> 'Tui da dinh danh dien tu chua...'
2026-01-06 09:18:50 | DEBUG    | log:153 | [perform_hybrid_search] query_text: [tui da dinh danh dien tu chua] - formatted_query: [Tui da dinh danh dien tu chua] - normalized_query: [Tui da dinh danh dien tu chua]
2026-01-06 09:18:50 | DEBUG    | log:153 | [perform_hybrid_search] BM25 raw scores: min=0.0000, max=7.8776
2026-01-06 09:18:50 | DEBUG    | log:153 | [classify_query_intent] No keyword matches found in: 'Tui da dinh danh dien tu chua'
2026-01-06 09:18:50 | DEBUG    | log:153 | [normalize_query] 'check identity cua tui...' -> 'Check identity cua tui...'
2026-01-06 09:18:50 | DEBUG    | log:153 | [perform_hybrid_search] query_text: [check identity cua tui] - formatted_query: [Check identity cua tui] - normalized_query: [Check identity cua tui]
2026-01-06 09:18:50 | DEBUG    | log:153 | [perform_hybrid_search] BM25 raw scores: min=0.0000, max=1.9493
2026-01-06 09:18:50 | DEBUG    | log:153 | [get_keyword_boost] Query: 'Check identity cua tui...' | Doc: Tra cứu giao dịch ch | Boost: 0.25 | Matched: ['ck']
2026-01-06 09:18:50 | DEBUG    | log:153 | [get_keyword_boost] Query: 'Check identity cua tui...' | Doc: Tra cứu chi tiết một | Boost: 0.25 | Matched: ['id']
2026-01-06 09:18:50 | DEBUG    | log:153 | [get_keyword_boost] Query: 'Check identity cua tui...' | Doc: getUserProfile | Tra | Boost: 0.25 | Matched: ['identity']
2026-01-06 09:18:50 | DEBUG    | log:153 | [classify_query_intent] Ambiguous: 'Check identity cua tui...' | Scores: {'Tra cứu giao dịch chuyển tiền': 1, 'Tra cứu chi tiết một giao dịch cụ thể': 1, 'getUserProfile | Tra cứu thông tin định danh': 1}
2026-01-06 09:18:50 | DEBUG    | log:153 | [normalize_query] 'giay to tuy than la gi...' -> 'Giay to tuy than la gi...'
2026-01-06 09:18:50 | DEBUG    | log:153 | [perform_hybrid_search] query_text: [giay to tuy than la gi] - formatted_query: [Giay to tuy than la gi] - normalized_query: [Giay to tuy than la gi]
2026-01-06 09:18:50 | DEBUG    | log:153 | [perform_hybrid_search] BM25 raw scores: min=0.0000, max=10.3541
2026-01-06 09:18:50 | DEBUG    | log:153 | [classify_query_intent] No keyword matches found in: 'Giay to tuy than la gi'
2026-01-06 09:18:50 | DEBUG    | log:153 | [normalize_query] 'loai kyc tui dang dung...' -> 'Loai kyc tui dang dung...'
2026-01-06 09:18:50 | DEBUG    | log:153 | [perform_hybrid_search] query_text: [loai kyc tui dang dung] - formatted_query: [Loai kyc tui dang dung] - normalized_query: [Loai kyc tui dang dung]
2026-01-06 09:18:50 | DEBUG    | log:153 | [perform_hybrid_search] BM25 raw scores: min=0.0196, max=4.7581
2026-01-06 09:18:50 | DEBUG    | log:153 | [get_keyword_boost] Query: 'Loai kyc tui dang dung...' | Doc: getUserProfile | Tra | Boost: 0.25 | Matched: ['kyc']
2026-01-06 09:18:50 | DEBUG    | log:153 | [classify_query_intent] Classified: 'Loai kyc tui dang dung...' -> getUserProfile | Tra cứu thông (score=1)
2026-01-06 09:18:50 | DEBUG    | log:153 | [normalize_query] 'check cif no...' -> 'Check cif no...'
2026-01-06 09:18:50 | DEBUG    | log:153 | [perform_hybrid_search] query_text: [check cif no] - formatted_query: [Check cif no] - normalized_query: [Check cif no]
2026-01-06 09:18:50 | DEBUG    | log:153 | [perform_hybrid_search] BM25 raw scores: min=0.0000, max=3.8985
2026-01-06 09:18:50 | DEBUG    | log:153 | [get_keyword_boost] Query: 'Check cif no...' | Doc: Tra cứu giao dịch ch | Boost: 0.25 | Matched: ['ck']
2026-01-06 09:18:50 | DEBUG    | log:153 | [classify_query_intent] Classified: 'Check cif no...' -> Tra cứu giao dịch chuyển tiền (score=1)
2026-01-06 09:18:50 | DEBUG    | log:153 | [normalize_query] 'tui da xac minh xong chua v...' -> 'Tui da xac minh xong chua v...'
2026-01-06 09:18:50 | DEBUG    | log:153 | [perform_hybrid_search] query_text: [tui da xac minh xong chua v] - formatted_query: [Tui da xac minh xong chua v] - normalized_query: [Tui da xac minh xong chua v]
2026-01-06 09:18:50 | DEBUG    | log:153 | [perform_hybrid_search] BM25 raw scores: min=0.0000, max=7.9742
2026-01-06 09:18:50 | DEBUG    | log:153 | [classify_query_intent] No keyword matches found in: 'Tui da xac minh xong chua v'
2026-01-06 09:18:50 | DEBUG    | log:153 | [normalize_query] 'dinh danh cua tui ntn...' -> 'Dinh danh cua tui ntn...'
2026-01-06 09:18:50 | DEBUG    | log:153 | [perform_hybrid_search] query_text: [dinh danh cua tui ntn] - formatted_query: [Dinh danh cua tui ntn] - normalized_query: [Dinh danh cua tui ntn]
2026-01-06 09:18:50 | DEBUG    | log:153 | [perform_hybrid_search] BM25 raw scores: min=0.0000, max=4.2306
2026-01-06 09:18:50 | DEBUG    | log:153 | [classify_query_intent] No keyword matches found in: 'Dinh danh cua tui ntn'
2026-01-06 09:18:50 | DEBUG    | log:153 | [normalize_query] 'da kyc chua nhi...' -> 'Da kyc chua nhi...'
2026-01-06 09:18:50 | DEBUG    | log:153 | [perform_hybrid_search] query_text: [da kyc chua nhi] - formatted_query: [Da kyc chua nhi] - normalized_query: [Da kyc chua nhi]
2026-01-06 09:18:50 | DEBUG    | log:153 | [perform_hybrid_search] BM25 raw scores: min=0.0000, max=9.2419
2026-01-06 09:18:50 | DEBUG    | log:153 | [get_keyword_boost] Query: 'Da kyc chua nhi...' | Doc: getUserProfile | Tra | Boost: 0.25 | Matched: ['kyc']
2026-01-06 09:18:50 | DEBUG    | log:153 | [classify_query_intent] Classified: 'Da kyc chua nhi...' -> getUserProfile | Tra cứu thông (score=1)
2026-01-06 09:18:50 | DEBUG    | log:153 | [normalize_query] 'co can up giay to nua k...' -> 'Co can up giay to nua k...'
2026-01-06 09:18:50 | DEBUG    | log:153 | [perform_hybrid_search] query_text: [co can up giay to nua k] - formatted_query: [Co can up giay to nua k] - normalized_query: [Co can up giay to nua k]
2026-01-06 09:18:50 | DEBUG    | log:153 | [perform_hybrid_search] BM25 raw scores: min=0.0000, max=6.0259
2026-01-06 09:18:50 | DEBUG    | log:153 | [classify_query_intent] No keyword matches found in: 'Co can up giay to nua k'
2026-01-06 09:18:50 | DEBUG    | log:153 | [normalize_query] 'trang thai kyc hien tai...' -> 'Trang thai kyc hien tai...'
2026-01-06 09:18:50 | DEBUG    | log:153 | [perform_hybrid_search] query_text: [trang thai kyc hien tai] - formatted_query: [Trang thai kyc hien tai] - normalized_query: [Trang thai kyc hien tai]
2026-01-06 09:18:50 | DEBUG    | log:153 | [perform_hybrid_search] BM25 raw scores: min=0.1857, max=16.3336
2026-01-06 09:18:50 | DEBUG    | log:153 | [get_keyword_boost] Query: 'Trang thai kyc hien tai...' | Doc: getUserProfile | Tra | Boost: 0.25 | Matched: ['kyc']
2026-01-06 09:18:50 | DEBUG    | log:153 | [classify_query_intent] Classified: 'Trang thai kyc hien tai...' -> getUserProfile | Tra cứu thông (score=1)
2026-01-06 09:18:50 | DEBUG    | log:153 | [normalize_query] 'check giay to dinh danh...' -> 'Check giay to dinh danh...'
2026-01-06 09:18:50 | DEBUG    | log:153 | [perform_hybrid_search] query_text: [check giay to dinh danh] - formatted_query: [Check giay to dinh danh] - normalized_query: [Check giay to dinh danh]
2026-01-06 09:18:50 | DEBUG    | log:153 | [perform_hybrid_search] BM25 raw scores: min=0.0000, max=7.9337
2026-01-06 09:18:50 | DEBUG    | log:153 | [get_keyword_boost] Query: 'Check giay to dinh danh...' | Doc: Tra cứu giao dịch ch | Boost: 0.25 | Matched: ['ck']
2026-01-06 09:18:50 | DEBUG    | log:153 | [classify_query_intent] Classified: 'Check giay to dinh danh...' -> Tra cứu giao dịch chuyển tiền (score=1)
2026-01-06 09:18:50 | DEBUG    | log:153 | [normalize_query] 'cif cua tui la bn...' -> 'Cif cua tui la bn...'
2026-01-06 09:18:50 | DEBUG    | log:153 | [perform_hybrid_search] query_text: [cif cua tui la bn] - formatted_query: [Cif cua tui la bn] - normalized_query: [Cif cua tui la bn]
2026-01-06 09:18:50 | DEBUG    | log:153 | [perform_hybrid_search] BM25 raw scores: min=0.0000, max=1.9493
2026-01-06 09:18:50 | DEBUG    | log:153 | [classify_query_intent] No keyword matches found in: 'Cif cua tui la bn'
2026-01-06 09:18:50 | DEBUG    | log:153 | [normalize_query] 'tui dinh danh bang giay to j...' -> 'Tui dinh danh bang giay to j...'
2026-01-06 09:18:50 | DEBUG    | log:153 | [perform_hybrid_search] query_text: [tui dinh danh bang giay to j] - formatted_query: [Tui dinh danh bang giay to j] - normalized_query: [Tui dinh danh bang giay to j]
2026-01-06 09:18:50 | DEBUG    | log:153 | [perform_hybrid_search] BM25 raw scores: min=0.0104, max=7.9457
2026-01-06 09:18:50 | DEBUG    | log:153 | [classify_query_intent] No keyword matches found in: 'Tui dinh danh bang giay to j'
2026-01-06 09:18:50 | DEBUG    | log:153 | [normalize_query] 'muc dinh danh cua tui la j...' -> 'Muc dinh danh cua tui la j...'
2026-01-06 09:18:50 | DEBUG    | log:153 | [perform_hybrid_search] query_text: [muc dinh danh cua tui la j] - formatted_query: [Muc dinh danh cua tui la j] - normalized_query: [Muc dinh danh cua tui la j]
2026-01-06 09:18:50 | DEBUG    | log:153 | [perform_hybrid_search] BM25 raw scores: min=0.0000, max=7.2541
2026-01-06 09:18:50 | DEBUG    | log:153 | [classify_query_intent] No keyword matches found in: 'Muc dinh danh cua tui la j'
2026-01-06 09:18:50 | DEBUG    | log:153 | [normalize_query] 'xem ma cif cua minh...' -> 'Xem ma cif cua minh...'
2026-01-06 09:18:50 | DEBUG    | log:153 | [perform_hybrid_search] query_text: [xem ma cif cua minh] - formatted_query: [Xem ma cif cua minh] - normalized_query: [Xem ma cif cua minh]
2026-01-06 09:18:50 | DEBUG    | log:153 | [perform_hybrid_search] BM25 raw scores: min=0.0000, max=8.0352
2026-01-06 09:18:50 | DEBUG    | log:153 | [classify_query_intent] No keyword matches found in: 'Xem ma cif cua minh'
2026-01-06 09:18:50 | DEBUG    | log:153 | [normalize_query] 'ho so kyc tui...' -> 'Ho so kyc tui...'
2026-01-06 09:18:50 | DEBUG    | log:153 | [perform_hybrid_search] query_text: [ho so kyc tui] - formatted_query: [Ho so kyc tui] - normalized_query: [Ho so kyc tui]
2026-01-06 09:18:50 | DEBUG    | log:153 | [perform_hybrid_search] BM25 raw scores: min=0.0095, max=6.2775
2026-01-06 09:18:50 | DEBUG    | log:153 | [get_keyword_boost] Query: 'Ho so kyc tui...' | Doc: getUserProfile | Tra | Boost: 0.25 | Matched: ['kyc']
2026-01-06 09:18:50 | DEBUG    | log:153 | [classify_query_intent] Classified: 'Ho so kyc tui...' -> getUserProfile | Tra cứu thông (score=1)
2026-01-06 09:18:50 | DEBUG    | log:153 | [normalize_query] 'tui xac thuc acc chua...' -> 'Tui xac thuc acc chua...'
2026-01-06 09:18:50 | DEBUG    | log:153 | [perform_hybrid_search] query_text: [tui xac thuc acc chua] - formatted_query: [Tui xac thuc acc chua] - normalized_query: [Tui xac thuc acc chua]
2026-01-06 09:18:50 | DEBUG    | log:153 | [perform_hybrid_search] BM25 raw scores: min=0.0000, max=5.0323
2026-01-06 09:18:50 | DEBUG    | log:153 | [classify_query_intent] No keyword matches found in: 'Tui xac thuc acc chua'
2026-01-06 09:18:50 | DEBUG    | log:153 | [normalize_query] 'check thong tin dinh danh phat...' -> 'Check thong tin dinh danh phat...'
2026-01-06 09:18:50 | DEBUG    | log:153 | [perform_hybrid_search] query_text: [check thong tin dinh danh phat] - formatted_query: [Check thong tin dinh danh phat] - normalized_query: [Check thong tin dinh danh phat]
2026-01-06 09:18:50 | DEBUG    | log:153 | [perform_hybrid_search] BM25 raw scores: min=0.0000, max=4.6009
2026-01-06 09:18:50 | DEBUG    | log:153 | [get_keyword_boost] Query: 'Check thong tin dinh danh phat...' | Doc: Tra cứu giao dịch ch | Boost: 0.25 | Matched: ['ck']
2026-01-06 09:18:50 | DEBUG    | log:153 | [classify_query_intent] Classified: 'Check thong tin dinh danh phat...' -> Tra cứu giao dịch chuyển tiền (score=1)
2026-01-06 09:18:50 | DEBUG    | log:153 | [normalize_query] 'ekyc cua tui sao r...' -> 'Ekyc cua tui sao r...'
2026-01-06 09:18:50 | DEBUG    | log:153 | [perform_hybrid_search] query_text: [ekyc cua tui sao r] - formatted_query: [Ekyc cua tui sao r] - normalized_query: [Ekyc cua tui sao r]
2026-01-06 09:18:50 | DEBUG    | log:153 | [perform_hybrid_search] BM25 raw scores: min=0.0000, max=2.9478
2026-01-06 09:18:50 | DEBUG    | log:153 | [get_keyword_boost] Query: 'Ekyc cua tui sao r...' | Doc: getUserProfile | Tra | Boost: 0.50 | Matched: ['kyc', 'ekyc']
2026-01-06 09:18:50 | DEBUG    | log:153 | [classify_query_intent] Classified: 'Ekyc cua tui sao r...' -> getUserProfile | Tra cứu thông (score=2)
2026-01-06 09:18:50 | DEBUG    | log:153 | [normalize_query] 'giay to da duoc duyet chua...' -> 'Giay to da duoc duyet chua...'
2026-01-06 09:18:50 | DEBUG    | log:153 | [perform_hybrid_search] query_text: [giay to da duoc duyet chua] - formatted_query: [Giay to da duoc duyet chua] - normalized_query: [Giay to da duoc duyet chua]
2026-01-06 09:18:51 | DEBUG    | log:153 | [perform_hybrid_search] BM25 raw scores: min=0.0000, max=7.0155
2026-01-06 09:18:51 | DEBUG    | log:153 | [classify_query_intent] No keyword matches found in: 'Giay to da duoc duyet chua'
2026-01-06 09:18:51 | DEBUG    | log:153 | [normalize_query] 'cif cua tui la j nhi...' -> 'Cif cua tui la j nhi...'
2026-01-06 09:18:51 | DEBUG    | log:153 | [perform_hybrid_search] query_text: [cif cua tui la j nhi] - formatted_query: [Cif cua tui la j nhi] - normalized_query: [Cif cua tui la j nhi]
2026-01-06 09:18:51 | DEBUG    | log:153 | [perform_hybrid_search] BM25 raw scores: min=0.0000, max=1.9493
2026-01-06 09:18:51 | DEBUG    | log:153 | [classify_query_intent] No keyword matches found in: 'Cif cua tui la j nhi'
2026-01-06 09:18:51 | DEBUG    | log:153 | [normalize_query] 'tui o cap do dinh danh nao...' -> 'Tui o cap do dinh danh nao...'
2026-01-06 09:18:51 | DEBUG    | log:153 | [perform_hybrid_search] query_text: [tui o cap do dinh danh nao] - formatted_query: [Tui o cap do dinh danh nao] - normalized_query: [Tui o cap do dinh danh nao]
2026-01-06 09:18:51 | DEBUG    | log:153 | [perform_hybrid_search] BM25 raw scores: min=0.0000, max=11.5821
2026-01-06 09:18:51 | DEBUG    | log:153 | [classify_query_intent] No keyword matches found in: 'Tui o cap do dinh danh nao'
2026-01-06 09:18:51 | DEBUG    | log:153 | [normalize_query] 'identity tui co j...' -> 'Identity tui co j...'
2026-01-06 09:18:51 | DEBUG    | log:153 | [perform_hybrid_search] query_text: [identity tui co j] - formatted_query: [Identity tui co j] - normalized_query: [Identity tui co j]
2026-01-06 09:18:51 | DEBUG    | log:153 | [perform_hybrid_search] BM25 raw scores: min=0.0000, max=2.7220
2026-01-06 09:18:51 | DEBUG    | log:153 | [get_keyword_boost] Query: 'Identity tui co j...' | Doc: Tra cứu chi tiết một | Boost: 0.25 | Matched: ['id']
2026-01-06 09:18:51 | DEBUG    | log:153 | [get_keyword_boost] Query: 'Identity tui co j...' | Doc: getUserProfile | Tra | Boost: 0.25 | Matched: ['identity']
2026-01-06 09:18:51 | DEBUG    | log:153 | [classify_query_intent] Ambiguous: 'Identity tui co j...' | Scores: {'Tra cứu chi tiết một giao dịch cụ thể': 1, 'getUserProfile | Tra cứu thông tin định danh': 1}
2026-01-06 09:18:51 | DEBUG    | log:153 | [normalize_query] 'check status dinh danh...' -> 'Check status dinh danh...'
2026-01-06 09:18:51 | DEBUG    | log:153 | [perform_hybrid_search] query_text: [check status dinh danh] - formatted_query: [Check status dinh danh] - normalized_query: [Check status dinh danh]
2026-01-06 09:18:51 | DEBUG    | log:153 | [perform_hybrid_search] BM25 raw scores: min=0.0000, max=4.2306
2026-01-06 09:18:51 | DEBUG    | log:153 | [get_keyword_boost] Query: 'Check status dinh danh...' | Doc: Tra cứu giao dịch ch | Boost: 0.25 | Matched: ['ck']
2026-01-06 09:18:51 | DEBUG    | log:153 | [get_keyword_boost] Query: 'Check status dinh danh...' | Doc: getUserProfile | Kiể | Boost: 0.25 | Matched: ['status']
2026-01-06 09:18:51 | DEBUG    | log:153 | [classify_query_intent] Ambiguous: 'Check status dinh danh...' | Scores: {'Tra cứu giao dịch chuyển tiền': 1, 'getUserProfile | Kiểm tra trạng thái hồ sơ khách hàng': 1}
2026-01-06 09:18:51 | DEBUG    | log:153 | [normalize_query] 'tui da ekyc xong chua...' -> 'Tui da ekyc xong chua...'
2026-01-06 09:18:51 | DEBUG    | log:153 | [perform_hybrid_search] query_text: [tui da ekyc xong chua] - formatted_query: [Tui da ekyc xong chua] - normalized_query: [Tui da ekyc xong chua]
2026-01-06 09:18:51 | DEBUG    | log:153 | [perform_hybrid_search] BM25 raw scores: min=0.0000, max=6.1508
2026-01-06 09:18:51 | DEBUG    | log:153 | [get_keyword_boost] Query: 'Tui da ekyc xong chua...' | Doc: getUserProfile | Tra | Boost: 0.50 | Matched: ['kyc', 'ekyc']
2026-01-06 09:18:51 | DEBUG    | log:153 | [classify_query_intent] Classified: 'Tui da ekyc xong chua...' -> getUserProfile | Tra cứu thông (score=2)
2026-01-06 09:18:51 | DEBUG    | log:153 | [normalize_query] 'ho so tui sao r...' -> 'Ho so tui sao r...'
2026-01-06 09:18:51 | DEBUG    | log:153 | [perform_hybrid_search] query_text: [ho so tui sao r] - formatted_query: [Ho so tui sao r] - normalized_query: [Ho so tui sao r]
2026-01-06 09:18:51 | DEBUG    | log:153 | [perform_hybrid_search] BM25 raw scores: min=0.0095, max=4.6550
2026-01-06 09:18:51 | DEBUG    | log:153 | [classify_query_intent] No keyword matches found in: 'Ho so tui sao r'
2026-01-06 09:18:51 | DEBUG    | log:153 | [normalize_query] 'check status ho so cai...' -> 'Check status ho so cai...'
2026-01-06 09:18:51 | DEBUG    | log:153 | [perform_hybrid_search] query_text: [check status ho so cai] - formatted_query: [Check status ho so cai] - normalized_query: [Check status ho so cai]
2026-01-06 09:18:51 | DEBUG    | log:153 | [perform_hybrid_search] BM25 raw scores: min=0.0095, max=5.1479
2026-01-06 09:18:51 | DEBUG    | log:153 | [get_keyword_boost] Query: 'Check status ho so cai...' | Doc: Tra cứu giao dịch ch | Boost: 0.25 | Matched: ['ck']
2026-01-06 09:18:51 | DEBUG    | log:153 | [get_keyword_boost] Query: 'Check status ho so cai...' | Doc: getUserProfile | Kiể | Boost: 0.25 | Matched: ['status']
2026-01-06 09:18:51 | DEBUG    | log:153 | [classify_query_intent] Ambiguous: 'Check status ho so cai...' | Scores: {'Tra cứu giao dịch chuyển tiền': 1, 'getUserProfile | Kiểm tra trạng thái hồ sơ khách hàng': 1}
2026-01-06 09:18:51 | DEBUG    | log:153 | [normalize_query] 'tui dang active hay inactive v...' -> 'Tui dang active hay inactive v...'
2026-01-06 09:18:51 | DEBUG    | log:153 | [perform_hybrid_search] query_text: [tui dang active hay inactive v] - formatted_query: [Tui dang active hay inactive v] - normalized_query: [Tui dang active hay inactive v]
2026-01-06 09:18:51 | DEBUG    | log:153 | [perform_hybrid_search] BM25 raw scores: min=0.0085, max=14.1473
2026-01-06 09:18:51 | DEBUG    | log:153 | [get_keyword_boost] Query: 'Tui dang active hay inactive v...' | Doc: getUserProfile | Kiể | Boost: 0.50 | Matched: ['active', 'inactive']
2026-01-06 09:18:51 | DEBUG    | log:153 | [classify_query_intent] Classified: 'Tui dang active hay inactive v...' -> getUserProfile | Kiểm tra trạn (score=2)
2026-01-06 09:18:51 | DEBUG    | log:153 | [normalize_query] 'tinh trang ho so tui ntn...' -> 'Tinh trang ho so tui ntn...'
2026-01-06 09:18:51 | DEBUG    | log:153 | [perform_hybrid_search] query_text: [tinh trang ho so tui ntn] - formatted_query: [Tinh trang ho so tui ntn] - normalized_query: [Tinh trang ho so tui ntn]
2026-01-06 09:18:51 | DEBUG    | log:153 | [perform_hybrid_search] BM25 raw scores: min=0.0109, max=11.1809
2026-01-06 09:18:51 | DEBUG    | log:153 | [classify_query_intent] No keyword matches found in: 'Tinh trang ho so tui ntn'
2026-01-06 09:18:51 | DEBUG    | log:153 | [normalize_query] 'ho so co bi khoa k...' -> 'Ho so co bi khoa k...'
2026-01-06 09:18:51 | DEBUG    | log:153 | [perform_hybrid_search] query_text: [ho so co bi khoa k] - formatted_query: [Ho so co bi khoa k] - normalized_query: [Ho so co bi khoa k]
2026-01-06 09:18:51 | DEBUG    | log:153 | [perform_hybrid_search] BM25 raw scores: min=0.0109, max=6.5225
2026-01-06 09:18:51 | DEBUG    | log:153 | [classify_query_intent] No keyword matches found in: 'Ho so co bi khoa k'
2026-01-06 09:18:51 | DEBUG    | log:153 | [normalize_query] 'check xem ho so con xai dc k...' -> 'Check xem ho so con xai dc k...'
2026-01-06 09:18:51 | DEBUG    | log:153 | [perform_hybrid_search] query_text: [check xem ho so con xai dc k] - formatted_query: [Check xem ho so con xai dc k] - normalized_query: [Check xem ho so con xai dc k]
2026-01-06 09:18:51 | DEBUG    | log:153 | [perform_hybrid_search] BM25 raw scores: min=0.0202, max=7.3751
2026-01-06 09:18:51 | DEBUG    | log:153 | [get_keyword_boost] Query: 'Check xem ho so con xai dc k...' | Doc: Tra cứu giao dịch ch | Boost: 0.25 | Matched: ['ck']
2026-01-06 09:18:51 | DEBUG    | log:153 | [classify_query_intent] Classified: 'Check xem ho so con xai dc k...' -> Tra cứu giao dịch chuyển tiền (score=1)
2026-01-06 09:18:51 | DEBUG    | log:153 | [normalize_query] 'trang thai hien tai cua tui...' -> 'Trang thai hien tai cua tui...'
2026-01-06 09:18:51 | DEBUG    | log:153 | [perform_hybrid_search] query_text: [trang thai hien tai cua tui] - formatted_query: [Trang thai hien tai cua tui] - normalized_query: [Trang thai hien tai cua tui]
2026-01-06 09:18:51 | DEBUG    | log:153 | [perform_hybrid_search] BM25 raw scores: min=0.2973, max=12.2807
2026-01-06 09:18:51 | DEBUG    | log:153 | [classify_query_intent] No keyword matches found in: 'Trang thai hien tai cua tui'
2026-01-06 09:18:51 | DEBUG    | log:153 | [normalize_query] 'ho so tui bi j v...' -> 'Ho so tui bi j v...'
2026-01-06 09:18:51 | DEBUG    | log:153 | [perform_hybrid_search] query_text: [ho so tui bi j v] - formatted_query: [Ho so tui bi j v] - normalized_query: [Ho so tui bi j v]
2026-01-06 09:18:51 | DEBUG    | log:153 | [perform_hybrid_search] BM25 raw scores: min=0.0095, max=3.0467
2026-01-06 09:18:51 | DEBUG    | log:153 | [classify_query_intent] No keyword matches found in: 'Ho so tui bi j v'
2026-01-06 09:18:51 | DEBUG    | log:153 | [normalize_query] 'xem tinh trang ho so...' -> 'Xem tinh trang ho so...'
2026-01-06 09:18:51 | DEBUG    | log:153 | [perform_hybrid_search] query_text: [xem tinh trang ho so] - formatted_query: [Xem tinh trang ho so] - normalized_query: [Xem tinh trang ho so]
2026-01-06 09:18:51 | DEBUG    | log:153 | [perform_hybrid_search] BM25 raw scores: min=0.0202, max=11.1809
2026-01-06 09:18:51 | DEBUG    | log:153 | [classify_query_intent] No keyword matches found in: 'Xem tinh trang ho so'
2026-01-06 09:18:51 | DEBUG    | log:153 | [normalize_query] 'tui co bi block ho so k...' -> 'Tui co bi block ho so k...'
2026-01-06 09:18:51 | DEBUG    | log:153 | [perform_hybrid_search] query_text: [tui co bi block ho so k] - formatted_query: [Tui co bi block ho so k] - normalized_query: [Tui co bi block ho so k]
2026-01-06 09:18:51 | DEBUG    | log:153 | [perform_hybrid_search] BM25 raw scores: min=0.0109, max=4.2707
2026-01-06 09:18:51 | DEBUG    | log:153 | [get_keyword_boost] Query: 'Tui co bi block ho so k...' | Doc: Tra cứu giao dịch ch | Boost: 0.25 | Matched: ['ck']
2026-01-06 09:18:51 | DEBUG    | log:153 | [classify_query_intent] Classified: 'Tui co bi block ho so k...' -> Tra cứu giao dịch chuyển tiền (score=1)
2026-01-06 09:18:51 | DEBUG    | log:153 | [normalize_query] 'check hồ sơ phát...' -> 'Check hồ sơ phát...'
2026-01-06 09:18:51 | DEBUG    | log:153 | [perform_hybrid_search] query_text: [check hồ sơ phát] - formatted_query: [Check hồ sơ phát] - normalized_query: [Check hồ sơ phát]
2026-01-06 09:18:51 | DEBUG    | log:153 | [perform_hybrid_search] BM25 raw scores: min=0.0111, max=12.0684
2026-01-06 09:18:51 | DEBUG    | log:153 | [get_keyword_boost] Query: 'Check hồ sơ phát...' | Doc: Tra cứu giao dịch ch | Boost: 0.25 | Matched: ['ck']
2026-01-06 09:18:51 | DEBUG    | log:153 | [classify_query_intent] Classified: 'Check hồ sơ phát...' -> Tra cứu giao dịch chuyển tiền (score=1)
2026-01-06 09:18:51 | DEBUG    | log:153 | [normalize_query] 'ho so tui dang o trang thai nao...' -> 'Ho so tui dang o trang thai nao...'
2026-01-06 09:18:51 | DEBUG    | log:153 | [perform_hybrid_search] query_text: [ho so tui dang o trang thai nao] - formatted_query: [Ho so tui dang o trang thai nao] - normalized_query: [Ho so tui dang o trang thai nao]
2026-01-06 09:18:51 | DEBUG    | log:153 | [perform_hybrid_search] BM25 raw scores: min=0.0217, max=9.8779
2026-01-06 09:18:51 | DEBUG    | log:153 | [classify_query_intent] No keyword matches found in: 'Ho so tui dang o trang thai nao'
2026-01-06 09:18:51 | DEBUG    | log:153 | [normalize_query] 'acc tui con hoat dong k...' -> 'Acc tui con hoat dong k...'
2026-01-06 09:18:51 | DEBUG    | log:153 | [perform_hybrid_search] query_text: [acc tui con hoat dong k] - formatted_query: [Acc tui con hoat dong k] - normalized_query: [Acc tui con hoat dong k]
2026-01-06 09:18:51 | DEBUG    | log:153 | [perform_hybrid_search] BM25 raw scores: min=0.0000, max=3.8436
2026-01-06 09:18:51 | DEBUG    | log:153 | [classify_query_intent] No keyword matches found in: 'Acc tui con hoat dong k'
2026-01-06 09:18:51 | DEBUG    | log:153 | [normalize_query] 'check status tui cai...' -> 'Check status tui cai...'
2026-01-06 09:18:51 | DEBUG    | log:153 | [perform_hybrid_search] query_text: [check status tui cai] - formatted_query: [Check status tui cai] - normalized_query: [Check status tui cai]
2026-01-06 09:18:51 | DEBUG    | log:153 | [perform_hybrid_search] BM25 raw scores: min=0.0000, max=2.2518
2026-01-06 09:18:51 | DEBUG    | log:153 | [get_keyword_boost] Query: 'Check status tui cai...' | Doc: Tra cứu giao dịch ch | Boost: 0.25 | Matched: ['ck']
2026-01-06 09:18:51 | DEBUG    | log:153 | [get_keyword_boost] Query: 'Check status tui cai...' | Doc: getUserProfile | Kiể | Boost: 0.25 | Matched: ['status']
2026-01-06 09:18:51 | DEBUG    | log:153 | [classify_query_intent] Ambiguous: 'Check status tui cai...' | Scores: {'Tra cứu giao dịch chuyển tiền': 1, 'getUserProfile | Kiểm tra trạng thái hồ sơ khách hàng': 1}
2026-01-06 09:18:51 | DEBUG    | log:153 | [normalize_query] 'ho so tui co dang bi tam ngung k...' -> 'Ho so tui co dang bi tam ngung k...'
2026-01-06 09:18:51 | DEBUG    | log:153 | [perform_hybrid_search] query_text: [ho so tui co dang bi tam ngung k] - formatted_query: [Ho so tui co dang bi tam ngung k] - normalized_query: [Ho so tui co dang bi tam ngung k]
2026-01-06 09:18:51 | DEBUG    | log:153 | [perform_hybrid_search] BM25 raw scores: min=0.0217, max=11.1525
2026-01-06 09:18:51 | DEBUG    | log:153 | [classify_query_intent] No keyword matches found in: 'Ho so tui co dang bi tam ngung k'
2026-01-06 09:18:51 | DEBUG    | log:153 | [normalize_query] 'xem ho so tui con on k...' -> 'Xem ho so tui con on k...'
2026-01-06 09:18:51 | DEBUG    | log:153 | [perform_hybrid_search] query_text: [xem ho so tui con on k] - formatted_query: [Xem ho so tui con on k] - normalized_query: [Xem ho so tui con on k]
2026-01-06 09:18:51 | DEBUG    | log:153 | [perform_hybrid_search] BM25 raw scores: min=0.0202, max=7.3751
2026-01-06 09:18:51 | DEBUG    | log:153 | [classify_query_intent] No keyword matches found in: 'Xem ho so tui con on k'
2026-01-06 09:18:51 | DEBUG    | log:153 | [normalize_query] 'trang thai khach hang cua tui...' -> 'Trang thai khach hang cua tui...'
2026-01-06 09:18:51 | DEBUG    | log:153 | [perform_hybrid_search] query_text: [trang thai khach hang cua tui] - formatted_query: [Trang thai khach hang cua tui] - normalized_query: [Trang thai khach hang cua tui]
2026-01-06 09:18:51 | DEBUG    | log:153 | [perform_hybrid_search] BM25 raw scores: min=0.0000, max=17.4902
2026-01-06 09:18:51 | DEBUG    | log:153 | [classify_query_intent] No keyword matches found in: 'Trang thai khach hang cua tui'
2026-01-06 09:18:51 | DEBUG    | log:153 | [normalize_query] 'tui co bi khoa acc k nhi...' -> 'Tui co bi khoa acc k nhi...'
2026-01-06 09:18:51 | DEBUG    | log:153 | [perform_hybrid_search] query_text: [tui co bi khoa acc k nhi] - formatted_query: [Tui co bi khoa acc k nhi] - normalized_query: [Tui co bi khoa acc k nhi]
2026-01-06 09:18:51 | DEBUG    | log:153 | [perform_hybrid_search] BM25 raw scores: min=0.0000, max=3.6265
2026-01-06 09:18:51 | DEBUG    | log:153 | [classify_query_intent] No keyword matches found in: 'Tui co bi khoa acc k nhi'
2026-01-06 09:18:51 | DEBUG    | log:153 | [normalize_query] 'check ho so tui ngay di...' -> 'Check ho so tui ngay di...'
2026-01-06 09:18:51 | DEBUG    | log:153 | [perform_hybrid_search] query_text: [check ho so tui ngay di] - formatted_query: [Check ho so tui ngay di] - normalized_query: [Check ho so tui ngay di]
2026-01-06 09:18:51 | DEBUG    | log:153 | [perform_hybrid_search] BM25 raw scores: min=0.0096, max=4.4950
2026-01-06 09:18:51 | DEBUG    | log:153 | [get_keyword_boost] Query: 'Check ho so tui ngay di...' | Doc: Tra cứu giao dịch ch | Boost: 0.25 | Matched: ['ck']
2026-01-06 09:18:51 | DEBUG    | log:153 | [classify_query_intent] Classified: 'Check ho so tui ngay di...' -> Tra cứu giao dịch chuyển tiền (score=1)
2026-01-06 09:18:51 | DEBUG    | log:153 | [normalize_query] 'tinh hinh ho so tui sao r...' -> 'Tinh hinh ho so tui sao r...'
2026-01-06 09:18:51 | DEBUG    | log:153 | [perform_hybrid_search] query_text: [tinh hinh ho so tui sao r] - formatted_query: [Tinh hinh ho so tui sao r] - normalized_query: [Tinh hinh ho so tui sao r]
2026-01-06 09:18:51 | DEBUG    | log:153 | [perform_hybrid_search] BM25 raw scores: min=0.0095, max=8.4733
2026-01-06 09:18:51 | DEBUG    | log:153 | [classify_query_intent] No keyword matches found in: 'Tinh hinh ho so tui sao r'
2026-01-06 09:18:51 | DEBUG    | log:153 | [normalize_query] 'ho so tui bi tam khoa ha...' -> 'Ho so tui bi tam khoa ha...'
2026-01-06 09:18:51 | DEBUG    | log:153 | [perform_hybrid_search] query_text: [ho so tui bi tam khoa ha] - formatted_query: [Ho so tui bi tam khoa ha] - normalized_query: [Ho so tui bi tam khoa ha]
2026-01-06 09:18:51 | DEBUG    | log:153 | [perform_hybrid_search] BM25 raw scores: min=0.0095, max=8.5815
2026-01-06 09:18:51 | DEBUG    | log:153 | [classify_query_intent] No keyword matches found in: 'Ho so tui bi tam khoa ha'
2026-01-06 09:18:51 | DEBUG    | log:153 | [normalize_query] 'check ho so hien tai...' -> 'Check ho so hien tai...'
2026-01-06 09:18:51 | DEBUG    | log:153 | [perform_hybrid_search] query_text: [check ho so hien tai] - formatted_query: [Check ho so hien tai] - normalized_query: [Check ho so hien tai]
2026-01-06 09:18:51 | DEBUG    | log:153 | [perform_hybrid_search] BM25 raw scores: min=0.1886, max=4.9721
2026-01-06 09:18:51 | DEBUG    | log:153 | [get_keyword_boost] Query: 'Check ho so hien tai...' | Doc: Tra cứu giao dịch ch | Boost: 0.25 | Matched: ['ck']
2026-01-06 09:18:51 | DEBUG    | log:153 | [classify_query_intent] Classified: 'Check ho so hien tai...' -> Tra cứu giao dịch chuyển tiền (score=1)
2026-01-06 09:18:51 | DEBUG    | log:153 | [normalize_query] 'tui co con la khach hang k...' -> 'Tui co con la khach hang k...'
2026-01-06 09:18:51 | DEBUG    | log:153 | [perform_hybrid_search] query_text: [tui co con la khach hang k] - formatted_query: [Tui co con la khach hang k] - normalized_query: [Tui co con la khach hang k]
2026-01-06 09:18:51 | DEBUG    | log:153 | [perform_hybrid_search] BM25 raw scores: min=0.0000, max=11.0238
2026-01-06 09:18:51 | DEBUG    | log:153 | [classify_query_intent] No keyword matches found in: 'Tui co con la khach hang k'
2026-01-06 09:18:51 | DEBUG    | log:153 | [normalize_query] 'ho so tui co van de j k...' -> 'Ho so tui co van de j k...'
2026-01-06 09:18:51 | DEBUG    | log:153 | [perform_hybrid_search] query_text: [ho so tui co van de j k] - formatted_query: [Ho so tui co van de j k] - normalized_query: [Ho so tui co van de j k]
2026-01-06 09:18:52 | DEBUG    | log:153 | [perform_hybrid_search] BM25 raw scores: min=0.0326, max=4.2998
2026-01-06 09:18:52 | DEBUG    | log:153 | [classify_query_intent] No keyword matches found in: 'Ho so tui co van de j k'
2026-01-06 09:18:52 | DEBUG    | log:153 | [normalize_query] 'xem status ho so tui...' -> 'Xem status ho so tui...'
2026-01-06 09:18:52 | DEBUG    | log:153 | [perform_hybrid_search] query_text: [xem status ho so tui] - formatted_query: [Xem status ho so tui] - normalized_query: [Xem status ho so tui]
2026-01-06 09:18:52 | DEBUG    | log:153 | [perform_hybrid_search] BM25 raw scores: min=0.0202, max=7.3751
2026-01-06 09:18:52 | DEBUG    | log:153 | [get_keyword_boost] Query: 'Xem status ho so tui...' | Doc: getUserProfile | Kiể | Boost: 0.25 | Matched: ['status']
2026-01-06 09:18:52 | DEBUG    | log:153 | [classify_query_intent] Classified: 'Xem status ho so tui...' -> getUserProfile | Kiểm tra trạn (score=1)
2026-01-06 09:18:52 | DEBUG    | log:153 | [normalize_query] 'sao ho so tui k hoat dong...' -> 'Sao ho so tui k hoat dong...'
2026-01-06 09:18:52 | DEBUG    | log:153 | [perform_hybrid_search] query_text: [sao ho so tui k hoat dong] - formatted_query: [Sao ho so tui k hoat dong] - normalized_query: [Sao ho so tui k hoat dong]
2026-01-06 09:18:52 | DEBUG    | log:153 | [perform_hybrid_search] BM25 raw scores: min=0.0095, max=4.6550
2026-01-06 09:18:52 | DEBUG    | log:153 | [classify_query_intent] No keyword matches found in: 'Sao ho so tui k hoat dong'
2026-01-06 09:18:52 | DEBUG    | log:153 | [normalize_query] 'check ho so dang ky...' -> 'Check ho so dang ky...'
2026-01-06 09:18:52 | DEBUG    | log:153 | [perform_hybrid_search] query_text: [check ho so dang ky] - formatted_query: [Check ho so dang ky] - normalized_query: [Check ho so dang ky]
2026-01-06 09:18:52 | DEBUG    | log:153 | [perform_hybrid_search] BM25 raw scores: min=0.0192, max=6.3075
2026-01-06 09:18:52 | DEBUG    | log:153 | [get_keyword_boost] Query: 'Check ho so dang ky...' | Doc: Tra cứu giao dịch ch | Boost: 0.25 | Matched: ['ck']
2026-01-06 09:18:52 | DEBUG    | log:153 | [classify_query_intent] Classified: 'Check ho so dang ky...' -> Tra cứu giao dịch chuyển tiền (score=1)
2026-01-06 09:18:52 | DEBUG    | log:153 | [normalize_query] 'ho so tui co dang bi treo k...' -> 'Ho so tui co dang bi treo k...'
2026-01-06 09:18:52 | DEBUG    | log:153 | [perform_hybrid_search] query_text: [ho so tui co dang bi treo k] - formatted_query: [Ho so tui co dang bi treo k] - normalized_query: [Ho so tui co dang bi treo k]
2026-01-06 09:18:52 | DEBUG    | log:153 | [perform_hybrid_search] BM25 raw scores: min=0.0217, max=4.2852
2026-01-06 09:18:52 | DEBUG    | log:153 | [classify_query_intent] No keyword matches found in: 'Ho so tui co dang bi treo k'
2026-01-06 09:18:52 | DEBUG    | log:153 | [normalize_query] 'tinh trang account cua tui...' -> 'Tinh trang account cua tui...'
2026-01-06 09:18:52 | DEBUG    | log:153 | [perform_hybrid_search] query_text: [tinh trang account cua tui] - formatted_query: [Tinh trang account cua tui] - normalized_query: [Tinh trang account cua tui]
2026-01-06 09:18:52 | DEBUG    | log:153 | [perform_hybrid_search] BM25 raw scores: min=0.0000, max=8.2848
2026-01-06 09:18:52 | DEBUG    | log:153 | [classify_query_intent] No keyword matches found in: 'Tinh trang account cua tui'
2026-01-06 09:18:52 | DEBUG    | log:153 | [normalize_query] 'trang thai acc tui la j...' -> 'Trang thai acc tui la j...'
2026-01-06 09:18:52 | DEBUG    | log:153 | [perform_hybrid_search] query_text: [trang thai acc tui la j] - formatted_query: [Trang thai acc tui la j] - normalized_query: [Trang thai acc tui la j]
2026-01-06 09:18:52 | DEBUG    | log:153 | [perform_hybrid_search] BM25 raw scores: min=0.0000, max=3.3374
2026-01-06 09:18:52 | DEBUG    | log:153 | [classify_query_intent] No keyword matches found in: 'Trang thai acc tui la j'
2026-01-06 09:18:52 | DEBUG    | log:153 | [normalize_query] 'ho so tui dang mo hay dong...' -> 'Ho so tui dang mo hay dong...'
2026-01-06 09:18:52 | DEBUG    | log:153 | [perform_hybrid_search] query_text: [ho so tui dang mo hay dong] - formatted_query: [Ho so tui dang mo hay dong] - normalized_query: [Ho so tui dang mo hay dong]
2026-01-06 09:18:52 | DEBUG    | log:153 | [perform_hybrid_search] BM25 raw scores: min=0.0190, max=5.2231
2026-01-06 09:18:52 | DEBUG    | log:153 | [classify_query_intent] No keyword matches found in: 'Ho so tui dang mo hay dong'
2026-01-06 09:18:52 | DEBUG    | log:153 | [normalize_query] 'check giùm trạng thái hồ sơ...' -> 'Check giùm trạng thái hồ sơ...'
2026-01-06 09:18:52 | DEBUG    | log:153 | [perform_hybrid_search] query_text: [check giùm trạng thái hồ sơ] - formatted_query: [Check giùm trạng thái hồ sơ] - normalized_query: [Check giùm trạng thái hồ sơ]
2026-01-06 09:18:52 | DEBUG    | log:153 | [perform_hybrid_search] BM25 raw scores: min=0.0109, max=19.8841
2026-01-06 09:18:52 | DEBUG    | log:153 | [get_keyword_boost] Query: 'Check giùm trạng thái hồ sơ...' | Doc: Tra cứu giao dịch th | Boost: 0.25 | Matched: ['trạng thái']
2026-01-06 09:18:52 | DEBUG    | log:153 | [get_keyword_boost] Query: 'Check giùm trạng thái hồ sơ...' | Doc: Tra cứu giao dịch ch | Boost: 0.25 | Matched: ['ck']
2026-01-06 09:18:52 | DEBUG    | log:153 | [get_keyword_boost] Query: 'Check giùm trạng thái hồ sơ...' | Doc: getUserProfile | Kiể | Boost: 0.25 | Matched: ['trạng thái']
2026-01-06 09:18:52 | DEBUG    | log:153 | [classify_query_intent] Ambiguous: 'Check giùm trạng thái hồ sơ...' | Scores: {'Tra cứu giao dịch theo trạng thái': 1, 'Tra cứu giao dịch chuyển tiền': 1, 'getUserProfile | Kiểm tra trạng thái hồ sơ khách hàng': 1}
2026-01-06 09:18:52 | DEBUG    | log:153 | [normalize_query] 'ho so tui bi vo hieu hoa a...' -> 'Ho so tui bi vo hieu hoa a...'
2026-01-06 09:18:52 | DEBUG    | log:153 | [perform_hybrid_search] query_text: [ho so tui bi vo hieu hoa a] - formatted_query: [Ho so tui bi vo hieu hoa a] - normalized_query: [Ho so tui bi vo hieu hoa a]
2026-01-06 09:18:52 | DEBUG    | log:153 | [perform_hybrid_search] BM25 raw scores: min=0.0190, max=3.0571
2026-01-06 09:18:52 | DEBUG    | log:153 | [classify_query_intent] No keyword matches found in: 'Ho so tui bi vo hieu hoa a'
2026-01-06 09:18:52 | DEBUG    | log:153 | [normalize_query] 'xem lai trang thai ho so...' -> 'Xem lai trang thai ho so...'
2026-01-06 09:18:52 | DEBUG    | log:153 | [perform_hybrid_search] query_text: [xem lai trang thai ho so] - formatted_query: [Xem lai trang thai ho so] - normalized_query: [Xem lai trang thai ho so]
2026-01-06 09:18:52 | DEBUG    | log:153 | [perform_hybrid_search] BM25 raw scores: min=0.0202, max=8.5643
2026-01-06 09:18:52 | DEBUG    | log:153 | [classify_query_intent] No keyword matches found in: 'Xem lai trang thai ho so'
2026-01-06 09:18:52 | DEBUG    | log:153 | [normalize_query] 'acc tui co bi j k...' -> 'Acc tui co bi j k...'
2026-01-06 09:18:52 | DEBUG    | log:153 | [perform_hybrid_search] query_text: [acc tui co bi j k] - formatted_query: [Acc tui co bi j k] - normalized_query: [Acc tui co bi j k]
2026-01-06 09:18:52 | DEBUG    | log:153 | [perform_hybrid_search] BM25 raw scores: min=0.0000, max=1.7133
2026-01-06 09:18:52 | DEBUG    | log:153 | [classify_query_intent] No keyword matches found in: 'Acc tui co bi j k'
2026-01-06 09:18:52 | DEBUG    | log:153 | [normalize_query] 'check ho so moi nhat...' -> 'Check ho so moi nhat...'
2026-01-06 09:18:52 | DEBUG    | log:153 | [perform_hybrid_search] query_text: [check ho so moi nhat] - formatted_query: [Check ho so moi nhat] - normalized_query: [Check ho so moi nhat]
2026-01-06 09:18:52 | DEBUG    | log:153 | [perform_hybrid_search] BM25 raw scores: min=0.0096, max=5.2009
2026-01-06 09:18:52 | DEBUG    | log:153 | [get_keyword_boost] Query: 'Check ho so moi nhat...' | Doc: Tra cứu giao dịch ch | Boost: 0.25 | Matched: ['ck']
2026-01-06 09:18:52 | DEBUG    | log:153 | [classify_query_intent] Classified: 'Check ho so moi nhat...' -> Tra cứu giao dịch chuyển tiền (score=1)
2026-01-06 09:18:52 | DEBUG    | log:153 | [normalize_query] 'tui co dang active k v...' -> 'Tui co dang active k v...'
2026-01-06 09:18:52 | DEBUG    | log:153 | [perform_hybrid_search] query_text: [tui co dang active k v] - formatted_query: [Tui co dang active k v] - normalized_query: [Tui co dang active k v]
2026-01-06 09:18:52 | DEBUG    | log:153 | [perform_hybrid_search] BM25 raw scores: min=0.0109, max=3.0809
2026-01-06 09:18:52 | DEBUG    | log:153 | [get_keyword_boost] Query: 'Tui co dang active k v...' | Doc: getUserProfile | Kiể | Boost: 0.25 | Matched: ['active']
2026-01-06 09:18:52 | DEBUG    | log:153 | [classify_query_intent] Classified: 'Tui co dang active k v...' -> getUserProfile | Kiểm tra trạn (score=1)
2026-01-06 09:18:52 | DEBUG    | log:153 | [normalize_query] 'ho so tui con hieu luc k...' -> 'Ho so tui con hieu luc k...'
2026-01-06 09:18:52 | DEBUG    | log:153 | [perform_hybrid_search] query_text: [ho so tui con hieu luc k] - formatted_query: [Ho so tui con hieu luc k] - normalized_query: [Ho so tui con hieu luc k]
2026-01-06 09:18:52 | DEBUG    | log:153 | [perform_hybrid_search] BM25 raw scores: min=0.0095, max=5.1479
2026-01-06 09:18:52 | DEBUG    | log:153 | [classify_query_intent] No keyword matches found in: 'Ho so tui con hieu luc k'
2026-01-06 09:18:52 | DEBUG    | log:153 | [normalize_query] 'status cua tui tren he thong...' -> 'Status cua tui tren he thong...'
2026-01-06 09:18:52 | DEBUG    | log:153 | [perform_hybrid_search] query_text: [status cua tui tren he thong] - formatted_query: [Status cua tui tren he thong] - normalized_query: [Status cua tui tren he thong]
2026-01-06 09:18:52 | DEBUG    | log:153 | [perform_hybrid_search] BM25 raw scores: min=0.0000, max=3.4716
2026-01-06 09:18:52 | DEBUG    | log:153 | [get_keyword_boost] Query: 'Status cua tui tren he thong...' | Doc: getUserProfile | Kiể | Boost: 0.25 | Matched: ['status']
2026-01-06 09:18:52 | DEBUG    | log:153 | [classify_query_intent] Classified: 'Status cua tui tren he thong...' -> getUserProfile | Kiểm tra trạn (score=1)
2026-01-06 09:18:52 | DEBUG    | log:153 | [normalize_query] 'ho so tui co bi lock k v...' -> 'Ho so tui co bi lock k v...'
2026-01-06 09:18:52 | DEBUG    | log:153 | [perform_hybrid_search] query_text: [ho so tui co bi lock k v] - formatted_query: [Ho so tui co bi lock k v] - normalized_query: [Ho so tui co bi lock k v]
2026-01-06 09:18:52 | DEBUG    | log:153 | [perform_hybrid_search] BM25 raw scores: min=0.0109, max=4.2707
2026-01-06 09:18:52 | DEBUG    | log:153 | [get_keyword_boost] Query: 'Ho so tui co bi lock k v...' | Doc: Tra cứu giao dịch ch | Boost: 0.25 | Matched: ['ck']
2026-01-06 09:18:52 | DEBUG    | log:153 | [classify_query_intent] Classified: 'Ho so tui co bi lock k v...' -> Tra cứu giao dịch chuyển tiền (score=1)
2026-01-06 09:18:52 | DEBUG    | log:153 | [normalize_query] 'check kieu j de biet ho so on...' -> 'Check kieu j de biet ho so on...'
2026-01-06 09:18:52 | DEBUG    | log:153 | [perform_hybrid_search] query_text: [check kieu j de biet ho so on] - formatted_query: [Check kieu j de biet ho so on] - normalized_query: [Check kieu j de biet ho so on]
2026-01-06 09:18:52 | DEBUG    | log:153 | [perform_hybrid_search] BM25 raw scores: min=0.0202, max=5.2135
2026-01-06 09:18:52 | DEBUG    | log:153 | [get_keyword_boost] Query: 'Check kieu j de biet ho so on...' | Doc: Tra cứu giao dịch ch | Boost: 0.25 | Matched: ['ck']
2026-01-06 09:18:52 | DEBUG    | log:153 | [classify_query_intent] Classified: 'Check kieu j de biet ho so on...' -> Tra cứu giao dịch chuyển tiền (score=1)
2026-01-06 09:18:52 | DEBUG    | log:153 | [normalize_query] 'ho so tui co dang bi cam k...' -> 'Ho so tui co dang bi cam k...'
2026-01-06 09:18:52 | DEBUG    | log:153 | [perform_hybrid_search] query_text: [ho so tui co dang bi cam k] - formatted_query: [Ho so tui co dang bi cam k] - normalized_query: [Ho so tui co dang bi cam k]
2026-01-06 09:18:52 | DEBUG    | log:153 | [perform_hybrid_search] BM25 raw scores: min=0.0217, max=4.2852
2026-01-06 09:18:52 | DEBUG    | log:153 | [classify_query_intent] No keyword matches found in: 'Ho so tui co dang bi cam k'
2026-01-06 09:18:52 | DEBUG    | log:153 | [normalize_query] 'trang thai user cua tui...' -> 'Trang thai user cua tui...'
2026-01-06 09:18:52 | DEBUG    | log:153 | [perform_hybrid_search] query_text: [trang thai user cua tui] - formatted_query: [Trang thai user cua tui] - normalized_query: [Trang thai user cua tui]
2026-01-06 09:18:52 | DEBUG    | log:153 | [perform_hybrid_search] BM25 raw scores: min=0.0000, max=4.1259
2026-01-06 09:18:52 | DEBUG    | log:153 | [get_keyword_boost] Query: 'Trang thai user cua tui...' | Doc: getUserProfile | Tra | Boost: 0.25 | Matched: ['user']
2026-01-06 09:18:52 | DEBUG    | log:153 | [classify_query_intent] Classified: 'Trang thai user cua tui...' -> getUserProfile | Tra cứu thông (score=1)
2026-01-06 09:18:52 | DEBUG    | log:153 | [normalize_query] 'acc tui bi sao the...' -> 'Acc tui bi sao the...'
2026-01-06 09:18:52 | DEBUG    | log:153 | [perform_hybrid_search] query_text: [acc tui bi sao the] - formatted_query: [Acc tui bi sao the] - normalized_query: [Acc tui bi sao the]
2026-01-06 09:18:52 | DEBUG    | log:153 | [perform_hybrid_search] BM25 raw scores: min=0.0000, max=2.4122
2026-01-06 09:18:52 | DEBUG    | log:153 | [classify_query_intent] No keyword matches found in: 'Acc tui bi sao the'
2026-01-06 09:18:52 | DEBUG    | log:153 | [normalize_query] 'kiem tra tinh trang ho so tui...' -> 'Kiem tra tinh trang ho so tui...'
2026-01-06 09:18:52 | DEBUG    | log:153 | [perform_hybrid_search] query_text: [kiem tra tinh trang ho so tui] - formatted_query: [Kiem tra tinh trang ho so tui] - normalized_query: [Kiem tra tinh trang ho so tui]
2026-01-06 09:18:52 | DEBUG    | log:153 | [perform_hybrid_search] BM25 raw scores: min=0.0396, max=25.4869
2026-01-06 09:18:52 | DEBUG    | log:153 | [classify_query_intent] No keyword matches found in: 'Kiem tra tinh trang ho so tui'
2026-01-06 09:18:52 | DEBUG    | log:153 | [normalize_query] 'ho so tui co bi ngung k...' -> 'Ho so tui co bi ngung k...'
2026-01-06 09:18:52 | DEBUG    | log:153 | [perform_hybrid_search] query_text: [ho so tui co bi ngung k] - formatted_query: [Ho so tui co bi ngung k] - normalized_query: [Ho so tui co bi ngung k]
2026-01-06 09:18:52 | DEBUG    | log:153 | [perform_hybrid_search] BM25 raw scores: min=0.0109, max=7.7043
2026-01-06 09:18:52 | DEBUG    | log:153 | [classify_query_intent] No keyword matches found in: 'Ho so tui co bi ngung k'
2026-01-06 09:18:52 | DEBUG    | log:153 | [normalize_query] 'check ho so ca nhan cai...' -> 'Check ho so ca nhan cai...'
2026-01-06 09:18:52 | DEBUG    | log:153 | [perform_hybrid_search] query_text: [check ho so ca nhan cai] - formatted_query: [Check ho so ca nhan cai] - normalized_query: [Check ho so ca nhan cai]
2026-01-06 09:18:52 | DEBUG    | log:153 | [perform_hybrid_search] BM25 raw scores: min=0.0116, max=8.5679
2026-01-06 09:18:52 | DEBUG    | log:153 | [get_keyword_boost] Query: 'Check ho so ca nhan cai...' | Doc: Tra cứu giao dịch ch | Boost: 0.25 | Matched: ['ck']
2026-01-06 09:18:52 | DEBUG    | log:153 | [classify_query_intent] Classified: 'Check ho so ca nhan cai...' -> Tra cứu giao dịch chuyển tiền (score=1)
2026-01-06 09:18:52 | DEBUG    | log:153 | [normalize_query] 'tui dang o trang thai j...' -> 'Tui dang o trang thai j...'
2026-01-06 09:18:52 | DEBUG    | log:153 | [perform_hybrid_search] query_text: [tui dang o trang thai j] - formatted_query: [Tui dang o trang thai j] - normalized_query: [Tui dang o trang thai j]
2026-01-06 09:18:52 | DEBUG    | log:153 | [perform_hybrid_search] BM25 raw scores: min=0.0098, max=3.3520
2026-01-06 09:18:52 | DEBUG    | log:153 | [classify_query_intent] No keyword matches found in: 'Tui dang o trang thai j'
2026-01-06 09:18:52 | DEBUG    | log:153 | [normalize_query] 'ho so tui co bi huy k...' -> 'Ho so tui co bi huy k...'
2026-01-06 09:18:52 | DEBUG    | log:153 | [perform_hybrid_search] query_text: [ho so tui co bi huy k] - formatted_query: [Ho so tui co bi huy k] - normalized_query: [Ho so tui co bi huy k]
2026-01-06 09:18:52 | DEBUG    | log:153 | [perform_hybrid_search] BM25 raw scores: min=0.0109, max=4.2707
2026-01-06 09:18:52 | DEBUG    | log:153 | [classify_query_intent] No keyword matches found in: 'Ho so tui co bi huy k'
2026-01-06 09:18:52 | DEBUG    | log:153 | [normalize_query] 'coi giùm ho so tui con xai dc k...' -> 'Coi giùm ho so tui con xai dc k...'
2026-01-06 09:18:52 | DEBUG    | log:153 | [perform_hybrid_search] query_text: [coi giùm ho so tui con xai dc k] - formatted_query: [Coi giùm ho so tui con xai dc k] - normalized_query: [Coi giùm ho so tui con xai dc k]
2026-01-06 09:18:52 | DEBUG    | log:153 | [perform_hybrid_search] BM25 raw scores: min=0.0095, max=5.1479
2026-01-06 09:18:52 | DEBUG    | log:153 | [classify_query_intent] No keyword matches found in: 'Coi giùm ho so tui con xai dc k'
2026-01-06 09:18:52 | DEBUG    | log:153 | [normalize_query] 'tui hang gi v...' -> 'Tui hang gi v...'
2026-01-06 09:18:52 | DEBUG    | log:153 | [perform_hybrid_search] query_text: [tui hang gi v] - formatted_query: [Tui hang gi v] - normalized_query: [Tui hang gi v]
2026-01-06 09:18:52 | DEBUG    | log:153 | [perform_hybrid_search] BM25 raw scores: min=0.0000, max=6.0763
2026-01-06 09:18:52 | DEBUG    | log:153 | [classify_query_intent] No keyword matches found in: 'Tui hang gi v'
2026-01-06 09:18:52 | DEBUG    | log:153 | [normalize_query] 'check hang khach hang cai...' -> 'Check hang khach hang cai...'
2026-01-06 09:18:52 | DEBUG    | log:153 | [perform_hybrid_search] query_text: [check hang khach hang cai] - formatted_query: [Check hang khach hang cai] - normalized_query: [Check hang khach hang cai]
2026-01-06 09:18:52 | DEBUG    | log:153 | [perform_hybrid_search] BM25 raw scores: min=0.0000, max=19.2390
2026-01-06 09:18:52 | DEBUG    | log:153 | [get_keyword_boost] Query: 'Check hang khach hang cai...' | Doc: Tra cứu giao dịch ch | Boost: 0.25 | Matched: ['ck']
2026-01-06 09:18:52 | DEBUG    | log:153 | [classify_query_intent] Classified: 'Check hang khach hang cai...' -> Tra cứu giao dịch chuyển tiền (score=1)
2026-01-06 09:18:52 | DEBUG    | log:153 | [normalize_query] 'tui la vip hay normal...' -> 'Tui la vip hay normal...'
2026-01-06 09:18:52 | DEBUG    | log:153 | [perform_hybrid_search] query_text: [tui la vip hay normal] - formatted_query: [Tui la vip hay normal] - normalized_query: [Tui la vip hay normal]
2026-01-06 09:18:52 | DEBUG    | log:153 | [perform_hybrid_search] BM25 raw scores: min=0.0000, max=6.1660
2026-01-06 09:18:52 | DEBUG    | log:153 | [classify_query_intent] No keyword matches found in: 'Tui la vip hay normal'
2026-01-06 09:18:52 | DEBUG    | log:153 | [normalize_query] 'xem hang thanh vien tui...' -> 'Xem hang thanh vien tui...'
2026-01-06 09:18:52 | DEBUG    | log:153 | [perform_hybrid_search] query_text: [xem hang thanh vien tui] - formatted_query: [Xem hang thanh vien tui] - normalized_query: [Xem hang thanh vien tui]
2026-01-06 09:18:52 | DEBUG    | log:153 | [perform_hybrid_search] BM25 raw scores: min=0.4788, max=14.9796
2026-01-06 09:18:52 | DEBUG    | log:153 | [classify_query_intent] No keyword matches found in: 'Xem hang thanh vien tui'
2026-01-06 09:18:52 | DEBUG    | log:153 | [normalize_query] 'hang cua tui la j nhi...' -> 'Hang cua tui la j nhi...'
2026-01-06 09:18:52 | DEBUG    | log:153 | [perform_hybrid_search] query_text: [hang cua tui la j nhi] - formatted_query: [Hang cua tui la j nhi] - normalized_query: [Hang cua tui la j nhi]
2026-01-06 09:18:52 | DEBUG    | log:153 | [perform_hybrid_search] BM25 raw scores: min=0.0000, max=2.6537
2026-01-06 09:18:53 | DEBUG    | log:153 | [classify_query_intent] No keyword matches found in: 'Hang cua tui la j nhi'
2026-01-06 09:18:53 | DEBUG    | log:153 | [normalize_query] 'tui co phai khach priority k...' -> 'Tui co phai khach priority k...'
2026-01-06 09:18:53 | DEBUG    | log:153 | [perform_hybrid_search] query_text: [tui co phai khach priority k] - formatted_query: [Tui co phai khach priority k] - normalized_query: [Tui co phai khach priority k]
2026-01-06 09:18:53 | DEBUG    | log:153 | [perform_hybrid_search] BM25 raw scores: min=0.0000, max=13.9762
2026-01-06 09:18:53 | DEBUG    | log:153 | [get_keyword_boost] Query: 'Tui co phai khach priority k...' | Doc: getUserProfile | Tra | Boost: 0.25 | Matched: ['priority']
2026-01-06 09:18:53 | DEBUG    | log:153 | [classify_query_intent] Classified: 'Tui co phai khach priority k...' -> getUserProfile | Tra cứu phân  (score=1)
2026-01-06 09:18:53 | DEBUG    | log:153 | [normalize_query] 'check class tui phat...' -> 'Check class tui phat...'
2026-01-06 09:18:53 | DEBUG    | log:153 | [perform_hybrid_search] query_text: [check class tui phat] - formatted_query: [Check class tui phat] - normalized_query: [Check class tui phat]
2026-01-06 09:18:53 | DEBUG    | log:153 | [perform_hybrid_search] BM25 raw scores: min=0.0000, max=2.4768
2026-01-06 09:18:53 | DEBUG    | log:153 | [get_keyword_boost] Query: 'Check class tui phat...' | Doc: Tra cứu giao dịch ch | Boost: 0.25 | Matched: ['ck']
2026-01-06 09:18:53 | DEBUG    | log:153 | [get_keyword_boost] Query: 'Check class tui phat...' | Doc: getUserProfile | Tra | Boost: 0.25 | Matched: ['class']
2026-01-06 09:18:53 | DEBUG    | log:153 | [classify_query_intent] Ambiguous: 'Check class tui phat...' | Scores: {'Tra cứu giao dịch chuyển tiền': 1, 'getUserProfile | Tra cứu phân hạng khách hàng': 1}
2026-01-06 09:18:53 | DEBUG    | log:153 | [normalize_query] 'tui thuoc nhom kh nao v...' -> 'Tui thuoc nhom kh nao v...'
2026-01-06 09:18:53 | DEBUG    | log:153 | [perform_hybrid_search] query_text: [tui thuoc nhom kh nao v] - formatted_query: [Tui thuoc nhom kh nao v] - normalized_query: [Tui thuoc nhom kh nao v]
2026-01-06 09:18:53 | DEBUG    | log:153 | [perform_hybrid_search] BM25 raw scores: min=0.0000, max=14.6798
2026-01-06 09:18:53 | DEBUG    | log:153 | [classify_query_intent] No keyword matches found in: 'Tui thuoc nhom kh nao v'
2026-01-06 09:18:53 | DEBUG    | log:153 | [normalize_query] 'phan loai cua tui la j...' -> 'Phan loai cua tui la j...'
2026-01-06 09:18:53 | DEBUG    | log:153 | [perform_hybrid_search] query_text: [phan loai cua tui la j] - formatted_query: [Phan loai cua tui la j] - normalized_query: [Phan loai cua tui la j]
2026-01-06 09:18:53 | DEBUG    | log:153 | [perform_hybrid_search] BM25 raw scores: min=0.0000, max=7.5875
2026-01-06 09:18:53 | DEBUG    | log:153 | [classify_query_intent] No keyword matches found in: 'Phan loai cua tui la j'
2026-01-06 09:18:53 | DEBUG    | log:153 | [normalize_query] 'hang vang hay bac nhi...' -> 'Hang vang hay bac nhi...'
2026-01-06 09:18:53 | DEBUG    | log:153 | [perform_hybrid_search] query_text: [hang vang hay bac nhi] - formatted_query: [Hang vang hay bac nhi] - normalized_query: [Hang vang hay bac nhi]
2026-01-06 09:18:53 | DEBUG    | log:153 | [perform_hybrid_search] BM25 raw scores: min=0.0000, max=4.2368
2026-01-06 09:18:53 | DEBUG    | log:153 | [classify_query_intent] No keyword matches found in: 'Hang vang hay bac nhi'
2026-01-06 09:18:53 | DEBUG    | log:153 | [normalize_query] 'check xem tui hang j...' -> 'Check xem tui hang j...'
2026-01-06 09:18:53 | DEBUG    | log:153 | [perform_hybrid_search] query_text: [check xem tui hang j] - formatted_query: [Check xem tui hang j] - normalized_query: [Check xem tui hang j]
2026-01-06 09:18:53 | DEBUG    | log:153 | [perform_hybrid_search] BM25 raw scores: min=0.0000, max=6.4215
2026-01-06 09:18:53 | DEBUG    | log:153 | [get_keyword_boost] Query: 'Check xem tui hang j...' | Doc: Tra cứu giao dịch ch | Boost: 0.25 | Matched: ['ck']
2026-01-06 09:18:53 | DEBUG    | log:153 | [classify_query_intent] Classified: 'Check xem tui hang j...' -> Tra cứu giao dịch chuyển tiền (score=1)
2026-01-06 09:18:53 | DEBUG    | log:153 | [normalize_query] 'tui co duoc lam vip k...' -> 'Tui co duoc lam vip k...'
2026-01-06 09:18:53 | DEBUG    | log:153 | [perform_hybrid_search] query_text: [tui co duoc lam vip k] - formatted_query: [Tui co duoc lam vip k] - normalized_query: [Tui co duoc lam vip k]
2026-01-06 09:18:53 | DEBUG    | log:153 | [perform_hybrid_search] BM25 raw scores: min=0.0000, max=4.7785
2026-01-06 09:18:53 | DEBUG    | log:153 | [classify_query_intent] No keyword matches found in: 'Tui co duoc lam vip k'
2026-01-06 09:18:53 | DEBUG    | log:153 | [normalize_query] 'phan hang tui hien tai...' -> 'Phan hang tui hien tai...'
2026-01-06 09:18:53 | DEBUG    | log:153 | [perform_hybrid_search] query_text: [phan hang tui hien tai] - formatted_query: [Phan hang tui hien tai] - normalized_query: [Phan hang tui hien tai]
2026-01-06 09:18:53 | DEBUG    | log:153 | [perform_hybrid_search] BM25 raw scores: min=0.2973, max=12.4162
2026-01-06 09:18:53 | DEBUG    | log:153 | [classify_query_intent] No keyword matches found in: 'Phan hang tui hien tai'
2026-01-06 09:18:53 | DEBUG    | log:153 | [normalize_query] 'tui o muc nao v nhi...' -> 'Tui o muc nao v nhi...'
2026-01-06 09:18:53 | DEBUG    | log:153 | [perform_hybrid_search] query_text: [tui o muc nao v nhi] - formatted_query: [Tui o muc nao v nhi] - normalized_query: [Tui o muc nao v nhi]
2026-01-06 09:18:53 | DEBUG    | log:153 | [perform_hybrid_search] BM25 raw scores: min=0.0000, max=6.7700
2026-01-06 09:18:53 | DEBUG    | log:153 | [classify_query_intent] No keyword matches found in: 'Tui o muc nao v nhi'
2026-01-06 09:18:53 | DEBUG    | log:153 | [normalize_query] 'coi hang cua tui cai...' -> 'Coi hang cua tui cai...'
2026-01-06 09:18:53 | DEBUG    | log:153 | [perform_hybrid_search] query_text: [coi hang cua tui cai] - formatted_query: [Coi hang cua tui cai] - normalized_query: [Coi hang cua tui cai]
2026-01-06 09:18:53 | DEBUG    | log:153 | [perform_hybrid_search] BM25 raw scores: min=0.0000, max=2.6537
2026-01-06 09:18:53 | DEBUG    | log:153 | [classify_query_intent] No keyword matches found in: 'Coi hang cua tui cai'
2026-01-06 09:18:53 | DEBUG    | log:153 | [normalize_query] 'tui la khach hang hang j...' -> 'Tui la khach hang hang j...'
2026-01-06 09:18:53 | DEBUG    | log:153 | [perform_hybrid_search] query_text: [tui la khach hang hang j] - formatted_query: [Tui la khach hang hang j] - normalized_query: [Tui la khach hang hang j]
2026-01-06 09:18:53 | DEBUG    | log:153 | [perform_hybrid_search] BM25 raw scores: min=0.0000, max=10.7639
2026-01-06 09:18:53 | DEBUG    | log:153 | [classify_query_intent] No keyword matches found in: 'Tui la khach hang hang j'
2026-01-06 09:18:53 | DEBUG    | log:153 | [normalize_query] 'check tier cua tui...' -> 'Check tier cua tui...'
2026-01-06 09:18:53 | DEBUG    | log:153 | [perform_hybrid_search] query_text: [check tier cua tui] - formatted_query: [Check tier cua tui] - normalized_query: [Check tier cua tui]
2026-01-06 09:18:53 | DEBUG    | log:153 | [perform_hybrid_search] BM25 raw scores: min=0.0000, max=1.9493
2026-01-06 09:18:53 | DEBUG    | log:153 | [get_keyword_boost] Query: 'Check tier cua tui...' | Doc: Tra cứu giao dịch ch | Boost: 0.25 | Matched: ['ck']
2026-01-06 09:18:53 | DEBUG    | log:153 | [classify_query_intent] Classified: 'Check tier cua tui...' -> Tra cứu giao dịch chuyển tiền (score=1)
2026-01-06 09:18:53 | DEBUG    | log:153 | [normalize_query] 'hang thanh vien xem o dau...' -> 'Hang thanh vien xem o dau...'
2026-01-06 09:18:53 | DEBUG    | log:153 | [perform_hybrid_search] query_text: [hang thanh vien xem o dau] - formatted_query: [Hang thanh vien xem o dau] - normalized_query: [Hang thanh vien xem o dau]
2026-01-06 09:18:53 | DEBUG    | log:153 | [perform_hybrid_search] BM25 raw scores: min=0.4788, max=14.9796
2026-01-06 09:18:53 | DEBUG    | log:153 | [classify_query_intent] No keyword matches found in: 'Hang thanh vien xem o dau'
2026-01-06 09:18:53 | DEBUG    | log:153 | [normalize_query] 'tui co phai khach hang dac biet k...' -> 'Tui co phai khach hang dac biet k...'
2026-01-06 09:18:53 | DEBUG    | log:153 | [perform_hybrid_search] query_text: [tui co phai khach hang dac biet k] - formatted_query: [Tui co phai khach hang dac biet k] - normalized_query: [Tui co phai khach hang dac biet k]
2026-01-06 09:18:53 | DEBUG    | log:153 | [perform_hybrid_search] BM25 raw scores: min=0.0000, max=20.4439
2026-01-06 09:18:53 | DEBUG    | log:153 | [classify_query_intent] No keyword matches found in: 'Tui co phai khach hang dac biet k'
2026-01-06 09:18:53 | DEBUG    | log:153 | [normalize_query] 'xem tui thuoc nhom nao...' -> 'Xem tui thuoc nhom nao...'
2026-01-06 09:18:53 | DEBUG    | log:153 | [perform_hybrid_search] query_text: [xem tui thuoc nhom nao] - formatted_query: [Xem tui thuoc nhom nao] - normalized_query: [Xem tui thuoc nhom nao]
2026-01-06 09:18:53 | DEBUG    | log:153 | [perform_hybrid_search] BM25 raw scores: min=0.0000, max=17.1567
2026-01-06 09:18:53 | DEBUG    | log:153 | [classify_query_intent] No keyword matches found in: 'Xem tui thuoc nhom nao'
2026-01-06 09:18:53 | DEBUG    | log:153 | [normalize_query] 'hang cua tui co bi tut k...' -> 'Hang cua tui co bi tut k...'
2026-01-06 09:18:53 | DEBUG    | log:153 | [perform_hybrid_search] query_text: [hang cua tui co bi tut k] - formatted_query: [Hang cua tui co bi tut k] - normalized_query: [Hang cua tui co bi tut k]
2026-01-06 09:18:53 | DEBUG    | log:153 | [perform_hybrid_search] BM25 raw scores: min=0.0000, max=3.3596
2026-01-06 09:18:53 | DEBUG    | log:153 | [classify_query_intent] No keyword matches found in: 'Hang cua tui co bi tut k'
2026-01-06 09:18:53 | DEBUG    | log:153 | [normalize_query] 'check hang vip tui coi...' -> 'Check hang vip tui coi...'
2026-01-06 09:18:53 | DEBUG    | log:153 | [perform_hybrid_search] query_text: [check hang vip tui coi] - formatted_query: [Check hang vip tui coi] - normalized_query: [Check hang vip tui coi]
2026-01-06 09:18:53 | DEBUG    | log:153 | [perform_hybrid_search] BM25 raw scores: min=0.0000, max=9.6021
2026-01-06 09:18:53 | DEBUG    | log:153 | [get_keyword_boost] Query: 'Check hang vip tui coi...' | Doc: Tra cứu giao dịch ch | Boost: 0.25 | Matched: ['ck']
2026-01-06 09:18:53 | DEBUG    | log:153 | [classify_query_intent] Classified: 'Check hang vip tui coi...' -> Tra cứu giao dịch chuyển tiền (score=1)
2026-01-06 09:18:53 | DEBUG    | log:153 | [normalize_query] 'tui dang o hang silver ha...' -> 'Tui dang o hang silver ha...'
2026-01-06 09:18:53 | DEBUG    | log:153 | [perform_hybrid_search] query_text: [tui dang o hang silver ha] - formatted_query: [Tui dang o hang silver ha] - normalized_query: [Tui dang o hang silver ha]
2026-01-06 09:18:53 | DEBUG    | log:153 | [perform_hybrid_search] BM25 raw scores: min=0.0085, max=4.7166
2026-01-06 09:18:53 | DEBUG    | log:153 | [classify_query_intent] No keyword matches found in: 'Tui dang o hang silver ha'
2026-01-06 09:18:53 | DEBUG    | log:153 | [normalize_query] 'phan khuc cua tui la j v...' -> 'Phan khuc cua tui la j v...'
2026-01-06 09:18:53 | DEBUG    | log:153 | [perform_hybrid_search] query_text: [phan khuc cua tui la j v] - formatted_query: [Phan khuc cua tui la j v] - normalized_query: [Phan khuc cua tui la j v]
2026-01-06 09:18:53 | DEBUG    | log:153 | [perform_hybrid_search] BM25 raw scores: min=0.0000, max=8.9750
2026-01-06 09:18:53 | DEBUG    | log:153 | [classify_query_intent] No keyword matches found in: 'Phan khuc cua tui la j v'
2026-01-06 09:18:53 | DEBUG    | log:153 | [normalize_query] 'tui hang gold dung k...' -> 'Tui hang gold dung k...'
2026-01-06 09:18:53 | DEBUG    | log:153 | [perform_hybrid_search] query_text: [tui hang gold dung k] - formatted_query: [Tui hang gold dung k] - normalized_query: [Tui hang gold dung k]
2026-01-06 09:18:53 | DEBUG    | log:153 | [perform_hybrid_search] BM25 raw scores: min=0.0085, max=4.7166
2026-01-06 09:18:53 | DEBUG    | log:153 | [classify_query_intent] No keyword matches found in: 'Tui hang gold dung k'
2026-01-06 09:18:53 | DEBUG    | log:153 | [normalize_query] 'check phan hang khach hang...' -> 'Check phan hang khach hang...'
2026-01-06 09:18:53 | DEBUG    | log:153 | [perform_hybrid_search] query_text: [check phan hang khach hang] - formatted_query: [Check phan hang khach hang] - normalized_query: [Check phan hang khach hang]
2026-01-06 09:18:53 | DEBUG    | log:153 | [perform_hybrid_search] BM25 raw scores: min=0.0000, max=32.0771
2026-01-06 09:18:53 | DEBUG    | log:153 | [get_keyword_boost] Query: 'Check phan hang khach hang...' | Doc: Tra cứu giao dịch ch | Boost: 0.25 | Matched: ['ck']
2026-01-06 09:18:53 | DEBUG    | log:153 | [classify_query_intent] Classified: 'Check phan hang khach hang...' -> Tra cứu giao dịch chuyển tiền (score=1)
2026-01-06 09:18:53 | DEBUG    | log:153 | [normalize_query] 'tui la khach hang loai j...' -> 'Tui la khach hang loai j...'
2026-01-06 09:18:53 | DEBUG    | log:153 | [perform_hybrid_search] query_text: [tui la khach hang loai j] - formatted_query: [Tui la khach hang loai j] - normalized_query: [Tui la khach hang loai j]
2026-01-06 09:18:53 | DEBUG    | log:153 | [perform_hybrid_search] BM25 raw scores: min=0.0000, max=11.8533
2026-01-06 09:18:53 | DEBUG    | log:153 | [classify_query_intent] No keyword matches found in: 'Tui la khach hang loai j'
2026-01-06 09:18:53 | DEBUG    | log:153 | [normalize_query] 'show hang cua tui di...' -> 'Show hang cua tui di...'
2026-01-06 09:18:53 | DEBUG    | log:153 | [perform_hybrid_search] query_text: [show hang cua tui di] - formatted_query: [Show hang cua tui di] - normalized_query: [Show hang cua tui di]
2026-01-06 09:18:53 | DEBUG    | log:153 | [perform_hybrid_search] BM25 raw scores: min=0.0000, max=3.3572
2026-01-06 09:18:53 | DEBUG    | log:153 | [classify_query_intent] No keyword matches found in: 'Show hang cua tui di'
2026-01-06 09:18:53 | DEBUG    | log:153 | [normalize_query] 'tui co dc uu tien k...' -> 'Tui co dc uu tien k...'
2026-01-06 09:18:53 | DEBUG    | log:153 | [perform_hybrid_search] query_text: [tui co dc uu tien k] - formatted_query: [Tui co dc uu tien k] - normalized_query: [Tui co dc uu tien k]
2026-01-06 09:18:53 | DEBUG    | log:153 | [perform_hybrid_search] BM25 raw scores: min=0.0000, max=5.0693
2026-01-06 09:18:53 | DEBUG    | log:153 | [classify_query_intent] No keyword matches found in: 'Tui co dc uu tien k'
2026-01-06 09:18:53 | DEBUG    | log:153 | [normalize_query] 'check level khach hang...' -> 'Check level khach hang...'
2026-01-06 09:18:53 | DEBUG    | log:153 | [perform_hybrid_search] query_text: [check level khach hang] - formatted_query: [Check level khach hang] - normalized_query: [Check level khach hang]
2026-01-06 09:18:53 | DEBUG    | log:153 | [perform_hybrid_search] BM25 raw scores: min=0.0000, max=8.2870
2026-01-06 09:18:53 | DEBUG    | log:153 | [get_keyword_boost] Query: 'Check level khach hang...' | Doc: Tra cứu giao dịch ch | Boost: 0.25 | Matched: ['ck']
2026-01-06 09:18:53 | DEBUG    | log:153 | [classify_query_intent] Classified: 'Check level khach hang...' -> Tra cứu giao dịch chuyển tiền (score=1)
2026-01-06 09:18:53 | DEBUG    | log:153 | [normalize_query] 'tui dang o muc k h nao...' -> 'Tui dang o muc k h nao...'
2026-01-06 09:18:53 | DEBUG    | log:153 | [perform_hybrid_search] query_text: [tui dang o muc k h nao] - formatted_query: [Tui dang o muc k h nao] - normalized_query: [Tui dang o muc k h nao]
2026-01-06 09:18:53 | DEBUG    | log:153 | [perform_hybrid_search] BM25 raw scores: min=0.0108, max=6.7784
2026-01-06 09:18:53 | DEBUG    | log:153 | [classify_query_intent] No keyword matches found in: 'Tui dang o muc k h nao'
2026-01-06 09:18:53 | DEBUG    | log:153 | [normalize_query] 'coi tui hang j tren app...' -> 'Coi tui hang j tren app...'
2026-01-06 09:18:53 | DEBUG    | log:153 | [perform_hybrid_search] query_text: [coi tui hang j tren app] - formatted_query: [Coi tui hang j tren app] - normalized_query: [Coi tui hang j tren app]
2026-01-06 09:18:53 | DEBUG    | log:153 | [perform_hybrid_search] BM25 raw scores: min=0.0000, max=3.7798
2026-01-06 09:18:53 | DEBUG    | log:153 | [classify_query_intent] No keyword matches found in: 'Coi tui hang j tren app'
2026-01-06 09:18:53 | DEBUG    | log:153 | [normalize_query] 'hang cua tui la j vay nhi...' -> 'Hang cua tui la j vay nhi...'
2026-01-06 09:18:53 | DEBUG    | log:153 | [perform_hybrid_search] query_text: [hang cua tui la j vay nhi] - formatted_query: [Hang cua tui la j vay nhi] - normalized_query: [Hang cua tui la j vay nhi]
2026-01-06 09:18:53 | DEBUG    | log:153 | [perform_hybrid_search] BM25 raw scores: min=0.0000, max=4.1336
2026-01-06 09:18:53 | DEBUG    | log:153 | [classify_query_intent] No keyword matches found in: 'Hang cua tui la j vay nhi'
2026-01-06 09:18:53 | DEBUG    | log:153 | [normalize_query] 'tui co phai vip k v...' -> 'Tui co phai vip k v...'
2026-01-06 09:18:53 | DEBUG    | log:153 | [perform_hybrid_search] query_text: [tui co phai vip k v] - formatted_query: [Tui co phai vip k v] - normalized_query: [Tui co phai vip k v]
2026-01-06 09:18:53 | DEBUG    | log:153 | [perform_hybrid_search] BM25 raw scores: min=0.0000, max=8.4677
2026-01-06 09:18:53 | DEBUG    | log:153 | [classify_query_intent] No keyword matches found in: 'Tui co phai vip k v'
2026-01-06 09:18:53 | DEBUG    | log:153 | [normalize_query] 'check hang thanh vien phat...' -> 'Check hang thanh vien phat...'
2026-01-06 09:18:53 | DEBUG    | log:153 | [perform_hybrid_search] query_text: [check hang thanh vien phat] - formatted_query: [Check hang thanh vien phat] - normalized_query: [Check hang thanh vien phat]
2026-01-06 09:18:53 | DEBUG    | log:153 | [perform_hybrid_search] BM25 raw scores: min=0.2271, max=12.5027
2026-01-06 09:18:53 | DEBUG    | log:153 | [get_keyword_boost] Query: 'Check hang thanh vien phat...' | Doc: Tra cứu giao dịch ch | Boost: 0.25 | Matched: ['ck']
2026-01-06 09:18:53 | DEBUG    | log:153 | [classify_query_intent] Classified: 'Check hang thanh vien phat...' -> Tra cứu giao dịch chuyển tiền (score=1)
2026-01-06 09:18:53 | DEBUG    | log:153 | [normalize_query] 'tui thuoc phan khuc nao...' -> 'Tui thuoc phan khuc nao...'
2026-01-06 09:18:53 | DEBUG    | log:153 | [perform_hybrid_search] query_text: [tui thuoc phan khuc nao] - formatted_query: [Tui thuoc phan khuc nao] - normalized_query: [Tui thuoc phan khuc nao]
2026-01-06 09:18:53 | DEBUG    | log:153 | [perform_hybrid_search] BM25 raw scores: min=0.0000, max=17.5487
2026-01-06 09:18:53 | DEBUG    | log:153 | [classify_query_intent] No keyword matches found in: 'Tui thuoc phan khuc nao'
2026-01-06 09:18:53 | DEBUG    | log:153 | [normalize_query] 'hang cua tui hien thi ntn...' -> 'Hang cua tui hien thi ntn...'
2026-01-06 09:18:53 | DEBUG    | log:153 | [perform_hybrid_search] query_text: [hang cua tui hien thi ntn] - formatted_query: [Hang cua tui hien thi ntn] - normalized_query: [Hang cua tui hien thi ntn]
2026-01-06 09:18:53 | DEBUG    | log:153 | [perform_hybrid_search] BM25 raw scores: min=0.0000, max=5.1524
2026-01-06 09:18:53 | DEBUG    | log:153 | [classify_query_intent] No keyword matches found in: 'Hang cua tui hien thi ntn'
2026-01-06 09:18:53 | DEBUG    | log:153 | [normalize_query] 'tui la khach hang tieu chuan ha...' -> 'Tui la khach hang tieu chuan ha...'
2026-01-06 09:18:53 | DEBUG    | log:153 | [perform_hybrid_search] query_text: [tui la khach hang tieu chuan ha] - formatted_query: [Tui la khach hang tieu chuan ha] - normalized_query: [Tui la khach hang tieu chuan ha]
2026-01-06 09:18:53 | DEBUG    | log:153 | [perform_hybrid_search] BM25 raw scores: min=0.0085, max=8.3031
2026-01-06 09:18:53 | DEBUG    | log:153 | [classify_query_intent] No keyword matches found in: 'Tui la khach hang tieu chuan ha'
2026-01-06 09:18:53 | DEBUG    | log:153 | [normalize_query] 'xem hang cua tui di...' -> 'Xem hang cua tui di...'
2026-01-06 09:18:53 | DEBUG    | log:153 | [perform_hybrid_search] query_text: [xem hang cua tui di] - formatted_query: [Xem hang cua tui di] - normalized_query: [Xem hang cua tui di]
2026-01-06 09:18:53 | DEBUG    | log:153 | [perform_hybrid_search] BM25 raw scores: min=0.0000, max=7.9226
2026-01-06 09:18:53 | DEBUG    | log:153 | [classify_query_intent] No keyword matches found in: 'Xem hang cua tui di'
2026-01-06 09:18:53 | DEBUG    | log:153 | [normalize_query] 'tui co dac quyen j k...' -> 'Tui co dac quyen j k...'
2026-01-06 09:18:53 | DEBUG    | log:153 | [perform_hybrid_search] query_text: [tui co dac quyen j k] - formatted_query: [Tui co dac quyen j k] - normalized_query: [Tui co dac quyen j k]
2026-01-06 09:18:53 | DEBUG    | log:153 | [perform_hybrid_search] BM25 raw scores: min=0.0000, max=2.9664
2026-01-06 09:18:53 | DEBUG    | log:153 | [classify_query_intent] No keyword matches found in: 'Tui co dac quyen j k'
2026-01-06 09:18:53 | DEBUG    | log:153 | [normalize_query] 'check class cua tui coi...' -> 'Check class cua tui coi...'
2026-01-06 09:18:53 | DEBUG    | log:153 | [perform_hybrid_search] query_text: [check class cua tui coi] - formatted_query: [Check class cua tui coi] - normalized_query: [Check class cua tui coi]
2026-01-06 09:18:53 | DEBUG    | log:153 | [perform_hybrid_search] BM25 raw scores: min=0.0000, max=2.4768
2026-01-06 09:18:53 | DEBUG    | log:153 | [get_keyword_boost] Query: 'Check class cua tui coi...' | Doc: Tra cứu giao dịch ch | Boost: 0.25 | Matched: ['ck']
2026-01-06 09:18:53 | DEBUG    | log:153 | [get_keyword_boost] Query: 'Check class cua tui coi...' | Doc: getUserProfile | Tra | Boost: 0.25 | Matched: ['class']
2026-01-06 09:18:53 | DEBUG    | log:153 | [classify_query_intent] Ambiguous: 'Check class cua tui coi...' | Scores: {'Tra cứu giao dịch chuyển tiền': 1, 'getUserProfile | Tra cứu phân hạng khách hàng': 1}
2026-01-06 09:18:53 | DEBUG    | log:153 | [normalize_query] 'hang tui la hang gi...' -> 'Hang tui la hang gi...'
2026-01-06 09:18:53 | DEBUG    | log:153 | [perform_hybrid_search] query_text: [hang tui la hang gi] - formatted_query: [Hang tui la hang gi] - normalized_query: [Hang tui la hang gi]
2026-01-06 09:18:53 | DEBUG    | log:153 | [perform_hybrid_search] BM25 raw scores: min=0.0000, max=6.0763
2026-01-06 09:18:53 | DEBUG    | log:153 | [classify_query_intent] No keyword matches found in: 'Hang tui la hang gi'
2026-01-06 09:18:53 | DEBUG    | log:153 | [normalize_query] 'tui co phai khach hang bac k...' -> 'Tui co phai khach hang bac k...'
2026-01-06 09:18:53 | DEBUG    | log:153 | [perform_hybrid_search] query_text: [tui co phai khach hang bac k] - formatted_query: [Tui co phai khach hang bac k] - normalized_query: [Tui co phai khach hang bac k]
2026-01-06 09:18:53 | DEBUG    | log:153 | [perform_hybrid_search] BM25 raw scores: min=0.0000, max=20.4439
2026-01-06 09:18:53 | DEBUG    | log:153 | [classify_query_intent] No keyword matches found in: 'Tui co phai khach hang bac k'
2026-01-06 09:18:53 | DEBUG    | log:153 | [normalize_query] 'xem phan hang cua minh...' -> 'Xem phan hang cua minh...'
2026-01-06 09:18:53 | DEBUG    | log:153 | [perform_hybrid_search] query_text: [xem phan hang cua minh] - formatted_query: [Xem phan hang cua minh] - normalized_query: [Xem phan hang cua minh]
2026-01-06 09:18:54 | DEBUG    | log:153 | [perform_hybrid_search] BM25 raw scores: min=0.0000, max=18.0840
2026-01-06 09:18:54 | DEBUG    | log:153 | [classify_query_intent] No keyword matches found in: 'Xem phan hang cua minh'
2026-01-06 09:18:54 | DEBUG    | log:153 | [normalize_query] 'check thong tin hang kh...' -> 'Check thong tin hang kh...'
2026-01-06 09:18:54 | DEBUG    | log:153 | [perform_hybrid_search] query_text: [check thong tin hang kh] - formatted_query: [Check thong tin hang kh] - normalized_query: [Check thong tin hang kh]
2026-01-06 09:18:54 | DEBUG    | log:153 | [perform_hybrid_search] BM25 raw scores: min=0.1322, max=2.5661
2026-01-06 09:18:54 | DEBUG    | log:153 | [get_keyword_boost] Query: 'Check thong tin hang kh...' | Doc: Tra cứu giao dịch ch | Boost: 0.25 | Matched: ['ck']
2026-01-06 09:18:54 | DEBUG    | log:153 | [classify_query_intent] Classified: 'Check thong tin hang kh...' -> Tra cứu giao dịch chuyển tiền (score=1)
2026-01-06 09:18:54 | DEBUG    | log:153 | [normalize_query] 'tui o nhom nao vay...' -> 'Tui o nhom nao vay...'
2026-01-06 09:18:54 | DEBUG    | log:153 | [perform_hybrid_search] query_text: [tui o nhom nao vay] - formatted_query: [Tui o nhom nao vay] - normalized_query: [Tui o nhom nao vay]
2026-01-06 09:18:54 | DEBUG    | log:153 | [perform_hybrid_search] BM25 raw scores: min=0.0000, max=8.5138
2026-01-06 09:18:54 | DEBUG    | log:153 | [classify_query_intent] No keyword matches found in: 'Tui o nhom nao vay'
2026-01-06 09:18:54 | DEBUG    | log:153 | [normalize_query] 'hang cua tui hien tai la j...' -> 'Hang cua tui hien tai la j...'
2026-01-06 09:18:54 | DEBUG    | log:153 | [perform_hybrid_search] query_text: [hang cua tui hien tai la j] - formatted_query: [Hang cua tui hien tai la j] - normalized_query: [Hang cua tui hien tai la j]
2026-01-06 09:18:54 | DEBUG    | log:153 | [perform_hybrid_search] BM25 raw scores: min=0.1766, max=4.0610
2026-01-06 09:18:54 | DEBUG    | log:153 | [classify_query_intent] No keyword matches found in: 'Hang cua tui hien tai la j'
2026-01-06 09:18:54 | DEBUG    | log:153 | [normalize_query] 'tui co phai thanh vien vip k...' -> 'Tui co phai thanh vien vip k...'
2026-01-06 09:18:54 | DEBUG    | log:153 | [perform_hybrid_search] query_text: [tui co phai thanh vien vip k] - formatted_query: [Tui co phai thanh vien vip k] - normalized_query: [Tui co phai thanh vien vip k]
2026-01-06 09:18:54 | DEBUG    | log:153 | [perform_hybrid_search] BM25 raw scores: min=0.0000, max=13.7930
2026-01-06 09:18:54 | DEBUG    | log:153 | [classify_query_intent] No keyword matches found in: 'Tui co phai thanh vien vip k'
2026-01-06 09:18:54 | DEBUG    | log:153 | [normalize_query] 'check status hang cua tui...' -> 'Check status hang cua tui...'
2026-01-06 09:18:54 | DEBUG    | log:153 | [perform_hybrid_search] query_text: [check status hang cua tui] - formatted_query: [Check status hang cua tui] - normalized_query: [Check status hang cua tui]
2026-01-06 09:18:54 | DEBUG    | log:153 | [perform_hybrid_search] BM25 raw scores: min=0.0000, max=4.2368
2026-01-06 09:18:54 | DEBUG    | log:153 | [get_keyword_boost] Query: 'Check status hang cua tui...' | Doc: Tra cứu giao dịch ch | Boost: 0.25 | Matched: ['ck']
2026-01-06 09:18:54 | DEBUG    | log:153 | [get_keyword_boost] Query: 'Check status hang cua tui...' | Doc: getUserProfile | Kiể | Boost: 0.25 | Matched: ['status']
2026-01-06 09:18:54 | DEBUG    | log:153 | [classify_query_intent] Ambiguous: 'Check status hang cua tui...' | Scores: {'Tra cứu giao dịch chuyển tiền': 1, 'getUserProfile | Kiểm tra trạng thái hồ sơ khách hàng': 1}
2026-01-06 09:18:54 | DEBUG    | log:153 | [normalize_query] 'coi giùm tui hang j nhe...' -> 'Coi giùm tui hang j nhe...'
2026-01-06 09:18:54 | DEBUG    | log:153 | [perform_hybrid_search] query_text: [coi giùm tui hang j nhe] - formatted_query: [Coi giùm tui hang j nhe] - normalized_query: [Coi giùm tui hang j nhe]
2026-01-06 09:18:54 | DEBUG    | log:153 | [perform_hybrid_search] BM25 raw scores: min=0.0000, max=2.2237
2026-01-06 09:18:54 | DEBUG    | log:153 | [classify_query_intent] No keyword matches found in: 'Coi giùm tui hang j nhe'
2026-01-06 09:18:54 | DEBUG    | log:153 | [normalize_query] 'tui thuoc chi nhanh nao v...' -> 'Tui thuoc chi nhanh nao v...'
2026-01-06 09:18:54 | DEBUG    | log:153 | [perform_hybrid_search] query_text: [tui thuoc chi nhanh nao v] - formatted_query: [Tui thuoc chi nhanh nao v] - normalized_query: [Tui thuoc chi nhanh nao v]
2026-01-06 09:18:54 | DEBUG    | log:153 | [perform_hybrid_search] BM25 raw scores: min=0.0000, max=21.7438
2026-01-06 09:18:54 | DEBUG    | log:153 | [classify_query_intent] No keyword matches found in: 'Tui thuoc chi nhanh nao v'
2026-01-06 09:18:54 | DEBUG    | log:153 | [normalize_query] 'ho so tui mo o dau nhi...' -> 'Ho so tui mo o dau nhi...'
2026-01-06 09:18:54 | DEBUG    | log:153 | [perform_hybrid_search] query_text: [ho so tui mo o dau nhi] - formatted_query: [Ho so tui mo o dau nhi] - normalized_query: [Ho so tui mo o dau nhi]
2026-01-06 09:18:54 | DEBUG    | log:153 | [perform_hybrid_search] BM25 raw scores: min=0.0095, max=5.2127
2026-01-06 09:18:54 | DEBUG    | log:153 | [classify_query_intent] No keyword matches found in: 'Ho so tui mo o dau nhi'
2026-01-06 09:18:54 | DEBUG    | log:153 | [normalize_query] 'check chi nhanh quan ly cai...' -> 'Check chi nhanh quan ly cai...'
2026-01-06 09:18:54 | DEBUG    | log:153 | [perform_hybrid_search] query_text: [check chi nhanh quan ly cai] - formatted_query: [Check chi nhanh quan ly cai] - normalized_query: [Check chi nhanh quan ly cai]
2026-01-06 09:18:54 | DEBUG    | log:153 | [perform_hybrid_search] BM25 raw scores: min=0.0000, max=21.4872
2026-01-06 09:18:54 | DEBUG    | log:153 | [get_keyword_boost] Query: 'Check chi nhanh quan ly cai...' | Doc: Tra cứu giao dịch ch | Boost: 0.25 | Matched: ['ck']
2026-01-06 09:18:54 | DEBUG    | log:153 | [classify_query_intent] Classified: 'Check chi nhanh quan ly cai...' -> Tra cứu giao dịch chuyển tiền (score=1)
2026-01-06 09:18:54 | DEBUG    | log:153 | [normalize_query] 'ngay mo cif cua tui la ngay nao...' -> 'Ngay mo cif cua tui la ngay nao...'
2026-01-06 09:18:54 | DEBUG    | log:153 | [perform_hybrid_search] query_text: [ngay mo cif cua tui la ngay nao] - formatted_query: [Ngay mo cif cua tui la ngay nao] - normalized_query: [Ngay mo cif cua tui la ngay nao]
2026-01-06 09:18:54 | DEBUG    | log:153 | [perform_hybrid_search] BM25 raw scores: min=0.0000, max=10.5342
2026-01-06 09:18:54 | DEBUG    | log:153 | [classify_query_intent] No keyword matches found in: 'Ngay mo cif cua tui la ngay nao'
2026-01-06 09:18:54 | DEBUG    | log:153 | [normalize_query] 'tui dang ky o pgd nao v...' -> 'Tui dang ky o pgd nao v...'
2026-01-06 09:18:54 | DEBUG    | log:153 | [perform_hybrid_search] query_text: [tui dang ky o pgd nao v] - formatted_query: [Tui dang ky o pgd nao v] - normalized_query: [Tui dang ky o pgd nao v]
2026-01-06 09:18:54 | DEBUG    | log:153 | [perform_hybrid_search] BM25 raw scores: min=0.0108, max=9.5677
2026-01-06 09:18:54 | DEBUG    | log:153 | [get_keyword_boost] Query: 'Tui dang ky o pgd nao v...' | Doc: getUserProfile | Tra | Boost: 0.25 | Matched: ['pgd']
2026-01-06 09:18:54 | DEBUG    | log:153 | [classify_query_intent] Classified: 'Tui dang ky o pgd nao v...' -> getUserProfile | Tra cứu thông (score=1)
2026-01-06 09:18:54 | DEBUG    | log:153 | [normalize_query] 'check thong tin cif tui phat...' -> 'Check thong tin cif tui phat...'
2026-01-06 09:18:54 | DEBUG    | log:153 | [perform_hybrid_search] query_text: [check thong tin cif tui phat] - formatted_query: [Check thong tin cif tui phat] - normalized_query: [Check thong tin cif tui phat]
2026-01-06 09:18:54 | DEBUG    | log:153 | [perform_hybrid_search] BM25 raw scores: min=0.0000, max=4.8295
2026-01-06 09:18:54 | DEBUG    | log:153 | [get_keyword_boost] Query: 'Check thong tin cif tui phat...' | Doc: Tra cứu giao dịch ch | Boost: 0.25 | Matched: ['ck']
2026-01-06 09:18:54 | DEBUG    | log:153 | [classify_query_intent] Classified: 'Check thong tin cif tui phat...' -> Tra cứu giao dịch chuyển tiền (score=1)
2026-01-06 09:18:54 | DEBUG    | log:153 | [normalize_query] 'chi nhanh nao quan ly tui...' -> 'Chi nhanh nao quan ly tui...'
2026-01-06 09:18:54 | DEBUG    | log:153 | [perform_hybrid_search] query_text: [chi nhanh nao quan ly tui] - formatted_query: [Chi nhanh nao quan ly tui] - normalized_query: [Chi nhanh nao quan ly tui]
2026-01-06 09:18:54 | DEBUG    | log:153 | [perform_hybrid_search] BM25 raw scores: min=0.0000, max=22.0084
2026-01-06 09:18:54 | DEBUG    | log:153 | [classify_query_intent] No keyword matches found in: 'Chi nhanh nao quan ly tui'
2026-01-06 09:18:54 | DEBUG    | log:153 | [normalize_query] 'ho so tui tao luc nao v...' -> 'Ho so tui tao luc nao v...'
2026-01-06 09:18:54 | DEBUG    | log:153 | [perform_hybrid_search] query_text: [ho so tui tao luc nao v] - formatted_query: [Ho so tui tao luc nao v] - normalized_query: [Ho so tui tao luc nao v]
2026-01-06 09:18:54 | DEBUG    | log:153 | [perform_hybrid_search] BM25 raw scores: min=0.0109, max=12.5897
2026-01-06 09:18:54 | DEBUG    | log:153 | [classify_query_intent] No keyword matches found in: 'Ho so tui tao luc nao v'
2026-01-06 09:18:54 | DEBUG    | log:153 | [normalize_query] 'ma chi nhanh cua tui la j...' -> 'Ma chi nhanh cua tui la j...'
2026-01-06 09:18:54 | DEBUG    | log:153 | [perform_hybrid_search] query_text: [ma chi nhanh cua tui la j] - formatted_query: [Ma chi nhanh cua tui la j] - normalized_query: [Ma chi nhanh cua tui la j]
2026-01-06 09:18:54 | DEBUG    | log:153 | [perform_hybrid_search] BM25 raw scores: min=0.0000, max=11.2373
2026-01-06 09:18:54 | DEBUG    | log:153 | [classify_query_intent] No keyword matches found in: 'Ma chi nhanh cua tui la j'
2026-01-06 09:18:54 | DEBUG    | log:153 | [normalize_query] 'tui mo tai khoan o chi nhanh nao...' -> 'Tui mo tai khoan o chi nhanh nao...'
2026-01-06 09:18:54 | DEBUG    | log:153 | [perform_hybrid_search] query_text: [tui mo tai khoan o chi nhanh nao] - formatted_query: [Tui mo tai khoan o chi nhanh nao] - normalized_query: [Tui mo tai khoan o chi nhanh nao]
2026-01-06 09:18:54 | DEBUG    | log:153 | [perform_hybrid_search] BM25 raw scores: min=0.7798, max=19.0849
2026-01-06 09:18:54 | DEBUG    | log:153 | [classify_query_intent] No keyword matches found in: 'Tui mo tai khoan o chi nhanh nao'
2026-01-06 09:18:54 | DEBUG    | log:153 | [normalize_query] 'check pgd quan ly ho so...' -> 'Check pgd quan ly ho so...'
2026-01-06 09:18:54 | DEBUG    | log:153 | [perform_hybrid_search] query_text: [check pgd quan ly ho so] - formatted_query: [Check pgd quan ly ho so] - normalized_query: [Check pgd quan ly ho so]
2026-01-06 09:18:54 | DEBUG    | log:153 | [perform_hybrid_search] BM25 raw scores: min=0.0109, max=9.7444
2026-01-06 09:18:54 | DEBUG    | log:153 | [get_keyword_boost] Query: 'Check pgd quan ly ho so...' | Doc: Tra cứu giao dịch ch | Boost: 0.25 | Matched: ['ck']
2026-01-06 09:18:54 | DEBUG    | log:153 | [get_keyword_boost] Query: 'Check pgd quan ly ho so...' | Doc: getUserProfile | Tra | Boost: 0.25 | Matched: ['pgd']
2026-01-06 09:18:54 | DEBUG    | log:153 | [classify_query_intent] Ambiguous: 'Check pgd quan ly ho so...' | Scores: {'Tra cứu giao dịch chuyển tiền': 1, 'getUserProfile | Tra cứu thông tin CIF': 1}
2026-01-06 09:18:54 | DEBUG    | log:153 | [normalize_query] 'ngay khoi tao cif cua minh...' -> 'Ngay khoi tao cif cua minh...'
2026-01-06 09:18:54 | DEBUG    | log:153 | [perform_hybrid_search] query_text: [ngay khoi tao cif cua minh] - formatted_query: [Ngay khoi tao cif cua minh] - normalized_query: [Ngay khoi tao cif cua minh]
2026-01-06 09:18:54 | DEBUG    | log:153 | [perform_hybrid_search] BM25 raw scores: min=0.0000, max=10.5843
2026-01-06 09:18:54 | DEBUG    | log:153 | [classify_query_intent] No keyword matches found in: 'Ngay khoi tao cif cua minh'
2026-01-06 09:18:54 | DEBUG    | log:153 | [normalize_query] 'xem chi nhanh dang ky cua tui...' -> 'Xem chi nhanh dang ky cua tui...'
2026-01-06 09:18:54 | DEBUG    | log:153 | [perform_hybrid_search] query_text: [xem chi nhanh dang ky cua tui] - formatted_query: [Xem chi nhanh dang ky cua tui] - normalized_query: [Xem chi nhanh dang ky cua tui]
2026-01-06 09:18:54 | DEBUG    | log:153 | [perform_hybrid_search] BM25 raw scores: min=0.0120, max=13.3123
2026-01-06 09:18:54 | DEBUG    | log:153 | [classify_query_intent] No keyword matches found in: 'Xem chi nhanh dang ky cua tui'
2026-01-06 09:18:54 | DEBUG    | log:153 | [normalize_query] 'tui thuoc branch nao v nhi...' -> 'Tui thuoc branch nao v nhi...'
2026-01-06 09:18:54 | DEBUG    | log:153 | [perform_hybrid_search] query_text: [tui thuoc branch nao v nhi] - formatted_query: [Tui thuoc branch nao v nhi] - normalized_query: [Tui thuoc branch nao v nhi]
2026-01-06 09:18:54 | DEBUG    | log:153 | [perform_hybrid_search] BM25 raw scores: min=0.0000, max=8.9996
2026-01-06 09:18:54 | DEBUG    | log:153 | [get_keyword_boost] Query: 'Tui thuoc branch nao v nhi...' | Doc: getUserProfile | Tra | Boost: 0.25 | Matched: ['branch']
2026-01-06 09:18:54 | DEBUG    | log:153 | [classify_query_intent] Classified: 'Tui thuoc branch nao v nhi...' -> getUserProfile | Tra cứu thông (score=1)
2026-01-06 09:18:54 | DEBUG    | log:153 | [normalize_query] 'ho so tui tren he thong nao...' -> 'Ho so tui tren he thong nao...'
2026-01-06 09:18:54 | DEBUG    | log:153 | [perform_hybrid_search] query_text: [ho so tui tren he thong nao] - formatted_query: [Ho so tui tren he thong nao] - normalized_query: [Ho so tui tren he thong nao]
2026-01-06 09:18:54 | DEBUG    | log:153 | [perform_hybrid_search] BM25 raw scores: min=0.0674, max=12.1825
2026-01-06 09:18:54 | DEBUG    | log:153 | [classify_query_intent] No keyword matches found in: 'Ho so tui tren he thong nao'
2026-01-06 09:18:54 | DEBUG    | log:153 | [normalize_query] 'coi thong tin chi nhanh quan ly...' -> 'Coi thong tin chi nhanh quan ly...'
2026-01-06 09:18:54 | DEBUG    | log:153 | [perform_hybrid_search] query_text: [coi thong tin chi nhanh quan ly] - formatted_query: [Coi thong tin chi nhanh quan ly] - normalized_query: [Coi thong tin chi nhanh quan ly]
2026-01-06 09:18:54 | DEBUG    | log:153 | [perform_hybrid_search] BM25 raw scores: min=0.0000, max=25.8453
2026-01-06 09:18:54 | DEBUG    | log:153 | [classify_query_intent] No keyword matches found in: 'Coi thong tin chi nhanh quan ly'
2026-01-06 09:18:54 | DEBUG    | log:153 | [normalize_query] 'tui dk tai khoan o dau v...' -> 'Tui dk tai khoan o dau v...'
2026-01-06 09:18:54 | DEBUG    | log:153 | [perform_hybrid_search] query_text: [tui dk tai khoan o dau v] - formatted_query: [Tui dk tai khoan o dau v] - normalized_query: [Tui dk tai khoan o dau v]
2026-01-06 09:18:54 | DEBUG    | log:153 | [perform_hybrid_search] BM25 raw scores: min=0.0000, max=1.7464
2026-01-06 09:18:54 | DEBUG    | log:153 | [classify_query_intent] No keyword matches found in: 'Tui dk tai khoan o dau v'
2026-01-06 09:18:54 | DEBUG    | log:153 | [normalize_query] 'check ngay mo ho so tui...' -> 'Check ngay mo ho so tui...'
2026-01-06 09:18:54 | DEBUG    | log:153 | [perform_hybrid_search] query_text: [check ngay mo ho so tui] - formatted_query: [Check ngay mo ho so tui] - normalized_query: [Check ngay mo ho so tui]
2026-01-06 09:18:54 | DEBUG    | log:153 | [perform_hybrid_search] BM25 raw scores: min=0.0096, max=6.6610
2026-01-06 09:18:54 | DEBUG    | log:153 | [get_keyword_boost] Query: 'Check ngay mo ho so tui...' | Doc: Tra cứu giao dịch ch | Boost: 0.25 | Matched: ['ck']
2026-01-06 09:18:54 | DEBUG    | log:153 | [classify_query_intent] Classified: 'Check ngay mo ho so tui...' -> Tra cứu giao dịch chuyển tiền (score=1)
2026-01-06 09:18:54 | DEBUG    | log:153 | [normalize_query] 'chi nhanh goc cua tui la j...' -> 'Chi nhanh goc cua tui la j...'
2026-01-06 09:18:54 | DEBUG    | log:153 | [perform_hybrid_search] query_text: [chi nhanh goc cua tui la j] - formatted_query: [Chi nhanh goc cua tui la j] - normalized_query: [Chi nhanh goc cua tui la j]
2026-01-06 09:18:54 | DEBUG    | log:153 | [perform_hybrid_search] BM25 raw scores: min=0.0000, max=11.1359
2026-01-06 09:18:54 | DEBUG    | log:153 | [classify_query_intent] No keyword matches found in: 'Chi nhanh goc cua tui la j'
2026-01-06 09:18:54 | DEBUG    | log:153 | [normalize_query] 'ho so tui do pgd nao giu...' -> 'Ho so tui do pgd nao giu...'
2026-01-06 09:18:54 | DEBUG    | log:153 | [perform_hybrid_search] query_text: [ho so tui do pgd nao giu] - formatted_query: [Ho so tui do pgd nao giu] - normalized_query: [Ho so tui do pgd nao giu]
2026-01-06 09:18:54 | DEBUG    | log:153 | [perform_hybrid_search] BM25 raw scores: min=0.0109, max=13.0690
2026-01-06 09:18:54 | DEBUG    | log:153 | [get_keyword_boost] Query: 'Ho so tui do pgd nao giu...' | Doc: getUserProfile | Tra | Boost: 0.25 | Matched: ['pgd']
2026-01-06 09:18:54 | DEBUG    | log:153 | [classify_query_intent] Classified: 'Ho so tui do pgd nao giu...' -> getUserProfile | Tra cứu thông (score=1)
2026-01-06 09:18:54 | DEBUG    | log:153 | [normalize_query] 'check ma branch cua tui...' -> 'Check ma branch cua tui...'
2026-01-06 09:18:54 | DEBUG    | log:153 | [perform_hybrid_search] query_text: [check ma branch cua tui] - formatted_query: [Check ma branch cua tui] - normalized_query: [Check ma branch cua tui]
2026-01-06 09:18:54 | DEBUG    | log:153 | [perform_hybrid_search] BM25 raw scores: min=0.0000, max=2.0722
2026-01-06 09:18:54 | DEBUG    | log:153 | [get_keyword_boost] Query: 'Check ma branch cua tui...' | Doc: Tra cứu giao dịch ch | Boost: 0.25 | Matched: ['ck']
2026-01-06 09:18:54 | DEBUG    | log:153 | [get_keyword_boost] Query: 'Check ma branch cua tui...' | Doc: getUserProfile | Tra | Boost: 0.25 | Matched: ['branch']
2026-01-06 09:18:54 | DEBUG    | log:153 | [classify_query_intent] Ambiguous: 'Check ma branch cua tui...' | Scores: {'Tra cứu giao dịch chuyển tiền': 1, 'getUserProfile | Tra cứu thông tin CIF': 1}
2026-01-06 09:18:54 | DEBUG    | log:153 | [normalize_query] 'tui mo cif vao ngay may...' -> 'Tui mo cif vao ngay may...'
2026-01-06 09:18:54 | DEBUG    | log:153 | [perform_hybrid_search] query_text: [tui mo cif vao ngay may] - formatted_query: [Tui mo cif vao ngay may] - normalized_query: [Tui mo cif vao ngay may]
2026-01-06 09:18:54 | DEBUG    | log:153 | [perform_hybrid_search] BM25 raw scores: min=0.0000, max=4.7511
2026-01-06 09:18:54 | DEBUG    | log:153 | [classify_query_intent] No keyword matches found in: 'Tui mo cif vao ngay may'
2026-01-06 09:18:54 | DEBUG    | log:153 | [normalize_query] 'id he thong cua tui la j...' -> 'Id he thong cua tui la j...'
2026-01-06 09:18:54 | DEBUG    | log:153 | [perform_hybrid_search] query_text: [id he thong cua tui la j] - formatted_query: [Id he thong cua tui la j] - normalized_query: [Id he thong cua tui la j]
2026-01-06 09:18:54 | DEBUG    | log:153 | [perform_hybrid_search] BM25 raw scores: min=0.0000, max=3.8844
2026-01-06 09:18:54 | DEBUG    | log:153 | [get_keyword_boost] Query: 'Id he thong cua tui la j...' | Doc: Tra cứu chi tiết một | Boost: 0.25 | Matched: ['id']
2026-01-06 09:18:54 | DEBUG    | log:153 | [classify_query_intent] Classified: 'Id he thong cua tui la j...' -> Tra cứu chi tiết một giao dịch (score=1)
2026-01-06 09:18:54 | DEBUG    | log:153 | [normalize_query] 'xem ngay tao ho so khach hang...' -> 'Xem ngay tao ho so khach hang...'
2026-01-06 09:18:54 | DEBUG    | log:153 | [perform_hybrid_search] query_text: [xem ngay tao ho so khach hang] - formatted_query: [Xem ngay tao ho so khach hang] - normalized_query: [Xem ngay tao ho so khach hang]
2026-01-06 09:18:54 | DEBUG    | log:153 | [perform_hybrid_search] BM25 raw scores: min=0.0202, max=16.0433
2026-01-06 09:18:54 | DEBUG    | log:153 | [classify_query_intent] No keyword matches found in: 'Xem ngay tao ho so khach hang'
2026-01-06 09:18:54 | DEBUG    | log:153 | [normalize_query] 'tui dang ky o chi nhanh nao vay...' -> 'Tui dang ky o chi nhanh nao vay...'
2026-01-06 09:18:54 | DEBUG    | log:153 | [perform_hybrid_search] query_text: [tui dang ky o chi nhanh nao vay] - formatted_query: [Tui dang ky o chi nhanh nao vay] - normalized_query: [Tui dang ky o chi nhanh nao vay]
2026-01-06 09:18:55 | DEBUG    | log:153 | [perform_hybrid_search] BM25 raw scores: min=0.0109, max=19.0953
2026-01-06 09:18:55 | DEBUG    | log:153 | [classify_query_intent] No keyword matches found in: 'Tui dang ky o chi nhanh nao vay'
2026-01-06 09:18:55 | DEBUG    | log:153 | [normalize_query] 'check thong tin cif coi...' -> 'Check thong tin cif coi...'
2026-01-06 09:18:55 | DEBUG    | log:153 | [perform_hybrid_search] query_text: [check thong tin cif coi] - formatted_query: [Check thong tin cif coi] - normalized_query: [Check thong tin cif coi]
2026-01-06 09:18:55 | DEBUG    | log:153 | [perform_hybrid_search] BM25 raw scores: min=0.0000, max=4.8295
2026-01-06 09:18:55 | DEBUG    | log:153 | [get_keyword_boost] Query: 'Check thong tin cif coi...' | Doc: Tra cứu giao dịch ch | Boost: 0.25 | Matched: ['ck']
2026-01-06 09:18:55 | DEBUG    | log:153 | [classify_query_intent] Classified: 'Check thong tin cif coi...' -> Tra cứu giao dịch chuyển tiền (score=1)
2026-01-06 09:18:55 | DEBUG    | log:153 | [normalize_query] 'don vi nao quan ly tui v...' -> 'Don vi nao quan ly tui v...'
2026-01-06 09:18:55 | DEBUG    | log:153 | [perform_hybrid_search] query_text: [don vi nao quan ly tui v] - formatted_query: [Don vi nao quan ly tui v] - normalized_query: [Don vi nao quan ly tui v]
2026-01-06 09:18:55 | DEBUG    | log:153 | [perform_hybrid_search] BM25 raw scores: min=0.0000, max=14.2111
2026-01-06 09:18:55 | DEBUG    | log:153 | [classify_query_intent] No keyword matches found in: 'Don vi nao quan ly tui v'
2026-01-06 09:18:55 | DEBUG    | log:153 | [normalize_query] 'ma chi nhanh tui la bn...' -> 'Ma chi nhanh tui la bn...'
2026-01-06 09:18:55 | DEBUG    | log:153 | [perform_hybrid_search] query_text: [ma chi nhanh tui la bn] - formatted_query: [Ma chi nhanh tui la bn] - normalized_query: [Ma chi nhanh tui la bn]
2026-01-06 09:18:55 | DEBUG    | log:153 | [perform_hybrid_search] BM25 raw scores: min=0.0000, max=11.2373
2026-01-06 09:18:55 | DEBUG    | log:153 | [classify_query_intent] No keyword matches found in: 'Ma chi nhanh tui la bn'
2026-01-06 09:18:55 | DEBUG    | log:153 | [normalize_query] 'tui dk cif tu khi nao nhi...' -> 'Tui dk cif tu khi nao nhi...'
2026-01-06 09:18:55 | DEBUG    | log:153 | [perform_hybrid_search] query_text: [tui dk cif tu khi nao nhi] - formatted_query: [Tui dk cif tu khi nao nhi] - normalized_query: [Tui dk cif tu khi nao nhi]
2026-01-06 09:18:55 | DEBUG    | log:153 | [perform_hybrid_search] BM25 raw scores: min=0.0000, max=7.5508
2026-01-06 09:18:55 | DEBUG    | log:153 | [classify_query_intent] No keyword matches found in: 'Tui dk cif tu khi nao nhi'
2026-01-06 09:18:55 | DEBUG    | log:153 | [normalize_query] 'check giùm nơi quản lý hồ sơ...' -> 'Check giùm nơi quản lý hồ sơ...'
2026-01-06 09:18:55 | DEBUG    | log:153 | [perform_hybrid_search] query_text: [check giùm nơi quản lý hồ sơ] - formatted_query: [Check giùm nơi quản lý hồ sơ] - normalized_query: [Check giùm nơi quản lý hồ sơ]
2026-01-06 09:18:55 | DEBUG    | log:153 | [perform_hybrid_search] BM25 raw scores: min=0.0109, max=43.4838
2026-01-06 09:18:55 | DEBUG    | log:153 | [get_keyword_boost] Query: 'Check giùm nơi quản lý hồ sơ...' | Doc: Tra cứu giao dịch ch | Boost: 0.25 | Matched: ['ck']
2026-01-06 09:18:55 | DEBUG    | log:153 | [classify_query_intent] Classified: 'Check giùm nơi quản lý hồ sơ...' -> Tra cứu giao dịch chuyển tiền (score=1)
2026-01-06 09:18:55 | DEBUG    | log:153 | [normalize_query] 'chi nhanh quan ly tui la o dau...' -> 'Chi nhanh quan ly tui la o dau...'
2026-01-06 09:18:55 | DEBUG    | log:153 | [perform_hybrid_search] query_text: [chi nhanh quan ly tui la o dau] - formatted_query: [Chi nhanh quan ly tui la o dau] - normalized_query: [Chi nhanh quan ly tui la o dau]
2026-01-06 09:18:55 | DEBUG    | log:153 | [perform_hybrid_search] BM25 raw scores: min=0.0000, max=21.4872
2026-01-06 09:18:55 | DEBUG    | log:153 | [classify_query_intent] No keyword matches found in: 'Chi nhanh quan ly tui la o dau'
2026-01-06 09:18:55 | DEBUG    | log:153 | [normalize_query] 'ngay tao cif xem o dau...' -> 'Ngay tao cif xem o dau...'
2026-01-06 09:18:55 | DEBUG    | log:153 | [perform_hybrid_search] query_text: [ngay tao cif xem o dau] - formatted_query: [Ngay tao cif xem o dau] - normalized_query: [Ngay tao cif xem o dau]
2026-01-06 09:18:55 | DEBUG    | log:153 | [perform_hybrid_search] BM25 raw scores: min=0.0000, max=7.6749
2026-01-06 09:18:55 | DEBUG    | log:153 | [classify_query_intent] No keyword matches found in: 'Ngay tao cif xem o dau'
2026-01-06 09:18:55 | DEBUG    | log:153 | [normalize_query] 'tui thuoc chi nhanh nao day...' -> 'Tui thuoc chi nhanh nao day...'
2026-01-06 09:18:55 | DEBUG    | log:153 | [perform_hybrid_search] query_text: [tui thuoc chi nhanh nao day] - formatted_query: [Tui thuoc chi nhanh nao day] - normalized_query: [Tui thuoc chi nhanh nao day]
2026-01-06 09:18:55 | DEBUG    | log:153 | [perform_hybrid_search] BM25 raw scores: min=0.0000, max=21.7438
2026-01-06 09:18:55 | DEBUG    | log:153 | [classify_query_intent] No keyword matches found in: 'Tui thuoc chi nhanh nao day'
2026-01-06 09:18:55 | DEBUG    | log:153 | [normalize_query] 'check he thong quan ly cif...' -> 'Check he thong quan ly cif...'
2026-01-06 09:18:55 | DEBUG    | log:153 | [perform_hybrid_search] query_text: [check he thong quan ly cif] - formatted_query: [Check he thong quan ly cif] - normalized_query: [Check he thong quan ly cif]
2026-01-06 09:18:55 | DEBUG    | log:153 | [perform_hybrid_search] BM25 raw scores: min=0.0000, max=10.3948
2026-01-06 09:18:55 | DEBUG    | log:153 | [get_keyword_boost] Query: 'Check he thong quan ly cif...' | Doc: Tra cứu giao dịch ch | Boost: 0.25 | Matched: ['ck']
2026-01-06 09:18:55 | DEBUG    | log:153 | [classify_query_intent] Classified: 'Check he thong quan ly cif...' -> Tra cứu giao dịch chuyển tiền (score=1)
2026-01-06 09:18:55 | DEBUG    | log:153 | [normalize_query] 'ho so tui mo tai dau v...' -> 'Ho so tui mo tai dau v...'
2026-01-06 09:18:55 | DEBUG    | log:153 | [perform_hybrid_search] query_text: [ho so tui mo tai dau v] - formatted_query: [Ho so tui mo tai dau v] - normalized_query: [Ho so tui mo tai dau v]
2026-01-06 09:18:55 | DEBUG    | log:153 | [perform_hybrid_search] BM25 raw scores: min=0.0345, max=5.2127
2026-01-06 09:18:55 | DEBUG    | log:153 | [classify_query_intent] No keyword matches found in: 'Ho so tui mo tai dau v'
2026-01-06 09:18:55 | DEBUG    | log:153 | [normalize_query] 'coi ma chi nhanh cua tui...' -> 'Coi ma chi nhanh cua tui...'
2026-01-06 09:18:55 | DEBUG    | log:153 | [perform_hybrid_search] query_text: [coi ma chi nhanh cua tui] - formatted_query: [Coi ma chi nhanh cua tui] - normalized_query: [Coi ma chi nhanh cua tui]
2026-01-06 09:18:55 | DEBUG    | log:153 | [perform_hybrid_search] BM25 raw scores: min=0.0000, max=11.2373
2026-01-06 09:18:55 | DEBUG    | log:153 | [classify_query_intent] No keyword matches found in: 'Coi ma chi nhanh cua tui'
2026-01-06 09:18:55 | DEBUG    | log:153 | [normalize_query] 'ngay xua tui mo cif o dau...' -> 'Ngay xua tui mo cif o dau...'
2026-01-06 09:18:55 | DEBUG    | log:153 | [perform_hybrid_search] query_text: [ngay xua tui mo cif o dau] - formatted_query: [Ngay xua tui mo cif o dau] - normalized_query: [Ngay xua tui mo cif o dau]
2026-01-06 09:18:55 | DEBUG    | log:153 | [perform_hybrid_search] BM25 raw scores: min=0.0000, max=4.7511
2026-01-06 09:18:55 | DEBUG    | log:153 | [classify_query_intent] No keyword matches found in: 'Ngay xua tui mo cif o dau'
2026-01-06 09:18:55 | DEBUG    | log:153 | [normalize_query] 'chi nhanh nao dang giu ho so tui...' -> 'Chi nhanh nao dang giu ho so tui...'
2026-01-06 09:18:55 | DEBUG    | log:153 | [perform_hybrid_search] query_text: [chi nhanh nao dang giu ho so tui] - formatted_query: [Chi nhanh nao dang giu ho so tui] - normalized_query: [Chi nhanh nao dang giu ho so tui]
2026-01-06 09:18:55 | DEBUG    | log:153 | [perform_hybrid_search] BM25 raw scores: min=0.0217, max=19.9760
2026-01-06 09:18:55 | DEBUG    | log:153 | [classify_query_intent] No keyword matches found in: 'Chi nhanh nao dang giu ho so tui'
2026-01-06 09:18:55 | DEBUG    | log:153 | [normalize_query] 'check thong tin dang ky cif...' -> 'Check thong tin dang ky cif...'
2026-01-06 09:18:55 | DEBUG    | log:153 | [perform_hybrid_search] query_text: [check thong tin dang ky cif] - formatted_query: [Check thong tin dang ky cif] - normalized_query: [Check thong tin dang ky cif]
2026-01-06 09:18:55 | DEBUG    | log:153 | [perform_hybrid_search] BM25 raw scores: min=0.0146, max=4.7675
2026-01-06 09:18:55 | DEBUG    | log:153 | [get_keyword_boost] Query: 'Check thong tin dang ky cif...' | Doc: Tra cứu giao dịch ch | Boost: 0.25 | Matched: ['ck']
2026-01-06 09:18:55 | DEBUG    | log:153 | [classify_query_intent] Classified: 'Check thong tin dang ky cif...' -> Tra cứu giao dịch chuyển tiền (score=1)
2026-01-06 09:18:55 | DEBUG    | log:153 | [normalize_query] 'tui thuoc phong giao dich nao...' -> 'Tui thuoc phong giao dich nao...'
2026-01-06 09:18:55 | DEBUG    | log:153 | [perform_hybrid_search] query_text: [tui thuoc phong giao dich nao] - formatted_query: [Tui thuoc phong giao dich nao] - normalized_query: [Tui thuoc phong giao dich nao]
2026-01-06 09:18:55 | DEBUG    | log:153 | [perform_hybrid_search] BM25 raw scores: min=0.6039, max=12.5205
2026-01-06 09:18:55 | DEBUG    | log:153 | [classify_query_intent] No keyword matches found in: 'Tui thuoc phong giao dich nao'
2026-01-06 09:18:55 | DEBUG    | log:153 | [normalize_query] 'ngay tao ho so la ngay nao...' -> 'Ngay tao ho so la ngay nao...'
2026-01-06 09:18:55 | DEBUG    | log:153 | [perform_hybrid_search] query_text: [ngay tao ho so la ngay nao] - formatted_query: [Ngay tao ho so la ngay nao] - normalized_query: [Ngay tao ho so la ngay nao]
2026-01-06 09:18:55 | DEBUG    | log:153 | [perform_hybrid_search] BM25 raw scores: min=0.0115, max=14.0380
2026-01-06 09:18:55 | DEBUG    | log:153 | [classify_query_intent] No keyword matches found in: 'Ngay tao ho so la ngay nao'
2026-01-06 09:18:55 | DEBUG    | log:153 | [normalize_query] 'check branch quan ly tui cai...' -> 'Check branch quan ly tui cai...'
2026-01-06 09:18:55 | DEBUG    | log:153 | [perform_hybrid_search] query_text: [check branch quan ly tui cai] - formatted_query: [Check branch quan ly tui cai] - normalized_query: [Check branch quan ly tui cai]
2026-01-06 09:18:55 | DEBUG    | log:153 | [perform_hybrid_search] BM25 raw scores: min=0.0000, max=6.6977
2026-01-06 09:18:55 | DEBUG    | log:153 | [get_keyword_boost] Query: 'Check branch quan ly tui cai...' | Doc: Tra cứu giao dịch ch | Boost: 0.25 | Matched: ['ck']
2026-01-06 09:18:55 | DEBUG    | log:153 | [get_keyword_boost] Query: 'Check branch quan ly tui cai...' | Doc: getUserProfile | Tra | Boost: 0.25 | Matched: ['branch']
2026-01-06 09:18:55 | DEBUG    | log:153 | [classify_query_intent] Ambiguous: 'Check branch quan ly tui cai...' | Scores: {'Tra cứu giao dịch chuyển tiền': 1, 'getUserProfile | Tra cứu thông tin CIF': 1}
2026-01-06 09:18:55 | DEBUG    | log:153 | [normalize_query] 'cif cua tui dk o dau v...' -> 'Cif cua tui dk o dau v...'
2026-01-06 09:18:55 | DEBUG    | log:153 | [perform_hybrid_search] query_text: [cif cua tui dk o dau v] - formatted_query: [Cif cua tui dk o dau v] - normalized_query: [Cif cua tui dk o dau v]
2026-01-06 09:18:55 | DEBUG    | log:153 | [perform_hybrid_search] BM25 raw scores: min=0.0000, max=1.9493
2026-01-06 09:18:55 | DEBUG    | log:153 | [classify_query_intent] No keyword matches found in: 'Cif cua tui dk o dau v'
2026-01-06 09:18:55 | DEBUG    | log:153 | [normalize_query] 'xem ngay mo tai khoan cif...' -> 'Xem ngay mo tai khoan cif...'
2026-01-06 09:18:55 | DEBUG    | log:153 | [perform_hybrid_search] query_text: [xem ngay mo tai khoan cif] - formatted_query: [Xem ngay mo tai khoan cif] - normalized_query: [Xem ngay mo tai khoan cif]
2026-01-06 09:18:55 | DEBUG    | log:153 | [perform_hybrid_search] BM25 raw scores: min=0.6437, max=8.2598
2026-01-06 09:18:55 | DEBUG    | log:153 | [classify_query_intent] No keyword matches found in: 'Xem ngay mo tai khoan cif'
2026-01-06 09:18:55 | DEBUG    | log:153 | [normalize_query] 'chi nhanh nao phu trach tui...' -> 'Chi nhanh nao phu trach tui...'
2026-01-06 09:18:55 | DEBUG    | log:153 | [perform_hybrid_search] query_text: [chi nhanh nao phu trach tui] - formatted_query: [Chi nhanh nao phu trach tui] - normalized_query: [Chi nhanh nao phu trach tui]
2026-01-06 09:18:55 | DEBUG    | log:153 | [perform_hybrid_search] BM25 raw scores: min=0.0000, max=23.5962
2026-01-06 09:18:55 | DEBUG    | log:153 | [classify_query_intent] No keyword matches found in: 'Chi nhanh nao phu trach tui'
2026-01-06 09:18:55 | DEBUG    | log:153 | [normalize_query] 'check pgd cua tui phat...' -> 'Check pgd cua tui phat...'
2026-01-06 09:18:55 | DEBUG    | log:153 | [perform_hybrid_search] query_text: [check pgd cua tui phat] - formatted_query: [Check pgd cua tui phat] - normalized_query: [Check pgd cua tui phat]
2026-01-06 09:18:55 | DEBUG    | log:153 | [perform_hybrid_search] BM25 raw scores: min=0.0000, max=2.8131
2026-01-06 09:18:55 | DEBUG    | log:153 | [get_keyword_boost] Query: 'Check pgd cua tui phat...' | Doc: Tra cứu giao dịch ch | Boost: 0.25 | Matched: ['ck']
2026-01-06 09:18:55 | DEBUG    | log:153 | [get_keyword_boost] Query: 'Check pgd cua tui phat...' | Doc: getUserProfile | Tra | Boost: 0.25 | Matched: ['pgd']
2026-01-06 09:18:55 | DEBUG    | log:153 | [classify_query_intent] Ambiguous: 'Check pgd cua tui phat...' | Scores: {'Tra cứu giao dịch chuyển tiền': 1, 'getUserProfile | Tra cứu thông tin CIF': 1}
2026-01-06 09:18:55 | DEBUG    | log:153 | [normalize_query] 'ho so tui tao nam nao v...' -> 'Ho so tui tao nam nao v...'
2026-01-06 09:18:55 | DEBUG    | log:153 | [perform_hybrid_search] query_text: [ho so tui tao nam nao v] - formatted_query: [Ho so tui tao nam nao v] - normalized_query: [Ho so tui tao nam nao v]
2026-01-06 09:18:55 | DEBUG    | log:153 | [perform_hybrid_search] BM25 raw scores: min=0.0115, max=12.5897
2026-01-06 09:18:55 | DEBUG    | log:153 | [get_keyword_boost] Query: 'Ho so tui tao nam nao v...' | Doc: getUserProfile | Tra | Boost: 0.25 | Matched: ['nam']
2026-01-06 09:18:55 | DEBUG    | log:153 | [classify_query_intent] Classified: 'Ho so tui tao nam nao v...' -> getUserProfile | Tra cứu thông (score=1)
2026-01-06 09:18:55 | DEBUG    | log:153 | [normalize_query] 'chi nhanh dang ky cua tui...' -> 'Chi nhanh dang ky cua tui...'
2026-01-06 09:18:55 | DEBUG    | log:153 | [perform_hybrid_search] query_text: [chi nhanh dang ky cua tui] - formatted_query: [Chi nhanh dang ky cua tui] - normalized_query: [Chi nhanh dang ky cua tui]
2026-01-06 09:18:55 | DEBUG    | log:153 | [perform_hybrid_search] BM25 raw scores: min=0.0085, max=13.3123
2026-01-06 09:18:55 | DEBUG    | log:153 | [classify_query_intent] No keyword matches found in: 'Chi nhanh dang ky cua tui'
2026-01-06 09:18:55 | DEBUG    | log:153 | [normalize_query] 'check id he thong cif...' -> 'Check id he thong cif...'
2026-01-06 09:18:55 | DEBUG    | log:153 | [perform_hybrid_search] query_text: [check id he thong cif] - formatted_query: [Check id he thong cif] - normalized_query: [Check id he thong cif]
2026-01-06 09:18:55 | DEBUG    | log:153 | [perform_hybrid_search] BM25 raw scores: min=0.0000, max=5.0212
2026-01-06 09:18:55 | DEBUG    | log:153 | [get_keyword_boost] Query: 'Check id he thong cif...' | Doc: Tra cứu giao dịch ch | Boost: 0.25 | Matched: ['ck']
2026-01-06 09:18:55 | DEBUG    | log:153 | [get_keyword_boost] Query: 'Check id he thong cif...' | Doc: Tra cứu chi tiết một | Boost: 0.25 | Matched: ['id']
2026-01-06 09:18:55 | DEBUG    | log:153 | [classify_query_intent] Ambiguous: 'Check id he thong cif...' | Scores: {'Tra cứu giao dịch chuyển tiền': 1, 'Tra cứu chi tiết một giao dịch cụ thể': 1}
2026-01-06 09:18:55 | DEBUG    | log:153 | [normalize_query] 'tui thuoc don vi nao quan ly v...' -> 'Tui thuoc don vi nao quan ly v...'
2026-01-06 09:18:55 | DEBUG    | log:153 | [perform_hybrid_search] query_text: [tui thuoc don vi nao quan ly v] - formatted_query: [Tui thuoc don vi nao quan ly v] - normalized_query: [Tui thuoc don vi nao quan ly v]
2026-01-06 09:18:55 | DEBUG    | log:153 | [perform_hybrid_search] BM25 raw scores: min=0.0000, max=15.8194
2026-01-06 09:18:55 | DEBUG    | log:153 | [classify_query_intent] No keyword matches found in: 'Tui thuoc don vi nao quan ly v'
2026-01-06 09:18:55 | INFO     | log:151 | [search_batch_stream] Completed in 19.85s, avg 0.033s/row, saved to test_getUserProfile_1_192-168-40-86_20260106_091836.xlsx
2026-01-06 09:26:27 | DEBUG    | log:153 | [index] Serving web UI
2026-01-06 09:26:27 | DEBUG    | log:153 | [list_documents] Fetching all documents...
2026-01-06 09:26:27 | DEBUG    | log:153 | [get_tables] Getting tables...
2026-01-06 09:26:27 | DEBUG    | log:153 | [get_tables] Returning cached tables
2026-01-06 09:26:27 | INFO     | log:151 | [list_documents] Found 26 documents
2026-01-06 09:26:29 | DEBUG    | log:153 | [list_documents] Fetching all documents...
2026-01-06 09:26:29 | DEBUG    | log:153 | [get_tables] Getting tables...
2026-01-06 09:26:29 | DEBUG    | log:153 | [get_tables] Returning cached tables
2026-01-06 09:26:29 | INFO     | log:151 | [list_documents] Found 26 documents
2026-01-06 09:26:49 | INFO     | log:151 | [export_all_documents] Exporting all documents...
2026-01-06 09:26:49 | DEBUG    | log:153 | [get_tables] Getting tables...
2026-01-06 09:26:49 | DEBUG    | log:153 | [get_tables] Returning cached tables
2026-01-06 09:26:49 | INFO     | log:151 | [export_all_documents] Exported 26 documents to kb_backup_all_20260106_092649.xlsx
