2025-12-19 16:04:00 | DEBUG    | log:153 | [list_documents] Fetching all documents...
2025-12-19 16:05:05 | DEBUG    | log:153 | [get_tables] Getting tables...
2025-12-19 16:05:05 | DEBUG    | log:153 | [get_tables] Returning cached tables
2025-12-19 16:25:35 | INFO     | log:151 | [list_documents] Found 15 documents
2025-12-19 16:25:35 | INFO     | log:151 | [list_documents] Found 15 documents
2025-12-19 16:31:32 | DEBUG    | log:153 | [index] Serving web UI
2025-12-19 16:31:32 | DEBUG    | log:153 | [list_documents] Fetching all documents...
2025-12-19 16:31:32 | DEBUG    | log:153 | [get_tables] Getting tables...
2025-12-19 16:31:32 | DEBUG    | log:153 | [get_tables] Returning cached tables
2025-12-19 16:31:32 | INFO     | log:151 | [list_documents] Found 15 documents
2025-12-19 16:31:33 | DEBUG    | log:153 | [index] Serving web UI
2025-12-19 16:31:33 | DEBUG    | log:153 | [list_documents] Fetching all documents...
2025-12-19 16:31:33 | DEBUG    | log:153 | [get_tables] Getting tables...
2025-12-19 16:31:33 | DEBUG    | log:153 | [get_tables] Returning cached tables
2025-12-19 16:31:33 | INFO     | log:151 | [list_documents] Found 15 documents
2025-12-19 16:31:53 | INFO     | log:151 | [config] Loaded config | DEBUG_MODE=3
2025-12-19 16:31:56 | INFO     | log:151 | [main] FastAPI app initialized (Per-Example Embedding Architecture)
2025-12-19 16:31:56 | INFO     | log:151 | [lifespan] Server starting - running warmup...
2025-12-19 16:31:56 | INFO     | log:151 | [warmup] Loading tables...
2025-12-19 16:31:56 | DEBUG    | log:153 | [get_tables] Getting tables...
2025-12-19 16:32:04 | DEBUG    | log:153 | [get_tables] Loaded existing tables
2025-12-19 16:32:04 | INFO     | log:151 | [warmup] Tables loaded: 15 docs, 251 examples
2025-12-19 16:32:04 | INFO     | log:151 | [warmup] Loading embedding model...
2025-12-19 16:32:04 | INFO     | log:151 | [get_embedding_model] Loading model on GPU (NVIDIA RTX A5000)...
2025-12-19 16:32:10 | INFO     | log:151 | [get_embedding_model] Model loaded on GPU (NVIDIA RTX A5000)
2025-12-19 16:32:10 | INFO     | log:151 | [warmup] Embedding model loaded on GPU (NVIDIA RTX A5000)
2025-12-19 16:32:10 | INFO     | log:151 | [warmup] Building embeddings cache...
2025-12-19 16:32:10 | INFO     | log:151 | [build_embeddings_cache] Building embeddings cache...
2025-12-19 16:32:11 | INFO     | log:151 | [build_embeddings_cache] Cache built in 0.82s: 251 examples, 15 docs on GPU (NVIDIA RTX A5000)
2025-12-19 16:32:11 | INFO     | log:151 | [warmup] Embeddings cache built
2025-12-19 16:32:11 | INFO     | log:151 | [warmup] Building corpus stats cache...
2025-12-19 16:32:11 | INFO     | log:151 | [get_corpus_stats] Rebuilding corpus stats cache...
2025-12-19 16:32:11 | INFO     | log:151 | [warmup] Corpus stats cache built
2025-12-19 16:32:11 | INFO     | log:151 | [warmup] System ready in 14.44s | URLs: ['http://localhost:6804', 'http://192.168.3.7:6804']
2025-12-19 16:40:27 | DEBUG    | log:153 | [index] Serving web UI
2025-12-19 16:40:27 | DEBUG    | log:153 | [list_documents] Fetching all documents...
2025-12-19 16:40:27 | DEBUG    | log:153 | [get_tables] Getting tables...
2025-12-19 16:40:27 | DEBUG    | log:153 | [get_tables] Returning cached tables
2025-12-19 16:40:27 | INFO     | log:151 | [list_documents] Found 15 documents
2025-12-19 16:41:04 | DEBUG    | log:153 | [list_documents] Fetching all documents...
2025-12-19 16:41:04 | DEBUG    | log:153 | [get_tables] Getting tables...
2025-12-19 16:41:04 | DEBUG    | log:153 | [get_tables] Returning cached tables
2025-12-19 16:41:04 | INFO     | log:151 | [list_documents] Found 15 documents
2025-12-19 16:42:24 | INFO     | log:151 | [search_single] Searching: 'tra cứu giao dịch với người gửi phạm văn an...' (top_k=10)
2025-12-19 16:42:24 | DEBUG    | log:153 | [get_tables] Getting tables...
2025-12-19 16:42:24 | DEBUG    | log:153 | [get_tables] Returning cached tables
2025-12-19 16:42:24 | DEBUG    | log:153 | [normalize_query] 'tra cứu giao dịch với người gửi phạm văn...' -> 'Tra cứu giao dịch với người gửi phạm văn...'
2025-12-19 16:42:24 | DEBUG    | log:153 | [perform_hybrid_search] query_text: [tra cứu giao dịch với người gửi phạm văn an] - formatted_query: [Tra cứu giao dịch với người gửi phạm văn an] - normalized_query: [Tra cứu giao dịch với người gửi phạm văn an]
2025-12-19 16:42:24 | DEBUG    | log:153 | [perform_hybrid_search] BM25 raw scores: min=0.7880, max=8.0395
2025-12-19 16:42:24 | DEBUG    | log:153 | [classify_query_intent] No keyword matches found in: 'Tra cứu giao dịch với người gửi phạm văn an'
2025-12-19 16:42:24 | INFO     | log:151 | [search_single] Found 10 results
2025-12-19 16:42:24 | DEBUG    | log:153 | [search_single] Top: Tra cứu giao dịch theo loại giao dịch... (score=0.8115, sem=0.8735, bm25=1.0000, boost=0.0000)
2025-12-19 16:46:38 | INFO     | log:151 | [search_batch_stream] Batch stream search from: test_api.xlsx
2025-12-19 16:46:38 | DEBUG    | log:153 | [get_tables] Getting tables...
2025-12-19 16:46:38 | DEBUG    | log:153 | [get_tables] Returning cached tables
2025-12-19 16:46:38 | DEBUG    | log:153 | [normalize_query] 'Cho tôi xem lịch sử giao dịch của tài kh...' -> 'Cho tôi xem lịch sử giao dịch của tài kh...'
2025-12-19 16:46:38 | DEBUG    | log:153 | [perform_hybrid_search] query_text: [Cho tôi xem lịch sử giao dịch của tài khoản 0123456789] - formatted_query: [Cho tôi xem lịch sử giao dịch của tài khoản 0123456789] - normalized_query: [Cho tôi xem lịch sử giao dịch của tài khoản 0123456789]
2025-12-19 16:46:38 | DEBUG    | log:153 | [perform_hybrid_search] BM25 raw scores: min=0.8559, max=29.3314
2025-12-19 16:46:38 | DEBUG    | log:153 | [get_keyword_boost] Query: 'Cho tôi xem lịch sử giao dịch ...' | Doc: Tra cứu lịch sử giao | Boost: 0.25 | Matched: ['tài khoản']
2025-12-19 16:46:38 | DEBUG    | log:153 | [classify_query_intent] Classified: 'Cho tôi xem lịch sử giao dịch ...' -> Tra cứu lịch sử giao dịch theo (score=1)
2025-12-19 16:46:38 | DEBUG    | log:153 | [normalize_query] 'Tôi muốn tra cứu các giao dịch của số tà...' -> 'Tôi muốn tra cứu các giao dịch của số tà...'
2025-12-19 16:46:38 | DEBUG    | log:153 | [perform_hybrid_search] query_text: [Tôi muốn tra cứu các giao dịch của số tài khoản 0123456789] - formatted_query: [Tôi muốn tra cứu các giao dịch của số tài khoản 0123456789] - normalized_query: [Tôi muốn tra cứu các giao dịch của số tài khoản 0123456789]
2025-12-19 16:46:38 | DEBUG    | log:153 | [perform_hybrid_search] BM25 raw scores: min=1.3084, max=34.7920
2025-12-19 16:46:38 | DEBUG    | log:153 | [get_keyword_boost] Query: 'Tôi muốn tra cứu các giao dịch...' | Doc: Tra cứu lịch sử giao | Boost: 0.25 | Matched: ['tài khoản']
2025-12-19 16:46:38 | DEBUG    | log:153 | [classify_query_intent] Classified: 'Tôi muốn tra cứu các giao dịch...' -> Tra cứu lịch sử giao dịch theo (score=1)
2025-12-19 16:46:38 | DEBUG    | log:153 | [normalize_query] 'Liệt kê tất cả giao dịch liên quan đến t...' -> 'Liệt kê tất cả giao dịch liên quan đến t...'
2025-12-19 16:46:38 | DEBUG    | log:153 | [perform_hybrid_search] query_text: [Liệt kê tất cả giao dịch liên quan đến tài khoản 0123456789] - formatted_query: [Liệt kê tất cả giao dịch liên quan đến tài khoản 0123456789] - normalized_query: [Liệt kê tất cả giao dịch liên quan đến tài khoản 0123456789]
2025-12-19 16:46:38 | DEBUG    | log:153 | [perform_hybrid_search] BM25 raw scores: min=0.6210, max=51.0386
2025-12-19 16:46:38 | DEBUG    | log:153 | [get_keyword_boost] Query: 'Liệt kê tất cả giao dịch liên ...' | Doc: Tra cứu lịch sử giao | Boost: 0.25 | Matched: ['tài khoản']
2025-12-19 16:46:38 | DEBUG    | log:153 | [classify_query_intent] Classified: 'Liệt kê tất cả giao dịch liên ...' -> Tra cứu lịch sử giao dịch theo (score=1)
2025-12-19 16:46:38 | DEBUG    | log:153 | [normalize_query] 'Xem chi tiết các giao dịch từ tài khoản ...' -> 'Xem chi tiết các giao dịch từ tài khoản ...'
2025-12-19 16:46:38 | DEBUG    | log:153 | [perform_hybrid_search] query_text: [Xem chi tiết các giao dịch từ tài khoản số 0123456789] - formatted_query: [Xem chi tiết các giao dịch từ tài khoản số 0123456789] - normalized_query: [Xem chi tiết các giao dịch từ tài khoản số 0123456789]
2025-12-19 16:46:38 | DEBUG    | log:153 | [perform_hybrid_search] BM25 raw scores: min=0.7043, max=35.5854
2025-12-19 16:46:38 | DEBUG    | log:153 | [get_keyword_boost] Query: 'Xem chi tiết các giao dịch từ ...' | Doc: Tra cứu lịch sử giao | Boost: 0.25 | Matched: ['tài khoản']
2025-12-19 16:46:38 | DEBUG    | log:153 | [classify_query_intent] Classified: 'Xem chi tiết các giao dịch từ ...' -> Tra cứu lịch sử giao dịch theo (score=1)
2025-12-19 16:46:38 | DEBUG    | log:153 | [normalize_query] 'Tài khoản 0123456789 có những giao dịch ...' -> 'Tài khoản 0123456789 có những giao dịch ...'
2025-12-19 16:46:38 | DEBUG    | log:153 | [perform_hybrid_search] query_text: [Tài khoản 0123456789 có những giao dịch nào?] - formatted_query: [Tài khoản 0123456789 có những giao dịch nào] - normalized_query: [Tài khoản 0123456789 có những giao dịch nào]
2025-12-19 16:46:38 | DEBUG    | log:153 | [perform_hybrid_search] BM25 raw scores: min=0.4778, max=36.7564
2025-12-19 16:46:38 | DEBUG    | log:153 | [get_keyword_boost] Query: 'Tài khoản 0123456789 có những ...' | Doc: Tra cứu lịch sử giao | Boost: 0.25 | Matched: ['tài khoản']
2025-12-19 16:46:38 | DEBUG    | log:153 | [classify_query_intent] Classified: 'Tài khoản 0123456789 có những ...' -> Tra cứu lịch sử giao dịch theo (score=1)
2025-12-19 16:46:38 | DEBUG    | log:153 | [normalize_query] 'Kiểm tra lịch sử giao dịch cho tài khoản...' -> 'Kiểm tra lịch sử giao dịch cho tài khoản...'
2025-12-19 16:46:38 | DEBUG    | log:153 | [perform_hybrid_search] query_text: [Kiểm tra lịch sử giao dịch cho tài khoản 0123456789] - formatted_query: [Kiểm tra lịch sử giao dịch cho tài khoản 0123456789] - normalized_query: [Kiểm tra lịch sử giao dịch cho tài khoản 0123456789]
2025-12-19 16:46:38 | DEBUG    | log:153 | [perform_hybrid_search] BM25 raw scores: min=0.7007, max=33.1194
2025-12-19 16:46:38 | DEBUG    | log:153 | [get_keyword_boost] Query: 'Kiểm tra lịch sử giao dịch cho...' | Doc: Tra cứu lịch sử giao | Boost: 0.25 | Matched: ['tài khoản']
2025-12-19 16:46:38 | DEBUG    | log:153 | [classify_query_intent] Classified: 'Kiểm tra lịch sử giao dịch cho...' -> Tra cứu lịch sử giao dịch theo (score=1)
2025-12-19 16:46:38 | DEBUG    | log:153 | [normalize_query] 'Hiển thị danh sách giao dịch của tài kho...' -> 'Hiển thị danh sách giao dịch của tài kho...'
2025-12-19 16:46:38 | DEBUG    | log:153 | [perform_hybrid_search] query_text: [Hiển thị danh sách giao dịch của tài khoản 0123456789] - formatted_query: [Hiển thị danh sách giao dịch của tài khoản 0123456789] - normalized_query: [Hiển thị danh sách giao dịch của tài khoản 0123456789]
2025-12-19 16:46:38 | DEBUG    | log:153 | [perform_hybrid_search] BM25 raw scores: min=0.6210, max=45.0281
2025-12-19 16:46:38 | DEBUG    | log:153 | [get_keyword_boost] Query: 'Hiển thị danh sách giao dịch c...' | Doc: Tra cứu lịch sử giao | Boost: 0.25 | Matched: ['tài khoản']
2025-12-19 16:46:38 | DEBUG    | log:153 | [classify_query_intent] Classified: 'Hiển thị danh sách giao dịch c...' -> Tra cứu lịch sử giao dịch theo (score=1)
2025-12-19 16:46:38 | DEBUG    | log:153 | [normalize_query] 'Tìm các giao dịch đã thực hiện trên tài ...' -> 'Tìm các giao dịch đã thực hiện trên tài ...'
2025-12-19 16:46:38 | DEBUG    | log:153 | [perform_hybrid_search] query_text: [Tìm các giao dịch đã thực hiện trên tài khoản 0123456789] - formatted_query: [Tìm các giao dịch đã thực hiện trên tài khoản 0123456789] - normalized_query: [Tìm các giao dịch đã thực hiện trên tài khoản 0123456789]
2025-12-19 16:46:38 | DEBUG    | log:153 | [perform_hybrid_search] BM25 raw scores: min=0.6546, max=34.8007
2025-12-19 16:46:38 | DEBUG    | log:153 | [get_keyword_boost] Query: 'Tìm các giao dịch đã thực hiện...' | Doc: Tra cứu lịch sử giao | Boost: 0.25 | Matched: ['tài khoản']
2025-12-19 16:46:38 | DEBUG    | log:153 | [get_keyword_boost] Query: 'Tìm các giao dịch đã thực hiện...' | Doc: Tra cứu giao dịch th | Boost: 0.25 | Matched: ['trên']
2025-12-19 16:46:38 | DEBUG    | log:153 | [classify_query_intent] Ambiguous: 'Tìm các giao dịch đã thực hiện...' | Scores: {'Tra cứu lịch sử giao dịch theo số tài khoản': 1, 'Tra cứu giao dịch theo số tiền': 1}
2025-12-19 16:46:38 | DEBUG    | log:153 | [normalize_query] 'Tra cứu thông tin giao dịch của STK 0123...' -> 'Tra cứu thông tin giao dịch của stk 0123...'
2025-12-19 16:46:38 | DEBUG    | log:153 | [perform_hybrid_search] query_text: [Tra cứu thông tin giao dịch của STK 0123456789] - formatted_query: [Tra cứu thông tin giao dịch của stk 0123456789] - normalized_query: [Tra cứu thông tin giao dịch của stk 0123456789]
2025-12-19 16:46:38 | DEBUG    | log:153 | [perform_hybrid_search] BM25 raw scores: min=0.7591, max=21.2849
2025-12-19 16:46:38 | DEBUG    | log:153 | [get_keyword_boost] Query: 'Tra cứu thông tin giao dịch củ...' | Doc: Tra cứu lịch sử giao | Boost: 0.50 | Matched: ['tk', 'stk']
2025-12-19 16:46:38 | DEBUG    | log:153 | [classify_query_intent] Classified: 'Tra cứu thông tin giao dịch củ...' -> Tra cứu lịch sử giao dịch theo (score=2)
2025-12-19 16:46:38 | DEBUG    | log:153 | [normalize_query] 'Cho biết các giao dịch phát sinh trên tà...' -> 'Cho biết các giao dịch phát sinh trên tà...'
2025-12-19 16:46:38 | DEBUG    | log:153 | [perform_hybrid_search] query_text: [Cho biết các giao dịch phát sinh trên tài khoản 0123456789] - formatted_query: [Cho biết các giao dịch phát sinh trên tài khoản 0123456789] - normalized_query: [Cho biết các giao dịch phát sinh trên tài khoản 0123456789]
2025-12-19 16:46:38 | DEBUG    | log:153 | [perform_hybrid_search] BM25 raw scores: min=0.6210, max=39.9190
2025-12-19 16:46:38 | DEBUG    | log:153 | [get_keyword_boost] Query: 'Cho biết các giao dịch phát si...' | Doc: Tra cứu lịch sử giao | Boost: 0.25 | Matched: ['tài khoản']
2025-12-19 16:46:38 | DEBUG    | log:153 | [get_keyword_boost] Query: 'Cho biết các giao dịch phát si...' | Doc: Tra cứu giao dịch th | Boost: 0.25 | Matched: ['trên']
2025-12-19 16:46:38 | DEBUG    | log:153 | [classify_query_intent] Ambiguous: 'Cho biết các giao dịch phát si...' | Scores: {'Tra cứu lịch sử giao dịch theo số tài khoản': 1, 'Tra cứu giao dịch theo số tiền': 1}
2025-12-19 16:46:38 | DEBUG    | log:153 | [normalize_query] 'Lấy danh sách giao dịch của số tài khoản...' -> 'Lấy danh sách giao dịch của số tài khoản...'
2025-12-19 16:46:38 | DEBUG    | log:153 | [perform_hybrid_search] query_text: [Lấy danh sách giao dịch của số tài khoản 0123456789] - formatted_query: [Lấy danh sách giao dịch của số tài khoản 0123456789] - normalized_query: [Lấy danh sách giao dịch của số tài khoản 0123456789]
2025-12-19 16:46:38 | DEBUG    | log:153 | [perform_hybrid_search] BM25 raw scores: min=0.7553, max=45.0437
2025-12-19 16:46:38 | DEBUG    | log:153 | [get_keyword_boost] Query: 'Lấy danh sách giao dịch của số...' | Doc: Tra cứu lịch sử giao | Boost: 0.25 | Matched: ['tài khoản']
2025-12-19 16:46:38 | DEBUG    | log:153 | [classify_query_intent] Classified: 'Lấy danh sách giao dịch của số...' -> Tra cứu lịch sử giao dịch theo (score=1)
2025-12-19 16:46:38 | DEBUG    | log:153 | [normalize_query] 'Xem sao kê giao dịch tài khoản 012345678...' -> 'Xem sao kê giao dịch tài khoản 012345678...'
2025-12-19 16:46:38 | DEBUG    | log:153 | [perform_hybrid_search] query_text: [Xem sao kê giao dịch tài khoản 0123456789] - formatted_query: [Xem sao kê giao dịch tài khoản 0123456789] - normalized_query: [Xem sao kê giao dịch tài khoản 0123456789]
2025-12-19 16:46:38 | DEBUG    | log:153 | [perform_hybrid_search] BM25 raw scores: min=0.6210, max=41.1758
2025-12-19 16:46:38 | DEBUG    | log:153 | [get_keyword_boost] Query: 'Xem sao kê giao dịch tài khoản...' | Doc: Tra cứu lịch sử giao | Boost: 0.25 | Matched: ['tài khoản']
2025-12-19 16:46:38 | DEBUG    | log:153 | [classify_query_intent] Classified: 'Xem sao kê giao dịch tài khoản...' -> Tra cứu lịch sử giao dịch theo (score=1)
2025-12-19 16:46:38 | DEBUG    | log:153 | [normalize_query] 'Cung cấp lịch sử giao dịch của TK 012345...' -> 'Cung cấp lịch sử giao dịch của tk 012345...'
2025-12-19 16:46:38 | DEBUG    | log:153 | [perform_hybrid_search] query_text: [Cung cấp lịch sử giao dịch của TK 0123456789] - formatted_query: [Cung cấp lịch sử giao dịch của tk 0123456789] - normalized_query: [Cung cấp lịch sử giao dịch của tk 0123456789]
2025-12-19 16:46:38 | DEBUG    | log:153 | [perform_hybrid_search] BM25 raw scores: min=0.3127, max=21.2629
2025-12-19 16:46:38 | DEBUG    | log:153 | [get_keyword_boost] Query: 'Cung cấp lịch sử giao dịch của...' | Doc: Tra cứu lịch sử giao | Boost: 0.25 | Matched: ['tk']
2025-12-19 16:46:38 | DEBUG    | log:153 | [classify_query_intent] Classified: 'Cung cấp lịch sử giao dịch của...' -> Tra cứu lịch sử giao dịch theo (score=1)
2025-12-19 16:46:38 | DEBUG    | log:153 | [normalize_query] 'Tài khoản số 0123456789 đã giao dịch nhữ...' -> 'Tài khoản số 0123456789 đã giao dịch nhữ...'
2025-12-19 16:46:38 | DEBUG    | log:153 | [perform_hybrid_search] query_text: [Tài khoản số 0123456789 đã giao dịch những gì?] - formatted_query: [Tài khoản số 0123456789 đã giao dịch những gì] - normalized_query: [Tài khoản số 0123456789 đã giao dịch những gì]
2025-12-19 16:46:38 | DEBUG    | log:153 | [perform_hybrid_search] BM25 raw scores: min=0.3213, max=27.7840
2025-12-19 16:46:38 | DEBUG    | log:153 | [get_keyword_boost] Query: 'Tài khoản số 0123456789 đã gia...' | Doc: Tra cứu lịch sử giao | Boost: 0.25 | Matched: ['tài khoản']
2025-12-19 16:46:38 | DEBUG    | log:153 | [classify_query_intent] Classified: 'Tài khoản số 0123456789 đã gia...' -> Tra cứu lịch sử giao dịch theo (score=1)
2025-12-19 16:46:38 | DEBUG    | log:153 | [normalize_query] 'Tôi cần kiểm tra các giao dịch của tài k...' -> 'Tôi cần kiểm tra các giao dịch của tài k...'
2025-12-19 16:46:38 | DEBUG    | log:153 | [perform_hybrid_search] query_text: [Tôi cần kiểm tra các giao dịch của tài khoản 0123456789] - formatted_query: [Tôi cần kiểm tra các giao dịch của tài khoản 0123456789] - normalized_query: [Tôi cần kiểm tra các giao dịch của tài khoản 0123456789]
2025-12-19 16:46:38 | DEBUG    | log:153 | [perform_hybrid_search] BM25 raw scores: min=0.5203, max=38.1196
2025-12-19 16:46:38 | DEBUG    | log:153 | [get_keyword_boost] Query: 'Tôi cần kiểm tra các giao dịch...' | Doc: Tra cứu lịch sử giao | Boost: 0.25 | Matched: ['tài khoản']
2025-12-19 16:46:38 | DEBUG    | log:153 | [classify_query_intent] Classified: 'Tôi cần kiểm tra các giao dịch...' -> Tra cứu lịch sử giao dịch theo (score=1)
2025-12-19 16:46:38 | DEBUG    | log:153 | [normalize_query] 'Cho xem các giao dịch đi và đến tài khoả...' -> 'Cho xem các giao dịch đi và đến tài khoả...'
2025-12-19 16:46:38 | DEBUG    | log:153 | [perform_hybrid_search] query_text: [Cho xem các giao dịch đi và đến tài khoản 0123456789] - formatted_query: [Cho xem các giao dịch đi và đến tài khoản 0123456789] - normalized_query: [Cho xem các giao dịch đi và đến tài khoản 0123456789]
2025-12-19 16:46:38 | DEBUG    | log:153 | [perform_hybrid_search] BM25 raw scores: min=0.6356, max=26.9404
2025-12-19 16:46:38 | DEBUG    | log:153 | [get_keyword_boost] Query: 'Cho xem các giao dịch đi và đế...' | Doc: Tra cứu lịch sử giao | Boost: 0.25 | Matched: ['tài khoản']
2025-12-19 16:46:38 | DEBUG    | log:153 | [classify_query_intent] Classified: 'Cho xem các giao dịch đi và đế...' -> Tra cứu lịch sử giao dịch theo (score=1)
2025-12-19 16:46:38 | DEBUG    | log:153 | [normalize_query] 'Tra soát giao dịch của số tài khoản 0123...' -> 'Tra soát giao dịch của số tài khoản 0123...'
2025-12-19 16:46:38 | DEBUG    | log:153 | [perform_hybrid_search] query_text: [Tra soát giao dịch của số tài khoản 0123456789] - formatted_query: [Tra soát giao dịch của số tài khoản 0123456789] - normalized_query: [Tra soát giao dịch của số tài khoản 0123456789]
2025-12-19 16:46:38 | DEBUG    | log:153 | [perform_hybrid_search] BM25 raw scores: min=0.5582, max=35.9829
2025-12-19 16:46:38 | DEBUG    | log:153 | [get_keyword_boost] Query: 'Tra soát giao dịch của số tài ...' | Doc: Tra cứu lịch sử giao | Boost: 0.25 | Matched: ['tài khoản']
2025-12-19 16:46:38 | DEBUG    | log:153 | [classify_query_intent] Classified: 'Tra soát giao dịch của số tài ...' -> Tra cứu lịch sử giao dịch theo (score=1)
2025-12-19 16:46:38 | DEBUG    | log:153 | [normalize_query] 'Lịch sử giao dịch của STK 0123456789 như...' -> 'Lịch sử giao dịch của stk 0123456789 như...'
2025-12-19 16:46:38 | DEBUG    | log:153 | [perform_hybrid_search] query_text: [Lịch sử giao dịch của STK 0123456789 như thế nào?] - formatted_query: [Lịch sử giao dịch của stk 0123456789 như thế nào] - normalized_query: [Lịch sử giao dịch của stk 0123456789 như thế nào]
2025-12-19 16:46:38 | DEBUG    | log:153 | [perform_hybrid_search] BM25 raw scores: min=0.3692, max=31.0471
2025-12-19 16:46:38 | DEBUG    | log:153 | [get_keyword_boost] Query: 'Lịch sử giao dịch của stk 0123...' | Doc: Tra cứu lịch sử giao | Boost: 0.50 | Matched: ['tk', 'stk']
2025-12-19 16:46:38 | DEBUG    | log:153 | [classify_query_intent] Classified: 'Lịch sử giao dịch của stk 0123...' -> Tra cứu lịch sử giao dịch theo (score=2)
2025-12-19 16:46:38 | DEBUG    | log:153 | [normalize_query] 'Cho tôi biết tài khoản 0123456789 có gia...' -> 'Cho tôi biết tài khoản 0123456789 có gia...'
2025-12-19 16:46:38 | DEBUG    | log:153 | [perform_hybrid_search] query_text: [Cho tôi biết tài khoản 0123456789 có giao dịch gì không?] - formatted_query: [Cho tôi biết tài khoản 0123456789 có giao dịch gì không] - normalized_query: [Cho tôi biết tài khoản 0123456789 có giao dịch gì không]
2025-12-19 16:46:38 | DEBUG    | log:153 | [perform_hybrid_search] BM25 raw scores: min=0.6210, max=47.2782
2025-12-19 16:46:38 | DEBUG    | log:153 | [get_keyword_boost] Query: 'Cho tôi biết tài khoản 0123456...' | Doc: Tra cứu lịch sử giao | Boost: 0.25 | Matched: ['tài khoản']
2025-12-19 16:46:38 | DEBUG    | log:153 | [classify_query_intent] Classified: 'Cho tôi biết tài khoản 0123456...' -> Tra cứu lịch sử giao dịch theo (score=1)
2025-12-19 16:46:38 | DEBUG    | log:153 | [normalize_query] 'Liệt kê các lần giao dịch của tài khoản ...' -> 'Liệt kê các lần giao dịch của tài khoản ...'
2025-12-19 16:46:38 | DEBUG    | log:153 | [perform_hybrid_search] query_text: [Liệt kê các lần giao dịch của tài khoản 0123456789] - formatted_query: [Liệt kê các lần giao dịch của tài khoản 0123456789] - normalized_query: [Liệt kê các lần giao dịch của tài khoản 0123456789]
2025-12-19 16:46:38 | DEBUG    | log:153 | [perform_hybrid_search] BM25 raw scores: min=0.6210, max=42.3449
2025-12-19 16:46:38 | DEBUG    | log:153 | [get_keyword_boost] Query: 'Liệt kê các lần giao dịch của ...' | Doc: Tra cứu lịch sử giao | Boost: 0.25 | Matched: ['tài khoản']
2025-12-19 16:46:38 | DEBUG    | log:153 | [classify_query_intent] Classified: 'Liệt kê các lần giao dịch của ...' -> Tra cứu lịch sử giao dịch theo (score=1)
2025-12-19 16:46:38 | DEBUG    | log:153 | [normalize_query] 'Xem lịch sử giao dịch từ ngày 01/12/2024...' -> 'Xem lịch sử giao dịch từ ngày 01/12/2024...'
2025-12-19 16:46:38 | DEBUG    | log:153 | [perform_hybrid_search] query_text: [Xem lịch sử giao dịch từ ngày 01/12/2024 đến 31/12/2024] - formatted_query: [Xem lịch sử giao dịch từ ngày 01/12/2024 đến 31/12/2024] - normalized_query: [Xem lịch sử giao dịch từ ngày 01/12/2024 đến 31/12/2024]
2025-12-19 16:46:38 | DEBUG    | log:153 | [perform_hybrid_search] BM25 raw scores: min=0.3356, max=69.8024
2025-12-19 16:46:38 | DEBUG    | log:153 | [get_keyword_boost] Query: 'Xem lịch sử giao dịch từ ngày ...' | Doc: Tra cứu lịch sử giao | Boost: 0.25 | Matched: ['ngày']
2025-12-19 16:46:38 | DEBUG    | log:153 | [classify_query_intent] Classified: 'Xem lịch sử giao dịch từ ngày ...' -> Tra cứu lịch sử giao dịch theo (score=1)
2025-12-19 16:46:38 | DEBUG    | log:153 | [normalize_query] 'Cho tôi các giao dịch trong tháng 12 năm...' -> 'Cho tôi các giao dịch trong tháng 12 năm...'
2025-12-19 16:46:38 | DEBUG    | log:153 | [perform_hybrid_search] query_text: [Cho tôi các giao dịch trong tháng 12 năm 2024] - formatted_query: [Cho tôi các giao dịch trong tháng 12 năm 2024] - normalized_query: [Cho tôi các giao dịch trong tháng 12 năm 2024]
2025-12-19 16:46:38 | DEBUG    | log:153 | [perform_hybrid_search] BM25 raw scores: min=0.1007, max=29.9846
2025-12-19 16:46:38 | DEBUG    | log:153 | [get_keyword_boost] Query: 'Cho tôi các giao dịch trong th...' | Doc: Tra cứu lịch sử giao | Boost: 0.50 | Matched: ['tháng', 'năm']
2025-12-19 16:46:38 | DEBUG    | log:153 | [classify_query_intent] Classified: 'Cho tôi các giao dịch trong th...' -> Tra cứu lịch sử giao dịch theo (score=2)
2025-12-19 16:46:38 | DEBUG    | log:153 | [normalize_query] 'Tra cứu giao dịch từ đầu tháng đến nay...' -> 'Tra cứu giao dịch từ đầu tháng đến nay...'
2025-12-19 16:46:38 | DEBUG    | log:153 | [perform_hybrid_search] query_text: [Tra cứu giao dịch từ đầu tháng đến nay] - formatted_query: [Tra cứu giao dịch từ đầu tháng đến nay] - normalized_query: [Tra cứu giao dịch từ đầu tháng đến nay]
2025-12-19 16:46:38 | DEBUG    | log:153 | [perform_hybrid_search] BM25 raw scores: min=1.9272, max=37.7322
2025-12-19 16:46:38 | DEBUG    | log:153 | [get_keyword_boost] Query: 'Tra cứu giao dịch từ đầu tháng...' | Doc: Tra cứu lịch sử giao | Boost: 0.50 | Matched: ['tháng', 'nay']
2025-12-19 16:46:38 | DEBUG    | log:153 | [classify_query_intent] Classified: 'Tra cứu giao dịch từ đầu tháng...' -> Tra cứu lịch sử giao dịch theo (score=2)
2025-12-19 16:46:38 | DEBUG    | log:153 | [normalize_query] 'Liệt kê các giao dịch trong khoảng thời ...' -> 'Liệt kê các giao dịch trong khoảng thời ...'
2025-12-19 16:46:38 | DEBUG    | log:153 | [perform_hybrid_search] query_text: [Liệt kê các giao dịch trong khoảng thời gian từ 01/01/2024 đến 15/01/2024] - formatted_query: [Liệt kê các giao dịch trong khoảng thời gian từ 01/01/2024 đến 15/01/2024] - normalized_query: [Liệt kê các giao dịch trong khoảng thời gian từ 01/01/2024 đến 15/01/2024]
2025-12-19 16:46:38 | DEBUG    | log:153 | [perform_hybrid_search] BM25 raw scores: min=0.2014, max=64.3099
2025-12-19 16:46:38 | DEBUG    | log:153 | [classify_query_intent] No keyword matches found in: 'Liệt kê các giao dịch trong khoảng thời gian từ 01'
2025-12-19 16:46:39 | DEBUG    | log:153 | [normalize_query] 'Tôi muốn xem giao dịch trong 7 ngày gần ...' -> 'Tôi muốn xem giao dịch trong 7 ngày gần ...'
2025-12-19 16:46:39 | DEBUG    | log:153 | [perform_hybrid_search] query_text: [Tôi muốn xem giao dịch trong 7 ngày gần nhất] - formatted_query: [Tôi muốn xem giao dịch trong 7 ngày gần nhất] - normalized_query: [Tôi muốn xem giao dịch trong 7 ngày gần nhất]
2025-12-19 16:46:39 | DEBUG    | log:153 | [perform_hybrid_search] BM25 raw scores: min=0.1007, max=35.0893
2025-12-19 16:46:39 | DEBUG    | log:153 | [get_keyword_boost] Query: 'Tôi muốn xem giao dịch trong 7...' | Doc: Tra cứu lịch sử giao | Boost: 0.25 | Matched: ['ngày']
2025-12-19 16:46:39 | DEBUG    | log:153 | [classify_query_intent] Classified: 'Tôi muốn xem giao dịch trong 7...' -> Tra cứu lịch sử giao dịch theo (score=1)
2025-12-19 16:46:39 | DEBUG    | log:153 | [normalize_query] 'Cho biết các giao dịch phát sinh trong t...' -> 'Cho biết các giao dịch phát sinh trong t...'
2025-12-19 16:46:39 | DEBUG    | log:153 | [perform_hybrid_search] query_text: [Cho biết các giao dịch phát sinh trong tuần này] - formatted_query: [Cho biết các giao dịch phát sinh trong tuần này] - normalized_query: [Cho biết các giao dịch phát sinh trong tuần này]
2025-12-19 16:46:39 | DEBUG    | log:153 | [perform_hybrid_search] BM25 raw scores: min=0.1007, max=22.3351
2025-12-19 16:46:39 | DEBUG    | log:153 | [classify_query_intent] No keyword matches found in: 'Cho biết các giao dịch phát sinh trong tuần này'
2025-12-19 16:46:39 | DEBUG    | log:153 | [normalize_query] 'Kiểm tra giao dịch của tài khoản trong t...' -> 'Kiểm tra giao dịch của tài khoản trong t...'
2025-12-19 16:46:39 | DEBUG    | log:153 | [perform_hybrid_search] query_text: [Kiểm tra giao dịch của tài khoản trong tháng trước] - formatted_query: [Kiểm tra giao dịch của tài khoản trong tháng trước] - normalized_query: [Kiểm tra giao dịch của tài khoản trong tháng trước]
2025-12-19 16:46:39 | DEBUG    | log:153 | [perform_hybrid_search] BM25 raw scores: min=0.5356, max=22.0545
2025-12-19 16:46:39 | DEBUG    | log:153 | [get_keyword_boost] Query: 'Kiểm tra giao dịch của tài kho...' | Doc: Tra cứu lịch sử giao | Boost: 0.25 | Matched: ['tài khoản']
2025-12-19 16:46:39 | DEBUG    | log:153 | [get_keyword_boost] Query: 'Kiểm tra giao dịch của tài kho...' | Doc: Tra cứu lịch sử giao | Boost: 0.25 | Matched: ['tháng']
2025-12-19 16:46:39 | DEBUG    | log:153 | [classify_query_intent] Ambiguous: 'Kiểm tra giao dịch của tài kho...' | Scores: {'Tra cứu lịch sử giao dịch theo số tài khoản': 1, 'Tra cứu lịch sử giao dịch theo khoảng thời gian': 1}
2025-12-19 16:46:39 | DEBUG    | log:153 | [normalize_query] 'Xem các giao dịch từ ngày 15/12/2024 đến...' -> 'Xem các giao dịch từ ngày 15/12/2024 đến...'
2025-12-19 16:46:39 | DEBUG    | log:153 | [perform_hybrid_search] query_text: [Xem các giao dịch từ ngày 15/12/2024 đến hôm nay] - formatted_query: [Xem các giao dịch từ ngày 15/12/2024 đến hôm nay] - normalized_query: [Xem các giao dịch từ ngày 15/12/2024 đến hôm nay]
2025-12-19 16:46:39 | DEBUG    | log:153 | [perform_hybrid_search] BM25 raw scores: min=0.1007, max=71.2094
2025-12-19 16:46:39 | DEBUG    | log:153 | [get_keyword_boost] Query: 'Xem các giao dịch từ ngày 15/1...' | Doc: Tra cứu lịch sử giao | Boost: 0.50 | Matched: ['ngày', 'nay']
2025-12-19 16:46:39 | DEBUG    | log:153 | [classify_query_intent] Classified: 'Xem các giao dịch từ ngày 15/1...' -> Tra cứu lịch sử giao dịch theo (score=2)
2025-12-19 16:46:39 | DEBUG    | log:153 | [normalize_query] 'Tra cứu lịch sử giao dịch quý 4 năm 2024...' -> 'Tra cứu lịch sử giao dịch quý 4 năm 2024...'
2025-12-19 16:46:39 | DEBUG    | log:153 | [perform_hybrid_search] query_text: [Tra cứu lịch sử giao dịch quý 4 năm 2024] - formatted_query: [Tra cứu lịch sử giao dịch quý 4 năm 2024] - normalized_query: [Tra cứu lịch sử giao dịch quý 4 năm 2024]
2025-12-19 16:46:39 | DEBUG    | log:153 | [perform_hybrid_search] BM25 raw scores: min=0.9080, max=30.8322
2025-12-19 16:46:39 | DEBUG    | log:153 | [get_keyword_boost] Query: 'Tra cứu lịch sử giao dịch quý ...' | Doc: Tra cứu lịch sử giao | Boost: 0.50 | Matched: ['năm', 'quý']
2025-12-19 16:46:39 | DEBUG    | log:153 | [classify_query_intent] Classified: 'Tra cứu lịch sử giao dịch quý ...' -> Tra cứu lịch sử giao dịch theo (score=2)
2025-12-19 16:46:39 | DEBUG    | log:153 | [normalize_query] 'Tìm các giao dịch trong 30 ngày qua...' -> 'Tìm các giao dịch trong 30 ngày qua...'
2025-12-19 16:46:39 | DEBUG    | log:153 | [perform_hybrid_search] query_text: [Tìm các giao dịch trong 30 ngày qua] - formatted_query: [Tìm các giao dịch trong 30 ngày qua] - normalized_query: [Tìm các giao dịch trong 30 ngày qua]
2025-12-19 16:46:39 | DEBUG    | log:153 | [perform_hybrid_search] BM25 raw scores: min=0.1007, max=24.4449
2025-12-19 16:46:39 | DEBUG    | log:153 | [get_keyword_boost] Query: 'Tìm các giao dịch trong 30 ngà...' | Doc: Tra cứu lịch sử giao | Boost: 0.25 | Matched: ['ngày']
2025-12-19 16:46:39 | DEBUG    | log:153 | [classify_query_intent] Classified: 'Tìm các giao dịch trong 30 ngà...' -> Tra cứu lịch sử giao dịch theo (score=1)
2025-12-19 16:46:39 | DEBUG    | log:153 | [normalize_query] 'Cho xem giao dịch từ ngày 01/11/2024 đến...' -> 'Cho xem giao dịch từ ngày 01/11/2024 đến...'
2025-12-19 16:46:39 | DEBUG    | log:153 | [perform_hybrid_search] query_text: [Cho xem giao dịch từ ngày 01/11/2024 đến 30/11/2024] - formatted_query: [Cho xem giao dịch từ ngày 01/11/2024 đến 30/11/2024] - normalized_query: [Cho xem giao dịch từ ngày 01/11/2024 đến 30/11/2024]
2025-12-19 16:46:39 | DEBUG    | log:153 | [perform_hybrid_search] BM25 raw scores: min=0.1007, max=64.8097
2025-12-19 16:46:39 | DEBUG    | log:153 | [get_keyword_boost] Query: 'Cho xem giao dịch từ ngày 01/1...' | Doc: Tra cứu lịch sử giao | Boost: 0.25 | Matched: ['ngày']
2025-12-19 16:46:39 | DEBUG    | log:153 | [classify_query_intent] Classified: 'Cho xem giao dịch từ ngày 01/1...' -> Tra cứu lịch sử giao dịch theo (score=1)
2025-12-19 16:46:39 | DEBUG    | log:153 | [normalize_query] 'Hiển thị các giao dịch phát sinh hôm nay...' -> 'Hiển thị các giao dịch phát sinh hôm nay...'
2025-12-19 16:46:39 | DEBUG    | log:153 | [perform_hybrid_search] query_text: [Hiển thị các giao dịch phát sinh hôm nay] - formatted_query: [Hiển thị các giao dịch phát sinh hôm nay] - normalized_query: [Hiển thị các giao dịch phát sinh hôm nay]
2025-12-19 16:46:39 | DEBUG    | log:153 | [perform_hybrid_search] BM25 raw scores: min=0.1007, max=36.8758
2025-12-19 16:46:39 | DEBUG    | log:153 | [get_keyword_boost] Query: 'Hiển thị các giao dịch phát si...' | Doc: Tra cứu lịch sử giao | Boost: 0.25 | Matched: ['nay']
2025-12-19 16:46:39 | DEBUG    | log:153 | [classify_query_intent] Classified: 'Hiển thị các giao dịch phát si...' -> Tra cứu lịch sử giao dịch theo (score=1)
2025-12-19 16:46:39 | DEBUG    | log:153 | [normalize_query] 'Lấy danh sách giao dịch trong khoảng từ ...' -> 'Lấy danh sách giao dịch trong khoảng từ ...'
2025-12-19 16:46:39 | DEBUG    | log:153 | [perform_hybrid_search] query_text: [Lấy danh sách giao dịch trong khoảng từ đầu năm đến nay] - formatted_query: [Lấy danh sách giao dịch trong khoảng từ đầu năm đến nay] - normalized_query: [Lấy danh sách giao dịch trong khoảng từ đầu năm đến nay]
2025-12-19 16:46:39 | DEBUG    | log:153 | [perform_hybrid_search] BM25 raw scores: min=0.1678, max=48.1893
2025-12-19 16:46:39 | DEBUG    | log:153 | [get_keyword_boost] Query: 'Lấy danh sách giao dịch trong ...' | Doc: Tra cứu lịch sử giao | Boost: 0.50 | Matched: ['năm', 'nay']
2025-12-19 16:46:39 | DEBUG    | log:153 | [classify_query_intent] Classified: 'Lấy danh sách giao dịch trong ...' -> Tra cứu lịch sử giao dịch theo (score=2)
2025-12-19 16:46:39 | DEBUG    | log:153 | [normalize_query] 'Xem sao kê giao dịch tháng 11/2024...' -> 'Xem sao kê giao dịch tháng 11/2024...'
2025-12-19 16:46:39 | DEBUG    | log:153 | [perform_hybrid_search] query_text: [Xem sao kê giao dịch tháng 11/2024] - formatted_query: [Xem sao kê giao dịch tháng 11/2024] - normalized_query: [Xem sao kê giao dịch tháng 11/2024]
2025-12-19 16:46:39 | DEBUG    | log:153 | [perform_hybrid_search] BM25 raw scores: min=0.1007, max=41.9138
2025-12-19 16:46:39 | DEBUG    | log:153 | [get_keyword_boost] Query: 'Xem sao kê giao dịch tháng 11/...' | Doc: Tra cứu lịch sử giao | Boost: 0.25 | Matched: ['tháng']
2025-12-19 16:46:39 | DEBUG    | log:153 | [classify_query_intent] Classified: 'Xem sao kê giao dịch tháng 11/...' -> Tra cứu lịch sử giao dịch theo (score=1)
2025-12-19 16:46:39 | DEBUG    | log:153 | [normalize_query] 'Tra soát giao dịch từ ngày 10/12 đến 20/...' -> 'Tra soát giao dịch từ ngày 10/12 đến 20/...'
2025-12-19 16:46:39 | DEBUG    | log:153 | [perform_hybrid_search] query_text: [Tra soát giao dịch từ ngày 10/12 đến 20/12/2024] - formatted_query: [Tra soát giao dịch từ ngày 10/12 đến 20/12/2024] - normalized_query: [Tra soát giao dịch từ ngày 10/12 đến 20/12/2024]
2025-12-19 16:46:39 | DEBUG    | log:153 | [perform_hybrid_search] BM25 raw scores: min=0.1342, max=58.4283
2025-12-19 16:46:39 | DEBUG    | log:153 | [get_keyword_boost] Query: 'Tra soát giao dịch từ ngày 10/...' | Doc: Tra cứu lịch sử giao | Boost: 0.25 | Matched: ['ngày']
2025-12-19 16:46:39 | DEBUG    | log:153 | [classify_query_intent] Classified: 'Tra soát giao dịch từ ngày 10/...' -> Tra cứu lịch sử giao dịch theo (score=1)
2025-12-19 16:46:39 | DEBUG    | log:153 | [normalize_query] 'Cho tôi biết các giao dịch trong 3 tháng...' -> 'Cho tôi biết các giao dịch trong 3 tháng...'
2025-12-19 16:46:39 | DEBUG    | log:153 | [perform_hybrid_search] query_text: [Cho tôi biết các giao dịch trong 3 tháng gần đây] - formatted_query: [Cho tôi biết các giao dịch trong 3 tháng gần đây] - normalized_query: [Cho tôi biết các giao dịch trong 3 tháng gần đây]
2025-12-19 16:46:39 | DEBUG    | log:153 | [perform_hybrid_search] BM25 raw scores: min=0.1007, max=31.1597
2025-12-19 16:46:39 | DEBUG    | log:153 | [get_keyword_boost] Query: 'Cho tôi biết các giao dịch tro...' | Doc: Tra cứu lịch sử giao | Boost: 0.50 | Matched: ['tháng', 'gần đây']
2025-12-19 16:46:39 | DEBUG    | log:153 | [classify_query_intent] Classified: 'Cho tôi biết các giao dịch tro...' -> Tra cứu lịch sử giao dịch theo (score=2)
2025-12-19 16:46:39 | DEBUG    | log:153 | [normalize_query] 'Liệt kê giao dịch từ 01/10/2024 đến 31/1...' -> 'Liệt kê giao dịch từ 01/10/2024 đến 31/1...'
2025-12-19 16:46:39 | DEBUG    | log:153 | [perform_hybrid_search] query_text: [Liệt kê giao dịch từ 01/10/2024 đến 31/12/2024] - formatted_query: [Liệt kê giao dịch từ 01/10/2024 đến 31/12/2024] - normalized_query: [Liệt kê giao dịch từ 01/10/2024 đến 31/12/2024]
2025-12-19 16:46:39 | DEBUG    | log:153 | [perform_hybrid_search] BM25 raw scores: min=0.1007, max=70.2210
2025-12-19 16:46:39 | DEBUG    | log:153 | [classify_query_intent] No keyword matches found in: 'Liệt kê giao dịch từ 01/10/2024 đến 31/12/2024'
2025-12-19 16:46:39 | DEBUG    | log:153 | [normalize_query] 'Tìm các giao dịch đã thực hiện trong hôm...' -> 'Tìm các giao dịch đã thực hiện trong hôm...'
2025-12-19 16:46:39 | DEBUG    | log:153 | [perform_hybrid_search] query_text: [Tìm các giao dịch đã thực hiện trong hôm qua] - formatted_query: [Tìm các giao dịch đã thực hiện trong hôm qua] - normalized_query: [Tìm các giao dịch đã thực hiện trong hôm qua]
2025-12-19 16:46:39 | DEBUG    | log:153 | [perform_hybrid_search] BM25 raw scores: min=0.1342, max=28.9622
2025-12-19 16:46:39 | DEBUG    | log:153 | [get_keyword_boost] Query: 'Tìm các giao dịch đã thực hiện...' | Doc: Tra cứu lịch sử giao | Boost: 0.25 | Matched: ['hôm qua']
2025-12-19 16:46:39 | DEBUG    | log:153 | [classify_query_intent] Classified: 'Tìm các giao dịch đã thực hiện...' -> Tra cứu lịch sử giao dịch theo (score=1)
2025-12-19 16:46:39 | DEBUG    | log:153 | [normalize_query] 'Xem các giao dịch trong nửa đầu tháng 12...' -> 'Xem các giao dịch trong nửa đầu tháng 12...'
2025-12-19 16:46:39 | DEBUG    | log:153 | [perform_hybrid_search] query_text: [Xem các giao dịch trong nửa đầu tháng 12/2024] - formatted_query: [Xem các giao dịch trong nửa đầu tháng 12/2024] - normalized_query: [Xem các giao dịch trong nửa đầu tháng 12/2024]
2025-12-19 16:46:39 | DEBUG    | log:153 | [perform_hybrid_search] BM25 raw scores: min=0.1007, max=47.4717
2025-12-19 16:46:39 | DEBUG    | log:153 | [get_keyword_boost] Query: 'Xem các giao dịch trong nửa đầ...' | Doc: Tra cứu lịch sử giao | Boost: 0.25 | Matched: ['tháng']
2025-12-19 16:46:39 | DEBUG    | log:153 | [classify_query_intent] Classified: 'Xem các giao dịch trong nửa đầ...' -> Tra cứu lịch sử giao dịch theo (score=1)
2025-12-19 16:46:39 | DEBUG    | log:153 | [normalize_query] 'Tra cứu giao dịch từ ngày 01/12 đến ngày...' -> 'Tra cứu giao dịch từ ngày 01/12 đến ngày...'
2025-12-19 16:46:39 | DEBUG    | log:153 | [perform_hybrid_search] query_text: [Tra cứu giao dịch từ ngày 01/12 đến ngày 17/12/2024] - formatted_query: [Tra cứu giao dịch từ ngày 01/12 đến ngày 17/12/2024] - normalized_query: [Tra cứu giao dịch từ ngày 01/12 đến ngày 17/12/2024]
2025-12-19 16:46:39 | DEBUG    | log:153 | [perform_hybrid_search] BM25 raw scores: min=1.9272, max=62.4165
2025-12-19 16:46:39 | DEBUG    | log:153 | [get_keyword_boost] Query: 'Tra cứu giao dịch từ ngày 01/1...' | Doc: Tra cứu lịch sử giao | Boost: 0.25 | Matched: ['ngày']
2025-12-19 16:46:39 | DEBUG    | log:153 | [classify_query_intent] Classified: 'Tra cứu giao dịch từ ngày 01/1...' -> Tra cứu lịch sử giao dịch theo (score=1)
2025-12-19 16:46:39 | DEBUG    | log:153 | [normalize_query] 'Tìm các giao dịch có số tiền trên 10 tri...' -> 'Tìm các giao dịch có số tiền trên 10 tri...'
2025-12-19 16:46:39 | DEBUG    | log:153 | [perform_hybrid_search] query_text: [Tìm các giao dịch có số tiền trên 10 triệu đồng] - formatted_query: [Tìm các giao dịch có số tiền trên 10 triệu đồng] - normalized_query: [Tìm các giao dịch có số tiền trên 10 triệu đồng]
2025-12-19 16:46:39 | DEBUG    | log:153 | [perform_hybrid_search] BM25 raw scores: min=0.2349, max=68.6151
2025-12-19 16:46:39 | DEBUG    | log:153 | [get_keyword_boost] Query: 'Tìm các giao dịch có số tiền t...' | Doc: Tra cứu giao dịch th | Boost: 0.50 | Matched: ['trên', 'triệu']
2025-12-19 16:46:39 | DEBUG    | log:153 | [classify_query_intent] Classified: 'Tìm các giao dịch có số tiền t...' -> Tra cứu giao dịch theo số tiền (score=2)
2025-12-19 16:46:39 | DEBUG    | log:153 | [normalize_query] 'Cho xem những giao dịch từ 5 triệu đến 2...' -> 'Cho xem những giao dịch từ 5 triệu đến 2...'
2025-12-19 16:46:39 | DEBUG    | log:153 | [perform_hybrid_search] query_text: [Cho xem những giao dịch từ 5 triệu đến 20 triệu] - formatted_query: [Cho xem những giao dịch từ 5 triệu đến 20 triệu] - normalized_query: [Cho xem những giao dịch từ 5 triệu đến 20 triệu]
2025-12-19 16:46:39 | DEBUG    | log:153 | [perform_hybrid_search] BM25 raw scores: min=0.1007, max=33.9016
2025-12-19 16:46:39 | DEBUG    | log:153 | [get_keyword_boost] Query: 'Cho xem những giao dịch từ 5 t...' | Doc: Tra cứu giao dịch th | Boost: 0.25 | Matched: ['triệu']
2025-12-19 16:46:39 | DEBUG    | log:153 | [classify_query_intent] Classified: 'Cho xem những giao dịch từ 5 t...' -> Tra cứu giao dịch theo số tiền (score=1)
2025-12-19 16:46:39 | DEBUG    | log:153 | [normalize_query] 'Liệt kê giao dịch có giá trị lớn hơn 50....' -> 'Liệt kê giao dịch có giá trị lớn hơn 50....'
2025-12-19 16:46:39 | DEBUG    | log:153 | [perform_hybrid_search] query_text: [Liệt kê giao dịch có giá trị lớn hơn 50.000.000 VND] - formatted_query: [Liệt kê giao dịch có giá trị lớn hơn 50.000.000 vnd] - normalized_query: [Liệt kê giao dịch có giá trị lớn hơn 50.000.000 vnd]
2025-12-19 16:46:39 | DEBUG    | log:153 | [perform_hybrid_search] BM25 raw scores: min=0.1007, max=103.6422
2025-12-19 16:46:39 | DEBUG    | log:153 | [get_keyword_boost] Query: 'Liệt kê giao dịch có giá trị l...' | Doc: Tra cứu giao dịch th | Boost: 0.25 | Matched: ['giá trị']
2025-12-19 16:46:39 | DEBUG    | log:153 | [classify_query_intent] Classified: 'Liệt kê giao dịch có giá trị l...' -> Tra cứu giao dịch theo số tiền (score=1)
2025-12-19 16:46:39 | DEBUG    | log:153 | [normalize_query] 'Xem các giao dịch dưới 1 triệu đồng...' -> 'Xem các giao dịch dưới 1 triệu đồng...'
2025-12-19 16:46:39 | DEBUG    | log:153 | [perform_hybrid_search] query_text: [Xem các giao dịch dưới 1 triệu đồng] - formatted_query: [Xem các giao dịch dưới 1 triệu đồng] - normalized_query: [Xem các giao dịch dưới 1 triệu đồng]
2025-12-19 16:46:39 | DEBUG    | log:153 | [perform_hybrid_search] BM25 raw scores: min=0.1007, max=34.7264
2025-12-19 16:46:39 | DEBUG    | log:153 | [get_keyword_boost] Query: 'Xem các giao dịch dưới 1 triệu...' | Doc: Tra cứu giao dịch th | Boost: 0.50 | Matched: ['triệu', 'dưới']
2025-12-19 16:46:39 | DEBUG    | log:153 | [classify_query_intent] Classified: 'Xem các giao dịch dưới 1 triệu...' -> Tra cứu giao dịch theo số tiền (score=2)
2025-12-19 16:46:39 | DEBUG    | log:153 | [normalize_query] 'Tìm giao dịch có số tiền từ 1.000.000 đế...' -> 'Tìm giao dịch có số tiền từ 1.000.000 đế...'
2025-12-19 16:46:39 | DEBUG    | log:153 | [perform_hybrid_search] query_text: [Tìm giao dịch có số tiền từ 1.000.000 đến 5.000.000] - formatted_query: [Tìm giao dịch có số tiền từ 1.000.000 đến 5.000.000] - normalized_query: [Tìm giao dịch có số tiền từ 1.000.000 đến 5.000.000]
2025-12-19 16:46:39 | DEBUG    | log:153 | [perform_hybrid_search] BM25 raw scores: min=0.2349, max=68.6239
2025-12-19 16:46:39 | DEBUG    | log:153 | [classify_query_intent] No keyword matches found in: 'Tìm giao dịch có số tiền từ 1.000.000 đến 5.000.00'
2025-12-19 16:46:39 | DEBUG    | log:153 | [normalize_query] 'Tra cứu các giao dịch có giá trị cao trê...' -> 'Tra cứu các giao dịch có giá trị cao trê...'
2025-12-19 16:46:39 | DEBUG    | log:153 | [perform_hybrid_search] query_text: [Tra cứu các giao dịch có giá trị cao trên 100 triệu] - formatted_query: [Tra cứu các giao dịch có giá trị cao trên 100 triệu] - normalized_query: [Tra cứu các giao dịch có giá trị cao trên 100 triệu]
2025-12-19 16:46:39 | DEBUG    | log:153 | [perform_hybrid_search] BM25 raw scores: min=2.0097, max=66.0791
2025-12-19 16:46:39 | DEBUG    | log:153 | [get_keyword_boost] Query: 'Tra cứu các giao dịch có giá t...' | Doc: Tra cứu giao dịch th | Boost: 0.75 | Matched: ['trên', 'triệu', 'giá trị']
2025-12-19 16:46:39 | DEBUG    | log:153 | [classify_query_intent] Classified: 'Tra cứu các giao dịch có giá t...' -> Tra cứu giao dịch theo số tiền (score=3)
2025-12-19 16:46:39 | DEBUG    | log:153 | [normalize_query] 'Cho biết những giao dịch có số tiền nhỏ ...' -> 'Cho biết những giao dịch có số tiền nhỏ ...'
2025-12-19 16:46:39 | DEBUG    | log:153 | [perform_hybrid_search] query_text: [Cho biết những giao dịch có số tiền nhỏ hơn 500.000đ] - formatted_query: [Cho biết những giao dịch có số tiền nhỏ hơn 500.000đ] - normalized_query: [Cho biết những giao dịch có số tiền nhỏ hơn 500.000đ]
2025-12-19 16:46:39 | DEBUG    | log:153 | [perform_hybrid_search] BM25 raw scores: min=0.2349, max=54.5971
2025-12-19 16:46:39 | DEBUG    | log:153 | [classify_query_intent] No keyword matches found in: 'Cho biết những giao dịch có số tiền nhỏ hơn 500.00'
2025-12-19 16:46:39 | DEBUG    | log:153 | [normalize_query] 'Xem danh sách giao dịch trong khoảng 10-...' -> 'Xem danh sách giao dịch trong khoảng 10-...'
2025-12-19 16:46:39 | DEBUG    | log:153 | [perform_hybrid_search] query_text: [Xem danh sách giao dịch trong khoảng 10-50 triệu đồng] - formatted_query: [Xem danh sách giao dịch trong khoảng 10-50 triệu đồng] - normalized_query: [Xem danh sách giao dịch trong khoảng 10-50 triệu đồng]
2025-12-19 16:46:39 | DEBUG    | log:153 | [perform_hybrid_search] BM25 raw scores: min=0.1007, max=43.7983
2025-12-19 16:46:39 | DEBUG    | log:153 | [get_keyword_boost] Query: 'Xem danh sách giao dịch trong ...' | Doc: Tra cứu giao dịch th | Boost: 0.25 | Matched: ['triệu']
2025-12-19 16:46:39 | DEBUG    | log:153 | [classify_query_intent] Classified: 'Xem danh sách giao dịch trong ...' -> Tra cứu giao dịch theo số tiền (score=1)
2025-12-19 16:46:39 | DEBUG    | log:153 | [normalize_query] 'Tìm các giao dịch có giá trị từ 2 triệu ...' -> 'Tìm các giao dịch có giá trị từ 2 triệu ...'
2025-12-19 16:46:39 | DEBUG    | log:153 | [perform_hybrid_search] query_text: [Tìm các giao dịch có giá trị từ 2 triệu trở lên] - formatted_query: [Tìm các giao dịch có giá trị từ 2 triệu trở lên] - normalized_query: [Tìm các giao dịch có giá trị từ 2 triệu trở lên]
2025-12-19 16:46:39 | DEBUG    | log:153 | [perform_hybrid_search] BM25 raw scores: min=0.1007, max=87.3149
2025-12-19 16:46:39 | DEBUG    | log:153 | [get_keyword_boost] Query: 'Tìm các giao dịch có giá trị t...' | Doc: Tra cứu giao dịch th | Boost: 0.50 | Matched: ['triệu', 'giá trị']
2025-12-19 16:46:39 | DEBUG    | log:153 | [classify_query_intent] Classified: 'Tìm các giao dịch có giá trị t...' -> Tra cứu giao dịch theo số tiền (score=2)
2025-12-19 16:46:39 | DEBUG    | log:153 | [normalize_query] 'Liệt kê giao dịch có số tiền không quá 1...' -> 'Liệt kê giao dịch có số tiền không quá 1...'
2025-12-19 16:46:39 | DEBUG    | log:153 | [perform_hybrid_search] query_text: [Liệt kê giao dịch có số tiền không quá 10 triệu] - formatted_query: [Liệt kê giao dịch có số tiền không quá 10 triệu] - normalized_query: [Liệt kê giao dịch có số tiền không quá 10 triệu]
2025-12-19 16:46:39 | DEBUG    | log:153 | [perform_hybrid_search] BM25 raw scores: min=0.2349, max=69.9605
2025-12-19 16:46:39 | DEBUG    | log:153 | [get_keyword_boost] Query: 'Liệt kê giao dịch có số tiền k...' | Doc: Tra cứu giao dịch th | Boost: 0.25 | Matched: ['triệu']
2025-12-19 16:46:39 | DEBUG    | log:153 | [classify_query_intent] Classified: 'Liệt kê giao dịch có số tiền k...' -> Tra cứu giao dịch theo số tiền (score=1)
2025-12-19 16:46:39 | DEBUG    | log:153 | [normalize_query] 'Tra cứu giao dịch có số tiền bằng 15.000...' -> 'Tra cứu giao dịch có số tiền bằng 15.000...'
2025-12-19 16:46:39 | DEBUG    | log:153 | [perform_hybrid_search] query_text: [Tra cứu giao dịch có số tiền bằng 15.000.000 VND] - formatted_query: [Tra cứu giao dịch có số tiền bằng 15.000.000 vnd] - normalized_query: [Tra cứu giao dịch có số tiền bằng 15.000.000 vnd]
2025-12-19 16:46:39 | DEBUG    | log:153 | [perform_hybrid_search] BM25 raw scores: min=1.1070, max=53.5366
2025-12-19 16:46:39 | DEBUG    | log:153 | [classify_query_intent] No keyword matches found in: 'Tra cứu giao dịch có số tiền bằng 15.000.000 vnd'
2025-12-19 16:46:39 | DEBUG    | log:153 | [normalize_query] 'Tìm giao dịch có số tiền tối thiểu 20 tr...' -> 'Tìm giao dịch có số tiền tối thiểu 20 tr...'
2025-12-19 16:46:39 | DEBUG    | log:153 | [perform_hybrid_search] query_text: [Tìm giao dịch có số tiền tối thiểu 20 triệu đồng] - formatted_query: [Tìm giao dịch có số tiền tối thiểu 20 triệu đồng] - normalized_query: [Tìm giao dịch có số tiền tối thiểu 20 triệu đồng]
2025-12-19 16:46:39 | DEBUG    | log:153 | [perform_hybrid_search] BM25 raw scores: min=0.2349, max=68.7881
2025-12-19 16:46:39 | DEBUG    | log:153 | [get_keyword_boost] Query: 'Tìm giao dịch có số tiền tối t...' | Doc: Tra cứu giao dịch th | Boost: 0.25 | Matched: ['triệu']
2025-12-19 16:46:39 | DEBUG    | log:153 | [classify_query_intent] Classified: 'Tìm giao dịch có số tiền tối t...' -> Tra cứu giao dịch theo số tiền (score=1)
2025-12-19 16:46:39 | DEBUG    | log:153 | [normalize_query] 'Xem các giao dịch có giá trị trong khoản...' -> 'Xem các giao dịch có giá trị trong khoản...'
2025-12-19 16:46:39 | DEBUG    | log:153 | [perform_hybrid_search] query_text: [Xem các giao dịch có giá trị trong khoảng 5-10 triệu] - formatted_query: [Xem các giao dịch có giá trị trong khoảng 5-10 triệu] - normalized_query: [Xem các giao dịch có giá trị trong khoảng 5-10 triệu]
2025-12-19 16:46:39 | DEBUG    | log:153 | [perform_hybrid_search] BM25 raw scores: min=0.1007, max=74.3967
2025-12-19 16:46:39 | DEBUG    | log:153 | [get_keyword_boost] Query: 'Xem các giao dịch có giá trị t...' | Doc: Tra cứu giao dịch th | Boost: 0.50 | Matched: ['triệu', 'giá trị']
2025-12-19 16:46:39 | DEBUG    | log:153 | [classify_query_intent] Classified: 'Xem các giao dịch có giá trị t...' -> Tra cứu giao dịch theo số tiền (score=2)
2025-12-19 16:46:39 | DEBUG    | log:153 | [normalize_query] 'Liệt kê giao dịch với số tiền trên 1 tỷ ...' -> 'Liệt kê giao dịch với số tiền trên 1 tỷ ...'
2025-12-19 16:46:39 | DEBUG    | log:153 | [perform_hybrid_search] query_text: [Liệt kê giao dịch với số tiền trên 1 tỷ đồng] - formatted_query: [Liệt kê giao dịch với số tiền trên 1 tỷ đồng] - normalized_query: [Liệt kê giao dịch với số tiền trên 1 tỷ đồng]
2025-12-19 16:46:40 | DEBUG    | log:153 | [perform_hybrid_search] BM25 raw scores: min=0.2349, max=44.3071
2025-12-19 16:46:40 | DEBUG    | log:153 | [get_keyword_boost] Query: 'Liệt kê giao dịch với số tiền ...' | Doc: Tra cứu giao dịch th | Boost: 0.25 | Matched: ['trên']
2025-12-19 16:46:40 | DEBUG    | log:153 | [classify_query_intent] Classified: 'Liệt kê giao dịch với số tiền ...' -> Tra cứu giao dịch theo số tiền (score=1)
2025-12-19 16:46:40 | DEBUG    | log:153 | [normalize_query] 'Tra cứu giao dịch có số tiền từ 100.000 ...' -> 'Tra cứu giao dịch có số tiền từ 100.000 ...'
2025-12-19 16:46:40 | DEBUG    | log:153 | [perform_hybrid_search] query_text: [Tra cứu giao dịch có số tiền từ 100.000 đến 1.000.000] - formatted_query: [Tra cứu giao dịch có số tiền từ 100.000 đến 1.000.000] - normalized_query: [Tra cứu giao dịch có số tiền từ 100.000 đến 1.000.000]
2025-12-19 16:46:40 | DEBUG    | log:153 | [perform_hybrid_search] BM25 raw scores: min=1.0891, max=58.8420
2025-12-19 16:46:40 | DEBUG    | log:153 | [classify_query_intent] No keyword matches found in: 'Tra cứu giao dịch có số tiền từ 100.000 đến 1.000.'
2025-12-19 16:46:40 | DEBUG    | log:153 | [normalize_query] 'Cho biết giao dịch nào có giá trị lớn hơ...' -> 'Cho biết giao dịch nào có giá trị lớn hơ...'
2025-12-19 16:46:40 | DEBUG    | log:153 | [perform_hybrid_search] query_text: [Cho biết giao dịch nào có giá trị lớn hơn 500 triệu] - formatted_query: [Cho biết giao dịch nào có giá trị lớn hơn 500 triệu] - normalized_query: [Cho biết giao dịch nào có giá trị lớn hơn 500 triệu]
2025-12-19 16:46:40 | DEBUG    | log:153 | [perform_hybrid_search] BM25 raw scores: min=0.1007, max=74.4608
2025-12-19 16:46:40 | DEBUG    | log:153 | [get_keyword_boost] Query: 'Cho biết giao dịch nào có giá ...' | Doc: Tra cứu giao dịch th | Boost: 0.50 | Matched: ['triệu', 'giá trị']
2025-12-19 16:46:40 | DEBUG    | log:153 | [classify_query_intent] Classified: 'Cho biết giao dịch nào có giá ...' -> Tra cứu giao dịch theo số tiền (score=2)
2025-12-19 16:46:40 | DEBUG    | log:153 | [normalize_query] 'Tìm các giao dịch có số tiền dưới 2 triệ...' -> 'Tìm các giao dịch có số tiền dưới 2 triệ...'
2025-12-19 16:46:40 | DEBUG    | log:153 | [perform_hybrid_search] query_text: [Tìm các giao dịch có số tiền dưới 2 triệu đồng] - formatted_query: [Tìm các giao dịch có số tiền dưới 2 triệu đồng] - normalized_query: [Tìm các giao dịch có số tiền dưới 2 triệu đồng]
2025-12-19 16:46:40 | DEBUG    | log:153 | [perform_hybrid_search] BM25 raw scores: min=0.2349, max=63.7992
2025-12-19 16:46:40 | DEBUG    | log:153 | [get_keyword_boost] Query: 'Tìm các giao dịch có số tiền d...' | Doc: Tra cứu giao dịch th | Boost: 0.50 | Matched: ['triệu', 'dưới']
2025-12-19 16:46:40 | DEBUG    | log:153 | [classify_query_intent] Classified: 'Tìm các giao dịch có số tiền d...' -> Tra cứu giao dịch theo số tiền (score=2)
2025-12-19 16:46:40 | DEBUG    | log:153 | [normalize_query] 'Xem những giao dịch có giá trị từ 50 tri...' -> 'Xem những giao dịch có giá trị từ 50 tri...'
2025-12-19 16:46:40 | DEBUG    | log:153 | [perform_hybrid_search] query_text: [Xem những giao dịch có giá trị từ 50 triệu trở xuống] - formatted_query: [Xem những giao dịch có giá trị từ 50 triệu trở xuống] - normalized_query: [Xem những giao dịch có giá trị từ 50 triệu trở xuống]
2025-12-19 16:46:40 | DEBUG    | log:153 | [perform_hybrid_search] BM25 raw scores: min=0.1007, max=85.6304
2025-12-19 16:46:40 | DEBUG    | log:153 | [get_keyword_boost] Query: 'Xem những giao dịch có giá trị...' | Doc: Tra cứu giao dịch th | Boost: 0.50 | Matched: ['triệu', 'giá trị']
2025-12-19 16:46:40 | DEBUG    | log:153 | [classify_query_intent] Classified: 'Xem những giao dịch có giá trị...' -> Tra cứu giao dịch theo số tiền (score=2)
2025-12-19 16:46:40 | DEBUG    | log:153 | [normalize_query] 'Liệt kê các giao dịch có số tiền chẵn 10...' -> 'Liệt kê các giao dịch có số tiền chẵn 10...'
2025-12-19 16:46:40 | DEBUG    | log:153 | [perform_hybrid_search] query_text: [Liệt kê các giao dịch có số tiền chẵn 10.000.000 VND] - formatted_query: [Liệt kê các giao dịch có số tiền chẵn 10.000.000 vnd] - normalized_query: [Liệt kê các giao dịch có số tiền chẵn 10.000.000 vnd]
2025-12-19 16:46:40 | DEBUG    | log:153 | [perform_hybrid_search] BM25 raw scores: min=0.2349, max=75.0095
2025-12-19 16:46:40 | DEBUG    | log:153 | [classify_query_intent] No keyword matches found in: 'Liệt kê các giao dịch có số tiền chẵn 10.000.000 v'
2025-12-19 16:46:40 | DEBUG    | log:153 | [normalize_query] 'Xem những giao dịch dưới 500 ngàn trong ...' -> 'Xem những giao dịch dưới 500 ngàn trong ...'
2025-12-19 16:46:40 | DEBUG    | log:153 | [perform_hybrid_search] query_text: [Xem những giao dịch dưới 500 ngàn trong tài khoản 89742343] - formatted_query: [Xem những giao dịch dưới 500 ngàn trong tài khoản 89742343] - normalized_query: [Xem những giao dịch dưới 500 ngàn trong tài khoản 89742343]
2025-12-19 16:46:40 | DEBUG    | log:153 | [perform_hybrid_search] BM25 raw scores: min=0.6210, max=33.1960
2025-12-19 16:46:40 | DEBUG    | log:153 | [get_keyword_boost] Query: 'Xem những giao dịch dưới 500 n...' | Doc: Tra cứu lịch sử giao | Boost: 0.25 | Matched: ['tài khoản']
2025-12-19 16:46:40 | DEBUG    | log:153 | [get_keyword_boost] Query: 'Xem những giao dịch dưới 500 n...' | Doc: Tra cứu giao dịch th | Boost: 0.25 | Matched: ['dưới']
2025-12-19 16:46:40 | DEBUG    | log:153 | [classify_query_intent] Ambiguous: 'Xem những giao dịch dưới 500 n...' | Scores: {'Tra cứu lịch sử giao dịch theo số tài khoản': 1, 'Tra cứu giao dịch theo số tiền': 1}
2025-12-19 16:46:40 | DEBUG    | log:153 | [normalize_query] 'Xem các giao dịch đã thành công...' -> 'Xem các giao dịch đã thành công...'
2025-12-19 16:46:40 | DEBUG    | log:153 | [perform_hybrid_search] query_text: [Xem các giao dịch đã thành công] - formatted_query: [Xem các giao dịch đã thành công] - normalized_query: [Xem các giao dịch đã thành công]
2025-12-19 16:46:40 | DEBUG    | log:153 | [perform_hybrid_search] BM25 raw scores: min=0.1374, max=21.8154
2025-12-19 16:46:40 | DEBUG    | log:153 | [get_keyword_boost] Query: 'Xem các giao dịch đã thành côn...' | Doc: Tra cứu giao dịch th | Boost: 0.25 | Matched: ['thành công']
2025-12-19 16:46:40 | DEBUG    | log:153 | [classify_query_intent] Classified: 'Xem các giao dịch đã thành côn...' -> Tra cứu giao dịch theo trạng t (score=1)
2025-12-19 16:46:40 | DEBUG    | log:153 | [normalize_query] 'Cho tôi danh sách giao dịch thất bại...' -> 'Cho tôi danh sách giao dịch thất bại...'
2025-12-19 16:46:40 | DEBUG    | log:153 | [perform_hybrid_search] query_text: [Cho tôi danh sách giao dịch thất bại] - formatted_query: [Cho tôi danh sách giao dịch thất bại] - normalized_query: [Cho tôi danh sách giao dịch thất bại]
2025-12-19 16:46:40 | DEBUG    | log:153 | [perform_hybrid_search] BM25 raw scores: min=0.1007, max=28.1418
2025-12-19 16:46:40 | DEBUG    | log:153 | [get_keyword_boost] Query: 'Cho tôi danh sách giao dịch th...' | Doc: Tra cứu giao dịch th | Boost: 0.25 | Matched: ['thất bại']
2025-12-19 16:46:40 | DEBUG    | log:153 | [classify_query_intent] Classified: 'Cho tôi danh sách giao dịch th...' -> Tra cứu giao dịch theo trạng t (score=1)
2025-12-19 16:46:40 | DEBUG    | log:153 | [normalize_query] 'Tìm những giao dịch đang chờ xử lý...' -> 'Tìm những giao dịch đang chờ xử lý...'
2025-12-19 16:46:40 | DEBUG    | log:153 | [perform_hybrid_search] query_text: [Tìm những giao dịch đang chờ xử lý] - formatted_query: [Tìm những giao dịch đang chờ xử lý] - normalized_query: [Tìm những giao dịch đang chờ xử lý]
2025-12-19 16:46:40 | DEBUG    | log:153 | [perform_hybrid_search] BM25 raw scores: min=0.1007, max=50.7501
2025-12-19 16:46:40 | DEBUG    | log:153 | [get_keyword_boost] Query: 'Tìm những giao dịch đang chờ x...' | Doc: Tra cứu giao dịch th | Boost: 0.50 | Matched: ['xử lý', 'chờ']
2025-12-19 16:46:40 | DEBUG    | log:153 | [classify_query_intent] Classified: 'Tìm những giao dịch đang chờ x...' -> Tra cứu giao dịch theo trạng t (score=2)
2025-12-19 16:46:40 | DEBUG    | log:153 | [normalize_query] 'Liệt kê các giao dịch bị hủy...' -> 'Liệt kê các giao dịch bị hủy...'
2025-12-19 16:46:40 | DEBUG    | log:153 | [perform_hybrid_search] query_text: [Liệt kê các giao dịch bị hủy] - formatted_query: [Liệt kê các giao dịch bị hủy] - normalized_query: [Liệt kê các giao dịch bị hủy]
2025-12-19 16:46:40 | DEBUG    | log:153 | [perform_hybrid_search] BM25 raw scores: min=0.1007, max=31.4198
2025-12-19 16:46:40 | DEBUG    | log:153 | [get_keyword_boost] Query: 'Liệt kê các giao dịch bị hủy...' | Doc: Tra cứu giao dịch th | Boost: 0.25 | Matched: ['hủy']
2025-12-19 16:46:40 | DEBUG    | log:153 | [classify_query_intent] Classified: 'Liệt kê các giao dịch bị hủy...' -> Tra cứu giao dịch theo trạng t (score=1)
2025-12-19 16:46:40 | DEBUG    | log:153 | [normalize_query] 'Tra cứu giao dịch có trạng thái pending...' -> 'Tra cứu giao dịch có trạng thái pending...'
2025-12-19 16:46:40 | DEBUG    | log:153 | [perform_hybrid_search] query_text: [Tra cứu giao dịch có trạng thái pending] - formatted_query: [Tra cứu giao dịch có trạng thái pending] - normalized_query: [Tra cứu giao dịch có trạng thái pending]
2025-12-19 16:46:40 | DEBUG    | log:153 | [perform_hybrid_search] BM25 raw scores: min=2.0097, max=37.1669
2025-12-19 16:46:40 | DEBUG    | log:153 | [get_keyword_boost] Query: 'Tra cứu giao dịch có trạng thá...' | Doc: Tra cứu giao dịch th | Boost: 0.25 | Matched: ['trạng thái']
2025-12-19 16:46:40 | DEBUG    | log:153 | [classify_query_intent] Classified: 'Tra cứu giao dịch có trạng thá...' -> Tra cứu giao dịch theo trạng t (score=1)
2025-12-19 16:46:40 | DEBUG    | log:153 | [normalize_query] 'Cho biết giao dịch nào đang chờ duyệt...' -> 'Cho biết giao dịch nào đang chờ duyệt...'
2025-12-19 16:46:40 | DEBUG    | log:153 | [perform_hybrid_search] query_text: [Cho biết giao dịch nào đang chờ duyệt] - formatted_query: [Cho biết giao dịch nào đang chờ duyệt] - normalized_query: [Cho biết giao dịch nào đang chờ duyệt]
2025-12-19 16:46:40 | DEBUG    | log:153 | [perform_hybrid_search] BM25 raw scores: min=0.1007, max=42.6627
2025-12-19 16:46:40 | DEBUG    | log:153 | [get_keyword_boost] Query: 'Cho biết giao dịch nào đang ch...' | Doc: Tra cứu giao dịch th | Boost: 0.25 | Matched: ['chờ']
2025-12-19 16:46:40 | DEBUG    | log:153 | [classify_query_intent] Classified: 'Cho biết giao dịch nào đang ch...' -> Tra cứu giao dịch theo trạng t (score=1)
2025-12-19 16:46:40 | DEBUG    | log:153 | [normalize_query] 'Xem các giao dịch đã hoàn thành trong ng...' -> 'Xem các giao dịch đã hoàn thành trong ng...'
2025-12-19 16:46:40 | DEBUG    | log:153 | [perform_hybrid_search] query_text: [Xem các giao dịch đã hoàn thành trong ngày] - formatted_query: [Xem các giao dịch đã hoàn thành trong ngày] - normalized_query: [Xem các giao dịch đã hoàn thành trong ngày]
2025-12-19 16:46:40 | DEBUG    | log:153 | [perform_hybrid_search] BM25 raw scores: min=0.3092, max=14.9301
2025-12-19 16:46:40 | DEBUG    | log:153 | [get_keyword_boost] Query: 'Xem các giao dịch đã hoàn thàn...' | Doc: Tra cứu lịch sử giao | Boost: 0.25 | Matched: ['ngày']
2025-12-19 16:46:40 | DEBUG    | log:153 | [get_keyword_boost] Query: 'Xem các giao dịch đã hoàn thàn...' | Doc: Tra cứu giao dịch th | Boost: 0.25 | Matched: ['hoàn thành']
2025-12-19 16:46:40 | DEBUG    | log:153 | [classify_query_intent] Ambiguous: 'Xem các giao dịch đã hoàn thàn...' | Scores: {'Tra cứu lịch sử giao dịch theo khoảng thời gian': 1, 'Tra cứu giao dịch theo trạng thái': 1}
2025-12-19 16:46:40 | DEBUG    | log:153 | [normalize_query] 'Tìm giao dịch có trạng thái lỗi...' -> 'Tìm giao dịch có trạng thái lỗi...'
2025-12-19 16:46:40 | DEBUG    | log:153 | [perform_hybrid_search] query_text: [Tìm giao dịch có trạng thái lỗi] - formatted_query: [Tìm giao dịch có trạng thái lỗi] - normalized_query: [Tìm giao dịch có trạng thái lỗi]
2025-12-19 16:46:40 | DEBUG    | log:153 | [perform_hybrid_search] BM25 raw scores: min=0.1007, max=50.5953
2025-12-19 16:46:40 | DEBUG    | log:153 | [get_keyword_boost] Query: 'Tìm giao dịch có trạng thái lỗ...' | Doc: Tra cứu giao dịch th | Boost: 0.25 | Matched: ['trạng thái']
2025-12-19 16:46:40 | DEBUG    | log:153 | [classify_query_intent] Classified: 'Tìm giao dịch có trạng thái lỗ...' -> Tra cứu giao dịch theo trạng t (score=1)
2025-12-19 16:46:40 | DEBUG    | log:153 | [normalize_query] 'Liệt kê các giao dịch đã được phê duyệt...' -> 'Liệt kê các giao dịch đã được phê duyệt...'
2025-12-19 16:46:40 | DEBUG    | log:153 | [perform_hybrid_search] query_text: [Liệt kê các giao dịch đã được phê duyệt] - formatted_query: [Liệt kê các giao dịch đã được phê duyệt] - normalized_query: [Liệt kê các giao dịch đã được phê duyệt]
2025-12-19 16:46:40 | DEBUG    | log:153 | [perform_hybrid_search] BM25 raw scores: min=0.1007, max=38.1851
2025-12-19 16:46:40 | DEBUG    | log:153 | [get_keyword_boost] Query: 'Liệt kê các giao dịch đã được ...' | Doc: Tra cứu giao dịch th | Boost: 0.25 | Matched: ['phê duyệt']
2025-12-19 16:46:40 | DEBUG    | log:153 | [classify_query_intent] Classified: 'Liệt kê các giao dịch đã được ...' -> Tra cứu giao dịch theo trạng t (score=1)
2025-12-19 16:46:40 | DEBUG    | log:153 | [normalize_query] 'Tra cứu giao dịch bị từ chối...' -> 'Tra cứu giao dịch bị từ chối...'
2025-12-19 16:46:40 | DEBUG    | log:153 | [perform_hybrid_search] query_text: [Tra cứu giao dịch bị từ chối] - formatted_query: [Tra cứu giao dịch bị từ chối] - normalized_query: [Tra cứu giao dịch bị từ chối]
2025-12-19 16:46:40 | DEBUG    | log:153 | [perform_hybrid_search] BM25 raw scores: min=0.9331, max=15.9526
2025-12-19 16:46:40 | DEBUG    | log:153 | [get_keyword_boost] Query: 'Tra cứu giao dịch bị từ chối...' | Doc: Tra cứu giao dịch th | Boost: 0.25 | Matched: ['từ chối']
2025-12-19 16:46:40 | DEBUG    | log:153 | [classify_query_intent] Classified: 'Tra cứu giao dịch bị từ chối...' -> Tra cứu giao dịch theo trạng t (score=1)
2025-12-19 16:46:40 | DEBUG    | log:153 | [normalize_query] 'Cho xem những giao dịch chưa hoàn tất...' -> 'Cho xem những giao dịch chưa hoàn tất...'
2025-12-19 16:46:40 | DEBUG    | log:153 | [perform_hybrid_search] query_text: [Cho xem những giao dịch chưa hoàn tất] - formatted_query: [Cho xem những giao dịch chưa hoàn tất] - normalized_query: [Cho xem những giao dịch chưa hoàn tất]
2025-12-19 16:46:40 | DEBUG    | log:153 | [perform_hybrid_search] BM25 raw scores: min=0.1342, max=26.5350
2025-12-19 16:46:40 | DEBUG    | log:153 | [get_keyword_boost] Query: 'Cho xem những giao dịch chưa h...' | Doc: Tra cứu giao dịch th | Boost: 0.25 | Matched: ['hoàn tất']
2025-12-19 16:46:40 | DEBUG    | log:153 | [classify_query_intent] Classified: 'Cho xem những giao dịch chưa h...' -> Tra cứu giao dịch theo trạng t (score=1)
2025-12-19 16:46:40 | DEBUG    | log:153 | [normalize_query] 'Tìm các giao dịch có trạng thái thành cô...' -> 'Tìm các giao dịch có trạng thái thành cô...'
2025-12-19 16:46:40 | DEBUG    | log:153 | [perform_hybrid_search] query_text: [Tìm các giao dịch có trạng thái thành công] - formatted_query: [Tìm các giao dịch có trạng thái thành công] - normalized_query: [Tìm các giao dịch có trạng thái thành công]
2025-12-19 16:46:40 | DEBUG    | log:153 | [perform_hybrid_search] BM25 raw scores: min=0.1479, max=54.1414
2025-12-19 16:46:40 | DEBUG    | log:153 | [get_keyword_boost] Query: 'Tìm các giao dịch có trạng thá...' | Doc: Tra cứu giao dịch th | Boost: 0.50 | Matched: ['thành công', 'trạng thái']
2025-12-19 16:46:40 | DEBUG    | log:153 | [classify_query_intent] Classified: 'Tìm các giao dịch có trạng thá...' -> Tra cứu giao dịch theo trạng t (score=2)
2025-12-19 16:46:40 | DEBUG    | log:153 | [normalize_query] 'Xem danh sách giao dịch đang xử lý...' -> 'Xem danh sách giao dịch đang xử lý...'
2025-12-19 16:46:40 | DEBUG    | log:153 | [perform_hybrid_search] query_text: [Xem danh sách giao dịch đang xử lý] - formatted_query: [Xem danh sách giao dịch đang xử lý] - normalized_query: [Xem danh sách giao dịch đang xử lý]
2025-12-19 16:46:40 | DEBUG    | log:153 | [perform_hybrid_search] BM25 raw scores: min=0.1007, max=46.8741
2025-12-19 16:46:40 | DEBUG    | log:153 | [get_keyword_boost] Query: 'Xem danh sách giao dịch đang x...' | Doc: Tra cứu giao dịch th | Boost: 0.25 | Matched: ['xử lý']
2025-12-19 16:46:40 | DEBUG    | log:153 | [classify_query_intent] Classified: 'Xem danh sách giao dịch đang x...' -> Tra cứu giao dịch theo trạng t (score=1)
2025-12-19 16:46:40 | DEBUG    | log:153 | [normalize_query] 'Liệt kê giao dịch có response thành công...' -> 'Liệt kê giao dịch có response thành công...'
2025-12-19 16:46:40 | DEBUG    | log:153 | [perform_hybrid_search] query_text: [Liệt kê giao dịch có response thành công] - formatted_query: [Liệt kê giao dịch có response thành công] - normalized_query: [Liệt kê giao dịch có response thành công]
2025-12-19 16:46:40 | DEBUG    | log:153 | [perform_hybrid_search] BM25 raw scores: min=0.1479, max=51.4490
2025-12-19 16:46:40 | DEBUG    | log:153 | [get_keyword_boost] Query: 'Liệt kê giao dịch có response ...' | Doc: Tra cứu giao dịch th | Boost: 0.25 | Matched: ['thành công']
2025-12-19 16:46:40 | DEBUG    | log:153 | [classify_query_intent] Classified: 'Liệt kê giao dịch có response ...' -> Tra cứu giao dịch theo trạng t (score=1)
2025-12-19 16:46:40 | DEBUG    | log:153 | [normalize_query] 'Tra cứu các giao dịch đã bị hết thời gia...' -> 'Tra cứu các giao dịch đã bị hết thời gia...'
2025-12-19 16:46:40 | DEBUG    | log:153 | [perform_hybrid_search] query_text: [Tra cứu các giao dịch đã bị hết thời gian] - formatted_query: [Tra cứu các giao dịch đã bị hết thời gian] - normalized_query: [Tra cứu các giao dịch đã bị hết thời gian]
2025-12-19 16:46:40 | DEBUG    | log:153 | [perform_hybrid_search] BM25 raw scores: min=0.7414, max=13.8583
2025-12-19 16:46:40 | DEBUG    | log:153 | [classify_query_intent] No keyword matches found in: 'Tra cứu các giao dịch đã bị hết thời gian'
2025-12-19 16:46:40 | DEBUG    | log:153 | [normalize_query] 'Cho biết giao dịch nào đang chờ phản hồi...' -> 'Cho biết giao dịch nào đang chờ phản hồi...'
2025-12-19 16:46:40 | DEBUG    | log:153 | [perform_hybrid_search] query_text: [Cho biết giao dịch nào đang chờ phản hồi] - formatted_query: [Cho biết giao dịch nào đang chờ phản hồi] - normalized_query: [Cho biết giao dịch nào đang chờ phản hồi]
2025-12-19 16:46:40 | DEBUG    | log:153 | [perform_hybrid_search] BM25 raw scores: min=0.1007, max=47.0604
2025-12-19 16:46:40 | DEBUG    | log:153 | [get_keyword_boost] Query: 'Cho biết giao dịch nào đang ch...' | Doc: Tra cứu giao dịch th | Boost: 0.25 | Matched: ['chờ']
2025-12-19 16:46:40 | DEBUG    | log:153 | [classify_query_intent] Classified: 'Cho biết giao dịch nào đang ch...' -> Tra cứu giao dịch theo trạng t (score=1)
2025-12-19 16:46:40 | DEBUG    | log:153 | [normalize_query] 'Tìm giao dịch có trạng thái completed...' -> 'Tìm giao dịch có trạng thái completed...'
2025-12-19 16:46:40 | DEBUG    | log:153 | [perform_hybrid_search] query_text: [Tìm giao dịch có trạng thái completed] - formatted_query: [Tìm giao dịch có trạng thái completed] - normalized_query: [Tìm giao dịch có trạng thái completed]
2025-12-19 16:46:40 | DEBUG    | log:153 | [perform_hybrid_search] BM25 raw scores: min=0.1007, max=48.2424
2025-12-19 16:46:40 | DEBUG    | log:153 | [get_keyword_boost] Query: 'Tìm giao dịch có trạng thái co...' | Doc: Tra cứu giao dịch th | Boost: 0.50 | Matched: ['trạng thái', 'completed']
2025-12-19 16:46:40 | DEBUG    | log:153 | [classify_query_intent] Classified: 'Tìm giao dịch có trạng thái co...' -> Tra cứu giao dịch theo trạng t (score=2)
2025-12-19 16:46:40 | DEBUG    | log:153 | [normalize_query] 'Xem các giao dịch failed trong tháng này...' -> 'Xem các giao dịch failed trong tháng này...'
2025-12-19 16:46:40 | DEBUG    | log:153 | [perform_hybrid_search] query_text: [Xem các giao dịch failed trong tháng này] - formatted_query: [Xem các giao dịch failed trong tháng này] - normalized_query: [Xem các giao dịch failed trong tháng này]
2025-12-19 16:46:40 | DEBUG    | log:153 | [perform_hybrid_search] BM25 raw scores: min=0.1007, max=20.0045
2025-12-19 16:46:40 | DEBUG    | log:153 | [get_keyword_boost] Query: 'Xem các giao dịch failed trong...' | Doc: Tra cứu lịch sử giao | Boost: 0.25 | Matched: ['tháng']
2025-12-19 16:46:40 | DEBUG    | log:153 | [get_keyword_boost] Query: 'Xem các giao dịch failed trong...' | Doc: Tra cứu giao dịch th | Boost: 0.25 | Matched: ['failed']
2025-12-19 16:46:40 | DEBUG    | log:153 | [classify_query_intent] Ambiguous: 'Xem các giao dịch failed trong...' | Scores: {'Tra cứu lịch sử giao dịch theo khoảng thời gian': 1, 'Tra cứu giao dịch theo trạng thái': 1}
2025-12-19 16:46:40 | DEBUG    | log:153 | [normalize_query] 'Liệt kê giao dịch có lỗi hệ thống...' -> 'Liệt kê giao dịch có lỗi hệ thống...'
2025-12-19 16:46:40 | DEBUG    | log:153 | [perform_hybrid_search] query_text: [Liệt kê giao dịch có lỗi hệ thống] - formatted_query: [Liệt kê giao dịch có lỗi hệ thống] - normalized_query: [Liệt kê giao dịch có lỗi hệ thống]
2025-12-19 16:46:40 | DEBUG    | log:153 | [perform_hybrid_search] BM25 raw scores: min=0.1342, max=52.3395
2025-12-19 16:46:40 | DEBUG    | log:153 | [classify_query_intent] No keyword matches found in: 'Liệt kê giao dịch có lỗi hệ thống'
2025-12-19 16:46:40 | DEBUG    | log:153 | [normalize_query] 'Tra cứu giao dịch đã được xác nhận...' -> 'Tra cứu giao dịch đã được xác nhận...'
2025-12-19 16:46:40 | DEBUG    | log:153 | [perform_hybrid_search] query_text: [Tra cứu giao dịch đã được xác nhận] - formatted_query: [Tra cứu giao dịch đã được xác nhận] - normalized_query: [Tra cứu giao dịch đã được xác nhận]
2025-12-19 16:46:40 | DEBUG    | log:153 | [perform_hybrid_search] BM25 raw scores: min=0.9890, max=9.9093
2025-12-19 16:46:40 | DEBUG    | log:153 | [get_keyword_boost] Query: 'Tra cứu giao dịch đã được xác ...' | Doc: Tra cứu giao dịch nh | Boost: 0.25 | Matched: ['nhận']
2025-12-19 16:46:40 | DEBUG    | log:153 | [classify_query_intent] Classified: 'Tra cứu giao dịch đã được xác ...' -> Tra cứu giao dịch nhận tiền (score=1)
2025-12-19 16:46:40 | DEBUG    | log:153 | [normalize_query] 'Xem các giao dịch chuyển tiền trong tài ...' -> 'Xem các giao dịch chuyển tiền trong tài ...'
2025-12-19 16:46:40 | DEBUG    | log:153 | [perform_hybrid_search] query_text: [Xem các giao dịch chuyển tiền trong tài khoản] - formatted_query: [Xem các giao dịch chuyển tiền trong tài khoản] - normalized_query: [Xem các giao dịch chuyển tiền trong tài khoản]
2025-12-19 16:46:40 | DEBUG    | log:153 | [perform_hybrid_search] BM25 raw scores: min=3.7466, max=27.6150
2025-12-19 16:46:40 | DEBUG    | log:153 | [get_keyword_boost] Query: 'Xem các giao dịch chuyển tiền ...' | Doc: Tra cứu lịch sử giao | Boost: 0.25 | Matched: ['tài khoản']
2025-12-19 16:46:40 | DEBUG    | log:153 | [get_keyword_boost] Query: 'Xem các giao dịch chuyển tiền ...' | Doc: Tra cứu giao dịch th | Boost: 0.25 | Matched: ['chuyển tiền']
2025-12-19 16:46:40 | DEBUG    | log:153 | [get_keyword_boost] Query: 'Xem các giao dịch chuyển tiền ...' | Doc: Tra cứu giao dịch ch | Boost: 0.25 | Matched: ['chuyển tiền']
2025-12-19 16:46:40 | DEBUG    | log:153 | [classify_query_intent] Ambiguous: 'Xem các giao dịch chuyển tiền ...' | Scores: {'Tra cứu lịch sử giao dịch theo số tài khoản': 1, 'Tra cứu giao dịch theo loại giao dịch': 1, 'Tra cứu giao dịch chuyển tiền': 1}
2025-12-19 16:46:40 | DEBUG    | log:153 | [normalize_query] 'Cho tôi danh sách giao dịch thanh toán...' -> 'Cho tôi danh sách giao dịch thanh toán...'
2025-12-19 16:46:40 | DEBUG    | log:153 | [perform_hybrid_search] query_text: [Cho tôi danh sách giao dịch thanh toán] - formatted_query: [Cho tôi danh sách giao dịch thanh toán] - normalized_query: [Cho tôi danh sách giao dịch thanh toán]
2025-12-19 16:46:40 | DEBUG    | log:153 | [perform_hybrid_search] BM25 raw scores: min=0.1374, max=29.6042
2025-12-19 16:46:40 | DEBUG    | log:153 | [get_keyword_boost] Query: 'Cho tôi danh sách giao dịch th...' | Doc: Tra cứu giao dịch th | Boost: 0.25 | Matched: ['thanh toán']
2025-12-19 16:46:40 | DEBUG    | log:153 | [get_keyword_boost] Query: 'Cho tôi danh sách giao dịch th...' | Doc: Tra cứu giao dịch th | Boost: 0.25 | Matched: ['thanh toán']
2025-12-19 16:46:40 | DEBUG    | log:153 | [classify_query_intent] Ambiguous: 'Cho tôi danh sách giao dịch th...' | Scores: {'Tra cứu giao dịch theo loại giao dịch': 1, 'Tra cứu giao dịch thanh toán hóa đơn': 1}
2025-12-19 16:46:40 | DEBUG    | log:153 | [normalize_query] 'Tìm các giao dịch rút tiền...' -> 'Tìm các giao dịch rút tiền...'
2025-12-19 16:46:40 | DEBUG    | log:153 | [perform_hybrid_search] query_text: [Tìm các giao dịch rút tiền] - formatted_query: [Tìm các giao dịch rút tiền] - normalized_query: [Tìm các giao dịch rút tiền]
2025-12-19 16:46:40 | DEBUG    | log:153 | [perform_hybrid_search] BM25 raw scores: min=0.1342, max=25.5689
2025-12-19 16:46:40 | DEBUG    | log:153 | [get_keyword_boost] Query: 'Tìm các giao dịch rút tiền...' | Doc: Tra cứu giao dịch th | Boost: 0.25 | Matched: ['rút tiền']
2025-12-19 16:46:40 | DEBUG    | log:153 | [classify_query_intent] Classified: 'Tìm các giao dịch rút tiền...' -> Tra cứu giao dịch theo loại gi (score=1)
2025-12-19 16:46:40 | DEBUG    | log:153 | [normalize_query] 'Liệt kê giao dịch nạp tiền vào tài khoản...' -> 'Liệt kê giao dịch nạp tiền vào tài khoản...'
2025-12-19 16:46:40 | DEBUG    | log:153 | [perform_hybrid_search] query_text: [Liệt kê giao dịch nạp tiền vào tài khoản] - formatted_query: [Liệt kê giao dịch nạp tiền vào tài khoản] - normalized_query: [Liệt kê giao dịch nạp tiền vào tài khoản]
2025-12-19 16:46:40 | DEBUG    | log:153 | [perform_hybrid_search] BM25 raw scores: min=0.6546, max=45.1420
2025-12-19 16:46:40 | DEBUG    | log:153 | [get_keyword_boost] Query: 'Liệt kê giao dịch nạp tiền vào...' | Doc: Tra cứu lịch sử giao | Boost: 0.25 | Matched: ['tài khoản']
2025-12-19 16:46:40 | DEBUG    | log:153 | [get_keyword_boost] Query: 'Liệt kê giao dịch nạp tiền vào...' | Doc: Tra cứu giao dịch th | Boost: 0.25 | Matched: ['nạp tiền']
2025-12-19 16:46:40 | DEBUG    | log:153 | [get_keyword_boost] Query: 'Liệt kê giao dịch nạp tiền vào...' | Doc: Tra cứu giao dịch nh | Boost: 0.50 | Matched: ['tiền vào', 'vào tài khoản']
2025-12-19 16:46:40 | DEBUG    | log:153 | [classify_query_intent] Classified: 'Liệt kê giao dịch nạp tiền vào...' -> Tra cứu giao dịch nhận tiền (score=2)
2025-12-19 16:46:40 | DEBUG    | log:153 | [normalize_query] 'Tra cứu các giao dịch chuyển khoản...' -> 'Tra cứu các giao dịch chuyển khoản...'
2025-12-19 16:46:40 | DEBUG    | log:153 | [perform_hybrid_search] query_text: [Tra cứu các giao dịch chuyển khoản] - formatted_query: [Tra cứu các giao dịch chuyển khoản] - normalized_query: [Tra cứu các giao dịch chuyển khoản]
2025-12-19 16:46:40 | DEBUG    | log:153 | [perform_hybrid_search] BM25 raw scores: min=1.0800, max=13.7903
2025-12-19 16:46:40 | DEBUG    | log:153 | [get_keyword_boost] Query: 'Tra cứu các giao dịch chuyển k...' | Doc: Tra cứu giao dịch ch | Boost: 0.25 | Matched: ['chuyển khoản']
2025-12-19 16:46:40 | DEBUG    | log:153 | [classify_query_intent] Classified: 'Tra cứu các giao dịch chuyển k...' -> Tra cứu giao dịch chuyển tiền (score=1)
2025-12-19 16:46:40 | DEBUG    | log:153 | [normalize_query] 'Cho biết các giao dịch mua hàng online...' -> 'Cho biết các giao dịch mua hàng online...'
2025-12-19 16:46:40 | DEBUG    | log:153 | [perform_hybrid_search] query_text: [Cho biết các giao dịch mua hàng online] - formatted_query: [Cho biết các giao dịch mua hàng online] - normalized_query: [Cho biết các giao dịch mua hàng online]
2025-12-19 16:46:40 | DEBUG    | log:153 | [perform_hybrid_search] BM25 raw scores: min=0.1007, max=24.5101
2025-12-19 16:46:40 | DEBUG    | log:153 | [get_keyword_boost] Query: 'Cho biết các giao dịch mua hàn...' | Doc: Tra cứu giao dịch th | Boost: 0.25 | Matched: ['mua hàng']
2025-12-19 16:46:40 | DEBUG    | log:153 | [get_keyword_boost] Query: 'Cho biết các giao dịch mua hàn...' | Doc: Tra cứu giao dịch th | Boost: 0.25 | Matched: ['online']
2025-12-19 16:46:40 | DEBUG    | log:153 | [classify_query_intent] Ambiguous: 'Cho biết các giao dịch mua hàn...' | Scores: {'Tra cứu giao dịch theo loại giao dịch': 1, 'Tra cứu giao dịch theo kênh giao dịch': 1}
2025-12-19 16:46:40 | DEBUG    | log:153 | [normalize_query] 'Xem giao dịch thanh toán hóa đơn...' -> 'Xem giao dịch thanh toán hóa đơn...'
2025-12-19 16:46:40 | DEBUG    | log:153 | [perform_hybrid_search] query_text: [Xem giao dịch thanh toán hóa đơn] - formatted_query: [Xem giao dịch thanh toán hóa đơn] - normalized_query: [Xem giao dịch thanh toán hóa đơn]
2025-12-19 16:46:41 | DEBUG    | log:153 | [perform_hybrid_search] BM25 raw scores: min=0.2061, max=50.5605
2025-12-19 16:46:41 | DEBUG    | log:153 | [get_keyword_boost] Query: 'Xem giao dịch thanh toán hóa đ...' | Doc: Tra cứu giao dịch th | Boost: 0.25 | Matched: ['thanh toán']
2025-12-19 16:46:41 | DEBUG    | log:153 | [get_keyword_boost] Query: 'Xem giao dịch thanh toán hóa đ...' | Doc: Tra cứu giao dịch th | Boost: 0.50 | Matched: ['thanh toán', 'hóa đơn']
2025-12-19 16:46:41 | DEBUG    | log:153 | [classify_query_intent] Classified: 'Xem giao dịch thanh toán hóa đ...' -> Tra cứu giao dịch thanh toán h (score=2)
2025-12-19 16:46:41 | DEBUG    | log:153 | [normalize_query] 'Tìm các giao dịch chuyển tiền nội bộ...' -> 'Tìm các giao dịch chuyển tiền nội bộ...'
2025-12-19 16:46:41 | DEBUG    | log:153 | [perform_hybrid_search] query_text: [Tìm các giao dịch chuyển tiền nội bộ] - formatted_query: [Tìm các giao dịch chuyển tiền nội bộ] - normalized_query: [Tìm các giao dịch chuyển tiền nội bộ]
2025-12-19 16:46:41 | DEBUG    | log:153 | [perform_hybrid_search] BM25 raw scores: min=0.2405, max=39.5492
2025-12-19 16:46:41 | DEBUG    | log:153 | [get_keyword_boost] Query: 'Tìm các giao dịch chuyển tiền ...' | Doc: Tra cứu giao dịch th | Boost: 0.50 | Matched: ['chuyển tiền', 'nội bộ']
2025-12-19 16:46:41 | DEBUG    | log:153 | [get_keyword_boost] Query: 'Tìm các giao dịch chuyển tiền ...' | Doc: Tra cứu giao dịch ch | Boost: 0.25 | Matched: ['chuyển tiền']
2025-12-19 16:46:41 | DEBUG    | log:153 | [classify_query_intent] Classified: 'Tìm các giao dịch chuyển tiền ...' -> Tra cứu giao dịch theo loại gi (score=2)
2025-12-19 16:46:41 | DEBUG    | log:153 | [normalize_query] 'Liệt kê giao dịch chuyển tiền liên ngân ...' -> 'Liệt kê giao dịch chuyển tiền liên ngân ...'
2025-12-19 16:46:41 | DEBUG    | log:153 | [perform_hybrid_search] query_text: [Liệt kê giao dịch chuyển tiền liên ngân hàng] - formatted_query: [Liệt kê giao dịch chuyển tiền liên ngân hàng] - normalized_query: [Liệt kê giao dịch chuyển tiền liên ngân hàng]
2025-12-19 16:46:41 | DEBUG    | log:153 | [perform_hybrid_search] BM25 raw scores: min=0.2405, max=49.8324
2025-12-19 16:46:41 | DEBUG    | log:153 | [get_keyword_boost] Query: 'Liệt kê giao dịch chuyển tiền ...' | Doc: Tra cứu giao dịch th | Boost: 0.50 | Matched: ['chuyển tiền', 'liên ngân hàng']
2025-12-19 16:46:41 | DEBUG    | log:153 | [get_keyword_boost] Query: 'Liệt kê giao dịch chuyển tiền ...' | Doc: Tra cứu giao dịch ch | Boost: 0.25 | Matched: ['chuyển tiền']
2025-12-19 16:46:41 | DEBUG    | log:153 | [classify_query_intent] Classified: 'Liệt kê giao dịch chuyển tiền ...' -> Tra cứu giao dịch theo loại gi (score=2)
2025-12-19 16:46:41 | DEBUG    | log:153 | [normalize_query] 'Tra cứu giao dịch thanh toán QR Code...' -> 'Tra cứu giao dịch thanh toán qr code...'
2025-12-19 16:46:41 | DEBUG    | log:153 | [perform_hybrid_search] query_text: [Tra cứu giao dịch thanh toán QR Code] - formatted_query: [Tra cứu giao dịch thanh toán qr code] - normalized_query: [Tra cứu giao dịch thanh toán qr code]
2025-12-19 16:46:41 | DEBUG    | log:153 | [perform_hybrid_search] BM25 raw scores: min=1.7465, max=29.7247
2025-12-19 16:46:41 | DEBUG    | log:153 | [get_keyword_boost] Query: 'Tra cứu giao dịch thanh toán q...' | Doc: Tra cứu giao dịch th | Boost: 0.50 | Matched: ['thanh toán', 'qr code']
2025-12-19 16:46:41 | DEBUG    | log:153 | [get_keyword_boost] Query: 'Tra cứu giao dịch thanh toán q...' | Doc: Tra cứu giao dịch th | Boost: 0.25 | Matched: ['thanh toán']
2025-12-19 16:46:41 | DEBUG    | log:153 | [classify_query_intent] Classified: 'Tra cứu giao dịch thanh toán q...' -> Tra cứu giao dịch theo loại gi (score=2)
2025-12-19 16:46:41 | DEBUG    | log:153 | [normalize_query] 'Cho xem các giao dịch trả góp...' -> 'Cho xem các giao dịch trả góp...'
2025-12-19 16:46:41 | DEBUG    | log:153 | [perform_hybrid_search] query_text: [Cho xem các giao dịch trả góp] - formatted_query: [Cho xem các giao dịch trả góp] - normalized_query: [Cho xem các giao dịch trả góp]
2025-12-19 16:46:41 | DEBUG    | log:153 | [perform_hybrid_search] BM25 raw scores: min=0.1678, max=21.4525
2025-12-19 16:46:41 | DEBUG    | log:153 | [get_keyword_boost] Query: 'Cho xem các giao dịch trả góp...' | Doc: Tra cứu giao dịch th | Boost: 0.25 | Matched: ['trả góp']
2025-12-19 16:46:41 | DEBUG    | log:153 | [classify_query_intent] Classified: 'Cho xem các giao dịch trả góp...' -> Tra cứu giao dịch theo loại gi (score=1)
2025-12-19 16:46:41 | DEBUG    | log:153 | [normalize_query] 'Tìm giao dịch mua thẻ điện thoại...' -> 'Tìm giao dịch mua thẻ điện thoại...'
2025-12-19 16:46:41 | DEBUG    | log:153 | [perform_hybrid_search] query_text: [Tìm giao dịch mua thẻ điện thoại] - formatted_query: [Tìm giao dịch mua thẻ điện thoại] - normalized_query: [Tìm giao dịch mua thẻ điện thoại]
2025-12-19 16:46:41 | DEBUG    | log:153 | [perform_hybrid_search] BM25 raw scores: min=0.1007, max=37.5589
2025-12-19 16:46:41 | DEBUG    | log:153 | [get_keyword_boost] Query: 'Tìm giao dịch mua thẻ điện tho...' | Doc: Tra cứu giao dịch th | Boost: 0.25 | Matched: ['thẻ điện thoại']
2025-12-19 16:46:41 | DEBUG    | log:153 | [get_keyword_boost] Query: 'Tìm giao dịch mua thẻ điện tho...' | Doc: Tra cứu giao dịch th | Boost: 0.25 | Matched: ['thẻ']
2025-12-19 16:46:41 | DEBUG    | log:153 | [classify_query_intent] Ambiguous: 'Tìm giao dịch mua thẻ điện tho...' | Scores: {'Tra cứu giao dịch theo loại giao dịch': 1, 'Tra cứu giao dịch thẻ': 1}
2025-12-19 16:46:41 | DEBUG    | log:153 | [normalize_query] 'Xem danh sách giao dịch nạp tiền điện th...' -> 'Xem danh sách giao dịch nạp tiền điện th...'
2025-12-19 16:46:41 | DEBUG    | log:153 | [perform_hybrid_search] query_text: [Xem danh sách giao dịch nạp tiền điện thoại] - formatted_query: [Xem danh sách giao dịch nạp tiền điện thoại] - normalized_query: [Xem danh sách giao dịch nạp tiền điện thoại]
2025-12-19 16:46:41 | DEBUG    | log:153 | [perform_hybrid_search] BM25 raw scores: min=0.1342, max=46.4762
2025-12-19 16:46:41 | DEBUG    | log:153 | [get_keyword_boost] Query: 'Xem danh sách giao dịch nạp ti...' | Doc: Tra cứu giao dịch th | Boost: 0.25 | Matched: ['nạp tiền']
2025-12-19 16:46:41 | DEBUG    | log:153 | [get_keyword_boost] Query: 'Xem danh sách giao dịch nạp ti...' | Doc: Tra cứu giao dịch th | Boost: 0.50 | Matched: ['tiền điện', 'tiền điện thoại']
2025-12-19 16:46:41 | DEBUG    | log:153 | [classify_query_intent] Classified: 'Xem danh sách giao dịch nạp ti...' -> Tra cứu giao dịch thanh toán h (score=2)
2025-12-19 16:46:41 | DEBUG    | log:153 | [normalize_query] 'Liệt kê các giao dịch thanh toán tiền đi...' -> 'Liệt kê các giao dịch thanh toán tiền đi...'
2025-12-19 16:46:41 | DEBUG    | log:153 | [perform_hybrid_search] query_text: [Liệt kê các giao dịch thanh toán tiền điện] - formatted_query: [Liệt kê các giao dịch thanh toán tiền điện] - normalized_query: [Liệt kê các giao dịch thanh toán tiền điện]
2025-12-19 16:46:41 | DEBUG    | log:153 | [perform_hybrid_search] BM25 raw scores: min=0.1718, max=48.9034
2025-12-19 16:46:41 | DEBUG    | log:153 | [get_keyword_boost] Query: 'Liệt kê các giao dịch thanh to...' | Doc: Tra cứu giao dịch th | Boost: 0.25 | Matched: ['thanh toán']
2025-12-19 16:46:41 | DEBUG    | log:153 | [get_keyword_boost] Query: 'Liệt kê các giao dịch thanh to...' | Doc: Tra cứu giao dịch th | Boost: 0.50 | Matched: ['thanh toán', 'tiền điện']
2025-12-19 16:46:41 | DEBUG    | log:153 | [classify_query_intent] Classified: 'Liệt kê các giao dịch thanh to...' -> Tra cứu giao dịch thanh toán h (score=2)
2025-12-19 16:46:41 | DEBUG    | log:153 | [normalize_query] 'Tra cứu giao dịch đóng phí bảo hiểm...' -> 'Tra cứu giao dịch đóng phí bảo hiểm...'
2025-12-19 16:46:41 | DEBUG    | log:153 | [perform_hybrid_search] query_text: [Tra cứu giao dịch đóng phí bảo hiểm] - formatted_query: [Tra cứu giao dịch đóng phí bảo hiểm] - normalized_query: [Tra cứu giao dịch đóng phí bảo hiểm]
2025-12-19 16:46:41 | DEBUG    | log:153 | [perform_hybrid_search] BM25 raw scores: min=0.9758, max=21.0645
2025-12-19 16:46:41 | DEBUG    | log:153 | [get_keyword_boost] Query: 'Tra cứu giao dịch đóng phí bảo...' | Doc: Tra cứu phí giao dịc | Boost: 0.25 | Matched: ['phí']
2025-12-19 16:46:41 | DEBUG    | log:153 | [classify_query_intent] Classified: 'Tra cứu giao dịch đóng phí bảo...' -> Tra cứu phí giao dịch (score=1)
2025-12-19 16:46:41 | DEBUG    | log:153 | [normalize_query] 'Cho biết các giao dịch chuyển tiền quốc ...' -> 'Cho biết các giao dịch chuyển tiền quốc ...'
2025-12-19 16:46:41 | DEBUG    | log:153 | [perform_hybrid_search] query_text: [Cho biết các giao dịch chuyển tiền quốc tế] - formatted_query: [Cho biết các giao dịch chuyển tiền quốc tế] - normalized_query: [Cho biết các giao dịch chuyển tiền quốc tế]
2025-12-19 16:46:41 | DEBUG    | log:153 | [perform_hybrid_search] BM25 raw scores: min=0.2405, max=27.5102
2025-12-19 16:46:41 | DEBUG    | log:153 | [get_keyword_boost] Query: 'Cho biết các giao dịch chuyển ...' | Doc: Tra cứu giao dịch th | Boost: 0.25 | Matched: ['chuyển tiền']
2025-12-19 16:46:41 | DEBUG    | log:153 | [get_keyword_boost] Query: 'Cho biết các giao dịch chuyển ...' | Doc: Tra cứu giao dịch ch | Boost: 0.25 | Matched: ['chuyển tiền']
2025-12-19 16:46:41 | DEBUG    | log:153 | [classify_query_intent] Ambiguous: 'Cho biết các giao dịch chuyển ...' | Scores: {'Tra cứu giao dịch theo loại giao dịch': 1, 'Tra cứu giao dịch chuyển tiền': 1}
2025-12-19 16:46:41 | DEBUG    | log:153 | [normalize_query] 'Tìm giao dịch thanh toán thẻ tín dụng...' -> 'Tìm giao dịch thanh toán thẻ tín dụng...'
2025-12-19 16:46:41 | DEBUG    | log:153 | [perform_hybrid_search] query_text: [Tìm giao dịch thanh toán thẻ tín dụng] - formatted_query: [Tìm giao dịch thanh toán thẻ tín dụng] - normalized_query: [Tìm giao dịch thanh toán thẻ tín dụng]
2025-12-19 16:46:41 | DEBUG    | log:153 | [perform_hybrid_search] BM25 raw scores: min=0.2061, max=41.3309
2025-12-19 16:46:41 | DEBUG    | log:153 | [get_keyword_boost] Query: 'Tìm giao dịch thanh toán thẻ t...' | Doc: Tra cứu giao dịch th | Boost: 0.25 | Matched: ['thanh toán']
2025-12-19 16:46:41 | DEBUG    | log:153 | [get_keyword_boost] Query: 'Tìm giao dịch thanh toán thẻ t...' | Doc: Tra cứu giao dịch th | Boost: 0.25 | Matched: ['thanh toán']
2025-12-19 16:46:41 | DEBUG    | log:153 | [get_keyword_boost] Query: 'Tìm giao dịch thanh toán thẻ t...' | Doc: Tra cứu giao dịch th | Boost: 0.25 | Matched: ['thẻ']
2025-12-19 16:46:41 | DEBUG    | log:153 | [classify_query_intent] Ambiguous: 'Tìm giao dịch thanh toán thẻ t...' | Scores: {'Tra cứu giao dịch theo loại giao dịch': 1, 'Tra cứu giao dịch thanh toán hóa đơn': 1, 'Tra cứu giao dịch thẻ': 1}
2025-12-19 16:46:41 | DEBUG    | log:153 | [normalize_query] 'Xem các giao dịch gửi tiết kiệm...' -> 'Xem các giao dịch gửi tiết kiệm...'
2025-12-19 16:46:41 | DEBUG    | log:153 | [perform_hybrid_search] query_text: [Xem các giao dịch gửi tiết kiệm] - formatted_query: [Xem các giao dịch gửi tiết kiệm] - normalized_query: [Xem các giao dịch gửi tiết kiệm]
2025-12-19 16:46:41 | DEBUG    | log:153 | [perform_hybrid_search] BM25 raw scores: min=0.1031, max=32.4973
2025-12-19 16:46:41 | DEBUG    | log:153 | [get_keyword_boost] Query: 'Xem các giao dịch gửi tiết kiệ...' | Doc: Tra cứu giao dịch th | Boost: 0.25 | Matched: ['gửi tiết kiệm']
2025-12-19 16:46:41 | DEBUG    | log:153 | [classify_query_intent] Classified: 'Xem các giao dịch gửi tiết kiệ...' -> Tra cứu giao dịch theo loại gi (score=1)
2025-12-19 16:46:41 | DEBUG    | log:153 | [normalize_query] 'Liệt kê giao dịch rút tiết kiệm...' -> 'Liệt kê giao dịch rút tiết kiệm...'
2025-12-19 16:46:41 | DEBUG    | log:153 | [perform_hybrid_search] query_text: [Liệt kê giao dịch rút tiết kiệm] - formatted_query: [Liệt kê giao dịch rút tiết kiệm] - normalized_query: [Liệt kê giao dịch rút tiết kiệm]
2025-12-19 16:46:41 | DEBUG    | log:153 | [perform_hybrid_search] BM25 raw scores: min=0.1031, max=46.9615
2025-12-19 16:46:41 | DEBUG    | log:153 | [get_keyword_boost] Query: 'Liệt kê giao dịch rút tiết kiệ...' | Doc: Tra cứu giao dịch th | Boost: 0.25 | Matched: ['rút tiết kiệm']
2025-12-19 16:46:41 | DEBUG    | log:153 | [classify_query_intent] Classified: 'Liệt kê giao dịch rút tiết kiệ...' -> Tra cứu giao dịch theo loại gi (score=1)
2025-12-19 16:46:41 | DEBUG    | log:153 | [normalize_query] 'Tra cứu các giao dịch vay vốn...' -> 'Tra cứu các giao dịch vay vốn...'
2025-12-19 16:46:41 | DEBUG    | log:153 | [perform_hybrid_search] query_text: [Tra cứu các giao dịch vay vốn] - formatted_query: [Tra cứu các giao dịch vay vốn] - normalized_query: [Tra cứu các giao dịch vay vốn]
2025-12-19 16:46:41 | DEBUG    | log:153 | [perform_hybrid_search] BM25 raw scores: min=0.6884, max=16.6862
2025-12-19 16:46:41 | DEBUG    | log:153 | [get_keyword_boost] Query: 'Tra cứu các giao dịch vay vốn...' | Doc: Tra cứu giao dịch th | Boost: 0.25 | Matched: ['vay vốn']
2025-12-19 16:46:41 | DEBUG    | log:153 | [classify_query_intent] Classified: 'Tra cứu các giao dịch vay vốn...' -> Tra cứu giao dịch theo loại gi (score=1)
2025-12-19 16:46:41 | DEBUG    | log:153 | [normalize_query] 'Tổng số tiền đã giao dịch trong tháng nà...' -> 'Tổng số tiền đã giao dịch trong tháng nà...'
2025-12-19 16:46:41 | DEBUG    | log:153 | [perform_hybrid_search] query_text: [Tổng số tiền đã giao dịch trong tháng này là bao nhiêu?] - formatted_query: [Tổng số tiền đã giao dịch trong tháng này là bao nhiêu] - normalized_query: [Tổng số tiền đã giao dịch trong tháng này là bao nhiêu]
2025-12-19 16:46:41 | DEBUG    | log:153 | [perform_hybrid_search] BM25 raw scores: min=0.3512, max=26.9267
2025-12-19 16:46:41 | DEBUG    | log:153 | [get_keyword_boost] Query: 'Tổng số tiền đã giao dịch tron...' | Doc: Tra cứu lịch sử giao | Boost: 0.25 | Matched: ['tháng']
2025-12-19 16:46:41 | DEBUG    | log:153 | [get_keyword_boost] Query: 'Tổng số tiền đã giao dịch tron...' | Doc: Tổng hợp số tiền gia | Boost: 0.25 | Matched: ['tổng']
2025-12-19 16:46:41 | DEBUG    | log:153 | [classify_query_intent] Ambiguous: 'Tổng số tiền đã giao dịch tron...' | Scores: {'Tra cứu lịch sử giao dịch theo khoảng thời gian': 1, 'Tổng hợp số tiền giao dịch': 1}
2025-12-19 16:46:41 | DEBUG    | log:153 | [normalize_query] 'Cho tôi biết tổng tiền chuyển đi trong t...' -> 'Cho tôi biết tổng tiền chuyển đi trong t...'
2025-12-19 16:46:41 | DEBUG    | log:153 | [perform_hybrid_search] query_text: [Cho tôi biết tổng tiền chuyển đi trong tuần qua] - formatted_query: [Cho tôi biết tổng tiền chuyển đi trong tuần qua] - normalized_query: [Cho tôi biết tổng tiền chuyển đi trong tuần qua]
2025-12-19 16:46:41 | DEBUG    | log:153 | [perform_hybrid_search] BM25 raw scores: min=0.1031, max=28.3090
2025-12-19 16:46:41 | DEBUG    | log:153 | [get_keyword_boost] Query: 'Cho tôi biết tổng tiền chuyển ...' | Doc: Tổng hợp số tiền gia | Boost: 0.25 | Matched: ['tổng']
2025-12-19 16:46:41 | DEBUG    | log:153 | [classify_query_intent] Classified: 'Cho tôi biết tổng tiền chuyển ...' -> Tổng hợp số tiền giao dịch (score=1)
2025-12-19 16:46:41 | DEBUG    | log:153 | [normalize_query] 'Tính tổng số tiền nhận được trong tháng ...' -> 'Tính tổng số tiền nhận được trong tháng ...'
2025-12-19 16:46:41 | DEBUG    | log:153 | [perform_hybrid_search] query_text: [Tính tổng số tiền nhận được trong tháng 12] - formatted_query: [Tính tổng số tiền nhận được trong tháng 12] - normalized_query: [Tính tổng số tiền nhận được trong tháng 12]
2025-12-19 16:46:41 | DEBUG    | log:153 | [perform_hybrid_search] BM25 raw scores: min=0.1342, max=28.7411
2025-12-19 16:46:41 | DEBUG    | log:153 | [get_keyword_boost] Query: 'Tính tổng số tiền nhận được tr...' | Doc: Tra cứu lịch sử giao | Boost: 0.25 | Matched: ['tháng']
2025-12-19 16:46:41 | DEBUG    | log:153 | [get_keyword_boost] Query: 'Tính tổng số tiền nhận được tr...' | Doc: Tổng hợp số tiền gia | Boost: 0.25 | Matched: ['tổng']
2025-12-19 16:46:41 | DEBUG    | log:153 | [get_keyword_boost] Query: 'Tính tổng số tiền nhận được tr...' | Doc: Tra cứu giao dịch nh | Boost: 0.25 | Matched: ['nhận']
2025-12-19 16:46:41 | DEBUG    | log:153 | [classify_query_intent] Ambiguous: 'Tính tổng số tiền nhận được tr...' | Scores: {'Tra cứu lịch sử giao dịch theo khoảng thời gian': 1, 'Tổng hợp số tiền giao dịch': 1, 'Tra cứu giao dịch nhận tiền': 1}
2025-12-19 16:46:41 | DEBUG    | log:153 | [normalize_query] 'Xem tổng giá trị giao dịch của tài khoản...' -> 'Xem tổng giá trị giao dịch của tài khoản...'
2025-12-19 16:46:41 | DEBUG    | log:153 | [perform_hybrid_search] query_text: [Xem tổng giá trị giao dịch của tài khoản] - formatted_query: [Xem tổng giá trị giao dịch của tài khoản] - normalized_query: [Xem tổng giá trị giao dịch của tài khoản]
2025-12-19 16:46:41 | DEBUG    | log:153 | [perform_hybrid_search] BM25 raw scores: min=0.6210, max=40.8357
2025-12-19 16:46:41 | DEBUG    | log:153 | [get_keyword_boost] Query: 'Xem tổng giá trị giao dịch của...' | Doc: Tra cứu lịch sử giao | Boost: 0.25 | Matched: ['tài khoản']
2025-12-19 16:46:41 | DEBUG    | log:153 | [get_keyword_boost] Query: 'Xem tổng giá trị giao dịch của...' | Doc: Tra cứu giao dịch th | Boost: 0.25 | Matched: ['giá trị']
2025-12-19 16:46:41 | DEBUG    | log:153 | [get_keyword_boost] Query: 'Xem tổng giá trị giao dịch của...' | Doc: Tổng hợp số tiền gia | Boost: 0.25 | Matched: ['tổng']
2025-12-19 16:46:41 | DEBUG    | log:153 | [classify_query_intent] Ambiguous: 'Xem tổng giá trị giao dịch của...' | Scores: {'Tra cứu lịch sử giao dịch theo số tài khoản': 1, 'Tra cứu giao dịch theo số tiền': 1, 'Tổng hợp số tiền giao dịch': 1}
2025-12-19 16:46:41 | DEBUG    | log:153 | [normalize_query] 'Tra cứu tổng tiền đã chi tiêu trong quý ...' -> 'Tra cứu tổng tiền đã chi tiêu trong quý ...'
2025-12-19 16:46:41 | DEBUG    | log:153 | [perform_hybrid_search] query_text: [Tra cứu tổng tiền đã chi tiêu trong quý này] - formatted_query: [Tra cứu tổng tiền đã chi tiêu trong quý này] - normalized_query: [Tra cứu tổng tiền đã chi tiêu trong quý này]
2025-12-19 16:46:41 | DEBUG    | log:153 | [perform_hybrid_search] BM25 raw scores: min=0.6202, max=27.8480
2025-12-19 16:46:41 | DEBUG    | log:153 | [get_keyword_boost] Query: 'Tra cứu tổng tiền đã chi tiêu ...' | Doc: Tra cứu lịch sử giao | Boost: 0.25 | Matched: ['quý']
2025-12-19 16:46:41 | DEBUG    | log:153 | [get_keyword_boost] Query: 'Tra cứu tổng tiền đã chi tiêu ...' | Doc: Tổng hợp số tiền gia | Boost: 0.25 | Matched: ['tổng']
2025-12-19 16:46:41 | DEBUG    | log:153 | [classify_query_intent] Ambiguous: 'Tra cứu tổng tiền đã chi tiêu ...' | Scores: {'Tra cứu lịch sử giao dịch theo khoảng thời gian': 1, 'Tổng hợp số tiền giao dịch': 1}
2025-12-19 16:46:41 | DEBUG    | log:153 | [normalize_query] 'Cho biết số tiền trung bình mỗi giao dịc...' -> 'Cho biết số tiền trung bình mỗi giao dịc...'
2025-12-19 16:46:41 | DEBUG    | log:153 | [perform_hybrid_search] query_text: [Cho biết số tiền trung bình mỗi giao dịch] - formatted_query: [Cho biết số tiền trung bình mỗi giao dịch] - normalized_query: [Cho biết số tiền trung bình mỗi giao dịch]
2025-12-19 16:46:41 | DEBUG    | log:153 | [perform_hybrid_search] BM25 raw scores: min=0.2349, max=33.0131
2025-12-19 16:46:41 | DEBUG    | log:153 | [get_keyword_boost] Query: 'Cho biết số tiền trung bình mỗ...' | Doc: Tổng hợp số tiền gia | Boost: 0.25 | Matched: ['trung bình']
2025-12-19 16:46:41 | DEBUG    | log:153 | [classify_query_intent] Classified: 'Cho biết số tiền trung bình mỗ...' -> Tổng hợp số tiền giao dịch (score=1)
2025-12-19 16:46:41 | DEBUG    | log:153 | [normalize_query] 'Tổng cộng bao nhiêu tiền đã giao dịch hô...' -> 'Tổng cộng bao nhiêu tiền đã giao dịch hô...'
2025-12-19 16:46:41 | DEBUG    | log:153 | [perform_hybrid_search] query_text: [Tổng cộng bao nhiêu tiền đã giao dịch hôm nay?] - formatted_query: [Tổng cộng bao nhiêu tiền đã giao dịch hôm nay] - normalized_query: [Tổng cộng bao nhiêu tiền đã giao dịch hôm nay]
2025-12-19 16:46:41 | DEBUG    | log:153 | [perform_hybrid_search] BM25 raw scores: min=0.2349, max=35.4354
2025-12-19 16:46:41 | DEBUG    | log:153 | [get_keyword_boost] Query: 'Tổng cộng bao nhiêu tiền đã gi...' | Doc: Tra cứu lịch sử giao | Boost: 0.25 | Matched: ['nay']
2025-12-19 16:46:41 | DEBUG    | log:153 | [get_keyword_boost] Query: 'Tổng cộng bao nhiêu tiền đã gi...' | Doc: Tổng hợp số tiền gia | Boost: 0.25 | Matched: ['tổng']
2025-12-19 16:46:41 | DEBUG    | log:153 | [classify_query_intent] Ambiguous: 'Tổng cộng bao nhiêu tiền đã gi...' | Scores: {'Tra cứu lịch sử giao dịch theo khoảng thời gian': 1, 'Tổng hợp số tiền giao dịch': 1}
2025-12-19 16:46:41 | DEBUG    | log:153 | [normalize_query] 'Xem tổng số tiền chuyển khoản trong năm ...' -> 'Xem tổng số tiền chuyển khoản trong năm ...'
2025-12-19 16:46:41 | DEBUG    | log:153 | [perform_hybrid_search] query_text: [Xem tổng số tiền chuyển khoản trong năm 2024] - formatted_query: [Xem tổng số tiền chuyển khoản trong năm 2024] - normalized_query: [Xem tổng số tiền chuyển khoản trong năm 2024]
2025-12-19 16:46:41 | DEBUG    | log:153 | [perform_hybrid_search] BM25 raw scores: min=0.4191, max=34.4999
2025-12-19 16:46:41 | DEBUG    | log:153 | [get_keyword_boost] Query: 'Xem tổng số tiền chuyển khoản ...' | Doc: Tra cứu lịch sử giao | Boost: 0.25 | Matched: ['năm']
2025-12-19 16:46:41 | DEBUG    | log:153 | [get_keyword_boost] Query: 'Xem tổng số tiền chuyển khoản ...' | Doc: Tổng hợp số tiền gia | Boost: 0.25 | Matched: ['tổng']
2025-12-19 16:46:41 | DEBUG    | log:153 | [get_keyword_boost] Query: 'Xem tổng số tiền chuyển khoản ...' | Doc: Tra cứu giao dịch ch | Boost: 0.25 | Matched: ['chuyển khoản']
2025-12-19 16:46:41 | DEBUG    | log:153 | [classify_query_intent] Ambiguous: 'Xem tổng số tiền chuyển khoản ...' | Scores: {'Tra cứu lịch sử giao dịch theo khoảng thời gian': 1, 'Tổng hợp số tiền giao dịch': 1, 'Tra cứu giao dịch chuyển tiền': 1}
2025-12-19 16:46:41 | DEBUG    | log:153 | [normalize_query] 'Tính toán tổng giá trị các giao dịch thà...' -> 'Tính toán tổng giá trị các giao dịch thà...'
2025-12-19 16:46:41 | DEBUG    | log:153 | [perform_hybrid_search] query_text: [Tính toán tổng giá trị các giao dịch thành công] - formatted_query: [Tính toán tổng giá trị các giao dịch thành công] - normalized_query: [Tính toán tổng giá trị các giao dịch thành công]
2025-12-19 16:46:41 | DEBUG    | log:153 | [perform_hybrid_search] BM25 raw scores: min=0.1374, max=44.7477
2025-12-19 16:46:41 | DEBUG    | log:153 | [get_keyword_boost] Query: 'Tính toán tổng giá trị các gia...' | Doc: Tra cứu giao dịch th | Boost: 0.25 | Matched: ['giá trị']
2025-12-19 16:46:41 | DEBUG    | log:153 | [get_keyword_boost] Query: 'Tính toán tổng giá trị các gia...' | Doc: Tra cứu giao dịch th | Boost: 0.25 | Matched: ['thành công']
2025-12-19 16:46:41 | DEBUG    | log:153 | [get_keyword_boost] Query: 'Tính toán tổng giá trị các gia...' | Doc: Tổng hợp số tiền gia | Boost: 0.25 | Matched: ['tổng']
2025-12-19 16:46:41 | DEBUG    | log:153 | [classify_query_intent] Ambiguous: 'Tính toán tổng giá trị các gia...' | Scores: {'Tra cứu giao dịch theo số tiền': 1, 'Tra cứu giao dịch theo trạng thái': 1, 'Tổng hợp số tiền giao dịch': 1}
2025-12-19 16:46:41 | DEBUG    | log:153 | [normalize_query] 'Tổng số tiền giao dịch từ đầu tháng đến ...' -> 'Tổng số tiền giao dịch từ đầu tháng đến ...'
2025-12-19 16:46:41 | DEBUG    | log:153 | [perform_hybrid_search] query_text: [Tổng số tiền giao dịch từ đầu tháng đến nay] - formatted_query: [Tổng số tiền giao dịch từ đầu tháng đến nay] - normalized_query: [Tổng số tiền giao dịch từ đầu tháng đến nay]
2025-12-19 16:46:41 | DEBUG    | log:153 | [perform_hybrid_search] BM25 raw scores: min=0.3356, max=35.6876
2025-12-19 16:46:41 | DEBUG    | log:153 | [get_keyword_boost] Query: 'Tổng số tiền giao dịch từ đầu ...' | Doc: Tra cứu lịch sử giao | Boost: 0.50 | Matched: ['tháng', 'nay']
2025-12-19 16:46:41 | DEBUG    | log:153 | [get_keyword_boost] Query: 'Tổng số tiền giao dịch từ đầu ...' | Doc: Tổng hợp số tiền gia | Boost: 0.25 | Matched: ['tổng']
2025-12-19 16:46:41 | DEBUG    | log:153 | [classify_query_intent] Classified: 'Tổng số tiền giao dịch từ đầu ...' -> Tra cứu lịch sử giao dịch theo (score=2)
2025-12-19 16:46:41 | DEBUG    | log:153 | [normalize_query] 'Xem tổng tiền đã nạp vào tài khoản...' -> 'Xem tổng tiền đã nạp vào tài khoản...'
2025-12-19 16:46:41 | DEBUG    | log:153 | [perform_hybrid_search] query_text: [Xem tổng tiền đã nạp vào tài khoản] - formatted_query: [Xem tổng tiền đã nạp vào tài khoản] - normalized_query: [Xem tổng tiền đã nạp vào tài khoản]
2025-12-19 16:46:41 | DEBUG    | log:153 | [perform_hybrid_search] BM25 raw scores: min=0.5539, max=24.4954
2025-12-19 16:46:41 | DEBUG    | log:153 | [get_keyword_boost] Query: 'Xem tổng tiền đã nạp vào tài k...' | Doc: Tra cứu lịch sử giao | Boost: 0.25 | Matched: ['tài khoản']
2025-12-19 16:46:41 | DEBUG    | log:153 | [get_keyword_boost] Query: 'Xem tổng tiền đã nạp vào tài k...' | Doc: Tổng hợp số tiền gia | Boost: 0.25 | Matched: ['tổng']
2025-12-19 16:46:41 | DEBUG    | log:153 | [get_keyword_boost] Query: 'Xem tổng tiền đã nạp vào tài k...' | Doc: Tra cứu giao dịch nh | Boost: 0.25 | Matched: ['vào tài khoản']
2025-12-19 16:46:41 | DEBUG    | log:153 | [classify_query_intent] Ambiguous: 'Xem tổng tiền đã nạp vào tài k...' | Scores: {'Tra cứu lịch sử giao dịch theo số tài khoản': 1, 'Tổng hợp số tiền giao dịch': 1, 'Tra cứu giao dịch nhận tiền': 1}
2025-12-19 16:46:41 | DEBUG    | log:153 | [normalize_query] 'Tra cứu tổng số tiền đã rút ra trong thá...' -> 'Tra cứu tổng số tiền đã rút ra trong thá...'
2025-12-19 16:46:41 | DEBUG    | log:153 | [perform_hybrid_search] query_text: [Tra cứu tổng số tiền đã rút ra trong tháng] - formatted_query: [Tra cứu tổng số tiền đã rút ra trong tháng] - normalized_query: [Tra cứu tổng số tiền đã rút ra trong tháng]
2025-12-19 16:46:41 | DEBUG    | log:153 | [perform_hybrid_search] BM25 raw scores: min=0.7066, max=26.4757
2025-12-19 16:46:41 | DEBUG    | log:153 | [get_keyword_boost] Query: 'Tra cứu tổng số tiền đã rút ra...' | Doc: Tra cứu lịch sử giao | Boost: 0.25 | Matched: ['tháng']
2025-12-19 16:46:41 | DEBUG    | log:153 | [get_keyword_boost] Query: 'Tra cứu tổng số tiền đã rút ra...' | Doc: Tổng hợp số tiền gia | Boost: 0.25 | Matched: ['tổng']
2025-12-19 16:46:41 | DEBUG    | log:153 | [classify_query_intent] Ambiguous: 'Tra cứu tổng số tiền đã rút ra...' | Scores: {'Tra cứu lịch sử giao dịch theo khoảng thời gian': 1, 'Tổng hợp số tiền giao dịch': 1}
2025-12-19 16:46:41 | DEBUG    | log:153 | [normalize_query] 'Cho biết giao dịch lớn nhất là bao nhiêu...' -> 'Cho biết giao dịch lớn nhất là bao nhiêu...'
2025-12-19 16:46:41 | DEBUG    | log:153 | [perform_hybrid_search] query_text: [Cho biết giao dịch lớn nhất là bao nhiêu tiền] - formatted_query: [Cho biết giao dịch lớn nhất là bao nhiêu tiền] - normalized_query: [Cho biết giao dịch lớn nhất là bao nhiêu tiền]
2025-12-19 16:46:41 | DEBUG    | log:153 | [perform_hybrid_search] BM25 raw scores: min=0.1678, max=35.4908
2025-12-19 16:46:41 | DEBUG    | log:153 | [get_keyword_boost] Query: 'Cho biết giao dịch lớn nhất là...' | Doc: Tổng hợp số tiền gia | Boost: 0.25 | Matched: ['lớn nhất']
2025-12-19 16:46:41 | DEBUG    | log:153 | [classify_query_intent] Classified: 'Cho biết giao dịch lớn nhất là...' -> Tổng hợp số tiền giao dịch (score=1)
2025-12-19 16:46:41 | DEBUG    | log:153 | [normalize_query] 'Tổng số lần giao dịch trong 30 ngày qua ...' -> 'Tổng số lần giao dịch trong 30 ngày qua ...'
2025-12-19 16:46:41 | DEBUG    | log:153 | [perform_hybrid_search] query_text: [Tổng số lần giao dịch trong 30 ngày qua là bao nhiêu?] - formatted_query: [Tổng số lần giao dịch trong 30 ngày qua là bao nhiêu] - normalized_query: [Tổng số lần giao dịch trong 30 ngày qua là bao nhiêu]
2025-12-19 16:46:41 | DEBUG    | log:153 | [perform_hybrid_search] BM25 raw scores: min=0.2014, max=40.4586
2025-12-19 16:46:41 | DEBUG    | log:153 | [get_keyword_boost] Query: 'Tổng số lần giao dịch trong 30...' | Doc: Tra cứu lịch sử giao | Boost: 0.25 | Matched: ['ngày']
2025-12-19 16:46:41 | DEBUG    | log:153 | [get_keyword_boost] Query: 'Tổng số lần giao dịch trong 30...' | Doc: Tổng hợp số tiền gia | Boost: 0.25 | Matched: ['tổng']
2025-12-19 16:46:41 | DEBUG    | log:153 | [classify_query_intent] Ambiguous: 'Tổng số lần giao dịch trong 30...' | Scores: {'Tra cứu lịch sử giao dịch theo khoảng thời gian': 1, 'Tổng hợp số tiền giao dịch': 1}
2025-12-19 16:46:41 | DEBUG    | log:153 | [normalize_query] 'Xem tổng chi tiêu qua thẻ trong tháng nà...' -> 'Xem tổng chi tiêu qua thẻ trong tháng nà...'
2025-12-19 16:46:41 | DEBUG    | log:153 | [perform_hybrid_search] query_text: [Xem tổng chi tiêu qua thẻ trong tháng này] - formatted_query: [Xem tổng chi tiêu qua thẻ trong tháng này] - normalized_query: [Xem tổng chi tiêu qua thẻ trong tháng này]
2025-12-19 16:46:41 | DEBUG    | log:153 | [perform_hybrid_search] BM25 raw scores: min=0.0000, max=33.6071
2025-12-19 16:46:41 | DEBUG    | log:153 | [get_keyword_boost] Query: 'Xem tổng chi tiêu qua thẻ tron...' | Doc: Tra cứu lịch sử giao | Boost: 0.25 | Matched: ['tháng']
2025-12-19 16:46:41 | DEBUG    | log:153 | [get_keyword_boost] Query: 'Xem tổng chi tiêu qua thẻ tron...' | Doc: Tổng hợp số tiền gia | Boost: 0.25 | Matched: ['tổng']
2025-12-19 16:46:41 | DEBUG    | log:153 | [get_keyword_boost] Query: 'Xem tổng chi tiêu qua thẻ tron...' | Doc: Tra cứu giao dịch th | Boost: 0.25 | Matched: ['thẻ']
2025-12-19 16:46:41 | DEBUG    | log:153 | [classify_query_intent] Ambiguous: 'Xem tổng chi tiêu qua thẻ tron...' | Scores: {'Tra cứu lịch sử giao dịch theo khoảng thời gian': 1, 'Tổng hợp số tiền giao dịch': 1, 'Tra cứu giao dịch thẻ': 1}
2025-12-19 16:46:41 | DEBUG    | log:153 | [normalize_query] 'Tính tổng tiền đã chuyển cho người khác...' -> 'Tính tổng tiền đã chuyển cho người khác...'
2025-12-19 16:46:41 | DEBUG    | log:153 | [perform_hybrid_search] query_text: [Tính tổng tiền đã chuyển cho người khác] - formatted_query: [Tính tổng tiền đã chuyển cho người khác] - normalized_query: [Tính tổng tiền đã chuyển cho người khác]
2025-12-19 16:46:41 | DEBUG    | log:153 | [perform_hybrid_search] BM25 raw scores: min=0.0714, max=24.8394
2025-12-19 16:46:41 | DEBUG    | log:153 | [get_keyword_boost] Query: 'Tính tổng tiền đã chuyển cho n...' | Doc: Tổng hợp số tiền gia | Boost: 0.25 | Matched: ['tổng']
2025-12-19 16:46:41 | DEBUG    | log:153 | [classify_query_intent] Classified: 'Tính tổng tiền đã chuyển cho n...' -> Tổng hợp số tiền giao dịch (score=1)
2025-12-19 16:46:41 | DEBUG    | log:153 | [normalize_query] 'Cho biết trung bình mỗi ngày giao dịch b...' -> 'Cho biết trung bình mỗi ngày giao dịch b...'
2025-12-19 16:46:41 | DEBUG    | log:153 | [perform_hybrid_search] query_text: [Cho biết trung bình mỗi ngày giao dịch bao nhiêu tiền] - formatted_query: [Cho biết trung bình mỗi ngày giao dịch bao nhiêu tiền] - normalized_query: [Cho biết trung bình mỗi ngày giao dịch bao nhiêu tiền]
2025-12-19 16:46:41 | DEBUG    | log:153 | [perform_hybrid_search] BM25 raw scores: min=0.1678, max=47.9754
2025-12-19 16:46:41 | DEBUG    | log:153 | [get_keyword_boost] Query: 'Cho biết trung bình mỗi ngày g...' | Doc: Tra cứu lịch sử giao | Boost: 0.25 | Matched: ['ngày']
2025-12-19 16:46:41 | DEBUG    | log:153 | [get_keyword_boost] Query: 'Cho biết trung bình mỗi ngày g...' | Doc: Tổng hợp số tiền gia | Boost: 0.25 | Matched: ['trung bình']
2025-12-19 16:46:41 | DEBUG    | log:153 | [classify_query_intent] Ambiguous: 'Cho biết trung bình mỗi ngày g...' | Scores: {'Tra cứu lịch sử giao dịch theo khoảng thời gian': 1, 'Tổng hợp số tiền giao dịch': 1}
2025-12-19 16:46:41 | DEBUG    | log:153 | [normalize_query] 'Tổng hợp các giao dịch theo tháng trong ...' -> 'Tổng hợp các giao dịch theo tháng trong ...'
2025-12-19 16:46:41 | DEBUG    | log:153 | [perform_hybrid_search] query_text: [Tổng hợp các giao dịch theo tháng trong năm] - formatted_query: [Tổng hợp các giao dịch theo tháng trong năm] - normalized_query: [Tổng hợp các giao dịch theo tháng trong năm]
2025-12-19 16:46:41 | DEBUG    | log:153 | [perform_hybrid_search] BM25 raw scores: min=0.1342, max=30.2637
2025-12-19 16:46:41 | DEBUG    | log:153 | [get_keyword_boost] Query: 'Tổng hợp các giao dịch theo th...' | Doc: Tra cứu lịch sử giao | Boost: 0.50 | Matched: ['tháng', 'năm']
2025-12-19 16:46:41 | DEBUG    | log:153 | [get_keyword_boost] Query: 'Tổng hợp các giao dịch theo th...' | Doc: Tổng hợp số tiền gia | Boost: 0.25 | Matched: ['tổng']
2025-12-19 16:46:41 | DEBUG    | log:153 | [get_keyword_boost] Query: 'Tổng hợp các giao dịch theo th...' | Doc: Thống kê giao dịch t | Boost: 0.25 | Matched: ['tổng hợp']
2025-12-19 16:46:41 | DEBUG    | log:153 | [classify_query_intent] Classified: 'Tổng hợp các giao dịch theo th...' -> Tra cứu lịch sử giao dịch theo (score=2)
2025-12-19 16:46:41 | DEBUG    | log:153 | [normalize_query] 'Trung bình số tiền trong mỗi giao dịch c...' -> 'Trung bình số tiền trong mỗi giao dịch c...'
2025-12-19 16:46:41 | DEBUG    | log:153 | [perform_hybrid_search] query_text: [Trung bình số tiền trong mỗi giao dịch của tôi] - formatted_query: [Trung bình số tiền trong mỗi giao dịch của tôi] - normalized_query: [Trung bình số tiền trong mỗi giao dịch của tôi]
2025-12-19 16:46:41 | DEBUG    | log:153 | [perform_hybrid_search] BM25 raw scores: min=0.2349, max=26.6615
2025-12-19 16:46:41 | DEBUG    | log:153 | [get_keyword_boost] Query: 'Trung bình số tiền trong mỗi g...' | Doc: Tổng hợp số tiền gia | Boost: 0.25 | Matched: ['trung bình']
2025-12-19 16:46:41 | DEBUG    | log:153 | [classify_query_intent] Classified: 'Trung bình số tiền trong mỗi g...' -> Tổng hợp số tiền giao dịch (score=1)
2025-12-19 16:46:41 | DEBUG    | log:153 | [normalize_query] 'Số tiền bé nhất mà tôi đã từng chuyển...' -> 'Số tiền bé nhất mà tôi đã từng chuyển...'
2025-12-19 16:46:41 | DEBUG    | log:153 | [perform_hybrid_search] query_text: [Số tiền bé nhất mà tôi đã từng chuyển] - formatted_query: [Số tiền bé nhất mà tôi đã từng chuyển] - normalized_query: [Số tiền bé nhất mà tôi đã từng chuyển]
2025-12-19 16:46:41 | DEBUG    | log:153 | [perform_hybrid_search] BM25 raw scores: min=0.1459, max=22.0581
2025-12-19 16:46:41 | DEBUG    | log:153 | [get_keyword_boost] Query: 'Số tiền bé nhất mà tôi đã từng...' | Doc: Tổng hợp số tiền gia | Boost: 0.25 | Matched: ['bé nhất']
2025-12-19 16:46:41 | DEBUG    | log:153 | [classify_query_intent] Classified: 'Số tiền bé nhất mà tôi đã từng...' -> Tổng hợp số tiền giao dịch (score=1)
2025-12-19 16:46:41 | DEBUG    | log:153 | [normalize_query] 'Tìm cho tôi giao dịch có giá trị lớn nhấ...' -> 'Tìm cho tôi giao dịch có giá trị lớn nhấ...'
2025-12-19 16:46:41 | DEBUG    | log:153 | [perform_hybrid_search] query_text: [Tìm cho tôi giao dịch có giá trị lớn nhất] - formatted_query: [Tìm cho tôi giao dịch có giá trị lớn nhất] - normalized_query: [Tìm cho tôi giao dịch có giá trị lớn nhất]
2025-12-19 16:46:41 | DEBUG    | log:153 | [perform_hybrid_search] BM25 raw scores: min=0.1007, max=64.8984
2025-12-19 16:46:41 | DEBUG    | log:153 | [get_keyword_boost] Query: 'Tìm cho tôi giao dịch có giá t...' | Doc: Tra cứu giao dịch th | Boost: 0.25 | Matched: ['giá trị']
2025-12-19 16:46:41 | DEBUG    | log:153 | [get_keyword_boost] Query: 'Tìm cho tôi giao dịch có giá t...' | Doc: Tổng hợp số tiền gia | Boost: 0.25 | Matched: ['lớn nhất']
2025-12-19 16:46:41 | DEBUG    | log:153 | [classify_query_intent] Ambiguous: 'Tìm cho tôi giao dịch có giá t...' | Scores: {'Tra cứu giao dịch theo số tiền': 1, 'Tổng hợp số tiền giao dịch': 1}
2025-12-19 16:46:41 | DEBUG    | log:153 | [normalize_query] 'Xem các giao dịch chuyển tiền đã thực hi...' -> 'Xem các giao dịch chuyển tiền đã thực hi...'
2025-12-19 16:46:41 | DEBUG    | log:153 | [perform_hybrid_search] query_text: [Xem các giao dịch chuyển tiền đã thực hiện] - formatted_query: [Xem các giao dịch chuyển tiền đã thực hiện] - normalized_query: [Xem các giao dịch chuyển tiền đã thực hiện]
2025-12-19 16:46:41 | DEBUG    | log:153 | [perform_hybrid_search] BM25 raw scores: min=0.2748, max=21.0686
2025-12-19 16:46:41 | DEBUG    | log:153 | [get_keyword_boost] Query: 'Xem các giao dịch chuyển tiền ...' | Doc: Tra cứu giao dịch th | Boost: 0.25 | Matched: ['chuyển tiền']
2025-12-19 16:46:41 | DEBUG    | log:153 | [get_keyword_boost] Query: 'Xem các giao dịch chuyển tiền ...' | Doc: Tra cứu giao dịch ch | Boost: 0.25 | Matched: ['chuyển tiền']
2025-12-19 16:46:41 | DEBUG    | log:153 | [classify_query_intent] Ambiguous: 'Xem các giao dịch chuyển tiền ...' | Scores: {'Tra cứu giao dịch theo loại giao dịch': 1, 'Tra cứu giao dịch chuyển tiền': 1}
2025-12-19 16:46:41 | DEBUG    | log:153 | [normalize_query] 'Cho tôi danh sách các lần chuyển khoản...' -> 'Cho tôi danh sách các lần chuyển khoản...'
2025-12-19 16:46:41 | DEBUG    | log:153 | [perform_hybrid_search] query_text: [Cho tôi danh sách các lần chuyển khoản] - formatted_query: [Cho tôi danh sách các lần chuyển khoản] - normalized_query: [Cho tôi danh sách các lần chuyển khoản]
2025-12-19 16:46:42 | DEBUG    | log:153 | [perform_hybrid_search] BM25 raw scores: min=0.0366, max=15.5823
2025-12-19 16:46:42 | DEBUG    | log:153 | [get_keyword_boost] Query: 'Cho tôi danh sách các lần chuy...' | Doc: Tra cứu giao dịch ch | Boost: 0.25 | Matched: ['chuyển khoản']
2025-12-19 16:46:42 | DEBUG    | log:153 | [classify_query_intent] Classified: 'Cho tôi danh sách các lần chuy...' -> Tra cứu giao dịch chuyển tiền (score=1)
2025-12-19 16:46:42 | DEBUG    | log:153 | [normalize_query] 'Tìm các giao dịch chuyển tiền từ tài kho...' -> 'Tìm các giao dịch chuyển tiền từ tài kho...'
2025-12-19 16:46:42 | DEBUG    | log:153 | [perform_hybrid_search] query_text: [Tìm các giao dịch chuyển tiền từ tài khoản của tôi] - formatted_query: [Tìm các giao dịch chuyển tiền từ tài khoản của tôi] - normalized_query: [Tìm các giao dịch chuyển tiền từ tài khoản của tôi]
2025-12-19 16:46:42 | DEBUG    | log:153 | [perform_hybrid_search] BM25 raw scores: min=0.7730, max=24.6358
2025-12-19 16:46:42 | DEBUG    | log:153 | [get_keyword_boost] Query: 'Tìm các giao dịch chuyển tiền ...' | Doc: Tra cứu lịch sử giao | Boost: 0.25 | Matched: ['tài khoản']
2025-12-19 16:46:42 | DEBUG    | log:153 | [get_keyword_boost] Query: 'Tìm các giao dịch chuyển tiền ...' | Doc: Tra cứu giao dịch th | Boost: 0.25 | Matched: ['chuyển tiền']
2025-12-19 16:46:42 | DEBUG    | log:153 | [get_keyword_boost] Query: 'Tìm các giao dịch chuyển tiền ...' | Doc: Tra cứu giao dịch ch | Boost: 0.25 | Matched: ['chuyển tiền']
2025-12-19 16:46:42 | DEBUG    | log:153 | [classify_query_intent] Ambiguous: 'Tìm các giao dịch chuyển tiền ...' | Scores: {'Tra cứu lịch sử giao dịch theo số tài khoản': 1, 'Tra cứu giao dịch theo loại giao dịch': 1, 'Tra cứu giao dịch chuyển tiền': 1}
2025-12-19 16:46:42 | DEBUG    | log:153 | [normalize_query] 'Liệt kê giao dịch chuyển tiền nội bộ...' -> 'Liệt kê giao dịch chuyển tiền nội bộ...'
2025-12-19 16:46:42 | DEBUG    | log:153 | [perform_hybrid_search] query_text: [Liệt kê giao dịch chuyển tiền nội bộ] - formatted_query: [Liệt kê giao dịch chuyển tiền nội bộ] - normalized_query: [Liệt kê giao dịch chuyển tiền nội bộ]
2025-12-19 16:46:42 | DEBUG    | log:153 | [perform_hybrid_search] BM25 raw scores: min=0.2405, max=49.3842
2025-12-19 16:46:42 | DEBUG    | log:153 | [get_keyword_boost] Query: 'Liệt kê giao dịch chuyển tiền ...' | Doc: Tra cứu giao dịch th | Boost: 0.50 | Matched: ['chuyển tiền', 'nội bộ']
2025-12-19 16:46:42 | DEBUG    | log:153 | [get_keyword_boost] Query: 'Liệt kê giao dịch chuyển tiền ...' | Doc: Tra cứu giao dịch ch | Boost: 0.25 | Matched: ['chuyển tiền']
2025-12-19 16:46:42 | DEBUG    | log:153 | [classify_query_intent] Classified: 'Liệt kê giao dịch chuyển tiền ...' -> Tra cứu giao dịch theo loại gi (score=2)
2025-12-19 16:46:42 | DEBUG    | log:153 | [normalize_query] 'Tra cứu lịch sử chuyển khoản liên ngân h...' -> 'Tra cứu lịch sử chuyển khoản liên ngân h...'
2025-12-19 16:46:42 | DEBUG    | log:153 | [perform_hybrid_search] query_text: [Tra cứu lịch sử chuyển khoản liên ngân hàng của tôi] - formatted_query: [Tra cứu lịch sử chuyển khoản liên ngân hàng của tôi] - normalized_query: [Tra cứu lịch sử chuyển khoản liên ngân hàng của tôi]
2025-12-19 16:46:42 | DEBUG    | log:153 | [perform_hybrid_search] BM25 raw scores: min=0.9300, max=14.4639
2025-12-19 16:46:42 | DEBUG    | log:153 | [get_keyword_boost] Query: 'Tra cứu lịch sử chuyển khoản l...' | Doc: Tra cứu giao dịch th | Boost: 0.25 | Matched: ['liên ngân hàng']
2025-12-19 16:46:42 | DEBUG    | log:153 | [get_keyword_boost] Query: 'Tra cứu lịch sử chuyển khoản l...' | Doc: Tra cứu giao dịch ch | Boost: 0.25 | Matched: ['chuyển khoản']
2025-12-19 16:46:42 | DEBUG    | log:153 | [classify_query_intent] Ambiguous: 'Tra cứu lịch sử chuyển khoản l...' | Scores: {'Tra cứu giao dịch theo loại giao dịch': 1, 'Tra cứu giao dịch chuyển tiền': 1}
2025-12-19 16:46:42 | DEBUG    | log:153 | [normalize_query] 'Cho biết tôi đã chuyển tiền cho ai trong...' -> 'Cho biết tôi đã chuyển tiền cho ai trong...'
2025-12-19 16:46:42 | DEBUG    | log:153 | [perform_hybrid_search] query_text: [Cho biết tôi đã chuyển tiền cho ai trong tháng này] - formatted_query: [Cho biết tôi đã chuyển tiền cho ai trong tháng này] - normalized_query: [Cho biết tôi đã chuyển tiền cho ai trong tháng này]
2025-12-19 16:46:42 | DEBUG    | log:153 | [perform_hybrid_search] BM25 raw scores: min=0.1342, max=6.2691
2025-12-19 16:46:42 | DEBUG    | log:153 | [get_keyword_boost] Query: 'Cho biết tôi đã chuyển tiền ch...' | Doc: Tra cứu lịch sử giao | Boost: 0.25 | Matched: ['tháng']
2025-12-19 16:46:42 | DEBUG    | log:153 | [get_keyword_boost] Query: 'Cho biết tôi đã chuyển tiền ch...' | Doc: Tra cứu giao dịch th | Boost: 0.25 | Matched: ['chuyển tiền']
2025-12-19 16:46:42 | DEBUG    | log:153 | [get_keyword_boost] Query: 'Cho biết tôi đã chuyển tiền ch...' | Doc: Tra cứu giao dịch ch | Boost: 0.25 | Matched: ['chuyển tiền']
2025-12-19 16:46:42 | DEBUG    | log:153 | [classify_query_intent] Ambiguous: 'Cho biết tôi đã chuyển tiền ch...' | Scores: {'Tra cứu lịch sử giao dịch theo khoảng thời gian': 1, 'Tra cứu giao dịch theo loại giao dịch': 1, 'Tra cứu giao dịch chuyển tiền': 1}
2025-12-19 16:46:42 | DEBUG    | log:153 | [normalize_query] 'Xem các giao dịch chuyển tiền trong tuần...' -> 'Xem các giao dịch chuyển tiền trong tuần...'
2025-12-19 16:46:42 | DEBUG    | log:153 | [perform_hybrid_search] query_text: [Xem các giao dịch chuyển tiền trong tuần qua] - formatted_query: [Xem các giao dịch chuyển tiền trong tuần qua] - normalized_query: [Xem các giao dịch chuyển tiền trong tuần qua]
2025-12-19 16:46:42 | DEBUG    | log:153 | [perform_hybrid_search] BM25 raw scores: min=0.2405, max=21.0498
2025-12-19 16:46:42 | DEBUG    | log:153 | [get_keyword_boost] Query: 'Xem các giao dịch chuyển tiền ...' | Doc: Tra cứu giao dịch th | Boost: 0.25 | Matched: ['chuyển tiền']
2025-12-19 16:46:42 | DEBUG    | log:153 | [get_keyword_boost] Query: 'Xem các giao dịch chuyển tiền ...' | Doc: Tra cứu giao dịch ch | Boost: 0.25 | Matched: ['chuyển tiền']
2025-12-19 16:46:42 | DEBUG    | log:153 | [classify_query_intent] Ambiguous: 'Xem các giao dịch chuyển tiền ...' | Scores: {'Tra cứu giao dịch theo loại giao dịch': 1, 'Tra cứu giao dịch chuyển tiền': 1}
2025-12-19 16:46:42 | DEBUG    | log:153 | [normalize_query] 'Tìm giao dịch chuyển tiền cho số tài kho...' -> 'Tìm giao dịch chuyển tiền cho số tài kho...'
2025-12-19 16:46:42 | DEBUG    | log:153 | [perform_hybrid_search] query_text: [Tìm giao dịch chuyển tiền cho số tài khoản 0123456789] - formatted_query: [Tìm giao dịch chuyển tiền cho số tài khoản 0123456789] - normalized_query: [Tìm giao dịch chuyển tiền cho số tài khoản 0123456789]
2025-12-19 16:46:42 | DEBUG    | log:153 | [perform_hybrid_search] BM25 raw scores: min=0.8417, max=26.4037
2025-12-19 16:46:42 | DEBUG    | log:153 | [get_keyword_boost] Query: 'Tìm giao dịch chuyển tiền cho ...' | Doc: Tra cứu lịch sử giao | Boost: 0.25 | Matched: ['tài khoản']
2025-12-19 16:46:42 | DEBUG    | log:153 | [get_keyword_boost] Query: 'Tìm giao dịch chuyển tiền cho ...' | Doc: Tra cứu giao dịch th | Boost: 0.25 | Matched: ['chuyển tiền']
2025-12-19 16:46:42 | DEBUG    | log:153 | [get_keyword_boost] Query: 'Tìm giao dịch chuyển tiền cho ...' | Doc: Tra cứu giao dịch ch | Boost: 0.25 | Matched: ['chuyển tiền']
2025-12-19 16:46:42 | DEBUG    | log:153 | [classify_query_intent] Ambiguous: 'Tìm giao dịch chuyển tiền cho ...' | Scores: {'Tra cứu lịch sử giao dịch theo số tài khoản': 1, 'Tra cứu giao dịch theo loại giao dịch': 1, 'Tra cứu giao dịch chuyển tiền': 1}
2025-12-19 16:46:42 | DEBUG    | log:153 | [normalize_query] 'Cho xem những ai đã nhận tiền từ tài kho...' -> 'Cho xem những ai đã nhận tiền từ tài kho...'
2025-12-19 16:46:42 | DEBUG    | log:153 | [perform_hybrid_search] query_text: [Cho xem những ai đã nhận tiền từ tài khoản của tôi] - formatted_query: [Cho xem những ai đã nhận tiền từ tài khoản của tôi] - normalized_query: [Cho xem những ai đã nhận tiền từ tài khoản của tôi]
2025-12-19 16:46:42 | DEBUG    | log:153 | [perform_hybrid_search] BM25 raw scores: min=0.5539, max=11.3282
2025-12-19 16:46:42 | DEBUG    | log:153 | [get_keyword_boost] Query: 'Cho xem những ai đã nhận tiền ...' | Doc: Tra cứu lịch sử giao | Boost: 0.25 | Matched: ['tài khoản']
2025-12-19 16:46:42 | DEBUG    | log:153 | [get_keyword_boost] Query: 'Cho xem những ai đã nhận tiền ...' | Doc: Tra cứu giao dịch nh | Boost: 0.50 | Matched: ['nhận tiền', 'nhận']
2025-12-19 16:46:42 | DEBUG    | log:153 | [classify_query_intent] Classified: 'Cho xem những ai đã nhận tiền ...' -> Tra cứu giao dịch nhận tiền (score=2)
2025-12-19 16:46:42 | DEBUG    | log:153 | [normalize_query] 'Xem danh sách người nhận tiền thường xuy...' -> 'Xem danh sách người nhận tiền thường xuy...'
2025-12-19 16:46:42 | DEBUG    | log:153 | [perform_hybrid_search] query_text: [Xem danh sách người nhận tiền thường xuyên] - formatted_query: [Xem danh sách người nhận tiền thường xuyên] - normalized_query: [Xem danh sách người nhận tiền thường xuyên]
2025-12-19 16:46:42 | DEBUG    | log:153 | [perform_hybrid_search] BM25 raw scores: min=0.0671, max=15.3331
2025-12-19 16:46:42 | DEBUG    | log:153 | [get_keyword_boost] Query: 'Xem danh sách người nhận tiền ...' | Doc: Tra cứu giao dịch nh | Boost: 0.50 | Matched: ['nhận tiền', 'nhận']
2025-12-19 16:46:42 | DEBUG    | log:153 | [classify_query_intent] Classified: 'Xem danh sách người nhận tiền ...' -> Tra cứu giao dịch nhận tiền (score=2)
2025-12-19 16:46:42 | DEBUG    | log:153 | [normalize_query] 'Liệt kê giao dịch chuyển tiền cùng ngân ...' -> 'Liệt kê giao dịch chuyển tiền cùng ngân ...'
2025-12-19 16:46:42 | DEBUG    | log:153 | [perform_hybrid_search] query_text: [Liệt kê giao dịch chuyển tiền cùng ngân hàng] - formatted_query: [Liệt kê giao dịch chuyển tiền cùng ngân hàng] - normalized_query: [Liệt kê giao dịch chuyển tiền cùng ngân hàng]
2025-12-19 16:46:42 | DEBUG    | log:153 | [perform_hybrid_search] BM25 raw scores: min=0.2405, max=39.6360
2025-12-19 16:46:42 | DEBUG    | log:153 | [get_keyword_boost] Query: 'Liệt kê giao dịch chuyển tiền ...' | Doc: Tra cứu giao dịch th | Boost: 0.25 | Matched: ['chuyển tiền']
2025-12-19 16:46:42 | DEBUG    | log:153 | [get_keyword_boost] Query: 'Liệt kê giao dịch chuyển tiền ...' | Doc: Tra cứu giao dịch ch | Boost: 0.25 | Matched: ['chuyển tiền']
2025-12-19 16:46:42 | DEBUG    | log:153 | [classify_query_intent] Ambiguous: 'Liệt kê giao dịch chuyển tiền ...' | Scores: {'Tra cứu giao dịch theo loại giao dịch': 1, 'Tra cứu giao dịch chuyển tiền': 1}
2025-12-19 16:46:42 | DEBUG    | log:153 | [normalize_query] 'Tra cứu chuyển khoản sang ngân hàng khác...' -> 'Tra cứu chuyển khoản sang ngân hàng khác...'
2025-12-19 16:46:42 | DEBUG    | log:153 | [perform_hybrid_search] query_text: [Tra cứu chuyển khoản sang ngân hàng khác] - formatted_query: [Tra cứu chuyển khoản sang ngân hàng khác] - normalized_query: [Tra cứu chuyển khoản sang ngân hàng khác]
2025-12-19 16:46:42 | DEBUG    | log:153 | [perform_hybrid_search] BM25 raw scores: min=0.8568, max=8.3987
2025-12-19 16:46:42 | DEBUG    | log:153 | [get_keyword_boost] Query: 'Tra cứu chuyển khoản sang ngân...' | Doc: Tra cứu giao dịch ch | Boost: 0.25 | Matched: ['chuyển khoản']
2025-12-19 16:46:42 | DEBUG    | log:153 | [classify_query_intent] Classified: 'Tra cứu chuyển khoản sang ngân...' -> Tra cứu giao dịch chuyển tiền (score=1)
2025-12-19 16:46:42 | DEBUG    | log:153 | [normalize_query] 'Tìm giao dịch chuyển tiền có nội dung "t...' -> 'Tìm giao dịch chuyển tiền có nội dung "t...'
2025-12-19 16:46:42 | DEBUG    | log:153 | [perform_hybrid_search] query_text: [Tìm giao dịch chuyển tiền có nội dung "thanh toán"] - formatted_query: [Tìm giao dịch chuyển tiền có nội dung "thanh toán"] - normalized_query: [Tìm giao dịch chuyển tiền có nội dung "thanh toán"]
2025-12-19 16:46:42 | DEBUG    | log:153 | [perform_hybrid_search] BM25 raw scores: min=3.0542, max=33.5683
2025-12-19 16:46:42 | DEBUG    | log:153 | [get_keyword_boost] Query: 'Tìm giao dịch chuyển tiền có n...' | Doc: Tra cứu giao dịch th | Boost: 0.50 | Matched: ['thanh toán', 'chuyển tiền']
2025-12-19 16:46:42 | DEBUG    | log:153 | [get_keyword_boost] Query: 'Tìm giao dịch chuyển tiền có n...' | Doc: Tra cứu giao dịch ch | Boost: 0.25 | Matched: ['chuyển tiền']
2025-12-19 16:46:42 | DEBUG    | log:153 | [get_keyword_boost] Query: 'Tìm giao dịch chuyển tiền có n...' | Doc: Tra cứu giao dịch th | Boost: 0.25 | Matched: ['thanh toán']
2025-12-19 16:46:42 | DEBUG    | log:153 | [classify_query_intent] Classified: 'Tìm giao dịch chuyển tiền có n...' -> Tra cứu giao dịch theo loại gi (score=2)
2025-12-19 16:46:42 | DEBUG    | log:153 | [normalize_query] 'Liệt kê chuyển khoản đã thực hiện hôm na...' -> 'Liệt kê chuyển khoản đã thực hiện hôm na...'
2025-12-19 16:46:42 | DEBUG    | log:153 | [perform_hybrid_search] query_text: [Liệt kê chuyển khoản đã thực hiện hôm nay] - formatted_query: [Liệt kê chuyển khoản đã thực hiện hôm nay] - normalized_query: [Liệt kê chuyển khoản đã thực hiện hôm nay]
2025-12-19 16:46:42 | DEBUG    | log:153 | [perform_hybrid_search] BM25 raw scores: min=0.3161, max=26.6573
2025-12-19 16:46:42 | DEBUG    | log:153 | [get_keyword_boost] Query: 'Liệt kê chuyển khoản đã thực h...' | Doc: Tra cứu lịch sử giao | Boost: 0.25 | Matched: ['nay']
2025-12-19 16:46:42 | DEBUG    | log:153 | [get_keyword_boost] Query: 'Liệt kê chuyển khoản đã thực h...' | Doc: Tra cứu giao dịch ch | Boost: 0.25 | Matched: ['chuyển khoản']
2025-12-19 16:46:42 | DEBUG    | log:153 | [classify_query_intent] Ambiguous: 'Liệt kê chuyển khoản đã thực h...' | Scores: {'Tra cứu lịch sử giao dịch theo khoảng thời gian': 1, 'Tra cứu giao dịch chuyển tiền': 1}
2025-12-19 16:46:42 | DEBUG    | log:153 | [normalize_query] 'Xem các giao dịch thanh toán hóa đơn...' -> 'Xem các giao dịch thanh toán hóa đơn...'
2025-12-19 16:46:42 | DEBUG    | log:153 | [perform_hybrid_search] query_text: [Xem các giao dịch thanh toán hóa đơn] - formatted_query: [Xem các giao dịch thanh toán hóa đơn] - normalized_query: [Xem các giao dịch thanh toán hóa đơn]
2025-12-19 16:46:42 | DEBUG    | log:153 | [perform_hybrid_search] BM25 raw scores: min=0.2061, max=50.5605
2025-12-19 16:46:42 | DEBUG    | log:153 | [get_keyword_boost] Query: 'Xem các giao dịch thanh toán h...' | Doc: Tra cứu giao dịch th | Boost: 0.25 | Matched: ['thanh toán']
2025-12-19 16:46:42 | DEBUG    | log:153 | [get_keyword_boost] Query: 'Xem các giao dịch thanh toán h...' | Doc: Tra cứu giao dịch th | Boost: 0.50 | Matched: ['thanh toán', 'hóa đơn']
2025-12-19 16:46:42 | DEBUG    | log:153 | [classify_query_intent] Classified: 'Xem các giao dịch thanh toán h...' -> Tra cứu giao dịch thanh toán h (score=2)
2025-12-19 16:46:42 | DEBUG    | log:153 | [normalize_query] 'Cho tôi danh sách các lần đóng tiền điện...' -> 'Cho tôi danh sách các lần đóng tiền điện...'
2025-12-19 16:46:42 | DEBUG    | log:153 | [perform_hybrid_search] query_text: [Cho tôi danh sách các lần đóng tiền điện] - formatted_query: [Cho tôi danh sách các lần đóng tiền điện] - normalized_query: [Cho tôi danh sách các lần đóng tiền điện]
2025-12-19 16:46:42 | DEBUG    | log:153 | [perform_hybrid_search] BM25 raw scores: min=0.0297, max=33.5013
2025-12-19 16:46:42 | DEBUG    | log:153 | [get_keyword_boost] Query: 'Cho tôi danh sách các lần đóng...' | Doc: Tra cứu giao dịch th | Boost: 0.25 | Matched: ['tiền điện']
2025-12-19 16:46:42 | DEBUG    | log:153 | [classify_query_intent] Classified: 'Cho tôi danh sách các lần đóng...' -> Tra cứu giao dịch thanh toán h (score=1)
2025-12-19 16:46:42 | DEBUG    | log:153 | [normalize_query] 'Tìm giao dịch thanh toán tiền nước...' -> 'Tìm giao dịch thanh toán tiền nước...'
2025-12-19 16:46:42 | DEBUG    | log:153 | [perform_hybrid_search] query_text: [Tìm giao dịch thanh toán tiền nước] - formatted_query: [Tìm giao dịch thanh toán tiền nước] - normalized_query: [Tìm giao dịch thanh toán tiền nước]
2025-12-19 16:46:42 | DEBUG    | log:153 | [perform_hybrid_search] BM25 raw scores: min=0.1718, max=43.3477
2025-12-19 16:46:42 | DEBUG    | log:153 | [get_keyword_boost] Query: 'Tìm giao dịch thanh toán tiền ...' | Doc: Tra cứu giao dịch th | Boost: 0.25 | Matched: ['thanh toán']
2025-12-19 16:46:42 | DEBUG    | log:153 | [get_keyword_boost] Query: 'Tìm giao dịch thanh toán tiền ...' | Doc: Tra cứu giao dịch th | Boost: 0.50 | Matched: ['thanh toán', 'tiền nước']
2025-12-19 16:46:42 | DEBUG    | log:153 | [classify_query_intent] Classified: 'Tìm giao dịch thanh toán tiền ...' -> Tra cứu giao dịch thanh toán h (score=2)
2025-12-19 16:46:42 | DEBUG    | log:153 | [normalize_query] 'Liệt kê các hóa đơn đã thanh toán trong ...' -> 'Liệt kê các hóa đơn đã thanh toán trong ...'
2025-12-19 16:46:42 | DEBUG    | log:153 | [perform_hybrid_search] query_text: [Liệt kê các hóa đơn đã thanh toán trong tháng] - formatted_query: [Liệt kê các hóa đơn đã thanh toán trong tháng] - normalized_query: [Liệt kê các hóa đơn đã thanh toán trong tháng]
2025-12-19 16:46:42 | DEBUG    | log:153 | [perform_hybrid_search] BM25 raw scores: min=0.1031, max=48.0676
2025-12-19 16:46:42 | DEBUG    | log:153 | [get_keyword_boost] Query: 'Liệt kê các hóa đơn đã thanh t...' | Doc: Tra cứu lịch sử giao | Boost: 0.25 | Matched: ['tháng']
2025-12-19 16:46:42 | DEBUG    | log:153 | [get_keyword_boost] Query: 'Liệt kê các hóa đơn đã thanh t...' | Doc: Tra cứu giao dịch th | Boost: 0.25 | Matched: ['thanh toán']
2025-12-19 16:46:42 | DEBUG    | log:153 | [get_keyword_boost] Query: 'Liệt kê các hóa đơn đã thanh t...' | Doc: Tra cứu giao dịch th | Boost: 0.50 | Matched: ['thanh toán', 'hóa đơn']
2025-12-19 16:46:42 | DEBUG    | log:153 | [classify_query_intent] Classified: 'Liệt kê các hóa đơn đã thanh t...' -> Tra cứu giao dịch thanh toán h (score=2)
2025-12-19 16:46:42 | DEBUG    | log:153 | [normalize_query] 'Tra cứu lịch sử đóng tiền internet...' -> 'Tra cứu lịch sử đóng tiền internet...'
2025-12-19 16:46:42 | DEBUG    | log:153 | [perform_hybrid_search] query_text: [Tra cứu lịch sử đóng tiền internet] - formatted_query: [Tra cứu lịch sử đóng tiền internet] - normalized_query: [Tra cứu lịch sử đóng tiền internet]
2025-12-19 16:46:42 | DEBUG    | log:153 | [perform_hybrid_search] BM25 raw scores: min=0.7402, max=20.8653
2025-12-19 16:46:42 | DEBUG    | log:153 | [get_keyword_boost] Query: 'Tra cứu lịch sử đóng tiền inte...' | Doc: Tra cứu giao dịch th | Boost: 0.25 | Matched: ['tiền internet']
2025-12-19 16:46:42 | DEBUG    | log:153 | [classify_query_intent] Classified: 'Tra cứu lịch sử đóng tiền inte...' -> Tra cứu giao dịch thanh toán h (score=1)
2025-12-19 16:46:42 | DEBUG    | log:153 | [normalize_query] 'Cho biết các giao dịch thanh toán tiền đ...' -> 'Cho biết các giao dịch thanh toán tiền đ...'
2025-12-19 16:46:42 | DEBUG    | log:153 | [perform_hybrid_search] query_text: [Cho biết các giao dịch thanh toán tiền điện thoại] - formatted_query: [Cho biết các giao dịch thanh toán tiền điện thoại] - normalized_query: [Cho biết các giao dịch thanh toán tiền điện thoại]
2025-12-19 16:46:42 | DEBUG    | log:153 | [perform_hybrid_search] BM25 raw scores: min=0.1718, max=41.8053
2025-12-19 16:46:42 | DEBUG    | log:153 | [get_keyword_boost] Query: 'Cho biết các giao dịch thanh t...' | Doc: Tra cứu giao dịch th | Boost: 0.25 | Matched: ['thanh toán']
2025-12-19 16:46:42 | DEBUG    | log:153 | [get_keyword_boost] Query: 'Cho biết các giao dịch thanh t...' | Doc: Tra cứu giao dịch th | Boost: 0.75 | Matched: ['thanh toán', 'tiền điện', 'tiền điện thoại']
2025-12-19 16:46:42 | DEBUG    | log:153 | [classify_query_intent] Classified: 'Cho biết các giao dịch thanh t...' -> Tra cứu giao dịch thanh toán h (score=3)
2025-12-19 16:46:42 | DEBUG    | log:153 | [normalize_query] 'Tìm các lần thanh toán hóa đơn truyền hì...' -> 'Tìm các lần thanh toán hóa đơn truyền hì...'
2025-12-19 16:46:42 | DEBUG    | log:153 | [perform_hybrid_search] query_text: [Tìm các lần thanh toán hóa đơn truyền hình cáp] - formatted_query: [Tìm các lần thanh toán hóa đơn truyền hình cáp] - normalized_query: [Tìm các lần thanh toán hóa đơn truyền hình cáp]
2025-12-19 16:46:42 | DEBUG    | log:153 | [perform_hybrid_search] BM25 raw scores: min=0.1374, max=64.2474
2025-12-19 16:46:42 | DEBUG    | log:153 | [get_keyword_boost] Query: 'Tìm các lần thanh toán hóa đơn...' | Doc: Tra cứu giao dịch th | Boost: 0.25 | Matched: ['thanh toán']
2025-12-19 16:46:42 | DEBUG    | log:153 | [get_keyword_boost] Query: 'Tìm các lần thanh toán hóa đơn...' | Doc: Tra cứu giao dịch th | Boost: 0.50 | Matched: ['thanh toán', 'hóa đơn']
2025-12-19 16:46:42 | DEBUG    | log:153 | [classify_query_intent] Classified: 'Tìm các lần thanh toán hóa đơn...' -> Tra cứu giao dịch thanh toán h (score=2)
2025-12-19 16:46:42 | DEBUG    | log:153 | [normalize_query] 'Liệt kê giao dịch thanh toán học phí...' -> 'Liệt kê giao dịch thanh toán học phí...'
2025-12-19 16:46:42 | DEBUG    | log:153 | [perform_hybrid_search] query_text: [Liệt kê giao dịch thanh toán học phí] - formatted_query: [Liệt kê giao dịch thanh toán học phí] - normalized_query: [Liệt kê giao dịch thanh toán học phí]
2025-12-19 16:46:42 | DEBUG    | log:153 | [perform_hybrid_search] BM25 raw scores: min=0.1374, max=52.3370
2025-12-19 16:46:42 | DEBUG    | log:153 | [get_keyword_boost] Query: 'Liệt kê giao dịch thanh toán h...' | Doc: Tra cứu giao dịch th | Boost: 0.25 | Matched: ['thanh toán']
2025-12-19 16:46:42 | DEBUG    | log:153 | [get_keyword_boost] Query: 'Liệt kê giao dịch thanh toán h...' | Doc: Tra cứu giao dịch th | Boost: 0.50 | Matched: ['thanh toán', 'học phí']
2025-12-19 16:46:42 | DEBUG    | log:153 | [get_keyword_boost] Query: 'Liệt kê giao dịch thanh toán h...' | Doc: Tra cứu phí giao dịc | Boost: 0.25 | Matched: ['phí']
2025-12-19 16:46:42 | DEBUG    | log:153 | [classify_query_intent] Classified: 'Liệt kê giao dịch thanh toán h...' -> Tra cứu giao dịch thanh toán h (score=2)
2025-12-19 16:46:42 | DEBUG    | log:153 | [normalize_query] 'Tra cứu các hóa đơn tiền điện đã đóng...' -> 'Tra cứu các hóa đơn tiền điện đã đóng...'
2025-12-19 16:46:42 | DEBUG    | log:153 | [perform_hybrid_search] query_text: [Tra cứu các hóa đơn tiền điện đã đóng] - formatted_query: [Tra cứu các hóa đơn tiền điện đã đóng] - normalized_query: [Tra cứu các hóa đơn tiền điện đã đóng]
2025-12-19 16:46:42 | DEBUG    | log:153 | [perform_hybrid_search] BM25 raw scores: min=0.6731, max=37.8862
2025-12-19 16:46:42 | DEBUG    | log:153 | [get_keyword_boost] Query: 'Tra cứu các hóa đơn tiền điện ...' | Doc: Tra cứu giao dịch th | Boost: 0.50 | Matched: ['hóa đơn', 'tiền điện']
2025-12-19 16:46:42 | DEBUG    | log:153 | [classify_query_intent] Classified: 'Tra cứu các hóa đơn tiền điện ...' -> Tra cứu giao dịch thanh toán h (score=2)
2025-12-19 16:46:42 | DEBUG    | log:153 | [normalize_query] 'Cho xem lịch sử thanh toán hóa đơn viễn ...' -> 'Cho xem lịch sử thanh toán hóa đơn viễn ...'
2025-12-19 16:46:42 | DEBUG    | log:153 | [perform_hybrid_search] query_text: [Cho xem lịch sử thanh toán hóa đơn viễn thông] - formatted_query: [Cho xem lịch sử thanh toán hóa đơn viễn thông] - normalized_query: [Cho xem lịch sử thanh toán hóa đơn viễn thông]
2025-12-19 16:46:42 | DEBUG    | log:153 | [perform_hybrid_search] BM25 raw scores: min=0.2748, max=54.0510
2025-12-19 16:46:42 | DEBUG    | log:153 | [get_keyword_boost] Query: 'Cho xem lịch sử thanh toán hóa...' | Doc: Tra cứu giao dịch th | Boost: 0.25 | Matched: ['thanh toán']
2025-12-19 16:46:42 | DEBUG    | log:153 | [get_keyword_boost] Query: 'Cho xem lịch sử thanh toán hóa...' | Doc: Tra cứu giao dịch th | Boost: 0.50 | Matched: ['thanh toán', 'hóa đơn']
2025-12-19 16:46:42 | DEBUG    | log:153 | [classify_query_intent] Classified: 'Cho xem lịch sử thanh toán hóa...' -> Tra cứu giao dịch thanh toán h (score=2)
2025-12-19 16:46:42 | DEBUG    | log:153 | [normalize_query] 'Tìm giao dịch đóng tiền gas...' -> 'Tìm giao dịch đóng tiền gas...'
2025-12-19 16:46:42 | DEBUG    | log:153 | [perform_hybrid_search] query_text: [Tìm giao dịch đóng tiền gas] - formatted_query: [Tìm giao dịch đóng tiền gas] - normalized_query: [Tìm giao dịch đóng tiền gas]
2025-12-19 16:46:42 | DEBUG    | log:153 | [perform_hybrid_search] BM25 raw scores: min=0.1342, max=31.2762
2025-12-19 16:46:42 | DEBUG    | log:153 | [get_keyword_boost] Query: 'Tìm giao dịch đóng tiền gas...' | Doc: Tra cứu giao dịch th | Boost: 0.25 | Matched: ['tiền gas']
2025-12-19 16:46:42 | DEBUG    | log:153 | [classify_query_intent] Classified: 'Tìm giao dịch đóng tiền gas...' -> Tra cứu giao dịch thanh toán h (score=1)
2025-12-19 16:46:42 | DEBUG    | log:153 | [normalize_query] 'Xem danh sách thanh toán hóa đơn điện nư...' -> 'Xem danh sách thanh toán hóa đơn điện nư...'
2025-12-19 16:46:42 | DEBUG    | log:153 | [perform_hybrid_search] query_text: [Xem danh sách thanh toán hóa đơn điện nước] - formatted_query: [Xem danh sách thanh toán hóa đơn điện nước] - normalized_query: [Xem danh sách thanh toán hóa đơn điện nước]
2025-12-19 16:46:42 | DEBUG    | log:153 | [perform_hybrid_search] BM25 raw scores: min=0.1031, max=60.1299
2025-12-19 16:46:42 | DEBUG    | log:153 | [get_keyword_boost] Query: 'Xem danh sách thanh toán hóa đ...' | Doc: Tra cứu giao dịch th | Boost: 0.25 | Matched: ['thanh toán']
2025-12-19 16:46:42 | DEBUG    | log:153 | [get_keyword_boost] Query: 'Xem danh sách thanh toán hóa đ...' | Doc: Tra cứu giao dịch th | Boost: 0.50 | Matched: ['thanh toán', 'hóa đơn']
2025-12-19 16:46:42 | DEBUG    | log:153 | [classify_query_intent] Classified: 'Xem danh sách thanh toán hóa đ...' -> Tra cứu giao dịch thanh toán h (score=2)
2025-12-19 16:46:42 | DEBUG    | log:153 | [normalize_query] 'Liệt kê các lần thanh toán phí dịch vụ...' -> 'Liệt kê các lần thanh toán phí dịch vụ...'
2025-12-19 16:46:42 | DEBUG    | log:153 | [perform_hybrid_search] query_text: [Liệt kê các lần thanh toán phí dịch vụ] - formatted_query: [Liệt kê các lần thanh toán phí dịch vụ] - normalized_query: [Liệt kê các lần thanh toán phí dịch vụ]
2025-12-19 16:46:42 | DEBUG    | log:153 | [perform_hybrid_search] BM25 raw scores: min=0.0687, max=54.8944
2025-12-19 16:46:42 | DEBUG    | log:153 | [get_keyword_boost] Query: 'Liệt kê các lần thanh toán phí...' | Doc: Tra cứu giao dịch th | Boost: 0.25 | Matched: ['thanh toán']
2025-12-19 16:46:42 | DEBUG    | log:153 | [get_keyword_boost] Query: 'Liệt kê các lần thanh toán phí...' | Doc: Tra cứu giao dịch th | Boost: 0.50 | Matched: ['thanh toán', 'phí dịch vụ']
2025-12-19 16:46:42 | DEBUG    | log:153 | [get_keyword_boost] Query: 'Liệt kê các lần thanh toán phí...' | Doc: Tra cứu phí giao dịc | Boost: 0.25 | Matched: ['phí']
2025-12-19 16:46:42 | DEBUG    | log:153 | [classify_query_intent] Classified: 'Liệt kê các lần thanh toán phí...' -> Tra cứu giao dịch thanh toán h (score=2)
2025-12-19 16:46:42 | DEBUG    | log:153 | [normalize_query] 'Tra cứu giao dịch thanh toán tiền thuê n...' -> 'Tra cứu giao dịch thanh toán tiền thuê n...'
2025-12-19 16:46:42 | DEBUG    | log:153 | [perform_hybrid_search] query_text: [Tra cứu giao dịch thanh toán tiền thuê nhà] - formatted_query: [Tra cứu giao dịch thanh toán tiền thuê nhà] - normalized_query: [Tra cứu giao dịch thanh toán tiền thuê nhà]
2025-12-19 16:46:42 | DEBUG    | log:153 | [perform_hybrid_search] BM25 raw scores: min=1.7644, max=37.0713
2025-12-19 16:46:42 | DEBUG    | log:153 | [get_keyword_boost] Query: 'Tra cứu giao dịch thanh toán t...' | Doc: Tra cứu giao dịch th | Boost: 0.25 | Matched: ['thanh toán']
2025-12-19 16:46:42 | DEBUG    | log:153 | [get_keyword_boost] Query: 'Tra cứu giao dịch thanh toán t...' | Doc: Tra cứu giao dịch th | Boost: 0.25 | Matched: ['thanh toán']
2025-12-19 16:46:42 | DEBUG    | log:153 | [classify_query_intent] Ambiguous: 'Tra cứu giao dịch thanh toán t...' | Scores: {'Tra cứu giao dịch theo loại giao dịch': 1, 'Tra cứu giao dịch thanh toán hóa đơn': 1}
2025-12-19 16:46:42 | DEBUG    | log:153 | [normalize_query] 'Cho biết tôi đã thanh toán những hóa đơn...' -> 'Cho biết tôi đã thanh toán những hóa đơn...'
2025-12-19 16:46:42 | DEBUG    | log:153 | [perform_hybrid_search] query_text: [Cho biết tôi đã thanh toán những hóa đơn nào] - formatted_query: [Cho biết tôi đã thanh toán những hóa đơn nào] - normalized_query: [Cho biết tôi đã thanh toán những hóa đơn nào]
2025-12-19 16:46:42 | DEBUG    | log:153 | [perform_hybrid_search] BM25 raw scores: min=0.1031, max=42.8261
2025-12-19 16:46:42 | DEBUG    | log:153 | [get_keyword_boost] Query: 'Cho biết tôi đã thanh toán nhữ...' | Doc: Tra cứu giao dịch th | Boost: 0.25 | Matched: ['thanh toán']
2025-12-19 16:46:42 | DEBUG    | log:153 | [get_keyword_boost] Query: 'Cho biết tôi đã thanh toán nhữ...' | Doc: Tra cứu giao dịch th | Boost: 0.50 | Matched: ['thanh toán', 'hóa đơn']
2025-12-19 16:46:42 | DEBUG    | log:153 | [classify_query_intent] Classified: 'Cho biết tôi đã thanh toán nhữ...' -> Tra cứu giao dịch thanh toán h (score=2)
2025-12-19 16:46:42 | DEBUG    | log:153 | [normalize_query] 'Tìm các giao dịch đóng phí quản lý chung...' -> 'Tìm các giao dịch đóng phí quản lý chung...'
2025-12-19 16:46:42 | DEBUG    | log:153 | [perform_hybrid_search] query_text: [Tìm các giao dịch đóng phí quản lý chung cư] - formatted_query: [Tìm các giao dịch đóng phí quản lý chung cư] - normalized_query: [Tìm các giao dịch đóng phí quản lý chung cư]
2025-12-19 16:46:42 | DEBUG    | log:153 | [perform_hybrid_search] BM25 raw scores: min=0.1007, max=54.3961
2025-12-19 16:46:42 | DEBUG    | log:153 | [get_keyword_boost] Query: 'Tìm các giao dịch đóng phí quả...' | Doc: Tra cứu giao dịch th | Boost: 0.25 | Matched: ['quản lý chung cư']
2025-12-19 16:46:42 | DEBUG    | log:153 | [get_keyword_boost] Query: 'Tìm các giao dịch đóng phí quả...' | Doc: Tra cứu phí giao dịc | Boost: 0.25 | Matched: ['phí']
2025-12-19 16:46:42 | DEBUG    | log:153 | [classify_query_intent] Ambiguous: 'Tìm các giao dịch đóng phí quả...' | Scores: {'Tra cứu giao dịch thanh toán hóa đơn': 1, 'Tra cứu phí giao dịch': 1}
2025-12-19 16:46:42 | DEBUG    | log:153 | [normalize_query] 'Xem lịch sử thanh toán hóa đơn EVN...' -> 'Xem lịch sử thanh toán hóa đơn evn...'
2025-12-19 16:46:42 | DEBUG    | log:153 | [perform_hybrid_search] query_text: [Xem lịch sử thanh toán hóa đơn EVN] - formatted_query: [Xem lịch sử thanh toán hóa đơn evn] - normalized_query: [Xem lịch sử thanh toán hóa đơn evn]
2025-12-19 16:46:42 | DEBUG    | log:153 | [perform_hybrid_search] BM25 raw scores: min=0.2405, max=51.1900
2025-12-19 16:46:42 | DEBUG    | log:153 | [get_keyword_boost] Query: 'Xem lịch sử thanh toán hóa đơn...' | Doc: Tra cứu giao dịch th | Boost: 0.25 | Matched: ['thanh toán']
2025-12-19 16:46:42 | DEBUG    | log:153 | [get_keyword_boost] Query: 'Xem lịch sử thanh toán hóa đơn...' | Doc: Tra cứu giao dịch th | Boost: 0.50 | Matched: ['thanh toán', 'hóa đơn']
2025-12-19 16:46:42 | DEBUG    | log:153 | [classify_query_intent] Classified: 'Xem lịch sử thanh toán hóa đơn...' -> Tra cứu giao dịch thanh toán h (score=2)
2025-12-19 16:46:42 | DEBUG    | log:153 | [normalize_query] 'Liệt kê các hóa đơn VNPT đã đóng...' -> 'Liệt kê các hóa đơn vnpt đã đóng...'
2025-12-19 16:46:42 | DEBUG    | log:153 | [perform_hybrid_search] query_text: [Liệt kê các hóa đơn VNPT đã đóng] - formatted_query: [Liệt kê các hóa đơn vnpt đã đóng] - normalized_query: [Liệt kê các hóa đơn vnpt đã đóng]
2025-12-19 16:46:42 | DEBUG    | log:153 | [perform_hybrid_search] BM25 raw scores: min=0.0671, max=45.4373
2025-12-19 16:46:42 | DEBUG    | log:153 | [get_keyword_boost] Query: 'Liệt kê các hóa đơn vnpt đã đó...' | Doc: Tra cứu giao dịch th | Boost: 0.50 | Matched: ['hóa đơn', 'vnpt']
2025-12-19 16:46:42 | DEBUG    | log:153 | [classify_query_intent] Classified: 'Liệt kê các hóa đơn vnpt đã đó...' -> Tra cứu giao dịch thanh toán h (score=2)
2025-12-19 16:46:42 | DEBUG    | log:153 | [normalize_query] 'Tra cứu giao dịch thanh toán Viettel...' -> 'Tra cứu giao dịch thanh toán viettel...'
2025-12-19 16:46:42 | DEBUG    | log:153 | [perform_hybrid_search] query_text: [Tra cứu giao dịch thanh toán Viettel] - formatted_query: [Tra cứu giao dịch thanh toán viettel] - normalized_query: [Tra cứu giao dịch thanh toán viettel]
2025-12-19 16:46:42 | DEBUG    | log:153 | [perform_hybrid_search] BM25 raw scores: min=1.7465, max=26.4789
2025-12-19 16:46:42 | DEBUG    | log:153 | [get_keyword_boost] Query: 'Tra cứu giao dịch thanh toán v...' | Doc: Tra cứu giao dịch th | Boost: 0.25 | Matched: ['thanh toán']
2025-12-19 16:46:42 | DEBUG    | log:153 | [get_keyword_boost] Query: 'Tra cứu giao dịch thanh toán v...' | Doc: Tra cứu giao dịch th | Boost: 0.50 | Matched: ['thanh toán', 'viettel']
2025-12-19 16:46:42 | DEBUG    | log:153 | [classify_query_intent] Classified: 'Tra cứu giao dịch thanh toán v...' -> Tra cứu giao dịch thanh toán h (score=2)
2025-12-19 16:46:42 | DEBUG    | log:153 | [normalize_query] 'Xem các giao dịch thực hiện qua Mobile B...' -> 'Xem các giao dịch thực hiện qua mobile b...'
2025-12-19 16:46:42 | DEBUG    | log:153 | [perform_hybrid_search] query_text: [Xem các giao dịch thực hiện qua Mobile Banking] - formatted_query: [Xem các giao dịch thực hiện qua mobile banking] - normalized_query: [Xem các giao dịch thực hiện qua mobile banking]
2025-12-19 16:46:42 | DEBUG    | log:153 | [perform_hybrid_search] BM25 raw scores: min=0.1342, max=42.3357
2025-12-19 16:46:42 | DEBUG    | log:153 | [get_keyword_boost] Query: 'Xem các giao dịch thực hiện qu...' | Doc: Tra cứu giao dịch th | Boost: 0.25 | Matched: ['mobile banking']
2025-12-19 16:46:42 | DEBUG    | log:153 | [classify_query_intent] Classified: 'Xem các giao dịch thực hiện qu...' -> Tra cứu giao dịch theo kênh gi (score=1)
2025-12-19 16:46:42 | DEBUG    | log:153 | [normalize_query] 'Cho tôi danh sách giao dịch qua Internet...' -> 'Cho tôi danh sách giao dịch qua internet...'
2025-12-19 16:46:42 | DEBUG    | log:153 | [perform_hybrid_search] query_text: [Cho tôi danh sách giao dịch qua Internet Banking] - formatted_query: [Cho tôi danh sách giao dịch qua internet banking] - normalized_query: [Cho tôi danh sách giao dịch qua internet banking]
2025-12-19 16:46:42 | DEBUG    | log:153 | [perform_hybrid_search] BM25 raw scores: min=0.1007, max=37.4926
2025-12-19 16:46:42 | DEBUG    | log:153 | [get_keyword_boost] Query: 'Cho tôi danh sách giao dịch qu...' | Doc: Tra cứu giao dịch th | Boost: 0.25 | Matched: ['internet banking']
2025-12-19 16:46:42 | DEBUG    | log:153 | [classify_query_intent] Classified: 'Cho tôi danh sách giao dịch qu...' -> Tra cứu giao dịch theo kênh gi (score=1)
2025-12-19 16:46:42 | DEBUG    | log:153 | [normalize_query] 'Tìm giao dịch được thực hiện tại quầy...' -> 'Tìm giao dịch được thực hiện tại quầy...'
2025-12-19 16:46:42 | DEBUG    | log:153 | [perform_hybrid_search] query_text: [Tìm giao dịch được thực hiện tại quầy] - formatted_query: [Tìm giao dịch được thực hiện tại quầy] - normalized_query: [Tìm giao dịch được thực hiện tại quầy]
2025-12-19 16:46:42 | DEBUG    | log:153 | [perform_hybrid_search] BM25 raw scores: min=0.1342, max=27.7861
2025-12-19 16:46:42 | DEBUG    | log:153 | [get_keyword_boost] Query: 'Tìm giao dịch được thực hiện t...' | Doc: Tra cứu giao dịch th | Boost: 0.25 | Matched: ['tại quầy']
2025-12-19 16:46:42 | DEBUG    | log:153 | [classify_query_intent] Classified: 'Tìm giao dịch được thực hiện t...' -> Tra cứu giao dịch theo kênh gi (score=1)
2025-12-19 16:46:42 | DEBUG    | log:153 | [normalize_query] 'Liệt kê các giao dịch qua ATM...' -> 'Liệt kê các giao dịch qua atm...'
2025-12-19 16:46:42 | DEBUG    | log:153 | [perform_hybrid_search] query_text: [Liệt kê các giao dịch qua ATM] - formatted_query: [Liệt kê các giao dịch qua atm] - normalized_query: [Liệt kê các giao dịch qua atm]
2025-12-19 16:46:42 | DEBUG    | log:153 | [perform_hybrid_search] BM25 raw scores: min=0.1007, max=39.9712
2025-12-19 16:46:42 | DEBUG    | log:153 | [get_keyword_boost] Query: 'Liệt kê các giao dịch qua atm...' | Doc: Tra cứu giao dịch th | Boost: 0.25 | Matched: ['atm']
2025-12-19 16:46:42 | DEBUG    | log:153 | [classify_query_intent] Classified: 'Liệt kê các giao dịch qua atm...' -> Tra cứu giao dịch theo kênh gi (score=1)
2025-12-19 16:46:42 | DEBUG    | log:153 | [normalize_query] 'Tra cứu giao dịch thực hiện qua ứng dụng...' -> 'Tra cứu giao dịch thực hiện qua ứng dụng...'
2025-12-19 16:46:42 | DEBUG    | log:153 | [perform_hybrid_search] query_text: [Tra cứu giao dịch thực hiện qua ứng dụng điện thoại] - formatted_query: [Tra cứu giao dịch thực hiện qua ứng dụng điện thoại] - normalized_query: [Tra cứu giao dịch thực hiện qua ứng dụng điện thoại]
2025-12-19 16:46:42 | DEBUG    | log:153 | [perform_hybrid_search] BM25 raw scores: min=2.3934, max=46.2688
2025-12-19 16:46:42 | DEBUG    | log:153 | [get_keyword_boost] Query: 'Tra cứu giao dịch thực hiện qu...' | Doc: Tra cứu giao dịch th | Boost: 0.25 | Matched: ['ứng dụng điện thoại']
2025-12-19 16:46:42 | DEBUG    | log:153 | [classify_query_intent] Classified: 'Tra cứu giao dịch thực hiện qu...' -> Tra cứu giao dịch theo kênh gi (score=1)
2025-12-19 16:46:42 | DEBUG    | log:153 | [normalize_query] 'Cho biết giao dịch nào thực hiện qua POS...' -> 'Cho biết giao dịch nào thực hiện qua pos...'
2025-12-19 16:46:42 | DEBUG    | log:153 | [perform_hybrid_search] query_text: [Cho biết giao dịch nào thực hiện qua POS] - formatted_query: [Cho biết giao dịch nào thực hiện qua pos] - normalized_query: [Cho biết giao dịch nào thực hiện qua pos]
2025-12-19 16:46:42 | DEBUG    | log:153 | [perform_hybrid_search] BM25 raw scores: min=0.1342, max=39.0608
2025-12-19 16:46:42 | DEBUG    | log:153 | [get_keyword_boost] Query: 'Cho biết giao dịch nào thực hi...' | Doc: Tra cứu giao dịch th | Boost: 0.25 | Matched: ['pos']
2025-12-19 16:46:42 | DEBUG    | log:153 | [get_keyword_boost] Query: 'Cho biết giao dịch nào thực hi...' | Doc: Tra cứu giao dịch th | Boost: 0.25 | Matched: ['pos']
2025-12-19 16:46:42 | DEBUG    | log:153 | [classify_query_intent] Ambiguous: 'Cho biết giao dịch nào thực hi...' | Scores: {'Tra cứu giao dịch theo kênh giao dịch': 1, 'Tra cứu giao dịch thẻ': 1}
2025-12-19 16:46:42 | DEBUG    | log:153 | [normalize_query] 'Xem các giao dịch qua kênh online...' -> 'Xem các giao dịch qua kênh online...'
2025-12-19 16:46:42 | DEBUG    | log:153 | [perform_hybrid_search] query_text: [Xem các giao dịch qua kênh online] - formatted_query: [Xem các giao dịch qua kênh online] - normalized_query: [Xem các giao dịch qua kênh online]
2025-12-19 16:46:43 | DEBUG    | log:153 | [perform_hybrid_search] BM25 raw scores: min=0.1007, max=34.8446
2025-12-19 16:46:43 | DEBUG    | log:153 | [get_keyword_boost] Query: 'Xem các giao dịch qua kênh onl...' | Doc: Tra cứu giao dịch th | Boost: 0.25 | Matched: ['online']
2025-12-19 16:46:43 | DEBUG    | log:153 | [classify_query_intent] Classified: 'Xem các giao dịch qua kênh onl...' -> Tra cứu giao dịch theo kênh gi (score=1)
2025-12-19 16:46:43 | DEBUG    | log:153 | [normalize_query] 'Tìm giao dịch thực hiện qua SMS Banking...' -> 'Tìm giao dịch thực hiện qua sms banking...'
2025-12-19 16:46:43 | DEBUG    | log:153 | [perform_hybrid_search] query_text: [Tìm giao dịch thực hiện qua SMS Banking] - formatted_query: [Tìm giao dịch thực hiện qua sms banking] - normalized_query: [Tìm giao dịch thực hiện qua sms banking]
2025-12-19 16:46:43 | DEBUG    | log:153 | [perform_hybrid_search] BM25 raw scores: min=0.1342, max=46.0816
2025-12-19 16:46:43 | DEBUG    | log:153 | [get_keyword_boost] Query: 'Tìm giao dịch thực hiện qua sm...' | Doc: Tra cứu giao dịch th | Boost: 0.25 | Matched: ['sms banking']
2025-12-19 16:46:43 | DEBUG    | log:153 | [classify_query_intent] Classified: 'Tìm giao dịch thực hiện qua sm...' -> Tra cứu giao dịch theo kênh gi (score=1)
2025-12-19 16:46:43 | DEBUG    | log:153 | [normalize_query] 'Liệt kê giao dịch qua QR Pay...' -> 'Liệt kê giao dịch qua qr pay...'
2025-12-19 16:46:43 | DEBUG    | log:153 | [perform_hybrid_search] query_text: [Liệt kê giao dịch qua QR Pay] - formatted_query: [Liệt kê giao dịch qua qr pay] - normalized_query: [Liệt kê giao dịch qua qr pay]
2025-12-19 16:46:43 | DEBUG    | log:153 | [perform_hybrid_search] BM25 raw scores: min=0.1007, max=47.0846
2025-12-19 16:46:43 | DEBUG    | log:153 | [get_keyword_boost] Query: 'Liệt kê giao dịch qua qr pay...' | Doc: Tra cứu giao dịch th | Boost: 0.25 | Matched: ['qr pay']
2025-12-19 16:46:43 | DEBUG    | log:153 | [classify_query_intent] Classified: 'Liệt kê giao dịch qua qr pay...' -> Tra cứu giao dịch theo kênh gi (score=1)
2025-12-19 16:46:43 | DEBUG    | log:153 | [normalize_query] 'Tra cứu các giao dịch thực hiện trực tiế...' -> 'Tra cứu các giao dịch thực hiện trực tiế...'
2025-12-19 16:46:43 | DEBUG    | log:153 | [perform_hybrid_search] query_text: [Tra cứu các giao dịch thực hiện trực tiếp tại chi nhánh] - formatted_query: [Tra cứu các giao dịch thực hiện trực tiếp tại chi nhánh] - normalized_query: [Tra cứu các giao dịch thực hiện trực tiếp tại chi nhánh]
2025-12-19 16:46:43 | DEBUG    | log:153 | [perform_hybrid_search] BM25 raw scores: min=1.8609, max=33.5274
2025-12-19 16:46:43 | DEBUG    | log:153 | [get_keyword_boost] Query: 'Tra cứu các giao dịch thực hiệ...' | Doc: Tra cứu giao dịch th | Boost: 0.50 | Matched: ['chi nhánh', 'trực tiếp']
2025-12-19 16:46:43 | DEBUG    | log:153 | [classify_query_intent] Classified: 'Tra cứu các giao dịch thực hiệ...' -> Tra cứu giao dịch theo kênh gi (score=2)
2025-12-19 16:46:43 | DEBUG    | log:153 | [normalize_query] 'Cho xem lịch sử giao dịch qua app ngân h...' -> 'Cho xem lịch sử giao dịch qua app ngân h...'
2025-12-19 16:46:43 | DEBUG    | log:153 | [perform_hybrid_search] query_text: [Cho xem lịch sử giao dịch qua app ngân hàng] - formatted_query: [Cho xem lịch sử giao dịch qua app ngân hàng] - normalized_query: [Cho xem lịch sử giao dịch qua app ngân hàng]
2025-12-19 16:46:43 | DEBUG    | log:153 | [perform_hybrid_search] BM25 raw scores: min=0.3356, max=35.3657
2025-12-19 16:46:43 | DEBUG    | log:153 | [get_keyword_boost] Query: 'Cho xem lịch sử giao dịch qua ...' | Doc: Tra cứu giao dịch th | Boost: 0.25 | Matched: ['app ngân hàng']
2025-12-19 16:46:43 | DEBUG    | log:153 | [classify_query_intent] Classified: 'Cho xem lịch sử giao dịch qua ...' -> Tra cứu giao dịch theo kênh gi (score=1)
2025-12-19 16:46:43 | DEBUG    | log:153 | [normalize_query] 'Tìm các giao dịch thực hiện qua website...' -> 'Tìm các giao dịch thực hiện qua website...'
2025-12-19 16:46:43 | DEBUG    | log:153 | [perform_hybrid_search] query_text: [Tìm các giao dịch thực hiện qua website] - formatted_query: [Tìm các giao dịch thực hiện qua website] - normalized_query: [Tìm các giao dịch thực hiện qua website]
2025-12-19 16:46:43 | DEBUG    | log:153 | [perform_hybrid_search] BM25 raw scores: min=0.1342, max=39.2913
2025-12-19 16:46:43 | DEBUG    | log:153 | [get_keyword_boost] Query: 'Tìm các giao dịch thực hiện qu...' | Doc: Tra cứu giao dịch th | Boost: 0.25 | Matched: ['website']
2025-12-19 16:46:43 | DEBUG    | log:153 | [classify_query_intent] Classified: 'Tìm các giao dịch thực hiện qu...' -> Tra cứu giao dịch theo kênh gi (score=1)
2025-12-19 16:46:43 | DEBUG    | log:153 | [normalize_query] 'Xem danh sách giao dịch qua máy CDM...' -> 'Xem danh sách giao dịch qua máy cdm...'
2025-12-19 16:46:43 | DEBUG    | log:153 | [perform_hybrid_search] query_text: [Xem danh sách giao dịch qua máy CDM] - formatted_query: [Xem danh sách giao dịch qua máy cdm] - normalized_query: [Xem danh sách giao dịch qua máy cdm]
2025-12-19 16:46:43 | DEBUG    | log:153 | [perform_hybrid_search] BM25 raw scores: min=0.1007, max=45.4346
2025-12-19 16:46:43 | DEBUG    | log:153 | [get_keyword_boost] Query: 'Xem danh sách giao dịch qua má...' | Doc: Tra cứu giao dịch th | Boost: 0.25 | Matched: ['máy cdm']
2025-12-19 16:46:43 | DEBUG    | log:153 | [classify_query_intent] Classified: 'Xem danh sách giao dịch qua má...' -> Tra cứu giao dịch theo kênh gi (score=1)
2025-12-19 16:46:43 | DEBUG    | log:153 | [normalize_query] 'Liệt kê giao dịch thanh toán qua thẻ...' -> 'Liệt kê giao dịch thanh toán qua thẻ...'
2025-12-19 16:46:43 | DEBUG    | log:153 | [perform_hybrid_search] query_text: [Liệt kê giao dịch thanh toán qua thẻ] - formatted_query: [Liệt kê giao dịch thanh toán qua thẻ] - normalized_query: [Liệt kê giao dịch thanh toán qua thẻ]
2025-12-19 16:46:43 | DEBUG    | log:153 | [perform_hybrid_search] BM25 raw scores: min=0.1374, max=44.2601
2025-12-19 16:46:43 | DEBUG    | log:153 | [get_keyword_boost] Query: 'Liệt kê giao dịch thanh toán q...' | Doc: Tra cứu giao dịch th | Boost: 0.25 | Matched: ['thanh toán']
2025-12-19 16:46:43 | DEBUG    | log:153 | [get_keyword_boost] Query: 'Liệt kê giao dịch thanh toán q...' | Doc: Tra cứu giao dịch th | Boost: 0.25 | Matched: ['thanh toán']
2025-12-19 16:46:43 | DEBUG    | log:153 | [get_keyword_boost] Query: 'Liệt kê giao dịch thanh toán q...' | Doc: Tra cứu giao dịch th | Boost: 0.25 | Matched: ['thanh toán qua thẻ']
2025-12-19 16:46:43 | DEBUG    | log:153 | [get_keyword_boost] Query: 'Liệt kê giao dịch thanh toán q...' | Doc: Tra cứu giao dịch th | Boost: 0.25 | Matched: ['thẻ']
2025-12-19 16:46:43 | DEBUG    | log:153 | [classify_query_intent] Ambiguous: 'Liệt kê giao dịch thanh toán q...' | Scores: {'Tra cứu giao dịch theo loại giao dịch': 1, 'Tra cứu giao dịch thanh toán hóa đơn': 1, 'Tra cứu giao dịch theo kênh giao dịch': 1, 'Tra cứu giao dịch thẻ': 1}
2025-12-19 16:46:43 | DEBUG    | log:153 | [normalize_query] 'Tra cứu giao dịch qua kênh NAPAS...' -> 'Tra cứu giao dịch qua kênh napas...'
2025-12-19 16:46:43 | DEBUG    | log:153 | [perform_hybrid_search] query_text: [Tra cứu giao dịch qua kênh NAPAS] - formatted_query: [Tra cứu giao dịch qua kênh napas] - normalized_query: [Tra cứu giao dịch qua kênh napas]
2025-12-19 16:46:43 | DEBUG    | log:153 | [perform_hybrid_search] BM25 raw scores: min=0.9893, max=28.8634
2025-12-19 16:46:43 | DEBUG    | log:153 | [get_keyword_boost] Query: 'Tra cứu giao dịch qua kênh nap...' | Doc: Tra cứu giao dịch th | Boost: 0.25 | Matched: ['napas']
2025-12-19 16:46:43 | DEBUG    | log:153 | [classify_query_intent] Classified: 'Tra cứu giao dịch qua kênh nap...' -> Tra cứu giao dịch theo kênh gi (score=1)
2025-12-19 16:46:43 | DEBUG    | log:153 | [normalize_query] 'Cho biết giao dịch nào từ Apple Pay...' -> 'Cho biết giao dịch nào từ apple pay...'
2025-12-19 16:46:43 | DEBUG    | log:153 | [perform_hybrid_search] query_text: [Cho biết giao dịch nào từ Apple Pay] - formatted_query: [Cho biết giao dịch nào từ apple pay] - normalized_query: [Cho biết giao dịch nào từ apple pay]
2025-12-19 16:46:43 | DEBUG    | log:153 | [perform_hybrid_search] BM25 raw scores: min=0.1007, max=32.1931
2025-12-19 16:46:43 | DEBUG    | log:153 | [get_keyword_boost] Query: 'Cho biết giao dịch nào từ appl...' | Doc: Tra cứu giao dịch th | Boost: 0.25 | Matched: ['apple pay']
2025-12-19 16:46:43 | DEBUG    | log:153 | [classify_query_intent] Classified: 'Cho biết giao dịch nào từ appl...' -> Tra cứu giao dịch theo kênh gi (score=1)
2025-12-19 16:46:43 | DEBUG    | log:153 | [normalize_query] 'Tìm các giao dịch qua Samsung Pay...' -> 'Tìm các giao dịch qua samsung pay...'
2025-12-19 16:46:43 | DEBUG    | log:153 | [perform_hybrid_search] query_text: [Tìm các giao dịch qua Samsung Pay] - formatted_query: [Tìm các giao dịch qua samsung pay] - normalized_query: [Tìm các giao dịch qua samsung pay]
2025-12-19 16:46:43 | DEBUG    | log:153 | [perform_hybrid_search] BM25 raw scores: min=0.1007, max=37.9033
2025-12-19 16:46:43 | DEBUG    | log:153 | [get_keyword_boost] Query: 'Tìm các giao dịch qua samsung ...' | Doc: Tra cứu giao dịch th | Boost: 0.25 | Matched: ['samsung pay']
2025-12-19 16:46:43 | DEBUG    | log:153 | [classify_query_intent] Classified: 'Tìm các giao dịch qua samsung ...' -> Tra cứu giao dịch theo kênh gi (score=1)
2025-12-19 16:46:43 | DEBUG    | log:153 | [normalize_query] 'Xem giao dịch thực hiện qua Google Pay...' -> 'Xem giao dịch thực hiện qua google pay...'
2025-12-19 16:46:43 | DEBUG    | log:153 | [perform_hybrid_search] query_text: [Xem giao dịch thực hiện qua Google Pay] - formatted_query: [Xem giao dịch thực hiện qua google pay] - normalized_query: [Xem giao dịch thực hiện qua google pay]
2025-12-19 16:46:43 | DEBUG    | log:153 | [perform_hybrid_search] BM25 raw scores: min=0.1342, max=42.6587
2025-12-19 16:46:43 | DEBUG    | log:153 | [get_keyword_boost] Query: 'Xem giao dịch thực hiện qua go...' | Doc: Tra cứu giao dịch th | Boost: 0.25 | Matched: ['google pay']
2025-12-19 16:46:43 | DEBUG    | log:153 | [classify_query_intent] Classified: 'Xem giao dịch thực hiện qua go...' -> Tra cứu giao dịch theo kênh gi (score=1)
2025-12-19 16:46:43 | DEBUG    | log:153 | [normalize_query] 'Liệt kê giao dịch qua VNPay...' -> 'Liệt kê giao dịch qua vnpay...'
2025-12-19 16:46:43 | DEBUG    | log:153 | [perform_hybrid_search] query_text: [Liệt kê giao dịch qua VNPay] - formatted_query: [Liệt kê giao dịch qua vnpay] - normalized_query: [Liệt kê giao dịch qua vnpay]
2025-12-19 16:46:43 | DEBUG    | log:153 | [perform_hybrid_search] BM25 raw scores: min=0.1007, max=40.4484
2025-12-19 16:46:43 | DEBUG    | log:153 | [get_keyword_boost] Query: 'Liệt kê giao dịch qua vnpay...' | Doc: Tra cứu giao dịch th | Boost: 0.25 | Matched: ['vnpay']
2025-12-19 16:46:43 | DEBUG    | log:153 | [classify_query_intent] Classified: 'Liệt kê giao dịch qua vnpay...' -> Tra cứu giao dịch theo kênh gi (score=1)
2025-12-19 16:46:43 | DEBUG    | log:153 | [normalize_query] 'Tra cứu các giao dịch qua MoMo...' -> 'Tra cứu các giao dịch qua momo...'
2025-12-19 16:46:43 | DEBUG    | log:153 | [perform_hybrid_search] query_text: [Tra cứu các giao dịch qua MoMo] - formatted_query: [Tra cứu các giao dịch qua momo] - normalized_query: [Tra cứu các giao dịch qua momo]
2025-12-19 16:46:43 | DEBUG    | log:153 | [perform_hybrid_search] BM25 raw scores: min=0.9893, max=21.0627
2025-12-19 16:46:43 | DEBUG    | log:153 | [get_keyword_boost] Query: 'Tra cứu các giao dịch qua momo...' | Doc: Tra cứu giao dịch th | Boost: 0.25 | Matched: ['momo']
2025-12-19 16:46:43 | DEBUG    | log:153 | [classify_query_intent] Classified: 'Tra cứu các giao dịch qua momo...' -> Tra cứu giao dịch theo kênh gi (score=1)
2025-12-19 16:46:43 | DEBUG    | log:153 | [normalize_query] 'Xem chi tiết giao dịch có mã số 12345678...' -> 'Xem chi tiết giao dịch có mã số 12345678...'
2025-12-19 16:46:43 | DEBUG    | log:153 | [perform_hybrid_search] query_text: [Xem chi tiết giao dịch có mã số 123456789] - formatted_query: [Xem chi tiết giao dịch có mã số 123456789] - normalized_query: [Xem chi tiết giao dịch có mã số 123456789]
2025-12-19 16:46:43 | DEBUG    | log:153 | [perform_hybrid_search] BM25 raw scores: min=2.9511, max=61.4011
2025-12-19 16:46:43 | DEBUG    | log:153 | [get_keyword_boost] Query: 'Xem chi tiết giao dịch có mã s...' | Doc: Tra cứu chi tiết một | Boost: 0.50 | Matched: ['mã số', 'mã']
2025-12-19 16:46:43 | DEBUG    | log:153 | [classify_query_intent] Classified: 'Xem chi tiết giao dịch có mã s...' -> Tra cứu chi tiết một giao dịch (score=2)
2025-12-19 16:46:43 | DEBUG    | log:153 | [normalize_query] 'Cho tôi thông tin giao dịch có mã tham c...' -> 'Cho tôi thông tin giao dịch có mã tham c...'
2025-12-19 16:46:43 | DEBUG    | log:153 | [perform_hybrid_search] query_text: [Cho tôi thông tin giao dịch có mã tham chiếu ABC123] - formatted_query: [Cho tôi thông tin giao dịch có mã tham chiếu abc123] - normalized_query: [Cho tôi thông tin giao dịch có mã tham chiếu abc123]
2025-12-19 16:46:43 | DEBUG    | log:153 | [perform_hybrid_search] BM25 raw scores: min=0.2349, max=54.9727
2025-12-19 16:46:43 | DEBUG    | log:153 | [get_keyword_boost] Query: 'Cho tôi thông tin giao dịch có...' | Doc: Tra cứu chi tiết một | Boost: 0.50 | Matched: ['tham chiếu', 'mã']
2025-12-19 16:46:43 | DEBUG    | log:153 | [classify_query_intent] Classified: 'Cho tôi thông tin giao dịch có...' -> Tra cứu chi tiết một giao dịch (score=2)
2025-12-19 16:46:43 | DEBUG    | log:153 | [normalize_query] 'Tra cứu chi tiết giao dịch số 987654321...' -> 'Tra cứu chi tiết giao dịch số 987654321...'
2025-12-19 16:46:43 | DEBUG    | log:153 | [perform_hybrid_search] query_text: [Tra cứu chi tiết giao dịch số 987654321] - formatted_query: [Tra cứu chi tiết giao dịch số 987654321] - normalized_query: [Tra cứu chi tiết giao dịch số 987654321]
2025-12-19 16:46:43 | DEBUG    | log:153 | [perform_hybrid_search] BM25 raw scores: min=0.7576, max=35.4171
2025-12-19 16:46:43 | DEBUG    | log:153 | [classify_query_intent] No keyword matches found in: 'Tra cứu chi tiết giao dịch số 987654321'
2025-12-19 16:46:43 | DEBUG    | log:153 | [normalize_query] 'Tìm thông tin về giao dịch có ID 4567891...' -> 'Tìm thông tin về giao dịch có id 4567891...'
2025-12-19 16:46:43 | DEBUG    | log:153 | [perform_hybrid_search] query_text: [Tìm thông tin về giao dịch có ID 456789123] - formatted_query: [Tìm thông tin về giao dịch có id 456789123] - normalized_query: [Tìm thông tin về giao dịch có id 456789123]
2025-12-19 16:46:43 | DEBUG    | log:153 | [perform_hybrid_search] BM25 raw scores: min=3.0198, max=39.8025
2025-12-19 16:46:43 | DEBUG    | log:153 | [get_keyword_boost] Query: 'Tìm thông tin về giao dịch có ...' | Doc: Tra cứu chi tiết một | Boost: 0.25 | Matched: ['id']
2025-12-19 16:46:43 | DEBUG    | log:153 | [classify_query_intent] Classified: 'Tìm thông tin về giao dịch có ...' -> Tra cứu chi tiết một giao dịch (score=1)
2025-12-19 16:46:43 | DEBUG    | log:153 | [normalize_query] 'Liệt kê chi tiết của giao dịch mã GD1234...' -> 'Liệt kê chi tiết của giao dịch mã gd1234...'
2025-12-19 16:46:43 | DEBUG    | log:153 | [perform_hybrid_search] query_text: [Liệt kê chi tiết của giao dịch mã GD123456] - formatted_query: [Liệt kê chi tiết của giao dịch mã gd123456] - normalized_query: [Liệt kê chi tiết của giao dịch mã gd123456]
2025-12-19 16:46:43 | DEBUG    | log:153 | [perform_hybrid_search] BM25 raw scores: min=0.1374, max=40.9041
2025-12-19 16:46:43 | DEBUG    | log:153 | [get_keyword_boost] Query: 'Liệt kê chi tiết của giao dịch...' | Doc: Tra cứu chi tiết một | Boost: 0.25 | Matched: ['mã']
2025-12-19 16:46:43 | DEBUG    | log:153 | [classify_query_intent] Classified: 'Liệt kê chi tiết của giao dịch...' -> Tra cứu chi tiết một giao dịch (score=1)
2025-12-19 16:46:43 | DEBUG    | log:153 | [normalize_query] 'Cho biết thông tin giao dịch có số tham ...' -> 'Cho biết thông tin giao dịch có số tham ...'
2025-12-19 16:46:43 | DEBUG    | log:153 | [perform_hybrid_search] query_text: [Cho biết thông tin giao dịch có số tham chiếu REF001] - formatted_query: [Cho biết thông tin giao dịch có số tham chiếu ref001] - normalized_query: [Cho biết thông tin giao dịch có số tham chiếu ref001]
2025-12-19 16:46:43 | DEBUG    | log:153 | [perform_hybrid_search] BM25 raw scores: min=0.2685, max=52.2795
2025-12-19 16:46:43 | DEBUG    | log:153 | [get_keyword_boost] Query: 'Cho biết thông tin giao dịch c...' | Doc: Tra cứu chi tiết một | Boost: 0.25 | Matched: ['tham chiếu']
2025-12-19 16:46:43 | DEBUG    | log:153 | [classify_query_intent] Classified: 'Cho biết thông tin giao dịch c...' -> Tra cứu chi tiết một giao dịch (score=1)
2025-12-19 16:46:43 | DEBUG    | log:153 | [normalize_query] 'Xem nội dung giao dịch có mã 111222333...' -> 'Xem nội dung giao dịch có mã 111222333...'
2025-12-19 16:46:43 | DEBUG    | log:153 | [perform_hybrid_search] query_text: [Xem nội dung giao dịch có mã 111222333] - formatted_query: [Xem nội dung giao dịch có mã 111222333] - normalized_query: [Xem nội dung giao dịch có mã 111222333]
2025-12-19 16:46:43 | DEBUG    | log:153 | [perform_hybrid_search] BM25 raw scores: min=0.1678, max=46.5570
2025-12-19 16:46:43 | DEBUG    | log:153 | [get_keyword_boost] Query: 'Xem nội dung giao dịch có mã 1...' | Doc: Tra cứu chi tiết một | Boost: 0.25 | Matched: ['mã']
2025-12-19 16:46:43 | DEBUG    | log:153 | [classify_query_intent] Classified: 'Xem nội dung giao dịch có mã 1...' -> Tra cứu chi tiết một giao dịch (score=1)
2025-12-19 16:46:43 | DEBUG    | log:153 | [normalize_query] 'Tra cứu giao dịch theo mã tham chiếu TRN...' -> 'Tra cứu giao dịch theo mã tham chiếu trn...'
2025-12-19 16:46:43 | DEBUG    | log:153 | [perform_hybrid_search] query_text: [Tra cứu giao dịch theo mã tham chiếu TRN20241217001] - formatted_query: [Tra cứu giao dịch theo mã tham chiếu trn20241217001] - normalized_query: [Tra cứu giao dịch theo mã tham chiếu trn20241217001]
2025-12-19 16:46:43 | DEBUG    | log:153 | [perform_hybrid_search] BM25 raw scores: min=1.0309, max=31.8161
2025-12-19 16:46:43 | DEBUG    | log:153 | [get_keyword_boost] Query: 'Tra cứu giao dịch theo mã tham...' | Doc: Tra cứu chi tiết một | Boost: 0.50 | Matched: ['tham chiếu', 'mã']
2025-12-19 16:46:43 | DEBUG    | log:153 | [classify_query_intent] Classified: 'Tra cứu giao dịch theo mã tham...' -> Tra cứu chi tiết một giao dịch (score=2)
2025-12-19 16:46:43 | DEBUG    | log:153 | [normalize_query] 'Tìm chi tiết giao dịch có trans_id 78945...' -> 'Tìm chi tiết giao dịch có trans_id 78945...'
2025-12-19 16:46:43 | DEBUG    | log:153 | [perform_hybrid_search] query_text: [Tìm chi tiết giao dịch có trans_id 789456123] - formatted_query: [Tìm chi tiết giao dịch có trans_id 789456123] - normalized_query: [Tìm chi tiết giao dịch có trans_id 789456123]
2025-12-19 16:46:43 | DEBUG    | log:153 | [perform_hybrid_search] BM25 raw scores: min=2.8481, max=49.9689
2025-12-19 16:46:43 | DEBUG    | log:153 | [get_keyword_boost] Query: 'Tìm chi tiết giao dịch có tran...' | Doc: Tra cứu chi tiết một | Boost: 0.50 | Matched: ['trans_id', 'id']
2025-12-19 16:46:43 | DEBUG    | log:153 | [classify_query_intent] Classified: 'Tìm chi tiết giao dịch có tran...' -> Tra cứu chi tiết một giao dịch (score=2)
2025-12-19 16:46:43 | DEBUG    | log:153 | [normalize_query] 'Cho xem thông tin đầy đủ của giao dịch s...' -> 'Cho xem thông tin đầy đủ của giao dịch s...'
2025-12-19 16:46:43 | DEBUG    | log:153 | [perform_hybrid_search] query_text: [Cho xem thông tin đầy đủ của giao dịch số 321654987] - formatted_query: [Cho xem thông tin đầy đủ của giao dịch số 321654987] - normalized_query: [Cho xem thông tin đầy đủ của giao dịch số 321654987]
2025-12-19 16:46:43 | DEBUG    | log:153 | [perform_hybrid_search] BM25 raw scores: min=0.2685, max=31.7124
2025-12-19 16:46:43 | DEBUG    | log:153 | [classify_query_intent] No keyword matches found in: 'Cho xem thông tin đầy đủ của giao dịch số 32165498'
2025-12-19 16:46:43 | DEBUG    | log:153 | [normalize_query] 'Kiểm tra trạng thái giao dịch có mã ABC7...' -> 'Kiểm tra trạng thái giao dịch có mã abc7...'
2025-12-19 16:46:43 | DEBUG    | log:153 | [perform_hybrid_search] query_text: [Kiểm tra trạng thái giao dịch có mã ABC789] - formatted_query: [Kiểm tra trạng thái giao dịch có mã abc789] - normalized_query: [Kiểm tra trạng thái giao dịch có mã abc789]
2025-12-19 16:46:43 | DEBUG    | log:153 | [perform_hybrid_search] BM25 raw scores: min=0.1678, max=47.4922
2025-12-19 16:46:43 | DEBUG    | log:153 | [get_keyword_boost] Query: 'Kiểm tra trạng thái giao dịch ...' | Doc: Tra cứu giao dịch th | Boost: 0.25 | Matched: ['trạng thái']
2025-12-19 16:46:43 | DEBUG    | log:153 | [get_keyword_boost] Query: 'Kiểm tra trạng thái giao dịch ...' | Doc: Tra cứu chi tiết một | Boost: 0.25 | Matched: ['mã']
2025-12-19 16:46:43 | DEBUG    | log:153 | [classify_query_intent] Ambiguous: 'Kiểm tra trạng thái giao dịch ...' | Scores: {'Tra cứu giao dịch theo trạng thái': 1, 'Tra cứu chi tiết một giao dịch cụ thể': 1}
2025-12-19 16:46:43 | DEBUG    | log:153 | [normalize_query] 'Xem phí của giao dịch có mã số 555666777...' -> 'Xem phí của giao dịch có mã số 555666777...'
2025-12-19 16:46:43 | DEBUG    | log:153 | [perform_hybrid_search] query_text: [Xem phí của giao dịch có mã số 555666777] - formatted_query: [Xem phí của giao dịch có mã số 555666777] - normalized_query: [Xem phí của giao dịch có mã số 555666777]
2025-12-19 16:46:43 | DEBUG    | log:153 | [perform_hybrid_search] BM25 raw scores: min=0.2014, max=48.3443
2025-12-19 16:46:43 | DEBUG    | log:153 | [get_keyword_boost] Query: 'Xem phí của giao dịch có mã số...' | Doc: Tra cứu chi tiết một | Boost: 0.50 | Matched: ['mã số', 'mã']
2025-12-19 16:46:43 | DEBUG    | log:153 | [get_keyword_boost] Query: 'Xem phí của giao dịch có mã số...' | Doc: Tra cứu phí giao dịc | Boost: 0.25 | Matched: ['phí']
2025-12-19 16:46:43 | DEBUG    | log:153 | [classify_query_intent] Classified: 'Xem phí của giao dịch có mã số...' -> Tra cứu chi tiết một giao dịch (score=2)
2025-12-19 16:46:43 | DEBUG    | log:153 | [normalize_query] 'Tra cứu thời gian thực hiện giao dịch 12...' -> 'Tra cứu thời gian thực hiện giao dịch 12...'
2025-12-19 16:46:43 | DEBUG    | log:153 | [perform_hybrid_search] query_text: [Tra cứu thời gian thực hiện giao dịch 123123123] - formatted_query: [Tra cứu thời gian thực hiện giao dịch 123123123] - normalized_query: [Tra cứu thời gian thực hiện giao dịch 123123123]
2025-12-19 16:46:43 | DEBUG    | log:153 | [perform_hybrid_search] BM25 raw scores: min=0.7591, max=21.7739
2025-12-19 16:46:43 | DEBUG    | log:153 | [classify_query_intent] No keyword matches found in: 'Tra cứu thời gian thực hiện giao dịch 123123123'
2025-12-19 16:46:43 | DEBUG    | log:153 | [normalize_query] 'Cho biết người nhận của giao dịch có mã ...' -> 'Cho biết người nhận của giao dịch có mã ...'
2025-12-19 16:46:43 | DEBUG    | log:153 | [perform_hybrid_search] query_text: [Cho biết người nhận của giao dịch có mã REF999] - formatted_query: [Cho biết người nhận của giao dịch có mã ref999] - normalized_query: [Cho biết người nhận của giao dịch có mã ref999]
2025-12-19 16:46:43 | DEBUG    | log:153 | [perform_hybrid_search] BM25 raw scores: min=0.1678, max=42.4332
2025-12-19 16:46:43 | DEBUG    | log:153 | [get_keyword_boost] Query: 'Cho biết người nhận của giao d...' | Doc: Tra cứu chi tiết một | Boost: 0.25 | Matched: ['mã']
2025-12-19 16:46:43 | DEBUG    | log:153 | [get_keyword_boost] Query: 'Cho biết người nhận của giao d...' | Doc: Tra cứu giao dịch nh | Boost: 0.25 | Matched: ['nhận']
2025-12-19 16:46:43 | DEBUG    | log:153 | [classify_query_intent] Ambiguous: 'Cho biết người nhận của giao d...' | Scores: {'Tra cứu chi tiết một giao dịch cụ thể': 1, 'Tra cứu giao dịch nhận tiền': 1}
2025-12-19 16:46:43 | DEBUG    | log:153 | [normalize_query] 'Tìm số tiền của giao dịch có ID 88877766...' -> 'Tìm số tiền của giao dịch có id 88877766...'
2025-12-19 16:46:43 | DEBUG    | log:153 | [perform_hybrid_search] query_text: [Tìm số tiền của giao dịch có ID 888777666] - formatted_query: [Tìm số tiền của giao dịch có id 888777666] - normalized_query: [Tìm số tiền của giao dịch có id 888777666]
2025-12-19 16:46:43 | DEBUG    | log:153 | [perform_hybrid_search] BM25 raw scores: min=0.3356, max=34.5977
2025-12-19 16:46:43 | DEBUG    | log:153 | [get_keyword_boost] Query: 'Tìm số tiền của giao dịch có i...' | Doc: Tra cứu chi tiết một | Boost: 0.25 | Matched: ['id']
2025-12-19 16:46:43 | DEBUG    | log:153 | [classify_query_intent] Classified: 'Tìm số tiền của giao dịch có i...' -> Tra cứu chi tiết một giao dịch (score=1)
2025-12-19 16:46:43 | DEBUG    | log:153 | [normalize_query] 'Xem kênh thực hiện giao dịch có mã 44455...' -> 'Xem kênh thực hiện giao dịch có mã 44455...'
2025-12-19 16:46:43 | DEBUG    | log:153 | [perform_hybrid_search] query_text: [Xem kênh thực hiện giao dịch có mã 444555666] - formatted_query: [Xem kênh thực hiện giao dịch có mã 444555666] - normalized_query: [Xem kênh thực hiện giao dịch có mã 444555666]
2025-12-19 16:46:43 | DEBUG    | log:153 | [perform_hybrid_search] BM25 raw scores: min=0.1678, max=50.8121
2025-12-19 16:46:43 | DEBUG    | log:153 | [get_keyword_boost] Query: 'Xem kênh thực hiện giao dịch c...' | Doc: Tra cứu chi tiết một | Boost: 0.25 | Matched: ['mã']
2025-12-19 16:46:43 | DEBUG    | log:153 | [classify_query_intent] Classified: 'Xem kênh thực hiện giao dịch c...' -> Tra cứu chi tiết một giao dịch (score=1)
2025-12-19 16:46:43 | DEBUG    | log:153 | [normalize_query] 'Tra soát giao dịch có số tham chiếu TRAN...' -> 'Tra soát giao dịch có số tham chiếu tran...'
2025-12-19 16:46:43 | DEBUG    | log:153 | [perform_hybrid_search] query_text: [Tra soát giao dịch có số tham chiếu TRANS001] - formatted_query: [Tra soát giao dịch có số tham chiếu trans001] - normalized_query: [Tra soát giao dịch có số tham chiếu trans001]
2025-12-19 16:46:43 | DEBUG    | log:153 | [perform_hybrid_search] BM25 raw scores: min=0.2014, max=48.6621
2025-12-19 16:46:43 | DEBUG    | log:153 | [get_keyword_boost] Query: 'Tra soát giao dịch có số tham ...' | Doc: Tra cứu chi tiết một | Boost: 0.25 | Matched: ['tham chiếu']
2025-12-19 16:46:43 | DEBUG    | log:153 | [classify_query_intent] Classified: 'Tra soát giao dịch có số tham ...' -> Tra cứu chi tiết một giao dịch (score=1)
2025-12-19 16:46:43 | DEBUG    | log:153 | [normalize_query] 'Kiểm tra chi tiết giao dịch mã giao dịch...' -> 'Kiểm tra chi tiết giao dịch mã giao dịch...'
2025-12-19 16:46:43 | DEBUG    | log:153 | [perform_hybrid_search] query_text: [Kiểm tra chi tiết giao dịch mã giao dịch GD789] - formatted_query: [Kiểm tra chi tiết giao dịch mã giao dịch gd789] - normalized_query: [Kiểm tra chi tiết giao dịch mã giao dịch gd789]
2025-12-19 16:46:43 | DEBUG    | log:153 | [perform_hybrid_search] BM25 raw scores: min=0.1718, max=46.9978
2025-12-19 16:46:43 | DEBUG    | log:153 | [get_keyword_boost] Query: 'Kiểm tra chi tiết giao dịch mã...' | Doc: Tra cứu chi tiết một | Boost: 0.50 | Matched: ['mã', 'mã giao dịch']
2025-12-19 16:46:43 | DEBUG    | log:153 | [classify_query_intent] Classified: 'Kiểm tra chi tiết giao dịch mã...' -> Tra cứu chi tiết một giao dịch (score=2)
2025-12-19 16:46:43 | DEBUG    | log:153 | [normalize_query] 'Cho tôi xem toàn bộ thông tin giao dịch ...' -> 'Cho tôi xem toàn bộ thông tin giao dịch ...'
2025-12-19 16:46:43 | DEBUG    | log:153 | [perform_hybrid_search] query_text: [Cho tôi xem toàn bộ thông tin giao dịch số 999888777] - formatted_query: [Cho tôi xem toàn bộ thông tin giao dịch số 999888777] - normalized_query: [Cho tôi xem toàn bộ thông tin giao dịch số 999888777]
2025-12-19 16:46:43 | DEBUG    | log:153 | [perform_hybrid_search] BM25 raw scores: min=0.2748, max=31.1622
2025-12-19 16:46:43 | DEBUG    | log:153 | [classify_query_intent] No keyword matches found in: 'Cho tôi xem toàn bộ thông tin giao dịch số 9998887'
2025-12-19 16:46:43 | DEBUG    | log:153 | [normalize_query] 'Tra cứu lý do thất bại của giao dịch có ...' -> 'Tra cứu lý do thất bại của giao dịch có ...'
2025-12-19 16:46:43 | DEBUG    | log:153 | [perform_hybrid_search] query_text: [Tra cứu lý do thất bại của giao dịch có mã ERR123] - formatted_query: [Tra cứu lý do thất bại của giao dịch có mã err123] - normalized_query: [Tra cứu lý do thất bại của giao dịch có mã err123]
2025-12-19 16:46:43 | DEBUG    | log:153 | [perform_hybrid_search] BM25 raw scores: min=0.7066, max=55.2363
2025-12-19 16:46:43 | DEBUG    | log:153 | [get_keyword_boost] Query: 'Tra cứu lý do thất bại của gia...' | Doc: Tra cứu giao dịch th | Boost: 0.25 | Matched: ['thất bại']
2025-12-19 16:46:43 | DEBUG    | log:153 | [get_keyword_boost] Query: 'Tra cứu lý do thất bại của gia...' | Doc: Tra cứu chi tiết một | Boost: 0.25 | Matched: ['mã']
2025-12-19 16:46:43 | DEBUG    | log:153 | [classify_query_intent] Ambiguous: 'Tra cứu lý do thất bại của gia...' | Scores: {'Tra cứu giao dịch theo trạng thái': 1, 'Tra cứu chi tiết một giao dịch cụ thể': 1}
2025-12-19 16:46:43 | DEBUG    | log:153 | [normalize_query] 'Xem các giao dịch nhận tiền vào tài khoả...' -> 'Xem các giao dịch nhận tiền vào tài khoả...'
2025-12-19 16:46:43 | DEBUG    | log:153 | [perform_hybrid_search] query_text: [Xem các giao dịch nhận tiền vào tài khoản] - formatted_query: [Xem các giao dịch nhận tiền vào tài khoản] - normalized_query: [Xem các giao dịch nhận tiền vào tài khoản]
2025-12-19 16:46:43 | DEBUG    | log:153 | [perform_hybrid_search] BM25 raw scores: min=0.6546, max=16.7518
2025-12-19 16:46:43 | DEBUG    | log:153 | [get_keyword_boost] Query: 'Xem các giao dịch nhận tiền và...' | Doc: Tra cứu lịch sử giao | Boost: 0.25 | Matched: ['tài khoản']
2025-12-19 16:46:43 | DEBUG    | log:153 | [get_keyword_boost] Query: 'Xem các giao dịch nhận tiền và...' | Doc: Tra cứu giao dịch nh | Boost: 1.00 | Matched: ['nhận tiền', 'nhận', 'tiền vào']
2025-12-19 16:46:43 | DEBUG    | log:153 | [classify_query_intent] Classified: 'Xem các giao dịch nhận tiền và...' -> Tra cứu giao dịch nhận tiền (score=4)
2025-12-19 16:46:43 | DEBUG    | log:153 | [normalize_query] 'Cho tôi danh sách tiền đã nhận được...' -> 'Cho tôi danh sách tiền đã nhận được...'
2025-12-19 16:46:43 | DEBUG    | log:153 | [perform_hybrid_search] query_text: [Cho tôi danh sách tiền đã nhận được] - formatted_query: [Cho tôi danh sách tiền đã nhận được] - normalized_query: [Cho tôi danh sách tiền đã nhận được]
2025-12-19 16:46:43 | DEBUG    | log:153 | [perform_hybrid_search] BM25 raw scores: min=0.0336, max=7.6448
2025-12-19 16:46:43 | DEBUG    | log:153 | [get_keyword_boost] Query: 'Cho tôi danh sách tiền đã nhận...' | Doc: Tra cứu giao dịch nh | Boost: 0.25 | Matched: ['nhận']
2025-12-19 16:46:43 | DEBUG    | log:153 | [classify_query_intent] Classified: 'Cho tôi danh sách tiền đã nhận...' -> Tra cứu giao dịch nhận tiền (score=1)
2025-12-19 16:46:43 | DEBUG    | log:153 | [normalize_query] 'Tìm các lần được chuyển tiền vào...' -> 'Tìm các lần được chuyển tiền vào...'
2025-12-19 16:46:43 | DEBUG    | log:153 | [perform_hybrid_search] query_text: [Tìm các lần được chuyển tiền vào] - formatted_query: [Tìm các lần được chuyển tiền vào] - normalized_query: [Tìm các lần được chuyển tiền vào]
2025-12-19 16:46:44 | DEBUG    | log:153 | [perform_hybrid_search] BM25 raw scores: min=0.1342, max=20.5313
2025-12-19 16:46:44 | DEBUG    | log:153 | [get_keyword_boost] Query: 'Tìm các lần được chuyển tiền v...' | Doc: Tra cứu giao dịch th | Boost: 0.25 | Matched: ['chuyển tiền']
2025-12-19 16:46:44 | DEBUG    | log:153 | [get_keyword_boost] Query: 'Tìm các lần được chuyển tiền v...' | Doc: Tra cứu giao dịch ch | Boost: 0.25 | Matched: ['chuyển tiền']
2025-12-19 16:46:44 | DEBUG    | log:153 | [get_keyword_boost] Query: 'Tìm các lần được chuyển tiền v...' | Doc: Tra cứu giao dịch nh | Boost: 0.25 | Matched: ['tiền vào']
2025-12-19 16:46:44 | DEBUG    | log:153 | [classify_query_intent] Ambiguous: 'Tìm các lần được chuyển tiền v...' | Scores: {'Tra cứu giao dịch theo loại giao dịch': 1, 'Tra cứu giao dịch chuyển tiền': 1, 'Tra cứu giao dịch nhận tiền': 1}
2025-12-19 16:46:44 | DEBUG    | log:153 | [normalize_query] 'Liệt kê giao dịch tiền vào trong tháng...' -> 'Liệt kê giao dịch tiền vào trong tháng...'
2025-12-19 16:46:44 | DEBUG    | log:153 | [perform_hybrid_search] query_text: [Liệt kê giao dịch tiền vào trong tháng] - formatted_query: [Liệt kê giao dịch tiền vào trong tháng] - normalized_query: [Liệt kê giao dịch tiền vào trong tháng]
2025-12-19 16:46:44 | DEBUG    | log:153 | [perform_hybrid_search] BM25 raw scores: min=0.1342, max=25.1630
2025-12-19 16:46:44 | DEBUG    | log:153 | [get_keyword_boost] Query: 'Liệt kê giao dịch tiền vào tro...' | Doc: Tra cứu lịch sử giao | Boost: 0.25 | Matched: ['tháng']
2025-12-19 16:46:44 | DEBUG    | log:153 | [get_keyword_boost] Query: 'Liệt kê giao dịch tiền vào tro...' | Doc: Tra cứu giao dịch nh | Boost: 0.25 | Matched: ['tiền vào']
2025-12-19 16:46:44 | DEBUG    | log:153 | [classify_query_intent] Ambiguous: 'Liệt kê giao dịch tiền vào tro...' | Scores: {'Tra cứu lịch sử giao dịch theo khoảng thời gian': 1, 'Tra cứu giao dịch nhận tiền': 1}
2025-12-19 16:46:44 | DEBUG    | log:153 | [normalize_query] 'Tra cứu ai đã chuyển tiền cho tôi...' -> 'Tra cứu ai đã chuyển tiền cho tôi...'
2025-12-19 16:46:44 | DEBUG    | log:153 | [perform_hybrid_search] query_text: [Tra cứu ai đã chuyển tiền cho tôi] - formatted_query: [Tra cứu ai đã chuyển tiền cho tôi] - normalized_query: [Tra cứu ai đã chuyển tiền cho tôi]
2025-12-19 16:46:44 | DEBUG    | log:153 | [perform_hybrid_search] BM25 raw scores: min=0.6770, max=2.5797
2025-12-19 16:46:44 | DEBUG    | log:153 | [get_keyword_boost] Query: 'Tra cứu ai đã chuyển tiền cho ...' | Doc: Tra cứu giao dịch th | Boost: 0.25 | Matched: ['chuyển tiền']
2025-12-19 16:46:44 | DEBUG    | log:153 | [get_keyword_boost] Query: 'Tra cứu ai đã chuyển tiền cho ...' | Doc: Tra cứu giao dịch ch | Boost: 0.25 | Matched: ['chuyển tiền']
2025-12-19 16:46:44 | DEBUG    | log:153 | [classify_query_intent] Ambiguous: 'Tra cứu ai đã chuyển tiền cho ...' | Scores: {'Tra cứu giao dịch theo loại giao dịch': 1, 'Tra cứu giao dịch chuyển tiền': 1}
2025-12-19 16:46:44 | DEBUG    | log:153 | [normalize_query] 'Cho biết các khoản tiền đã nhận được hôm...' -> 'Cho biết các khoản tiền đã nhận được hôm...'
2025-12-19 16:46:44 | DEBUG    | log:153 | [perform_hybrid_search] query_text: [Cho biết các khoản tiền đã nhận được hôm nay] - formatted_query: [Cho biết các khoản tiền đã nhận được hôm nay] - normalized_query: [Cho biết các khoản tiền đã nhận được hôm nay]
2025-12-19 16:46:44 | DEBUG    | log:153 | [perform_hybrid_search] BM25 raw scores: min=0.2417, max=14.5847
2025-12-19 16:46:44 | DEBUG    | log:153 | [get_keyword_boost] Query: 'Cho biết các khoản tiền đã nhậ...' | Doc: Tra cứu lịch sử giao | Boost: 0.25 | Matched: ['nay']
2025-12-19 16:46:44 | DEBUG    | log:153 | [get_keyword_boost] Query: 'Cho biết các khoản tiền đã nhậ...' | Doc: Tra cứu giao dịch nh | Boost: 0.25 | Matched: ['nhận']
2025-12-19 16:46:44 | DEBUG    | log:153 | [classify_query_intent] Ambiguous: 'Cho biết các khoản tiền đã nhậ...' | Scores: {'Tra cứu lịch sử giao dịch theo khoảng thời gian': 1, 'Tra cứu giao dịch nhận tiền': 1}
2025-12-19 16:46:44 | DEBUG    | log:153 | [normalize_query] 'Xem lịch sử tiền ghi có vào tài khoản...' -> 'Xem lịch sử tiền ghi có vào tài khoản...'
2025-12-19 16:46:44 | DEBUG    | log:153 | [perform_hybrid_search] query_text: [Xem lịch sử tiền ghi có vào tài khoản] - formatted_query: [Xem lịch sử tiền ghi có vào tài khoản] - normalized_query: [Xem lịch sử tiền ghi có vào tài khoản]
2025-12-19 16:46:44 | DEBUG    | log:153 | [perform_hybrid_search] BM25 raw scores: min=0.6881, max=10.7762
2025-12-19 16:46:44 | DEBUG    | log:153 | [get_keyword_boost] Query: 'Xem lịch sử tiền ghi có vào tà...' | Doc: Tra cứu lịch sử giao | Boost: 0.25 | Matched: ['tài khoản']
2025-12-19 16:46:44 | DEBUG    | log:153 | [get_keyword_boost] Query: 'Xem lịch sử tiền ghi có vào tà...' | Doc: Tra cứu giao dịch nh | Boost: 0.25 | Matched: ['vào tài khoản']
2025-12-19 16:46:44 | DEBUG    | log:153 | [classify_query_intent] Ambiguous: 'Xem lịch sử tiền ghi có vào tà...' | Scores: {'Tra cứu lịch sử giao dịch theo số tài khoản': 1, 'Tra cứu giao dịch nhận tiền': 1}
2025-12-19 16:46:44 | DEBUG    | log:153 | [normalize_query] 'Liệt kê các khoản tiền nhận từ tài khoản...' -> 'Liệt kê các khoản tiền nhận từ tài khoản...'
2025-12-19 16:46:44 | DEBUG    | log:153 | [perform_hybrid_search] query_text: [Liệt kê các khoản tiền nhận từ tài khoản 0123456789] - formatted_query: [Liệt kê các khoản tiền nhận từ tài khoản 0123456789] - normalized_query: [Liệt kê các khoản tiền nhận từ tài khoản 0123456789]
2025-12-19 16:46:44 | DEBUG    | log:153 | [perform_hybrid_search] BM25 raw scores: min=0.5539, max=30.1498
2025-12-19 16:46:44 | DEBUG    | log:153 | [get_keyword_boost] Query: 'Liệt kê các khoản tiền nhận từ...' | Doc: Tra cứu lịch sử giao | Boost: 0.25 | Matched: ['tài khoản']
2025-12-19 16:46:44 | DEBUG    | log:153 | [get_keyword_boost] Query: 'Liệt kê các khoản tiền nhận từ...' | Doc: Tra cứu giao dịch nh | Boost: 0.50 | Matched: ['nhận', 'khoản tiền nhận']
2025-12-19 16:46:44 | DEBUG    | log:153 | [classify_query_intent] Classified: 'Liệt kê các khoản tiền nhận từ...' -> Tra cứu giao dịch nhận tiền (score=2)
2025-12-19 16:46:44 | DEBUG    | log:153 | [normalize_query] 'Cho xem những ai đã chuyển tiền đến tài ...' -> 'Cho xem những ai đã chuyển tiền đến tài ...'
2025-12-19 16:46:44 | DEBUG    | log:153 | [perform_hybrid_search] query_text: [Cho xem những ai đã chuyển tiền đến tài khoản của tôi] - formatted_query: [Cho xem những ai đã chuyển tiền đến tài khoản của tôi] - normalized_query: [Cho xem những ai đã chuyển tiền đến tài khoản của tôi]
2025-12-19 16:46:44 | DEBUG    | log:153 | [perform_hybrid_search] BM25 raw scores: min=0.6546, max=10.3746
2025-12-19 16:46:44 | DEBUG    | log:153 | [get_keyword_boost] Query: 'Cho xem những ai đã chuyển tiề...' | Doc: Tra cứu lịch sử giao | Boost: 0.25 | Matched: ['tài khoản']
2025-12-19 16:46:44 | DEBUG    | log:153 | [get_keyword_boost] Query: 'Cho xem những ai đã chuyển tiề...' | Doc: Tra cứu giao dịch th | Boost: 0.25 | Matched: ['chuyển tiền']
2025-12-19 16:46:44 | DEBUG    | log:153 | [get_keyword_boost] Query: 'Cho xem những ai đã chuyển tiề...' | Doc: Tra cứu giao dịch ch | Boost: 0.25 | Matched: ['chuyển tiền']
2025-12-19 16:46:44 | DEBUG    | log:153 | [classify_query_intent] Ambiguous: 'Cho xem những ai đã chuyển tiề...' | Scores: {'Tra cứu lịch sử giao dịch theo số tài khoản': 1, 'Tra cứu giao dịch theo loại giao dịch': 1, 'Tra cứu giao dịch chuyển tiền': 1}
2025-12-19 16:46:44 | DEBUG    | log:153 | [normalize_query] 'Xem danh sách người gửi tiền thường xuyê...' -> 'Xem danh sách người gửi tiền thường xuyê...'
2025-12-19 16:46:44 | DEBUG    | log:153 | [perform_hybrid_search] query_text: [Xem danh sách người gửi tiền thường xuyên] - formatted_query: [Xem danh sách người gửi tiền thường xuyên] - normalized_query: [Xem danh sách người gửi tiền thường xuyên]
2025-12-19 16:46:44 | DEBUG    | log:153 | [perform_hybrid_search] BM25 raw scores: min=0.0671, max=17.8167
2025-12-19 16:46:44 | DEBUG    | log:153 | [classify_query_intent] No keyword matches found in: 'Xem danh sách người gửi tiền thường xuyên'
2025-12-19 16:46:44 | DEBUG    | log:153 | [normalize_query] 'Liệt kê tiền nhận từ lương hàng tháng...' -> 'Liệt kê tiền nhận từ lương hàng tháng...'
2025-12-19 16:46:44 | DEBUG    | log:153 | [perform_hybrid_search] query_text: [Liệt kê tiền nhận từ lương hàng tháng] - formatted_query: [Liệt kê tiền nhận từ lương hàng tháng] - normalized_query: [Liệt kê tiền nhận từ lương hàng tháng]
2025-12-19 16:46:44 | DEBUG    | log:153 | [perform_hybrid_search] BM25 raw scores: min=0.0336, max=20.1893
2025-12-19 16:46:44 | DEBUG    | log:153 | [get_keyword_boost] Query: 'Liệt kê tiền nhận từ lương hàn...' | Doc: Tra cứu lịch sử giao | Boost: 0.25 | Matched: ['tháng']
2025-12-19 16:46:44 | DEBUG    | log:153 | [get_keyword_boost] Query: 'Liệt kê tiền nhận từ lương hàn...' | Doc: Tra cứu giao dịch nh | Boost: 0.25 | Matched: ['nhận']
2025-12-19 16:46:44 | DEBUG    | log:153 | [classify_query_intent] Ambiguous: 'Liệt kê tiền nhận từ lương hàn...' | Scores: {'Tra cứu lịch sử giao dịch theo khoảng thời gian': 1, 'Tra cứu giao dịch nhận tiền': 1}
2025-12-19 16:46:44 | DEBUG    | log:153 | [normalize_query] 'Tra cứu giao dịch nhận tiền từ ngân hàng...' -> 'Tra cứu giao dịch nhận tiền từ ngân hàng...'
2025-12-19 16:46:44 | DEBUG    | log:153 | [perform_hybrid_search] query_text: [Tra cứu giao dịch nhận tiền từ ngân hàng khác] - formatted_query: [Tra cứu giao dịch nhận tiền từ ngân hàng khác] - normalized_query: [Tra cứu giao dịch nhận tiền từ ngân hàng khác]
2025-12-19 16:46:44 | DEBUG    | log:153 | [perform_hybrid_search] BM25 raw scores: min=1.3350, max=10.8136
2025-12-19 16:46:44 | DEBUG    | log:153 | [get_keyword_boost] Query: 'Tra cứu giao dịch nhận tiền từ...' | Doc: Tra cứu giao dịch nh | Boost: 0.50 | Matched: ['nhận tiền', 'nhận']
2025-12-19 16:46:44 | DEBUG    | log:153 | [classify_query_intent] Classified: 'Tra cứu giao dịch nhận tiền từ...' -> Tra cứu giao dịch nhận tiền (score=2)
2025-12-19 16:46:44 | DEBUG    | log:153 | [normalize_query] 'Tìm giao dịch nhận tiền có nội dung "lươ...' -> 'Tìm giao dịch nhận tiền có nội dung "lươ...'
2025-12-19 16:46:44 | DEBUG    | log:153 | [perform_hybrid_search] query_text: [Tìm giao dịch nhận tiền có nội dung "lương"] - formatted_query: [Tìm giao dịch nhận tiền có nội dung "lương"] - normalized_query: [Tìm giao dịch nhận tiền có nội dung "lương"]
2025-12-19 16:46:44 | DEBUG    | log:153 | [perform_hybrid_search] BM25 raw scores: min=0.1678, max=18.8525
2025-12-19 16:46:44 | DEBUG    | log:153 | [get_keyword_boost] Query: 'Tìm giao dịch nhận tiền có nội...' | Doc: Tra cứu giao dịch nh | Boost: 0.50 | Matched: ['nhận tiền', 'nhận']
2025-12-19 16:46:44 | DEBUG    | log:153 | [classify_query_intent] Classified: 'Tìm giao dịch nhận tiền có nội...' -> Tra cứu giao dịch nhận tiền (score=2)
2025-12-19 16:46:44 | DEBUG    | log:153 | [normalize_query] 'Xem các khoản tiền nhận từ công ty...' -> 'Xem các khoản tiền nhận từ công ty...'
2025-12-19 16:46:44 | DEBUG    | log:153 | [perform_hybrid_search] query_text: [Xem các khoản tiền nhận từ công ty] - formatted_query: [Xem các khoản tiền nhận từ công ty] - normalized_query: [Xem các khoản tiền nhận từ công ty]
2025-12-19 16:46:44 | DEBUG    | log:153 | [perform_hybrid_search] BM25 raw scores: min=0.2417, max=13.5421
2025-12-19 16:46:44 | DEBUG    | log:153 | [get_keyword_boost] Query: 'Xem các khoản tiền nhận từ côn...' | Doc: Tra cứu giao dịch nh | Boost: 0.50 | Matched: ['nhận', 'khoản tiền nhận']
2025-12-19 16:46:44 | DEBUG    | log:153 | [classify_query_intent] Classified: 'Xem các khoản tiền nhận từ côn...' -> Tra cứu giao dịch nhận tiền (score=2)
2025-12-19 16:46:44 | DEBUG    | log:153 | [normalize_query] 'Liệt kê giao dịch nhận tiền cùng ngân hà...' -> 'Liệt kê giao dịch nhận tiền cùng ngân hà...'
2025-12-19 16:46:44 | DEBUG    | log:153 | [perform_hybrid_search] query_text: [Liệt kê giao dịch nhận tiền cùng ngân hàng] - formatted_query: [Liệt kê giao dịch nhận tiền cùng ngân hàng] - normalized_query: [Liệt kê giao dịch nhận tiền cùng ngân hàng]
2025-12-19 16:46:44 | DEBUG    | log:153 | [perform_hybrid_search] BM25 raw scores: min=0.1342, max=29.3984
2025-12-19 16:46:44 | DEBUG    | log:153 | [get_keyword_boost] Query: 'Liệt kê giao dịch nhận tiền cù...' | Doc: Tra cứu giao dịch nh | Boost: 0.50 | Matched: ['nhận tiền', 'nhận']
2025-12-19 16:46:44 | DEBUG    | log:153 | [classify_query_intent] Classified: 'Liệt kê giao dịch nhận tiền cù...' -> Tra cứu giao dịch nhận tiền (score=2)
2025-12-19 16:46:44 | DEBUG    | log:153 | [normalize_query] 'Tra cứu các lần nhận tiền trong 7 ngày q...' -> 'Tra cứu các lần nhận tiền trong 7 ngày q...'
2025-12-19 16:46:44 | DEBUG    | log:153 | [perform_hybrid_search] query_text: [Tra cứu các lần nhận tiền trong 7 ngày qua] - formatted_query: [Tra cứu các lần nhận tiền trong 7 ngày qua] - normalized_query: [Tra cứu các lần nhận tiền trong 7 ngày qua]
2025-12-19 16:46:44 | DEBUG    | log:153 | [perform_hybrid_search] BM25 raw scores: min=0.6059, max=11.9396
2025-12-19 16:46:44 | DEBUG    | log:153 | [get_keyword_boost] Query: 'Tra cứu các lần nhận tiền tron...' | Doc: Tra cứu lịch sử giao | Boost: 0.25 | Matched: ['ngày']
2025-12-19 16:46:44 | DEBUG    | log:153 | [get_keyword_boost] Query: 'Tra cứu các lần nhận tiền tron...' | Doc: Tra cứu giao dịch nh | Boost: 0.50 | Matched: ['nhận tiền', 'nhận']
2025-12-19 16:46:44 | DEBUG    | log:153 | [classify_query_intent] Classified: 'Tra cứu các lần nhận tiền tron...' -> Tra cứu giao dịch nhận tiền (score=2)
2025-12-19 16:46:44 | DEBUG    | log:153 | [normalize_query] 'Xem các giao dịch có phí trong tháng này...' -> 'Xem các giao dịch có phí trong tháng này...'
2025-12-19 16:46:44 | DEBUG    | log:153 | [perform_hybrid_search] query_text: [Xem các giao dịch có phí trong tháng này] - formatted_query: [Xem các giao dịch có phí trong tháng này] - normalized_query: [Xem các giao dịch có phí trong tháng này]
2025-12-19 16:46:44 | DEBUG    | log:153 | [perform_hybrid_search] BM25 raw scores: min=0.1007, max=34.8701
2025-12-19 16:46:44 | DEBUG    | log:153 | [get_keyword_boost] Query: 'Xem các giao dịch có phí trong...' | Doc: Tra cứu lịch sử giao | Boost: 0.25 | Matched: ['tháng']
2025-12-19 16:46:44 | DEBUG    | log:153 | [get_keyword_boost] Query: 'Xem các giao dịch có phí trong...' | Doc: Tra cứu phí giao dịc | Boost: 0.25 | Matched: ['phí']
2025-12-19 16:46:44 | DEBUG    | log:153 | [classify_query_intent] Ambiguous: 'Xem các giao dịch có phí trong...' | Scores: {'Tra cứu lịch sử giao dịch theo khoảng thời gian': 1, 'Tra cứu phí giao dịch': 1}
2025-12-19 16:46:44 | DEBUG    | log:153 | [normalize_query] 'Cho tôi danh sách phí giao dịch đã trả...' -> 'Cho tôi danh sách phí giao dịch đã trả...'
2025-12-19 16:46:44 | DEBUG    | log:153 | [perform_hybrid_search] query_text: [Cho tôi danh sách phí giao dịch đã trả] - formatted_query: [Cho tôi danh sách phí giao dịch đã trả] - normalized_query: [Cho tôi danh sách phí giao dịch đã trả]
2025-12-19 16:46:44 | DEBUG    | log:153 | [perform_hybrid_search] BM25 raw scores: min=0.1678, max=33.8526
2025-12-19 16:46:44 | DEBUG    | log:153 | [get_keyword_boost] Query: 'Cho tôi danh sách phí giao dịc...' | Doc: Tra cứu phí giao dịc | Boost: 0.25 | Matched: ['phí']
2025-12-19 16:46:44 | DEBUG    | log:153 | [classify_query_intent] Classified: 'Cho tôi danh sách phí giao dịc...' -> Tra cứu phí giao dịch (score=1)
2025-12-19 16:46:44 | DEBUG    | log:153 | [normalize_query] 'Tìm các giao dịch bị tính phí...' -> 'Tìm các giao dịch bị tính phí...'
2025-12-19 16:46:44 | DEBUG    | log:153 | [perform_hybrid_search] query_text: [Tìm các giao dịch bị tính phí] - formatted_query: [Tìm các giao dịch bị tính phí] - normalized_query: [Tìm các giao dịch bị tính phí]
2025-12-19 16:46:44 | DEBUG    | log:153 | [perform_hybrid_search] BM25 raw scores: min=0.1007, max=27.9517
2025-12-19 16:46:44 | DEBUG    | log:153 | [get_keyword_boost] Query: 'Tìm các giao dịch bị tính phí...' | Doc: Tra cứu phí giao dịc | Boost: 0.25 | Matched: ['phí']
2025-12-19 16:46:44 | DEBUG    | log:153 | [classify_query_intent] Classified: 'Tìm các giao dịch bị tính phí...' -> Tra cứu phí giao dịch (score=1)
2025-12-19 16:46:44 | DEBUG    | log:153 | [normalize_query] 'Liệt kê phí chuyển khoản đã thanh toán...' -> 'Liệt kê phí chuyển khoản đã thanh toán...'
2025-12-19 16:46:44 | DEBUG    | log:153 | [perform_hybrid_search] query_text: [Liệt kê phí chuyển khoản đã thanh toán] - formatted_query: [Liệt kê phí chuyển khoản đã thanh toán] - normalized_query: [Liệt kê phí chuyển khoản đã thanh toán]
2025-12-19 16:46:44 | DEBUG    | log:153 | [perform_hybrid_search] BM25 raw scores: min=0.3161, max=44.0907
2025-12-19 16:46:44 | DEBUG    | log:153 | [get_keyword_boost] Query: 'Liệt kê phí chuyển khoản đã th...' | Doc: Tra cứu giao dịch th | Boost: 0.25 | Matched: ['thanh toán']
2025-12-19 16:46:44 | DEBUG    | log:153 | [get_keyword_boost] Query: 'Liệt kê phí chuyển khoản đã th...' | Doc: Tra cứu giao dịch ch | Boost: 0.25 | Matched: ['chuyển khoản']
2025-12-19 16:46:44 | DEBUG    | log:153 | [get_keyword_boost] Query: 'Liệt kê phí chuyển khoản đã th...' | Doc: Tra cứu giao dịch th | Boost: 0.25 | Matched: ['thanh toán']
2025-12-19 16:46:44 | DEBUG    | log:153 | [get_keyword_boost] Query: 'Liệt kê phí chuyển khoản đã th...' | Doc: Tra cứu phí giao dịc | Boost: 0.25 | Matched: ['phí']
2025-12-19 16:46:44 | DEBUG    | log:153 | [classify_query_intent] Ambiguous: 'Liệt kê phí chuyển khoản đã th...' | Scores: {'Tra cứu giao dịch theo loại giao dịch': 1, 'Tra cứu giao dịch chuyển tiền': 1, 'Tra cứu giao dịch thanh toán hóa đơn': 1, 'Tra cứu phí giao dịch': 1}
2025-12-19 16:46:44 | DEBUG    | log:153 | [normalize_query] 'Tra cứu tổng phí giao dịch trong tháng...' -> 'Tra cứu tổng phí giao dịch trong tháng...'
2025-12-19 16:46:44 | DEBUG    | log:153 | [perform_hybrid_search] query_text: [Tra cứu tổng phí giao dịch trong tháng] - formatted_query: [Tra cứu tổng phí giao dịch trong tháng] - normalized_query: [Tra cứu tổng phí giao dịch trong tháng]
2025-12-19 16:46:44 | DEBUG    | log:153 | [perform_hybrid_search] BM25 raw scores: min=0.6731, max=35.9836
2025-12-19 16:46:44 | DEBUG    | log:153 | [get_keyword_boost] Query: 'Tra cứu tổng phí giao dịch tro...' | Doc: Tra cứu lịch sử giao | Boost: 0.25 | Matched: ['tháng']
2025-12-19 16:46:44 | DEBUG    | log:153 | [get_keyword_boost] Query: 'Tra cứu tổng phí giao dịch tro...' | Doc: Tổng hợp số tiền gia | Boost: 0.25 | Matched: ['tổng']
2025-12-19 16:46:44 | DEBUG    | log:153 | [get_keyword_boost] Query: 'Tra cứu tổng phí giao dịch tro...' | Doc: Tra cứu phí giao dịc | Boost: 0.25 | Matched: ['phí']
2025-12-19 16:46:44 | DEBUG    | log:153 | [classify_query_intent] Ambiguous: 'Tra cứu tổng phí giao dịch tro...' | Scores: {'Tra cứu lịch sử giao dịch theo khoảng thời gian': 1, 'Tổng hợp số tiền giao dịch': 1, 'Tra cứu phí giao dịch': 1}
2025-12-19 16:46:44 | DEBUG    | log:153 | [normalize_query] 'Cho biết giao dịch nào có phí cao nhất...' -> 'Cho biết giao dịch nào có phí cao nhất...'
2025-12-19 16:46:44 | DEBUG    | log:153 | [perform_hybrid_search] query_text: [Cho biết giao dịch nào có phí cao nhất] - formatted_query: [Cho biết giao dịch nào có phí cao nhất] - normalized_query: [Cho biết giao dịch nào có phí cao nhất]
2025-12-19 16:46:44 | DEBUG    | log:153 | [perform_hybrid_search] BM25 raw scores: min=0.1007, max=40.2866
2025-12-19 16:46:44 | DEBUG    | log:153 | [get_keyword_boost] Query: 'Cho biết giao dịch nào có phí ...' | Doc: Tra cứu phí giao dịc | Boost: 0.25 | Matched: ['phí']
2025-12-19 16:46:44 | DEBUG    | log:153 | [classify_query_intent] Classified: 'Cho biết giao dịch nào có phí ...' -> Tra cứu phí giao dịch (score=1)
2025-12-19 16:46:44 | DEBUG    | log:153 | [normalize_query] 'Xem các khoản phí đã bị trừ...' -> 'Xem các khoản phí đã bị trừ...'
2025-12-19 16:46:44 | DEBUG    | log:153 | [perform_hybrid_search] query_text: [Xem các khoản phí đã bị trừ] - formatted_query: [Xem các khoản phí đã bị trừ] - normalized_query: [Xem các khoản phí đã bị trừ]
2025-12-19 16:46:44 | DEBUG    | log:153 | [perform_hybrid_search] BM25 raw scores: min=0.2081, max=23.9847
2025-12-19 16:46:44 | DEBUG    | log:153 | [get_keyword_boost] Query: 'Xem các khoản phí đã bị trừ...' | Doc: Tra cứu phí giao dịc | Boost: 0.25 | Matched: ['phí']
2025-12-19 16:46:44 | DEBUG    | log:153 | [classify_query_intent] Classified: 'Xem các khoản phí đã bị trừ...' -> Tra cứu phí giao dịch (score=1)
2025-12-19 16:46:44 | DEBUG    | log:153 | [normalize_query] 'Tìm phí chuyển tiền liên ngân hàng...' -> 'Tìm phí chuyển tiền liên ngân hàng...'
2025-12-19 16:46:44 | DEBUG    | log:153 | [perform_hybrid_search] query_text: [Tìm phí chuyển tiền liên ngân hàng] - formatted_query: [Tìm phí chuyển tiền liên ngân hàng] - normalized_query: [Tìm phí chuyển tiền liên ngân hàng]
2025-12-19 16:46:44 | DEBUG    | log:153 | [perform_hybrid_search] BM25 raw scores: min=0.1342, max=36.2965
2025-12-19 16:46:44 | DEBUG    | log:153 | [get_keyword_boost] Query: 'Tìm phí chuyển tiền liên ngân ...' | Doc: Tra cứu giao dịch th | Boost: 0.50 | Matched: ['chuyển tiền', 'liên ngân hàng']
2025-12-19 16:46:44 | DEBUG    | log:153 | [get_keyword_boost] Query: 'Tìm phí chuyển tiền liên ngân ...' | Doc: Tra cứu giao dịch ch | Boost: 0.25 | Matched: ['chuyển tiền']
2025-12-19 16:46:44 | DEBUG    | log:153 | [get_keyword_boost] Query: 'Tìm phí chuyển tiền liên ngân ...' | Doc: Tra cứu phí giao dịc | Boost: 0.25 | Matched: ['phí']
2025-12-19 16:46:44 | DEBUG    | log:153 | [classify_query_intent] Classified: 'Tìm phí chuyển tiền liên ngân ...' -> Tra cứu giao dịch theo loại gi (score=2)
2025-12-19 16:46:44 | DEBUG    | log:153 | [normalize_query] 'Liệt kê các giao dịch miễn phí...' -> 'Liệt kê các giao dịch miễn phí...'
2025-12-19 16:46:44 | DEBUG    | log:153 | [perform_hybrid_search] query_text: [Liệt kê các giao dịch miễn phí] - formatted_query: [Liệt kê các giao dịch miễn phí] - normalized_query: [Liệt kê các giao dịch miễn phí]
2025-12-19 16:46:44 | DEBUG    | log:153 | [perform_hybrid_search] BM25 raw scores: min=0.1007, max=34.6385
2025-12-19 16:46:44 | DEBUG    | log:153 | [get_keyword_boost] Query: 'Liệt kê các giao dịch miễn phí...' | Doc: Tra cứu phí giao dịc | Boost: 0.25 | Matched: ['phí']
2025-12-19 16:46:44 | DEBUG    | log:153 | [classify_query_intent] Classified: 'Liệt kê các giao dịch miễn phí...' -> Tra cứu phí giao dịch (score=1)
2025-12-19 16:46:44 | DEBUG    | log:153 | [normalize_query] 'Cho xem tổng tiền phí đã chi trong năm...' -> 'Cho xem tổng tiền phí đã chi trong năm...'
2025-12-19 16:46:44 | DEBUG    | log:153 | [perform_hybrid_search] query_text: [Cho xem tổng tiền phí đã chi trong năm] - formatted_query: [Cho xem tổng tiền phí đã chi trong năm] - normalized_query: [Cho xem tổng tiền phí đã chi trong năm]
2025-12-19 16:46:44 | DEBUG    | log:153 | [perform_hybrid_search] BM25 raw scores: min=0.0344, max=33.3237
2025-12-19 16:46:44 | DEBUG    | log:153 | [get_keyword_boost] Query: 'Cho xem tổng tiền phí đã chi t...' | Doc: Tra cứu lịch sử giao | Boost: 0.25 | Matched: ['năm']
2025-12-19 16:46:44 | DEBUG    | log:153 | [get_keyword_boost] Query: 'Cho xem tổng tiền phí đã chi t...' | Doc: Tổng hợp số tiền gia | Boost: 0.25 | Matched: ['tổng']
2025-12-19 16:46:44 | DEBUG    | log:153 | [get_keyword_boost] Query: 'Cho xem tổng tiền phí đã chi t...' | Doc: Tra cứu phí giao dịc | Boost: 0.25 | Matched: ['phí']
2025-12-19 16:46:44 | DEBUG    | log:153 | [classify_query_intent] Ambiguous: 'Cho xem tổng tiền phí đã chi t...' | Scores: {'Tra cứu lịch sử giao dịch theo khoảng thời gian': 1, 'Tổng hợp số tiền giao dịch': 1, 'Tra cứu phí giao dịch': 1}
2025-12-19 16:46:44 | DEBUG    | log:153 | [normalize_query] 'Tìm các giao dịch có phí trên 10.000đ...' -> 'Tìm các giao dịch có phí trên 10.000đ...'
2025-12-19 16:46:44 | DEBUG    | log:153 | [perform_hybrid_search] query_text: [Tìm các giao dịch có phí trên 10.000đ] - formatted_query: [Tìm các giao dịch có phí trên 10.000đ] - normalized_query: [Tìm các giao dịch có phí trên 10.000đ]
2025-12-19 16:46:44 | DEBUG    | log:153 | [perform_hybrid_search] BM25 raw scores: min=0.1007, max=47.9804
2025-12-19 16:46:44 | DEBUG    | log:153 | [get_keyword_boost] Query: 'Tìm các giao dịch có phí trên ...' | Doc: Tra cứu giao dịch th | Boost: 0.25 | Matched: ['trên']
2025-12-19 16:46:44 | DEBUG    | log:153 | [get_keyword_boost] Query: 'Tìm các giao dịch có phí trên ...' | Doc: Tra cứu phí giao dịc | Boost: 0.25 | Matched: ['phí']
2025-12-19 16:46:44 | DEBUG    | log:153 | [classify_query_intent] Ambiguous: 'Tìm các giao dịch có phí trên ...' | Scores: {'Tra cứu giao dịch theo số tiền': 1, 'Tra cứu phí giao dịch': 1}
2025-12-19 16:46:44 | DEBUG    | log:153 | [normalize_query] 'Xem danh sách phí giao dịch ATM...' -> 'Xem danh sách phí giao dịch atm...'
2025-12-19 16:46:44 | DEBUG    | log:153 | [perform_hybrid_search] query_text: [Xem danh sách phí giao dịch ATM] - formatted_query: [Xem danh sách phí giao dịch atm] - normalized_query: [Xem danh sách phí giao dịch atm]
2025-12-19 16:46:44 | DEBUG    | log:153 | [perform_hybrid_search] BM25 raw scores: min=0.1007, max=41.8660
2025-12-19 16:46:44 | DEBUG    | log:153 | [get_keyword_boost] Query: 'Xem danh sách phí giao dịch at...' | Doc: Tra cứu giao dịch th | Boost: 0.25 | Matched: ['atm']
2025-12-19 16:46:44 | DEBUG    | log:153 | [get_keyword_boost] Query: 'Xem danh sách phí giao dịch at...' | Doc: Tra cứu phí giao dịc | Boost: 0.25 | Matched: ['phí']
2025-12-19 16:46:44 | DEBUG    | log:153 | [classify_query_intent] Ambiguous: 'Xem danh sách phí giao dịch at...' | Scores: {'Tra cứu giao dịch theo kênh giao dịch': 1, 'Tra cứu phí giao dịch': 1}
2025-12-19 16:46:44 | DEBUG    | log:153 | [normalize_query] 'Liệt kê phí rút tiền đã trả...' -> 'Liệt kê phí rút tiền đã trả...'
2025-12-19 16:46:44 | DEBUG    | log:153 | [perform_hybrid_search] query_text: [Liệt kê phí rút tiền đã trả] - formatted_query: [Liệt kê phí rút tiền đã trả] - normalized_query: [Liệt kê phí rút tiền đã trả]
2025-12-19 16:46:44 | DEBUG    | log:153 | [perform_hybrid_search] BM25 raw scores: min=0.1007, max=39.7007
2025-12-19 16:46:44 | DEBUG    | log:153 | [get_keyword_boost] Query: 'Liệt kê phí rút tiền đã trả...' | Doc: Tra cứu giao dịch th | Boost: 0.25 | Matched: ['rút tiền']
2025-12-19 16:46:44 | DEBUG    | log:153 | [get_keyword_boost] Query: 'Liệt kê phí rút tiền đã trả...' | Doc: Tra cứu phí giao dịc | Boost: 0.25 | Matched: ['phí']
2025-12-19 16:46:44 | DEBUG    | log:153 | [classify_query_intent] Ambiguous: 'Liệt kê phí rút tiền đã trả...' | Scores: {'Tra cứu giao dịch theo loại giao dịch': 1, 'Tra cứu phí giao dịch': 1}
2025-12-19 16:46:44 | DEBUG    | log:153 | [normalize_query] 'Tra cứu phí thanh toán hóa đơn...' -> 'Tra cứu phí thanh toán hóa đơn...'
2025-12-19 16:46:44 | DEBUG    | log:153 | [perform_hybrid_search] query_text: [Tra cứu phí thanh toán hóa đơn] - formatted_query: [Tra cứu phí thanh toán hóa đơn] - normalized_query: [Tra cứu phí thanh toán hóa đơn]
2025-12-19 16:46:44 | DEBUG    | log:153 | [perform_hybrid_search] BM25 raw scores: min=0.6889, max=38.0477
2025-12-19 16:46:44 | DEBUG    | log:153 | [get_keyword_boost] Query: 'Tra cứu phí thanh toán hóa đơn...' | Doc: Tra cứu giao dịch th | Boost: 0.25 | Matched: ['thanh toán']
2025-12-19 16:46:44 | DEBUG    | log:153 | [get_keyword_boost] Query: 'Tra cứu phí thanh toán hóa đơn...' | Doc: Tra cứu giao dịch th | Boost: 0.50 | Matched: ['thanh toán', 'hóa đơn']
2025-12-19 16:46:44 | DEBUG    | log:153 | [get_keyword_boost] Query: 'Tra cứu phí thanh toán hóa đơn...' | Doc: Tra cứu phí giao dịc | Boost: 0.25 | Matched: ['phí']
2025-12-19 16:46:44 | DEBUG    | log:153 | [classify_query_intent] Classified: 'Tra cứu phí thanh toán hóa đơn...' -> Tra cứu giao dịch thanh toán h (score=2)
2025-12-19 16:46:44 | DEBUG    | log:153 | [normalize_query] 'Cho biết phí SMS Banking trong tháng...' -> 'Cho biết phí sms banking trong tháng...'
2025-12-19 16:46:44 | DEBUG    | log:153 | [perform_hybrid_search] query_text: [Cho biết phí SMS Banking trong tháng] - formatted_query: [Cho biết phí sms banking trong tháng] - normalized_query: [Cho biết phí sms banking trong tháng]
2025-12-19 16:46:44 | DEBUG    | log:153 | [perform_hybrid_search] BM25 raw scores: min=0.0000, max=26.9598
2025-12-19 16:46:44 | DEBUG    | log:153 | [get_keyword_boost] Query: 'Cho biết phí sms banking trong...' | Doc: Tra cứu lịch sử giao | Boost: 0.25 | Matched: ['tháng']
2025-12-19 16:46:44 | DEBUG    | log:153 | [get_keyword_boost] Query: 'Cho biết phí sms banking trong...' | Doc: Tra cứu giao dịch th | Boost: 0.25 | Matched: ['sms banking']
2025-12-19 16:46:44 | DEBUG    | log:153 | [get_keyword_boost] Query: 'Cho biết phí sms banking trong...' | Doc: Tra cứu phí giao dịc | Boost: 0.25 | Matched: ['phí']
2025-12-19 16:46:44 | DEBUG    | log:153 | [classify_query_intent] Ambiguous: 'Cho biết phí sms banking trong...' | Scores: {'Tra cứu lịch sử giao dịch theo khoảng thời gian': 1, 'Tra cứu giao dịch theo kênh giao dịch': 1, 'Tra cứu phí giao dịch': 1}
2025-12-19 16:46:44 | DEBUG    | log:153 | [normalize_query] 'Tìm các khoản phí duy trì tài khoản...' -> 'Tìm các khoản phí duy trì tài khoản...'
2025-12-19 16:46:44 | DEBUG    | log:153 | [perform_hybrid_search] query_text: [Tìm các khoản phí duy trì tài khoản] - formatted_query: [Tìm các khoản phí duy trì tài khoản] - normalized_query: [Tìm các khoản phí duy trì tài khoản]
2025-12-19 16:46:44 | DEBUG    | log:153 | [perform_hybrid_search] BM25 raw scores: min=0.5203, max=36.7656
2025-12-19 16:46:44 | DEBUG    | log:153 | [get_keyword_boost] Query: 'Tìm các khoản phí duy trì tài ...' | Doc: Tra cứu lịch sử giao | Boost: 0.25 | Matched: ['tài khoản']
2025-12-19 16:46:44 | DEBUG    | log:153 | [get_keyword_boost] Query: 'Tìm các khoản phí duy trì tài ...' | Doc: Tra cứu phí giao dịc | Boost: 0.25 | Matched: ['phí']
2025-12-19 16:46:44 | DEBUG    | log:153 | [classify_query_intent] Ambiguous: 'Tìm các khoản phí duy trì tài ...' | Scores: {'Tra cứu lịch sử giao dịch theo số tài khoản': 1, 'Tra cứu phí giao dịch': 1}
2025-12-19 16:46:44 | DEBUG    | log:153 | [normalize_query] 'Xem phí chuyển tiền nhanh 24/7...' -> 'Xem phí chuyển tiền nhanh 24/7...'
2025-12-19 16:46:44 | DEBUG    | log:153 | [perform_hybrid_search] query_text: [Xem phí chuyển tiền nhanh 24/7] - formatted_query: [Xem phí chuyển tiền nhanh 24/7] - normalized_query: [Xem phí chuyển tiền nhanh 24/7]
2025-12-19 16:46:44 | DEBUG    | log:153 | [perform_hybrid_search] BM25 raw scores: min=0.1342, max=33.1431
2025-12-19 16:46:44 | DEBUG    | log:153 | [get_keyword_boost] Query: 'Xem phí chuyển tiền nhanh 24/7...' | Doc: Tra cứu giao dịch th | Boost: 0.25 | Matched: ['chuyển tiền']
2025-12-19 16:46:44 | DEBUG    | log:153 | [get_keyword_boost] Query: 'Xem phí chuyển tiền nhanh 24/7...' | Doc: Tra cứu giao dịch ch | Boost: 0.25 | Matched: ['chuyển tiền']
2025-12-19 16:46:44 | DEBUG    | log:153 | [get_keyword_boost] Query: 'Xem phí chuyển tiền nhanh 24/7...' | Doc: Tra cứu phí giao dịc | Boost: 0.25 | Matched: ['phí']
2025-12-19 16:46:44 | DEBUG    | log:153 | [classify_query_intent] Ambiguous: 'Xem phí chuyển tiền nhanh 24/7...' | Scores: {'Tra cứu giao dịch theo loại giao dịch': 1, 'Tra cứu giao dịch chuyển tiền': 1, 'Tra cứu phí giao dịch': 1}
2025-12-19 16:46:44 | DEBUG    | log:153 | [normalize_query] 'Liệt kê phí giao dịch quốc tế...' -> 'Liệt kê phí giao dịch quốc tế...'
2025-12-19 16:46:44 | DEBUG    | log:153 | [perform_hybrid_search] query_text: [Liệt kê phí giao dịch quốc tế] - formatted_query: [Liệt kê phí giao dịch quốc tế] - normalized_query: [Liệt kê phí giao dịch quốc tế]
2025-12-19 16:46:44 | DEBUG    | log:153 | [perform_hybrid_search] BM25 raw scores: min=0.1007, max=48.3212
2025-12-19 16:46:44 | DEBUG    | log:153 | [get_keyword_boost] Query: 'Liệt kê phí giao dịch quốc tế...' | Doc: Tra cứu phí giao dịc | Boost: 0.25 | Matched: ['phí']
2025-12-19 16:46:44 | DEBUG    | log:153 | [classify_query_intent] Classified: 'Liệt kê phí giao dịch quốc tế...' -> Tra cứu phí giao dịch (score=1)
2025-12-19 16:46:44 | DEBUG    | log:153 | [normalize_query] 'Tra cứu tổng phí dịch vụ từ đầu năm...' -> 'Tra cứu tổng phí dịch vụ từ đầu năm...'
2025-12-19 16:46:44 | DEBUG    | log:153 | [perform_hybrid_search] query_text: [Tra cứu tổng phí dịch vụ từ đầu năm] - formatted_query: [Tra cứu tổng phí dịch vụ từ đầu năm] - normalized_query: [Tra cứu tổng phí dịch vụ từ đầu năm]
2025-12-19 16:46:44 | DEBUG    | log:153 | [perform_hybrid_search] BM25 raw scores: min=0.6059, max=48.2022
2025-12-19 16:46:44 | DEBUG    | log:153 | [get_keyword_boost] Query: 'Tra cứu tổng phí dịch vụ từ đầ...' | Doc: Tra cứu lịch sử giao | Boost: 0.25 | Matched: ['năm']
2025-12-19 16:46:44 | DEBUG    | log:153 | [get_keyword_boost] Query: 'Tra cứu tổng phí dịch vụ từ đầ...' | Doc: Tổng hợp số tiền gia | Boost: 0.25 | Matched: ['tổng']
2025-12-19 16:46:44 | DEBUG    | log:153 | [get_keyword_boost] Query: 'Tra cứu tổng phí dịch vụ từ đầ...' | Doc: Tra cứu giao dịch th | Boost: 0.25 | Matched: ['phí dịch vụ']
2025-12-19 16:46:44 | DEBUG    | log:153 | [get_keyword_boost] Query: 'Tra cứu tổng phí dịch vụ từ đầ...' | Doc: Tra cứu phí giao dịc | Boost: 0.25 | Matched: ['phí']
2025-12-19 16:46:44 | DEBUG    | log:153 | [classify_query_intent] Ambiguous: 'Tra cứu tổng phí dịch vụ từ đầ...' | Scores: {'Tra cứu lịch sử giao dịch theo khoảng thời gian': 1, 'Tổng hợp số tiền giao dịch': 1, 'Tra cứu giao dịch thanh toán hóa đơn': 1, 'Tra cứu phí giao dịch': 1}
2025-12-19 16:46:44 | DEBUG    | log:153 | [normalize_query] 'Xem các giao dịch chuyển cho Nguyễn Văn ...' -> 'Xem các giao dịch chuyển cho nguyễn văn ...'
2025-12-19 16:46:44 | DEBUG    | log:153 | [perform_hybrid_search] query_text: [Xem các giao dịch chuyển cho Nguyễn Văn A] - formatted_query: [Xem các giao dịch chuyển cho nguyễn văn a] - normalized_query: [Xem các giao dịch chuyển cho nguyễn văn a]
2025-12-19 16:46:44 | DEBUG    | log:153 | [perform_hybrid_search] BM25 raw scores: min=0.2405, max=28.0997
2025-12-19 16:46:44 | DEBUG    | log:153 | [classify_query_intent] No keyword matches found in: 'Xem các giao dịch chuyển cho nguyễn văn a'
2025-12-19 16:46:44 | DEBUG    | log:153 | [normalize_query] 'Tìm các lần chuyển tiền cho anh Minh...' -> 'Tìm các lần chuyển tiền cho anh minh...'
2025-12-19 16:46:44 | DEBUG    | log:153 | [perform_hybrid_search] query_text: [Tìm các lần chuyển tiền cho anh Minh] - formatted_query: [Tìm các lần chuyển tiền cho anh minh] - normalized_query: [Tìm các lần chuyển tiền cho anh minh]
2025-12-19 16:46:44 | DEBUG    | log:153 | [perform_hybrid_search] BM25 raw scores: min=0.1342, max=25.3903
2025-12-19 16:46:44 | DEBUG    | log:153 | [get_keyword_boost] Query: 'Tìm các lần chuyển tiền cho an...' | Doc: Tra cứu giao dịch th | Boost: 0.25 | Matched: ['chuyển tiền']
2025-12-19 16:46:44 | DEBUG    | log:153 | [get_keyword_boost] Query: 'Tìm các lần chuyển tiền cho an...' | Doc: Tra cứu giao dịch ch | Boost: 0.25 | Matched: ['chuyển tiền']
2025-12-19 16:46:44 | DEBUG    | log:153 | [classify_query_intent] Ambiguous: 'Tìm các lần chuyển tiền cho an...' | Scores: {'Tra cứu giao dịch theo loại giao dịch': 1, 'Tra cứu giao dịch chuyển tiền': 1}
2025-12-19 16:46:44 | DEBUG    | log:153 | [normalize_query] 'Liệt kê giao dịch chuyển đến chị Lan...' -> 'Liệt kê giao dịch chuyển đến chị lan...'
2025-12-19 16:46:44 | DEBUG    | log:153 | [perform_hybrid_search] query_text: [Liệt kê giao dịch chuyển đến chị Lan] - formatted_query: [Liệt kê giao dịch chuyển đến chị lan] - normalized_query: [Liệt kê giao dịch chuyển đến chị lan]
2025-12-19 16:46:44 | DEBUG    | log:153 | [perform_hybrid_search] BM25 raw scores: min=0.1718, max=30.4570
2025-12-19 16:46:44 | DEBUG    | log:153 | [classify_query_intent] No keyword matches found in: 'Liệt kê giao dịch chuyển đến chị lan'
2025-12-19 16:46:44 | DEBUG    | log:153 | [normalize_query] 'Tra cứu giao dịch với người nhận là Trần...' -> 'Tra cứu giao dịch với người nhận là trần...'
2025-12-19 16:46:44 | DEBUG    | log:153 | [perform_hybrid_search] query_text: [Tra cứu giao dịch với người nhận là Trần Văn Hoàng] - formatted_query: [Tra cứu giao dịch với người nhận là trần văn hoàng] - normalized_query: [Tra cứu giao dịch với người nhận là trần văn hoàng]
2025-12-19 16:46:45 | DEBUG    | log:153 | [perform_hybrid_search] BM25 raw scores: min=1.0886, max=23.2623
2025-12-19 16:46:45 | DEBUG    | log:153 | [get_keyword_boost] Query: 'Tra cứu giao dịch với người nh...' | Doc: Tra cứu giao dịch nh | Boost: 0.25 | Matched: ['nhận']
2025-12-19 16:46:45 | DEBUG    | log:153 | [classify_query_intent] Classified: 'Tra cứu giao dịch với người nh...' -> Tra cứu giao dịch nhận tiền (score=1)
2025-12-19 16:46:45 | DEBUG    | log:153 | [normalize_query] 'Cho biết tôi đã chuyển cho Nguyễn Thị Ch...' -> 'Cho biết tôi đã chuyển cho nguyễn thị ch...'
2025-12-19 16:46:45 | DEBUG    | log:153 | [perform_hybrid_search] query_text: [Cho biết tôi đã chuyển cho Nguyễn Thị Chi bao nhiêu tiền] - formatted_query: [Cho biết tôi đã chuyển cho nguyễn thị chi bao nhiêu tiền] - normalized_query: [Cho biết tôi đã chuyển cho nguyễn thị chi bao nhiêu tiền]
2025-12-19 16:46:45 | DEBUG    | log:153 | [perform_hybrid_search] BM25 raw scores: min=0.1374, max=33.7786
2025-12-19 16:46:45 | DEBUG    | log:153 | [classify_query_intent] No keyword matches found in: 'Cho biết tôi đã chuyển cho nguyễn thị chi bao nhiê'
2025-12-19 16:46:45 | DEBUG    | log:153 | [normalize_query] 'Tra cứu giao dịch đến công ty ABC...' -> 'Tra cứu giao dịch đến công ty abc...'
2025-12-19 16:46:45 | DEBUG    | log:153 | [perform_hybrid_search] query_text: [Tra cứu giao dịch đến công ty ABC] - formatted_query: [Tra cứu giao dịch đến công ty abc] - normalized_query: [Tra cứu giao dịch đến công ty abc]
2025-12-19 16:46:45 | DEBUG    | log:153 | [perform_hybrid_search] BM25 raw scores: min=0.9893, max=20.3194
2025-12-19 16:46:45 | DEBUG    | log:153 | [classify_query_intent] No keyword matches found in: 'Tra cứu giao dịch đến công ty abc'
2025-12-19 16:46:45 | DEBUG    | log:153 | [normalize_query] 'Cho xem các lần chuyển tiền cho Phạm Văn...' -> 'Cho xem các lần chuyển tiền cho phạm văn...'
2025-12-19 16:46:45 | DEBUG    | log:153 | [perform_hybrid_search] query_text: [Cho xem các lần chuyển tiền cho Phạm Văn Dung] - formatted_query: [Cho xem các lần chuyển tiền cho phạm văn dung] - normalized_query: [Cho xem các lần chuyển tiền cho phạm văn dung]
2025-12-19 16:46:45 | DEBUG    | log:153 | [perform_hybrid_search] BM25 raw scores: min=0.2349, max=28.8666
2025-12-19 16:46:45 | DEBUG    | log:153 | [get_keyword_boost] Query: 'Cho xem các lần chuyển tiền ch...' | Doc: Tra cứu giao dịch th | Boost: 0.25 | Matched: ['chuyển tiền']
2025-12-19 16:46:45 | DEBUG    | log:153 | [get_keyword_boost] Query: 'Cho xem các lần chuyển tiền ch...' | Doc: Tra cứu giao dịch ch | Boost: 0.25 | Matched: ['chuyển tiền']
2025-12-19 16:46:45 | DEBUG    | log:153 | [classify_query_intent] Ambiguous: 'Cho xem các lần chuyển tiền ch...' | Scores: {'Tra cứu giao dịch theo loại giao dịch': 1, 'Tra cứu giao dịch chuyển tiền': 1}
2025-12-19 16:46:45 | DEBUG    | log:153 | [normalize_query] 'Xem danh sách giao dịch với người nhận t...' -> 'Xem danh sách giao dịch với người nhận t...'
2025-12-19 16:46:45 | DEBUG    | log:153 | [perform_hybrid_search] query_text: [Xem danh sách giao dịch với người nhận tên Hoa] - formatted_query: [Xem danh sách giao dịch với người nhận tên hoa] - normalized_query: [Xem danh sách giao dịch với người nhận tên hoa]
2025-12-19 16:46:45 | DEBUG    | log:153 | [perform_hybrid_search] BM25 raw scores: min=0.2349, max=35.3753
2025-12-19 16:46:45 | DEBUG    | log:153 | [get_keyword_boost] Query: 'Xem danh sách giao dịch với ng...' | Doc: Tra cứu giao dịch nh | Boost: 0.25 | Matched: ['nhận']
2025-12-19 16:46:45 | DEBUG    | log:153 | [classify_query_intent] Classified: 'Xem danh sách giao dịch với ng...' -> Tra cứu giao dịch nhận tiền (score=1)
2025-12-19 16:46:45 | DEBUG    | log:153 | [normalize_query] 'Tìm tổng tiền đã chuyển cho Nguyễn Văn E...' -> 'Tìm tổng tiền đã chuyển cho nguyễn văn e...'
2025-12-19 16:46:45 | DEBUG    | log:153 | [perform_hybrid_search] query_text: [Tìm tổng tiền đã chuyển cho Nguyễn Văn E] - formatted_query: [Tìm tổng tiền đã chuyển cho nguyễn văn e] - normalized_query: [Tìm tổng tiền đã chuyển cho nguyễn văn e]
2025-12-19 16:46:45 | DEBUG    | log:153 | [perform_hybrid_search] BM25 raw scores: min=0.1718, max=32.1649
2025-12-19 16:46:45 | DEBUG    | log:153 | [get_keyword_boost] Query: 'Tìm tổng tiền đã chuyển cho ng...' | Doc: Tổng hợp số tiền gia | Boost: 0.25 | Matched: ['tổng']
2025-12-19 16:46:45 | DEBUG    | log:153 | [classify_query_intent] Classified: 'Tìm tổng tiền đã chuyển cho ng...' -> Tổng hợp số tiền giao dịch (score=1)
2025-12-19 16:46:45 | DEBUG    | log:153 | [normalize_query] 'Trần Thanh Tâm đã chuyển tiền cho tôi ha...' -> 'Trần thanh tâm đã chuyển tiền cho tôi ha...'
2025-12-19 16:46:45 | DEBUG    | log:153 | [perform_hybrid_search] query_text: [Trần Thanh Tâm đã chuyển tiền cho tôi hay chưa] - formatted_query: [Trần thanh tâm đã chuyển tiền cho tôi hay chưa] - normalized_query: [Trần thanh tâm đã chuyển tiền cho tôi hay chưa]
2025-12-19 16:46:45 | DEBUG    | log:153 | [perform_hybrid_search] BM25 raw scores: min=0.0892, max=26.4316
2025-12-19 16:46:45 | DEBUG    | log:153 | [get_keyword_boost] Query: 'Trần thanh tâm đã chuyển tiền ...' | Doc: Tra cứu giao dịch th | Boost: 0.25 | Matched: ['chuyển tiền']
2025-12-19 16:46:45 | DEBUG    | log:153 | [get_keyword_boost] Query: 'Trần thanh tâm đã chuyển tiền ...' | Doc: Tra cứu giao dịch ch | Boost: 0.25 | Matched: ['chuyển tiền']
2025-12-19 16:46:45 | DEBUG    | log:153 | [classify_query_intent] Ambiguous: 'Trần thanh tâm đã chuyển tiền ...' | Scores: {'Tra cứu giao dịch theo loại giao dịch': 1, 'Tra cứu giao dịch chuyển tiền': 1}
2025-12-19 16:46:45 | DEBUG    | log:153 | [normalize_query] 'Có giao dịch nào chuyển tiền đến Phan Th...' -> 'Có giao dịch nào chuyển tiền đến phan th...'
2025-12-19 16:46:45 | DEBUG    | log:153 | [perform_hybrid_search] query_text: [Có giao dịch nào chuyển tiền đến Phan Thành Long không] - formatted_query: [Có giao dịch nào chuyển tiền đến phan thành long không] - normalized_query: [Có giao dịch nào chuyển tiền đến phan thành long không]
2025-12-19 16:46:45 | DEBUG    | log:153 | [perform_hybrid_search] BM25 raw scores: min=0.2821, max=42.2199
2025-12-19 16:46:45 | DEBUG    | log:153 | [get_keyword_boost] Query: 'Có giao dịch nào chuyển tiền đ...' | Doc: Tra cứu giao dịch th | Boost: 0.25 | Matched: ['chuyển tiền']
2025-12-19 16:46:45 | DEBUG    | log:153 | [get_keyword_boost] Query: 'Có giao dịch nào chuyển tiền đ...' | Doc: Tra cứu giao dịch ch | Boost: 0.25 | Matched: ['chuyển tiền']
2025-12-19 16:46:45 | DEBUG    | log:153 | [classify_query_intent] Ambiguous: 'Có giao dịch nào chuyển tiền đ...' | Scores: {'Tra cứu giao dịch theo loại giao dịch': 1, 'Tra cứu giao dịch chuyển tiền': 1}
2025-12-19 16:46:45 | DEBUG    | log:153 | [normalize_query] 'Tôi có nhận tiền từ ai tên Lê Trung Quân...' -> 'Tôi có nhận tiền từ ai tên lê trung quân...'
2025-12-19 16:46:45 | DEBUG    | log:153 | [perform_hybrid_search] query_text: [Tôi có nhận tiền từ ai tên Lê Trung Quân không] - formatted_query: [Tôi có nhận tiền từ ai tên lê trung quân không] - normalized_query: [Tôi có nhận tiền từ ai tên lê trung quân không]
2025-12-19 16:46:45 | DEBUG    | log:153 | [perform_hybrid_search] BM25 raw scores: min=0.0336, max=49.4678
2025-12-19 16:46:45 | DEBUG    | log:153 | [get_keyword_boost] Query: 'Tôi có nhận tiền từ ai tên lê ...' | Doc: Tra cứu giao dịch nh | Boost: 0.50 | Matched: ['nhận tiền', 'nhận']
2025-12-19 16:46:45 | DEBUG    | log:153 | [classify_query_intent] Classified: 'Tôi có nhận tiền từ ai tên lê ...' -> Tra cứu giao dịch nhận tiền (score=2)
2025-12-19 16:46:45 | DEBUG    | log:153 | [normalize_query] 'Công ty Proton có chuyển tiền đến tôi ch...' -> 'Công ty proton có chuyển tiền đến tôi ch...'
2025-12-19 16:46:45 | DEBUG    | log:153 | [perform_hybrid_search] query_text: [Công ty Proton có chuyển tiền đến tôi chưa] - formatted_query: [Công ty proton có chuyển tiền đến tôi chưa] - normalized_query: [Công ty proton có chuyển tiền đến tôi chưa]
2025-12-19 16:46:45 | DEBUG    | log:153 | [perform_hybrid_search] BM25 raw scores: min=0.0714, max=30.7549
2025-12-19 16:46:45 | DEBUG    | log:153 | [get_keyword_boost] Query: 'Công ty proton có chuyển tiền ...' | Doc: Tra cứu giao dịch th | Boost: 0.25 | Matched: ['chuyển tiền']
2025-12-19 16:46:45 | DEBUG    | log:153 | [get_keyword_boost] Query: 'Công ty proton có chuyển tiền ...' | Doc: Tra cứu giao dịch ch | Boost: 0.25 | Matched: ['chuyển tiền']
2025-12-19 16:46:45 | DEBUG    | log:153 | [classify_query_intent] Ambiguous: 'Công ty proton có chuyển tiền ...' | Scores: {'Tra cứu giao dịch theo loại giao dịch': 1, 'Tra cứu giao dịch chuyển tiền': 1}
2025-12-19 16:46:45 | DEBUG    | log:153 | [normalize_query] 'Có chị Thanh nào có giao dịch với tôi kh...' -> 'Có chị thanh nào có giao dịch với tôi kh...'
2025-12-19 16:46:45 | DEBUG    | log:153 | [perform_hybrid_search] query_text: [Có chị Thanh nào có giao dịch với tôi không] - formatted_query: [Có chị thanh nào có giao dịch với tôi không] - normalized_query: [Có chị thanh nào có giao dịch với tôi không]
2025-12-19 16:46:45 | DEBUG    | log:153 | [perform_hybrid_search] BM25 raw scores: min=0.1479, max=30.6404
2025-12-19 16:46:45 | DEBUG    | log:153 | [classify_query_intent] No keyword matches found in: 'Có chị thanh nào có giao dịch với tôi không'
2025-12-19 16:46:45 | DEBUG    | log:153 | [normalize_query] 'Xem các giao dịch thẻ trong tháng này...' -> 'Xem các giao dịch thẻ trong tháng này...'
2025-12-19 16:46:45 | DEBUG    | log:153 | [perform_hybrid_search] query_text: [Xem các giao dịch thẻ trong tháng này] - formatted_query: [Xem các giao dịch thẻ trong tháng này] - normalized_query: [Xem các giao dịch thẻ trong tháng này]
2025-12-19 16:46:45 | DEBUG    | log:153 | [perform_hybrid_search] BM25 raw scores: min=0.1007, max=27.7348
2025-12-19 16:46:45 | DEBUG    | log:153 | [get_keyword_boost] Query: 'Xem các giao dịch thẻ trong th...' | Doc: Tra cứu lịch sử giao | Boost: 0.25 | Matched: ['tháng']
2025-12-19 16:46:45 | DEBUG    | log:153 | [get_keyword_boost] Query: 'Xem các giao dịch thẻ trong th...' | Doc: Tra cứu giao dịch th | Boost: 0.25 | Matched: ['thẻ']
2025-12-19 16:46:45 | DEBUG    | log:153 | [classify_query_intent] Ambiguous: 'Xem các giao dịch thẻ trong th...' | Scores: {'Tra cứu lịch sử giao dịch theo khoảng thời gian': 1, 'Tra cứu giao dịch thẻ': 1}
2025-12-19 16:46:45 | DEBUG    | log:153 | [normalize_query] 'Cho tôi danh sách giao dịch bằng thẻ ATM...' -> 'Cho tôi danh sách giao dịch bằng thẻ atm...'
2025-12-19 16:46:45 | DEBUG    | log:153 | [perform_hybrid_search] query_text: [Cho tôi danh sách giao dịch bằng thẻ ATM] - formatted_query: [Cho tôi danh sách giao dịch bằng thẻ atm] - normalized_query: [Cho tôi danh sách giao dịch bằng thẻ atm]
2025-12-19 16:46:45 | DEBUG    | log:153 | [perform_hybrid_search] BM25 raw scores: min=0.1342, max=32.7314
2025-12-19 16:46:45 | DEBUG    | log:153 | [get_keyword_boost] Query: 'Cho tôi danh sách giao dịch bằ...' | Doc: Tra cứu giao dịch th | Boost: 0.25 | Matched: ['atm']
2025-12-19 16:46:45 | DEBUG    | log:153 | [get_keyword_boost] Query: 'Cho tôi danh sách giao dịch bằ...' | Doc: Tra cứu giao dịch th | Boost: 0.25 | Matched: ['thẻ']
2025-12-19 16:46:45 | DEBUG    | log:153 | [classify_query_intent] Ambiguous: 'Cho tôi danh sách giao dịch bằ...' | Scores: {'Tra cứu giao dịch theo kênh giao dịch': 1, 'Tra cứu giao dịch thẻ': 1}
2025-12-19 16:46:45 | DEBUG    | log:153 | [normalize_query] 'Tìm các lần quẹt thẻ tín dụng...' -> 'Tìm các lần quẹt thẻ tín dụng...'
2025-12-19 16:46:45 | DEBUG    | log:153 | [perform_hybrid_search] query_text: [Tìm các lần quẹt thẻ tín dụng] - formatted_query: [Tìm các lần quẹt thẻ tín dụng] - normalized_query: [Tìm các lần quẹt thẻ tín dụng]
2025-12-19 16:46:45 | DEBUG    | log:153 | [perform_hybrid_search] BM25 raw scores: min=0.0671, max=34.2879
2025-12-19 16:46:45 | DEBUG    | log:153 | [get_keyword_boost] Query: 'Tìm các lần quẹt thẻ tín dụng...' | Doc: Tra cứu giao dịch th | Boost: 0.25 | Matched: ['thẻ']
2025-12-19 16:46:45 | DEBUG    | log:153 | [classify_query_intent] Classified: 'Tìm các lần quẹt thẻ tín dụng...' -> Tra cứu giao dịch thẻ (score=1)
2025-12-19 16:46:45 | DEBUG    | log:153 | [normalize_query] 'Liệt kê giao dịch thanh toán bằng thẻ...' -> 'Liệt kê giao dịch thanh toán bằng thẻ...'
2025-12-19 16:46:45 | DEBUG    | log:153 | [perform_hybrid_search] query_text: [Liệt kê giao dịch thanh toán bằng thẻ] - formatted_query: [Liệt kê giao dịch thanh toán bằng thẻ] - normalized_query: [Liệt kê giao dịch thanh toán bằng thẻ]
2025-12-19 16:46:45 | DEBUG    | log:153 | [perform_hybrid_search] BM25 raw scores: min=0.1718, max=47.4040
2025-12-19 16:46:45 | DEBUG    | log:153 | [get_keyword_boost] Query: 'Liệt kê giao dịch thanh toán b...' | Doc: Tra cứu giao dịch th | Boost: 0.25 | Matched: ['thanh toán']
2025-12-19 16:46:45 | DEBUG    | log:153 | [get_keyword_boost] Query: 'Liệt kê giao dịch thanh toán b...' | Doc: Tra cứu giao dịch th | Boost: 0.25 | Matched: ['thanh toán']
2025-12-19 16:46:45 | DEBUG    | log:153 | [get_keyword_boost] Query: 'Liệt kê giao dịch thanh toán b...' | Doc: Tra cứu giao dịch th | Boost: 0.25 | Matched: ['thẻ']
2025-12-19 16:46:45 | DEBUG    | log:153 | [classify_query_intent] Ambiguous: 'Liệt kê giao dịch thanh toán b...' | Scores: {'Tra cứu giao dịch theo loại giao dịch': 1, 'Tra cứu giao dịch thanh toán hóa đơn': 1, 'Tra cứu giao dịch thẻ': 1}
2025-12-19 16:46:45 | DEBUG    | log:153 | [normalize_query] 'Tra cứu lịch sử rút tiền ATM...' -> 'Tra cứu lịch sử rút tiền atm...'
2025-12-19 16:46:45 | DEBUG    | log:153 | [perform_hybrid_search] query_text: [Tra cứu lịch sử rút tiền ATM] - formatted_query: [Tra cứu lịch sử rút tiền atm] - normalized_query: [Tra cứu lịch sử rút tiền atm]
2025-12-19 16:46:45 | DEBUG    | log:153 | [perform_hybrid_search] BM25 raw scores: min=0.7402, max=23.7508
2025-12-19 16:46:45 | DEBUG    | log:153 | [get_keyword_boost] Query: 'Tra cứu lịch sử rút tiền atm...' | Doc: Tra cứu giao dịch th | Boost: 0.25 | Matched: ['rút tiền']
2025-12-19 16:46:45 | DEBUG    | log:153 | [get_keyword_boost] Query: 'Tra cứu lịch sử rút tiền atm...' | Doc: Tra cứu giao dịch th | Boost: 0.25 | Matched: ['atm']
2025-12-19 16:46:45 | DEBUG    | log:153 | [get_keyword_boost] Query: 'Tra cứu lịch sử rút tiền atm...' | Doc: Tra cứu giao dịch th | Boost: 0.25 | Matched: ['rút tiền atm']
2025-12-19 16:46:45 | DEBUG    | log:153 | [classify_query_intent] Ambiguous: 'Tra cứu lịch sử rút tiền atm...' | Scores: {'Tra cứu giao dịch theo loại giao dịch': 1, 'Tra cứu giao dịch theo kênh giao dịch': 1, 'Tra cứu giao dịch thẻ': 1}
2025-12-19 16:46:45 | DEBUG    | log:153 | [normalize_query] 'Cho biết các giao dịch POS bằng thẻ...' -> 'Cho biết các giao dịch pos bằng thẻ...'
2025-12-19 16:46:45 | DEBUG    | log:153 | [perform_hybrid_search] query_text: [Cho biết các giao dịch POS bằng thẻ] - formatted_query: [Cho biết các giao dịch pos bằng thẻ] - normalized_query: [Cho biết các giao dịch pos bằng thẻ]
2025-12-19 16:46:45 | DEBUG    | log:153 | [perform_hybrid_search] BM25 raw scores: min=0.1342, max=22.1948
2025-12-19 16:46:45 | DEBUG    | log:153 | [get_keyword_boost] Query: 'Cho biết các giao dịch pos bằn...' | Doc: Tra cứu giao dịch th | Boost: 0.25 | Matched: ['pos']
2025-12-19 16:46:45 | DEBUG    | log:153 | [get_keyword_boost] Query: 'Cho biết các giao dịch pos bằn...' | Doc: Tra cứu giao dịch th | Boost: 0.50 | Matched: ['thẻ', 'pos']
2025-12-19 16:46:45 | DEBUG    | log:153 | [classify_query_intent] Classified: 'Cho biết các giao dịch pos bằn...' -> Tra cứu giao dịch thẻ (score=2)
2025-12-19 16:46:45 | DEBUG    | log:153 | [normalize_query] 'Xem giao dịch thẻ ghi nợ trong tuần...' -> 'Xem giao dịch thẻ ghi nợ trong tuần...'
2025-12-19 16:46:45 | DEBUG    | log:153 | [perform_hybrid_search] query_text: [Xem giao dịch thẻ ghi nợ trong tuần] - formatted_query: [Xem giao dịch thẻ ghi nợ trong tuần] - normalized_query: [Xem giao dịch thẻ ghi nợ trong tuần]
2025-12-19 16:46:45 | DEBUG    | log:153 | [perform_hybrid_search] BM25 raw scores: min=0.1007, max=37.2731
2025-12-19 16:46:45 | DEBUG    | log:153 | [get_keyword_boost] Query: 'Xem giao dịch thẻ ghi nợ trong...' | Doc: Tra cứu giao dịch th | Boost: 0.25 | Matched: ['thẻ']
2025-12-19 16:46:45 | DEBUG    | log:153 | [classify_query_intent] Classified: 'Xem giao dịch thẻ ghi nợ trong...' -> Tra cứu giao dịch thẻ (score=1)
2025-12-19 16:46:45 | DEBUG    | log:153 | [normalize_query] 'Tìm các giao dịch thanh toán thẻ Visa...' -> 'Tìm các giao dịch thanh toán thẻ visa...'
2025-12-19 16:46:45 | DEBUG    | log:153 | [perform_hybrid_search] query_text: [Tìm các giao dịch thanh toán thẻ Visa] - formatted_query: [Tìm các giao dịch thanh toán thẻ visa] - normalized_query: [Tìm các giao dịch thanh toán thẻ visa]
2025-12-19 16:46:45 | DEBUG    | log:153 | [perform_hybrid_search] BM25 raw scores: min=0.1374, max=39.7155
2025-12-19 16:46:45 | DEBUG    | log:153 | [get_keyword_boost] Query: 'Tìm các giao dịch thanh toán t...' | Doc: Tra cứu giao dịch th | Boost: 0.25 | Matched: ['thanh toán']
2025-12-19 16:46:45 | DEBUG    | log:153 | [get_keyword_boost] Query: 'Tìm các giao dịch thanh toán t...' | Doc: Tra cứu giao dịch th | Boost: 0.25 | Matched: ['thanh toán']
2025-12-19 16:46:45 | DEBUG    | log:153 | [get_keyword_boost] Query: 'Tìm các giao dịch thanh toán t...' | Doc: Tra cứu giao dịch th | Boost: 0.50 | Matched: ['thẻ', 'visa']
2025-12-19 16:46:45 | DEBUG    | log:153 | [classify_query_intent] Classified: 'Tìm các giao dịch thanh toán t...' -> Tra cứu giao dịch thẻ (score=2)
2025-12-19 16:46:45 | DEBUG    | log:153 | [normalize_query] 'Liệt kê giao dịch thẻ MasterCard...' -> 'Liệt kê giao dịch thẻ mastercard...'
2025-12-19 16:46:45 | DEBUG    | log:153 | [perform_hybrid_search] query_text: [Liệt kê giao dịch thẻ MasterCard] - formatted_query: [Liệt kê giao dịch thẻ mastercard] - normalized_query: [Liệt kê giao dịch thẻ mastercard]
2025-12-19 16:46:45 | DEBUG    | log:153 | [perform_hybrid_search] BM25 raw scores: min=0.1007, max=41.6804
2025-12-19 16:46:45 | DEBUG    | log:153 | [get_keyword_boost] Query: 'Liệt kê giao dịch thẻ masterca...' | Doc: Tra cứu giao dịch th | Boost: 0.75 | Matched: ['thẻ', 'card', 'mastercard']
2025-12-19 16:46:45 | DEBUG    | log:153 | [classify_query_intent] Classified: 'Liệt kê giao dịch thẻ masterca...' -> Tra cứu giao dịch thẻ (score=3)
2025-12-19 16:46:45 | DEBUG    | log:153 | [normalize_query] 'Tra cứu các lần thanh toán online bằng t...' -> 'Tra cứu các lần thanh toán online bằng t...'
2025-12-19 16:46:45 | DEBUG    | log:153 | [perform_hybrid_search] query_text: [Tra cứu các lần thanh toán online bằng thẻ] - formatted_query: [Tra cứu các lần thanh toán online bằng thẻ] - normalized_query: [Tra cứu các lần thanh toán online bằng thẻ]
2025-12-19 16:46:45 | DEBUG    | log:153 | [perform_hybrid_search] BM25 raw scores: min=0.6545, max=36.1014
2025-12-19 16:46:45 | DEBUG    | log:153 | [get_keyword_boost] Query: 'Tra cứu các lần thanh toán onl...' | Doc: Tra cứu giao dịch th | Boost: 0.25 | Matched: ['thanh toán']
2025-12-19 16:46:45 | DEBUG    | log:153 | [get_keyword_boost] Query: 'Tra cứu các lần thanh toán onl...' | Doc: Tra cứu giao dịch th | Boost: 0.25 | Matched: ['thanh toán']
2025-12-19 16:46:45 | DEBUG    | log:153 | [get_keyword_boost] Query: 'Tra cứu các lần thanh toán onl...' | Doc: Tra cứu giao dịch th | Boost: 0.25 | Matched: ['online']
2025-12-19 16:46:45 | DEBUG    | log:153 | [get_keyword_boost] Query: 'Tra cứu các lần thanh toán onl...' | Doc: Tra cứu giao dịch th | Boost: 0.25 | Matched: ['thẻ']
2025-12-19 16:46:45 | DEBUG    | log:153 | [classify_query_intent] Ambiguous: 'Tra cứu các lần thanh toán onl...' | Scores: {'Tra cứu giao dịch theo loại giao dịch': 1, 'Tra cứu giao dịch thanh toán hóa đơn': 1, 'Tra cứu giao dịch theo kênh giao dịch': 1, 'Tra cứu giao dịch thẻ': 1}
2025-12-19 16:46:45 | DEBUG    | log:153 | [normalize_query] 'Cho xem lịch sử giao dịch thẻ nội địa...' -> 'Cho xem lịch sử giao dịch thẻ nội địa...'
2025-12-19 16:46:45 | DEBUG    | log:153 | [perform_hybrid_search] query_text: [Cho xem lịch sử giao dịch thẻ nội địa] - formatted_query: [Cho xem lịch sử giao dịch thẻ nội địa] - normalized_query: [Cho xem lịch sử giao dịch thẻ nội địa]
2025-12-19 16:46:45 | DEBUG    | log:153 | [perform_hybrid_search] BM25 raw scores: min=0.3356, max=34.4662
2025-12-19 16:46:45 | DEBUG    | log:153 | [get_keyword_boost] Query: 'Cho xem lịch sử giao dịch thẻ ...' | Doc: Tra cứu giao dịch th | Boost: 0.25 | Matched: ['thẻ']
2025-12-19 16:46:45 | DEBUG    | log:153 | [classify_query_intent] Classified: 'Cho xem lịch sử giao dịch thẻ ...' -> Tra cứu giao dịch thẻ (score=1)
2025-12-19 16:46:45 | DEBUG    | log:153 | [normalize_query] 'Tìm giao dịch thẻ quốc tế...' -> 'Tìm giao dịch thẻ quốc tế...'
2025-12-19 16:46:45 | DEBUG    | log:153 | [perform_hybrid_search] query_text: [Tìm giao dịch thẻ quốc tế] - formatted_query: [Tìm giao dịch thẻ quốc tế] - normalized_query: [Tìm giao dịch thẻ quốc tế]
2025-12-19 16:46:45 | DEBUG    | log:153 | [perform_hybrid_search] BM25 raw scores: min=0.1007, max=36.9788
2025-12-19 16:46:45 | DEBUG    | log:153 | [get_keyword_boost] Query: 'Tìm giao dịch thẻ quốc tế...' | Doc: Tra cứu giao dịch th | Boost: 0.25 | Matched: ['thẻ']
2025-12-19 16:46:45 | DEBUG    | log:153 | [classify_query_intent] Classified: 'Tìm giao dịch thẻ quốc tế...' -> Tra cứu giao dịch thẻ (score=1)
2025-12-19 16:46:45 | DEBUG    | log:153 | [normalize_query] 'Xem danh sách giao dịch qua thẻ chip...' -> 'Xem danh sách giao dịch qua thẻ chip...'
2025-12-19 16:46:45 | DEBUG    | log:153 | [perform_hybrid_search] query_text: [Xem danh sách giao dịch qua thẻ chip] - formatted_query: [Xem danh sách giao dịch qua thẻ chip] - normalized_query: [Xem danh sách giao dịch qua thẻ chip]
2025-12-19 16:46:45 | DEBUG    | log:153 | [perform_hybrid_search] BM25 raw scores: min=0.1007, max=39.6159
2025-12-19 16:46:45 | DEBUG    | log:153 | [get_keyword_boost] Query: 'Xem danh sách giao dịch qua th...' | Doc: Tra cứu giao dịch th | Boost: 0.25 | Matched: ['thẻ']
2025-12-19 16:46:45 | DEBUG    | log:153 | [classify_query_intent] Classified: 'Xem danh sách giao dịch qua th...' -> Tra cứu giao dịch thẻ (score=1)
2025-12-19 16:46:45 | DEBUG    | log:153 | [normalize_query] 'Liệt kê các lần rút tiền từ thẻ...' -> 'Liệt kê các lần rút tiền từ thẻ...'
2025-12-19 16:46:45 | DEBUG    | log:153 | [perform_hybrid_search] query_text: [Liệt kê các lần rút tiền từ thẻ] - formatted_query: [Liệt kê các lần rút tiền từ thẻ] - normalized_query: [Liệt kê các lần rút tiền từ thẻ]
2025-12-19 16:46:45 | DEBUG    | log:153 | [perform_hybrid_search] BM25 raw scores: min=0.0336, max=48.4184
2025-12-19 16:46:45 | DEBUG    | log:153 | [get_keyword_boost] Query: 'Liệt kê các lần rút tiền từ th...' | Doc: Tra cứu giao dịch th | Boost: 0.25 | Matched: ['rút tiền']
2025-12-19 16:46:45 | DEBUG    | log:153 | [get_keyword_boost] Query: 'Liệt kê các lần rút tiền từ th...' | Doc: Tra cứu giao dịch th | Boost: 0.25 | Matched: ['thẻ']
2025-12-19 16:46:45 | DEBUG    | log:153 | [classify_query_intent] Ambiguous: 'Liệt kê các lần rút tiền từ th...' | Scores: {'Tra cứu giao dịch theo loại giao dịch': 1, 'Tra cứu giao dịch thẻ': 1}
2025-12-19 16:46:45 | DEBUG    | log:153 | [normalize_query] 'Tra cứu giao dịch thanh toán không tiếp ...' -> 'Tra cứu giao dịch thanh toán không tiếp ...'
2025-12-19 16:46:45 | DEBUG    | log:153 | [perform_hybrid_search] query_text: [Tra cứu giao dịch thanh toán không tiếp xúc] - formatted_query: [Tra cứu giao dịch thanh toán không tiếp xúc] - normalized_query: [Tra cứu giao dịch thanh toán không tiếp xúc]
2025-12-19 16:46:45 | DEBUG    | log:153 | [perform_hybrid_search] BM25 raw scores: min=2.3918, max=21.3644
2025-12-19 16:46:45 | DEBUG    | log:153 | [get_keyword_boost] Query: 'Tra cứu giao dịch thanh toán k...' | Doc: Tra cứu giao dịch th | Boost: 0.25 | Matched: ['thanh toán']
2025-12-19 16:46:45 | DEBUG    | log:153 | [get_keyword_boost] Query: 'Tra cứu giao dịch thanh toán k...' | Doc: Tra cứu giao dịch th | Boost: 0.25 | Matched: ['thanh toán']
2025-12-19 16:46:45 | DEBUG    | log:153 | [classify_query_intent] Ambiguous: 'Tra cứu giao dịch thanh toán k...' | Scores: {'Tra cứu giao dịch theo loại giao dịch': 1, 'Tra cứu giao dịch thanh toán hóa đơn': 1}
2025-12-19 16:46:45 | DEBUG    | log:153 | [normalize_query] 'Tìm các giao dịch thẻ bị từ chối...' -> 'Tìm các giao dịch thẻ bị từ chối...'
2025-12-19 16:46:45 | DEBUG    | log:153 | [perform_hybrid_search] query_text: [Tìm các giao dịch thẻ bị từ chối] - formatted_query: [Tìm các giao dịch thẻ bị từ chối] - normalized_query: [Tìm các giao dịch thẻ bị từ chối]
2025-12-19 16:46:45 | DEBUG    | log:153 | [perform_hybrid_search] BM25 raw scores: min=0.1007, max=37.0350
2025-12-19 16:46:45 | DEBUG    | log:153 | [get_keyword_boost] Query: 'Tìm các giao dịch thẻ bị từ ch...' | Doc: Tra cứu giao dịch th | Boost: 0.25 | Matched: ['từ chối']
2025-12-19 16:46:45 | DEBUG    | log:153 | [get_keyword_boost] Query: 'Tìm các giao dịch thẻ bị từ ch...' | Doc: Tra cứu giao dịch th | Boost: 0.25 | Matched: ['thẻ']
2025-12-19 16:46:45 | DEBUG    | log:153 | [classify_query_intent] Ambiguous: 'Tìm các giao dịch thẻ bị từ ch...' | Scores: {'Tra cứu giao dịch theo trạng thái': 1, 'Tra cứu giao dịch thẻ': 1}
2025-12-19 16:46:45 | DEBUG    | log:153 | [normalize_query] 'Xem lịch sử thanh toán thẻ tại cửa hàng...' -> 'Xem lịch sử thanh toán thẻ tại cửa hàng...'
2025-12-19 16:46:45 | DEBUG    | log:153 | [perform_hybrid_search] query_text: [Xem lịch sử thanh toán thẻ tại cửa hàng] - formatted_query: [Xem lịch sử thanh toán thẻ tại cửa hàng] - normalized_query: [Xem lịch sử thanh toán thẻ tại cửa hàng]
2025-12-19 16:46:45 | DEBUG    | log:153 | [perform_hybrid_search] BM25 raw scores: min=0.1718, max=37.5905
2025-12-19 16:46:45 | DEBUG    | log:153 | [get_keyword_boost] Query: 'Xem lịch sử thanh toán thẻ tại...' | Doc: Tra cứu giao dịch th | Boost: 0.25 | Matched: ['thanh toán']
2025-12-19 16:46:45 | DEBUG    | log:153 | [get_keyword_boost] Query: 'Xem lịch sử thanh toán thẻ tại...' | Doc: Tra cứu giao dịch th | Boost: 0.25 | Matched: ['thanh toán']
2025-12-19 16:46:45 | DEBUG    | log:153 | [get_keyword_boost] Query: 'Xem lịch sử thanh toán thẻ tại...' | Doc: Tra cứu giao dịch th | Boost: 0.25 | Matched: ['thẻ']
2025-12-19 16:46:45 | DEBUG    | log:153 | [classify_query_intent] Ambiguous: 'Xem lịch sử thanh toán thẻ tại...' | Scores: {'Tra cứu giao dịch theo loại giao dịch': 1, 'Tra cứu giao dịch thanh toán hóa đơn': 1, 'Tra cứu giao dịch thẻ': 1}
2025-12-19 16:46:45 | DEBUG    | log:153 | [normalize_query] 'Liệt kê giao dịch thẻ phát sinh hôm nay...' -> 'Liệt kê giao dịch thẻ phát sinh hôm nay...'
2025-12-19 16:46:45 | DEBUG    | log:153 | [perform_hybrid_search] query_text: [Liệt kê giao dịch thẻ phát sinh hôm nay] - formatted_query: [Liệt kê giao dịch thẻ phát sinh hôm nay] - normalized_query: [Liệt kê giao dịch thẻ phát sinh hôm nay]
2025-12-19 16:46:45 | DEBUG    | log:153 | [perform_hybrid_search] BM25 raw scores: min=0.1007, max=55.2318
2025-12-19 16:46:45 | DEBUG    | log:153 | [get_keyword_boost] Query: 'Liệt kê giao dịch thẻ phát sin...' | Doc: Tra cứu lịch sử giao | Boost: 0.25 | Matched: ['nay']
2025-12-19 16:46:45 | DEBUG    | log:153 | [get_keyword_boost] Query: 'Liệt kê giao dịch thẻ phát sin...' | Doc: Tra cứu giao dịch th | Boost: 0.25 | Matched: ['thẻ']
2025-12-19 16:46:45 | DEBUG    | log:153 | [classify_query_intent] Ambiguous: 'Liệt kê giao dịch thẻ phát sin...' | Scores: {'Tra cứu lịch sử giao dịch theo khoảng thời gian': 1, 'Tra cứu giao dịch thẻ': 1}
2025-12-19 16:46:45 | DEBUG    | log:153 | [normalize_query] 'Tra cứu tổng chi tiêu qua thẻ trong thán...' -> 'Tra cứu tổng chi tiêu qua thẻ trong thán...'
2025-12-19 16:46:45 | DEBUG    | log:153 | [perform_hybrid_search] query_text: [Tra cứu tổng chi tiêu qua thẻ trong tháng] - formatted_query: [Tra cứu tổng chi tiêu qua thẻ trong tháng] - normalized_query: [Tra cứu tổng chi tiêu qua thẻ trong tháng]
2025-12-19 16:46:45 | DEBUG    | log:153 | [perform_hybrid_search] BM25 raw scores: min=0.5858, max=32.7775
2025-12-19 16:46:45 | DEBUG    | log:153 | [get_keyword_boost] Query: 'Tra cứu tổng chi tiêu qua thẻ ...' | Doc: Tra cứu lịch sử giao | Boost: 0.25 | Matched: ['tháng']
2025-12-19 16:46:45 | DEBUG    | log:153 | [get_keyword_boost] Query: 'Tra cứu tổng chi tiêu qua thẻ ...' | Doc: Tổng hợp số tiền gia | Boost: 0.25 | Matched: ['tổng']
2025-12-19 16:46:45 | DEBUG    | log:153 | [get_keyword_boost] Query: 'Tra cứu tổng chi tiêu qua thẻ ...' | Doc: Tra cứu giao dịch th | Boost: 0.25 | Matched: ['thẻ']
2025-12-19 16:46:45 | DEBUG    | log:153 | [classify_query_intent] Ambiguous: 'Tra cứu tổng chi tiêu qua thẻ ...' | Scores: {'Tra cứu lịch sử giao dịch theo khoảng thời gian': 1, 'Tổng hợp số tiền giao dịch': 1, 'Tra cứu giao dịch thẻ': 1}
2025-12-19 16:46:45 | DEBUG    | log:153 | [normalize_query] 'Thống kê giao dịch theo tháng trong năm ...' -> 'Thống kê giao dịch theo tháng trong năm ...'
2025-12-19 16:46:45 | DEBUG    | log:153 | [perform_hybrid_search] query_text: [Thống kê giao dịch theo tháng trong năm 2024] - formatted_query: [Thống kê giao dịch theo tháng trong năm 2024] - normalized_query: [Thống kê giao dịch theo tháng trong năm 2024]
2025-12-19 16:46:45 | DEBUG    | log:153 | [perform_hybrid_search] BM25 raw scores: min=0.1678, max=41.7009
2025-12-19 16:46:45 | DEBUG    | log:153 | [get_keyword_boost] Query: 'Thống kê giao dịch theo tháng ...' | Doc: Tra cứu lịch sử giao | Boost: 0.50 | Matched: ['tháng', 'năm']
2025-12-19 16:46:45 | DEBUG    | log:153 | [get_keyword_boost] Query: 'Thống kê giao dịch theo tháng ...' | Doc: Thống kê giao dịch t | Boost: 0.25 | Matched: ['thống kê']
2025-12-19 16:46:45 | DEBUG    | log:153 | [classify_query_intent] Classified: 'Thống kê giao dịch theo tháng ...' -> Tra cứu lịch sử giao dịch theo (score=2)
2025-12-19 16:46:45 | DEBUG    | log:153 | [normalize_query] 'Cho tôi báo cáo giao dịch theo từng loại...' -> 'Cho tôi báo cáo giao dịch theo từng loại...'
2025-12-19 16:46:45 | DEBUG    | log:153 | [perform_hybrid_search] query_text: [Cho tôi báo cáo giao dịch theo từng loại] - formatted_query: [Cho tôi báo cáo giao dịch theo từng loại] - normalized_query: [Cho tôi báo cáo giao dịch theo từng loại]
2025-12-19 16:46:45 | DEBUG    | log:153 | [perform_hybrid_search] BM25 raw scores: min=0.1718, max=28.6855
2025-12-19 16:46:45 | DEBUG    | log:153 | [classify_query_intent] No keyword matches found in: 'Cho tôi báo cáo giao dịch theo từng loại'
2025-12-19 16:46:45 | DEBUG    | log:153 | [normalize_query] 'Tìm số lượng giao dịch theo ngày...' -> 'Tìm số lượng giao dịch theo ngày...'
2025-12-19 16:46:45 | DEBUG    | log:153 | [perform_hybrid_search] query_text: [Tìm số lượng giao dịch theo ngày] - formatted_query: [Tìm số lượng giao dịch theo ngày] - normalized_query: [Tìm số lượng giao dịch theo ngày]
2025-12-19 16:46:45 | DEBUG    | log:153 | [perform_hybrid_search] BM25 raw scores: min=0.2014, max=26.3085
2025-12-19 16:46:45 | DEBUG    | log:153 | [get_keyword_boost] Query: 'Tìm số lượng giao dịch theo ng...' | Doc: Tra cứu lịch sử giao | Boost: 0.25 | Matched: ['ngày']
2025-12-19 16:46:45 | DEBUG    | log:153 | [classify_query_intent] Classified: 'Tìm số lượng giao dịch theo ng...' -> Tra cứu lịch sử giao dịch theo (score=1)
2025-12-19 16:46:45 | DEBUG    | log:153 | [normalize_query] 'Liệt kê thống kê giao dịch theo quý...' -> 'Liệt kê thống kê giao dịch theo quý...'
2025-12-19 16:46:45 | DEBUG    | log:153 | [perform_hybrid_search] query_text: [Liệt kê thống kê giao dịch theo quý] - formatted_query: [Liệt kê thống kê giao dịch theo quý] - normalized_query: [Liệt kê thống kê giao dịch theo quý]
2025-12-19 16:46:45 | DEBUG    | log:153 | [perform_hybrid_search] BM25 raw scores: min=0.1678, max=43.5568
2025-12-19 16:46:45 | DEBUG    | log:153 | [get_keyword_boost] Query: 'Liệt kê thống kê giao dịch the...' | Doc: Tra cứu lịch sử giao | Boost: 0.25 | Matched: ['quý']
2025-12-19 16:46:45 | DEBUG    | log:153 | [get_keyword_boost] Query: 'Liệt kê thống kê giao dịch the...' | Doc: Thống kê giao dịch t | Boost: 0.25 | Matched: ['thống kê']
2025-12-19 16:46:45 | DEBUG    | log:153 | [classify_query_intent] Ambiguous: 'Liệt kê thống kê giao dịch the...' | Scores: {'Tra cứu lịch sử giao dịch theo khoảng thời gian': 1, 'Thống kê giao dịch theo nhóm': 1}
2025-12-19 16:46:45 | DEBUG    | log:153 | [normalize_query] 'Tra cứu số lần giao dịch theo từng tuần...' -> 'Tra cứu số lần giao dịch theo từng tuần...'
2025-12-19 16:46:45 | DEBUG    | log:153 | [perform_hybrid_search] query_text: [Tra cứu số lần giao dịch theo từng tuần] - formatted_query: [Tra cứu số lần giao dịch theo từng tuần] - normalized_query: [Tra cứu số lần giao dịch theo từng tuần]
2025-12-19 16:46:45 | DEBUG    | log:153 | [perform_hybrid_search] BM25 raw scores: min=0.7737, max=26.9167
2025-12-19 16:46:45 | DEBUG    | log:153 | [classify_query_intent] No keyword matches found in: 'Tra cứu số lần giao dịch theo từng tuần'
2025-12-19 16:46:45 | DEBUG    | log:153 | [normalize_query] 'Cho biết xu hướng giao dịch theo thời gi...' -> 'Cho biết xu hướng giao dịch theo thời gi...'
2025-12-19 16:46:45 | DEBUG    | log:153 | [perform_hybrid_search] query_text: [Cho biết xu hướng giao dịch theo thời gian] - formatted_query: [Cho biết xu hướng giao dịch theo thời gian] - normalized_query: [Cho biết xu hướng giao dịch theo thời gian]
2025-12-19 16:46:45 | DEBUG    | log:153 | [perform_hybrid_search] BM25 raw scores: min=0.2685, max=22.5786
2025-12-19 16:46:45 | DEBUG    | log:153 | [classify_query_intent] No keyword matches found in: 'Cho biết xu hướng giao dịch theo thời gian'
2025-12-19 16:46:45 | DEBUG    | log:153 | [normalize_query] 'Xem báo cáo tổng hợp giao dịch tháng 12...' -> 'Xem báo cáo tổng hợp giao dịch tháng 12...'
2025-12-19 16:46:45 | DEBUG    | log:153 | [perform_hybrid_search] query_text: [Xem báo cáo tổng hợp giao dịch tháng 12] - formatted_query: [Xem báo cáo tổng hợp giao dịch tháng 12] - normalized_query: [Xem báo cáo tổng hợp giao dịch tháng 12]
2025-12-19 16:46:46 | DEBUG    | log:153 | [perform_hybrid_search] BM25 raw scores: min=0.1342, max=49.3581
2025-12-19 16:46:46 | DEBUG    | log:153 | [get_keyword_boost] Query: 'Xem báo cáo tổng hợp giao dịch...' | Doc: Tra cứu lịch sử giao | Boost: 0.25 | Matched: ['tháng']
2025-12-19 16:46:46 | DEBUG    | log:153 | [get_keyword_boost] Query: 'Xem báo cáo tổng hợp giao dịch...' | Doc: Tổng hợp số tiền gia | Boost: 0.25 | Matched: ['tổng']
2025-12-19 16:46:46 | DEBUG    | log:153 | [get_keyword_boost] Query: 'Xem báo cáo tổng hợp giao dịch...' | Doc: Thống kê giao dịch t | Boost: 0.25 | Matched: ['tổng hợp']
2025-12-19 16:46:46 | DEBUG    | log:153 | [classify_query_intent] Ambiguous: 'Xem báo cáo tổng hợp giao dịch...' | Scores: {'Tra cứu lịch sử giao dịch theo khoảng thời gian': 1, 'Tổng hợp số tiền giao dịch': 1, 'Thống kê giao dịch theo nhóm': 1}
2025-12-19 16:46:46 | DEBUG    | log:153 | [normalize_query] 'Liệt kê số tiền giao dịch trung bình the...' -> 'Liệt kê số tiền giao dịch trung bình the...'
2025-12-19 16:46:46 | DEBUG    | log:153 | [perform_hybrid_search] query_text: [Liệt kê số tiền giao dịch trung bình theo tháng] - formatted_query: [Liệt kê số tiền giao dịch trung bình theo tháng] - normalized_query: [Liệt kê số tiền giao dịch trung bình theo tháng]
2025-12-19 16:46:46 | DEBUG    | log:153 | [perform_hybrid_search] BM25 raw scores: min=0.3692, max=38.5648
2025-12-19 16:46:46 | DEBUG    | log:153 | [get_keyword_boost] Query: 'Liệt kê số tiền giao dịch trun...' | Doc: Tra cứu lịch sử giao | Boost: 0.25 | Matched: ['tháng']
2025-12-19 16:46:46 | DEBUG    | log:153 | [get_keyword_boost] Query: 'Liệt kê số tiền giao dịch trun...' | Doc: Tổng hợp số tiền gia | Boost: 0.25 | Matched: ['trung bình']
2025-12-19 16:46:46 | DEBUG    | log:153 | [classify_query_intent] Ambiguous: 'Liệt kê số tiền giao dịch trun...' | Scores: {'Tra cứu lịch sử giao dịch theo khoảng thời gian': 1, 'Tổng hợp số tiền giao dịch': 1}
2025-12-19 16:46:46 | DEBUG    | log:153 | [normalize_query] 'Tra cứu thống kê chi tiêu theo danh mục...' -> 'Tra cứu thống kê chi tiêu theo danh mục...'
2025-12-19 16:46:46 | DEBUG    | log:153 | [perform_hybrid_search] query_text: [Tra cứu thống kê chi tiêu theo danh mục] - formatted_query: [Tra cứu thống kê chi tiêu theo danh mục] - normalized_query: [Tra cứu thống kê chi tiêu theo danh mục]
2025-12-19 16:46:46 | DEBUG    | log:153 | [perform_hybrid_search] BM25 raw scores: min=0.6545, max=38.4599
2025-12-19 16:46:46 | DEBUG    | log:153 | [get_keyword_boost] Query: 'Tra cứu thống kê chi tiêu theo...' | Doc: Thống kê giao dịch t | Boost: 0.25 | Matched: ['thống kê']
2025-12-19 16:46:46 | DEBUG    | log:153 | [classify_query_intent] Classified: 'Tra cứu thống kê chi tiêu theo...' -> Thống kê giao dịch theo nhóm (score=1)
2025-12-19 16:46:46 | DEBUG    | log:153 | [normalize_query] 'Cho xem biểu đồ giao dịch theo thời gian...' -> 'Cho xem biểu đồ giao dịch theo thời gian...'
2025-12-19 16:46:46 | DEBUG    | log:153 | [perform_hybrid_search] query_text: [Cho xem biểu đồ giao dịch theo thời gian] - formatted_query: [Cho xem biểu đồ giao dịch theo thời gian] - normalized_query: [Cho xem biểu đồ giao dịch theo thời gian]
2025-12-19 16:46:46 | DEBUG    | log:153 | [perform_hybrid_search] BM25 raw scores: min=0.2349, max=24.5318
2025-12-19 16:46:46 | DEBUG    | log:153 | [classify_query_intent] No keyword matches found in: 'Cho xem biểu đồ giao dịch theo thời gian'
2025-12-19 16:46:46 | DEBUG    | log:153 | [normalize_query] 'Xem phân tích giao dịch theo loại hình...' -> 'Xem phân tích giao dịch theo loại hình...'
2025-12-19 16:46:46 | DEBUG    | log:153 | [perform_hybrid_search] query_text: [Xem phân tích giao dịch theo loại hình] - formatted_query: [Xem phân tích giao dịch theo loại hình] - normalized_query: [Xem phân tích giao dịch theo loại hình]
2025-12-19 16:46:46 | DEBUG    | log:153 | [perform_hybrid_search] BM25 raw scores: min=0.1718, max=24.8430
2025-12-19 16:46:46 | DEBUG    | log:153 | [classify_query_intent] No keyword matches found in: 'Xem phân tích giao dịch theo loại hình'
2025-12-19 16:46:46 | DEBUG    | log:153 | [normalize_query] 'Liệt kê top 5 loại giao dịch phổ biến nh...' -> 'Liệt kê top 5 loại giao dịch phổ biến nh...'
2025-12-19 16:46:46 | DEBUG    | log:153 | [perform_hybrid_search] query_text: [Liệt kê top 5 loại giao dịch phổ biến nhất] - formatted_query: [Liệt kê top 5 loại giao dịch phổ biến nhất] - normalized_query: [Liệt kê top 5 loại giao dịch phổ biến nhất]
2025-12-19 16:46:46 | DEBUG    | log:153 | [perform_hybrid_search] BM25 raw scores: min=0.1031, max=42.4653
2025-12-19 16:46:46 | DEBUG    | log:153 | [classify_query_intent] No keyword matches found in: 'Liệt kê top 5 loại giao dịch phổ biến nhất'
2025-12-19 16:46:46 | DEBUG    | log:153 | [normalize_query] 'Tra cứu tỷ lệ giao dịch thành công/thất ...' -> 'Tra cứu tỷ lệ giao dịch thành công/thất ...'
2025-12-19 16:46:46 | DEBUG    | log:153 | [perform_hybrid_search] query_text: [Tra cứu tỷ lệ giao dịch thành công/thất bại] - formatted_query: [Tra cứu tỷ lệ giao dịch thành công/thất bại] - normalized_query: [Tra cứu tỷ lệ giao dịch thành công/thất bại]
2025-12-19 16:46:46 | DEBUG    | log:153 | [perform_hybrid_search] BM25 raw scores: min=0.7202, max=33.3814
2025-12-19 16:46:46 | DEBUG    | log:153 | [get_keyword_boost] Query: 'Tra cứu tỷ lệ giao dịch thành ...' | Doc: Tra cứu giao dịch th | Boost: 0.50 | Matched: ['thành công', 'thất bại']
2025-12-19 16:46:46 | DEBUG    | log:153 | [classify_query_intent] Classified: 'Tra cứu tỷ lệ giao dịch thành ...' -> Tra cứu giao dịch theo trạng t (score=2)
2025-12-19 16:46:46 | DEBUG    | log:153 | [normalize_query] 'Cho biết số lượng giao dịch mỗi ngày tro...' -> 'Cho biết số lượng giao dịch mỗi ngày tro...'
2025-12-19 16:46:46 | DEBUG    | log:153 | [perform_hybrid_search] query_text: [Cho biết số lượng giao dịch mỗi ngày trong tuần] - formatted_query: [Cho biết số lượng giao dịch mỗi ngày trong tuần] - normalized_query: [Cho biết số lượng giao dịch mỗi ngày trong tuần]
2025-12-19 16:46:46 | DEBUG    | log:153 | [perform_hybrid_search] BM25 raw scores: min=0.1678, max=34.3811
2025-12-19 16:46:46 | DEBUG    | log:153 | [get_keyword_boost] Query: 'Cho biết số lượng giao dịch mỗ...' | Doc: Tra cứu lịch sử giao | Boost: 0.25 | Matched: ['ngày']
2025-12-19 16:46:46 | DEBUG    | log:153 | [classify_query_intent] Classified: 'Cho biết số lượng giao dịch mỗ...' -> Tra cứu lịch sử giao dịch theo (score=1)
2025-12-19 16:46:46 | DEBUG    | log:153 | [normalize_query] 'Tìm thống kê giao dịch theo khung giờ...' -> 'Tìm thống kê giao dịch theo khung giờ...'
2025-12-19 16:46:46 | DEBUG    | log:153 | [perform_hybrid_search] query_text: [Tìm thống kê giao dịch theo khung giờ] - formatted_query: [Tìm thống kê giao dịch theo khung giờ] - normalized_query: [Tìm thống kê giao dịch theo khung giờ]
2025-12-19 16:46:46 | DEBUG    | log:153 | [perform_hybrid_search] BM25 raw scores: min=0.1678, max=41.6845
2025-12-19 16:46:46 | DEBUG    | log:153 | [get_keyword_boost] Query: 'Tìm thống kê giao dịch theo kh...' | Doc: Thống kê giao dịch t | Boost: 0.25 | Matched: ['thống kê']
2025-12-19 16:46:46 | DEBUG    | log:153 | [classify_query_intent] Classified: 'Tìm thống kê giao dịch theo kh...' -> Thống kê giao dịch theo nhóm (score=1)
2025-12-19 16:46:46 | DEBUG    | log:153 | [normalize_query] 'Xem báo cáo so sánh giao dịch tháng này ...' -> 'Xem báo cáo so sánh giao dịch tháng này ...'
2025-12-19 16:46:46 | DEBUG    | log:153 | [perform_hybrid_search] query_text: [Xem báo cáo so sánh giao dịch tháng này với tháng trước] - formatted_query: [Xem báo cáo so sánh giao dịch tháng này với tháng trước] - normalized_query: [Xem báo cáo so sánh giao dịch tháng này với tháng trước]
2025-12-19 16:46:46 | DEBUG    | log:153 | [perform_hybrid_search] BM25 raw scores: min=0.1678, max=43.5597
2025-12-19 16:46:46 | DEBUG    | log:153 | [get_keyword_boost] Query: 'Xem báo cáo so sánh giao dịch ...' | Doc: Tra cứu lịch sử giao | Boost: 0.25 | Matched: ['tháng']
2025-12-19 16:46:46 | DEBUG    | log:153 | [classify_query_intent] Classified: 'Xem báo cáo so sánh giao dịch ...' -> Tra cứu lịch sử giao dịch theo (score=1)
2025-12-19 16:46:46 | DEBUG    | log:153 | [normalize_query] 'Liệt kê thống kê giao dịch theo kênh...' -> 'Liệt kê thống kê giao dịch theo kênh...'
2025-12-19 16:46:46 | DEBUG    | log:153 | [perform_hybrid_search] query_text: [Liệt kê thống kê giao dịch theo kênh] - formatted_query: [Liệt kê thống kê giao dịch theo kênh] - normalized_query: [Liệt kê thống kê giao dịch theo kênh]
2025-12-19 16:46:46 | DEBUG    | log:153 | [perform_hybrid_search] BM25 raw scores: min=0.1678, max=42.2210
2025-12-19 16:46:46 | DEBUG    | log:153 | [get_keyword_boost] Query: 'Liệt kê thống kê giao dịch the...' | Doc: Thống kê giao dịch t | Boost: 0.25 | Matched: ['thống kê']
2025-12-19 16:46:46 | DEBUG    | log:153 | [classify_query_intent] Classified: 'Liệt kê thống kê giao dịch the...' -> Thống kê giao dịch theo nhóm (score=1)
2025-12-19 16:46:46 | DEBUG    | log:153 | [normalize_query] 'Tra cứu xu hướng chi tiêu trong 6 tháng ...' -> 'Tra cứu xu hướng chi tiêu trong 6 tháng ...'
2025-12-19 16:46:46 | DEBUG    | log:153 | [perform_hybrid_search] query_text: [Tra cứu xu hướng chi tiêu trong 6 tháng qua] - formatted_query: [Tra cứu xu hướng chi tiêu trong 6 tháng qua] - normalized_query: [Tra cứu xu hướng chi tiêu trong 6 tháng qua]
2025-12-19 16:46:46 | DEBUG    | log:153 | [perform_hybrid_search] BM25 raw scores: min=0.6202, max=30.6866
2025-12-19 16:46:46 | DEBUG    | log:153 | [get_keyword_boost] Query: 'Tra cứu xu hướng chi tiêu tron...' | Doc: Tra cứu lịch sử giao | Boost: 0.25 | Matched: ['tháng']
2025-12-19 16:46:46 | DEBUG    | log:153 | [classify_query_intent] Classified: 'Tra cứu xu hướng chi tiêu tron...' -> Tra cứu lịch sử giao dịch theo (score=1)
2025-12-19 16:46:46 | DEBUG    | log:153 | [normalize_query] 'Tổng hợp các giao dịch tôi đã thực hiện ...' -> 'Tổng hợp các giao dịch tôi đã thực hiện ...'
2025-12-19 16:46:46 | DEBUG    | log:153 | [perform_hybrid_search] query_text: [Tổng hợp các giao dịch tôi đã thực hiện thành công] - formatted_query: [Tổng hợp các giao dịch tôi đã thực hiện thành công] - normalized_query: [Tổng hợp các giao dịch tôi đã thực hiện thành công]
2025-12-19 16:46:46 | DEBUG    | log:153 | [perform_hybrid_search] BM25 raw scores: min=0.1718, max=26.9966
2025-12-19 16:46:46 | DEBUG    | log:153 | [get_keyword_boost] Query: 'Tổng hợp các giao dịch tôi đã ...' | Doc: Tra cứu giao dịch th | Boost: 0.25 | Matched: ['thành công']
2025-12-19 16:46:46 | DEBUG    | log:153 | [get_keyword_boost] Query: 'Tổng hợp các giao dịch tôi đã ...' | Doc: Tổng hợp số tiền gia | Boost: 0.25 | Matched: ['tổng']
2025-12-19 16:46:46 | DEBUG    | log:153 | [get_keyword_boost] Query: 'Tổng hợp các giao dịch tôi đã ...' | Doc: Thống kê giao dịch t | Boost: 0.25 | Matched: ['tổng hợp']
2025-12-19 16:46:46 | DEBUG    | log:153 | [classify_query_intent] Ambiguous: 'Tổng hợp các giao dịch tôi đã ...' | Scores: {'Tra cứu giao dịch theo trạng thái': 1, 'Tổng hợp số tiền giao dịch': 1, 'Thống kê giao dịch theo nhóm': 1}
2025-12-19 16:46:46 | INFO     | log:151 | [search_batch_stream] Completed in 8.24s, avg 0.029s/row, saved to test_api_192-168-1-218_20251219_164638.xlsx
