2025-12-19 08:49:08 | DEBUG    | log:152 | [index] Serving web UI
2025-12-19 08:49:08 | DEBUG    | log:152 | [list_documents] Fetching all documents...
2025-12-19 08:49:08 | DEBUG    | log:152 | [get_tables] Getting tables...
2025-12-19 08:49:08 | DEBUG    | log:152 | [get_tables] Returning cached tables
2025-12-19 08:49:08 | INFO     | log:150 | [list_documents] Found 1 documents
2025-12-19 08:49:11 | DEBUG    | log:152 | [list_documents] Fetching all documents...
2025-12-19 08:49:11 | DEBUG    | log:152 | [get_tables] Getting tables...
2025-12-19 08:49:11 | DEBUG    | log:152 | [get_tables] Returning cached tables
2025-12-19 08:49:11 | INFO     | log:150 | [list_documents] Found 1 documents
2025-12-19 08:49:28 | INFO     | log:150 | [upload_documents] Uploading 1 files
2025-12-19 08:49:28 | DEBUG    | log:152 | [get_tables] Getting tables...
2025-12-19 08:49:28 | DEBUG    | log:152 | [get_tables] Returning cached tables
2025-12-19 08:49:28 | DEBUG    | log:152 | [build_search_text] Built search_text (926 chars)
2025-12-19 08:49:28 | DEBUG    | log:152 | [insert_document_with_examples] Inserting doc_id=1, search_text length=926
2025-12-19 08:49:28 | INFO     | log:150 | [insert_document_with_examples] Starting doc_table.insert() for doc_id=1...
2025-12-19 08:49:36 | INFO     | log:150 | [insert_document_with_examples] doc_table.insert() completed in 8.26s for doc_id=1
2025-12-19 08:49:36 | DEBUG    | log:152 | [parse_examples_to_list] Parsed 20 examples
2025-12-19 08:49:36 | DEBUG    | log:152 | [insert_document_with_examples] Inserted 20 examples for doc_id=1
2025-12-19 08:49:36 | INFO     | log:150 | [upload_documents] Inserted 1 docs with 20 examples
2025-12-19 08:49:36 | DEBUG    | log:152 | [invalidate_embeddings_cache] Embeddings cache invalidated
2025-12-19 08:49:36 | DEBUG    | log:152 | [reset_all_caches] All caches invalidated
2025-12-19 08:49:36 | DEBUG    | log:152 | [list_documents] Fetching all documents...
2025-12-19 08:49:36 | DEBUG    | log:152 | [get_tables] Getting tables...
2025-12-19 08:49:36 | DEBUG    | log:152 | [get_tables] Returning cached tables
2025-12-19 08:49:36 | INFO     | log:150 | [list_documents] Found 2 documents
2025-12-19 08:49:56 | DEBUG    | log:152 | [index] Serving web UI
2025-12-19 08:49:56 | DEBUG    | log:152 | [list_documents] Fetching all documents...
2025-12-19 08:49:56 | DEBUG    | log:152 | [get_tables] Getting tables...
2025-12-19 08:49:56 | DEBUG    | log:152 | [get_tables] Returning cached tables
2025-12-19 08:49:56 | INFO     | log:150 | [list_documents] Found 2 documents
2025-12-19 08:50:46 | INFO     | log:150 | [upload_documents] Uploading 1 files
2025-12-19 08:50:46 | DEBUG    | log:152 | [get_tables] Getting tables...
2025-12-19 08:50:46 | DEBUG    | log:152 | [get_tables] Returning cached tables
2025-12-19 08:50:46 | DEBUG    | log:152 | [build_search_text] Built search_text (938 chars)
2025-12-19 08:50:46 | DEBUG    | log:152 | [insert_document_with_examples] Inserting doc_id=2, search_text length=938
2025-12-19 08:50:46 | INFO     | log:150 | [insert_document_with_examples] Starting doc_table.insert() for doc_id=2...
2025-12-19 08:50:46 | INFO     | log:150 | [insert_document_with_examples] doc_table.insert() completed in 0.06s for doc_id=2
2025-12-19 08:50:46 | DEBUG    | log:152 | [parse_examples_to_list] Parsed 20 examples
2025-12-19 08:50:46 | DEBUG    | log:152 | [insert_document_with_examples] Inserted 20 examples for doc_id=2
2025-12-19 08:50:46 | DEBUG    | log:152 | [build_search_text] Built search_text (943 chars)
2025-12-19 08:50:46 | DEBUG    | log:152 | [insert_document_with_examples] Inserting doc_id=3, search_text length=943
2025-12-19 08:50:46 | INFO     | log:150 | [insert_document_with_examples] Starting doc_table.insert() for doc_id=3...
2025-12-19 08:50:46 | INFO     | log:150 | [insert_document_with_examples] doc_table.insert() completed in 0.04s for doc_id=3
2025-12-19 08:50:46 | DEBUG    | log:152 | [parse_examples_to_list] Parsed 20 examples
2025-12-19 08:50:46 | DEBUG    | log:152 | [insert_document_with_examples] Inserted 20 examples for doc_id=3
2025-12-19 08:50:46 | DEBUG    | log:152 | [build_search_text] Built search_text (1040 chars)
2025-12-19 08:50:46 | DEBUG    | log:152 | [insert_document_with_examples] Inserting doc_id=4, search_text length=1040
2025-12-19 08:50:46 | INFO     | log:150 | [insert_document_with_examples] Starting doc_table.insert() for doc_id=4...
2025-12-19 08:50:46 | INFO     | log:150 | [insert_document_with_examples] doc_table.insert() completed in 0.04s for doc_id=4
2025-12-19 08:50:46 | DEBUG    | log:152 | [parse_examples_to_list] Parsed 20 examples
2025-12-19 08:50:46 | DEBUG    | log:152 | [insert_document_with_examples] Inserted 20 examples for doc_id=4
2025-12-19 08:50:46 | DEBUG    | log:152 | [build_search_text] Built search_text (946 chars)
2025-12-19 08:50:46 | DEBUG    | log:152 | [insert_document_with_examples] Inserting doc_id=5, search_text length=946
2025-12-19 08:50:46 | INFO     | log:150 | [insert_document_with_examples] Starting doc_table.insert() for doc_id=5...
2025-12-19 08:50:46 | INFO     | log:150 | [insert_document_with_examples] doc_table.insert() completed in 0.04s for doc_id=5
2025-12-19 08:50:46 | DEBUG    | log:152 | [parse_examples_to_list] Parsed 20 examples
2025-12-19 08:50:46 | DEBUG    | log:152 | [insert_document_with_examples] Inserted 20 examples for doc_id=5
2025-12-19 08:50:46 | DEBUG    | log:152 | [build_search_text] Built search_text (1116 chars)
2025-12-19 08:50:46 | DEBUG    | log:152 | [insert_document_with_examples] Inserting doc_id=6, search_text length=1116
2025-12-19 08:50:46 | INFO     | log:150 | [insert_document_with_examples] Starting doc_table.insert() for doc_id=6...
2025-12-19 08:50:46 | INFO     | log:150 | [insert_document_with_examples] doc_table.insert() completed in 0.04s for doc_id=6
2025-12-19 08:50:46 | DEBUG    | log:152 | [parse_examples_to_list] Parsed 20 examples
2025-12-19 08:50:46 | DEBUG    | log:152 | [insert_document_with_examples] Inserted 20 examples for doc_id=6
2025-12-19 08:50:46 | DEBUG    | log:152 | [build_search_text] Built search_text (889 chars)
2025-12-19 08:50:46 | DEBUG    | log:152 | [insert_document_with_examples] Inserting doc_id=7, search_text length=889
2025-12-19 08:50:46 | INFO     | log:150 | [insert_document_with_examples] Starting doc_table.insert() for doc_id=7...
2025-12-19 08:50:46 | INFO     | log:150 | [insert_document_with_examples] doc_table.insert() completed in 0.04s for doc_id=7
2025-12-19 08:50:46 | DEBUG    | log:152 | [parse_examples_to_list] Parsed 20 examples
2025-12-19 08:50:46 | DEBUG    | log:152 | [insert_document_with_examples] Inserted 20 examples for doc_id=7
2025-12-19 08:50:46 | DEBUG    | log:152 | [build_search_text] Built search_text (1026 chars)
2025-12-19 08:50:46 | DEBUG    | log:152 | [insert_document_with_examples] Inserting doc_id=8, search_text length=1026
2025-12-19 08:50:46 | INFO     | log:150 | [insert_document_with_examples] Starting doc_table.insert() for doc_id=8...
2025-12-19 08:50:46 | INFO     | log:150 | [insert_document_with_examples] doc_table.insert() completed in 0.04s for doc_id=8
2025-12-19 08:50:46 | DEBUG    | log:152 | [parse_examples_to_list] Parsed 1 examples
2025-12-19 08:50:46 | DEBUG    | log:152 | [insert_document_with_examples] Inserted 1 examples for doc_id=8
2025-12-19 08:50:46 | DEBUG    | log:152 | [build_search_text] Built search_text (959 chars)
2025-12-19 08:50:46 | DEBUG    | log:152 | [insert_document_with_examples] Inserting doc_id=9, search_text length=959
2025-12-19 08:50:46 | INFO     | log:150 | [insert_document_with_examples] Starting doc_table.insert() for doc_id=9...
2025-12-19 08:50:47 | INFO     | log:150 | [insert_document_with_examples] doc_table.insert() completed in 0.04s for doc_id=9
2025-12-19 08:50:47 | DEBUG    | log:152 | [parse_examples_to_list] Parsed 20 examples
2025-12-19 08:50:47 | DEBUG    | log:152 | [insert_document_with_examples] Inserted 20 examples for doc_id=9
2025-12-19 08:50:47 | DEBUG    | log:152 | [build_search_text] Built search_text (1305 chars)
2025-12-19 08:50:47 | DEBUG    | log:152 | [insert_document_with_examples] Inserting doc_id=10, search_text length=1305
2025-12-19 08:50:47 | INFO     | log:150 | [insert_document_with_examples] Starting doc_table.insert() for doc_id=10...
2025-12-19 08:50:47 | INFO     | log:150 | [insert_document_with_examples] doc_table.insert() completed in 0.05s for doc_id=10
2025-12-19 08:50:47 | DEBUG    | log:152 | [parse_examples_to_list] Parsed 20 examples
2025-12-19 08:50:47 | DEBUG    | log:152 | [insert_document_with_examples] Inserted 20 examples for doc_id=10
2025-12-19 08:50:47 | DEBUG    | log:152 | [build_search_text] Built search_text (1326 chars)
2025-12-19 08:50:47 | DEBUG    | log:152 | [insert_document_with_examples] Inserting doc_id=11, search_text length=1326
2025-12-19 08:50:47 | INFO     | log:150 | [insert_document_with_examples] Starting doc_table.insert() for doc_id=11...
2025-12-19 08:50:47 | INFO     | log:150 | [insert_document_with_examples] doc_table.insert() completed in 0.05s for doc_id=11
2025-12-19 08:50:47 | DEBUG    | log:152 | [parse_examples_to_list] Parsed 20 examples
2025-12-19 08:50:47 | DEBUG    | log:152 | [insert_document_with_examples] Inserted 20 examples for doc_id=11
2025-12-19 08:50:47 | DEBUG    | log:152 | [build_search_text] Built search_text (867 chars)
2025-12-19 08:50:47 | DEBUG    | log:152 | [insert_document_with_examples] Inserting doc_id=12, search_text length=867
2025-12-19 08:50:47 | INFO     | log:150 | [insert_document_with_examples] Starting doc_table.insert() for doc_id=12...
2025-12-19 08:50:47 | INFO     | log:150 | [insert_document_with_examples] doc_table.insert() completed in 0.04s for doc_id=12
2025-12-19 08:50:47 | DEBUG    | log:152 | [parse_examples_to_list] Parsed 0 examples
2025-12-19 08:50:47 | DEBUG    | log:152 | [build_search_text] Built search_text (1162 chars)
2025-12-19 08:50:47 | DEBUG    | log:152 | [insert_document_with_examples] Inserting doc_id=13, search_text length=1162
2025-12-19 08:50:47 | INFO     | log:150 | [insert_document_with_examples] Starting doc_table.insert() for doc_id=13...
2025-12-19 08:50:47 | INFO     | log:150 | [insert_document_with_examples] doc_table.insert() completed in 0.04s for doc_id=13
2025-12-19 08:50:47 | DEBUG    | log:152 | [parse_examples_to_list] Parsed 20 examples
2025-12-19 08:50:47 | DEBUG    | log:152 | [insert_document_with_examples] Inserted 20 examples for doc_id=13
2025-12-19 08:50:47 | DEBUG    | log:152 | [build_search_text] Built search_text (1649 chars)
2025-12-19 08:50:47 | DEBUG    | log:152 | [insert_document_with_examples] Inserting doc_id=14, search_text length=1649
2025-12-19 08:50:47 | INFO     | log:150 | [insert_document_with_examples] Starting doc_table.insert() for doc_id=14...
2025-12-19 08:50:47 | INFO     | log:150 | [insert_document_with_examples] doc_table.insert() completed in 0.05s for doc_id=14
2025-12-19 08:50:47 | DEBUG    | log:152 | [parse_examples_to_list] Parsed 20 examples
2025-12-19 08:50:47 | DEBUG    | log:152 | [insert_document_with_examples] Inserted 20 examples for doc_id=14
2025-12-19 08:50:47 | DEBUG    | log:152 | [build_search_text] Built search_text (1011 chars)
2025-12-19 08:50:47 | DEBUG    | log:152 | [insert_document_with_examples] Inserting doc_id=15, search_text length=1011
2025-12-19 08:50:47 | INFO     | log:150 | [insert_document_with_examples] Starting doc_table.insert() for doc_id=15...
2025-12-19 08:50:48 | INFO     | log:150 | [insert_document_with_examples] doc_table.insert() completed in 0.35s for doc_id=15
2025-12-19 08:50:48 | DEBUG    | log:152 | [parse_examples_to_list] Parsed 20 examples
2025-12-19 08:50:48 | DEBUG    | log:152 | [insert_document_with_examples] Inserted 20 examples for doc_id=15
2025-12-19 08:50:48 | DEBUG    | log:152 | [build_search_text] Built search_text (984 chars)
2025-12-19 08:50:48 | DEBUG    | log:152 | [insert_document_with_examples] Inserting doc_id=16, search_text length=984
2025-12-19 08:50:48 | INFO     | log:150 | [insert_document_with_examples] Starting doc_table.insert() for doc_id=16...
2025-12-19 08:50:48 | INFO     | log:150 | [insert_document_with_examples] doc_table.insert() completed in 0.04s for doc_id=16
2025-12-19 08:50:48 | DEBUG    | log:152 | [parse_examples_to_list] Parsed 20 examples
2025-12-19 08:50:48 | DEBUG    | log:152 | [insert_document_with_examples] Inserted 20 examples for doc_id=16
2025-12-19 08:50:48 | INFO     | log:150 | [upload_documents] Inserted 15 docs with 261 examples
2025-12-19 08:50:48 | DEBUG    | log:152 | [invalidate_embeddings_cache] Embeddings cache invalidated
2025-12-19 08:50:48 | DEBUG    | log:152 | [reset_all_caches] All caches invalidated
2025-12-19 08:50:48 | DEBUG    | log:152 | [list_documents] Fetching all documents...
2025-12-19 08:50:48 | DEBUG    | log:152 | [get_tables] Getting tables...
2025-12-19 08:50:48 | DEBUG    | log:152 | [get_tables] Returning cached tables
2025-12-19 08:50:48 | INFO     | log:150 | [list_documents] Found 17 documents
2025-12-19 08:51:00 | DEBUG    | log:152 | [list_documents] Fetching all documents...
2025-12-19 08:51:00 | DEBUG    | log:152 | [get_tables] Getting tables...
2025-12-19 08:51:00 | DEBUG    | log:152 | [get_tables] Returning cached tables
2025-12-19 08:51:00 | INFO     | log:150 | [list_documents] Found 17 documents
2025-12-19 08:51:07 | INFO     | log:150 | [delete_document] Deleting document doc_id=0
2025-12-19 08:51:07 | DEBUG    | log:152 | [get_tables] Getting tables...
2025-12-19 08:51:07 | DEBUG    | log:152 | [get_tables] Returning cached tables
2025-12-19 08:51:07 | INFO     | log:150 | [delete_document] Deleted 10 examples
2025-12-19 08:51:07 | INFO     | log:150 | [delete_document] Document doc_id=0 deleted
2025-12-19 08:51:07 | DEBUG    | log:152 | [invalidate_embeddings_cache] Embeddings cache invalidated
2025-12-19 08:51:07 | DEBUG    | log:152 | [reset_all_caches] All caches invalidated
2025-12-19 08:51:07 | DEBUG    | log:152 | [list_documents] Fetching all documents...
2025-12-19 08:51:07 | DEBUG    | log:152 | [get_tables] Getting tables...
2025-12-19 08:51:07 | DEBUG    | log:152 | [get_tables] Returning cached tables
2025-12-19 08:51:07 | INFO     | log:150 | [list_documents] Found 16 documents
2025-12-19 08:51:07 | DEBUG    | log:152 | [list_documents] Fetching all documents...
2025-12-19 08:51:07 | DEBUG    | log:152 | [get_tables] Getting tables...
2025-12-19 08:51:07 | DEBUG    | log:152 | [get_tables] Returning cached tables
2025-12-19 08:51:07 | INFO     | log:150 | [list_documents] Found 16 documents
2025-12-19 08:51:30 | INFO     | log:150 | [search_single] Searching: 'Cho tôi các giao dịch trong tháng 12 năm 2024...' (top_k=10)
2025-12-19 08:51:30 | DEBUG    | log:152 | [get_tables] Getting tables...
2025-12-19 08:51:30 | DEBUG    | log:152 | [get_tables] Returning cached tables
2025-12-19 08:51:30 | DEBUG    | log:152 | [normalize_query] 'Cho tôi các giao dịch trong tháng 12 năm...' -> 'Cho tôi các giao dịch trong tháng 12 năm...'
2025-12-19 08:51:30 | DEBUG    | log:152 | [perform_hybrid_search] query_text: [Cho tôi các giao dịch trong tháng 12 năm 2024] - formatted_query: [Cho tôi các giao dịch trong tháng 12 năm 2024] - normalized_query: [Cho tôi các giao dịch trong tháng 12 năm 2024]
2025-12-19 08:51:30 | INFO     | log:150 | [build_embeddings_cache] Building embeddings cache...
2025-12-19 08:51:31 | INFO     | log:150 | [build_embeddings_cache] Cache built in 0.71s: 281 examples, 16 docs on GPU (NVIDIA RTX A5000)
2025-12-19 08:51:31 | INFO     | log:150 | [get_corpus_stats] Rebuilding corpus stats cache...
2025-12-19 08:51:31 | DEBUG    | log:152 | [perform_hybrid_search] BM25 raw scores: min=0.0912, max=35.0068
2025-12-19 08:51:31 | DEBUG    | log:152 | [get_keyword_boost] Query: 'Cho tôi các giao dịch trong th...' | Doc: Tra cứu lịch sử giao | Boost: 0.25 | Matched: ['trong tháng']
2025-12-19 08:51:31 | DEBUG    | log:152 | [get_keyword_boost] Query: 'Cho tôi các giao dịch trong th...' | Doc: Tra cứu giao dịch th | Boost: 0.25 | Matched: ['giao dịch']
2025-12-19 08:51:31 | DEBUG    | log:152 | [get_keyword_boost] Query: 'Cho tôi các giao dịch trong th...' | Doc: Tra cứu giao dịch th | Boost: 0.25 | Matched: ['giao dịch']
2025-12-19 08:51:31 | DEBUG    | log:152 | [get_keyword_boost] Query: 'Cho tôi các giao dịch trong th...' | Doc: Tra cứu giao dịch th | Boost: 0.25 | Matched: ['giao dịch']
2025-12-19 08:51:31 | DEBUG    | log:152 | [classify_query_intent] Ambiguous: 'Cho tôi các giao dịch trong th...' | Scores: {'Tra cứu lịch sử giao dịch theo khoảng thời gian': 1, 'Tra cứu giao dịch theo số tiền': 1, 'Tra cứu giao dịch theo trạng thái': 1, 'Tra cứu giao dịch theo loại giao dịch': 1}
2025-12-19 08:51:31 | INFO     | log:150 | [search_single] Found 10 results
2025-12-19 08:51:31 | DEBUG    | log:152 | [search_single] Top: Tra cứu lịch sử giao dịch theo khoảng thời gian... (score=0.8600, sem=0.9071, bm25=1.0000, boost=0.2500)
2025-12-19 08:59:21 | INFO     | log:150 | [search_batch_stream] Batch stream search from: test_api.xlsx
2025-12-19 08:59:21 | DEBUG    | log:152 | [get_tables] Getting tables...
2025-12-19 08:59:21 | DEBUG    | log:152 | [get_tables] Returning cached tables
2025-12-19 08:59:21 | DEBUG    | log:152 | [normalize_query] 'Cho tôi xem lịch sử giao dịch của tài kh...' -> 'Cho tôi xem lịch sử giao dịch của tài kh...'
2025-12-19 08:59:21 | DEBUG    | log:152 | [perform_hybrid_search] query_text: [Cho tôi xem lịch sử giao dịch của tài khoản 0123456789] - formatted_query: [Cho tôi xem lịch sử giao dịch của tài khoản 0123456789] - normalized_query: [Cho tôi xem lịch sử giao dịch của tài khoản 0123456789]
2025-12-19 08:59:21 | DEBUG    | log:152 | [perform_hybrid_search] BM25 raw scores: min=0.4558, max=30.0645
2025-12-19 08:59:21 | DEBUG    | log:152 | [get_keyword_boost] Query: 'Cho tôi xem lịch sử giao dịch ...' | Doc: Tra cứu lịch sử giao | Boost: 0.50 | Matched: ['lịch sử giao dịch', 'xem']
2025-12-19 08:59:21 | DEBUG    | log:152 | [get_keyword_boost] Query: 'Cho tôi xem lịch sử giao dịch ...' | Doc: Tra cứu lịch sử giao | Boost: 0.50 | Matched: ['lịch sử giao dịch', 'xem']
2025-12-19 08:59:21 | DEBUG    | log:152 | [get_keyword_boost] Query: 'Cho tôi xem lịch sử giao dịch ...' | Doc: Tra cứu lịch sử giao | Boost: 0.50 | Matched: ['lịch sử giao dịch', 'xem']
2025-12-19 08:59:21 | DEBUG    | log:152 | [get_keyword_boost] Query: 'Cho tôi xem lịch sử giao dịch ...' | Doc: Tra cứu giao dịch th | Boost: 0.25 | Matched: ['giao dịch']
2025-12-19 08:59:21 | DEBUG    | log:152 | [get_keyword_boost] Query: 'Cho tôi xem lịch sử giao dịch ...' | Doc: Tra cứu giao dịch th | Boost: 0.25 | Matched: ['giao dịch']
2025-12-19 08:59:21 | DEBUG    | log:152 | [get_keyword_boost] Query: 'Cho tôi xem lịch sử giao dịch ...' | Doc: Tra cứu giao dịch th | Boost: 0.25 | Matched: ['giao dịch']
2025-12-19 08:59:21 | DEBUG    | log:152 | [classify_query_intent] Ambiguous: 'Cho tôi xem lịch sử giao dịch ...' | Scores: {'Tra cứu lịch sử giao dịch theo số tài khoản': 2, 'Tra cứu lịch sử giao dịch theo khoảng thời gian': 2, 'Tra cứu giao dịch theo số tiền': 1, 'Tra cứu giao dịch theo trạng thái': 1, 'Tra cứu giao dịch theo loại giao dịch': 1}
2025-12-19 08:59:21 | DEBUG    | log:152 | [normalize_query] 'Tôi muốn tra cứu các giao dịch của số tà...' -> 'Tôi muốn tra cứu các giao dịch của số tà...'
2025-12-19 08:59:21 | DEBUG    | log:152 | [perform_hybrid_search] query_text: [Tôi muốn tra cứu các giao dịch của số tài khoản 0123456789] - formatted_query: [Tôi muốn tra cứu các giao dịch của số tài khoản 0123456789] - normalized_query: [Tôi muốn tra cứu các giao dịch của số tài khoản 0123456789]
2025-12-19 08:59:21 | DEBUG    | log:152 | [perform_hybrid_search] BM25 raw scores: min=1.2320, max=25.8771
2025-12-19 08:59:21 | DEBUG    | log:152 | [get_keyword_boost] Query: 'Tôi muốn tra cứu các giao dịch...' | Doc: Tra cứu lịch sử giao | Boost: 0.50 | Matched: ['tra cứu', 'số tài khoản']
2025-12-19 08:59:21 | DEBUG    | log:152 | [get_keyword_boost] Query: 'Tôi muốn tra cứu các giao dịch...' | Doc: Tra cứu lịch sử giao | Boost: 0.50 | Matched: ['tra cứu', 'số tài khoản']
2025-12-19 08:59:21 | DEBUG    | log:152 | [get_keyword_boost] Query: 'Tôi muốn tra cứu các giao dịch...' | Doc: Tra cứu lịch sử giao | Boost: 0.25 | Matched: ['tra cứu']
2025-12-19 08:59:21 | DEBUG    | log:152 | [get_keyword_boost] Query: 'Tôi muốn tra cứu các giao dịch...' | Doc: Tra cứu giao dịch th | Boost: 0.25 | Matched: ['giao dịch']
2025-12-19 08:59:21 | DEBUG    | log:152 | [get_keyword_boost] Query: 'Tôi muốn tra cứu các giao dịch...' | Doc: Tra cứu giao dịch th | Boost: 0.25 | Matched: ['giao dịch']
2025-12-19 08:59:21 | DEBUG    | log:152 | [get_keyword_boost] Query: 'Tôi muốn tra cứu các giao dịch...' | Doc: Tra cứu giao dịch th | Boost: 0.25 | Matched: ['giao dịch']
2025-12-19 08:59:21 | DEBUG    | log:152 | [classify_query_intent] Classified: 'Tôi muốn tra cứu các giao dịch...' -> Tra cứu lịch sử giao dịch theo (score=2)
2025-12-19 08:59:21 | DEBUG    | log:152 | [normalize_query] 'Liệt kê tất cả giao dịch liên quan đến t...' -> 'Liệt kê tất cả giao dịch liên quan đến t...'
2025-12-19 08:59:21 | DEBUG    | log:152 | [perform_hybrid_search] query_text: [Liệt kê tất cả giao dịch liên quan đến tài khoản 0123456789] - formatted_query: [Liệt kê tất cả giao dịch liên quan đến tài khoản 0123456789] - normalized_query: [Liệt kê tất cả giao dịch liên quan đến tài khoản 0123456789]
2025-12-19 08:59:21 | DEBUG    | log:152 | [perform_hybrid_search] BM25 raw scores: min=0.2741, max=51.1987
2025-12-19 08:59:21 | DEBUG    | log:152 | [get_keyword_boost] Query: 'Liệt kê tất cả giao dịch liên ...' | Doc: Tra cứu lịch sử giao | Boost: 0.25 | Matched: ['liệt kê']
2025-12-19 08:59:21 | DEBUG    | log:152 | [get_keyword_boost] Query: 'Liệt kê tất cả giao dịch liên ...' | Doc: Tra cứu lịch sử giao | Boost: 0.25 | Matched: ['liệt kê']
2025-12-19 08:59:21 | DEBUG    | log:152 | [get_keyword_boost] Query: 'Liệt kê tất cả giao dịch liên ...' | Doc: Tra cứu lịch sử giao | Boost: 0.25 | Matched: ['liệt kê']
2025-12-19 08:59:21 | DEBUG    | log:152 | [get_keyword_boost] Query: 'Liệt kê tất cả giao dịch liên ...' | Doc: Tra cứu giao dịch th | Boost: 0.25 | Matched: ['giao dịch']
2025-12-19 08:59:21 | DEBUG    | log:152 | [get_keyword_boost] Query: 'Liệt kê tất cả giao dịch liên ...' | Doc: Tra cứu giao dịch th | Boost: 0.25 | Matched: ['giao dịch']
2025-12-19 08:59:21 | DEBUG    | log:152 | [get_keyword_boost] Query: 'Liệt kê tất cả giao dịch liên ...' | Doc: Tra cứu giao dịch th | Boost: 0.25 | Matched: ['giao dịch']
2025-12-19 08:59:21 | DEBUG    | log:152 | [classify_query_intent] Ambiguous: 'Liệt kê tất cả giao dịch liên ...' | Scores: {'Tra cứu lịch sử giao dịch theo số tài khoản': 1, 'Tra cứu lịch sử giao dịch theo khoảng thời gian': 1, 'Tra cứu giao dịch theo số tiền': 1, 'Tra cứu giao dịch theo trạng thái': 1, 'Tra cứu giao dịch theo loại giao dịch': 1}
2025-12-19 08:59:21 | DEBUG    | log:152 | [normalize_query] 'Xem chi tiết các giao dịch từ tài khoản ...' -> 'Xem chi tiết các giao dịch từ tài khoản ...'
2025-12-19 08:59:21 | DEBUG    | log:152 | [perform_hybrid_search] query_text: [Xem chi tiết các giao dịch từ tài khoản số 0123456789] - formatted_query: [Xem chi tiết các giao dịch từ tài khoản số 0123456789] - normalized_query: [Xem chi tiết các giao dịch từ tài khoản số 0123456789]
2025-12-19 08:59:21 | DEBUG    | log:152 | [perform_hybrid_search] BM25 raw scores: min=1.5976, max=34.6342
2025-12-19 08:59:21 | DEBUG    | log:152 | [get_keyword_boost] Query: 'Xem chi tiết các giao dịch từ ...' | Doc: Tra cứu lịch sử giao | Boost: 0.25 | Matched: ['xem']
2025-12-19 08:59:21 | DEBUG    | log:152 | [get_keyword_boost] Query: 'Xem chi tiết các giao dịch từ ...' | Doc: Tra cứu lịch sử giao | Boost: 0.25 | Matched: ['xem']
2025-12-19 08:59:21 | DEBUG    | log:152 | [get_keyword_boost] Query: 'Xem chi tiết các giao dịch từ ...' | Doc: Tra cứu lịch sử giao | Boost: 0.25 | Matched: ['xem']
2025-12-19 08:59:21 | DEBUG    | log:152 | [get_keyword_boost] Query: 'Xem chi tiết các giao dịch từ ...' | Doc: Tra cứu giao dịch th | Boost: 0.25 | Matched: ['giao dịch']
2025-12-19 08:59:21 | DEBUG    | log:152 | [get_keyword_boost] Query: 'Xem chi tiết các giao dịch từ ...' | Doc: Tra cứu giao dịch th | Boost: 0.25 | Matched: ['giao dịch']
2025-12-19 08:59:21 | DEBUG    | log:152 | [get_keyword_boost] Query: 'Xem chi tiết các giao dịch từ ...' | Doc: Tra cứu giao dịch th | Boost: 0.25 | Matched: ['giao dịch']
2025-12-19 08:59:21 | DEBUG    | log:152 | [classify_query_intent] Ambiguous: 'Xem chi tiết các giao dịch từ ...' | Scores: {'Tra cứu lịch sử giao dịch theo số tài khoản': 1, 'Tra cứu lịch sử giao dịch theo khoảng thời gian': 1, 'Tra cứu giao dịch theo số tiền': 1, 'Tra cứu giao dịch theo trạng thái': 1, 'Tra cứu giao dịch theo loại giao dịch': 1}
2025-12-19 08:59:21 | DEBUG    | log:152 | [normalize_query] 'Tài khoản 0123456789 có những giao dịch ...' -> 'Tài khoản 0123456789 có những giao dịch ...'
2025-12-19 08:59:21 | DEBUG    | log:152 | [perform_hybrid_search] query_text: [Tài khoản 0123456789 có những giao dịch nào?] - formatted_query: [Tài khoản 0123456789 có những giao dịch nào] - normalized_query: [Tài khoản 0123456789 có những giao dịch nào]
2025-12-19 08:59:21 | DEBUG    | log:152 | [perform_hybrid_search] BM25 raw scores: min=0.2431, max=38.7912
2025-12-19 08:59:21 | DEBUG    | log:152 | [get_keyword_boost] Query: 'Tài khoản 0123456789 có những ...' | Doc: Tra cứu giao dịch th | Boost: 0.25 | Matched: ['giao dịch']
2025-12-19 08:59:21 | DEBUG    | log:152 | [get_keyword_boost] Query: 'Tài khoản 0123456789 có những ...' | Doc: Tra cứu giao dịch th | Boost: 0.25 | Matched: ['giao dịch']
2025-12-19 08:59:21 | DEBUG    | log:152 | [get_keyword_boost] Query: 'Tài khoản 0123456789 có những ...' | Doc: Tra cứu giao dịch th | Boost: 0.25 | Matched: ['giao dịch']
2025-12-19 08:59:21 | DEBUG    | log:152 | [classify_query_intent] Ambiguous: 'Tài khoản 0123456789 có những ...' | Scores: {'Tra cứu giao dịch theo số tiền': 1, 'Tra cứu giao dịch theo trạng thái': 1, 'Tra cứu giao dịch theo loại giao dịch': 1}
2025-12-19 08:59:21 | DEBUG    | log:152 | [normalize_query] 'Kiểm tra lịch sử giao dịch cho tài khoản...' -> 'Kiểm tra lịch sử giao dịch cho tài khoản...'
2025-12-19 08:59:21 | DEBUG    | log:152 | [perform_hybrid_search] query_text: [Kiểm tra lịch sử giao dịch cho tài khoản 0123456789] - formatted_query: [Kiểm tra lịch sử giao dịch cho tài khoản 0123456789] - normalized_query: [Kiểm tra lịch sử giao dịch cho tài khoản 0123456789]
2025-12-19 08:59:22 | DEBUG    | log:152 | [perform_hybrid_search] BM25 raw scores: min=0.6177, max=34.3116
2025-12-19 08:59:22 | DEBUG    | log:152 | [get_keyword_boost] Query: 'Kiểm tra lịch sử giao dịch cho...' | Doc: Tra cứu lịch sử giao | Boost: 0.50 | Matched: ['lịch sử giao dịch', 'kiểm tra']
2025-12-19 08:59:22 | DEBUG    | log:152 | [get_keyword_boost] Query: 'Kiểm tra lịch sử giao dịch cho...' | Doc: Tra cứu lịch sử giao | Boost: 0.50 | Matched: ['lịch sử giao dịch', 'kiểm tra']
2025-12-19 08:59:22 | DEBUG    | log:152 | [get_keyword_boost] Query: 'Kiểm tra lịch sử giao dịch cho...' | Doc: Tra cứu lịch sử giao | Boost: 0.50 | Matched: ['lịch sử giao dịch', 'kiểm tra']
2025-12-19 08:59:22 | DEBUG    | log:152 | [get_keyword_boost] Query: 'Kiểm tra lịch sử giao dịch cho...' | Doc: Tra cứu giao dịch th | Boost: 0.25 | Matched: ['giao dịch']
2025-12-19 08:59:22 | DEBUG    | log:152 | [get_keyword_boost] Query: 'Kiểm tra lịch sử giao dịch cho...' | Doc: Tra cứu giao dịch th | Boost: 0.25 | Matched: ['giao dịch']
2025-12-19 08:59:22 | DEBUG    | log:152 | [get_keyword_boost] Query: 'Kiểm tra lịch sử giao dịch cho...' | Doc: Tra cứu giao dịch th | Boost: 0.25 | Matched: ['giao dịch']
2025-12-19 08:59:22 | DEBUG    | log:152 | [classify_query_intent] Ambiguous: 'Kiểm tra lịch sử giao dịch cho...' | Scores: {'Tra cứu lịch sử giao dịch theo số tài khoản': 2, 'Tra cứu lịch sử giao dịch theo khoảng thời gian': 2, 'Tra cứu giao dịch theo số tiền': 1, 'Tra cứu giao dịch theo trạng thái': 1, 'Tra cứu giao dịch theo loại giao dịch': 1}
2025-12-19 08:59:22 | DEBUG    | log:152 | [normalize_query] 'Hiển thị danh sách giao dịch của tài kho...' -> 'Hiển thị danh sách giao dịch của tài kho...'
2025-12-19 08:59:22 | DEBUG    | log:152 | [perform_hybrid_search] query_text: [Hiển thị danh sách giao dịch của tài khoản 0123456789] - formatted_query: [Hiển thị danh sách giao dịch của tài khoản 0123456789] - normalized_query: [Hiển thị danh sách giao dịch của tài khoản 0123456789]
2025-12-19 08:59:22 | DEBUG    | log:152 | [perform_hybrid_search] BM25 raw scores: min=0.2741, max=43.8821
2025-12-19 08:59:22 | DEBUG    | log:152 | [get_keyword_boost] Query: 'Hiển thị danh sách giao dịch c...' | Doc: Tra cứu lịch sử giao | Boost: 0.50 | Matched: ['hiển thị', 'danh sách giao dịch']
2025-12-19 08:59:22 | DEBUG    | log:152 | [get_keyword_boost] Query: 'Hiển thị danh sách giao dịch c...' | Doc: Tra cứu lịch sử giao | Boost: 0.50 | Matched: ['hiển thị', 'danh sách giao dịch']
2025-12-19 08:59:22 | DEBUG    | log:152 | [get_keyword_boost] Query: 'Hiển thị danh sách giao dịch c...' | Doc: Tra cứu lịch sử giao | Boost: 0.25 | Matched: ['hiển thị']
2025-12-19 08:59:22 | DEBUG    | log:152 | [get_keyword_boost] Query: 'Hiển thị danh sách giao dịch c...' | Doc: Tra cứu giao dịch th | Boost: 0.25 | Matched: ['giao dịch']
2025-12-19 08:59:22 | DEBUG    | log:152 | [get_keyword_boost] Query: 'Hiển thị danh sách giao dịch c...' | Doc: Tra cứu giao dịch th | Boost: 0.25 | Matched: ['giao dịch']
2025-12-19 08:59:22 | DEBUG    | log:152 | [get_keyword_boost] Query: 'Hiển thị danh sách giao dịch c...' | Doc: Tra cứu giao dịch th | Boost: 0.25 | Matched: ['giao dịch']
2025-12-19 08:59:22 | DEBUG    | log:152 | [classify_query_intent] Classified: 'Hiển thị danh sách giao dịch c...' -> Tra cứu lịch sử giao dịch theo (score=2)
2025-12-19 08:59:22 | DEBUG    | log:152 | [normalize_query] 'Tìm các giao dịch đã thực hiện trên tài ...' -> 'Tìm các giao dịch đã thực hiện trên tài ...'
2025-12-19 08:59:22 | DEBUG    | log:152 | [perform_hybrid_search] query_text: [Tìm các giao dịch đã thực hiện trên tài khoản 0123456789] - formatted_query: [Tìm các giao dịch đã thực hiện trên tài khoản 0123456789] - normalized_query: [Tìm các giao dịch đã thực hiện trên tài khoản 0123456789]
2025-12-19 08:59:22 | DEBUG    | log:152 | [perform_hybrid_search] BM25 raw scores: min=0.3084, max=35.5141
2025-12-19 08:59:22 | DEBUG    | log:152 | [get_keyword_boost] Query: 'Tìm các giao dịch đã thực hiện...' | Doc: Tra cứu lịch sử giao | Boost: 0.25 | Matched: ['tìm']
2025-12-19 08:59:22 | DEBUG    | log:152 | [get_keyword_boost] Query: 'Tìm các giao dịch đã thực hiện...' | Doc: Tra cứu giao dịch th | Boost: 0.50 | Matched: ['giao dịch', 'trên']
2025-12-19 08:59:22 | DEBUG    | log:152 | [get_keyword_boost] Query: 'Tìm các giao dịch đã thực hiện...' | Doc: Tra cứu giao dịch th | Boost: 0.25 | Matched: ['giao dịch']
2025-12-19 08:59:22 | DEBUG    | log:152 | [get_keyword_boost] Query: 'Tìm các giao dịch đã thực hiện...' | Doc: Tra cứu giao dịch th | Boost: 0.25 | Matched: ['giao dịch']
2025-12-19 08:59:22 | DEBUG    | log:152 | [get_keyword_boost] Query: 'Tìm các giao dịch đã thực hiện...' | Doc: Tra cứu giao dịch ch | Boost: 0.25 | Matched: ['đã thực hiện']
2025-12-19 08:59:22 | DEBUG    | log:152 | [classify_query_intent] Classified: 'Tìm các giao dịch đã thực hiện...' -> Tra cứu giao dịch theo số tiền (score=2)
2025-12-19 08:59:22 | DEBUG    | log:152 | [normalize_query] 'Tra cứu thông tin giao dịch của STK 0123...' -> 'Tra cứu thông tin giao dịch của stk 0123...'
2025-12-19 08:59:22 | DEBUG    | log:152 | [perform_hybrid_search] query_text: [Tra cứu thông tin giao dịch của STK 0123456789] - formatted_query: [Tra cứu thông tin giao dịch của stk 0123456789] - normalized_query: [Tra cứu thông tin giao dịch của stk 0123456789]
2025-12-19 08:59:22 | DEBUG    | log:152 | [perform_hybrid_search] BM25 raw scores: min=0.8603, max=23.4514
2025-12-19 08:59:22 | DEBUG    | log:152 | [get_keyword_boost] Query: 'Tra cứu thông tin giao dịch củ...' | Doc: Tra cứu lịch sử giao | Boost: 0.75 | Matched: ['tra cứu', 'stk', 'tk']
2025-12-19 08:59:22 | DEBUG    | log:152 | [get_keyword_boost] Query: 'Tra cứu thông tin giao dịch củ...' | Doc: Tra cứu lịch sử giao | Boost: 0.75 | Matched: ['tra cứu', 'stk', 'tk']
2025-12-19 08:59:22 | DEBUG    | log:152 | [get_keyword_boost] Query: 'Tra cứu thông tin giao dịch củ...' | Doc: Tra cứu lịch sử giao | Boost: 0.25 | Matched: ['tra cứu']
2025-12-19 08:59:22 | DEBUG    | log:152 | [get_keyword_boost] Query: 'Tra cứu thông tin giao dịch củ...' | Doc: Tra cứu giao dịch th | Boost: 0.25 | Matched: ['giao dịch']
2025-12-19 08:59:22 | DEBUG    | log:152 | [get_keyword_boost] Query: 'Tra cứu thông tin giao dịch củ...' | Doc: Tra cứu giao dịch th | Boost: 0.25 | Matched: ['giao dịch']
2025-12-19 08:59:22 | DEBUG    | log:152 | [get_keyword_boost] Query: 'Tra cứu thông tin giao dịch củ...' | Doc: Tra cứu giao dịch th | Boost: 0.25 | Matched: ['giao dịch']
2025-12-19 08:59:22 | DEBUG    | log:152 | [classify_query_intent] Classified: 'Tra cứu thông tin giao dịch củ...' -> Tra cứu lịch sử giao dịch theo (score=3)
2025-12-19 08:59:22 | DEBUG    | log:152 | [normalize_query] 'Cho biết các giao dịch phát sinh trên tà...' -> 'Cho biết các giao dịch phát sinh trên tà...'
2025-12-19 08:59:22 | DEBUG    | log:152 | [perform_hybrid_search] query_text: [Cho biết các giao dịch phát sinh trên tài khoản 0123456789] - formatted_query: [Cho biết các giao dịch phát sinh trên tài khoản 0123456789] - normalized_query: [Cho biết các giao dịch phát sinh trên tài khoản 0123456789]
2025-12-19 08:59:22 | DEBUG    | log:152 | [perform_hybrid_search] BM25 raw scores: min=0.2431, max=41.7780
2025-12-19 08:59:22 | DEBUG    | log:152 | [get_keyword_boost] Query: 'Cho biết các giao dịch phát si...' | Doc: Tra cứu lịch sử giao | Boost: 0.25 | Matched: ['giao dịch phát sinh']
2025-12-19 08:59:22 | DEBUG    | log:152 | [get_keyword_boost] Query: 'Cho biết các giao dịch phát si...' | Doc: Tra cứu lịch sử giao | Boost: 0.25 | Matched: ['giao dịch phát sinh']
2025-12-19 08:59:22 | DEBUG    | log:152 | [get_keyword_boost] Query: 'Cho biết các giao dịch phát si...' | Doc: Tra cứu giao dịch th | Boost: 0.50 | Matched: ['giao dịch', 'trên']
2025-12-19 08:59:22 | DEBUG    | log:152 | [get_keyword_boost] Query: 'Cho biết các giao dịch phát si...' | Doc: Tra cứu giao dịch th | Boost: 0.25 | Matched: ['giao dịch']
2025-12-19 08:59:22 | DEBUG    | log:152 | [get_keyword_boost] Query: 'Cho biết các giao dịch phát si...' | Doc: Tra cứu giao dịch th | Boost: 0.25 | Matched: ['giao dịch']
2025-12-19 08:59:22 | DEBUG    | log:152 | [classify_query_intent] Classified: 'Cho biết các giao dịch phát si...' -> Tra cứu giao dịch theo số tiền (score=2)
2025-12-19 08:59:22 | DEBUG    | log:152 | [normalize_query] 'Lấy danh sách giao dịch của số tài khoản...' -> 'Lấy danh sách giao dịch của số tài khoản...'
2025-12-19 08:59:22 | DEBUG    | log:152 | [perform_hybrid_search] query_text: [Lấy danh sách giao dịch của số tài khoản 0123456789] - formatted_query: [Lấy danh sách giao dịch của số tài khoản 0123456789] - normalized_query: [Lấy danh sách giao dịch của số tài khoản 0123456789]
2025-12-19 08:59:22 | DEBUG    | log:152 | [perform_hybrid_search] BM25 raw scores: min=0.5617, max=33.0643
2025-12-19 08:59:22 | DEBUG    | log:152 | [get_keyword_boost] Query: 'Lấy danh sách giao dịch của số...' | Doc: Tra cứu lịch sử giao | Boost: 0.50 | Matched: ['danh sách giao dịch', 'số tài khoản']
2025-12-19 08:59:22 | DEBUG    | log:152 | [get_keyword_boost] Query: 'Lấy danh sách giao dịch của số...' | Doc: Tra cứu lịch sử giao | Boost: 0.50 | Matched: ['danh sách giao dịch', 'số tài khoản']
2025-12-19 08:59:22 | DEBUG    | log:152 | [get_keyword_boost] Query: 'Lấy danh sách giao dịch của số...' | Doc: Tra cứu lịch sử giao | Boost: 0.25 | Matched: ['lấy danh sách']
2025-12-19 08:59:22 | DEBUG    | log:152 | [get_keyword_boost] Query: 'Lấy danh sách giao dịch của số...' | Doc: Tra cứu giao dịch th | Boost: 0.25 | Matched: ['giao dịch']
2025-12-19 08:59:22 | DEBUG    | log:152 | [get_keyword_boost] Query: 'Lấy danh sách giao dịch của số...' | Doc: Tra cứu giao dịch th | Boost: 0.25 | Matched: ['giao dịch']
2025-12-19 08:59:22 | DEBUG    | log:152 | [get_keyword_boost] Query: 'Lấy danh sách giao dịch của số...' | Doc: Tra cứu giao dịch th | Boost: 0.25 | Matched: ['giao dịch']
2025-12-19 08:59:22 | DEBUG    | log:152 | [classify_query_intent] Classified: 'Lấy danh sách giao dịch của số...' -> Tra cứu lịch sử giao dịch theo (score=2)
2025-12-19 08:59:22 | DEBUG    | log:152 | [normalize_query] 'Xem sao kê giao dịch tài khoản 012345678...' -> 'Xem sao kê giao dịch tài khoản 012345678...'
2025-12-19 08:59:22 | DEBUG    | log:152 | [perform_hybrid_search] query_text: [Xem sao kê giao dịch tài khoản 0123456789] - formatted_query: [Xem sao kê giao dịch tài khoản 0123456789] - normalized_query: [Xem sao kê giao dịch tài khoản 0123456789]
2025-12-19 08:59:22 | DEBUG    | log:152 | [perform_hybrid_search] BM25 raw scores: min=0.2431, max=42.1011
2025-12-19 08:59:22 | DEBUG    | log:152 | [get_keyword_boost] Query: 'Xem sao kê giao dịch tài khoản...' | Doc: Tra cứu lịch sử giao | Boost: 0.50 | Matched: ['xem', 'sao kê']
2025-12-19 08:59:22 | DEBUG    | log:152 | [get_keyword_boost] Query: 'Xem sao kê giao dịch tài khoản...' | Doc: Tra cứu lịch sử giao | Boost: 0.50 | Matched: ['xem', 'sao kê']
2025-12-19 08:59:22 | DEBUG    | log:152 | [get_keyword_boost] Query: 'Xem sao kê giao dịch tài khoản...' | Doc: Tra cứu lịch sử giao | Boost: 0.50 | Matched: ['xem', 'sao kê']
2025-12-19 08:59:22 | DEBUG    | log:152 | [get_keyword_boost] Query: 'Xem sao kê giao dịch tài khoản...' | Doc: Tra cứu giao dịch th | Boost: 0.25 | Matched: ['giao dịch']
2025-12-19 08:59:22 | DEBUG    | log:152 | [get_keyword_boost] Query: 'Xem sao kê giao dịch tài khoản...' | Doc: Tra cứu giao dịch th | Boost: 0.25 | Matched: ['giao dịch']
2025-12-19 08:59:22 | DEBUG    | log:152 | [get_keyword_boost] Query: 'Xem sao kê giao dịch tài khoản...' | Doc: Tra cứu giao dịch th | Boost: 0.25 | Matched: ['giao dịch']
2025-12-19 08:59:22 | DEBUG    | log:152 | [classify_query_intent] Ambiguous: 'Xem sao kê giao dịch tài khoản...' | Scores: {'Tra cứu lịch sử giao dịch theo số tài khoản': 2, 'Tra cứu lịch sử giao dịch theo khoảng thời gian': 2, 'Tra cứu giao dịch theo số tiền': 1, 'Tra cứu giao dịch theo trạng thái': 1, 'Tra cứu giao dịch theo loại giao dịch': 1}
2025-12-19 08:59:22 | DEBUG    | log:152 | [normalize_query] 'Cung cấp lịch sử giao dịch của TK 012345...' -> 'Cung cấp lịch sử giao dịch của tk 012345...'
2025-12-19 08:59:22 | DEBUG    | log:152 | [perform_hybrid_search] query_text: [Cung cấp lịch sử giao dịch của TK 0123456789] - formatted_query: [Cung cấp lịch sử giao dịch của tk 0123456789] - normalized_query: [Cung cấp lịch sử giao dịch của tk 0123456789]
2025-12-19 08:59:22 | DEBUG    | log:152 | [perform_hybrid_search] BM25 raw scores: min=0.3196, max=21.6851
2025-12-19 08:59:22 | DEBUG    | log:152 | [get_keyword_boost] Query: 'Cung cấp lịch sử giao dịch của...' | Doc: Tra cứu lịch sử giao | Boost: 0.50 | Matched: ['lịch sử giao dịch', 'tk']
2025-12-19 08:59:22 | DEBUG    | log:152 | [get_keyword_boost] Query: 'Cung cấp lịch sử giao dịch của...' | Doc: Tra cứu lịch sử giao | Boost: 0.50 | Matched: ['lịch sử giao dịch', 'tk']
2025-12-19 08:59:22 | DEBUG    | log:152 | [get_keyword_boost] Query: 'Cung cấp lịch sử giao dịch của...' | Doc: Tra cứu lịch sử giao | Boost: 0.25 | Matched: ['lịch sử giao dịch']
2025-12-19 08:59:22 | DEBUG    | log:152 | [get_keyword_boost] Query: 'Cung cấp lịch sử giao dịch của...' | Doc: Tra cứu giao dịch th | Boost: 0.25 | Matched: ['giao dịch']
2025-12-19 08:59:22 | DEBUG    | log:152 | [get_keyword_boost] Query: 'Cung cấp lịch sử giao dịch của...' | Doc: Tra cứu giao dịch th | Boost: 0.25 | Matched: ['giao dịch']
2025-12-19 08:59:22 | DEBUG    | log:152 | [get_keyword_boost] Query: 'Cung cấp lịch sử giao dịch của...' | Doc: Tra cứu giao dịch th | Boost: 0.25 | Matched: ['giao dịch']
2025-12-19 08:59:22 | DEBUG    | log:152 | [classify_query_intent] Classified: 'Cung cấp lịch sử giao dịch của...' -> Tra cứu lịch sử giao dịch theo (score=2)
2025-12-19 08:59:22 | DEBUG    | log:152 | [normalize_query] 'Tài khoản số 0123456789 đã giao dịch nhữ...' -> 'Tài khoản số 0123456789 đã giao dịch nhữ...'
2025-12-19 08:59:22 | DEBUG    | log:152 | [perform_hybrid_search] query_text: [Tài khoản số 0123456789 đã giao dịch những gì?] - formatted_query: [Tài khoản số 0123456789 đã giao dịch những gì] - normalized_query: [Tài khoản số 0123456789 đã giao dịch những gì]
2025-12-19 08:59:22 | DEBUG    | log:152 | [perform_hybrid_search] BM25 raw scores: min=0.3038, max=30.6729
2025-12-19 08:59:22 | DEBUG    | log:152 | [get_keyword_boost] Query: 'Tài khoản số 0123456789 đã gia...' | Doc: Tra cứu giao dịch th | Boost: 0.25 | Matched: ['giao dịch']
2025-12-19 08:59:22 | DEBUG    | log:152 | [get_keyword_boost] Query: 'Tài khoản số 0123456789 đã gia...' | Doc: Tra cứu giao dịch th | Boost: 0.25 | Matched: ['giao dịch']
2025-12-19 08:59:22 | DEBUG    | log:152 | [get_keyword_boost] Query: 'Tài khoản số 0123456789 đã gia...' | Doc: Tra cứu giao dịch th | Boost: 0.25 | Matched: ['giao dịch']
2025-12-19 08:59:22 | DEBUG    | log:152 | [classify_query_intent] Ambiguous: 'Tài khoản số 0123456789 đã gia...' | Scores: {'Tra cứu giao dịch theo số tiền': 1, 'Tra cứu giao dịch theo trạng thái': 1, 'Tra cứu giao dịch theo loại giao dịch': 1}
2025-12-19 08:59:22 | DEBUG    | log:152 | [normalize_query] 'Tôi cần kiểm tra các giao dịch của tài k...' -> 'Tôi cần kiểm tra các giao dịch của tài k...'
2025-12-19 08:59:22 | DEBUG    | log:152 | [perform_hybrid_search] query_text: [Tôi cần kiểm tra các giao dịch của tài khoản 0123456789] - formatted_query: [Tôi cần kiểm tra các giao dịch của tài khoản 0123456789] - normalized_query: [Tôi cần kiểm tra các giao dịch của tài khoản 0123456789]
2025-12-19 08:59:22 | DEBUG    | log:152 | [perform_hybrid_search] BM25 raw scores: min=0.4050, max=40.2813
2025-12-19 08:59:22 | DEBUG    | log:152 | [get_keyword_boost] Query: 'Tôi cần kiểm tra các giao dịch...' | Doc: Tra cứu lịch sử giao | Boost: 0.25 | Matched: ['kiểm tra']
2025-12-19 08:59:22 | DEBUG    | log:152 | [get_keyword_boost] Query: 'Tôi cần kiểm tra các giao dịch...' | Doc: Tra cứu lịch sử giao | Boost: 0.25 | Matched: ['kiểm tra']
2025-12-19 08:59:22 | DEBUG    | log:152 | [get_keyword_boost] Query: 'Tôi cần kiểm tra các giao dịch...' | Doc: Tra cứu lịch sử giao | Boost: 0.25 | Matched: ['kiểm tra']
2025-12-19 08:59:22 | DEBUG    | log:152 | [get_keyword_boost] Query: 'Tôi cần kiểm tra các giao dịch...' | Doc: Tra cứu giao dịch th | Boost: 0.25 | Matched: ['giao dịch']
2025-12-19 08:59:22 | DEBUG    | log:152 | [get_keyword_boost] Query: 'Tôi cần kiểm tra các giao dịch...' | Doc: Tra cứu giao dịch th | Boost: 0.25 | Matched: ['giao dịch']
2025-12-19 08:59:22 | DEBUG    | log:152 | [get_keyword_boost] Query: 'Tôi cần kiểm tra các giao dịch...' | Doc: Tra cứu giao dịch th | Boost: 0.25 | Matched: ['giao dịch']
2025-12-19 08:59:22 | DEBUG    | log:152 | [classify_query_intent] Ambiguous: 'Tôi cần kiểm tra các giao dịch...' | Scores: {'Tra cứu lịch sử giao dịch theo số tài khoản': 1, 'Tra cứu lịch sử giao dịch theo khoảng thời gian': 1, 'Tra cứu giao dịch theo số tiền': 1, 'Tra cứu giao dịch theo trạng thái': 1, 'Tra cứu giao dịch theo loại giao dịch': 1}
2025-12-19 08:59:22 | DEBUG    | log:152 | [normalize_query] 'Cho xem các giao dịch đi và đến tài khoả...' -> 'Cho xem các giao dịch đi và đến tài khoả...'
2025-12-19 08:59:22 | DEBUG    | log:152 | [perform_hybrid_search] query_text: [Cho xem các giao dịch đi và đến tài khoản 0123456789] - formatted_query: [Cho xem các giao dịch đi và đến tài khoản 0123456789] - normalized_query: [Cho xem các giao dịch đi và đến tài khoản 0123456789]
2025-12-19 08:59:22 | DEBUG    | log:152 | [perform_hybrid_search] BM25 raw scores: min=0.2431, max=32.0037
2025-12-19 08:59:22 | DEBUG    | log:152 | [get_keyword_boost] Query: 'Cho xem các giao dịch đi và đế...' | Doc: Tra cứu lịch sử giao | Boost: 0.25 | Matched: ['xem']
2025-12-19 08:59:22 | DEBUG    | log:152 | [get_keyword_boost] Query: 'Cho xem các giao dịch đi và đế...' | Doc: Tra cứu lịch sử giao | Boost: 0.25 | Matched: ['xem']
2025-12-19 08:59:22 | DEBUG    | log:152 | [get_keyword_boost] Query: 'Cho xem các giao dịch đi và đế...' | Doc: Tra cứu lịch sử giao | Boost: 0.25 | Matched: ['xem']
2025-12-19 08:59:22 | DEBUG    | log:152 | [get_keyword_boost] Query: 'Cho xem các giao dịch đi và đế...' | Doc: Tra cứu giao dịch th | Boost: 0.25 | Matched: ['giao dịch']
2025-12-19 08:59:22 | DEBUG    | log:152 | [get_keyword_boost] Query: 'Cho xem các giao dịch đi và đế...' | Doc: Tra cứu giao dịch th | Boost: 0.25 | Matched: ['giao dịch']
2025-12-19 08:59:22 | DEBUG    | log:152 | [get_keyword_boost] Query: 'Cho xem các giao dịch đi và đế...' | Doc: Tra cứu giao dịch th | Boost: 0.25 | Matched: ['giao dịch']
2025-12-19 08:59:22 | DEBUG    | log:152 | [classify_query_intent] Ambiguous: 'Cho xem các giao dịch đi và đế...' | Scores: {'Tra cứu lịch sử giao dịch theo số tài khoản': 1, 'Tra cứu lịch sử giao dịch theo khoảng thời gian': 1, 'Tra cứu giao dịch theo số tiền': 1, 'Tra cứu giao dịch theo trạng thái': 1, 'Tra cứu giao dịch theo loại giao dịch': 1}
2025-12-19 08:59:22 | DEBUG    | log:152 | [normalize_query] 'Tra soát giao dịch của số tài khoản 0123...' -> 'Tra soát giao dịch của số tài khoản 0123...'
2025-12-19 08:59:22 | DEBUG    | log:152 | [perform_hybrid_search] query_text: [Tra soát giao dịch của số tài khoản 0123456789] - formatted_query: [Tra soát giao dịch của số tài khoản 0123456789] - normalized_query: [Tra soát giao dịch của số tài khoản 0123456789]
2025-12-19 08:59:22 | DEBUG    | log:152 | [perform_hybrid_search] BM25 raw scores: min=0.6969, max=26.8718
2025-12-19 08:59:22 | DEBUG    | log:152 | [get_keyword_boost] Query: 'Tra soát giao dịch của số tài ...' | Doc: Tra cứu lịch sử giao | Boost: 0.50 | Matched: ['tra soát', 'số tài khoản']
2025-12-19 08:59:22 | DEBUG    | log:152 | [get_keyword_boost] Query: 'Tra soát giao dịch của số tài ...' | Doc: Tra cứu lịch sử giao | Boost: 0.50 | Matched: ['tra soát', 'số tài khoản']
2025-12-19 08:59:22 | DEBUG    | log:152 | [get_keyword_boost] Query: 'Tra soát giao dịch của số tài ...' | Doc: Tra cứu lịch sử giao | Boost: 0.25 | Matched: ['tra soát']
2025-12-19 08:59:22 | DEBUG    | log:152 | [get_keyword_boost] Query: 'Tra soát giao dịch của số tài ...' | Doc: Tra cứu giao dịch th | Boost: 0.25 | Matched: ['giao dịch']
2025-12-19 08:59:22 | DEBUG    | log:152 | [get_keyword_boost] Query: 'Tra soát giao dịch của số tài ...' | Doc: Tra cứu giao dịch th | Boost: 0.25 | Matched: ['giao dịch']
2025-12-19 08:59:22 | DEBUG    | log:152 | [get_keyword_boost] Query: 'Tra soát giao dịch của số tài ...' | Doc: Tra cứu giao dịch th | Boost: 0.25 | Matched: ['giao dịch']
2025-12-19 08:59:22 | DEBUG    | log:152 | [get_keyword_boost] Query: 'Tra soát giao dịch của số tài ...' | Doc: Tra cứu chi tiết một | Boost: 0.25 | Matched: ['tra soát']
2025-12-19 08:59:22 | DEBUG    | log:152 | [classify_query_intent] Classified: 'Tra soát giao dịch của số tài ...' -> Tra cứu lịch sử giao dịch theo (score=2)
2025-12-19 08:59:22 | DEBUG    | log:152 | [normalize_query] 'Lịch sử giao dịch của STK 0123456789 như...' -> 'Lịch sử giao dịch của stk 0123456789 như...'
2025-12-19 08:59:22 | DEBUG    | log:152 | [perform_hybrid_search] query_text: [Lịch sử giao dịch của STK 0123456789 như thế nào?] - formatted_query: [Lịch sử giao dịch của stk 0123456789 như thế nào] - normalized_query: [Lịch sử giao dịch của stk 0123456789 như thế nào]
2025-12-19 08:59:22 | DEBUG    | log:152 | [perform_hybrid_search] BM25 raw scores: min=0.3342, max=35.4733
2025-12-19 08:59:22 | DEBUG    | log:152 | [get_keyword_boost] Query: 'Lịch sử giao dịch của stk 0123...' | Doc: Tra cứu lịch sử giao | Boost: 0.75 | Matched: ['lịch sử giao dịch', 'stk', 'tk']
2025-12-19 08:59:22 | DEBUG    | log:152 | [get_keyword_boost] Query: 'Lịch sử giao dịch của stk 0123...' | Doc: Tra cứu lịch sử giao | Boost: 0.75 | Matched: ['lịch sử giao dịch', 'stk', 'tk']
2025-12-19 08:59:22 | DEBUG    | log:152 | [get_keyword_boost] Query: 'Lịch sử giao dịch của stk 0123...' | Doc: Tra cứu lịch sử giao | Boost: 0.25 | Matched: ['lịch sử giao dịch']
2025-12-19 08:59:22 | DEBUG    | log:152 | [get_keyword_boost] Query: 'Lịch sử giao dịch của stk 0123...' | Doc: Tra cứu giao dịch th | Boost: 0.25 | Matched: ['giao dịch']
2025-12-19 08:59:22 | DEBUG    | log:152 | [get_keyword_boost] Query: 'Lịch sử giao dịch của stk 0123...' | Doc: Tra cứu giao dịch th | Boost: 0.25 | Matched: ['giao dịch']
2025-12-19 08:59:22 | DEBUG    | log:152 | [get_keyword_boost] Query: 'Lịch sử giao dịch của stk 0123...' | Doc: Tra cứu giao dịch th | Boost: 0.25 | Matched: ['giao dịch']
2025-12-19 08:59:22 | DEBUG    | log:152 | [classify_query_intent] Classified: 'Lịch sử giao dịch của stk 0123...' -> Tra cứu lịch sử giao dịch theo (score=3)
2025-12-19 08:59:22 | DEBUG    | log:152 | [normalize_query] 'Cho tôi biết tài khoản 0123456789 có gia...' -> 'Cho tôi biết tài khoản 0123456789 có gia...'
2025-12-19 08:59:22 | DEBUG    | log:152 | [perform_hybrid_search] query_text: [Cho tôi biết tài khoản 0123456789 có giao dịch gì không?] - formatted_query: [Cho tôi biết tài khoản 0123456789 có giao dịch gì không] - normalized_query: [Cho tôi biết tài khoản 0123456789 có giao dịch gì không]
2025-12-19 08:59:22 | DEBUG    | log:152 | [perform_hybrid_search] BM25 raw scores: min=0.2431, max=50.6917
2025-12-19 08:59:22 | DEBUG    | log:152 | [get_keyword_boost] Query: 'Cho tôi biết tài khoản 0123456...' | Doc: Tra cứu giao dịch th | Boost: 0.25 | Matched: ['giao dịch']
2025-12-19 08:59:22 | DEBUG    | log:152 | [get_keyword_boost] Query: 'Cho tôi biết tài khoản 0123456...' | Doc: Tra cứu giao dịch th | Boost: 0.25 | Matched: ['giao dịch']
2025-12-19 08:59:22 | DEBUG    | log:152 | [get_keyword_boost] Query: 'Cho tôi biết tài khoản 0123456...' | Doc: Tra cứu giao dịch th | Boost: 0.25 | Matched: ['giao dịch']
2025-12-19 08:59:22 | DEBUG    | log:152 | [classify_query_intent] Ambiguous: 'Cho tôi biết tài khoản 0123456...' | Scores: {'Tra cứu giao dịch theo số tiền': 1, 'Tra cứu giao dịch theo trạng thái': 1, 'Tra cứu giao dịch theo loại giao dịch': 1}
2025-12-19 08:59:22 | DEBUG    | log:152 | [normalize_query] 'Liệt kê các lần giao dịch của tài khoản ...' -> 'Liệt kê các lần giao dịch của tài khoản ...'
2025-12-19 08:59:22 | DEBUG    | log:152 | [perform_hybrid_search] query_text: [Liệt kê các lần giao dịch của tài khoản 0123456789] - formatted_query: [Liệt kê các lần giao dịch của tài khoản 0123456789] - normalized_query: [Liệt kê các lần giao dịch của tài khoản 0123456789]
2025-12-19 08:59:22 | DEBUG    | log:152 | [perform_hybrid_search] BM25 raw scores: min=0.2431, max=42.6927
2025-12-19 08:59:22 | DEBUG    | log:152 | [get_keyword_boost] Query: 'Liệt kê các lần giao dịch của ...' | Doc: Tra cứu lịch sử giao | Boost: 0.25 | Matched: ['liệt kê']
2025-12-19 08:59:22 | DEBUG    | log:152 | [get_keyword_boost] Query: 'Liệt kê các lần giao dịch của ...' | Doc: Tra cứu lịch sử giao | Boost: 0.25 | Matched: ['liệt kê']
2025-12-19 08:59:22 | DEBUG    | log:152 | [get_keyword_boost] Query: 'Liệt kê các lần giao dịch của ...' | Doc: Tra cứu lịch sử giao | Boost: 0.25 | Matched: ['liệt kê']
2025-12-19 08:59:22 | DEBUG    | log:152 | [get_keyword_boost] Query: 'Liệt kê các lần giao dịch của ...' | Doc: Tra cứu giao dịch th | Boost: 0.25 | Matched: ['giao dịch']
2025-12-19 08:59:22 | DEBUG    | log:152 | [get_keyword_boost] Query: 'Liệt kê các lần giao dịch của ...' | Doc: Tra cứu giao dịch th | Boost: 0.25 | Matched: ['giao dịch']
2025-12-19 08:59:22 | DEBUG    | log:152 | [get_keyword_boost] Query: 'Liệt kê các lần giao dịch của ...' | Doc: Tra cứu giao dịch th | Boost: 0.25 | Matched: ['giao dịch']
2025-12-19 08:59:22 | DEBUG    | log:152 | [classify_query_intent] Ambiguous: 'Liệt kê các lần giao dịch của ...' | Scores: {'Tra cứu lịch sử giao dịch theo số tài khoản': 1, 'Tra cứu lịch sử giao dịch theo khoảng thời gian': 1, 'Tra cứu giao dịch theo số tiền': 1, 'Tra cứu giao dịch theo trạng thái': 1, 'Tra cứu giao dịch theo loại giao dịch': 1}
2025-12-19 08:59:22 | DEBUG    | log:152 | [normalize_query] 'Xem lịch sử giao dịch từ ngày 01/12/2024...' -> 'Xem lịch sử giao dịch từ ngày 01/12/2024...'
2025-12-19 08:59:22 | DEBUG    | log:152 | [perform_hybrid_search] query_text: [Xem lịch sử giao dịch từ ngày 01/12/2024 đến 31/12/2024] - formatted_query: [Xem lịch sử giao dịch từ ngày 01/12/2024 đến 31/12/2024] - normalized_query: [Xem lịch sử giao dịch từ ngày 01/12/2024 đến 31/12/2024]
2025-12-19 08:59:22 | DEBUG    | log:152 | [perform_hybrid_search] BM25 raw scores: min=0.3038, max=75.0354
2025-12-19 08:59:22 | DEBUG    | log:152 | [get_keyword_boost] Query: 'Xem lịch sử giao dịch từ ngày ...' | Doc: Tra cứu lịch sử giao | Boost: 0.50 | Matched: ['lịch sử giao dịch', 'xem']
2025-12-19 08:59:22 | DEBUG    | log:152 | [get_keyword_boost] Query: 'Xem lịch sử giao dịch từ ngày ...' | Doc: Tra cứu lịch sử giao | Boost: 0.50 | Matched: ['lịch sử giao dịch', 'xem']
2025-12-19 08:59:22 | DEBUG    | log:152 | [get_keyword_boost] Query: 'Xem lịch sử giao dịch từ ngày ...' | Doc: Tra cứu lịch sử giao | Boost: 0.50 | Matched: ['lịch sử giao dịch', 'xem']
2025-12-19 08:59:22 | DEBUG    | log:152 | [get_keyword_boost] Query: 'Xem lịch sử giao dịch từ ngày ...' | Doc: Tra cứu giao dịch th | Boost: 0.25 | Matched: ['giao dịch']
2025-12-19 08:59:22 | DEBUG    | log:152 | [get_keyword_boost] Query: 'Xem lịch sử giao dịch từ ngày ...' | Doc: Tra cứu giao dịch th | Boost: 0.25 | Matched: ['giao dịch']
2025-12-19 08:59:22 | DEBUG    | log:152 | [get_keyword_boost] Query: 'Xem lịch sử giao dịch từ ngày ...' | Doc: Tra cứu giao dịch th | Boost: 0.25 | Matched: ['giao dịch']
2025-12-19 08:59:22 | DEBUG    | log:152 | [classify_query_intent] Ambiguous: 'Xem lịch sử giao dịch từ ngày ...' | Scores: {'Tra cứu lịch sử giao dịch theo số tài khoản': 2, 'Tra cứu lịch sử giao dịch theo khoảng thời gian': 2, 'Tra cứu giao dịch theo số tiền': 1, 'Tra cứu giao dịch theo trạng thái': 1, 'Tra cứu giao dịch theo loại giao dịch': 1}
2025-12-19 08:59:22 | DEBUG    | log:152 | [normalize_query] 'Cho tôi các giao dịch trong tháng 12 năm...' -> 'Cho tôi các giao dịch trong tháng 12 năm...'
2025-12-19 08:59:22 | DEBUG    | log:152 | [perform_hybrid_search] query_text: [Cho tôi các giao dịch trong tháng 12 năm 2024] - formatted_query: [Cho tôi các giao dịch trong tháng 12 năm 2024] - normalized_query: [Cho tôi các giao dịch trong tháng 12 năm 2024]
2025-12-19 08:59:22 | DEBUG    | log:152 | [perform_hybrid_search] BM25 raw scores: min=0.0912, max=35.0068
2025-12-19 08:59:22 | DEBUG    | log:152 | [get_keyword_boost] Query: 'Cho tôi các giao dịch trong th...' | Doc: Tra cứu lịch sử giao | Boost: 0.25 | Matched: ['trong tháng']
2025-12-19 08:59:22 | DEBUG    | log:152 | [get_keyword_boost] Query: 'Cho tôi các giao dịch trong th...' | Doc: Tra cứu giao dịch th | Boost: 0.25 | Matched: ['giao dịch']
2025-12-19 08:59:22 | DEBUG    | log:152 | [get_keyword_boost] Query: 'Cho tôi các giao dịch trong th...' | Doc: Tra cứu giao dịch th | Boost: 0.25 | Matched: ['giao dịch']
2025-12-19 08:59:22 | DEBUG    | log:152 | [get_keyword_boost] Query: 'Cho tôi các giao dịch trong th...' | Doc: Tra cứu giao dịch th | Boost: 0.25 | Matched: ['giao dịch']
2025-12-19 08:59:22 | DEBUG    | log:152 | [classify_query_intent] Ambiguous: 'Cho tôi các giao dịch trong th...' | Scores: {'Tra cứu lịch sử giao dịch theo khoảng thời gian': 1, 'Tra cứu giao dịch theo số tiền': 1, 'Tra cứu giao dịch theo trạng thái': 1, 'Tra cứu giao dịch theo loại giao dịch': 1}
2025-12-19 08:59:22 | DEBUG    | log:152 | [normalize_query] 'Tra cứu giao dịch từ đầu tháng đến nay...' -> 'Tra cứu giao dịch từ đầu tháng đến nay...'
2025-12-19 08:59:22 | DEBUG    | log:152 | [perform_hybrid_search] query_text: [Tra cứu giao dịch từ đầu tháng đến nay] - formatted_query: [Tra cứu giao dịch từ đầu tháng đến nay] - normalized_query: [Tra cứu giao dịch từ đầu tháng đến nay]
2025-12-19 08:59:22 | DEBUG    | log:152 | [perform_hybrid_search] BM25 raw scores: min=2.5156, max=40.5514
2025-12-19 08:59:22 | DEBUG    | log:152 | [get_keyword_boost] Query: 'Tra cứu giao dịch từ đầu tháng...' | Doc: Tra cứu lịch sử giao | Boost: 0.25 | Matched: ['tra cứu']
2025-12-19 08:59:22 | DEBUG    | log:152 | [get_keyword_boost] Query: 'Tra cứu giao dịch từ đầu tháng...' | Doc: Tra cứu lịch sử giao | Boost: 0.25 | Matched: ['tra cứu']
2025-12-19 08:59:22 | DEBUG    | log:152 | [get_keyword_boost] Query: 'Tra cứu giao dịch từ đầu tháng...' | Doc: Tra cứu lịch sử giao | Boost: 0.25 | Matched: ['tra cứu']
2025-12-19 08:59:22 | DEBUG    | log:152 | [get_keyword_boost] Query: 'Tra cứu giao dịch từ đầu tháng...' | Doc: Tra cứu giao dịch th | Boost: 0.25 | Matched: ['giao dịch']
2025-12-19 08:59:22 | DEBUG    | log:152 | [get_keyword_boost] Query: 'Tra cứu giao dịch từ đầu tháng...' | Doc: Tra cứu giao dịch th | Boost: 0.25 | Matched: ['giao dịch']
2025-12-19 08:59:22 | DEBUG    | log:152 | [get_keyword_boost] Query: 'Tra cứu giao dịch từ đầu tháng...' | Doc: Tra cứu giao dịch th | Boost: 0.25 | Matched: ['giao dịch']
2025-12-19 08:59:22 | DEBUG    | log:152 | [classify_query_intent] Ambiguous: 'Tra cứu giao dịch từ đầu tháng...' | Scores: {'Tra cứu lịch sử giao dịch theo số tài khoản': 1, 'Tra cứu lịch sử giao dịch theo khoảng thời gian': 1, 'Tra cứu giao dịch theo số tiền': 1, 'Tra cứu giao dịch theo trạng thái': 1, 'Tra cứu giao dịch theo loại giao dịch': 1}
2025-12-19 08:59:22 | DEBUG    | log:152 | [normalize_query] 'Liệt kê các giao dịch trong khoảng thời ...' -> 'Liệt kê các giao dịch trong khoảng thời ...'
2025-12-19 08:59:22 | DEBUG    | log:152 | [perform_hybrid_search] query_text: [Liệt kê các giao dịch trong khoảng thời gian từ 01/01/2024 đến 15/01/2024] - formatted_query: [Liệt kê các giao dịch trong khoảng thời gian từ 01/01/2024 đến 15/01/2024] - normalized_query: [Liệt kê các giao dịch trong khoảng thời gian từ 01/01/2024 đến 15/01/2024]
2025-12-19 08:59:22 | DEBUG    | log:152 | [perform_hybrid_search] BM25 raw scores: min=0.1823, max=65.3324
2025-12-19 08:59:22 | DEBUG    | log:152 | [get_keyword_boost] Query: 'Liệt kê các giao dịch trong kh...' | Doc: Tra cứu lịch sử giao | Boost: 0.25 | Matched: ['liệt kê']
2025-12-19 08:59:22 | DEBUG    | log:152 | [get_keyword_boost] Query: 'Liệt kê các giao dịch trong kh...' | Doc: Tra cứu lịch sử giao | Boost: 0.25 | Matched: ['liệt kê']
2025-12-19 08:59:22 | DEBUG    | log:152 | [get_keyword_boost] Query: 'Liệt kê các giao dịch trong kh...' | Doc: Tra cứu lịch sử giao | Boost: 0.50 | Matched: ['liệt kê', 'khoảng thời gian']
2025-12-19 08:59:22 | DEBUG    | log:152 | [get_keyword_boost] Query: 'Liệt kê các giao dịch trong kh...' | Doc: Tra cứu giao dịch th | Boost: 0.50 | Matched: ['giao dịch', 'trong khoảng']
2025-12-19 08:59:22 | DEBUG    | log:152 | [get_keyword_boost] Query: 'Liệt kê các giao dịch trong kh...' | Doc: Tra cứu giao dịch th | Boost: 0.25 | Matched: ['giao dịch']
2025-12-19 08:59:22 | DEBUG    | log:152 | [get_keyword_boost] Query: 'Liệt kê các giao dịch trong kh...' | Doc: Tra cứu giao dịch th | Boost: 0.25 | Matched: ['giao dịch']
2025-12-19 08:59:22 | DEBUG    | log:152 | [classify_query_intent] Ambiguous: 'Liệt kê các giao dịch trong kh...' | Scores: {'Tra cứu lịch sử giao dịch theo số tài khoản': 1, 'Tra cứu lịch sử giao dịch theo khoảng thời gian': 2, 'Tra cứu giao dịch theo số tiền': 2, 'Tra cứu giao dịch theo trạng thái': 1, 'Tra cứu giao dịch theo loại giao dịch': 1}
2025-12-19 08:59:22 | DEBUG    | log:152 | [normalize_query] 'Tôi muốn xem giao dịch trong 7 ngày gần ...' -> 'Tôi muốn xem giao dịch trong 7 ngày gần ...'
2025-12-19 08:59:22 | DEBUG    | log:152 | [perform_hybrid_search] query_text: [Tôi muốn xem giao dịch trong 7 ngày gần nhất] - formatted_query: [Tôi muốn xem giao dịch trong 7 ngày gần nhất] - normalized_query: [Tôi muốn xem giao dịch trong 7 ngày gần nhất]
2025-12-19 08:59:22 | DEBUG    | log:152 | [perform_hybrid_search] BM25 raw scores: min=0.0912, max=38.3953
2025-12-19 08:59:22 | DEBUG    | log:152 | [get_keyword_boost] Query: 'Tôi muốn xem giao dịch trong 7...' | Doc: Tra cứu lịch sử giao | Boost: 0.25 | Matched: ['xem']
2025-12-19 08:59:22 | DEBUG    | log:152 | [get_keyword_boost] Query: 'Tôi muốn xem giao dịch trong 7...' | Doc: Tra cứu lịch sử giao | Boost: 0.25 | Matched: ['xem']
2025-12-19 08:59:22 | DEBUG    | log:152 | [get_keyword_boost] Query: 'Tôi muốn xem giao dịch trong 7...' | Doc: Tra cứu lịch sử giao | Boost: 0.25 | Matched: ['xem']
2025-12-19 08:59:22 | DEBUG    | log:152 | [get_keyword_boost] Query: 'Tôi muốn xem giao dịch trong 7...' | Doc: Tra cứu giao dịch th | Boost: 0.25 | Matched: ['giao dịch']
2025-12-19 08:59:22 | DEBUG    | log:152 | [get_keyword_boost] Query: 'Tôi muốn xem giao dịch trong 7...' | Doc: Tra cứu giao dịch th | Boost: 0.25 | Matched: ['giao dịch']
2025-12-19 08:59:22 | DEBUG    | log:152 | [get_keyword_boost] Query: 'Tôi muốn xem giao dịch trong 7...' | Doc: Tra cứu giao dịch th | Boost: 0.25 | Matched: ['giao dịch']
2025-12-19 08:59:22 | DEBUG    | log:152 | [classify_query_intent] Ambiguous: 'Tôi muốn xem giao dịch trong 7...' | Scores: {'Tra cứu lịch sử giao dịch theo số tài khoản': 1, 'Tra cứu lịch sử giao dịch theo khoảng thời gian': 1, 'Tra cứu giao dịch theo số tiền': 1, 'Tra cứu giao dịch theo trạng thái': 1, 'Tra cứu giao dịch theo loại giao dịch': 1}
2025-12-19 08:59:22 | DEBUG    | log:152 | [normalize_query] 'Cho biết các giao dịch phát sinh trong t...' -> 'Cho biết các giao dịch phát sinh trong t...'
2025-12-19 08:59:22 | DEBUG    | log:152 | [perform_hybrid_search] query_text: [Cho biết các giao dịch phát sinh trong tuần này] - formatted_query: [Cho biết các giao dịch phát sinh trong tuần này] - normalized_query: [Cho biết các giao dịch phát sinh trong tuần này]
2025-12-19 08:59:22 | DEBUG    | log:152 | [perform_hybrid_search] BM25 raw scores: min=0.0912, max=23.1435
2025-12-19 08:59:22 | DEBUG    | log:152 | [get_keyword_boost] Query: 'Cho biết các giao dịch phát si...' | Doc: Tra cứu lịch sử giao | Boost: 0.25 | Matched: ['giao dịch phát sinh']
2025-12-19 08:59:22 | DEBUG    | log:152 | [get_keyword_boost] Query: 'Cho biết các giao dịch phát si...' | Doc: Tra cứu lịch sử giao | Boost: 0.25 | Matched: ['giao dịch phát sinh']
2025-12-19 08:59:22 | DEBUG    | log:152 | [get_keyword_boost] Query: 'Cho biết các giao dịch phát si...' | Doc: Tra cứu lịch sử giao | Boost: 0.25 | Matched: ['trong tuần']
2025-12-19 08:59:22 | DEBUG    | log:152 | [get_keyword_boost] Query: 'Cho biết các giao dịch phát si...' | Doc: Tra cứu giao dịch th | Boost: 0.25 | Matched: ['giao dịch']
2025-12-19 08:59:22 | DEBUG    | log:152 | [get_keyword_boost] Query: 'Cho biết các giao dịch phát si...' | Doc: Tra cứu giao dịch th | Boost: 0.25 | Matched: ['giao dịch']
2025-12-19 08:59:22 | DEBUG    | log:152 | [get_keyword_boost] Query: 'Cho biết các giao dịch phát si...' | Doc: Tra cứu giao dịch th | Boost: 0.25 | Matched: ['giao dịch']
2025-12-19 08:59:22 | DEBUG    | log:152 | [classify_query_intent] Ambiguous: 'Cho biết các giao dịch phát si...' | Scores: {'Tra cứu lịch sử giao dịch theo số tài khoản': 1, 'Tra cứu lịch sử giao dịch theo khoảng thời gian': 1, 'Tra cứu giao dịch theo số tiền': 1, 'Tra cứu giao dịch theo trạng thái': 1, 'Tra cứu giao dịch theo loại giao dịch': 1}
2025-12-19 08:59:22 | DEBUG    | log:152 | [normalize_query] 'Kiểm tra giao dịch của tài khoản trong t...' -> 'Kiểm tra giao dịch của tài khoản trong t...'
2025-12-19 08:59:22 | DEBUG    | log:152 | [perform_hybrid_search] query_text: [Kiểm tra giao dịch của tài khoản trong tháng trước] - formatted_query: [Kiểm tra giao dịch của tài khoản trong tháng trước] - normalized_query: [Kiểm tra giao dịch của tài khoản trong tháng trước]
2025-12-19 08:59:22 | DEBUG    | log:152 | [perform_hybrid_search] BM25 raw scores: min=0.4050, max=25.8475
2025-12-19 08:59:22 | DEBUG    | log:152 | [get_keyword_boost] Query: 'Kiểm tra giao dịch của tài kho...' | Doc: Tra cứu lịch sử giao | Boost: 0.25 | Matched: ['kiểm tra']
2025-12-19 08:59:22 | DEBUG    | log:152 | [get_keyword_boost] Query: 'Kiểm tra giao dịch của tài kho...' | Doc: Tra cứu lịch sử giao | Boost: 0.25 | Matched: ['kiểm tra']
2025-12-19 08:59:22 | DEBUG    | log:152 | [get_keyword_boost] Query: 'Kiểm tra giao dịch của tài kho...' | Doc: Tra cứu lịch sử giao | Boost: 0.50 | Matched: ['kiểm tra', 'trong tháng']
2025-12-19 08:59:22 | DEBUG    | log:152 | [get_keyword_boost] Query: 'Kiểm tra giao dịch của tài kho...' | Doc: Tra cứu giao dịch th | Boost: 0.25 | Matched: ['giao dịch']
2025-12-19 08:59:22 | DEBUG    | log:152 | [get_keyword_boost] Query: 'Kiểm tra giao dịch của tài kho...' | Doc: Tra cứu giao dịch th | Boost: 0.25 | Matched: ['giao dịch']
2025-12-19 08:59:22 | DEBUG    | log:152 | [get_keyword_boost] Query: 'Kiểm tra giao dịch của tài kho...' | Doc: Tra cứu giao dịch th | Boost: 0.25 | Matched: ['giao dịch']
2025-12-19 08:59:22 | DEBUG    | log:152 | [classify_query_intent] Classified: 'Kiểm tra giao dịch của tài kho...' -> Tra cứu lịch sử giao dịch theo (score=2)
2025-12-19 08:59:22 | DEBUG    | log:152 | [normalize_query] 'Xem các giao dịch từ ngày 15/12/2024 đến...' -> 'Xem các giao dịch từ ngày 15/12/2024 đến...'
2025-12-19 08:59:22 | DEBUG    | log:152 | [perform_hybrid_search] query_text: [Xem các giao dịch từ ngày 15/12/2024 đến hôm nay] - formatted_query: [Xem các giao dịch từ ngày 15/12/2024 đến hôm nay] - normalized_query: [Xem các giao dịch từ ngày 15/12/2024 đến hôm nay]
2025-12-19 08:59:22 | DEBUG    | log:152 | [perform_hybrid_search] BM25 raw scores: min=0.0912, max=77.1226
2025-12-19 08:59:22 | DEBUG    | log:152 | [get_keyword_boost] Query: 'Xem các giao dịch từ ngày 15/1...' | Doc: Tra cứu lịch sử giao | Boost: 0.25 | Matched: ['xem']
2025-12-19 08:59:22 | DEBUG    | log:152 | [get_keyword_boost] Query: 'Xem các giao dịch từ ngày 15/1...' | Doc: Tra cứu lịch sử giao | Boost: 0.25 | Matched: ['xem']
2025-12-19 08:59:22 | DEBUG    | log:152 | [get_keyword_boost] Query: 'Xem các giao dịch từ ngày 15/1...' | Doc: Tra cứu lịch sử giao | Boost: 0.50 | Matched: ['xem', 'hôm nay']
2025-12-19 08:59:22 | DEBUG    | log:152 | [get_keyword_boost] Query: 'Xem các giao dịch từ ngày 15/1...' | Doc: Tra cứu giao dịch th | Boost: 0.25 | Matched: ['giao dịch']
2025-12-19 08:59:22 | DEBUG    | log:152 | [get_keyword_boost] Query: 'Xem các giao dịch từ ngày 15/1...' | Doc: Tra cứu giao dịch th | Boost: 0.25 | Matched: ['giao dịch']
2025-12-19 08:59:22 | DEBUG    | log:152 | [get_keyword_boost] Query: 'Xem các giao dịch từ ngày 15/1...' | Doc: Tra cứu giao dịch th | Boost: 0.25 | Matched: ['giao dịch']
2025-12-19 08:59:22 | DEBUG    | log:152 | [classify_query_intent] Classified: 'Xem các giao dịch từ ngày 15/1...' -> Tra cứu lịch sử giao dịch theo (score=2)
2025-12-19 08:59:22 | DEBUG    | log:152 | [normalize_query] 'Tra cứu lịch sử giao dịch quý 4 năm 2024...' -> 'Tra cứu lịch sử giao dịch quý 4 năm 2024...'
2025-12-19 08:59:22 | DEBUG    | log:152 | [perform_hybrid_search] query_text: [Tra cứu lịch sử giao dịch quý 4 năm 2024] - formatted_query: [Tra cứu lịch sử giao dịch quý 4 năm 2024] - normalized_query: [Tra cứu lịch sử giao dịch quý 4 năm 2024]
2025-12-19 08:59:22 | DEBUG    | log:152 | [perform_hybrid_search] BM25 raw scores: min=0.9514, max=34.6432
2025-12-19 08:59:22 | DEBUG    | log:152 | [get_keyword_boost] Query: 'Tra cứu lịch sử giao dịch quý ...' | Doc: Tra cứu lịch sử giao | Boost: 0.50 | Matched: ['lịch sử giao dịch', 'tra cứu']
2025-12-19 08:59:22 | DEBUG    | log:152 | [get_keyword_boost] Query: 'Tra cứu lịch sử giao dịch quý ...' | Doc: Tra cứu lịch sử giao | Boost: 0.50 | Matched: ['lịch sử giao dịch', 'tra cứu']
2025-12-19 08:59:22 | DEBUG    | log:152 | [get_keyword_boost] Query: 'Tra cứu lịch sử giao dịch quý ...' | Doc: Tra cứu lịch sử giao | Boost: 0.50 | Matched: ['lịch sử giao dịch', 'tra cứu']
2025-12-19 08:59:22 | DEBUG    | log:152 | [get_keyword_boost] Query: 'Tra cứu lịch sử giao dịch quý ...' | Doc: Tra cứu giao dịch th | Boost: 0.25 | Matched: ['giao dịch']
2025-12-19 08:59:22 | DEBUG    | log:152 | [get_keyword_boost] Query: 'Tra cứu lịch sử giao dịch quý ...' | Doc: Tra cứu giao dịch th | Boost: 0.25 | Matched: ['giao dịch']
2025-12-19 08:59:22 | DEBUG    | log:152 | [get_keyword_boost] Query: 'Tra cứu lịch sử giao dịch quý ...' | Doc: Tra cứu giao dịch th | Boost: 0.25 | Matched: ['giao dịch']
2025-12-19 08:59:22 | DEBUG    | log:152 | [classify_query_intent] Ambiguous: 'Tra cứu lịch sử giao dịch quý ...' | Scores: {'Tra cứu lịch sử giao dịch theo số tài khoản': 2, 'Tra cứu lịch sử giao dịch theo khoảng thời gian': 2, 'Tra cứu giao dịch theo số tiền': 1, 'Tra cứu giao dịch theo trạng thái': 1, 'Tra cứu giao dịch theo loại giao dịch': 1}
2025-12-19 08:59:22 | DEBUG    | log:152 | [normalize_query] 'Tìm các giao dịch trong 30 ngày qua...' -> 'Tìm các giao dịch trong 30 ngày qua...'
2025-12-19 08:59:22 | DEBUG    | log:152 | [perform_hybrid_search] query_text: [Tìm các giao dịch trong 30 ngày qua] - formatted_query: [Tìm các giao dịch trong 30 ngày qua] - normalized_query: [Tìm các giao dịch trong 30 ngày qua]
2025-12-19 08:59:22 | DEBUG    | log:152 | [perform_hybrid_search] BM25 raw scores: min=0.0912, max=27.0169
2025-12-19 08:59:22 | DEBUG    | log:152 | [get_keyword_boost] Query: 'Tìm các giao dịch trong 30 ngà...' | Doc: Tra cứu lịch sử giao | Boost: 0.25 | Matched: ['tìm']
2025-12-19 08:59:22 | DEBUG    | log:152 | [get_keyword_boost] Query: 'Tìm các giao dịch trong 30 ngà...' | Doc: Tra cứu giao dịch th | Boost: 0.25 | Matched: ['giao dịch']
2025-12-19 08:59:22 | DEBUG    | log:152 | [get_keyword_boost] Query: 'Tìm các giao dịch trong 30 ngà...' | Doc: Tra cứu giao dịch th | Boost: 0.25 | Matched: ['giao dịch']
2025-12-19 08:59:22 | DEBUG    | log:152 | [get_keyword_boost] Query: 'Tìm các giao dịch trong 30 ngà...' | Doc: Tra cứu giao dịch th | Boost: 0.25 | Matched: ['giao dịch']
2025-12-19 08:59:22 | DEBUG    | log:152 | [classify_query_intent] Ambiguous: 'Tìm các giao dịch trong 30 ngà...' | Scores: {'Tra cứu lịch sử giao dịch theo khoảng thời gian': 1, 'Tra cứu giao dịch theo số tiền': 1, 'Tra cứu giao dịch theo trạng thái': 1, 'Tra cứu giao dịch theo loại giao dịch': 1}
2025-12-19 08:59:22 | DEBUG    | log:152 | [normalize_query] 'Cho xem giao dịch từ ngày 01/11/2024 đến...' -> 'Cho xem giao dịch từ ngày 01/11/2024 đến...'
2025-12-19 08:59:22 | DEBUG    | log:152 | [perform_hybrid_search] query_text: [Cho xem giao dịch từ ngày 01/11/2024 đến 30/11/2024] - formatted_query: [Cho xem giao dịch từ ngày 01/11/2024 đến 30/11/2024] - normalized_query: [Cho xem giao dịch từ ngày 01/11/2024 đến 30/11/2024]
2025-12-19 08:59:22 | DEBUG    | log:152 | [perform_hybrid_search] BM25 raw scores: min=0.0912, max=69.7002
2025-12-19 08:59:22 | DEBUG    | log:152 | [get_keyword_boost] Query: 'Cho xem giao dịch từ ngày 01/1...' | Doc: Tra cứu lịch sử giao | Boost: 0.25 | Matched: ['xem']
2025-12-19 08:59:22 | DEBUG    | log:152 | [get_keyword_boost] Query: 'Cho xem giao dịch từ ngày 01/1...' | Doc: Tra cứu lịch sử giao | Boost: 0.25 | Matched: ['xem']
2025-12-19 08:59:22 | DEBUG    | log:152 | [get_keyword_boost] Query: 'Cho xem giao dịch từ ngày 01/1...' | Doc: Tra cứu lịch sử giao | Boost: 0.25 | Matched: ['xem']
2025-12-19 08:59:22 | DEBUG    | log:152 | [get_keyword_boost] Query: 'Cho xem giao dịch từ ngày 01/1...' | Doc: Tra cứu giao dịch th | Boost: 0.25 | Matched: ['giao dịch']
2025-12-19 08:59:22 | DEBUG    | log:152 | [get_keyword_boost] Query: 'Cho xem giao dịch từ ngày 01/1...' | Doc: Tra cứu giao dịch th | Boost: 0.25 | Matched: ['giao dịch']
2025-12-19 08:59:22 | DEBUG    | log:152 | [get_keyword_boost] Query: 'Cho xem giao dịch từ ngày 01/1...' | Doc: Tra cứu giao dịch th | Boost: 0.25 | Matched: ['giao dịch']
2025-12-19 08:59:22 | DEBUG    | log:152 | [classify_query_intent] Ambiguous: 'Cho xem giao dịch từ ngày 01/1...' | Scores: {'Tra cứu lịch sử giao dịch theo số tài khoản': 1, 'Tra cứu lịch sử giao dịch theo khoảng thời gian': 1, 'Tra cứu giao dịch theo số tiền': 1, 'Tra cứu giao dịch theo trạng thái': 1, 'Tra cứu giao dịch theo loại giao dịch': 1}
2025-12-19 08:59:22 | DEBUG    | log:152 | [normalize_query] 'Hiển thị các giao dịch phát sinh hôm nay...' -> 'Hiển thị các giao dịch phát sinh hôm nay...'
2025-12-19 08:59:22 | DEBUG    | log:152 | [perform_hybrid_search] query_text: [Hiển thị các giao dịch phát sinh hôm nay] - formatted_query: [Hiển thị các giao dịch phát sinh hôm nay] - normalized_query: [Hiển thị các giao dịch phát sinh hôm nay]
2025-12-19 08:59:22 | DEBUG    | log:152 | [perform_hybrid_search] BM25 raw scores: min=0.1028, max=37.3665
2025-12-19 08:59:22 | DEBUG    | log:152 | [get_keyword_boost] Query: 'Hiển thị các giao dịch phát si...' | Doc: Tra cứu lịch sử giao | Boost: 0.50 | Matched: ['hiển thị', 'giao dịch phát sinh']
2025-12-19 08:59:22 | DEBUG    | log:152 | [get_keyword_boost] Query: 'Hiển thị các giao dịch phát si...' | Doc: Tra cứu lịch sử giao | Boost: 0.50 | Matched: ['hiển thị', 'giao dịch phát sinh']
2025-12-19 08:59:22 | DEBUG    | log:152 | [get_keyword_boost] Query: 'Hiển thị các giao dịch phát si...' | Doc: Tra cứu lịch sử giao | Boost: 0.50 | Matched: ['hiển thị', 'hôm nay']
2025-12-19 08:59:22 | DEBUG    | log:152 | [get_keyword_boost] Query: 'Hiển thị các giao dịch phát si...' | Doc: Tra cứu giao dịch th | Boost: 0.25 | Matched: ['giao dịch']
2025-12-19 08:59:22 | DEBUG    | log:152 | [get_keyword_boost] Query: 'Hiển thị các giao dịch phát si...' | Doc: Tra cứu giao dịch th | Boost: 0.25 | Matched: ['giao dịch']
2025-12-19 08:59:22 | DEBUG    | log:152 | [get_keyword_boost] Query: 'Hiển thị các giao dịch phát si...' | Doc: Tra cứu giao dịch th | Boost: 0.25 | Matched: ['giao dịch']
2025-12-19 08:59:22 | DEBUG    | log:152 | [classify_query_intent] Ambiguous: 'Hiển thị các giao dịch phát si...' | Scores: {'Tra cứu lịch sử giao dịch theo số tài khoản': 2, 'Tra cứu lịch sử giao dịch theo khoảng thời gian': 2, 'Tra cứu giao dịch theo số tiền': 1, 'Tra cứu giao dịch theo trạng thái': 1, 'Tra cứu giao dịch theo loại giao dịch': 1}
2025-12-19 08:59:22 | DEBUG    | log:152 | [normalize_query] 'Lấy danh sách giao dịch trong khoảng từ ...' -> 'Lấy danh sách giao dịch trong khoảng từ ...'
2025-12-19 08:59:22 | DEBUG    | log:152 | [perform_hybrid_search] query_text: [Lấy danh sách giao dịch trong khoảng từ đầu năm đến nay] - formatted_query: [Lấy danh sách giao dịch trong khoảng từ đầu năm đến nay] - normalized_query: [Lấy danh sách giao dịch trong khoảng từ đầu năm đến nay]
2025-12-19 08:59:22 | DEBUG    | log:152 | [perform_hybrid_search] BM25 raw scores: min=0.1519, max=52.3945
2025-12-19 08:59:22 | DEBUG    | log:152 | [get_keyword_boost] Query: 'Lấy danh sách giao dịch trong ...' | Doc: Tra cứu lịch sử giao | Boost: 0.25 | Matched: ['danh sách giao dịch']
2025-12-19 08:59:22 | DEBUG    | log:152 | [get_keyword_boost] Query: 'Lấy danh sách giao dịch trong ...' | Doc: Tra cứu lịch sử giao | Boost: 0.25 | Matched: ['danh sách giao dịch']
2025-12-19 08:59:22 | DEBUG    | log:152 | [get_keyword_boost] Query: 'Lấy danh sách giao dịch trong ...' | Doc: Tra cứu lịch sử giao | Boost: 0.25 | Matched: ['lấy danh sách']
2025-12-19 08:59:22 | DEBUG    | log:152 | [get_keyword_boost] Query: 'Lấy danh sách giao dịch trong ...' | Doc: Tra cứu giao dịch th | Boost: 0.50 | Matched: ['giao dịch', 'trong khoảng']
2025-12-19 08:59:22 | DEBUG    | log:152 | [get_keyword_boost] Query: 'Lấy danh sách giao dịch trong ...' | Doc: Tra cứu giao dịch th | Boost: 0.25 | Matched: ['giao dịch']
2025-12-19 08:59:22 | DEBUG    | log:152 | [get_keyword_boost] Query: 'Lấy danh sách giao dịch trong ...' | Doc: Tra cứu giao dịch th | Boost: 0.25 | Matched: ['giao dịch']
2025-12-19 08:59:22 | DEBUG    | log:152 | [classify_query_intent] Classified: 'Lấy danh sách giao dịch trong ...' -> Tra cứu giao dịch theo số tiền (score=2)
2025-12-19 08:59:22 | DEBUG    | log:152 | [normalize_query] 'Xem sao kê giao dịch tháng 11/2024...' -> 'Xem sao kê giao dịch tháng 11/2024...'
2025-12-19 08:59:22 | DEBUG    | log:152 | [perform_hybrid_search] query_text: [Xem sao kê giao dịch tháng 11/2024] - formatted_query: [Xem sao kê giao dịch tháng 11/2024] - normalized_query: [Xem sao kê giao dịch tháng 11/2024]
2025-12-19 08:59:22 | DEBUG    | log:152 | [perform_hybrid_search] BM25 raw scores: min=0.0912, max=42.0476
2025-12-19 08:59:22 | DEBUG    | log:152 | [get_keyword_boost] Query: 'Xem sao kê giao dịch tháng 11/...' | Doc: Tra cứu lịch sử giao | Boost: 0.50 | Matched: ['xem', 'sao kê']
2025-12-19 08:59:22 | DEBUG    | log:152 | [get_keyword_boost] Query: 'Xem sao kê giao dịch tháng 11/...' | Doc: Tra cứu lịch sử giao | Boost: 0.50 | Matched: ['xem', 'sao kê']
2025-12-19 08:59:22 | DEBUG    | log:152 | [get_keyword_boost] Query: 'Xem sao kê giao dịch tháng 11/...' | Doc: Tra cứu lịch sử giao | Boost: 0.50 | Matched: ['xem', 'sao kê']
2025-12-19 08:59:22 | DEBUG    | log:152 | [get_keyword_boost] Query: 'Xem sao kê giao dịch tháng 11/...' | Doc: Tra cứu giao dịch th | Boost: 0.25 | Matched: ['giao dịch']
2025-12-19 08:59:22 | DEBUG    | log:152 | [get_keyword_boost] Query: 'Xem sao kê giao dịch tháng 11/...' | Doc: Tra cứu giao dịch th | Boost: 0.25 | Matched: ['giao dịch']
2025-12-19 08:59:22 | DEBUG    | log:152 | [get_keyword_boost] Query: 'Xem sao kê giao dịch tháng 11/...' | Doc: Tra cứu giao dịch th | Boost: 0.25 | Matched: ['giao dịch']
2025-12-19 08:59:22 | DEBUG    | log:152 | [classify_query_intent] Ambiguous: 'Xem sao kê giao dịch tháng 11/...' | Scores: {'Tra cứu lịch sử giao dịch theo số tài khoản': 2, 'Tra cứu lịch sử giao dịch theo khoảng thời gian': 2, 'Tra cứu giao dịch theo số tiền': 1, 'Tra cứu giao dịch theo trạng thái': 1, 'Tra cứu giao dịch theo loại giao dịch': 1}
2025-12-19 08:59:22 | DEBUG    | log:152 | [normalize_query] 'Tra soát giao dịch từ ngày 10/12 đến 20/...' -> 'Tra soát giao dịch từ ngày 10/12 đến 20/...'
2025-12-19 08:59:22 | DEBUG    | log:152 | [perform_hybrid_search] query_text: [Tra soát giao dịch từ ngày 10/12 đến 20/12/2024] - formatted_query: [Tra soát giao dịch từ ngày 10/12 đến 20/12/2024] - normalized_query: [Tra soát giao dịch từ ngày 10/12 đến 20/12/2024]
2025-12-19 08:59:22 | DEBUG    | log:152 | [perform_hybrid_search] BM25 raw scores: min=0.2530, max=64.0048
2025-12-19 08:59:22 | DEBUG    | log:152 | [get_keyword_boost] Query: 'Tra soát giao dịch từ ngày 10/...' | Doc: Tra cứu lịch sử giao | Boost: 0.25 | Matched: ['tra soát']
2025-12-19 08:59:22 | DEBUG    | log:152 | [get_keyword_boost] Query: 'Tra soát giao dịch từ ngày 10/...' | Doc: Tra cứu lịch sử giao | Boost: 0.25 | Matched: ['tra soát']
2025-12-19 08:59:22 | DEBUG    | log:152 | [get_keyword_boost] Query: 'Tra soát giao dịch từ ngày 10/...' | Doc: Tra cứu lịch sử giao | Boost: 0.25 | Matched: ['tra soát']
2025-12-19 08:59:22 | DEBUG    | log:152 | [get_keyword_boost] Query: 'Tra soát giao dịch từ ngày 10/...' | Doc: Tra cứu giao dịch th | Boost: 0.25 | Matched: ['giao dịch']
2025-12-19 08:59:22 | DEBUG    | log:152 | [get_keyword_boost] Query: 'Tra soát giao dịch từ ngày 10/...' | Doc: Tra cứu giao dịch th | Boost: 0.25 | Matched: ['giao dịch']
2025-12-19 08:59:22 | DEBUG    | log:152 | [get_keyword_boost] Query: 'Tra soát giao dịch từ ngày 10/...' | Doc: Tra cứu giao dịch th | Boost: 0.25 | Matched: ['giao dịch']
2025-12-19 08:59:22 | DEBUG    | log:152 | [get_keyword_boost] Query: 'Tra soát giao dịch từ ngày 10/...' | Doc: Tra cứu chi tiết một | Boost: 0.25 | Matched: ['tra soát']
2025-12-19 08:59:22 | DEBUG    | log:152 | [classify_query_intent] Ambiguous: 'Tra soát giao dịch từ ngày 10/...' | Scores: {'Tra cứu lịch sử giao dịch theo số tài khoản': 1, 'Tra cứu lịch sử giao dịch theo khoảng thời gian': 1, 'Tra cứu giao dịch theo số tiền': 1, 'Tra cứu giao dịch theo trạng thái': 1, 'Tra cứu giao dịch theo loại giao dịch': 1, 'Tra cứu chi tiết một giao dịch cụ thể': 1}
2025-12-19 08:59:22 | DEBUG    | log:152 | [normalize_query] 'Cho tôi biết các giao dịch trong 3 tháng...' -> 'Cho tôi biết các giao dịch trong 3 tháng...'
2025-12-19 08:59:22 | DEBUG    | log:152 | [perform_hybrid_search] query_text: [Cho tôi biết các giao dịch trong 3 tháng gần đây] - formatted_query: [Cho tôi biết các giao dịch trong 3 tháng gần đây] - normalized_query: [Cho tôi biết các giao dịch trong 3 tháng gần đây]
2025-12-19 08:59:22 | DEBUG    | log:152 | [perform_hybrid_search] BM25 raw scores: min=1.2397, max=35.0109
2025-12-19 08:59:22 | DEBUG    | log:152 | [get_keyword_boost] Query: 'Cho tôi biết các giao dịch tro...' | Doc: Tra cứu lịch sử giao | Boost: 0.25 | Matched: ['gần đây']
2025-12-19 08:59:22 | DEBUG    | log:152 | [get_keyword_boost] Query: 'Cho tôi biết các giao dịch tro...' | Doc: Tra cứu giao dịch th | Boost: 0.25 | Matched: ['giao dịch']
2025-12-19 08:59:22 | DEBUG    | log:152 | [get_keyword_boost] Query: 'Cho tôi biết các giao dịch tro...' | Doc: Tra cứu giao dịch th | Boost: 0.25 | Matched: ['giao dịch']
2025-12-19 08:59:22 | DEBUG    | log:152 | [get_keyword_boost] Query: 'Cho tôi biết các giao dịch tro...' | Doc: Tra cứu giao dịch th | Boost: 0.25 | Matched: ['giao dịch']
2025-12-19 08:59:22 | DEBUG    | log:152 | [classify_query_intent] Ambiguous: 'Cho tôi biết các giao dịch tro...' | Scores: {'Tra cứu lịch sử giao dịch theo khoảng thời gian': 1, 'Tra cứu giao dịch theo số tiền': 1, 'Tra cứu giao dịch theo trạng thái': 1, 'Tra cứu giao dịch theo loại giao dịch': 1}
2025-12-19 08:59:22 | DEBUG    | log:152 | [normalize_query] 'Liệt kê giao dịch từ 01/10/2024 đến 31/1...' -> 'Liệt kê giao dịch từ 01/10/2024 đến 31/1...'
2025-12-19 08:59:22 | DEBUG    | log:152 | [perform_hybrid_search] query_text: [Liệt kê giao dịch từ 01/10/2024 đến 31/12/2024] - formatted_query: [Liệt kê giao dịch từ 01/10/2024 đến 31/12/2024] - normalized_query: [Liệt kê giao dịch từ 01/10/2024 đến 31/12/2024]
2025-12-19 08:59:22 | DEBUG    | log:152 | [perform_hybrid_search] BM25 raw scores: min=0.0912, max=71.9026
2025-12-19 08:59:22 | DEBUG    | log:152 | [get_keyword_boost] Query: 'Liệt kê giao dịch từ 01/10/202...' | Doc: Tra cứu lịch sử giao | Boost: 0.25 | Matched: ['liệt kê']
2025-12-19 08:59:22 | DEBUG    | log:152 | [get_keyword_boost] Query: 'Liệt kê giao dịch từ 01/10/202...' | Doc: Tra cứu lịch sử giao | Boost: 0.25 | Matched: ['liệt kê']
2025-12-19 08:59:22 | DEBUG    | log:152 | [get_keyword_boost] Query: 'Liệt kê giao dịch từ 01/10/202...' | Doc: Tra cứu lịch sử giao | Boost: 0.25 | Matched: ['liệt kê']
2025-12-19 08:59:22 | DEBUG    | log:152 | [get_keyword_boost] Query: 'Liệt kê giao dịch từ 01/10/202...' | Doc: Tra cứu giao dịch th | Boost: 0.25 | Matched: ['giao dịch']
2025-12-19 08:59:22 | DEBUG    | log:152 | [get_keyword_boost] Query: 'Liệt kê giao dịch từ 01/10/202...' | Doc: Tra cứu giao dịch th | Boost: 0.25 | Matched: ['giao dịch']
2025-12-19 08:59:22 | DEBUG    | log:152 | [get_keyword_boost] Query: 'Liệt kê giao dịch từ 01/10/202...' | Doc: Tra cứu giao dịch th | Boost: 0.25 | Matched: ['giao dịch']
2025-12-19 08:59:22 | DEBUG    | log:152 | [classify_query_intent] Ambiguous: 'Liệt kê giao dịch từ 01/10/202...' | Scores: {'Tra cứu lịch sử giao dịch theo số tài khoản': 1, 'Tra cứu lịch sử giao dịch theo khoảng thời gian': 1, 'Tra cứu giao dịch theo số tiền': 1, 'Tra cứu giao dịch theo trạng thái': 1, 'Tra cứu giao dịch theo loại giao dịch': 1}
2025-12-19 08:59:22 | DEBUG    | log:152 | [normalize_query] 'Tìm các giao dịch đã thực hiện trong hôm...' -> 'Tìm các giao dịch đã thực hiện trong hôm...'
2025-12-19 08:59:22 | DEBUG    | log:152 | [perform_hybrid_search] query_text: [Tìm các giao dịch đã thực hiện trong hôm qua] - formatted_query: [Tìm các giao dịch đã thực hiện trong hôm qua] - normalized_query: [Tìm các giao dịch đã thực hiện trong hôm qua]
2025-12-19 08:59:22 | DEBUG    | log:152 | [perform_hybrid_search] BM25 raw scores: min=0.1371, max=28.5995
2025-12-19 08:59:22 | DEBUG    | log:152 | [get_keyword_boost] Query: 'Tìm các giao dịch đã thực hiện...' | Doc: Tra cứu lịch sử giao | Boost: 0.50 | Matched: ['tìm', 'hôm qua']
2025-12-19 08:59:22 | DEBUG    | log:152 | [get_keyword_boost] Query: 'Tìm các giao dịch đã thực hiện...' | Doc: Tra cứu giao dịch th | Boost: 0.25 | Matched: ['giao dịch']
2025-12-19 08:59:22 | DEBUG    | log:152 | [get_keyword_boost] Query: 'Tìm các giao dịch đã thực hiện...' | Doc: Tra cứu giao dịch th | Boost: 0.25 | Matched: ['giao dịch']
2025-12-19 08:59:22 | DEBUG    | log:152 | [get_keyword_boost] Query: 'Tìm các giao dịch đã thực hiện...' | Doc: Tra cứu giao dịch th | Boost: 0.25 | Matched: ['giao dịch']
2025-12-19 08:59:22 | DEBUG    | log:152 | [get_keyword_boost] Query: 'Tìm các giao dịch đã thực hiện...' | Doc: Tra cứu giao dịch ch | Boost: 0.25 | Matched: ['đã thực hiện']
2025-12-19 08:59:22 | DEBUG    | log:152 | [classify_query_intent] Classified: 'Tìm các giao dịch đã thực hiện...' -> Tra cứu lịch sử giao dịch theo (score=2)
2025-12-19 08:59:22 | DEBUG    | log:152 | [normalize_query] 'Xem các giao dịch trong nửa đầu tháng 12...' -> 'Xem các giao dịch trong nửa đầu tháng 12...'
2025-12-19 08:59:22 | DEBUG    | log:152 | [perform_hybrid_search] query_text: [Xem các giao dịch trong nửa đầu tháng 12/2024] - formatted_query: [Xem các giao dịch trong nửa đầu tháng 12/2024] - normalized_query: [Xem các giao dịch trong nửa đầu tháng 12/2024]
2025-12-19 08:59:22 | DEBUG    | log:152 | [perform_hybrid_search] BM25 raw scores: min=0.0912, max=52.7419
2025-12-19 08:59:22 | DEBUG    | log:152 | [get_keyword_boost] Query: 'Xem các giao dịch trong nửa đầ...' | Doc: Tra cứu lịch sử giao | Boost: 0.25 | Matched: ['xem']
2025-12-19 08:59:22 | DEBUG    | log:152 | [get_keyword_boost] Query: 'Xem các giao dịch trong nửa đầ...' | Doc: Tra cứu lịch sử giao | Boost: 0.25 | Matched: ['xem']
2025-12-19 08:59:22 | DEBUG    | log:152 | [get_keyword_boost] Query: 'Xem các giao dịch trong nửa đầ...' | Doc: Tra cứu lịch sử giao | Boost: 0.25 | Matched: ['xem']
2025-12-19 08:59:22 | DEBUG    | log:152 | [get_keyword_boost] Query: 'Xem các giao dịch trong nửa đầ...' | Doc: Tra cứu giao dịch th | Boost: 0.25 | Matched: ['giao dịch']
2025-12-19 08:59:22 | DEBUG    | log:152 | [get_keyword_boost] Query: 'Xem các giao dịch trong nửa đầ...' | Doc: Tra cứu giao dịch th | Boost: 0.25 | Matched: ['giao dịch']
2025-12-19 08:59:22 | DEBUG    | log:152 | [get_keyword_boost] Query: 'Xem các giao dịch trong nửa đầ...' | Doc: Tra cứu giao dịch th | Boost: 0.25 | Matched: ['giao dịch']
2025-12-19 08:59:22 | DEBUG    | log:152 | [classify_query_intent] Ambiguous: 'Xem các giao dịch trong nửa đầ...' | Scores: {'Tra cứu lịch sử giao dịch theo số tài khoản': 1, 'Tra cứu lịch sử giao dịch theo khoảng thời gian': 1, 'Tra cứu giao dịch theo số tiền': 1, 'Tra cứu giao dịch theo trạng thái': 1, 'Tra cứu giao dịch theo loại giao dịch': 1}
2025-12-19 08:59:22 | DEBUG    | log:152 | [normalize_query] 'Tra cứu giao dịch từ ngày 01/12 đến ngày...' -> 'Tra cứu giao dịch từ ngày 01/12 đến ngày...'
2025-12-19 08:59:22 | DEBUG    | log:152 | [perform_hybrid_search] query_text: [Tra cứu giao dịch từ ngày 01/12 đến ngày 17/12/2024] - formatted_query: [Tra cứu giao dịch từ ngày 01/12 đến ngày 17/12/2024] - normalized_query: [Tra cứu giao dịch từ ngày 01/12 đến ngày 17/12/2024]
2025-12-19 08:59:22 | DEBUG    | log:152 | [perform_hybrid_search] BM25 raw scores: min=2.5156, max=68.4668
2025-12-19 08:59:22 | DEBUG    | log:152 | [get_keyword_boost] Query: 'Tra cứu giao dịch từ ngày 01/1...' | Doc: Tra cứu lịch sử giao | Boost: 0.25 | Matched: ['tra cứu']
2025-12-19 08:59:22 | DEBUG    | log:152 | [get_keyword_boost] Query: 'Tra cứu giao dịch từ ngày 01/1...' | Doc: Tra cứu lịch sử giao | Boost: 0.25 | Matched: ['tra cứu']
2025-12-19 08:59:22 | DEBUG    | log:152 | [get_keyword_boost] Query: 'Tra cứu giao dịch từ ngày 01/1...' | Doc: Tra cứu lịch sử giao | Boost: 0.25 | Matched: ['tra cứu']
2025-12-19 08:59:22 | DEBUG    | log:152 | [get_keyword_boost] Query: 'Tra cứu giao dịch từ ngày 01/1...' | Doc: Tra cứu giao dịch th | Boost: 0.25 | Matched: ['giao dịch']
2025-12-19 08:59:22 | DEBUG    | log:152 | [get_keyword_boost] Query: 'Tra cứu giao dịch từ ngày 01/1...' | Doc: Tra cứu giao dịch th | Boost: 0.25 | Matched: ['giao dịch']
2025-12-19 08:59:22 | DEBUG    | log:152 | [get_keyword_boost] Query: 'Tra cứu giao dịch từ ngày 01/1...' | Doc: Tra cứu giao dịch th | Boost: 0.25 | Matched: ['giao dịch']
2025-12-19 08:59:22 | DEBUG    | log:152 | [classify_query_intent] Ambiguous: 'Tra cứu giao dịch từ ngày 01/1...' | Scores: {'Tra cứu lịch sử giao dịch theo số tài khoản': 1, 'Tra cứu lịch sử giao dịch theo khoảng thời gian': 1, 'Tra cứu giao dịch theo số tiền': 1, 'Tra cứu giao dịch theo trạng thái': 1, 'Tra cứu giao dịch theo loại giao dịch': 1}
2025-12-19 08:59:22 | DEBUG    | log:152 | [normalize_query] 'Tìm các giao dịch có số tiền trên 10 tri...' -> 'Tìm các giao dịch có số tiền trên 10 tri...'
2025-12-19 08:59:22 | DEBUG    | log:152 | [perform_hybrid_search] query_text: [Tìm các giao dịch có số tiền trên 10 triệu đồng] - formatted_query: [Tìm các giao dịch có số tiền trên 10 triệu đồng] - normalized_query: [Tìm các giao dịch có số tiền trên 10 triệu đồng]
2025-12-19 08:59:22 | DEBUG    | log:152 | [perform_hybrid_search] BM25 raw scores: min=0.2127, max=68.3173
2025-12-19 08:59:22 | DEBUG    | log:152 | [get_keyword_boost] Query: 'Tìm các giao dịch có số tiền t...' | Doc: Tra cứu lịch sử giao | Boost: 0.25 | Matched: ['tìm']
2025-12-19 08:59:22 | DEBUG    | log:152 | [get_keyword_boost] Query: 'Tìm các giao dịch có số tiền t...' | Doc: Tra cứu giao dịch th | Boost: 0.75 | Matched: ['giao dịch', 'số tiền', 'trên']
2025-12-19 08:59:22 | DEBUG    | log:152 | [get_keyword_boost] Query: 'Tìm các giao dịch có số tiền t...' | Doc: Tra cứu giao dịch th | Boost: 0.25 | Matched: ['giao dịch']
2025-12-19 08:59:22 | DEBUG    | log:152 | [get_keyword_boost] Query: 'Tìm các giao dịch có số tiền t...' | Doc: Tra cứu giao dịch th | Boost: 0.25 | Matched: ['giao dịch']
2025-12-19 08:59:22 | DEBUG    | log:152 | [get_keyword_boost] Query: 'Tìm các giao dịch có số tiền t...' | Doc: Tra cứu chi tiết một | Boost: 0.25 | Matched: ['số tiền']
2025-12-19 08:59:23 | DEBUG    | log:152 | [classify_query_intent] Classified: 'Tìm các giao dịch có số tiền t...' -> Tra cứu giao dịch theo số tiền (score=3)
2025-12-19 08:59:23 | DEBUG    | log:152 | [normalize_query] 'Cho xem những giao dịch từ 5 triệu đến 2...' -> 'Cho xem những giao dịch từ 5 triệu đến 2...'
2025-12-19 08:59:23 | DEBUG    | log:152 | [perform_hybrid_search] query_text: [Cho xem những giao dịch từ 5 triệu đến 20 triệu] - formatted_query: [Cho xem những giao dịch từ 5 triệu đến 20 triệu] - normalized_query: [Cho xem những giao dịch từ 5 triệu đến 20 triệu]
2025-12-19 08:59:23 | DEBUG    | log:152 | [perform_hybrid_search] BM25 raw scores: min=0.0912, max=35.4310
2025-12-19 08:59:23 | DEBUG    | log:152 | [get_keyword_boost] Query: 'Cho xem những giao dịch từ 5 t...' | Doc: Tra cứu lịch sử giao | Boost: 0.25 | Matched: ['xem']
2025-12-19 08:59:23 | DEBUG    | log:152 | [get_keyword_boost] Query: 'Cho xem những giao dịch từ 5 t...' | Doc: Tra cứu lịch sử giao | Boost: 0.25 | Matched: ['xem']
2025-12-19 08:59:23 | DEBUG    | log:152 | [get_keyword_boost] Query: 'Cho xem những giao dịch từ 5 t...' | Doc: Tra cứu lịch sử giao | Boost: 0.25 | Matched: ['xem']
2025-12-19 08:59:23 | DEBUG    | log:152 | [get_keyword_boost] Query: 'Cho xem những giao dịch từ 5 t...' | Doc: Tra cứu giao dịch th | Boost: 0.25 | Matched: ['giao dịch']
2025-12-19 08:59:23 | DEBUG    | log:152 | [get_keyword_boost] Query: 'Cho xem những giao dịch từ 5 t...' | Doc: Tra cứu giao dịch th | Boost: 0.25 | Matched: ['giao dịch']
2025-12-19 08:59:23 | DEBUG    | log:152 | [get_keyword_boost] Query: 'Cho xem những giao dịch từ 5 t...' | Doc: Tra cứu giao dịch th | Boost: 0.25 | Matched: ['giao dịch']
2025-12-19 08:59:23 | DEBUG    | log:152 | [classify_query_intent] Ambiguous: 'Cho xem những giao dịch từ 5 t...' | Scores: {'Tra cứu lịch sử giao dịch theo số tài khoản': 1, 'Tra cứu lịch sử giao dịch theo khoảng thời gian': 1, 'Tra cứu giao dịch theo số tiền': 1, 'Tra cứu giao dịch theo trạng thái': 1, 'Tra cứu giao dịch theo loại giao dịch': 1}
2025-12-19 08:59:23 | DEBUG    | log:152 | [normalize_query] 'Liệt kê giao dịch có giá trị lớn hơn 50....' -> 'Liệt kê giao dịch có giá trị lớn hơn 50....'
2025-12-19 08:59:23 | DEBUG    | log:152 | [perform_hybrid_search] query_text: [Liệt kê giao dịch có giá trị lớn hơn 50.000.000 VND] - formatted_query: [Liệt kê giao dịch có giá trị lớn hơn 50.000.000 vnd] - normalized_query: [Liệt kê giao dịch có giá trị lớn hơn 50.000.000 vnd]
2025-12-19 08:59:23 | DEBUG    | log:152 | [perform_hybrid_search] BM25 raw scores: min=0.0912, max=104.2622
2025-12-19 08:59:23 | DEBUG    | log:152 | [get_keyword_boost] Query: 'Liệt kê giao dịch có giá trị l...' | Doc: Tra cứu lịch sử giao | Boost: 0.25 | Matched: ['liệt kê']
2025-12-19 08:59:23 | DEBUG    | log:152 | [get_keyword_boost] Query: 'Liệt kê giao dịch có giá trị l...' | Doc: Tra cứu lịch sử giao | Boost: 0.25 | Matched: ['liệt kê']
2025-12-19 08:59:23 | DEBUG    | log:152 | [get_keyword_boost] Query: 'Liệt kê giao dịch có giá trị l...' | Doc: Tra cứu lịch sử giao | Boost: 0.25 | Matched: ['liệt kê']
2025-12-19 08:59:23 | DEBUG    | log:152 | [get_keyword_boost] Query: 'Liệt kê giao dịch có giá trị l...' | Doc: Tra cứu giao dịch th | Boost: 0.75 | Matched: ['giao dịch', 'giá trị', 'lớn hơn']
2025-12-19 08:59:23 | DEBUG    | log:152 | [get_keyword_boost] Query: 'Liệt kê giao dịch có giá trị l...' | Doc: Tra cứu giao dịch th | Boost: 0.25 | Matched: ['giao dịch']
2025-12-19 08:59:23 | DEBUG    | log:152 | [get_keyword_boost] Query: 'Liệt kê giao dịch có giá trị l...' | Doc: Tra cứu giao dịch th | Boost: 0.25 | Matched: ['giao dịch']
2025-12-19 08:59:23 | DEBUG    | log:152 | [classify_query_intent] Classified: 'Liệt kê giao dịch có giá trị l...' -> Tra cứu giao dịch theo số tiền (score=3)
2025-12-19 08:59:23 | DEBUG    | log:152 | [normalize_query] 'Xem các giao dịch dưới 1 triệu đồng...' -> 'Xem các giao dịch dưới 1 triệu đồng...'
2025-12-19 08:59:23 | DEBUG    | log:152 | [perform_hybrid_search] query_text: [Xem các giao dịch dưới 1 triệu đồng] - formatted_query: [Xem các giao dịch dưới 1 triệu đồng] - normalized_query: [Xem các giao dịch dưới 1 triệu đồng]
2025-12-19 08:59:23 | DEBUG    | log:152 | [perform_hybrid_search] BM25 raw scores: min=0.0912, max=33.9936
2025-12-19 08:59:23 | DEBUG    | log:152 | [get_keyword_boost] Query: 'Xem các giao dịch dưới 1 triệu...' | Doc: Tra cứu lịch sử giao | Boost: 0.25 | Matched: ['xem']
2025-12-19 08:59:23 | DEBUG    | log:152 | [get_keyword_boost] Query: 'Xem các giao dịch dưới 1 triệu...' | Doc: Tra cứu lịch sử giao | Boost: 0.25 | Matched: ['xem']
2025-12-19 08:59:23 | DEBUG    | log:152 | [get_keyword_boost] Query: 'Xem các giao dịch dưới 1 triệu...' | Doc: Tra cứu lịch sử giao | Boost: 0.25 | Matched: ['xem']
2025-12-19 08:59:23 | DEBUG    | log:152 | [get_keyword_boost] Query: 'Xem các giao dịch dưới 1 triệu...' | Doc: Tra cứu giao dịch th | Boost: 0.50 | Matched: ['giao dịch', 'dưới']
2025-12-19 08:59:23 | DEBUG    | log:152 | [get_keyword_boost] Query: 'Xem các giao dịch dưới 1 triệu...' | Doc: Tra cứu giao dịch th | Boost: 0.25 | Matched: ['giao dịch']
2025-12-19 08:59:23 | DEBUG    | log:152 | [get_keyword_boost] Query: 'Xem các giao dịch dưới 1 triệu...' | Doc: Tra cứu giao dịch th | Boost: 0.25 | Matched: ['giao dịch']
2025-12-19 08:59:23 | DEBUG    | log:152 | [classify_query_intent] Classified: 'Xem các giao dịch dưới 1 triệu...' -> Tra cứu giao dịch theo số tiền (score=2)
2025-12-19 08:59:23 | DEBUG    | log:152 | [normalize_query] 'Tìm giao dịch có số tiền từ 1.000.000 đế...' -> 'Tìm giao dịch có số tiền từ 1.000.000 đế...'
2025-12-19 08:59:23 | DEBUG    | log:152 | [perform_hybrid_search] query_text: [Tìm giao dịch có số tiền từ 1.000.000 đến 5.000.000] - formatted_query: [Tìm giao dịch có số tiền từ 1.000.000 đến 5.000.000] - normalized_query: [Tìm giao dịch có số tiền từ 1.000.000 đến 5.000.000]
2025-12-19 08:59:23 | DEBUG    | log:152 | [perform_hybrid_search] BM25 raw scores: min=0.2127, max=69.6749
2025-12-19 08:59:23 | DEBUG    | log:152 | [get_keyword_boost] Query: 'Tìm giao dịch có số tiền từ 1....' | Doc: Tra cứu lịch sử giao | Boost: 0.25 | Matched: ['tìm']
2025-12-19 08:59:23 | DEBUG    | log:152 | [get_keyword_boost] Query: 'Tìm giao dịch có số tiền từ 1....' | Doc: Tra cứu giao dịch th | Boost: 0.50 | Matched: ['giao dịch', 'số tiền']
2025-12-19 08:59:23 | DEBUG    | log:152 | [get_keyword_boost] Query: 'Tìm giao dịch có số tiền từ 1....' | Doc: Tra cứu giao dịch th | Boost: 0.25 | Matched: ['giao dịch']
2025-12-19 08:59:23 | DEBUG    | log:152 | [get_keyword_boost] Query: 'Tìm giao dịch có số tiền từ 1....' | Doc: Tra cứu giao dịch th | Boost: 0.25 | Matched: ['giao dịch']
2025-12-19 08:59:23 | DEBUG    | log:152 | [get_keyword_boost] Query: 'Tìm giao dịch có số tiền từ 1....' | Doc: Tra cứu chi tiết một | Boost: 0.25 | Matched: ['số tiền']
2025-12-19 08:59:23 | DEBUG    | log:152 | [classify_query_intent] Classified: 'Tìm giao dịch có số tiền từ 1....' -> Tra cứu giao dịch theo số tiền (score=2)
2025-12-19 08:59:23 | DEBUG    | log:152 | [normalize_query] 'Tra cứu các giao dịch có giá trị cao trê...' -> 'Tra cứu các giao dịch có giá trị cao trê...'
2025-12-19 08:59:23 | DEBUG    | log:152 | [perform_hybrid_search] query_text: [Tra cứu các giao dịch có giá trị cao trên 100 triệu] - formatted_query: [Tra cứu các giao dịch có giá trị cao trên 100 triệu] - normalized_query: [Tra cứu các giao dịch có giá trị cao trên 100 triệu]
2025-12-19 08:59:23 | DEBUG    | log:152 | [perform_hybrid_search] BM25 raw scores: min=2.5156, max=65.4124
2025-12-19 08:59:23 | DEBUG    | log:152 | [get_keyword_boost] Query: 'Tra cứu các giao dịch có giá t...' | Doc: Tra cứu lịch sử giao | Boost: 0.25 | Matched: ['tra cứu']
2025-12-19 08:59:23 | DEBUG    | log:152 | [get_keyword_boost] Query: 'Tra cứu các giao dịch có giá t...' | Doc: Tra cứu lịch sử giao | Boost: 0.25 | Matched: ['tra cứu']
2025-12-19 08:59:23 | DEBUG    | log:152 | [get_keyword_boost] Query: 'Tra cứu các giao dịch có giá t...' | Doc: Tra cứu lịch sử giao | Boost: 0.25 | Matched: ['tra cứu']
2025-12-19 08:59:23 | DEBUG    | log:152 | [get_keyword_boost] Query: 'Tra cứu các giao dịch có giá t...' | Doc: Tra cứu giao dịch th | Boost: 1.00 | Matched: ['giao dịch', 'giá trị', 'trên']
2025-12-19 08:59:23 | DEBUG    | log:152 | [get_keyword_boost] Query: 'Tra cứu các giao dịch có giá t...' | Doc: Tra cứu giao dịch th | Boost: 0.25 | Matched: ['giao dịch']
2025-12-19 08:59:23 | DEBUG    | log:152 | [get_keyword_boost] Query: 'Tra cứu các giao dịch có giá t...' | Doc: Tra cứu giao dịch th | Boost: 0.25 | Matched: ['giao dịch']
2025-12-19 08:59:23 | DEBUG    | log:152 | [classify_query_intent] Classified: 'Tra cứu các giao dịch có giá t...' -> Tra cứu giao dịch theo số tiền (score=4)
2025-12-19 08:59:23 | DEBUG    | log:152 | [normalize_query] 'Cho biết những giao dịch có số tiền nhỏ ...' -> 'Cho biết những giao dịch có số tiền nhỏ ...'
2025-12-19 08:59:23 | DEBUG    | log:152 | [perform_hybrid_search] query_text: [Cho biết những giao dịch có số tiền nhỏ hơn 500.000đ] - formatted_query: [Cho biết những giao dịch có số tiền nhỏ hơn 500.000đ] - normalized_query: [Cho biết những giao dịch có số tiền nhỏ hơn 500.000đ]
2025-12-19 08:59:23 | DEBUG    | log:152 | [perform_hybrid_search] BM25 raw scores: min=0.2127, max=59.5852
2025-12-19 08:59:23 | DEBUG    | log:152 | [get_keyword_boost] Query: 'Cho biết những giao dịch có số...' | Doc: Tra cứu giao dịch th | Boost: 0.75 | Matched: ['giao dịch', 'số tiền', 'nhỏ hơn']
2025-12-19 08:59:23 | DEBUG    | log:152 | [get_keyword_boost] Query: 'Cho biết những giao dịch có số...' | Doc: Tra cứu giao dịch th | Boost: 0.25 | Matched: ['giao dịch']
2025-12-19 08:59:23 | DEBUG    | log:152 | [get_keyword_boost] Query: 'Cho biết những giao dịch có số...' | Doc: Tra cứu giao dịch th | Boost: 0.25 | Matched: ['giao dịch']
2025-12-19 08:59:23 | DEBUG    | log:152 | [get_keyword_boost] Query: 'Cho biết những giao dịch có số...' | Doc: Tra cứu chi tiết một | Boost: 0.25 | Matched: ['số tiền']
2025-12-19 08:59:23 | DEBUG    | log:152 | [classify_query_intent] Classified: 'Cho biết những giao dịch có số...' -> Tra cứu giao dịch theo số tiền (score=3)
2025-12-19 08:59:23 | DEBUG    | log:152 | [normalize_query] 'Xem danh sách giao dịch trong khoảng 10-...' -> 'Xem danh sách giao dịch trong khoảng 10-...'
2025-12-19 08:59:23 | DEBUG    | log:152 | [perform_hybrid_search] query_text: [Xem danh sách giao dịch trong khoảng 10-50 triệu đồng] - formatted_query: [Xem danh sách giao dịch trong khoảng 10-50 triệu đồng] - normalized_query: [Xem danh sách giao dịch trong khoảng 10-50 triệu đồng]
2025-12-19 08:59:23 | DEBUG    | log:152 | [perform_hybrid_search] BM25 raw scores: min=0.0912, max=43.4022
2025-12-19 08:59:23 | DEBUG    | log:152 | [get_keyword_boost] Query: 'Xem danh sách giao dịch trong ...' | Doc: Tra cứu lịch sử giao | Boost: 0.50 | Matched: ['xem', 'danh sách giao dịch']
2025-12-19 08:59:23 | DEBUG    | log:152 | [get_keyword_boost] Query: 'Xem danh sách giao dịch trong ...' | Doc: Tra cứu lịch sử giao | Boost: 0.50 | Matched: ['xem', 'danh sách giao dịch']
2025-12-19 08:59:23 | DEBUG    | log:152 | [get_keyword_boost] Query: 'Xem danh sách giao dịch trong ...' | Doc: Tra cứu lịch sử giao | Boost: 0.25 | Matched: ['xem']
2025-12-19 08:59:23 | DEBUG    | log:152 | [get_keyword_boost] Query: 'Xem danh sách giao dịch trong ...' | Doc: Tra cứu giao dịch th | Boost: 0.50 | Matched: ['giao dịch', 'trong khoảng']
2025-12-19 08:59:23 | DEBUG    | log:152 | [get_keyword_boost] Query: 'Xem danh sách giao dịch trong ...' | Doc: Tra cứu giao dịch th | Boost: 0.25 | Matched: ['giao dịch']
2025-12-19 08:59:23 | DEBUG    | log:152 | [get_keyword_boost] Query: 'Xem danh sách giao dịch trong ...' | Doc: Tra cứu giao dịch th | Boost: 0.25 | Matched: ['giao dịch']
2025-12-19 08:59:23 | DEBUG    | log:152 | [classify_query_intent] Ambiguous: 'Xem danh sách giao dịch trong ...' | Scores: {'Tra cứu lịch sử giao dịch theo số tài khoản': 2, 'Tra cứu lịch sử giao dịch theo khoảng thời gian': 1, 'Tra cứu giao dịch theo số tiền': 2, 'Tra cứu giao dịch theo trạng thái': 1, 'Tra cứu giao dịch theo loại giao dịch': 1}
2025-12-19 08:59:23 | DEBUG    | log:152 | [normalize_query] 'Tìm các giao dịch có giá trị từ 2 triệu ...' -> 'Tìm các giao dịch có giá trị từ 2 triệu ...'
2025-12-19 08:59:23 | DEBUG    | log:152 | [perform_hybrid_search] query_text: [Tìm các giao dịch có giá trị từ 2 triệu trở lên] - formatted_query: [Tìm các giao dịch có giá trị từ 2 triệu trở lên] - normalized_query: [Tìm các giao dịch có giá trị từ 2 triệu trở lên]
2025-12-19 08:59:23 | DEBUG    | log:152 | [perform_hybrid_search] BM25 raw scores: min=0.0912, max=89.5714
2025-12-19 08:59:23 | DEBUG    | log:152 | [get_keyword_boost] Query: 'Tìm các giao dịch có giá trị t...' | Doc: Tra cứu lịch sử giao | Boost: 0.25 | Matched: ['tìm']
2025-12-19 08:59:23 | DEBUG    | log:152 | [get_keyword_boost] Query: 'Tìm các giao dịch có giá trị t...' | Doc: Tra cứu giao dịch th | Boost: 0.75 | Matched: ['giao dịch', 'giá trị', 'trở lên']
2025-12-19 08:59:23 | DEBUG    | log:152 | [get_keyword_boost] Query: 'Tìm các giao dịch có giá trị t...' | Doc: Tra cứu giao dịch th | Boost: 0.25 | Matched: ['giao dịch']
2025-12-19 08:59:23 | DEBUG    | log:152 | [get_keyword_boost] Query: 'Tìm các giao dịch có giá trị t...' | Doc: Tra cứu giao dịch th | Boost: 0.25 | Matched: ['giao dịch']
2025-12-19 08:59:23 | DEBUG    | log:152 | [classify_query_intent] Classified: 'Tìm các giao dịch có giá trị t...' -> Tra cứu giao dịch theo số tiền (score=3)
2025-12-19 08:59:23 | DEBUG    | log:152 | [normalize_query] 'Liệt kê giao dịch có số tiền không quá 1...' -> 'Liệt kê giao dịch có số tiền không quá 1...'
2025-12-19 08:59:23 | DEBUG    | log:152 | [perform_hybrid_search] query_text: [Liệt kê giao dịch có số tiền không quá 10 triệu] - formatted_query: [Liệt kê giao dịch có số tiền không quá 10 triệu] - normalized_query: [Liệt kê giao dịch có số tiền không quá 10 triệu]
2025-12-19 08:59:23 | DEBUG    | log:152 | [perform_hybrid_search] BM25 raw scores: min=0.2127, max=67.7803
2025-12-19 08:59:23 | DEBUG    | log:152 | [get_keyword_boost] Query: 'Liệt kê giao dịch có số tiền k...' | Doc: Tra cứu lịch sử giao | Boost: 0.25 | Matched: ['liệt kê']
2025-12-19 08:59:23 | DEBUG    | log:152 | [get_keyword_boost] Query: 'Liệt kê giao dịch có số tiền k...' | Doc: Tra cứu lịch sử giao | Boost: 0.25 | Matched: ['liệt kê']
2025-12-19 08:59:23 | DEBUG    | log:152 | [get_keyword_boost] Query: 'Liệt kê giao dịch có số tiền k...' | Doc: Tra cứu lịch sử giao | Boost: 0.25 | Matched: ['liệt kê']
2025-12-19 08:59:23 | DEBUG    | log:152 | [get_keyword_boost] Query: 'Liệt kê giao dịch có số tiền k...' | Doc: Tra cứu giao dịch th | Boost: 0.75 | Matched: ['giao dịch', 'số tiền', 'không quá']
2025-12-19 08:59:23 | DEBUG    | log:152 | [get_keyword_boost] Query: 'Liệt kê giao dịch có số tiền k...' | Doc: Tra cứu giao dịch th | Boost: 0.25 | Matched: ['giao dịch']
2025-12-19 08:59:23 | DEBUG    | log:152 | [get_keyword_boost] Query: 'Liệt kê giao dịch có số tiền k...' | Doc: Tra cứu giao dịch th | Boost: 0.25 | Matched: ['giao dịch']
2025-12-19 08:59:23 | DEBUG    | log:152 | [get_keyword_boost] Query: 'Liệt kê giao dịch có số tiền k...' | Doc: Tra cứu chi tiết một | Boost: 0.25 | Matched: ['số tiền']
2025-12-19 08:59:23 | DEBUG    | log:152 | [classify_query_intent] Classified: 'Liệt kê giao dịch có số tiền k...' -> Tra cứu giao dịch theo số tiền (score=3)
2025-12-19 08:59:23 | DEBUG    | log:152 | [normalize_query] 'Tra cứu giao dịch có số tiền bằng 15.000...' -> 'Tra cứu giao dịch có số tiền bằng 15.000...'
2025-12-19 08:59:23 | DEBUG    | log:152 | [perform_hybrid_search] query_text: [Tra cứu giao dịch có số tiền bằng 15.000.000 VND] - formatted_query: [Tra cứu giao dịch có số tiền bằng 15.000.000 vnd] - normalized_query: [Tra cứu giao dịch có số tiền bằng 15.000.000 vnd]
2025-12-19 08:59:23 | DEBUG    | log:152 | [perform_hybrid_search] BM25 raw scores: min=2.6371, max=57.2581
2025-12-19 08:59:23 | DEBUG    | log:152 | [get_keyword_boost] Query: 'Tra cứu giao dịch có số tiền b...' | Doc: Tra cứu lịch sử giao | Boost: 0.25 | Matched: ['tra cứu']
2025-12-19 08:59:23 | DEBUG    | log:152 | [get_keyword_boost] Query: 'Tra cứu giao dịch có số tiền b...' | Doc: Tra cứu lịch sử giao | Boost: 0.25 | Matched: ['tra cứu']
2025-12-19 08:59:23 | DEBUG    | log:152 | [get_keyword_boost] Query: 'Tra cứu giao dịch có số tiền b...' | Doc: Tra cứu lịch sử giao | Boost: 0.25 | Matched: ['tra cứu']
2025-12-19 08:59:23 | DEBUG    | log:152 | [get_keyword_boost] Query: 'Tra cứu giao dịch có số tiền b...' | Doc: Tra cứu giao dịch th | Boost: 0.75 | Matched: ['giao dịch', 'số tiền', 'bằng']
2025-12-19 08:59:23 | DEBUG    | log:152 | [get_keyword_boost] Query: 'Tra cứu giao dịch có số tiền b...' | Doc: Tra cứu giao dịch th | Boost: 0.25 | Matched: ['giao dịch']
2025-12-19 08:59:23 | DEBUG    | log:152 | [get_keyword_boost] Query: 'Tra cứu giao dịch có số tiền b...' | Doc: Tra cứu giao dịch th | Boost: 0.25 | Matched: ['giao dịch']
2025-12-19 08:59:23 | DEBUG    | log:152 | [get_keyword_boost] Query: 'Tra cứu giao dịch có số tiền b...' | Doc: Tra cứu chi tiết một | Boost: 0.25 | Matched: ['số tiền']
2025-12-19 08:59:23 | DEBUG    | log:152 | [classify_query_intent] Classified: 'Tra cứu giao dịch có số tiền b...' -> Tra cứu giao dịch theo số tiền (score=3)
2025-12-19 08:59:23 | DEBUG    | log:152 | [normalize_query] 'Cho xem những giao dịch giá trị lớn nhất...' -> 'Cho xem những giao dịch giá trị lớn nhất...'
2025-12-19 08:59:23 | DEBUG    | log:152 | [perform_hybrid_search] query_text: [Cho xem những giao dịch giá trị lớn nhất] - formatted_query: [Cho xem những giao dịch giá trị lớn nhất] - normalized_query: [Cho xem những giao dịch giá trị lớn nhất]
2025-12-19 08:59:23 | DEBUG    | log:152 | [perform_hybrid_search] BM25 raw scores: min=0.0912, max=45.8102
2025-12-19 08:59:23 | DEBUG    | log:152 | [get_keyword_boost] Query: 'Cho xem những giao dịch giá tr...' | Doc: Tra cứu lịch sử giao | Boost: 0.25 | Matched: ['xem']
2025-12-19 08:59:23 | DEBUG    | log:152 | [get_keyword_boost] Query: 'Cho xem những giao dịch giá tr...' | Doc: Tra cứu lịch sử giao | Boost: 0.25 | Matched: ['xem']
2025-12-19 08:59:23 | DEBUG    | log:152 | [get_keyword_boost] Query: 'Cho xem những giao dịch giá tr...' | Doc: Tra cứu lịch sử giao | Boost: 0.25 | Matched: ['xem']
2025-12-19 08:59:23 | DEBUG    | log:152 | [get_keyword_boost] Query: 'Cho xem những giao dịch giá tr...' | Doc: Tra cứu giao dịch th | Boost: 0.50 | Matched: ['giao dịch', 'giá trị']
2025-12-19 08:59:23 | DEBUG    | log:152 | [get_keyword_boost] Query: 'Cho xem những giao dịch giá tr...' | Doc: Tra cứu giao dịch th | Boost: 0.25 | Matched: ['giao dịch']
2025-12-19 08:59:23 | DEBUG    | log:152 | [get_keyword_boost] Query: 'Cho xem những giao dịch giá tr...' | Doc: Tra cứu giao dịch th | Boost: 0.25 | Matched: ['giao dịch']
2025-12-19 08:59:23 | DEBUG    | log:152 | [classify_query_intent] Classified: 'Cho xem những giao dịch giá tr...' -> Tra cứu giao dịch theo số tiền (score=2)
2025-12-19 08:59:23 | DEBUG    | log:152 | [normalize_query] 'Tìm giao dịch có số tiền tối thiểu 20 tr...' -> 'Tìm giao dịch có số tiền tối thiểu 20 tr...'
2025-12-19 08:59:23 | DEBUG    | log:152 | [perform_hybrid_search] query_text: [Tìm giao dịch có số tiền tối thiểu 20 triệu đồng] - formatted_query: [Tìm giao dịch có số tiền tối thiểu 20 triệu đồng] - normalized_query: [Tìm giao dịch có số tiền tối thiểu 20 triệu đồng]
2025-12-19 08:59:23 | DEBUG    | log:152 | [perform_hybrid_search] BM25 raw scores: min=0.2127, max=73.4101
2025-12-19 08:59:23 | DEBUG    | log:152 | [get_keyword_boost] Query: 'Tìm giao dịch có số tiền tối t...' | Doc: Tra cứu lịch sử giao | Boost: 0.25 | Matched: ['tìm']
2025-12-19 08:59:23 | DEBUG    | log:152 | [get_keyword_boost] Query: 'Tìm giao dịch có số tiền tối t...' | Doc: Tra cứu giao dịch th | Boost: 0.75 | Matched: ['giao dịch', 'số tiền', 'tối thiểu']
2025-12-19 08:59:23 | DEBUG    | log:152 | [get_keyword_boost] Query: 'Tìm giao dịch có số tiền tối t...' | Doc: Tra cứu giao dịch th | Boost: 0.25 | Matched: ['giao dịch']
2025-12-19 08:59:23 | DEBUG    | log:152 | [get_keyword_boost] Query: 'Tìm giao dịch có số tiền tối t...' | Doc: Tra cứu giao dịch th | Boost: 0.25 | Matched: ['giao dịch']
2025-12-19 08:59:23 | DEBUG    | log:152 | [get_keyword_boost] Query: 'Tìm giao dịch có số tiền tối t...' | Doc: Tra cứu chi tiết một | Boost: 0.25 | Matched: ['số tiền']
2025-12-19 08:59:23 | DEBUG    | log:152 | [classify_query_intent] Classified: 'Tìm giao dịch có số tiền tối t...' -> Tra cứu giao dịch theo số tiền (score=3)
2025-12-19 08:59:23 | DEBUG    | log:152 | [normalize_query] 'Xem các giao dịch có giá trị trong khoản...' -> 'Xem các giao dịch có giá trị trong khoản...'
2025-12-19 08:59:23 | DEBUG    | log:152 | [perform_hybrid_search] query_text: [Xem các giao dịch có giá trị trong khoảng 5-10 triệu] - formatted_query: [Xem các giao dịch có giá trị trong khoảng 5-10 triệu] - normalized_query: [Xem các giao dịch có giá trị trong khoảng 5-10 triệu]
2025-12-19 08:59:23 | DEBUG    | log:152 | [perform_hybrid_search] BM25 raw scores: min=0.0912, max=72.2662
2025-12-19 08:59:23 | DEBUG    | log:152 | [get_keyword_boost] Query: 'Xem các giao dịch có giá trị t...' | Doc: Tra cứu lịch sử giao | Boost: 0.25 | Matched: ['xem']
2025-12-19 08:59:23 | DEBUG    | log:152 | [get_keyword_boost] Query: 'Xem các giao dịch có giá trị t...' | Doc: Tra cứu lịch sử giao | Boost: 0.25 | Matched: ['xem']
2025-12-19 08:59:23 | DEBUG    | log:152 | [get_keyword_boost] Query: 'Xem các giao dịch có giá trị t...' | Doc: Tra cứu lịch sử giao | Boost: 0.25 | Matched: ['xem']
2025-12-19 08:59:23 | DEBUG    | log:152 | [get_keyword_boost] Query: 'Xem các giao dịch có giá trị t...' | Doc: Tra cứu giao dịch th | Boost: 0.75 | Matched: ['giao dịch', 'giá trị', 'trong khoảng']
2025-12-19 08:59:23 | DEBUG    | log:152 | [get_keyword_boost] Query: 'Xem các giao dịch có giá trị t...' | Doc: Tra cứu giao dịch th | Boost: 0.25 | Matched: ['giao dịch']
2025-12-19 08:59:23 | DEBUG    | log:152 | [get_keyword_boost] Query: 'Xem các giao dịch có giá trị t...' | Doc: Tra cứu giao dịch th | Boost: 0.25 | Matched: ['giao dịch']
2025-12-19 08:59:23 | DEBUG    | log:152 | [classify_query_intent] Classified: 'Xem các giao dịch có giá trị t...' -> Tra cứu giao dịch theo số tiền (score=3)
2025-12-19 08:59:23 | DEBUG    | log:152 | [normalize_query] 'Liệt kê giao dịch với số tiền trên 1 tỷ ...' -> 'Liệt kê giao dịch với số tiền trên 1 tỷ ...'
2025-12-19 08:59:23 | DEBUG    | log:152 | [perform_hybrid_search] query_text: [Liệt kê giao dịch với số tiền trên 1 tỷ đồng] - formatted_query: [Liệt kê giao dịch với số tiền trên 1 tỷ đồng] - normalized_query: [Liệt kê giao dịch với số tiền trên 1 tỷ đồng]
2025-12-19 08:59:23 | DEBUG    | log:152 | [perform_hybrid_search] BM25 raw scores: min=0.2127, max=38.6157
2025-12-19 08:59:23 | DEBUG    | log:152 | [get_keyword_boost] Query: 'Liệt kê giao dịch với số tiền ...' | Doc: Tra cứu lịch sử giao | Boost: 0.25 | Matched: ['liệt kê']
2025-12-19 08:59:23 | DEBUG    | log:152 | [get_keyword_boost] Query: 'Liệt kê giao dịch với số tiền ...' | Doc: Tra cứu lịch sử giao | Boost: 0.25 | Matched: ['liệt kê']
2025-12-19 08:59:23 | DEBUG    | log:152 | [get_keyword_boost] Query: 'Liệt kê giao dịch với số tiền ...' | Doc: Tra cứu lịch sử giao | Boost: 0.25 | Matched: ['liệt kê']
2025-12-19 08:59:23 | DEBUG    | log:152 | [get_keyword_boost] Query: 'Liệt kê giao dịch với số tiền ...' | Doc: Tra cứu giao dịch th | Boost: 0.75 | Matched: ['giao dịch', 'số tiền', 'trên']
2025-12-19 08:59:23 | DEBUG    | log:152 | [get_keyword_boost] Query: 'Liệt kê giao dịch với số tiền ...' | Doc: Tra cứu giao dịch th | Boost: 0.25 | Matched: ['giao dịch']
2025-12-19 08:59:23 | DEBUG    | log:152 | [get_keyword_boost] Query: 'Liệt kê giao dịch với số tiền ...' | Doc: Tra cứu giao dịch th | Boost: 0.25 | Matched: ['giao dịch']
2025-12-19 08:59:23 | DEBUG    | log:152 | [get_keyword_boost] Query: 'Liệt kê giao dịch với số tiền ...' | Doc: Tra cứu chi tiết một | Boost: 0.25 | Matched: ['số tiền']
2025-12-19 08:59:23 | DEBUG    | log:152 | [classify_query_intent] Classified: 'Liệt kê giao dịch với số tiền ...' -> Tra cứu giao dịch theo số tiền (score=3)
2025-12-19 08:59:23 | DEBUG    | log:152 | [normalize_query] 'Tra cứu giao dịch có số tiền từ 100.000 ...' -> 'Tra cứu giao dịch có số tiền từ 100.000 ...'
2025-12-19 08:59:23 | DEBUG    | log:152 | [perform_hybrid_search] query_text: [Tra cứu giao dịch có số tiền từ 100.000 đến 1.000.000] - formatted_query: [Tra cứu giao dịch có số tiền từ 100.000 đến 1.000.000] - normalized_query: [Tra cứu giao dịch có số tiền từ 100.000 đến 1.000.000]
2025-12-19 08:59:23 | DEBUG    | log:152 | [perform_hybrid_search] BM25 raw scores: min=2.6371, max=60.6886
2025-12-19 08:59:23 | DEBUG    | log:152 | [get_keyword_boost] Query: 'Tra cứu giao dịch có số tiền t...' | Doc: Tra cứu lịch sử giao | Boost: 0.25 | Matched: ['tra cứu']
2025-12-19 08:59:23 | DEBUG    | log:152 | [get_keyword_boost] Query: 'Tra cứu giao dịch có số tiền t...' | Doc: Tra cứu lịch sử giao | Boost: 0.25 | Matched: ['tra cứu']
2025-12-19 08:59:23 | DEBUG    | log:152 | [get_keyword_boost] Query: 'Tra cứu giao dịch có số tiền t...' | Doc: Tra cứu lịch sử giao | Boost: 0.25 | Matched: ['tra cứu']
2025-12-19 08:59:23 | DEBUG    | log:152 | [get_keyword_boost] Query: 'Tra cứu giao dịch có số tiền t...' | Doc: Tra cứu giao dịch th | Boost: 0.50 | Matched: ['giao dịch', 'số tiền']
2025-12-19 08:59:23 | DEBUG    | log:152 | [get_keyword_boost] Query: 'Tra cứu giao dịch có số tiền t...' | Doc: Tra cứu giao dịch th | Boost: 0.25 | Matched: ['giao dịch']
2025-12-19 08:59:23 | DEBUG    | log:152 | [get_keyword_boost] Query: 'Tra cứu giao dịch có số tiền t...' | Doc: Tra cứu giao dịch th | Boost: 0.25 | Matched: ['giao dịch']
2025-12-19 08:59:23 | DEBUG    | log:152 | [get_keyword_boost] Query: 'Tra cứu giao dịch có số tiền t...' | Doc: Tra cứu chi tiết một | Boost: 0.25 | Matched: ['số tiền']
2025-12-19 08:59:23 | DEBUG    | log:152 | [classify_query_intent] Classified: 'Tra cứu giao dịch có số tiền t...' -> Tra cứu giao dịch theo số tiền (score=2)
2025-12-19 08:59:23 | DEBUG    | log:152 | [normalize_query] 'Cho biết giao dịch nào có giá trị lớn hơ...' -> 'Cho biết giao dịch nào có giá trị lớn hơ...'
2025-12-19 08:59:23 | DEBUG    | log:152 | [perform_hybrid_search] query_text: [Cho biết giao dịch nào có giá trị lớn hơn 500 triệu] - formatted_query: [Cho biết giao dịch nào có giá trị lớn hơn 500 triệu] - normalized_query: [Cho biết giao dịch nào có giá trị lớn hơn 500 triệu]
2025-12-19 08:59:23 | DEBUG    | log:152 | [perform_hybrid_search] BM25 raw scores: min=0.0912, max=81.4533
2025-12-19 08:59:23 | DEBUG    | log:152 | [get_keyword_boost] Query: 'Cho biết giao dịch nào có giá ...' | Doc: Tra cứu giao dịch th | Boost: 0.75 | Matched: ['giao dịch', 'giá trị', 'lớn hơn']
2025-12-19 08:59:23 | DEBUG    | log:152 | [get_keyword_boost] Query: 'Cho biết giao dịch nào có giá ...' | Doc: Tra cứu giao dịch th | Boost: 0.25 | Matched: ['giao dịch']
2025-12-19 08:59:23 | DEBUG    | log:152 | [get_keyword_boost] Query: 'Cho biết giao dịch nào có giá ...' | Doc: Tra cứu giao dịch th | Boost: 0.25 | Matched: ['giao dịch']
2025-12-19 08:59:23 | DEBUG    | log:152 | [classify_query_intent] Classified: 'Cho biết giao dịch nào có giá ...' -> Tra cứu giao dịch theo số tiền (score=3)
2025-12-19 08:59:23 | DEBUG    | log:152 | [normalize_query] 'Tìm các giao dịch có số tiền dưới 2 triệ...' -> 'Tìm các giao dịch có số tiền dưới 2 triệ...'
2025-12-19 08:59:23 | DEBUG    | log:152 | [perform_hybrid_search] query_text: [Tìm các giao dịch có số tiền dưới 2 triệu đồng] - formatted_query: [Tìm các giao dịch có số tiền dưới 2 triệu đồng] - normalized_query: [Tìm các giao dịch có số tiền dưới 2 triệu đồng]
2025-12-19 08:59:23 | DEBUG    | log:152 | [perform_hybrid_search] BM25 raw scores: min=0.2127, max=63.3540
2025-12-19 08:59:23 | DEBUG    | log:152 | [get_keyword_boost] Query: 'Tìm các giao dịch có số tiền d...' | Doc: Tra cứu lịch sử giao | Boost: 0.25 | Matched: ['tìm']
2025-12-19 08:59:23 | DEBUG    | log:152 | [get_keyword_boost] Query: 'Tìm các giao dịch có số tiền d...' | Doc: Tra cứu giao dịch th | Boost: 0.75 | Matched: ['giao dịch', 'số tiền', 'dưới']
2025-12-19 08:59:23 | DEBUG    | log:152 | [get_keyword_boost] Query: 'Tìm các giao dịch có số tiền d...' | Doc: Tra cứu giao dịch th | Boost: 0.25 | Matched: ['giao dịch']
2025-12-19 08:59:23 | DEBUG    | log:152 | [get_keyword_boost] Query: 'Tìm các giao dịch có số tiền d...' | Doc: Tra cứu giao dịch th | Boost: 0.25 | Matched: ['giao dịch']
2025-12-19 08:59:23 | DEBUG    | log:152 | [get_keyword_boost] Query: 'Tìm các giao dịch có số tiền d...' | Doc: Tra cứu chi tiết một | Boost: 0.25 | Matched: ['số tiền']
2025-12-19 08:59:23 | DEBUG    | log:152 | [classify_query_intent] Classified: 'Tìm các giao dịch có số tiền d...' -> Tra cứu giao dịch theo số tiền (score=3)
2025-12-19 08:59:23 | DEBUG    | log:152 | [normalize_query] 'Xem những giao dịch có giá trị từ 50 tri...' -> 'Xem những giao dịch có giá trị từ 50 tri...'
2025-12-19 08:59:23 | DEBUG    | log:152 | [perform_hybrid_search] query_text: [Xem những giao dịch có giá trị từ 50 triệu trở xuống] - formatted_query: [Xem những giao dịch có giá trị từ 50 triệu trở xuống] - normalized_query: [Xem những giao dịch có giá trị từ 50 triệu trở xuống]
2025-12-19 08:59:23 | DEBUG    | log:152 | [perform_hybrid_search] BM25 raw scores: min=0.0912, max=86.9304
2025-12-19 08:59:23 | DEBUG    | log:152 | [get_keyword_boost] Query: 'Xem những giao dịch có giá trị...' | Doc: Tra cứu lịch sử giao | Boost: 0.25 | Matched: ['xem']
2025-12-19 08:59:23 | DEBUG    | log:152 | [get_keyword_boost] Query: 'Xem những giao dịch có giá trị...' | Doc: Tra cứu lịch sử giao | Boost: 0.25 | Matched: ['xem']
2025-12-19 08:59:23 | DEBUG    | log:152 | [get_keyword_boost] Query: 'Xem những giao dịch có giá trị...' | Doc: Tra cứu lịch sử giao | Boost: 0.25 | Matched: ['xem']
2025-12-19 08:59:23 | DEBUG    | log:152 | [get_keyword_boost] Query: 'Xem những giao dịch có giá trị...' | Doc: Tra cứu giao dịch th | Boost: 0.75 | Matched: ['giao dịch', 'giá trị', 'trở xuống']
2025-12-19 08:59:23 | DEBUG    | log:152 | [get_keyword_boost] Query: 'Xem những giao dịch có giá trị...' | Doc: Tra cứu giao dịch th | Boost: 0.25 | Matched: ['giao dịch']
2025-12-19 08:59:23 | DEBUG    | log:152 | [get_keyword_boost] Query: 'Xem những giao dịch có giá trị...' | Doc: Tra cứu giao dịch th | Boost: 0.25 | Matched: ['giao dịch']
2025-12-19 08:59:23 | DEBUG    | log:152 | [classify_query_intent] Classified: 'Xem những giao dịch có giá trị...' -> Tra cứu giao dịch theo số tiền (score=3)
2025-12-19 08:59:23 | DEBUG    | log:152 | [normalize_query] 'Liệt kê các giao dịch có số tiền chẵn 10...' -> 'Liệt kê các giao dịch có số tiền chẵn 10...'
2025-12-19 08:59:23 | DEBUG    | log:152 | [perform_hybrid_search] query_text: [Liệt kê các giao dịch có số tiền chẵn 10.000.000 VND] - formatted_query: [Liệt kê các giao dịch có số tiền chẵn 10.000.000 vnd] - normalized_query: [Liệt kê các giao dịch có số tiền chẵn 10.000.000 vnd]
2025-12-19 08:59:23 | DEBUG    | log:152 | [perform_hybrid_search] BM25 raw scores: min=0.2127, max=73.1759
2025-12-19 08:59:23 | DEBUG    | log:152 | [get_keyword_boost] Query: 'Liệt kê các giao dịch có số ti...' | Doc: Tra cứu lịch sử giao | Boost: 0.25 | Matched: ['liệt kê']
2025-12-19 08:59:23 | DEBUG    | log:152 | [get_keyword_boost] Query: 'Liệt kê các giao dịch có số ti...' | Doc: Tra cứu lịch sử giao | Boost: 0.25 | Matched: ['liệt kê']
2025-12-19 08:59:23 | DEBUG    | log:152 | [get_keyword_boost] Query: 'Liệt kê các giao dịch có số ti...' | Doc: Tra cứu lịch sử giao | Boost: 0.25 | Matched: ['liệt kê']
2025-12-19 08:59:23 | DEBUG    | log:152 | [get_keyword_boost] Query: 'Liệt kê các giao dịch có số ti...' | Doc: Tra cứu giao dịch th | Boost: 0.75 | Matched: ['giao dịch', 'số tiền', 'chẵn']
2025-12-19 08:59:23 | DEBUG    | log:152 | [get_keyword_boost] Query: 'Liệt kê các giao dịch có số ti...' | Doc: Tra cứu giao dịch th | Boost: 0.25 | Matched: ['giao dịch']
2025-12-19 08:59:23 | DEBUG    | log:152 | [get_keyword_boost] Query: 'Liệt kê các giao dịch có số ti...' | Doc: Tra cứu giao dịch th | Boost: 0.25 | Matched: ['giao dịch']
2025-12-19 08:59:23 | DEBUG    | log:152 | [get_keyword_boost] Query: 'Liệt kê các giao dịch có số ti...' | Doc: Tra cứu chi tiết một | Boost: 0.25 | Matched: ['số tiền']
2025-12-19 08:59:23 | DEBUG    | log:152 | [classify_query_intent] Classified: 'Liệt kê các giao dịch có số ti...' -> Tra cứu giao dịch theo số tiền (score=3)
2025-12-19 08:59:23 | DEBUG    | log:152 | [normalize_query] 'Xem các giao dịch đã thành công...' -> 'Xem các giao dịch đã thành công...'
2025-12-19 08:59:23 | DEBUG    | log:152 | [perform_hybrid_search] query_text: [Xem các giao dịch đã thành công] - formatted_query: [Xem các giao dịch đã thành công] - normalized_query: [Xem các giao dịch đã thành công]
2025-12-19 08:59:23 | DEBUG    | log:152 | [perform_hybrid_search] BM25 raw scores: min=0.2248, max=17.6503
2025-12-19 08:59:23 | DEBUG    | log:152 | [get_keyword_boost] Query: 'Xem các giao dịch đã thành côn...' | Doc: Tra cứu lịch sử giao | Boost: 0.25 | Matched: ['xem']
2025-12-19 08:59:23 | DEBUG    | log:152 | [get_keyword_boost] Query: 'Xem các giao dịch đã thành côn...' | Doc: Tra cứu lịch sử giao | Boost: 0.25 | Matched: ['xem']
2025-12-19 08:59:23 | DEBUG    | log:152 | [get_keyword_boost] Query: 'Xem các giao dịch đã thành côn...' | Doc: Tra cứu lịch sử giao | Boost: 0.25 | Matched: ['xem']
2025-12-19 08:59:23 | DEBUG    | log:152 | [get_keyword_boost] Query: 'Xem các giao dịch đã thành côn...' | Doc: Tra cứu giao dịch th | Boost: 0.25 | Matched: ['giao dịch']
2025-12-19 08:59:23 | DEBUG    | log:152 | [get_keyword_boost] Query: 'Xem các giao dịch đã thành côn...' | Doc: Tra cứu giao dịch th | Boost: 0.50 | Matched: ['giao dịch', 'thành công']
2025-12-19 08:59:23 | DEBUG    | log:152 | [get_keyword_boost] Query: 'Xem các giao dịch đã thành côn...' | Doc: Tra cứu giao dịch th | Boost: 0.25 | Matched: ['giao dịch']
2025-12-19 08:59:23 | DEBUG    | log:152 | [classify_query_intent] Classified: 'Xem các giao dịch đã thành côn...' -> Tra cứu giao dịch theo trạng t (score=2)
2025-12-19 08:59:23 | DEBUG    | log:152 | [normalize_query] 'Cho tôi danh sách giao dịch thất bại...' -> 'Cho tôi danh sách giao dịch thất bại...'
2025-12-19 08:59:23 | DEBUG    | log:152 | [perform_hybrid_search] query_text: [Cho tôi danh sách giao dịch thất bại] - formatted_query: [Cho tôi danh sách giao dịch thất bại] - normalized_query: [Cho tôi danh sách giao dịch thất bại]
2025-12-19 08:59:23 | DEBUG    | log:152 | [perform_hybrid_search] BM25 raw scores: min=0.0912, max=22.1133
2025-12-19 08:59:23 | DEBUG    | log:152 | [get_keyword_boost] Query: 'Cho tôi danh sách giao dịch th...' | Doc: Tra cứu lịch sử giao | Boost: 0.25 | Matched: ['danh sách giao dịch']
2025-12-19 08:59:23 | DEBUG    | log:152 | [get_keyword_boost] Query: 'Cho tôi danh sách giao dịch th...' | Doc: Tra cứu lịch sử giao | Boost: 0.25 | Matched: ['danh sách giao dịch']
2025-12-19 08:59:23 | DEBUG    | log:152 | [get_keyword_boost] Query: 'Cho tôi danh sách giao dịch th...' | Doc: Tra cứu giao dịch th | Boost: 0.25 | Matched: ['giao dịch']
2025-12-19 08:59:23 | DEBUG    | log:152 | [get_keyword_boost] Query: 'Cho tôi danh sách giao dịch th...' | Doc: Tra cứu giao dịch th | Boost: 0.50 | Matched: ['giao dịch', 'thất bại']
2025-12-19 08:59:23 | DEBUG    | log:152 | [get_keyword_boost] Query: 'Cho tôi danh sách giao dịch th...' | Doc: Tra cứu giao dịch th | Boost: 0.25 | Matched: ['giao dịch']
2025-12-19 08:59:23 | DEBUG    | log:152 | [classify_query_intent] Classified: 'Cho tôi danh sách giao dịch th...' -> Tra cứu giao dịch theo trạng t (score=2)
2025-12-19 08:59:23 | DEBUG    | log:152 | [normalize_query] 'Tìm những giao dịch đang chờ xử lý...' -> 'Tìm những giao dịch đang chờ xử lý...'
2025-12-19 08:59:23 | DEBUG    | log:152 | [perform_hybrid_search] query_text: [Tìm những giao dịch đang chờ xử lý] - formatted_query: [Tìm những giao dịch đang chờ xử lý] - normalized_query: [Tìm những giao dịch đang chờ xử lý]
2025-12-19 08:59:23 | DEBUG    | log:152 | [perform_hybrid_search] BM25 raw scores: min=0.1028, max=49.1391
2025-12-19 08:59:23 | DEBUG    | log:152 | [get_keyword_boost] Query: 'Tìm những giao dịch đang chờ x...' | Doc: Tra cứu lịch sử giao | Boost: 0.25 | Matched: ['tìm']
2025-12-19 08:59:23 | DEBUG    | log:152 | [get_keyword_boost] Query: 'Tìm những giao dịch đang chờ x...' | Doc: Tra cứu giao dịch th | Boost: 0.25 | Matched: ['giao dịch']
2025-12-19 08:59:23 | DEBUG    | log:152 | [get_keyword_boost] Query: 'Tìm những giao dịch đang chờ x...' | Doc: Tra cứu giao dịch th | Boost: 0.50 | Matched: ['giao dịch', 'đang chờ xử lý']
2025-12-19 08:59:23 | DEBUG    | log:152 | [get_keyword_boost] Query: 'Tìm những giao dịch đang chờ x...' | Doc: Tra cứu giao dịch th | Boost: 0.25 | Matched: ['giao dịch']
2025-12-19 08:59:23 | DEBUG    | log:152 | [classify_query_intent] Classified: 'Tìm những giao dịch đang chờ x...' -> Tra cứu giao dịch theo trạng t (score=2)
2025-12-19 08:59:23 | DEBUG    | log:152 | [normalize_query] 'Liệt kê các giao dịch bị hủy...' -> 'Liệt kê các giao dịch bị hủy...'
2025-12-19 08:59:23 | DEBUG    | log:152 | [perform_hybrid_search] query_text: [Liệt kê các giao dịch bị hủy] - formatted_query: [Liệt kê các giao dịch bị hủy] - normalized_query: [Liệt kê các giao dịch bị hủy]
2025-12-19 08:59:23 | DEBUG    | log:152 | [perform_hybrid_search] BM25 raw scores: min=0.0912, max=26.7607
2025-12-19 08:59:23 | DEBUG    | log:152 | [get_keyword_boost] Query: 'Liệt kê các giao dịch bị hủy...' | Doc: Tra cứu lịch sử giao | Boost: 0.25 | Matched: ['liệt kê']
2025-12-19 08:59:23 | DEBUG    | log:152 | [get_keyword_boost] Query: 'Liệt kê các giao dịch bị hủy...' | Doc: Tra cứu lịch sử giao | Boost: 0.25 | Matched: ['liệt kê']
2025-12-19 08:59:23 | DEBUG    | log:152 | [get_keyword_boost] Query: 'Liệt kê các giao dịch bị hủy...' | Doc: Tra cứu lịch sử giao | Boost: 0.25 | Matched: ['liệt kê']
2025-12-19 08:59:23 | DEBUG    | log:152 | [get_keyword_boost] Query: 'Liệt kê các giao dịch bị hủy...' | Doc: Tra cứu giao dịch th | Boost: 0.25 | Matched: ['giao dịch']
2025-12-19 08:59:23 | DEBUG    | log:152 | [get_keyword_boost] Query: 'Liệt kê các giao dịch bị hủy...' | Doc: Tra cứu giao dịch th | Boost: 0.50 | Matched: ['giao dịch', 'bị hủy']
2025-12-19 08:59:23 | DEBUG    | log:152 | [get_keyword_boost] Query: 'Liệt kê các giao dịch bị hủy...' | Doc: Tra cứu giao dịch th | Boost: 0.25 | Matched: ['giao dịch']
2025-12-19 08:59:23 | DEBUG    | log:152 | [classify_query_intent] Classified: 'Liệt kê các giao dịch bị hủy...' -> Tra cứu giao dịch theo trạng t (score=2)
2025-12-19 08:59:23 | DEBUG    | log:152 | [normalize_query] 'Tra cứu giao dịch có trạng thái pending...' -> 'Tra cứu giao dịch có trạng thái pending...'
2025-12-19 08:59:23 | DEBUG    | log:152 | [perform_hybrid_search] query_text: [Tra cứu giao dịch có trạng thái pending] - formatted_query: [Tra cứu giao dịch có trạng thái pending] - normalized_query: [Tra cứu giao dịch có trạng thái pending]
2025-12-19 08:59:23 | DEBUG    | log:152 | [perform_hybrid_search] BM25 raw scores: min=2.8153, max=32.5013
2025-12-19 08:59:23 | DEBUG    | log:152 | [get_keyword_boost] Query: 'Tra cứu giao dịch có trạng thá...' | Doc: Tra cứu lịch sử giao | Boost: 0.25 | Matched: ['tra cứu']
2025-12-19 08:59:23 | DEBUG    | log:152 | [get_keyword_boost] Query: 'Tra cứu giao dịch có trạng thá...' | Doc: Tra cứu lịch sử giao | Boost: 0.25 | Matched: ['tra cứu']
2025-12-19 08:59:23 | DEBUG    | log:152 | [get_keyword_boost] Query: 'Tra cứu giao dịch có trạng thá...' | Doc: Tra cứu lịch sử giao | Boost: 0.25 | Matched: ['tra cứu']
2025-12-19 08:59:23 | DEBUG    | log:152 | [get_keyword_boost] Query: 'Tra cứu giao dịch có trạng thá...' | Doc: Tra cứu giao dịch th | Boost: 0.25 | Matched: ['giao dịch']
2025-12-19 08:59:23 | DEBUG    | log:152 | [get_keyword_boost] Query: 'Tra cứu giao dịch có trạng thá...' | Doc: Tra cứu giao dịch th | Boost: 0.75 | Matched: ['giao dịch', 'trạng thái', 'pending']
2025-12-19 08:59:23 | DEBUG    | log:152 | [get_keyword_boost] Query: 'Tra cứu giao dịch có trạng thá...' | Doc: Tra cứu giao dịch th | Boost: 0.25 | Matched: ['giao dịch']
2025-12-19 08:59:23 | DEBUG    | log:152 | [get_keyword_boost] Query: 'Tra cứu giao dịch có trạng thá...' | Doc: Tra cứu chi tiết một | Boost: 0.25 | Matched: ['trạng thái']
2025-12-19 08:59:23 | DEBUG    | log:152 | [classify_query_intent] Classified: 'Tra cứu giao dịch có trạng thá...' -> Tra cứu giao dịch theo trạng t (score=3)
2025-12-19 08:59:23 | DEBUG    | log:152 | [normalize_query] 'Cho biết giao dịch nào đang chờ duyệt...' -> 'Cho biết giao dịch nào đang chờ duyệt...'
2025-12-19 08:59:23 | DEBUG    | log:152 | [perform_hybrid_search] query_text: [Cho biết giao dịch nào đang chờ duyệt] - formatted_query: [Cho biết giao dịch nào đang chờ duyệt] - normalized_query: [Cho biết giao dịch nào đang chờ duyệt]
2025-12-19 08:59:23 | DEBUG    | log:152 | [perform_hybrid_search] BM25 raw scores: min=0.1028, max=47.2441
2025-12-19 08:59:23 | DEBUG    | log:152 | [get_keyword_boost] Query: 'Cho biết giao dịch nào đang ch...' | Doc: Tra cứu giao dịch th | Boost: 0.25 | Matched: ['giao dịch']
2025-12-19 08:59:23 | DEBUG    | log:152 | [get_keyword_boost] Query: 'Cho biết giao dịch nào đang ch...' | Doc: Tra cứu giao dịch th | Boost: 0.50 | Matched: ['giao dịch', 'chờ duyệt']
2025-12-19 08:59:23 | DEBUG    | log:152 | [get_keyword_boost] Query: 'Cho biết giao dịch nào đang ch...' | Doc: Tra cứu giao dịch th | Boost: 0.25 | Matched: ['giao dịch']
2025-12-19 08:59:23 | DEBUG    | log:152 | [classify_query_intent] Classified: 'Cho biết giao dịch nào đang ch...' -> Tra cứu giao dịch theo trạng t (score=2)
2025-12-19 08:59:23 | DEBUG    | log:152 | [normalize_query] 'Xem các giao dịch đã hoàn thành trong ng...' -> 'Xem các giao dịch đã hoàn thành trong ng...'
2025-12-19 08:59:23 | DEBUG    | log:152 | [perform_hybrid_search] query_text: [Xem các giao dịch đã hoàn thành trong ngày] - formatted_query: [Xem các giao dịch đã hoàn thành trong ngày] - normalized_query: [Xem các giao dịch đã hoàn thành trong ngày]
2025-12-19 08:59:23 | DEBUG    | log:152 | [perform_hybrid_search] BM25 raw scores: min=0.6949, max=15.9229
2025-12-19 08:59:23 | DEBUG    | log:152 | [get_keyword_boost] Query: 'Xem các giao dịch đã hoàn thàn...' | Doc: Tra cứu lịch sử giao | Boost: 0.25 | Matched: ['xem']
2025-12-19 08:59:23 | DEBUG    | log:152 | [get_keyword_boost] Query: 'Xem các giao dịch đã hoàn thàn...' | Doc: Tra cứu lịch sử giao | Boost: 0.25 | Matched: ['xem']
2025-12-19 08:59:23 | DEBUG    | log:152 | [get_keyword_boost] Query: 'Xem các giao dịch đã hoàn thàn...' | Doc: Tra cứu lịch sử giao | Boost: 0.25 | Matched: ['xem']
2025-12-19 08:59:23 | DEBUG    | log:152 | [get_keyword_boost] Query: 'Xem các giao dịch đã hoàn thàn...' | Doc: Tra cứu giao dịch th | Boost: 0.25 | Matched: ['giao dịch']
2025-12-19 08:59:23 | DEBUG    | log:152 | [get_keyword_boost] Query: 'Xem các giao dịch đã hoàn thàn...' | Doc: Tra cứu giao dịch th | Boost: 0.50 | Matched: ['giao dịch', 'đã hoàn thành']
2025-12-19 08:59:23 | DEBUG    | log:152 | [get_keyword_boost] Query: 'Xem các giao dịch đã hoàn thàn...' | Doc: Tra cứu giao dịch th | Boost: 0.25 | Matched: ['giao dịch']
2025-12-19 08:59:23 | DEBUG    | log:152 | [classify_query_intent] Classified: 'Xem các giao dịch đã hoàn thàn...' -> Tra cứu giao dịch theo trạng t (score=2)
2025-12-19 08:59:23 | DEBUG    | log:152 | [normalize_query] 'Tìm giao dịch có trạng thái lỗi...' -> 'Tìm giao dịch có trạng thái lỗi...'
2025-12-19 08:59:23 | DEBUG    | log:152 | [perform_hybrid_search] query_text: [Tìm giao dịch có trạng thái lỗi] - formatted_query: [Tìm giao dịch có trạng thái lỗi] - normalized_query: [Tìm giao dịch có trạng thái lỗi]
2025-12-19 08:59:23 | DEBUG    | log:152 | [perform_hybrid_search] BM25 raw scores: min=1.9436, max=44.1056
2025-12-19 08:59:23 | DEBUG    | log:152 | [get_keyword_boost] Query: 'Tìm giao dịch có trạng thái lỗ...' | Doc: Tra cứu lịch sử giao | Boost: 0.25 | Matched: ['tìm']
2025-12-19 08:59:23 | DEBUG    | log:152 | [get_keyword_boost] Query: 'Tìm giao dịch có trạng thái lỗ...' | Doc: Tra cứu giao dịch th | Boost: 0.25 | Matched: ['giao dịch']
2025-12-19 08:59:23 | DEBUG    | log:152 | [get_keyword_boost] Query: 'Tìm giao dịch có trạng thái lỗ...' | Doc: Tra cứu giao dịch th | Boost: 0.75 | Matched: ['giao dịch', 'trạng thái', 'lỗi']
2025-12-19 08:59:23 | DEBUG    | log:152 | [get_keyword_boost] Query: 'Tìm giao dịch có trạng thái lỗ...' | Doc: Tra cứu giao dịch th | Boost: 0.25 | Matched: ['giao dịch']
2025-12-19 08:59:23 | DEBUG    | log:152 | [get_keyword_boost] Query: 'Tìm giao dịch có trạng thái lỗ...' | Doc: Tra cứu chi tiết một | Boost: 0.25 | Matched: ['trạng thái']
2025-12-19 08:59:23 | DEBUG    | log:152 | [classify_query_intent] Classified: 'Tìm giao dịch có trạng thái lỗ...' -> Tra cứu giao dịch theo trạng t (score=3)
2025-12-19 08:59:23 | DEBUG    | log:152 | [normalize_query] 'Liệt kê các giao dịch đã được phê duyệt...' -> 'Liệt kê các giao dịch đã được phê duyệt...'
2025-12-19 08:59:23 | DEBUG    | log:152 | [perform_hybrid_search] query_text: [Liệt kê các giao dịch đã được phê duyệt] - formatted_query: [Liệt kê các giao dịch đã được phê duyệt] - normalized_query: [Liệt kê các giao dịch đã được phê duyệt]
2025-12-19 08:59:23 | DEBUG    | log:152 | [perform_hybrid_search] BM25 raw scores: min=0.0912, max=34.5538
2025-12-19 08:59:23 | DEBUG    | log:152 | [get_keyword_boost] Query: 'Liệt kê các giao dịch đã được ...' | Doc: Tra cứu lịch sử giao | Boost: 0.25 | Matched: ['liệt kê']
2025-12-19 08:59:23 | DEBUG    | log:152 | [get_keyword_boost] Query: 'Liệt kê các giao dịch đã được ...' | Doc: Tra cứu lịch sử giao | Boost: 0.25 | Matched: ['liệt kê']
2025-12-19 08:59:23 | DEBUG    | log:152 | [get_keyword_boost] Query: 'Liệt kê các giao dịch đã được ...' | Doc: Tra cứu lịch sử giao | Boost: 0.25 | Matched: ['liệt kê']
2025-12-19 08:59:23 | DEBUG    | log:152 | [get_keyword_boost] Query: 'Liệt kê các giao dịch đã được ...' | Doc: Tra cứu giao dịch th | Boost: 0.25 | Matched: ['giao dịch']
2025-12-19 08:59:23 | DEBUG    | log:152 | [get_keyword_boost] Query: 'Liệt kê các giao dịch đã được ...' | Doc: Tra cứu giao dịch th | Boost: 0.50 | Matched: ['giao dịch', 'đã được phê duyệt']
2025-12-19 08:59:23 | DEBUG    | log:152 | [get_keyword_boost] Query: 'Liệt kê các giao dịch đã được ...' | Doc: Tra cứu giao dịch th | Boost: 0.25 | Matched: ['giao dịch']
2025-12-19 08:59:23 | DEBUG    | log:152 | [classify_query_intent] Classified: 'Liệt kê các giao dịch đã được ...' -> Tra cứu giao dịch theo trạng t (score=2)
2025-12-19 08:59:23 | DEBUG    | log:152 | [normalize_query] 'Tra cứu giao dịch bị từ chối...' -> 'Tra cứu giao dịch bị từ chối...'
2025-12-19 08:59:23 | DEBUG    | log:152 | [perform_hybrid_search] query_text: [Tra cứu giao dịch bị từ chối] - formatted_query: [Tra cứu giao dịch bị từ chối] - normalized_query: [Tra cứu giao dịch bị từ chối]
2025-12-19 08:59:23 | DEBUG    | log:152 | [perform_hybrid_search] BM25 raw scores: min=1.1249, max=17.0150
2025-12-19 08:59:23 | DEBUG    | log:152 | [get_keyword_boost] Query: 'Tra cứu giao dịch bị từ chối...' | Doc: Tra cứu lịch sử giao | Boost: 0.25 | Matched: ['tra cứu']
2025-12-19 08:59:23 | DEBUG    | log:152 | [get_keyword_boost] Query: 'Tra cứu giao dịch bị từ chối...' | Doc: Tra cứu lịch sử giao | Boost: 0.25 | Matched: ['tra cứu']
2025-12-19 08:59:23 | DEBUG    | log:152 | [get_keyword_boost] Query: 'Tra cứu giao dịch bị từ chối...' | Doc: Tra cứu lịch sử giao | Boost: 0.25 | Matched: ['tra cứu']
2025-12-19 08:59:23 | DEBUG    | log:152 | [get_keyword_boost] Query: 'Tra cứu giao dịch bị từ chối...' | Doc: Tra cứu giao dịch th | Boost: 0.25 | Matched: ['giao dịch']
2025-12-19 08:59:23 | DEBUG    | log:152 | [get_keyword_boost] Query: 'Tra cứu giao dịch bị từ chối...' | Doc: Tra cứu giao dịch th | Boost: 0.50 | Matched: ['giao dịch', 'bị từ chối']
2025-12-19 08:59:23 | DEBUG    | log:152 | [get_keyword_boost] Query: 'Tra cứu giao dịch bị từ chối...' | Doc: Tra cứu giao dịch th | Boost: 0.25 | Matched: ['giao dịch']
2025-12-19 08:59:23 | DEBUG    | log:152 | [classify_query_intent] Classified: 'Tra cứu giao dịch bị từ chối...' -> Tra cứu giao dịch theo trạng t (score=2)
2025-12-19 08:59:23 | DEBUG    | log:152 | [normalize_query] 'Cho xem những giao dịch chưa hoàn tất...' -> 'Cho xem những giao dịch chưa hoàn tất...'
2025-12-19 08:59:23 | DEBUG    | log:152 | [perform_hybrid_search] query_text: [Cho xem những giao dịch chưa hoàn tất] - formatted_query: [Cho xem những giao dịch chưa hoàn tất] - normalized_query: [Cho xem những giao dịch chưa hoàn tất]
2025-12-19 08:59:23 | DEBUG    | log:152 | [perform_hybrid_search] BM25 raw scores: min=0.1852, max=30.3019
2025-12-19 08:59:23 | DEBUG    | log:152 | [get_keyword_boost] Query: 'Cho xem những giao dịch chưa h...' | Doc: Tra cứu lịch sử giao | Boost: 0.25 | Matched: ['xem']
2025-12-19 08:59:23 | DEBUG    | log:152 | [get_keyword_boost] Query: 'Cho xem những giao dịch chưa h...' | Doc: Tra cứu lịch sử giao | Boost: 0.25 | Matched: ['xem']
2025-12-19 08:59:23 | DEBUG    | log:152 | [get_keyword_boost] Query: 'Cho xem những giao dịch chưa h...' | Doc: Tra cứu lịch sử giao | Boost: 0.25 | Matched: ['xem']
2025-12-19 08:59:23 | DEBUG    | log:152 | [get_keyword_boost] Query: 'Cho xem những giao dịch chưa h...' | Doc: Tra cứu giao dịch th | Boost: 0.25 | Matched: ['giao dịch']
2025-12-19 08:59:23 | DEBUG    | log:152 | [get_keyword_boost] Query: 'Cho xem những giao dịch chưa h...' | Doc: Tra cứu giao dịch th | Boost: 0.50 | Matched: ['giao dịch', 'chưa hoàn tất']
2025-12-19 08:59:23 | DEBUG    | log:152 | [get_keyword_boost] Query: 'Cho xem những giao dịch chưa h...' | Doc: Tra cứu giao dịch th | Boost: 0.25 | Matched: ['giao dịch']
2025-12-19 08:59:23 | DEBUG    | log:152 | [classify_query_intent] Classified: 'Cho xem những giao dịch chưa h...' -> Tra cứu giao dịch theo trạng t (score=2)
2025-12-19 08:59:23 | DEBUG    | log:152 | [normalize_query] 'Tìm các giao dịch có trạng thái thành cô...' -> 'Tìm các giao dịch có trạng thái thành cô...'
2025-12-19 08:59:23 | DEBUG    | log:152 | [perform_hybrid_search] query_text: [Tìm các giao dịch có trạng thái thành công] - formatted_query: [Tìm các giao dịch có trạng thái thành công] - normalized_query: [Tìm các giao dịch có trạng thái thành công]
2025-12-19 08:59:23 | DEBUG    | log:152 | [perform_hybrid_search] BM25 raw scores: min=0.9287, max=47.5210
2025-12-19 08:59:23 | DEBUG    | log:152 | [get_keyword_boost] Query: 'Tìm các giao dịch có trạng thá...' | Doc: Tra cứu lịch sử giao | Boost: 0.25 | Matched: ['tìm']
2025-12-19 08:59:23 | DEBUG    | log:152 | [get_keyword_boost] Query: 'Tìm các giao dịch có trạng thá...' | Doc: Tra cứu giao dịch th | Boost: 0.25 | Matched: ['giao dịch']
2025-12-19 08:59:23 | DEBUG    | log:152 | [get_keyword_boost] Query: 'Tìm các giao dịch có trạng thá...' | Doc: Tra cứu giao dịch th | Boost: 0.75 | Matched: ['giao dịch', 'trạng thái', 'thành công']
2025-12-19 08:59:23 | DEBUG    | log:152 | [get_keyword_boost] Query: 'Tìm các giao dịch có trạng thá...' | Doc: Tra cứu giao dịch th | Boost: 0.25 | Matched: ['giao dịch']
2025-12-19 08:59:23 | DEBUG    | log:152 | [get_keyword_boost] Query: 'Tìm các giao dịch có trạng thá...' | Doc: Tra cứu chi tiết một | Boost: 0.25 | Matched: ['trạng thái']
2025-12-19 08:59:23 | DEBUG    | log:152 | [classify_query_intent] Classified: 'Tìm các giao dịch có trạng thá...' -> Tra cứu giao dịch theo trạng t (score=3)
2025-12-19 08:59:23 | DEBUG    | log:152 | [normalize_query] 'Xem danh sách giao dịch đang xử lý...' -> 'Xem danh sách giao dịch đang xử lý...'
2025-12-19 08:59:23 | DEBUG    | log:152 | [perform_hybrid_search] query_text: [Xem danh sách giao dịch đang xử lý] - formatted_query: [Xem danh sách giao dịch đang xử lý] - normalized_query: [Xem danh sách giao dịch đang xử lý]
2025-12-19 08:59:23 | DEBUG    | log:152 | [perform_hybrid_search] BM25 raw scores: min=0.1028, max=41.5572
2025-12-19 08:59:23 | DEBUG    | log:152 | [get_keyword_boost] Query: 'Xem danh sách giao dịch đang x...' | Doc: Tra cứu lịch sử giao | Boost: 0.50 | Matched: ['xem', 'danh sách giao dịch']
2025-12-19 08:59:23 | DEBUG    | log:152 | [get_keyword_boost] Query: 'Xem danh sách giao dịch đang x...' | Doc: Tra cứu lịch sử giao | Boost: 0.50 | Matched: ['xem', 'danh sách giao dịch']
2025-12-19 08:59:23 | DEBUG    | log:152 | [get_keyword_boost] Query: 'Xem danh sách giao dịch đang x...' | Doc: Tra cứu lịch sử giao | Boost: 0.25 | Matched: ['xem']
2025-12-19 08:59:23 | DEBUG    | log:152 | [get_keyword_boost] Query: 'Xem danh sách giao dịch đang x...' | Doc: Tra cứu giao dịch th | Boost: 0.25 | Matched: ['giao dịch']
2025-12-19 08:59:23 | DEBUG    | log:152 | [get_keyword_boost] Query: 'Xem danh sách giao dịch đang x...' | Doc: Tra cứu giao dịch th | Boost: 0.50 | Matched: ['giao dịch', 'đang xử lý']
2025-12-19 08:59:23 | DEBUG    | log:152 | [get_keyword_boost] Query: 'Xem danh sách giao dịch đang x...' | Doc: Tra cứu giao dịch th | Boost: 0.25 | Matched: ['giao dịch']
2025-12-19 08:59:23 | DEBUG    | log:152 | [classify_query_intent] Ambiguous: 'Xem danh sách giao dịch đang x...' | Scores: {'Tra cứu lịch sử giao dịch theo số tài khoản': 2, 'Tra cứu lịch sử giao dịch theo khoảng thời gian': 1, 'Tra cứu giao dịch theo số tiền': 1, 'Tra cứu giao dịch theo trạng thái': 2, 'Tra cứu giao dịch theo loại giao dịch': 1}
2025-12-19 08:59:23 | DEBUG    | log:152 | [normalize_query] 'Liệt kê giao dịch có response thành công...' -> 'Liệt kê giao dịch có response thành công...'
2025-12-19 08:59:23 | DEBUG    | log:152 | [perform_hybrid_search] query_text: [Liệt kê giao dịch có response thành công] - formatted_query: [Liệt kê giao dịch có response thành công] - normalized_query: [Liệt kê giao dịch có response thành công]
2025-12-19 08:59:23 | DEBUG    | log:152 | [perform_hybrid_search] BM25 raw scores: min=0.2248, max=44.5557
2025-12-19 08:59:23 | DEBUG    | log:152 | [get_keyword_boost] Query: 'Liệt kê giao dịch có response ...' | Doc: Tra cứu lịch sử giao | Boost: 0.25 | Matched: ['liệt kê']
2025-12-19 08:59:23 | DEBUG    | log:152 | [get_keyword_boost] Query: 'Liệt kê giao dịch có response ...' | Doc: Tra cứu lịch sử giao | Boost: 0.25 | Matched: ['liệt kê']
2025-12-19 08:59:23 | DEBUG    | log:152 | [get_keyword_boost] Query: 'Liệt kê giao dịch có response ...' | Doc: Tra cứu lịch sử giao | Boost: 0.25 | Matched: ['liệt kê']
2025-12-19 08:59:23 | DEBUG    | log:152 | [get_keyword_boost] Query: 'Liệt kê giao dịch có response ...' | Doc: Tra cứu giao dịch th | Boost: 0.25 | Matched: ['giao dịch']
2025-12-19 08:59:23 | DEBUG    | log:152 | [get_keyword_boost] Query: 'Liệt kê giao dịch có response ...' | Doc: Tra cứu giao dịch th | Boost: 0.75 | Matched: ['giao dịch', 'thành công', 'response thành công']
2025-12-19 08:59:23 | DEBUG    | log:152 | [get_keyword_boost] Query: 'Liệt kê giao dịch có response ...' | Doc: Tra cứu giao dịch th | Boost: 0.25 | Matched: ['giao dịch']
2025-12-19 08:59:23 | DEBUG    | log:152 | [classify_query_intent] Classified: 'Liệt kê giao dịch có response ...' -> Tra cứu giao dịch theo trạng t (score=3)
2025-12-19 08:59:23 | DEBUG    | log:152 | [normalize_query] 'Tra cứu các giao dịch đã bị hết thời gia...' -> 'Tra cứu các giao dịch đã bị hết thời gia...'
2025-12-19 08:59:23 | DEBUG    | log:152 | [perform_hybrid_search] query_text: [Tra cứu các giao dịch đã bị hết thời gian] - formatted_query: [Tra cứu các giao dịch đã bị hết thời gian] - normalized_query: [Tra cứu các giao dịch đã bị hết thời gian]
2025-12-19 08:59:23 | DEBUG    | log:152 | [perform_hybrid_search] BM25 raw scores: min=0.9640, max=20.3954
2025-12-19 08:59:23 | DEBUG    | log:152 | [get_keyword_boost] Query: 'Tra cứu các giao dịch đã bị hế...' | Doc: Tra cứu lịch sử giao | Boost: 0.25 | Matched: ['tra cứu']
2025-12-19 08:59:23 | DEBUG    | log:152 | [get_keyword_boost] Query: 'Tra cứu các giao dịch đã bị hế...' | Doc: Tra cứu lịch sử giao | Boost: 0.25 | Matched: ['tra cứu']
2025-12-19 08:59:23 | DEBUG    | log:152 | [get_keyword_boost] Query: 'Tra cứu các giao dịch đã bị hế...' | Doc: Tra cứu lịch sử giao | Boost: 0.25 | Matched: ['tra cứu']
2025-12-19 08:59:23 | DEBUG    | log:152 | [get_keyword_boost] Query: 'Tra cứu các giao dịch đã bị hế...' | Doc: Tra cứu giao dịch th | Boost: 0.25 | Matched: ['giao dịch']
2025-12-19 08:59:23 | DEBUG    | log:152 | [get_keyword_boost] Query: 'Tra cứu các giao dịch đã bị hế...' | Doc: Tra cứu giao dịch th | Boost: 0.50 | Matched: ['giao dịch', 'hết thời gian']
2025-12-19 08:59:23 | DEBUG    | log:152 | [get_keyword_boost] Query: 'Tra cứu các giao dịch đã bị hế...' | Doc: Tra cứu giao dịch th | Boost: 0.25 | Matched: ['giao dịch']
2025-12-19 08:59:23 | DEBUG    | log:152 | [classify_query_intent] Classified: 'Tra cứu các giao dịch đã bị hế...' -> Tra cứu giao dịch theo trạng t (score=2)
2025-12-19 08:59:23 | DEBUG    | log:152 | [normalize_query] 'Cho biết giao dịch nào đang chờ phản hồi...' -> 'Cho biết giao dịch nào đang chờ phản hồi...'
2025-12-19 08:59:23 | DEBUG    | log:152 | [perform_hybrid_search] query_text: [Cho biết giao dịch nào đang chờ phản hồi] - formatted_query: [Cho biết giao dịch nào đang chờ phản hồi] - normalized_query: [Cho biết giao dịch nào đang chờ phản hồi]
2025-12-19 08:59:23 | DEBUG    | log:152 | [perform_hybrid_search] BM25 raw scores: min=0.1028, max=54.1737
2025-12-19 08:59:23 | DEBUG    | log:152 | [get_keyword_boost] Query: 'Cho biết giao dịch nào đang ch...' | Doc: Tra cứu giao dịch th | Boost: 0.25 | Matched: ['giao dịch']
2025-12-19 08:59:23 | DEBUG    | log:152 | [get_keyword_boost] Query: 'Cho biết giao dịch nào đang ch...' | Doc: Tra cứu giao dịch th | Boost: 0.50 | Matched: ['giao dịch', 'chờ phản hồi']
2025-12-19 08:59:23 | DEBUG    | log:152 | [get_keyword_boost] Query: 'Cho biết giao dịch nào đang ch...' | Doc: Tra cứu giao dịch th | Boost: 0.25 | Matched: ['giao dịch']
2025-12-19 08:59:23 | DEBUG    | log:152 | [classify_query_intent] Classified: 'Cho biết giao dịch nào đang ch...' -> Tra cứu giao dịch theo trạng t (score=2)
2025-12-19 08:59:23 | DEBUG    | log:152 | [normalize_query] 'Tìm giao dịch có trạng thái completed...' -> 'Tìm giao dịch có trạng thái completed...'
2025-12-19 08:59:23 | DEBUG    | log:152 | [perform_hybrid_search] query_text: [Tìm giao dịch có trạng thái completed] - formatted_query: [Tìm giao dịch có trạng thái completed] - normalized_query: [Tìm giao dịch có trạng thái completed]
2025-12-19 08:59:24 | DEBUG    | log:152 | [perform_hybrid_search] BM25 raw scores: min=0.7950, max=41.9453
2025-12-19 08:59:24 | DEBUG    | log:152 | [get_keyword_boost] Query: 'Tìm giao dịch có trạng thái co...' | Doc: Tra cứu lịch sử giao | Boost: 0.25 | Matched: ['tìm']
2025-12-19 08:59:24 | DEBUG    | log:152 | [get_keyword_boost] Query: 'Tìm giao dịch có trạng thái co...' | Doc: Tra cứu giao dịch th | Boost: 0.25 | Matched: ['giao dịch']
2025-12-19 08:59:24 | DEBUG    | log:152 | [get_keyword_boost] Query: 'Tìm giao dịch có trạng thái co...' | Doc: Tra cứu giao dịch th | Boost: 0.75 | Matched: ['giao dịch', 'trạng thái', 'completed']
2025-12-19 08:59:24 | DEBUG    | log:152 | [get_keyword_boost] Query: 'Tìm giao dịch có trạng thái co...' | Doc: Tra cứu giao dịch th | Boost: 0.25 | Matched: ['giao dịch']
2025-12-19 08:59:24 | DEBUG    | log:152 | [get_keyword_boost] Query: 'Tìm giao dịch có trạng thái co...' | Doc: Tra cứu chi tiết một | Boost: 0.25 | Matched: ['trạng thái']
2025-12-19 08:59:24 | DEBUG    | log:152 | [classify_query_intent] Classified: 'Tìm giao dịch có trạng thái co...' -> Tra cứu giao dịch theo trạng t (score=3)
2025-12-19 08:59:24 | DEBUG    | log:152 | [normalize_query] 'Xem các giao dịch failed trong tháng này...' -> 'Xem các giao dịch failed trong tháng này...'
2025-12-19 08:59:24 | DEBUG    | log:152 | [perform_hybrid_search] query_text: [Xem các giao dịch failed trong tháng này] - formatted_query: [Xem các giao dịch failed trong tháng này] - normalized_query: [Xem các giao dịch failed trong tháng này]
2025-12-19 08:59:24 | DEBUG    | log:152 | [perform_hybrid_search] BM25 raw scores: min=0.0912, max=21.4419
2025-12-19 08:59:24 | DEBUG    | log:152 | [get_keyword_boost] Query: 'Xem các giao dịch failed trong...' | Doc: Tra cứu lịch sử giao | Boost: 0.25 | Matched: ['xem']
2025-12-19 08:59:24 | DEBUG    | log:152 | [get_keyword_boost] Query: 'Xem các giao dịch failed trong...' | Doc: Tra cứu lịch sử giao | Boost: 0.25 | Matched: ['xem']
2025-12-19 08:59:24 | DEBUG    | log:152 | [get_keyword_boost] Query: 'Xem các giao dịch failed trong...' | Doc: Tra cứu lịch sử giao | Boost: 0.50 | Matched: ['xem', 'trong tháng']
2025-12-19 08:59:24 | DEBUG    | log:152 | [get_keyword_boost] Query: 'Xem các giao dịch failed trong...' | Doc: Tra cứu giao dịch th | Boost: 0.25 | Matched: ['giao dịch']
2025-12-19 08:59:24 | DEBUG    | log:152 | [get_keyword_boost] Query: 'Xem các giao dịch failed trong...' | Doc: Tra cứu giao dịch th | Boost: 0.50 | Matched: ['giao dịch', 'failed']
2025-12-19 08:59:24 | DEBUG    | log:152 | [get_keyword_boost] Query: 'Xem các giao dịch failed trong...' | Doc: Tra cứu giao dịch th | Boost: 0.25 | Matched: ['giao dịch']
2025-12-19 08:59:24 | DEBUG    | log:152 | [classify_query_intent] Ambiguous: 'Xem các giao dịch failed trong...' | Scores: {'Tra cứu lịch sử giao dịch theo số tài khoản': 1, 'Tra cứu lịch sử giao dịch theo khoảng thời gian': 2, 'Tra cứu giao dịch theo số tiền': 1, 'Tra cứu giao dịch theo trạng thái': 2, 'Tra cứu giao dịch theo loại giao dịch': 1}
2025-12-19 08:59:24 | DEBUG    | log:152 | [normalize_query] 'Liệt kê giao dịch có lỗi hệ thống...' -> 'Liệt kê giao dịch có lỗi hệ thống...'
2025-12-19 08:59:24 | DEBUG    | log:152 | [perform_hybrid_search] query_text: [Liệt kê giao dịch có lỗi hệ thống] - formatted_query: [Liệt kê giao dịch có lỗi hệ thống] - normalized_query: [Liệt kê giao dịch có lỗi hệ thống]
2025-12-19 08:59:24 | DEBUG    | log:152 | [perform_hybrid_search] BM25 raw scores: min=1.2701, max=47.5667
2025-12-19 08:59:24 | DEBUG    | log:152 | [get_keyword_boost] Query: 'Liệt kê giao dịch có lỗi hệ th...' | Doc: Tra cứu lịch sử giao | Boost: 0.25 | Matched: ['liệt kê']
2025-12-19 08:59:24 | DEBUG    | log:152 | [get_keyword_boost] Query: 'Liệt kê giao dịch có lỗi hệ th...' | Doc: Tra cứu lịch sử giao | Boost: 0.25 | Matched: ['liệt kê']
2025-12-19 08:59:24 | DEBUG    | log:152 | [get_keyword_boost] Query: 'Liệt kê giao dịch có lỗi hệ th...' | Doc: Tra cứu lịch sử giao | Boost: 0.25 | Matched: ['liệt kê']
2025-12-19 08:59:24 | DEBUG    | log:152 | [get_keyword_boost] Query: 'Liệt kê giao dịch có lỗi hệ th...' | Doc: Tra cứu giao dịch th | Boost: 0.25 | Matched: ['giao dịch']
2025-12-19 08:59:24 | DEBUG    | log:152 | [get_keyword_boost] Query: 'Liệt kê giao dịch có lỗi hệ th...' | Doc: Tra cứu giao dịch th | Boost: 0.75 | Matched: ['giao dịch', 'lỗi', 'lỗi hệ thống']
2025-12-19 08:59:24 | DEBUG    | log:152 | [get_keyword_boost] Query: 'Liệt kê giao dịch có lỗi hệ th...' | Doc: Tra cứu giao dịch th | Boost: 0.25 | Matched: ['giao dịch']
2025-12-19 08:59:24 | DEBUG    | log:152 | [classify_query_intent] Classified: 'Liệt kê giao dịch có lỗi hệ th...' -> Tra cứu giao dịch theo trạng t (score=3)
2025-12-19 08:59:24 | DEBUG    | log:152 | [normalize_query] 'Tra cứu giao dịch đã được xác nhận...' -> 'Tra cứu giao dịch đã được xác nhận...'
2025-12-19 08:59:24 | DEBUG    | log:152 | [perform_hybrid_search] query_text: [Tra cứu giao dịch đã được xác nhận] - formatted_query: [Tra cứu giao dịch đã được xác nhận] - normalized_query: [Tra cứu giao dịch đã được xác nhận]
2025-12-19 08:59:24 | DEBUG    | log:152 | [perform_hybrid_search] BM25 raw scores: min=1.1249, max=16.0282
2025-12-19 08:59:24 | DEBUG    | log:152 | [get_keyword_boost] Query: 'Tra cứu giao dịch đã được xác ...' | Doc: Tra cứu lịch sử giao | Boost: 0.25 | Matched: ['tra cứu']
2025-12-19 08:59:24 | DEBUG    | log:152 | [get_keyword_boost] Query: 'Tra cứu giao dịch đã được xác ...' | Doc: Tra cứu lịch sử giao | Boost: 0.25 | Matched: ['tra cứu']
2025-12-19 08:59:24 | DEBUG    | log:152 | [get_keyword_boost] Query: 'Tra cứu giao dịch đã được xác ...' | Doc: Tra cứu lịch sử giao | Boost: 0.25 | Matched: ['tra cứu']
2025-12-19 08:59:24 | DEBUG    | log:152 | [get_keyword_boost] Query: 'Tra cứu giao dịch đã được xác ...' | Doc: Tra cứu giao dịch th | Boost: 0.25 | Matched: ['giao dịch']
2025-12-19 08:59:24 | DEBUG    | log:152 | [get_keyword_boost] Query: 'Tra cứu giao dịch đã được xác ...' | Doc: Tra cứu giao dịch th | Boost: 0.25 | Matched: ['giao dịch']
2025-12-19 08:59:24 | DEBUG    | log:152 | [get_keyword_boost] Query: 'Tra cứu giao dịch đã được xác ...' | Doc: Tra cứu giao dịch th | Boost: 0.25 | Matched: ['giao dịch']
2025-12-19 08:59:24 | DEBUG    | log:152 | [classify_query_intent] Ambiguous: 'Tra cứu giao dịch đã được xác ...' | Scores: {'Tra cứu lịch sử giao dịch theo số tài khoản': 1, 'Tra cứu lịch sử giao dịch theo khoảng thời gian': 1, 'Tra cứu giao dịch theo số tiền': 1, 'Tra cứu giao dịch theo trạng thái': 1, 'Tra cứu giao dịch theo loại giao dịch': 1}
2025-12-19 08:59:24 | DEBUG    | log:152 | [normalize_query] 'Xem các giao dịch chuyển tiền trong tài ...' -> 'Xem các giao dịch chuyển tiền trong tài ...'
2025-12-19 08:59:24 | DEBUG    | log:152 | [perform_hybrid_search] query_text: [Xem các giao dịch chuyển tiền trong tài khoản] - formatted_query: [Xem các giao dịch chuyển tiền trong tài khoản] - normalized_query: [Xem các giao dịch chuyển tiền trong tài khoản]
2025-12-19 08:59:24 | DEBUG    | log:152 | [perform_hybrid_search] BM25 raw scores: min=0.4112, max=25.8494
2025-12-19 08:59:24 | DEBUG    | log:152 | [get_keyword_boost] Query: 'Xem các giao dịch chuyển tiền ...' | Doc: Tra cứu lịch sử giao | Boost: 0.25 | Matched: ['xem']
2025-12-19 08:59:24 | DEBUG    | log:152 | [get_keyword_boost] Query: 'Xem các giao dịch chuyển tiền ...' | Doc: Tra cứu lịch sử giao | Boost: 0.25 | Matched: ['xem']
2025-12-19 08:59:24 | DEBUG    | log:152 | [get_keyword_boost] Query: 'Xem các giao dịch chuyển tiền ...' | Doc: Tra cứu lịch sử giao | Boost: 0.25 | Matched: ['xem']
2025-12-19 08:59:24 | DEBUG    | log:152 | [get_keyword_boost] Query: 'Xem các giao dịch chuyển tiền ...' | Doc: Tra cứu giao dịch th | Boost: 0.25 | Matched: ['giao dịch']
2025-12-19 08:59:24 | DEBUG    | log:152 | [get_keyword_boost] Query: 'Xem các giao dịch chuyển tiền ...' | Doc: Tra cứu giao dịch th | Boost: 0.25 | Matched: ['giao dịch']
2025-12-19 08:59:24 | DEBUG    | log:152 | [get_keyword_boost] Query: 'Xem các giao dịch chuyển tiền ...' | Doc: Tra cứu giao dịch th | Boost: 0.50 | Matched: ['giao dịch', 'chuyển tiền']
2025-12-19 08:59:24 | DEBUG    | log:152 | [get_keyword_boost] Query: 'Xem các giao dịch chuyển tiền ...' | Doc: Tra cứu giao dịch ch | Boost: 0.25 | Matched: ['giao dịch chuyển tiền']
2025-12-19 08:59:24 | DEBUG    | log:152 | [classify_query_intent] Classified: 'Xem các giao dịch chuyển tiền ...' -> Tra cứu giao dịch theo loại gi (score=2)
2025-12-19 08:59:24 | DEBUG    | log:152 | [normalize_query] 'Cho tôi danh sách giao dịch thanh toán...' -> 'Cho tôi danh sách giao dịch thanh toán...'
2025-12-19 08:59:24 | DEBUG    | log:152 | [perform_hybrid_search] query_text: [Cho tôi danh sách giao dịch thanh toán] - formatted_query: [Cho tôi danh sách giao dịch thanh toán] - normalized_query: [Cho tôi danh sách giao dịch thanh toán]
2025-12-19 08:59:24 | DEBUG    | log:152 | [perform_hybrid_search] BM25 raw scores: min=0.2088, max=21.4402
2025-12-19 08:59:24 | DEBUG    | log:152 | [get_keyword_boost] Query: 'Cho tôi danh sách giao dịch th...' | Doc: Tra cứu lịch sử giao | Boost: 0.25 | Matched: ['danh sách giao dịch']
2025-12-19 08:59:24 | DEBUG    | log:152 | [get_keyword_boost] Query: 'Cho tôi danh sách giao dịch th...' | Doc: Tra cứu lịch sử giao | Boost: 0.25 | Matched: ['danh sách giao dịch']
2025-12-19 08:59:24 | DEBUG    | log:152 | [get_keyword_boost] Query: 'Cho tôi danh sách giao dịch th...' | Doc: Tra cứu giao dịch th | Boost: 0.25 | Matched: ['giao dịch']
2025-12-19 08:59:24 | DEBUG    | log:152 | [get_keyword_boost] Query: 'Cho tôi danh sách giao dịch th...' | Doc: Tra cứu giao dịch th | Boost: 0.25 | Matched: ['giao dịch']
2025-12-19 08:59:24 | DEBUG    | log:152 | [get_keyword_boost] Query: 'Cho tôi danh sách giao dịch th...' | Doc: Tra cứu giao dịch th | Boost: 0.50 | Matched: ['giao dịch', 'thanh toán']
2025-12-19 08:59:24 | DEBUG    | log:152 | [get_keyword_boost] Query: 'Cho tôi danh sách giao dịch th...' | Doc: Tra cứu giao dịch ch | Boost: 0.25 | Matched: ['thanh toán']
2025-12-19 08:59:24 | DEBUG    | log:152 | [classify_query_intent] Classified: 'Cho tôi danh sách giao dịch th...' -> Tra cứu giao dịch theo loại gi (score=2)
2025-12-19 08:59:24 | DEBUG    | log:152 | [normalize_query] 'Tìm các giao dịch rút tiền...' -> 'Tìm các giao dịch rút tiền...'
2025-12-19 08:59:24 | DEBUG    | log:152 | [perform_hybrid_search] query_text: [Tìm các giao dịch rút tiền] - formatted_query: [Tìm các giao dịch rút tiền] - normalized_query: [Tìm các giao dịch rút tiền]
2025-12-19 08:59:24 | DEBUG    | log:152 | [perform_hybrid_search] BM25 raw scores: min=0.1215, max=25.9334
2025-12-19 08:59:24 | DEBUG    | log:152 | [get_keyword_boost] Query: 'Tìm các giao dịch rút tiền...' | Doc: Tra cứu lịch sử giao | Boost: 0.25 | Matched: ['tìm']
2025-12-19 08:59:24 | DEBUG    | log:152 | [get_keyword_boost] Query: 'Tìm các giao dịch rút tiền...' | Doc: Tra cứu giao dịch th | Boost: 0.25 | Matched: ['giao dịch']
2025-12-19 08:59:24 | DEBUG    | log:152 | [get_keyword_boost] Query: 'Tìm các giao dịch rút tiền...' | Doc: Tra cứu giao dịch th | Boost: 0.25 | Matched: ['giao dịch']
2025-12-19 08:59:24 | DEBUG    | log:152 | [get_keyword_boost] Query: 'Tìm các giao dịch rút tiền...' | Doc: Tra cứu giao dịch th | Boost: 0.50 | Matched: ['giao dịch', 'rút tiền']
2025-12-19 08:59:24 | DEBUG    | log:152 | [classify_query_intent] Classified: 'Tìm các giao dịch rút tiền...' -> Tra cứu giao dịch theo loại gi (score=2)
2025-12-19 08:59:24 | DEBUG    | log:152 | [normalize_query] 'Liệt kê giao dịch nạp tiền vào tài khoản...' -> 'Liệt kê giao dịch nạp tiền vào tài khoản...'
2025-12-19 08:59:24 | DEBUG    | log:152 | [perform_hybrid_search] query_text: [Liệt kê giao dịch nạp tiền vào tài khoản] - formatted_query: [Liệt kê giao dịch nạp tiền vào tài khoản] - normalized_query: [Liệt kê giao dịch nạp tiền vào tài khoản]
2025-12-19 08:59:24 | DEBUG    | log:152 | [perform_hybrid_search] BM25 raw scores: min=0.2735, max=41.7279
2025-12-19 08:59:24 | DEBUG    | log:152 | [get_keyword_boost] Query: 'Liệt kê giao dịch nạp tiền vào...' | Doc: Tra cứu lịch sử giao | Boost: 0.25 | Matched: ['liệt kê']
2025-12-19 08:59:24 | DEBUG    | log:152 | [get_keyword_boost] Query: 'Liệt kê giao dịch nạp tiền vào...' | Doc: Tra cứu lịch sử giao | Boost: 0.25 | Matched: ['liệt kê']
2025-12-19 08:59:24 | DEBUG    | log:152 | [get_keyword_boost] Query: 'Liệt kê giao dịch nạp tiền vào...' | Doc: Tra cứu lịch sử giao | Boost: 0.25 | Matched: ['liệt kê']
2025-12-19 08:59:24 | DEBUG    | log:152 | [get_keyword_boost] Query: 'Liệt kê giao dịch nạp tiền vào...' | Doc: Tra cứu giao dịch th | Boost: 0.25 | Matched: ['giao dịch']
2025-12-19 08:59:24 | DEBUG    | log:152 | [get_keyword_boost] Query: 'Liệt kê giao dịch nạp tiền vào...' | Doc: Tra cứu giao dịch th | Boost: 0.25 | Matched: ['giao dịch']
2025-12-19 08:59:24 | DEBUG    | log:152 | [get_keyword_boost] Query: 'Liệt kê giao dịch nạp tiền vào...' | Doc: Tra cứu giao dịch th | Boost: 0.50 | Matched: ['giao dịch', 'nạp tiền']
2025-12-19 08:59:24 | DEBUG    | log:152 | [get_keyword_boost] Query: 'Liệt kê giao dịch nạp tiền vào...' | Doc: Tra cứu giao dịch nh | Boost: 0.25 | Matched: ['tiền vào']
2025-12-19 08:59:24 | DEBUG    | log:152 | [classify_query_intent] Classified: 'Liệt kê giao dịch nạp tiền vào...' -> Tra cứu giao dịch theo loại gi (score=2)
2025-12-19 08:59:24 | DEBUG    | log:152 | [normalize_query] 'Tra cứu các giao dịch chuyển khoản...' -> 'Tra cứu các giao dịch chuyển khoản...'
2025-12-19 08:59:24 | DEBUG    | log:152 | [perform_hybrid_search] query_text: [Tra cứu các giao dịch chuyển khoản] - formatted_query: [Tra cứu các giao dịch chuyển khoản] - normalized_query: [Tra cứu các giao dịch chuyển khoản]
2025-12-19 08:59:24 | DEBUG    | log:152 | [perform_hybrid_search] BM25 raw scores: min=1.2026, max=12.5894
2025-12-19 08:59:24 | DEBUG    | log:152 | [get_keyword_boost] Query: 'Tra cứu các giao dịch chuyển k...' | Doc: Tra cứu lịch sử giao | Boost: 0.25 | Matched: ['tra cứu']
2025-12-19 08:59:24 | DEBUG    | log:152 | [get_keyword_boost] Query: 'Tra cứu các giao dịch chuyển k...' | Doc: Tra cứu lịch sử giao | Boost: 0.25 | Matched: ['tra cứu']
2025-12-19 08:59:24 | DEBUG    | log:152 | [get_keyword_boost] Query: 'Tra cứu các giao dịch chuyển k...' | Doc: Tra cứu lịch sử giao | Boost: 0.25 | Matched: ['tra cứu']
2025-12-19 08:59:24 | DEBUG    | log:152 | [get_keyword_boost] Query: 'Tra cứu các giao dịch chuyển k...' | Doc: Tra cứu giao dịch th | Boost: 0.25 | Matched: ['giao dịch']
2025-12-19 08:59:24 | DEBUG    | log:152 | [get_keyword_boost] Query: 'Tra cứu các giao dịch chuyển k...' | Doc: Tra cứu giao dịch th | Boost: 0.25 | Matched: ['giao dịch']
2025-12-19 08:59:24 | DEBUG    | log:152 | [get_keyword_boost] Query: 'Tra cứu các giao dịch chuyển k...' | Doc: Tra cứu giao dịch th | Boost: 0.50 | Matched: ['giao dịch', 'chuyển khoản']
2025-12-19 08:59:24 | DEBUG    | log:152 | [get_keyword_boost] Query: 'Tra cứu các giao dịch chuyển k...' | Doc: Tra cứu giao dịch ch | Boost: 0.25 | Matched: ['chuyển khoản']
2025-12-19 08:59:24 | DEBUG    | log:152 | [classify_query_intent] Classified: 'Tra cứu các giao dịch chuyển k...' -> Tra cứu giao dịch theo loại gi (score=2)
2025-12-19 08:59:24 | DEBUG    | log:152 | [normalize_query] 'Cho biết các giao dịch mua hàng online...' -> 'Cho biết các giao dịch mua hàng online...'
2025-12-19 08:59:24 | DEBUG    | log:152 | [perform_hybrid_search] query_text: [Cho biết các giao dịch mua hàng online] - formatted_query: [Cho biết các giao dịch mua hàng online] - normalized_query: [Cho biết các giao dịch mua hàng online]
2025-12-19 08:59:24 | DEBUG    | log:152 | [perform_hybrid_search] BM25 raw scores: min=0.1028, max=28.5339
2025-12-19 08:59:24 | DEBUG    | log:152 | [get_keyword_boost] Query: 'Cho biết các giao dịch mua hàn...' | Doc: Tra cứu giao dịch th | Boost: 0.25 | Matched: ['giao dịch']
2025-12-19 08:59:24 | DEBUG    | log:152 | [get_keyword_boost] Query: 'Cho biết các giao dịch mua hàn...' | Doc: Tra cứu giao dịch th | Boost: 0.25 | Matched: ['giao dịch']
2025-12-19 08:59:24 | DEBUG    | log:152 | [get_keyword_boost] Query: 'Cho biết các giao dịch mua hàn...' | Doc: Tra cứu giao dịch th | Boost: 0.50 | Matched: ['giao dịch', 'mua hàng online']
2025-12-19 08:59:24 | DEBUG    | log:152 | [get_keyword_boost] Query: 'Cho biết các giao dịch mua hàn...' | Doc: Tra cứu giao dịch th | Boost: 0.25 | Matched: ['online']
2025-12-19 08:59:24 | DEBUG    | log:152 | [classify_query_intent] Classified: 'Cho biết các giao dịch mua hàn...' -> Tra cứu giao dịch theo loại gi (score=2)
2025-12-19 08:59:24 | DEBUG    | log:152 | [normalize_query] 'Xem giao dịch thanh toán hóa đơn...' -> 'Xem giao dịch thanh toán hóa đơn...'
2025-12-19 08:59:24 | DEBUG    | log:152 | [perform_hybrid_search] query_text: [Xem giao dịch thanh toán hóa đơn] - formatted_query: [Xem giao dịch thanh toán hóa đơn] - normalized_query: [Xem giao dịch thanh toán hóa đơn]
2025-12-19 08:59:24 | DEBUG    | log:152 | [perform_hybrid_search] BM25 raw scores: min=1.1060, max=39.7913
2025-12-19 08:59:24 | DEBUG    | log:152 | [get_keyword_boost] Query: 'Xem giao dịch thanh toán hóa đ...' | Doc: Tra cứu lịch sử giao | Boost: 0.25 | Matched: ['xem']
2025-12-19 08:59:24 | DEBUG    | log:152 | [get_keyword_boost] Query: 'Xem giao dịch thanh toán hóa đ...' | Doc: Tra cứu lịch sử giao | Boost: 0.25 | Matched: ['xem']
2025-12-19 08:59:24 | DEBUG    | log:152 | [get_keyword_boost] Query: 'Xem giao dịch thanh toán hóa đ...' | Doc: Tra cứu lịch sử giao | Boost: 0.25 | Matched: ['xem']
2025-12-19 08:59:24 | DEBUG    | log:152 | [get_keyword_boost] Query: 'Xem giao dịch thanh toán hóa đ...' | Doc: Tra cứu giao dịch th | Boost: 0.25 | Matched: ['giao dịch']
2025-12-19 08:59:24 | DEBUG    | log:152 | [get_keyword_boost] Query: 'Xem giao dịch thanh toán hóa đ...' | Doc: Tra cứu giao dịch th | Boost: 0.25 | Matched: ['giao dịch']
2025-12-19 08:59:24 | DEBUG    | log:152 | [get_keyword_boost] Query: 'Xem giao dịch thanh toán hóa đ...' | Doc: Tra cứu giao dịch th | Boost: 0.75 | Matched: ['giao dịch', 'thanh toán', 'thanh toán hóa đơn']
2025-12-19 08:59:24 | DEBUG    | log:152 | [get_keyword_boost] Query: 'Xem giao dịch thanh toán hóa đ...' | Doc: Tra cứu giao dịch ch | Boost: 0.25 | Matched: ['thanh toán']
2025-12-19 08:59:24 | DEBUG    | log:152 | [get_keyword_boost] Query: 'Xem giao dịch thanh toán hóa đ...' | Doc: Tra cứu giao dịch th | Boost: 0.25 | Matched: ['thanh toán hóa đơn']
2025-12-19 08:59:24 | DEBUG    | log:152 | [classify_query_intent] Classified: 'Xem giao dịch thanh toán hóa đ...' -> Tra cứu giao dịch theo loại gi (score=3)
2025-12-19 08:59:24 | DEBUG    | log:152 | [normalize_query] 'Tìm các giao dịch chuyển tiền nội bộ...' -> 'Tìm các giao dịch chuyển tiền nội bộ...'
2025-12-19 08:59:24 | DEBUG    | log:152 | [perform_hybrid_search] query_text: [Tìm các giao dịch chuyển tiền nội bộ] - formatted_query: [Tìm các giao dịch chuyển tiền nội bộ] - normalized_query: [Tìm các giao dịch chuyển tiền nội bộ]
2025-12-19 08:59:24 | DEBUG    | log:152 | [perform_hybrid_search] BM25 raw scores: min=0.2398, max=37.2633
2025-12-19 08:59:24 | DEBUG    | log:152 | [get_keyword_boost] Query: 'Tìm các giao dịch chuyển tiền ...' | Doc: Tra cứu lịch sử giao | Boost: 0.25 | Matched: ['tìm']
2025-12-19 08:59:24 | DEBUG    | log:152 | [get_keyword_boost] Query: 'Tìm các giao dịch chuyển tiền ...' | Doc: Tra cứu giao dịch th | Boost: 0.25 | Matched: ['giao dịch']
2025-12-19 08:59:24 | DEBUG    | log:152 | [get_keyword_boost] Query: 'Tìm các giao dịch chuyển tiền ...' | Doc: Tra cứu giao dịch th | Boost: 0.25 | Matched: ['giao dịch']
2025-12-19 08:59:24 | DEBUG    | log:152 | [get_keyword_boost] Query: 'Tìm các giao dịch chuyển tiền ...' | Doc: Tra cứu giao dịch th | Boost: 0.75 | Matched: ['giao dịch', 'chuyển tiền', 'chuyển tiền nội bộ']
2025-12-19 08:59:24 | DEBUG    | log:152 | [get_keyword_boost] Query: 'Tìm các giao dịch chuyển tiền ...' | Doc: Tra cứu giao dịch ch | Boost: 0.50 | Matched: ['giao dịch chuyển tiền', 'chuyển tiền nội bộ']
2025-12-19 08:59:24 | DEBUG    | log:152 | [classify_query_intent] Classified: 'Tìm các giao dịch chuyển tiền ...' -> Tra cứu giao dịch theo loại gi (score=3)
2025-12-19 08:59:24 | DEBUG    | log:152 | [normalize_query] 'Liệt kê giao dịch chuyển tiền liên ngân ...' -> 'Liệt kê giao dịch chuyển tiền liên ngân ...'
2025-12-19 08:59:24 | DEBUG    | log:152 | [perform_hybrid_search] query_text: [Liệt kê giao dịch chuyển tiền liên ngân hàng] - formatted_query: [Liệt kê giao dịch chuyển tiền liên ngân hàng] - normalized_query: [Liệt kê giao dịch chuyển tiền liên ngân hàng]
2025-12-19 08:59:24 | DEBUG    | log:152 | [perform_hybrid_search] BM25 raw scores: min=0.2398, max=39.7089
2025-12-19 08:59:24 | DEBUG    | log:152 | [get_keyword_boost] Query: 'Liệt kê giao dịch chuyển tiền ...' | Doc: Tra cứu lịch sử giao | Boost: 0.25 | Matched: ['liệt kê']
2025-12-19 08:59:24 | DEBUG    | log:152 | [get_keyword_boost] Query: 'Liệt kê giao dịch chuyển tiền ...' | Doc: Tra cứu lịch sử giao | Boost: 0.25 | Matched: ['liệt kê']
2025-12-19 08:59:24 | DEBUG    | log:152 | [get_keyword_boost] Query: 'Liệt kê giao dịch chuyển tiền ...' | Doc: Tra cứu lịch sử giao | Boost: 0.25 | Matched: ['liệt kê']
2025-12-19 08:59:24 | DEBUG    | log:152 | [get_keyword_boost] Query: 'Liệt kê giao dịch chuyển tiền ...' | Doc: Tra cứu giao dịch th | Boost: 0.25 | Matched: ['giao dịch']
2025-12-19 08:59:24 | DEBUG    | log:152 | [get_keyword_boost] Query: 'Liệt kê giao dịch chuyển tiền ...' | Doc: Tra cứu giao dịch th | Boost: 0.25 | Matched: ['giao dịch']
2025-12-19 08:59:24 | DEBUG    | log:152 | [get_keyword_boost] Query: 'Liệt kê giao dịch chuyển tiền ...' | Doc: Tra cứu giao dịch th | Boost: 0.75 | Matched: ['giao dịch', 'chuyển tiền', 'chuyển tiền liên ngân hàng']
2025-12-19 08:59:24 | DEBUG    | log:152 | [get_keyword_boost] Query: 'Liệt kê giao dịch chuyển tiền ...' | Doc: Tra cứu giao dịch ch | Boost: 0.25 | Matched: ['giao dịch chuyển tiền']
2025-12-19 08:59:24 | DEBUG    | log:152 | [classify_query_intent] Classified: 'Liệt kê giao dịch chuyển tiền ...' -> Tra cứu giao dịch theo loại gi (score=3)
2025-12-19 08:59:24 | DEBUG    | log:152 | [normalize_query] 'Tra cứu giao dịch thanh toán QR Code...' -> 'Tra cứu giao dịch thanh toán qr code...'
2025-12-19 08:59:24 | DEBUG    | log:152 | [perform_hybrid_search] query_text: [Tra cứu giao dịch thanh toán QR Code] - formatted_query: [Tra cứu giao dịch thanh toán qr code] - normalized_query: [Tra cứu giao dịch thanh toán qr code]
2025-12-19 08:59:24 | DEBUG    | log:152 | [perform_hybrid_search] BM25 raw scores: min=2.2112, max=28.5743
2025-12-19 08:59:24 | DEBUG    | log:152 | [get_keyword_boost] Query: 'Tra cứu giao dịch thanh toán q...' | Doc: Tra cứu lịch sử giao | Boost: 0.25 | Matched: ['tra cứu']
2025-12-19 08:59:24 | DEBUG    | log:152 | [get_keyword_boost] Query: 'Tra cứu giao dịch thanh toán q...' | Doc: Tra cứu lịch sử giao | Boost: 0.25 | Matched: ['tra cứu']
2025-12-19 08:59:24 | DEBUG    | log:152 | [get_keyword_boost] Query: 'Tra cứu giao dịch thanh toán q...' | Doc: Tra cứu lịch sử giao | Boost: 0.25 | Matched: ['tra cứu']
2025-12-19 08:59:24 | DEBUG    | log:152 | [get_keyword_boost] Query: 'Tra cứu giao dịch thanh toán q...' | Doc: Tra cứu giao dịch th | Boost: 0.25 | Matched: ['giao dịch']
2025-12-19 08:59:24 | DEBUG    | log:152 | [get_keyword_boost] Query: 'Tra cứu giao dịch thanh toán q...' | Doc: Tra cứu giao dịch th | Boost: 0.25 | Matched: ['giao dịch']
2025-12-19 08:59:24 | DEBUG    | log:152 | [get_keyword_boost] Query: 'Tra cứu giao dịch thanh toán q...' | Doc: Tra cứu giao dịch th | Boost: 0.75 | Matched: ['giao dịch', 'thanh toán', 'qr code']
2025-12-19 08:59:24 | DEBUG    | log:152 | [get_keyword_boost] Query: 'Tra cứu giao dịch thanh toán q...' | Doc: Tra cứu giao dịch ch | Boost: 0.25 | Matched: ['thanh toán']
2025-12-19 08:59:24 | DEBUG    | log:152 | [classify_query_intent] Classified: 'Tra cứu giao dịch thanh toán q...' -> Tra cứu giao dịch theo loại gi (score=3)
2025-12-19 08:59:24 | DEBUG    | log:152 | [normalize_query] 'Cho xem các giao dịch trả góp...' -> 'Cho xem các giao dịch trả góp...'
2025-12-19 08:59:24 | DEBUG    | log:152 | [perform_hybrid_search] query_text: [Cho xem các giao dịch trả góp] - formatted_query: [Cho xem các giao dịch trả góp] - normalized_query: [Cho xem các giao dịch trả góp]
2025-12-19 08:59:24 | DEBUG    | log:152 | [perform_hybrid_search] BM25 raw scores: min=0.2853, max=24.2188
2025-12-19 08:59:24 | DEBUG    | log:152 | [get_keyword_boost] Query: 'Cho xem các giao dịch trả góp...' | Doc: Tra cứu lịch sử giao | Boost: 0.25 | Matched: ['xem']
2025-12-19 08:59:24 | DEBUG    | log:152 | [get_keyword_boost] Query: 'Cho xem các giao dịch trả góp...' | Doc: Tra cứu lịch sử giao | Boost: 0.25 | Matched: ['xem']
2025-12-19 08:59:24 | DEBUG    | log:152 | [get_keyword_boost] Query: 'Cho xem các giao dịch trả góp...' | Doc: Tra cứu lịch sử giao | Boost: 0.25 | Matched: ['xem']
2025-12-19 08:59:24 | DEBUG    | log:152 | [get_keyword_boost] Query: 'Cho xem các giao dịch trả góp...' | Doc: Tra cứu giao dịch th | Boost: 0.25 | Matched: ['giao dịch']
2025-12-19 08:59:24 | DEBUG    | log:152 | [get_keyword_boost] Query: 'Cho xem các giao dịch trả góp...' | Doc: Tra cứu giao dịch th | Boost: 0.25 | Matched: ['giao dịch']
2025-12-19 08:59:24 | DEBUG    | log:152 | [get_keyword_boost] Query: 'Cho xem các giao dịch trả góp...' | Doc: Tra cứu giao dịch th | Boost: 0.50 | Matched: ['giao dịch', 'trả góp']
2025-12-19 08:59:24 | DEBUG    | log:152 | [classify_query_intent] Classified: 'Cho xem các giao dịch trả góp...' -> Tra cứu giao dịch theo loại gi (score=2)
2025-12-19 08:59:24 | DEBUG    | log:152 | [normalize_query] 'Tìm giao dịch mua thẻ điện thoại...' -> 'Tìm giao dịch mua thẻ điện thoại...'
2025-12-19 08:59:24 | DEBUG    | log:152 | [perform_hybrid_search] query_text: [Tìm giao dịch mua thẻ điện thoại] - formatted_query: [Tìm giao dịch mua thẻ điện thoại] - normalized_query: [Tìm giao dịch mua thẻ điện thoại]
2025-12-19 08:59:24 | DEBUG    | log:152 | [perform_hybrid_search] BM25 raw scores: min=0.0912, max=42.7162
2025-12-19 08:59:24 | DEBUG    | log:152 | [get_keyword_boost] Query: 'Tìm giao dịch mua thẻ điện tho...' | Doc: Tra cứu lịch sử giao | Boost: 0.25 | Matched: ['tìm']
2025-12-19 08:59:24 | DEBUG    | log:152 | [get_keyword_boost] Query: 'Tìm giao dịch mua thẻ điện tho...' | Doc: Tra cứu giao dịch th | Boost: 0.25 | Matched: ['giao dịch']
2025-12-19 08:59:24 | DEBUG    | log:152 | [get_keyword_boost] Query: 'Tìm giao dịch mua thẻ điện tho...' | Doc: Tra cứu giao dịch th | Boost: 0.25 | Matched: ['giao dịch']
2025-12-19 08:59:24 | DEBUG    | log:152 | [get_keyword_boost] Query: 'Tìm giao dịch mua thẻ điện tho...' | Doc: Tra cứu giao dịch th | Boost: 0.50 | Matched: ['giao dịch', 'mua thẻ điện thoại']
2025-12-19 08:59:24 | DEBUG    | log:152 | [classify_query_intent] Classified: 'Tìm giao dịch mua thẻ điện tho...' -> Tra cứu giao dịch theo loại gi (score=2)
2025-12-19 08:59:24 | DEBUG    | log:152 | [normalize_query] 'Xem danh sách giao dịch nạp tiền điện th...' -> 'Xem danh sách giao dịch nạp tiền điện th...'
2025-12-19 08:59:24 | DEBUG    | log:152 | [perform_hybrid_search] query_text: [Xem danh sách giao dịch nạp tiền điện thoại] - formatted_query: [Xem danh sách giao dịch nạp tiền điện thoại] - normalized_query: [Xem danh sách giao dịch nạp tiền điện thoại]
2025-12-19 08:59:24 | DEBUG    | log:152 | [perform_hybrid_search] BM25 raw scores: min=0.1215, max=46.1124
2025-12-19 08:59:24 | DEBUG    | log:152 | [get_keyword_boost] Query: 'Xem danh sách giao dịch nạp ti...' | Doc: Tra cứu lịch sử giao | Boost: 0.50 | Matched: ['xem', 'danh sách giao dịch']
2025-12-19 08:59:24 | DEBUG    | log:152 | [get_keyword_boost] Query: 'Xem danh sách giao dịch nạp ti...' | Doc: Tra cứu lịch sử giao | Boost: 0.50 | Matched: ['xem', 'danh sách giao dịch']
2025-12-19 08:59:24 | DEBUG    | log:152 | [get_keyword_boost] Query: 'Xem danh sách giao dịch nạp ti...' | Doc: Tra cứu lịch sử giao | Boost: 0.25 | Matched: ['xem']
2025-12-19 08:59:24 | DEBUG    | log:152 | [get_keyword_boost] Query: 'Xem danh sách giao dịch nạp ti...' | Doc: Tra cứu giao dịch th | Boost: 0.25 | Matched: ['giao dịch']
2025-12-19 08:59:24 | DEBUG    | log:152 | [get_keyword_boost] Query: 'Xem danh sách giao dịch nạp ti...' | Doc: Tra cứu giao dịch th | Boost: 0.25 | Matched: ['giao dịch']
2025-12-19 08:59:24 | DEBUG    | log:152 | [get_keyword_boost] Query: 'Xem danh sách giao dịch nạp ti...' | Doc: Tra cứu giao dịch th | Boost: 0.75 | Matched: ['giao dịch', 'nạp tiền', 'nạp tiền điện thoại']
2025-12-19 08:59:24 | DEBUG    | log:152 | [get_keyword_boost] Query: 'Xem danh sách giao dịch nạp ti...' | Doc: Tra cứu giao dịch th | Boost: 0.50 | Matched: ['tiền điện', 'tiền điện thoại']
2025-12-19 08:59:24 | DEBUG    | log:152 | [classify_query_intent] Classified: 'Xem danh sách giao dịch nạp ti...' -> Tra cứu giao dịch theo loại gi (score=3)
2025-12-19 08:59:24 | DEBUG    | log:152 | [normalize_query] 'Liệt kê các giao dịch thanh toán tiền đi...' -> 'Liệt kê các giao dịch thanh toán tiền đi...'
2025-12-19 08:59:24 | DEBUG    | log:152 | [perform_hybrid_search] query_text: [Liệt kê các giao dịch thanh toán tiền điện] - formatted_query: [Liệt kê các giao dịch thanh toán tiền điện] - normalized_query: [Liệt kê các giao dịch thanh toán tiền điện]
2025-12-19 08:59:24 | DEBUG    | log:152 | [perform_hybrid_search] BM25 raw scores: min=0.2431, max=42.3009
2025-12-19 08:59:24 | DEBUG    | log:152 | [get_keyword_boost] Query: 'Liệt kê các giao dịch thanh to...' | Doc: Tra cứu lịch sử giao | Boost: 0.25 | Matched: ['liệt kê']
2025-12-19 08:59:24 | DEBUG    | log:152 | [get_keyword_boost] Query: 'Liệt kê các giao dịch thanh to...' | Doc: Tra cứu lịch sử giao | Boost: 0.25 | Matched: ['liệt kê']
2025-12-19 08:59:24 | DEBUG    | log:152 | [get_keyword_boost] Query: 'Liệt kê các giao dịch thanh to...' | Doc: Tra cứu lịch sử giao | Boost: 0.25 | Matched: ['liệt kê']
2025-12-19 08:59:24 | DEBUG    | log:152 | [get_keyword_boost] Query: 'Liệt kê các giao dịch thanh to...' | Doc: Tra cứu giao dịch th | Boost: 0.25 | Matched: ['giao dịch']
2025-12-19 08:59:24 | DEBUG    | log:152 | [get_keyword_boost] Query: 'Liệt kê các giao dịch thanh to...' | Doc: Tra cứu giao dịch th | Boost: 0.25 | Matched: ['giao dịch']
2025-12-19 08:59:24 | DEBUG    | log:152 | [get_keyword_boost] Query: 'Liệt kê các giao dịch thanh to...' | Doc: Tra cứu giao dịch th | Boost: 0.75 | Matched: ['giao dịch', 'thanh toán', 'thanh toán tiền điện']
2025-12-19 08:59:24 | DEBUG    | log:152 | [get_keyword_boost] Query: 'Liệt kê các giao dịch thanh to...' | Doc: Tra cứu giao dịch ch | Boost: 0.25 | Matched: ['thanh toán']
2025-12-19 08:59:24 | DEBUG    | log:152 | [get_keyword_boost] Query: 'Liệt kê các giao dịch thanh to...' | Doc: Tra cứu giao dịch th | Boost: 0.25 | Matched: ['tiền điện']
2025-12-19 08:59:24 | DEBUG    | log:152 | [classify_query_intent] Classified: 'Liệt kê các giao dịch thanh to...' -> Tra cứu giao dịch theo loại gi (score=3)
2025-12-19 08:59:24 | DEBUG    | log:152 | [normalize_query] 'Tra cứu giao dịch đóng phí bảo hiểm...' -> 'Tra cứu giao dịch đóng phí bảo hiểm...'
2025-12-19 08:59:24 | DEBUG    | log:152 | [perform_hybrid_search] query_text: [Tra cứu giao dịch đóng phí bảo hiểm] - formatted_query: [Tra cứu giao dịch đóng phí bảo hiểm] - normalized_query: [Tra cứu giao dịch đóng phí bảo hiểm]
2025-12-19 08:59:24 | DEBUG    | log:152 | [perform_hybrid_search] BM25 raw scores: min=1.1685, max=33.8763
2025-12-19 08:59:24 | DEBUG    | log:152 | [get_keyword_boost] Query: 'Tra cứu giao dịch đóng phí bảo...' | Doc: Tra cứu lịch sử giao | Boost: 0.25 | Matched: ['tra cứu']
2025-12-19 08:59:24 | DEBUG    | log:152 | [get_keyword_boost] Query: 'Tra cứu giao dịch đóng phí bảo...' | Doc: Tra cứu lịch sử giao | Boost: 0.25 | Matched: ['tra cứu']
2025-12-19 08:59:24 | DEBUG    | log:152 | [get_keyword_boost] Query: 'Tra cứu giao dịch đóng phí bảo...' | Doc: Tra cứu lịch sử giao | Boost: 0.25 | Matched: ['tra cứu']
2025-12-19 08:59:24 | DEBUG    | log:152 | [get_keyword_boost] Query: 'Tra cứu giao dịch đóng phí bảo...' | Doc: Tra cứu giao dịch th | Boost: 0.25 | Matched: ['giao dịch']
2025-12-19 08:59:24 | DEBUG    | log:152 | [get_keyword_boost] Query: 'Tra cứu giao dịch đóng phí bảo...' | Doc: Tra cứu giao dịch th | Boost: 0.25 | Matched: ['giao dịch']
2025-12-19 08:59:24 | DEBUG    | log:152 | [get_keyword_boost] Query: 'Tra cứu giao dịch đóng phí bảo...' | Doc: Tra cứu giao dịch th | Boost: 0.50 | Matched: ['giao dịch', 'phí bảo hiểm']
2025-12-19 08:59:24 | DEBUG    | log:152 | [get_keyword_boost] Query: 'Tra cứu giao dịch đóng phí bảo...' | Doc: Tra cứu giao dịch th | Boost: 0.25 | Matched: ['phí bảo hiểm']
2025-12-19 08:59:24 | DEBUG    | log:152 | [classify_query_intent] Classified: 'Tra cứu giao dịch đóng phí bảo...' -> Tra cứu giao dịch theo loại gi (score=2)
2025-12-19 08:59:24 | DEBUG    | log:152 | [normalize_query] 'Cho biết các giao dịch chuyển tiền quốc ...' -> 'Cho biết các giao dịch chuyển tiền quốc ...'
2025-12-19 08:59:24 | DEBUG    | log:152 | [perform_hybrid_search] query_text: [Cho biết các giao dịch chuyển tiền quốc tế] - formatted_query: [Cho biết các giao dịch chuyển tiền quốc tế] - normalized_query: [Cho biết các giao dịch chuyển tiền quốc tế]
2025-12-19 08:59:24 | DEBUG    | log:152 | [perform_hybrid_search] BM25 raw scores: min=0.5927, max=29.9111
2025-12-19 08:59:24 | DEBUG    | log:152 | [get_keyword_boost] Query: 'Cho biết các giao dịch chuyển ...' | Doc: Tra cứu giao dịch th | Boost: 0.25 | Matched: ['giao dịch']
2025-12-19 08:59:24 | DEBUG    | log:152 | [get_keyword_boost] Query: 'Cho biết các giao dịch chuyển ...' | Doc: Tra cứu giao dịch th | Boost: 0.25 | Matched: ['giao dịch']
2025-12-19 08:59:24 | DEBUG    | log:152 | [get_keyword_boost] Query: 'Cho biết các giao dịch chuyển ...' | Doc: Tra cứu giao dịch th | Boost: 0.75 | Matched: ['giao dịch', 'chuyển tiền', 'chuyển tiền quốc tế']
2025-12-19 08:59:24 | DEBUG    | log:152 | [get_keyword_boost] Query: 'Cho biết các giao dịch chuyển ...' | Doc: Tra cứu giao dịch ch | Boost: 0.25 | Matched: ['giao dịch chuyển tiền']
2025-12-19 08:59:24 | DEBUG    | log:152 | [classify_query_intent] Classified: 'Cho biết các giao dịch chuyển ...' -> Tra cứu giao dịch theo loại gi (score=3)
2025-12-19 08:59:24 | DEBUG    | log:152 | [normalize_query] 'Tìm giao dịch thanh toán thẻ tín dụng...' -> 'Tìm giao dịch thanh toán thẻ tín dụng...'
2025-12-19 08:59:24 | DEBUG    | log:152 | [perform_hybrid_search] query_text: [Tìm giao dịch thanh toán thẻ tín dụng] - formatted_query: [Tìm giao dịch thanh toán thẻ tín dụng] - normalized_query: [Tìm giao dịch thanh toán thẻ tín dụng]
2025-12-19 08:59:24 | DEBUG    | log:152 | [perform_hybrid_search] BM25 raw scores: min=0.2773, max=44.1303
2025-12-19 08:59:24 | DEBUG    | log:152 | [get_keyword_boost] Query: 'Tìm giao dịch thanh toán thẻ t...' | Doc: Tra cứu lịch sử giao | Boost: 0.25 | Matched: ['tìm']
2025-12-19 08:59:24 | DEBUG    | log:152 | [get_keyword_boost] Query: 'Tìm giao dịch thanh toán thẻ t...' | Doc: Tra cứu giao dịch th | Boost: 0.25 | Matched: ['giao dịch']
2025-12-19 08:59:24 | DEBUG    | log:152 | [get_keyword_boost] Query: 'Tìm giao dịch thanh toán thẻ t...' | Doc: Tra cứu giao dịch th | Boost: 0.25 | Matched: ['giao dịch']
2025-12-19 08:59:24 | DEBUG    | log:152 | [get_keyword_boost] Query: 'Tìm giao dịch thanh toán thẻ t...' | Doc: Tra cứu giao dịch th | Boost: 0.75 | Matched: ['giao dịch', 'thanh toán', 'thanh toán thẻ tín dụng']
2025-12-19 08:59:24 | DEBUG    | log:152 | [get_keyword_boost] Query: 'Tìm giao dịch thanh toán thẻ t...' | Doc: Tra cứu giao dịch ch | Boost: 0.25 | Matched: ['thanh toán']
2025-12-19 08:59:24 | DEBUG    | log:152 | [get_keyword_boost] Query: 'Tìm giao dịch thanh toán thẻ t...' | Doc: Tra cứu giao dịch th | Boost: 0.25 | Matched: ['thẻ tín dụng']
2025-12-19 08:59:24 | DEBUG    | log:152 | [classify_query_intent] Classified: 'Tìm giao dịch thanh toán thẻ t...' -> Tra cứu giao dịch theo loại gi (score=3)
2025-12-19 08:59:24 | DEBUG    | log:152 | [normalize_query] 'Xem các giao dịch gửi tiết kiệm...' -> 'Xem các giao dịch gửi tiết kiệm...'
2025-12-19 08:59:24 | DEBUG    | log:152 | [perform_hybrid_search] query_text: [Xem các giao dịch gửi tiết kiệm] - formatted_query: [Xem các giao dịch gửi tiết kiệm] - normalized_query: [Xem các giao dịch gửi tiết kiệm]
2025-12-19 08:59:24 | DEBUG    | log:152 | [perform_hybrid_search] BM25 raw scores: min=1.9812, max=28.7104
2025-12-19 08:59:24 | DEBUG    | log:152 | [get_keyword_boost] Query: 'Xem các giao dịch gửi tiết kiệ...' | Doc: Tra cứu lịch sử giao | Boost: 0.25 | Matched: ['xem']
2025-12-19 08:59:24 | DEBUG    | log:152 | [get_keyword_boost] Query: 'Xem các giao dịch gửi tiết kiệ...' | Doc: Tra cứu lịch sử giao | Boost: 0.25 | Matched: ['xem']
2025-12-19 08:59:24 | DEBUG    | log:152 | [get_keyword_boost] Query: 'Xem các giao dịch gửi tiết kiệ...' | Doc: Tra cứu lịch sử giao | Boost: 0.25 | Matched: ['xem']
2025-12-19 08:59:24 | DEBUG    | log:152 | [get_keyword_boost] Query: 'Xem các giao dịch gửi tiết kiệ...' | Doc: Tra cứu giao dịch th | Boost: 0.25 | Matched: ['giao dịch']
2025-12-19 08:59:24 | DEBUG    | log:152 | [get_keyword_boost] Query: 'Xem các giao dịch gửi tiết kiệ...' | Doc: Tra cứu giao dịch th | Boost: 0.25 | Matched: ['giao dịch']
2025-12-19 08:59:24 | DEBUG    | log:152 | [get_keyword_boost] Query: 'Xem các giao dịch gửi tiết kiệ...' | Doc: Tra cứu giao dịch th | Boost: 0.50 | Matched: ['giao dịch', 'gửi tiết kiệm']
2025-12-19 08:59:24 | DEBUG    | log:152 | [classify_query_intent] Classified: 'Xem các giao dịch gửi tiết kiệ...' -> Tra cứu giao dịch theo loại gi (score=2)
2025-12-19 08:59:24 | DEBUG    | log:152 | [normalize_query] 'Liệt kê giao dịch rút tiết kiệm...' -> 'Liệt kê giao dịch rút tiết kiệm...'
2025-12-19 08:59:24 | DEBUG    | log:152 | [perform_hybrid_search] query_text: [Liệt kê giao dịch rút tiết kiệm] - formatted_query: [Liệt kê giao dịch rút tiết kiệm] - normalized_query: [Liệt kê giao dịch rút tiết kiệm]
2025-12-19 08:59:24 | DEBUG    | log:152 | [perform_hybrid_search] BM25 raw scores: min=0.1028, max=40.2501
2025-12-19 08:59:24 | DEBUG    | log:152 | [get_keyword_boost] Query: 'Liệt kê giao dịch rút tiết kiệ...' | Doc: Tra cứu lịch sử giao | Boost: 0.25 | Matched: ['liệt kê']
2025-12-19 08:59:24 | DEBUG    | log:152 | [get_keyword_boost] Query: 'Liệt kê giao dịch rút tiết kiệ...' | Doc: Tra cứu lịch sử giao | Boost: 0.25 | Matched: ['liệt kê']
2025-12-19 08:59:24 | DEBUG    | log:152 | [get_keyword_boost] Query: 'Liệt kê giao dịch rút tiết kiệ...' | Doc: Tra cứu lịch sử giao | Boost: 0.25 | Matched: ['liệt kê']
2025-12-19 08:59:24 | DEBUG    | log:152 | [get_keyword_boost] Query: 'Liệt kê giao dịch rút tiết kiệ...' | Doc: Tra cứu giao dịch th | Boost: 0.25 | Matched: ['giao dịch']
2025-12-19 08:59:24 | DEBUG    | log:152 | [get_keyword_boost] Query: 'Liệt kê giao dịch rút tiết kiệ...' | Doc: Tra cứu giao dịch th | Boost: 0.25 | Matched: ['giao dịch']
2025-12-19 08:59:24 | DEBUG    | log:152 | [get_keyword_boost] Query: 'Liệt kê giao dịch rút tiết kiệ...' | Doc: Tra cứu giao dịch th | Boost: 0.50 | Matched: ['giao dịch', 'rút tiết kiệm']
2025-12-19 08:59:24 | DEBUG    | log:152 | [classify_query_intent] Classified: 'Liệt kê giao dịch rút tiết kiệ...' -> Tra cứu giao dịch theo loại gi (score=2)
2025-12-19 08:59:24 | DEBUG    | log:152 | [normalize_query] 'Tra cứu các giao dịch vay vốn...' -> 'Tra cứu các giao dịch vay vốn...'
2025-12-19 08:59:24 | DEBUG    | log:152 | [perform_hybrid_search] query_text: [Tra cứu các giao dịch vay vốn] - formatted_query: [Tra cứu các giao dịch vay vốn] - normalized_query: [Tra cứu các giao dịch vay vốn]
2025-12-19 08:59:24 | DEBUG    | log:152 | [perform_hybrid_search] BM25 raw scores: min=0.8993, max=19.3882
2025-12-19 08:59:24 | DEBUG    | log:152 | [get_keyword_boost] Query: 'Tra cứu các giao dịch vay vốn...' | Doc: Tra cứu lịch sử giao | Boost: 0.25 | Matched: ['tra cứu']
2025-12-19 08:59:24 | DEBUG    | log:152 | [get_keyword_boost] Query: 'Tra cứu các giao dịch vay vốn...' | Doc: Tra cứu lịch sử giao | Boost: 0.25 | Matched: ['tra cứu']
2025-12-19 08:59:24 | DEBUG    | log:152 | [get_keyword_boost] Query: 'Tra cứu các giao dịch vay vốn...' | Doc: Tra cứu lịch sử giao | Boost: 0.25 | Matched: ['tra cứu']
2025-12-19 08:59:24 | DEBUG    | log:152 | [get_keyword_boost] Query: 'Tra cứu các giao dịch vay vốn...' | Doc: Tra cứu giao dịch th | Boost: 0.25 | Matched: ['giao dịch']
2025-12-19 08:59:24 | DEBUG    | log:152 | [get_keyword_boost] Query: 'Tra cứu các giao dịch vay vốn...' | Doc: Tra cứu giao dịch th | Boost: 0.25 | Matched: ['giao dịch']
2025-12-19 08:59:24 | DEBUG    | log:152 | [get_keyword_boost] Query: 'Tra cứu các giao dịch vay vốn...' | Doc: Tra cứu giao dịch th | Boost: 0.25 | Matched: ['giao dịch']
2025-12-19 08:59:24 | DEBUG    | log:152 | [classify_query_intent] Ambiguous: 'Tra cứu các giao dịch vay vốn...' | Scores: {'Tra cứu lịch sử giao dịch theo số tài khoản': 1, 'Tra cứu lịch sử giao dịch theo khoảng thời gian': 1, 'Tra cứu giao dịch theo số tiền': 1, 'Tra cứu giao dịch theo trạng thái': 1, 'Tra cứu giao dịch theo loại giao dịch': 1}
2025-12-19 08:59:24 | DEBUG    | log:152 | [normalize_query] 'Tổng số tiền đã giao dịch trong tháng nà...' -> 'Tổng số tiền đã giao dịch trong tháng nà...'
2025-12-19 08:59:24 | DEBUG    | log:152 | [perform_hybrid_search] query_text: [Tổng số tiền đã giao dịch trong tháng này là bao nhiêu?] - formatted_query: [Tổng số tiền đã giao dịch trong tháng này là bao nhiêu] - normalized_query: [Tổng số tiền đã giao dịch trong tháng này là bao nhiêu]
2025-12-19 08:59:24 | DEBUG    | log:152 | [perform_hybrid_search] BM25 raw scores: min=0.3342, max=31.3185
2025-12-19 08:59:24 | DEBUG    | log:152 | [get_keyword_boost] Query: 'Tổng số tiền đã giao dịch tron...' | Doc: Tra cứu lịch sử giao | Boost: 0.25 | Matched: ['trong tháng']
2025-12-19 08:59:24 | DEBUG    | log:152 | [get_keyword_boost] Query: 'Tổng số tiền đã giao dịch tron...' | Doc: Tra cứu giao dịch th | Boost: 0.50 | Matched: ['giao dịch', 'số tiền']
2025-12-19 08:59:24 | DEBUG    | log:152 | [get_keyword_boost] Query: 'Tổng số tiền đã giao dịch tron...' | Doc: Tra cứu giao dịch th | Boost: 0.25 | Matched: ['giao dịch']
2025-12-19 08:59:24 | DEBUG    | log:152 | [get_keyword_boost] Query: 'Tổng số tiền đã giao dịch tron...' | Doc: Tra cứu giao dịch th | Boost: 0.25 | Matched: ['giao dịch']
2025-12-19 08:59:24 | DEBUG    | log:152 | [get_keyword_boost] Query: 'Tổng số tiền đã giao dịch tron...' | Doc: Tổng hợp số tiền gia | Boost: 0.25 | Matched: ['tổng số tiền']
2025-12-19 08:59:24 | DEBUG    | log:152 | [get_keyword_boost] Query: 'Tổng số tiền đã giao dịch tron...' | Doc: Tra cứu chi tiết một | Boost: 0.25 | Matched: ['số tiền']
2025-12-19 08:59:24 | DEBUG    | log:152 | [classify_query_intent] Classified: 'Tổng số tiền đã giao dịch tron...' -> Tra cứu giao dịch theo số tiền (score=2)
2025-12-19 08:59:24 | DEBUG    | log:152 | [normalize_query] 'Cho tôi biết tổng tiền chuyển đi trong t...' -> 'Cho tôi biết tổng tiền chuyển đi trong t...'
2025-12-19 08:59:24 | DEBUG    | log:152 | [perform_hybrid_search] query_text: [Cho tôi biết tổng tiền chuyển đi trong tuần qua] - formatted_query: [Cho tôi biết tổng tiền chuyển đi trong tuần qua] - normalized_query: [Cho tôi biết tổng tiền chuyển đi trong tuần qua]
2025-12-19 08:59:24 | DEBUG    | log:152 | [perform_hybrid_search] BM25 raw scores: min=0.1028, max=37.1406
2025-12-19 08:59:24 | DEBUG    | log:152 | [get_keyword_boost] Query: 'Cho tôi biết tổng tiền chuyển ...' | Doc: Tra cứu lịch sử giao | Boost: 0.25 | Matched: ['trong tuần']
2025-12-19 08:59:24 | DEBUG    | log:152 | [get_keyword_boost] Query: 'Cho tôi biết tổng tiền chuyển ...' | Doc: Tổng hợp số tiền gia | Boost: 0.25 | Matched: ['tổng tiền chuyển đi']
2025-12-19 08:59:24 | DEBUG    | log:152 | [classify_query_intent] Ambiguous: 'Cho tôi biết tổng tiền chuyển ...' | Scores: {'Tra cứu lịch sử giao dịch theo khoảng thời gian': 1, 'Tổng hợp số tiền giao dịch': 1}
2025-12-19 08:59:24 | DEBUG    | log:152 | [normalize_query] 'Tính tổng số tiền nhận được trong tháng ...' -> 'Tính tổng số tiền nhận được trong tháng ...'
2025-12-19 08:59:24 | DEBUG    | log:152 | [perform_hybrid_search] query_text: [Tính tổng số tiền nhận được trong tháng 12] - formatted_query: [Tính tổng số tiền nhận được trong tháng 12] - normalized_query: [Tính tổng số tiền nhận được trong tháng 12]
2025-12-19 08:59:24 | DEBUG    | log:152 | [perform_hybrid_search] BM25 raw scores: min=0.2692, max=35.2940
2025-12-19 08:59:24 | DEBUG    | log:152 | [get_keyword_boost] Query: 'Tính tổng số tiền nhận được tr...' | Doc: Tra cứu lịch sử giao | Boost: 0.25 | Matched: ['trong tháng']
2025-12-19 08:59:24 | DEBUG    | log:152 | [get_keyword_boost] Query: 'Tính tổng số tiền nhận được tr...' | Doc: Tra cứu giao dịch th | Boost: 0.25 | Matched: ['số tiền']
2025-12-19 08:59:24 | DEBUG    | log:152 | [get_keyword_boost] Query: 'Tính tổng số tiền nhận được tr...' | Doc: Tổng hợp số tiền gia | Boost: 0.25 | Matched: ['tổng số tiền']
2025-12-19 08:59:24 | DEBUG    | log:152 | [get_keyword_boost] Query: 'Tính tổng số tiền nhận được tr...' | Doc: Tra cứu chi tiết một | Boost: 0.25 | Matched: ['số tiền']
2025-12-19 08:59:24 | DEBUG    | log:152 | [get_keyword_boost] Query: 'Tính tổng số tiền nhận được tr...' | Doc: Tra cứu giao dịch nh | Boost: 0.25 | Matched: ['tiền nhận được']
2025-12-19 08:59:24 | DEBUG    | log:152 | [classify_query_intent] Ambiguous: 'Tính tổng số tiền nhận được tr...' | Scores: {'Tra cứu lịch sử giao dịch theo khoảng thời gian': 1, 'Tra cứu giao dịch theo số tiền': 1, 'Tổng hợp số tiền giao dịch': 1, 'Tra cứu chi tiết một giao dịch cụ thể': 1, 'Tra cứu giao dịch nhận tiền': 1}
2025-12-19 08:59:24 | DEBUG    | log:152 | [normalize_query] 'Xem tổng giá trị giao dịch của tài khoản...' -> 'Xem tổng giá trị giao dịch của tài khoản...'
2025-12-19 08:59:24 | DEBUG    | log:152 | [perform_hybrid_search] query_text: [Xem tổng giá trị giao dịch của tài khoản] - formatted_query: [Xem tổng giá trị giao dịch của tài khoản] - normalized_query: [Xem tổng giá trị giao dịch của tài khoản]
2025-12-19 08:59:24 | DEBUG    | log:152 | [perform_hybrid_search] BM25 raw scores: min=0.2431, max=46.5134
2025-12-19 08:59:24 | DEBUG    | log:152 | [get_keyword_boost] Query: 'Xem tổng giá trị giao dịch của...' | Doc: Tra cứu lịch sử giao | Boost: 0.25 | Matched: ['xem']
2025-12-19 08:59:24 | DEBUG    | log:152 | [get_keyword_boost] Query: 'Xem tổng giá trị giao dịch của...' | Doc: Tra cứu lịch sử giao | Boost: 0.25 | Matched: ['xem']
2025-12-19 08:59:24 | DEBUG    | log:152 | [get_keyword_boost] Query: 'Xem tổng giá trị giao dịch của...' | Doc: Tra cứu lịch sử giao | Boost: 0.25 | Matched: ['xem']
2025-12-19 08:59:24 | DEBUG    | log:152 | [get_keyword_boost] Query: 'Xem tổng giá trị giao dịch của...' | Doc: Tra cứu giao dịch th | Boost: 0.50 | Matched: ['giao dịch', 'giá trị']
2025-12-19 08:59:24 | DEBUG    | log:152 | [get_keyword_boost] Query: 'Xem tổng giá trị giao dịch của...' | Doc: Tra cứu giao dịch th | Boost: 0.25 | Matched: ['giao dịch']
2025-12-19 08:59:24 | DEBUG    | log:152 | [get_keyword_boost] Query: 'Xem tổng giá trị giao dịch của...' | Doc: Tra cứu giao dịch th | Boost: 0.25 | Matched: ['giao dịch']
2025-12-19 08:59:24 | DEBUG    | log:152 | [get_keyword_boost] Query: 'Xem tổng giá trị giao dịch của...' | Doc: Tổng hợp số tiền gia | Boost: 0.25 | Matched: ['tổng giá trị giao dịch']
2025-12-19 08:59:24 | DEBUG    | log:152 | [classify_query_intent] Classified: 'Xem tổng giá trị giao dịch của...' -> Tra cứu giao dịch theo số tiền (score=2)
2025-12-19 08:59:24 | DEBUG    | log:152 | [normalize_query] 'Tra cứu tổng tiền đã chi tiêu trong quý ...' -> 'Tra cứu tổng tiền đã chi tiêu trong quý ...'
2025-12-19 08:59:24 | DEBUG    | log:152 | [perform_hybrid_search] query_text: [Tra cứu tổng tiền đã chi tiêu trong quý này] - formatted_query: [Tra cứu tổng tiền đã chi tiêu trong quý này] - normalized_query: [Tra cứu tổng tiền đã chi tiêu trong quý này]
2025-12-19 08:59:24 | DEBUG    | log:152 | [perform_hybrid_search] BM25 raw scores: min=0.7645, max=32.0627
2025-12-19 08:59:24 | DEBUG    | log:152 | [get_keyword_boost] Query: 'Tra cứu tổng tiền đã chi tiêu ...' | Doc: Tra cứu lịch sử giao | Boost: 0.25 | Matched: ['tra cứu']
2025-12-19 08:59:24 | DEBUG    | log:152 | [get_keyword_boost] Query: 'Tra cứu tổng tiền đã chi tiêu ...' | Doc: Tra cứu lịch sử giao | Boost: 0.25 | Matched: ['tra cứu']
2025-12-19 08:59:24 | DEBUG    | log:152 | [get_keyword_boost] Query: 'Tra cứu tổng tiền đã chi tiêu ...' | Doc: Tra cứu lịch sử giao | Boost: 0.50 | Matched: ['tra cứu', 'trong quý']
2025-12-19 08:59:24 | DEBUG    | log:152 | [classify_query_intent] Classified: 'Tra cứu tổng tiền đã chi tiêu ...' -> Tra cứu lịch sử giao dịch theo (score=2)
2025-12-19 08:59:24 | DEBUG    | log:152 | [normalize_query] 'Cho biết số tiền trung bình mỗi giao dịc...' -> 'Cho biết số tiền trung bình mỗi giao dịc...'
2025-12-19 08:59:24 | DEBUG    | log:152 | [perform_hybrid_search] query_text: [Cho biết số tiền trung bình mỗi giao dịch] - formatted_query: [Cho biết số tiền trung bình mỗi giao dịch] - normalized_query: [Cho biết số tiền trung bình mỗi giao dịch]
2025-12-19 08:59:24 | DEBUG    | log:152 | [perform_hybrid_search] BM25 raw scores: min=0.2127, max=37.2737
2025-12-19 08:59:24 | DEBUG    | log:152 | [get_keyword_boost] Query: 'Cho biết số tiền trung bình mỗ...' | Doc: Tra cứu giao dịch th | Boost: 0.50 | Matched: ['giao dịch', 'số tiền']
2025-12-19 08:59:24 | DEBUG    | log:152 | [get_keyword_boost] Query: 'Cho biết số tiền trung bình mỗ...' | Doc: Tra cứu giao dịch th | Boost: 0.25 | Matched: ['giao dịch']
2025-12-19 08:59:24 | DEBUG    | log:152 | [get_keyword_boost] Query: 'Cho biết số tiền trung bình mỗ...' | Doc: Tra cứu giao dịch th | Boost: 0.25 | Matched: ['giao dịch']
2025-12-19 08:59:24 | DEBUG    | log:152 | [get_keyword_boost] Query: 'Cho biết số tiền trung bình mỗ...' | Doc: Tổng hợp số tiền gia | Boost: 0.25 | Matched: ['số tiền trung bình']
2025-12-19 08:59:24 | DEBUG    | log:152 | [get_keyword_boost] Query: 'Cho biết số tiền trung bình mỗ...' | Doc: Tra cứu chi tiết một | Boost: 0.25 | Matched: ['số tiền']
2025-12-19 08:59:24 | DEBUG    | log:152 | [classify_query_intent] Classified: 'Cho biết số tiền trung bình mỗ...' -> Tra cứu giao dịch theo số tiền (score=2)
2025-12-19 08:59:24 | DEBUG    | log:152 | [normalize_query] 'Tổng cộng bao nhiêu tiền đã giao dịch hô...' -> 'Tổng cộng bao nhiêu tiền đã giao dịch hô...'
2025-12-19 08:59:24 | DEBUG    | log:152 | [perform_hybrid_search] query_text: [Tổng cộng bao nhiêu tiền đã giao dịch hôm nay?] - formatted_query: [Tổng cộng bao nhiêu tiền đã giao dịch hôm nay] - normalized_query: [Tổng cộng bao nhiêu tiền đã giao dịch hôm nay]
2025-12-19 08:59:24 | DEBUG    | log:152 | [perform_hybrid_search] BM25 raw scores: min=0.2127, max=43.1976
2025-12-19 08:59:24 | DEBUG    | log:152 | [get_keyword_boost] Query: 'Tổng cộng bao nhiêu tiền đã gi...' | Doc: Tra cứu lịch sử giao | Boost: 0.25 | Matched: ['hôm nay']
2025-12-19 08:59:24 | DEBUG    | log:152 | [get_keyword_boost] Query: 'Tổng cộng bao nhiêu tiền đã gi...' | Doc: Tra cứu giao dịch th | Boost: 0.25 | Matched: ['giao dịch']
2025-12-19 08:59:24 | DEBUG    | log:152 | [get_keyword_boost] Query: 'Tổng cộng bao nhiêu tiền đã gi...' | Doc: Tra cứu giao dịch th | Boost: 0.25 | Matched: ['giao dịch']
2025-12-19 08:59:24 | DEBUG    | log:152 | [get_keyword_boost] Query: 'Tổng cộng bao nhiêu tiền đã gi...' | Doc: Tra cứu giao dịch th | Boost: 0.25 | Matched: ['giao dịch']
2025-12-19 08:59:24 | DEBUG    | log:152 | [get_keyword_boost] Query: 'Tổng cộng bao nhiêu tiền đã gi...' | Doc: Tổng hợp số tiền gia | Boost: 0.25 | Matched: ['tổng cộng']
2025-12-19 08:59:24 | DEBUG    | log:152 | [classify_query_intent] Ambiguous: 'Tổng cộng bao nhiêu tiền đã gi...' | Scores: {'Tra cứu lịch sử giao dịch theo khoảng thời gian': 1, 'Tra cứu giao dịch theo số tiền': 1, 'Tra cứu giao dịch theo trạng thái': 1, 'Tra cứu giao dịch theo loại giao dịch': 1, 'Tổng hợp số tiền giao dịch': 1}
2025-12-19 08:59:24 | DEBUG    | log:152 | [normalize_query] 'Xem tổng số tiền chuyển khoản trong năm ...' -> 'Xem tổng số tiền chuyển khoản trong năm ...'
2025-12-19 08:59:24 | DEBUG    | log:152 | [perform_hybrid_search] query_text: [Xem tổng số tiền chuyển khoản trong năm 2024] - formatted_query: [Xem tổng số tiền chuyển khoản trong năm 2024] - normalized_query: [Xem tổng số tiền chuyển khoản trong năm 2024]
2025-12-19 08:59:24 | DEBUG    | log:152 | [perform_hybrid_search] BM25 raw scores: min=0.2741, max=37.0158
2025-12-19 08:59:24 | DEBUG    | log:152 | [get_keyword_boost] Query: 'Xem tổng số tiền chuyển khoản ...' | Doc: Tra cứu lịch sử giao | Boost: 0.25 | Matched: ['xem']
2025-12-19 08:59:24 | DEBUG    | log:152 | [get_keyword_boost] Query: 'Xem tổng số tiền chuyển khoản ...' | Doc: Tra cứu lịch sử giao | Boost: 0.25 | Matched: ['xem']
2025-12-19 08:59:24 | DEBUG    | log:152 | [get_keyword_boost] Query: 'Xem tổng số tiền chuyển khoản ...' | Doc: Tra cứu lịch sử giao | Boost: 0.25 | Matched: ['xem']
2025-12-19 08:59:24 | DEBUG    | log:152 | [get_keyword_boost] Query: 'Xem tổng số tiền chuyển khoản ...' | Doc: Tra cứu giao dịch th | Boost: 0.25 | Matched: ['số tiền']
2025-12-19 08:59:24 | DEBUG    | log:152 | [get_keyword_boost] Query: 'Xem tổng số tiền chuyển khoản ...' | Doc: Tra cứu giao dịch th | Boost: 0.25 | Matched: ['chuyển khoản']
2025-12-19 08:59:24 | DEBUG    | log:152 | [get_keyword_boost] Query: 'Xem tổng số tiền chuyển khoản ...' | Doc: Tổng hợp số tiền gia | Boost: 0.25 | Matched: ['tổng số tiền']
2025-12-19 08:59:24 | DEBUG    | log:152 | [get_keyword_boost] Query: 'Xem tổng số tiền chuyển khoản ...' | Doc: Tra cứu giao dịch ch | Boost: 0.25 | Matched: ['chuyển khoản']
2025-12-19 08:59:24 | DEBUG    | log:152 | [get_keyword_boost] Query: 'Xem tổng số tiền chuyển khoản ...' | Doc: Tra cứu chi tiết một | Boost: 0.25 | Matched: ['số tiền']
2025-12-19 08:59:24 | DEBUG    | log:152 | [classify_query_intent] Ambiguous: 'Xem tổng số tiền chuyển khoản ...' | Scores: {'Tra cứu lịch sử giao dịch theo số tài khoản': 1, 'Tra cứu lịch sử giao dịch theo khoảng thời gian': 1, 'Tra cứu giao dịch theo số tiền': 1, 'Tra cứu giao dịch theo loại giao dịch': 1, 'Tổng hợp số tiền giao dịch': 1, 'Tra cứu giao dịch chuyển tiền': 1, 'Tra cứu chi tiết một giao dịch cụ thể': 1}
2025-12-19 08:59:24 | DEBUG    | log:152 | [normalize_query] 'Tính toán tổng giá trị các giao dịch thà...' -> 'Tính toán tổng giá trị các giao dịch thà...'
2025-12-19 08:59:24 | DEBUG    | log:152 | [perform_hybrid_search] query_text: [Tính toán tổng giá trị các giao dịch thành công] - formatted_query: [Tính toán tổng giá trị các giao dịch thành công] - normalized_query: [Tính toán tổng giá trị các giao dịch thành công]
2025-12-19 08:59:24 | DEBUG    | log:152 | [perform_hybrid_search] BM25 raw scores: min=0.1971, max=54.5270
2025-12-19 08:59:24 | DEBUG    | log:152 | [get_keyword_boost] Query: 'Tính toán tổng giá trị các gia...' | Doc: Tra cứu giao dịch th | Boost: 0.50 | Matched: ['giao dịch', 'giá trị']
2025-12-19 08:59:24 | DEBUG    | log:152 | [get_keyword_boost] Query: 'Tính toán tổng giá trị các gia...' | Doc: Tra cứu giao dịch th | Boost: 0.50 | Matched: ['giao dịch', 'thành công']
2025-12-19 08:59:24 | DEBUG    | log:152 | [get_keyword_boost] Query: 'Tính toán tổng giá trị các gia...' | Doc: Tra cứu giao dịch th | Boost: 0.25 | Matched: ['giao dịch']
2025-12-19 08:59:24 | DEBUG    | log:152 | [get_keyword_boost] Query: 'Tính toán tổng giá trị các gia...' | Doc: Tổng hợp số tiền gia | Boost: 0.25 | Matched: ['tính toán']
2025-12-19 08:59:24 | DEBUG    | log:152 | [classify_query_intent] Ambiguous: 'Tính toán tổng giá trị các gia...' | Scores: {'Tra cứu giao dịch theo số tiền': 2, 'Tra cứu giao dịch theo trạng thái': 2, 'Tra cứu giao dịch theo loại giao dịch': 1, 'Tổng hợp số tiền giao dịch': 1}
2025-12-19 08:59:24 | DEBUG    | log:152 | [normalize_query] 'Cho tôi biết tổng tiền đã thanh toán hóa...' -> 'Cho tôi biết tổng tiền đã thanh toán hóa...'
2025-12-19 08:59:24 | DEBUG    | log:152 | [perform_hybrid_search] query_text: [Cho tôi biết tổng tiền đã thanh toán hóa đơn] - formatted_query: [Cho tôi biết tổng tiền đã thanh toán hóa đơn] - normalized_query: [Cho tôi biết tổng tiền đã thanh toán hóa đơn]
2025-12-19 08:59:24 | DEBUG    | log:152 | [perform_hybrid_search] BM25 raw scores: min=1.0375, max=29.6661
2025-12-19 08:59:24 | DEBUG    | log:152 | [get_keyword_boost] Query: 'Cho tôi biết tổng tiền đã than...' | Doc: Tra cứu giao dịch th | Boost: 0.50 | Matched: ['thanh toán', 'thanh toán hóa đơn']
2025-12-19 08:59:24 | DEBUG    | log:152 | [get_keyword_boost] Query: 'Cho tôi biết tổng tiền đã than...' | Doc: Tra cứu giao dịch ch | Boost: 0.25 | Matched: ['thanh toán']
2025-12-19 08:59:24 | DEBUG    | log:152 | [get_keyword_boost] Query: 'Cho tôi biết tổng tiền đã than...' | Doc: Tra cứu giao dịch th | Boost: 0.25 | Matched: ['thanh toán hóa đơn']
2025-12-19 08:59:24 | DEBUG    | log:152 | [classify_query_intent] Classified: 'Cho tôi biết tổng tiền đã than...' -> Tra cứu giao dịch theo loại gi (score=2)
2025-12-19 08:59:24 | DEBUG    | log:152 | [normalize_query] 'Tổng số tiền giao dịch từ đầu tháng đến ...' -> 'Tổng số tiền giao dịch từ đầu tháng đến ...'
2025-12-19 08:59:24 | DEBUG    | log:152 | [perform_hybrid_search] query_text: [Tổng số tiền giao dịch từ đầu tháng đến nay] - formatted_query: [Tổng số tiền giao dịch từ đầu tháng đến nay] - normalized_query: [Tổng số tiền giao dịch từ đầu tháng đến nay]
2025-12-19 08:59:25 | DEBUG    | log:152 | [perform_hybrid_search] BM25 raw scores: min=0.3038, max=37.8902
2025-12-19 08:59:25 | DEBUG    | log:152 | [get_keyword_boost] Query: 'Tổng số tiền giao dịch từ đầu ...' | Doc: Tra cứu giao dịch th | Boost: 0.50 | Matched: ['giao dịch', 'số tiền']
2025-12-19 08:59:25 | DEBUG    | log:152 | [get_keyword_boost] Query: 'Tổng số tiền giao dịch từ đầu ...' | Doc: Tra cứu giao dịch th | Boost: 0.25 | Matched: ['giao dịch']
2025-12-19 08:59:25 | DEBUG    | log:152 | [get_keyword_boost] Query: 'Tổng số tiền giao dịch từ đầu ...' | Doc: Tra cứu giao dịch th | Boost: 0.25 | Matched: ['giao dịch']
2025-12-19 08:59:25 | DEBUG    | log:152 | [get_keyword_boost] Query: 'Tổng số tiền giao dịch từ đầu ...' | Doc: Tổng hợp số tiền gia | Boost: 0.25 | Matched: ['tổng số tiền']
2025-12-19 08:59:25 | DEBUG    | log:152 | [get_keyword_boost] Query: 'Tổng số tiền giao dịch từ đầu ...' | Doc: Tra cứu chi tiết một | Boost: 0.25 | Matched: ['số tiền']
2025-12-19 08:59:25 | DEBUG    | log:152 | [classify_query_intent] Classified: 'Tổng số tiền giao dịch từ đầu ...' -> Tra cứu giao dịch theo số tiền (score=2)
2025-12-19 08:59:25 | DEBUG    | log:152 | [normalize_query] 'Xem tổng tiền đã nạp vào tài khoản...' -> 'Xem tổng tiền đã nạp vào tài khoản...'
2025-12-19 08:59:25 | DEBUG    | log:152 | [perform_hybrid_search] query_text: [Xem tổng tiền đã nạp vào tài khoản] - formatted_query: [Xem tổng tiền đã nạp vào tài khoản] - normalized_query: [Xem tổng tiền đã nạp vào tài khoản]
2025-12-19 08:59:25 | DEBUG    | log:152 | [perform_hybrid_search] BM25 raw scores: min=0.1823, max=27.3744
2025-12-19 08:59:25 | DEBUG    | log:152 | [get_keyword_boost] Query: 'Xem tổng tiền đã nạp vào tài k...' | Doc: Tra cứu lịch sử giao | Boost: 0.25 | Matched: ['xem']
2025-12-19 08:59:25 | DEBUG    | log:152 | [get_keyword_boost] Query: 'Xem tổng tiền đã nạp vào tài k...' | Doc: Tra cứu lịch sử giao | Boost: 0.25 | Matched: ['xem']
2025-12-19 08:59:25 | DEBUG    | log:152 | [get_keyword_boost] Query: 'Xem tổng tiền đã nạp vào tài k...' | Doc: Tra cứu lịch sử giao | Boost: 0.25 | Matched: ['xem']
2025-12-19 08:59:25 | DEBUG    | log:152 | [classify_query_intent] Ambiguous: 'Xem tổng tiền đã nạp vào tài k...' | Scores: {'Tra cứu lịch sử giao dịch theo số tài khoản': 1, 'Tra cứu lịch sử giao dịch theo khoảng thời gian': 1}
2025-12-19 08:59:25 | DEBUG    | log:152 | [normalize_query] 'Tra cứu tổng số tiền đã rút ra trong thá...' -> 'Tra cứu tổng số tiền đã rút ra trong thá...'
2025-12-19 08:59:25 | DEBUG    | log:152 | [perform_hybrid_search] query_text: [Tra cứu tổng số tiền đã rút ra trong tháng] - formatted_query: [Tra cứu tổng số tiền đã rút ra trong tháng] - normalized_query: [Tra cứu tổng số tiền đã rút ra trong tháng]
2025-12-19 08:59:25 | DEBUG    | log:152 | [perform_hybrid_search] BM25 raw scores: min=0.7691, max=31.2520
2025-12-19 08:59:25 | DEBUG    | log:152 | [get_keyword_boost] Query: 'Tra cứu tổng số tiền đã rút ra...' | Doc: Tra cứu lịch sử giao | Boost: 0.25 | Matched: ['tra cứu']
2025-12-19 08:59:25 | DEBUG    | log:152 | [get_keyword_boost] Query: 'Tra cứu tổng số tiền đã rút ra...' | Doc: Tra cứu lịch sử giao | Boost: 0.25 | Matched: ['tra cứu']
2025-12-19 08:59:25 | DEBUG    | log:152 | [get_keyword_boost] Query: 'Tra cứu tổng số tiền đã rút ra...' | Doc: Tra cứu lịch sử giao | Boost: 0.50 | Matched: ['tra cứu', 'trong tháng']
2025-12-19 08:59:25 | DEBUG    | log:152 | [get_keyword_boost] Query: 'Tra cứu tổng số tiền đã rút ra...' | Doc: Tra cứu giao dịch th | Boost: 0.25 | Matched: ['số tiền']
2025-12-19 08:59:25 | DEBUG    | log:152 | [get_keyword_boost] Query: 'Tra cứu tổng số tiền đã rút ra...' | Doc: Tổng hợp số tiền gia | Boost: 0.25 | Matched: ['tổng số tiền']
2025-12-19 08:59:25 | DEBUG    | log:152 | [get_keyword_boost] Query: 'Tra cứu tổng số tiền đã rút ra...' | Doc: Tra cứu chi tiết một | Boost: 0.25 | Matched: ['số tiền']
2025-12-19 08:59:25 | DEBUG    | log:152 | [classify_query_intent] Classified: 'Tra cứu tổng số tiền đã rút ra...' -> Tra cứu lịch sử giao dịch theo (score=2)
2025-12-19 08:59:25 | DEBUG    | log:152 | [normalize_query] 'Cho biết giao dịch lớn nhất là bao nhiêu...' -> 'Cho biết giao dịch lớn nhất là bao nhiêu...'
2025-12-19 08:59:25 | DEBUG    | log:152 | [perform_hybrid_search] query_text: [Cho biết giao dịch lớn nhất là bao nhiêu tiền] - formatted_query: [Cho biết giao dịch lớn nhất là bao nhiêu tiền] - normalized_query: [Cho biết giao dịch lớn nhất là bao nhiêu tiền]
2025-12-19 08:59:25 | DEBUG    | log:152 | [perform_hybrid_search] BM25 raw scores: min=0.1519, max=43.5213
2025-12-19 08:59:25 | DEBUG    | log:152 | [get_keyword_boost] Query: 'Cho biết giao dịch lớn nhất là...' | Doc: Tra cứu giao dịch th | Boost: 0.25 | Matched: ['giao dịch']
2025-12-19 08:59:25 | DEBUG    | log:152 | [get_keyword_boost] Query: 'Cho biết giao dịch lớn nhất là...' | Doc: Tra cứu giao dịch th | Boost: 0.25 | Matched: ['giao dịch']
2025-12-19 08:59:25 | DEBUG    | log:152 | [get_keyword_boost] Query: 'Cho biết giao dịch lớn nhất là...' | Doc: Tra cứu giao dịch th | Boost: 0.25 | Matched: ['giao dịch']
2025-12-19 08:59:25 | DEBUG    | log:152 | [get_keyword_boost] Query: 'Cho biết giao dịch lớn nhất là...' | Doc: Tổng hợp số tiền gia | Boost: 0.25 | Matched: ['giao dịch lớn nhất']
2025-12-19 08:59:25 | DEBUG    | log:152 | [classify_query_intent] Ambiguous: 'Cho biết giao dịch lớn nhất là...' | Scores: {'Tra cứu giao dịch theo số tiền': 1, 'Tra cứu giao dịch theo trạng thái': 1, 'Tra cứu giao dịch theo loại giao dịch': 1, 'Tổng hợp số tiền giao dịch': 1}
2025-12-19 08:59:25 | DEBUG    | log:152 | [normalize_query] 'Tìm giao dịch có số tiền nhỏ nhất...' -> 'Tìm giao dịch có số tiền nhỏ nhất...'
2025-12-19 08:59:25 | DEBUG    | log:152 | [perform_hybrid_search] query_text: [Tìm giao dịch có số tiền nhỏ nhất] - formatted_query: [Tìm giao dịch có số tiền nhỏ nhất] - normalized_query: [Tìm giao dịch có số tiền nhỏ nhất]
2025-12-19 08:59:25 | DEBUG    | log:152 | [perform_hybrid_search] BM25 raw scores: min=0.2127, max=45.7335
2025-12-19 08:59:25 | DEBUG    | log:152 | [get_keyword_boost] Query: 'Tìm giao dịch có số tiền nhỏ n...' | Doc: Tra cứu lịch sử giao | Boost: 0.25 | Matched: ['tìm']
2025-12-19 08:59:25 | DEBUG    | log:152 | [get_keyword_boost] Query: 'Tìm giao dịch có số tiền nhỏ n...' | Doc: Tra cứu giao dịch th | Boost: 0.50 | Matched: ['giao dịch', 'số tiền']
2025-12-19 08:59:25 | DEBUG    | log:152 | [get_keyword_boost] Query: 'Tìm giao dịch có số tiền nhỏ n...' | Doc: Tra cứu giao dịch th | Boost: 0.25 | Matched: ['giao dịch']
2025-12-19 08:59:25 | DEBUG    | log:152 | [get_keyword_boost] Query: 'Tìm giao dịch có số tiền nhỏ n...' | Doc: Tra cứu giao dịch th | Boost: 0.25 | Matched: ['giao dịch']
2025-12-19 08:59:25 | DEBUG    | log:152 | [get_keyword_boost] Query: 'Tìm giao dịch có số tiền nhỏ n...' | Doc: Tra cứu chi tiết một | Boost: 0.25 | Matched: ['số tiền']
2025-12-19 08:59:25 | DEBUG    | log:152 | [classify_query_intent] Classified: 'Tìm giao dịch có số tiền nhỏ n...' -> Tra cứu giao dịch theo số tiền (score=2)
2025-12-19 08:59:25 | DEBUG    | log:152 | [normalize_query] 'Tổng số lần giao dịch trong 30 ngày qua ...' -> 'Tổng số lần giao dịch trong 30 ngày qua ...'
2025-12-19 08:59:25 | DEBUG    | log:152 | [perform_hybrid_search] query_text: [Tổng số lần giao dịch trong 30 ngày qua là bao nhiêu?] - formatted_query: [Tổng số lần giao dịch trong 30 ngày qua là bao nhiêu] - normalized_query: [Tổng số lần giao dịch trong 30 ngày qua là bao nhiêu]
2025-12-19 08:59:25 | DEBUG    | log:152 | [perform_hybrid_search] BM25 raw scores: min=0.1823, max=54.7956
2025-12-19 08:59:25 | DEBUG    | log:152 | [get_keyword_boost] Query: 'Tổng số lần giao dịch trong 30...' | Doc: Tra cứu giao dịch th | Boost: 0.25 | Matched: ['giao dịch']
2025-12-19 08:59:25 | DEBUG    | log:152 | [get_keyword_boost] Query: 'Tổng số lần giao dịch trong 30...' | Doc: Tra cứu giao dịch th | Boost: 0.25 | Matched: ['giao dịch']
2025-12-19 08:59:25 | DEBUG    | log:152 | [get_keyword_boost] Query: 'Tổng số lần giao dịch trong 30...' | Doc: Tra cứu giao dịch th | Boost: 0.25 | Matched: ['giao dịch']
2025-12-19 08:59:25 | DEBUG    | log:152 | [get_keyword_boost] Query: 'Tổng số lần giao dịch trong 30...' | Doc: Tổng hợp số tiền gia | Boost: 0.25 | Matched: ['tổng số lần giao dịch']
2025-12-19 08:59:25 | DEBUG    | log:152 | [classify_query_intent] Ambiguous: 'Tổng số lần giao dịch trong 30...' | Scores: {'Tra cứu giao dịch theo số tiền': 1, 'Tra cứu giao dịch theo trạng thái': 1, 'Tra cứu giao dịch theo loại giao dịch': 1, 'Tổng hợp số tiền giao dịch': 1}
2025-12-19 08:59:25 | DEBUG    | log:152 | [normalize_query] 'Xem tổng chi tiêu qua thẻ trong tháng nà...' -> 'Xem tổng chi tiêu qua thẻ trong tháng nà...'
2025-12-19 08:59:25 | DEBUG    | log:152 | [perform_hybrid_search] query_text: [Xem tổng chi tiêu qua thẻ trong tháng này] - formatted_query: [Xem tổng chi tiêu qua thẻ trong tháng này] - normalized_query: [Xem tổng chi tiêu qua thẻ trong tháng này]
2025-12-19 08:59:25 | DEBUG    | log:152 | [perform_hybrid_search] BM25 raw scores: min=0.0000, max=38.6538
2025-12-19 08:59:25 | DEBUG    | log:152 | [get_keyword_boost] Query: 'Xem tổng chi tiêu qua thẻ tron...' | Doc: Tra cứu lịch sử giao | Boost: 0.25 | Matched: ['xem']
2025-12-19 08:59:25 | DEBUG    | log:152 | [get_keyword_boost] Query: 'Xem tổng chi tiêu qua thẻ tron...' | Doc: Tra cứu lịch sử giao | Boost: 0.25 | Matched: ['xem']
2025-12-19 08:59:25 | DEBUG    | log:152 | [get_keyword_boost] Query: 'Xem tổng chi tiêu qua thẻ tron...' | Doc: Tra cứu lịch sử giao | Boost: 0.50 | Matched: ['xem', 'trong tháng']
2025-12-19 08:59:25 | DEBUG    | log:152 | [get_keyword_boost] Query: 'Xem tổng chi tiêu qua thẻ tron...' | Doc: Tổng hợp số tiền gia | Boost: 0.25 | Matched: ['tổng chi tiêu']
2025-12-19 08:59:25 | DEBUG    | log:152 | [classify_query_intent] Classified: 'Xem tổng chi tiêu qua thẻ tron...' -> Tra cứu lịch sử giao dịch theo (score=2)
2025-12-19 08:59:25 | DEBUG    | log:152 | [normalize_query] 'Tính tổng tiền đã chuyển cho người khác...' -> 'Tính tổng tiền đã chuyển cho người khác...'
2025-12-19 08:59:25 | DEBUG    | log:152 | [perform_hybrid_search] query_text: [Tính tổng tiền đã chuyển cho người khác] - formatted_query: [Tính tổng tiền đã chuyển cho người khác] - normalized_query: [Tính tổng tiền đã chuyển cho người khác]
2025-12-19 08:59:25 | DEBUG    | log:152 | [perform_hybrid_search] BM25 raw scores: min=0.0753, max=28.8748
2025-12-19 08:59:25 | DEBUG    | log:152 | [classify_query_intent] No keyword matches found in: 'Tính tổng tiền đã chuyển cho người khác'
2025-12-19 08:59:25 | DEBUG    | log:152 | [normalize_query] 'Cho biết trung bình mỗi ngày giao dịch b...' -> 'Cho biết trung bình mỗi ngày giao dịch b...'
2025-12-19 08:59:25 | DEBUG    | log:152 | [perform_hybrid_search] query_text: [Cho biết trung bình mỗi ngày giao dịch bao nhiêu tiền] - formatted_query: [Cho biết trung bình mỗi ngày giao dịch bao nhiêu tiền] - normalized_query: [Cho biết trung bình mỗi ngày giao dịch bao nhiêu tiền]
2025-12-19 08:59:25 | DEBUG    | log:152 | [perform_hybrid_search] BM25 raw scores: min=0.1519, max=56.4347
2025-12-19 08:59:25 | DEBUG    | log:152 | [get_keyword_boost] Query: 'Cho biết trung bình mỗi ngày g...' | Doc: Tra cứu giao dịch th | Boost: 0.25 | Matched: ['giao dịch']
2025-12-19 08:59:25 | DEBUG    | log:152 | [get_keyword_boost] Query: 'Cho biết trung bình mỗi ngày g...' | Doc: Tra cứu giao dịch th | Boost: 0.25 | Matched: ['giao dịch']
2025-12-19 08:59:25 | DEBUG    | log:152 | [get_keyword_boost] Query: 'Cho biết trung bình mỗi ngày g...' | Doc: Tra cứu giao dịch th | Boost: 0.25 | Matched: ['giao dịch']
2025-12-19 08:59:25 | DEBUG    | log:152 | [classify_query_intent] Ambiguous: 'Cho biết trung bình mỗi ngày g...' | Scores: {'Tra cứu giao dịch theo số tiền': 1, 'Tra cứu giao dịch theo trạng thái': 1, 'Tra cứu giao dịch theo loại giao dịch': 1}
2025-12-19 08:59:25 | DEBUG    | log:152 | [normalize_query] 'Tổng hợp các giao dịch theo tháng trong ...' -> 'Tổng hợp các giao dịch theo tháng trong ...'
2025-12-19 08:59:25 | DEBUG    | log:152 | [perform_hybrid_search] query_text: [Tổng hợp các giao dịch theo tháng trong năm] - formatted_query: [Tổng hợp các giao dịch theo tháng trong năm] - normalized_query: [Tổng hợp các giao dịch theo tháng trong năm]
2025-12-19 08:59:25 | DEBUG    | log:152 | [perform_hybrid_search] BM25 raw scores: min=0.1028, max=33.2307
2025-12-19 08:59:25 | DEBUG    | log:152 | [get_keyword_boost] Query: 'Tổng hợp các giao dịch theo th...' | Doc: Tra cứu giao dịch th | Boost: 0.25 | Matched: ['giao dịch']
2025-12-19 08:59:25 | DEBUG    | log:152 | [get_keyword_boost] Query: 'Tổng hợp các giao dịch theo th...' | Doc: Tra cứu giao dịch th | Boost: 0.25 | Matched: ['giao dịch']
2025-12-19 08:59:25 | DEBUG    | log:152 | [get_keyword_boost] Query: 'Tổng hợp các giao dịch theo th...' | Doc: Tra cứu giao dịch th | Boost: 0.25 | Matched: ['giao dịch']
2025-12-19 08:59:25 | DEBUG    | log:152 | [get_keyword_boost] Query: 'Tổng hợp các giao dịch theo th...' | Doc: Thống kê giao dịch t | Boost: 0.25 | Matched: ['tổng hợp']
2025-12-19 08:59:25 | DEBUG    | log:152 | [classify_query_intent] Ambiguous: 'Tổng hợp các giao dịch theo th...' | Scores: {'Tra cứu giao dịch theo số tiền': 1, 'Tra cứu giao dịch theo trạng thái': 1, 'Tra cứu giao dịch theo loại giao dịch': 1, 'Thống kê giao dịch theo nhóm': 1}
2025-12-19 08:59:25 | DEBUG    | log:152 | [normalize_query] 'Xem các giao dịch chuyển tiền đã thực hi...' -> 'Xem các giao dịch chuyển tiền đã thực hi...'
2025-12-19 08:59:25 | DEBUG    | log:152 | [perform_hybrid_search] query_text: [Xem các giao dịch chuyển tiền đã thực hiện] - formatted_query: [Xem các giao dịch chuyển tiền đã thực hiện] - normalized_query: [Xem các giao dịch chuyển tiền đã thực hiện]
2025-12-19 08:59:25 | DEBUG    | log:152 | [perform_hybrid_search] BM25 raw scores: min=0.2741, max=18.8355
2025-12-19 08:59:25 | DEBUG    | log:152 | [get_keyword_boost] Query: 'Xem các giao dịch chuyển tiền ...' | Doc: Tra cứu lịch sử giao | Boost: 0.25 | Matched: ['xem']
2025-12-19 08:59:25 | DEBUG    | log:152 | [get_keyword_boost] Query: 'Xem các giao dịch chuyển tiền ...' | Doc: Tra cứu lịch sử giao | Boost: 0.25 | Matched: ['xem']
2025-12-19 08:59:25 | DEBUG    | log:152 | [get_keyword_boost] Query: 'Xem các giao dịch chuyển tiền ...' | Doc: Tra cứu lịch sử giao | Boost: 0.25 | Matched: ['xem']
2025-12-19 08:59:25 | DEBUG    | log:152 | [get_keyword_boost] Query: 'Xem các giao dịch chuyển tiền ...' | Doc: Tra cứu giao dịch th | Boost: 0.25 | Matched: ['giao dịch']
2025-12-19 08:59:25 | DEBUG    | log:152 | [get_keyword_boost] Query: 'Xem các giao dịch chuyển tiền ...' | Doc: Tra cứu giao dịch th | Boost: 0.25 | Matched: ['giao dịch']
2025-12-19 08:59:25 | DEBUG    | log:152 | [get_keyword_boost] Query: 'Xem các giao dịch chuyển tiền ...' | Doc: Tra cứu giao dịch th | Boost: 0.50 | Matched: ['giao dịch', 'chuyển tiền']
2025-12-19 08:59:25 | DEBUG    | log:152 | [get_keyword_boost] Query: 'Xem các giao dịch chuyển tiền ...' | Doc: Tra cứu giao dịch ch | Boost: 0.50 | Matched: ['giao dịch chuyển tiền', 'đã thực hiện']
2025-12-19 08:59:25 | DEBUG    | log:152 | [classify_query_intent] Ambiguous: 'Xem các giao dịch chuyển tiền ...' | Scores: {'Tra cứu lịch sử giao dịch theo số tài khoản': 1, 'Tra cứu lịch sử giao dịch theo khoảng thời gian': 1, 'Tra cứu giao dịch theo số tiền': 1, 'Tra cứu giao dịch theo trạng thái': 1, 'Tra cứu giao dịch theo loại giao dịch': 2, 'Tra cứu giao dịch chuyển tiền': 2}
2025-12-19 08:59:25 | DEBUG    | log:152 | [normalize_query] 'Cho tôi danh sách các lần chuyển khoản...' -> 'Cho tôi danh sách các lần chuyển khoản...'
2025-12-19 08:59:25 | DEBUG    | log:152 | [perform_hybrid_search] query_text: [Cho tôi danh sách các lần chuyển khoản] - formatted_query: [Cho tôi danh sách các lần chuyển khoản] - normalized_query: [Cho tôi danh sách các lần chuyển khoản]
2025-12-19 08:59:25 | DEBUG    | log:152 | [perform_hybrid_search] BM25 raw scores: min=0.0715, max=13.0749
2025-12-19 08:59:25 | DEBUG    | log:152 | [get_keyword_boost] Query: 'Cho tôi danh sách các lần chuy...' | Doc: Tra cứu giao dịch th | Boost: 0.25 | Matched: ['chuyển khoản']
2025-12-19 08:59:25 | DEBUG    | log:152 | [get_keyword_boost] Query: 'Cho tôi danh sách các lần chuy...' | Doc: Tra cứu giao dịch ch | Boost: 0.25 | Matched: ['chuyển khoản']
2025-12-19 08:59:25 | DEBUG    | log:152 | [classify_query_intent] Ambiguous: 'Cho tôi danh sách các lần chuy...' | Scores: {'Tra cứu giao dịch theo loại giao dịch': 1, 'Tra cứu giao dịch chuyển tiền': 1}
2025-12-19 08:59:25 | DEBUG    | log:152 | [normalize_query] 'Tìm các giao dịch chuyển tiền từ tài kho...' -> 'Tìm các giao dịch chuyển tiền từ tài kho...'
2025-12-19 08:59:25 | DEBUG    | log:152 | [perform_hybrid_search] query_text: [Tìm các giao dịch chuyển tiền từ tài khoản của tôi] - formatted_query: [Tìm các giao dịch chuyển tiền từ tài khoản của tôi] - normalized_query: [Tìm các giao dịch chuyển tiền từ tài khoản của tôi]
2025-12-19 08:59:25 | DEBUG    | log:152 | [perform_hybrid_search] BM25 raw scores: min=2.6180, max=22.1862
2025-12-19 08:59:25 | DEBUG    | log:152 | [get_keyword_boost] Query: 'Tìm các giao dịch chuyển tiền ...' | Doc: Tra cứu lịch sử giao | Boost: 0.25 | Matched: ['tìm']
2025-12-19 08:59:25 | DEBUG    | log:152 | [get_keyword_boost] Query: 'Tìm các giao dịch chuyển tiền ...' | Doc: Tra cứu giao dịch th | Boost: 0.25 | Matched: ['giao dịch']
2025-12-19 08:59:25 | DEBUG    | log:152 | [get_keyword_boost] Query: 'Tìm các giao dịch chuyển tiền ...' | Doc: Tra cứu giao dịch th | Boost: 0.25 | Matched: ['giao dịch']
2025-12-19 08:59:25 | DEBUG    | log:152 | [get_keyword_boost] Query: 'Tìm các giao dịch chuyển tiền ...' | Doc: Tra cứu giao dịch th | Boost: 0.50 | Matched: ['giao dịch', 'chuyển tiền']
2025-12-19 08:59:25 | DEBUG    | log:152 | [get_keyword_boost] Query: 'Tìm các giao dịch chuyển tiền ...' | Doc: Tra cứu giao dịch ch | Boost: 0.25 | Matched: ['giao dịch chuyển tiền']
2025-12-19 08:59:25 | DEBUG    | log:152 | [classify_query_intent] Classified: 'Tìm các giao dịch chuyển tiền ...' -> Tra cứu giao dịch theo loại gi (score=2)
2025-12-19 08:59:25 | DEBUG    | log:152 | [normalize_query] 'Liệt kê giao dịch chuyển tiền nội bộ...' -> 'Liệt kê giao dịch chuyển tiền nội bộ...'
2025-12-19 08:59:25 | DEBUG    | log:152 | [perform_hybrid_search] query_text: [Liệt kê giao dịch chuyển tiền nội bộ] - formatted_query: [Liệt kê giao dịch chuyển tiền nội bộ] - normalized_query: [Liệt kê giao dịch chuyển tiền nội bộ]
2025-12-19 08:59:25 | DEBUG    | log:152 | [perform_hybrid_search] BM25 raw scores: min=0.2398, max=41.3290
2025-12-19 08:59:25 | DEBUG    | log:152 | [get_keyword_boost] Query: 'Liệt kê giao dịch chuyển tiền ...' | Doc: Tra cứu lịch sử giao | Boost: 0.25 | Matched: ['liệt kê']
2025-12-19 08:59:25 | DEBUG    | log:152 | [get_keyword_boost] Query: 'Liệt kê giao dịch chuyển tiền ...' | Doc: Tra cứu lịch sử giao | Boost: 0.25 | Matched: ['liệt kê']
2025-12-19 08:59:25 | DEBUG    | log:152 | [get_keyword_boost] Query: 'Liệt kê giao dịch chuyển tiền ...' | Doc: Tra cứu lịch sử giao | Boost: 0.25 | Matched: ['liệt kê']
2025-12-19 08:59:25 | DEBUG    | log:152 | [get_keyword_boost] Query: 'Liệt kê giao dịch chuyển tiền ...' | Doc: Tra cứu giao dịch th | Boost: 0.25 | Matched: ['giao dịch']
2025-12-19 08:59:25 | DEBUG    | log:152 | [get_keyword_boost] Query: 'Liệt kê giao dịch chuyển tiền ...' | Doc: Tra cứu giao dịch th | Boost: 0.25 | Matched: ['giao dịch']
2025-12-19 08:59:25 | DEBUG    | log:152 | [get_keyword_boost] Query: 'Liệt kê giao dịch chuyển tiền ...' | Doc: Tra cứu giao dịch th | Boost: 0.75 | Matched: ['giao dịch', 'chuyển tiền', 'chuyển tiền nội bộ']
2025-12-19 08:59:25 | DEBUG    | log:152 | [get_keyword_boost] Query: 'Liệt kê giao dịch chuyển tiền ...' | Doc: Tra cứu giao dịch ch | Boost: 0.50 | Matched: ['giao dịch chuyển tiền', 'chuyển tiền nội bộ']
2025-12-19 08:59:25 | DEBUG    | log:152 | [classify_query_intent] Classified: 'Liệt kê giao dịch chuyển tiền ...' -> Tra cứu giao dịch theo loại gi (score=3)
2025-12-19 08:59:25 | DEBUG    | log:152 | [normalize_query] 'Tra cứu lịch sử chuyển khoản liên ngân h...' -> 'Tra cứu lịch sử chuyển khoản liên ngân h...'
2025-12-19 08:59:25 | DEBUG    | log:152 | [perform_hybrid_search] query_text: [Tra cứu lịch sử chuyển khoản liên ngân hàng] - formatted_query: [Tra cứu lịch sử chuyển khoản liên ngân hàng] - normalized_query: [Tra cứu lịch sử chuyển khoản liên ngân hàng]
2025-12-19 08:59:25 | DEBUG    | log:152 | [perform_hybrid_search] BM25 raw scores: min=1.0043, max=16.4376
2025-12-19 08:59:25 | DEBUG    | log:152 | [get_keyword_boost] Query: 'Tra cứu lịch sử chuyển khoản l...' | Doc: Tra cứu lịch sử giao | Boost: 0.25 | Matched: ['tra cứu']
2025-12-19 08:59:25 | DEBUG    | log:152 | [get_keyword_boost] Query: 'Tra cứu lịch sử chuyển khoản l...' | Doc: Tra cứu lịch sử giao | Boost: 0.25 | Matched: ['tra cứu']
2025-12-19 08:59:25 | DEBUG    | log:152 | [get_keyword_boost] Query: 'Tra cứu lịch sử chuyển khoản l...' | Doc: Tra cứu lịch sử giao | Boost: 0.25 | Matched: ['tra cứu']
2025-12-19 08:59:25 | DEBUG    | log:152 | [get_keyword_boost] Query: 'Tra cứu lịch sử chuyển khoản l...' | Doc: Tra cứu giao dịch th | Boost: 0.25 | Matched: ['chuyển khoản']
2025-12-19 08:59:25 | DEBUG    | log:152 | [get_keyword_boost] Query: 'Tra cứu lịch sử chuyển khoản l...' | Doc: Tra cứu giao dịch ch | Boost: 0.50 | Matched: ['chuyển khoản', 'chuyển khoản liên ngân hàng']
2025-12-19 08:59:25 | DEBUG    | log:152 | [classify_query_intent] Classified: 'Tra cứu lịch sử chuyển khoản l...' -> Tra cứu giao dịch chuyển tiền (score=2)
2025-12-19 08:59:25 | DEBUG    | log:152 | [normalize_query] 'Cho biết tôi đã chuyển tiền cho ai trong...' -> 'Cho biết tôi đã chuyển tiền cho ai trong...'
2025-12-19 08:59:25 | DEBUG    | log:152 | [perform_hybrid_search] query_text: [Cho biết tôi đã chuyển tiền cho ai trong tháng này] - formatted_query: [Cho biết tôi đã chuyển tiền cho ai trong tháng này] - normalized_query: [Cho biết tôi đã chuyển tiền cho ai trong tháng này]
2025-12-19 08:59:25 | DEBUG    | log:152 | [perform_hybrid_search] BM25 raw scores: min=2.3371, max=7.6464
2025-12-19 08:59:25 | DEBUG    | log:152 | [get_keyword_boost] Query: 'Cho biết tôi đã chuyển tiền ch...' | Doc: Tra cứu lịch sử giao | Boost: 0.25 | Matched: ['trong tháng']
2025-12-19 08:59:25 | DEBUG    | log:152 | [get_keyword_boost] Query: 'Cho biết tôi đã chuyển tiền ch...' | Doc: Tra cứu giao dịch th | Boost: 0.25 | Matched: ['chuyển tiền']
2025-12-19 08:59:25 | DEBUG    | log:152 | [get_keyword_boost] Query: 'Cho biết tôi đã chuyển tiền ch...' | Doc: Tra cứu giao dịch ch | Boost: 0.25 | Matched: ['chuyển tiền cho ai']
2025-12-19 08:59:25 | DEBUG    | log:152 | [classify_query_intent] Ambiguous: 'Cho biết tôi đã chuyển tiền ch...' | Scores: {'Tra cứu lịch sử giao dịch theo khoảng thời gian': 1, 'Tra cứu giao dịch theo loại giao dịch': 1, 'Tra cứu giao dịch chuyển tiền': 1}
2025-12-19 08:59:25 | DEBUG    | log:152 | [normalize_query] 'Xem các giao dịch chuyển tiền trong tuần...' -> 'Xem các giao dịch chuyển tiền trong tuần...'
2025-12-19 08:59:25 | DEBUG    | log:152 | [perform_hybrid_search] query_text: [Xem các giao dịch chuyển tiền trong tuần qua] - formatted_query: [Xem các giao dịch chuyển tiền trong tuần qua] - normalized_query: [Xem các giao dịch chuyển tiền trong tuần qua]
2025-12-19 08:59:25 | DEBUG    | log:152 | [perform_hybrid_search] BM25 raw scores: min=0.2398, max=18.8152
2025-12-19 08:59:25 | DEBUG    | log:152 | [get_keyword_boost] Query: 'Xem các giao dịch chuyển tiền ...' | Doc: Tra cứu lịch sử giao | Boost: 0.25 | Matched: ['xem']
2025-12-19 08:59:25 | DEBUG    | log:152 | [get_keyword_boost] Query: 'Xem các giao dịch chuyển tiền ...' | Doc: Tra cứu lịch sử giao | Boost: 0.25 | Matched: ['xem']
2025-12-19 08:59:25 | DEBUG    | log:152 | [get_keyword_boost] Query: 'Xem các giao dịch chuyển tiền ...' | Doc: Tra cứu lịch sử giao | Boost: 0.50 | Matched: ['xem', 'trong tuần']
2025-12-19 08:59:25 | DEBUG    | log:152 | [get_keyword_boost] Query: 'Xem các giao dịch chuyển tiền ...' | Doc: Tra cứu giao dịch th | Boost: 0.25 | Matched: ['giao dịch']
2025-12-19 08:59:25 | DEBUG    | log:152 | [get_keyword_boost] Query: 'Xem các giao dịch chuyển tiền ...' | Doc: Tra cứu giao dịch th | Boost: 0.25 | Matched: ['giao dịch']
2025-12-19 08:59:25 | DEBUG    | log:152 | [get_keyword_boost] Query: 'Xem các giao dịch chuyển tiền ...' | Doc: Tra cứu giao dịch th | Boost: 0.50 | Matched: ['giao dịch', 'chuyển tiền']
2025-12-19 08:59:25 | DEBUG    | log:152 | [get_keyword_boost] Query: 'Xem các giao dịch chuyển tiền ...' | Doc: Tra cứu giao dịch ch | Boost: 0.25 | Matched: ['giao dịch chuyển tiền']
2025-12-19 08:59:25 | DEBUG    | log:152 | [classify_query_intent] Ambiguous: 'Xem các giao dịch chuyển tiền ...' | Scores: {'Tra cứu lịch sử giao dịch theo số tài khoản': 1, 'Tra cứu lịch sử giao dịch theo khoảng thời gian': 2, 'Tra cứu giao dịch theo số tiền': 1, 'Tra cứu giao dịch theo trạng thái': 1, 'Tra cứu giao dịch theo loại giao dịch': 2, 'Tra cứu giao dịch chuyển tiền': 1}
2025-12-19 08:59:25 | DEBUG    | log:152 | [normalize_query] 'Tìm giao dịch chuyển tiền cho số tài kho...' -> 'Tìm giao dịch chuyển tiền cho số tài kho...'
2025-12-19 08:59:25 | DEBUG    | log:152 | [perform_hybrid_search] query_text: [Tìm giao dịch chuyển tiền cho số tài khoản 0123456789] - formatted_query: [Tìm giao dịch chuyển tiền cho số tài khoản 0123456789] - normalized_query: [Tìm giao dịch chuyển tiền cho số tài khoản 0123456789]
2025-12-19 08:59:25 | DEBUG    | log:152 | [perform_hybrid_search] BM25 raw scores: min=0.8448, max=22.4425
2025-12-19 08:59:25 | DEBUG    | log:152 | [get_keyword_boost] Query: 'Tìm giao dịch chuyển tiền cho ...' | Doc: Tra cứu lịch sử giao | Boost: 0.25 | Matched: ['số tài khoản']
2025-12-19 08:59:25 | DEBUG    | log:152 | [get_keyword_boost] Query: 'Tìm giao dịch chuyển tiền cho ...' | Doc: Tra cứu lịch sử giao | Boost: 0.25 | Matched: ['số tài khoản']
2025-12-19 08:59:25 | DEBUG    | log:152 | [get_keyword_boost] Query: 'Tìm giao dịch chuyển tiền cho ...' | Doc: Tra cứu lịch sử giao | Boost: 0.25 | Matched: ['tìm']
2025-12-19 08:59:25 | DEBUG    | log:152 | [get_keyword_boost] Query: 'Tìm giao dịch chuyển tiền cho ...' | Doc: Tra cứu giao dịch th | Boost: 0.25 | Matched: ['giao dịch']
2025-12-19 08:59:25 | DEBUG    | log:152 | [get_keyword_boost] Query: 'Tìm giao dịch chuyển tiền cho ...' | Doc: Tra cứu giao dịch th | Boost: 0.25 | Matched: ['giao dịch']
2025-12-19 08:59:25 | DEBUG    | log:152 | [get_keyword_boost] Query: 'Tìm giao dịch chuyển tiền cho ...' | Doc: Tra cứu giao dịch th | Boost: 0.50 | Matched: ['giao dịch', 'chuyển tiền']
2025-12-19 08:59:25 | DEBUG    | log:152 | [get_keyword_boost] Query: 'Tìm giao dịch chuyển tiền cho ...' | Doc: Tra cứu giao dịch ch | Boost: 0.25 | Matched: ['giao dịch chuyển tiền']
2025-12-19 08:59:25 | DEBUG    | log:152 | [classify_query_intent] Classified: 'Tìm giao dịch chuyển tiền cho ...' -> Tra cứu giao dịch theo loại gi (score=2)
2025-12-19 08:59:25 | DEBUG    | log:152 | [normalize_query] 'Liệt kê các lần chuyển khoản trên 10 tri...' -> 'Liệt kê các lần chuyển khoản trên 10 tri...'
2025-12-19 08:59:25 | DEBUG    | log:152 | [perform_hybrid_search] query_text: [Liệt kê các lần chuyển khoản trên 10 triệu đồng] - formatted_query: [Liệt kê các lần chuyển khoản trên 10 triệu đồng] - normalized_query: [Liệt kê các lần chuyển khoản trên 10 triệu đồng]
2025-12-19 08:59:25 | DEBUG    | log:152 | [perform_hybrid_search] BM25 raw scores: min=0.1371, max=32.4449
2025-12-19 08:59:25 | DEBUG    | log:152 | [get_keyword_boost] Query: 'Liệt kê các lần chuyển khoản t...' | Doc: Tra cứu lịch sử giao | Boost: 0.25 | Matched: ['liệt kê']
2025-12-19 08:59:25 | DEBUG    | log:152 | [get_keyword_boost] Query: 'Liệt kê các lần chuyển khoản t...' | Doc: Tra cứu lịch sử giao | Boost: 0.25 | Matched: ['liệt kê']
2025-12-19 08:59:25 | DEBUG    | log:152 | [get_keyword_boost] Query: 'Liệt kê các lần chuyển khoản t...' | Doc: Tra cứu lịch sử giao | Boost: 0.25 | Matched: ['liệt kê']
2025-12-19 08:59:25 | DEBUG    | log:152 | [get_keyword_boost] Query: 'Liệt kê các lần chuyển khoản t...' | Doc: Tra cứu giao dịch th | Boost: 0.25 | Matched: ['trên']
2025-12-19 08:59:25 | DEBUG    | log:152 | [get_keyword_boost] Query: 'Liệt kê các lần chuyển khoản t...' | Doc: Tra cứu giao dịch th | Boost: 0.25 | Matched: ['chuyển khoản']
2025-12-19 08:59:25 | DEBUG    | log:152 | [get_keyword_boost] Query: 'Liệt kê các lần chuyển khoản t...' | Doc: Tra cứu giao dịch ch | Boost: 0.25 | Matched: ['chuyển khoản']
2025-12-19 08:59:25 | DEBUG    | log:152 | [classify_query_intent] Ambiguous: 'Liệt kê các lần chuyển khoản t...' | Scores: {'Tra cứu lịch sử giao dịch theo số tài khoản': 1, 'Tra cứu lịch sử giao dịch theo khoảng thời gian': 1, 'Tra cứu giao dịch theo số tiền': 1, 'Tra cứu giao dịch theo loại giao dịch': 1, 'Tra cứu giao dịch chuyển tiền': 1}
2025-12-19 08:59:25 | DEBUG    | log:152 | [normalize_query] 'Tra cứu giao dịch chuyển tiền cho Nguyễn...' -> 'Tra cứu giao dịch chuyển tiền cho nguyễn...'
2025-12-19 08:59:25 | DEBUG    | log:152 | [perform_hybrid_search] query_text: [Tra cứu giao dịch chuyển tiền cho Nguyễn Văn A] - formatted_query: [Tra cứu giao dịch chuyển tiền cho nguyễn văn a] - normalized_query: [Tra cứu giao dịch chuyển tiền cho nguyễn văn a]
2025-12-19 08:59:25 | DEBUG    | log:152 | [perform_hybrid_search] BM25 raw scores: min=1.0780, max=23.6332
2025-12-19 08:59:25 | DEBUG    | log:152 | [get_keyword_boost] Query: 'Tra cứu giao dịch chuyển tiền ...' | Doc: Tra cứu lịch sử giao | Boost: 0.25 | Matched: ['tra cứu']
2025-12-19 08:59:25 | DEBUG    | log:152 | [get_keyword_boost] Query: 'Tra cứu giao dịch chuyển tiền ...' | Doc: Tra cứu lịch sử giao | Boost: 0.25 | Matched: ['tra cứu']
2025-12-19 08:59:25 | DEBUG    | log:152 | [get_keyword_boost] Query: 'Tra cứu giao dịch chuyển tiền ...' | Doc: Tra cứu lịch sử giao | Boost: 0.25 | Matched: ['tra cứu']
2025-12-19 08:59:25 | DEBUG    | log:152 | [get_keyword_boost] Query: 'Tra cứu giao dịch chuyển tiền ...' | Doc: Tra cứu giao dịch th | Boost: 0.25 | Matched: ['giao dịch']
2025-12-19 08:59:25 | DEBUG    | log:152 | [get_keyword_boost] Query: 'Tra cứu giao dịch chuyển tiền ...' | Doc: Tra cứu giao dịch th | Boost: 0.25 | Matched: ['giao dịch']
2025-12-19 08:59:25 | DEBUG    | log:152 | [get_keyword_boost] Query: 'Tra cứu giao dịch chuyển tiền ...' | Doc: Tra cứu giao dịch th | Boost: 0.50 | Matched: ['giao dịch', 'chuyển tiền']
2025-12-19 08:59:25 | DEBUG    | log:152 | [get_keyword_boost] Query: 'Tra cứu giao dịch chuyển tiền ...' | Doc: Tra cứu giao dịch ch | Boost: 0.25 | Matched: ['giao dịch chuyển tiền']
2025-12-19 08:59:25 | DEBUG    | log:152 | [classify_query_intent] Classified: 'Tra cứu giao dịch chuyển tiền ...' -> Tra cứu giao dịch theo loại gi (score=2)
2025-12-19 08:59:25 | DEBUG    | log:152 | [normalize_query] 'Cho xem những ai đã nhận tiền từ tài kho...' -> 'Cho xem những ai đã nhận tiền từ tài kho...'
2025-12-19 08:59:25 | DEBUG    | log:152 | [perform_hybrid_search] query_text: [Cho xem những ai đã nhận tiền từ tài khoản của tôi] - formatted_query: [Cho xem những ai đã nhận tiền từ tài khoản của tôi] - normalized_query: [Cho xem những ai đã nhận tiền từ tài khoản của tôi]
2025-12-19 08:59:25 | DEBUG    | log:152 | [perform_hybrid_search] BM25 raw scores: min=2.4458, max=8.3187
2025-12-19 08:59:25 | DEBUG    | log:152 | [get_keyword_boost] Query: 'Cho xem những ai đã nhận tiền ...' | Doc: Tra cứu lịch sử giao | Boost: 0.25 | Matched: ['xem']
2025-12-19 08:59:25 | DEBUG    | log:152 | [get_keyword_boost] Query: 'Cho xem những ai đã nhận tiền ...' | Doc: Tra cứu lịch sử giao | Boost: 0.25 | Matched: ['xem']
2025-12-19 08:59:25 | DEBUG    | log:152 | [get_keyword_boost] Query: 'Cho xem những ai đã nhận tiền ...' | Doc: Tra cứu lịch sử giao | Boost: 0.25 | Matched: ['xem']
2025-12-19 08:59:25 | DEBUG    | log:152 | [classify_query_intent] Ambiguous: 'Cho xem những ai đã nhận tiền ...' | Scores: {'Tra cứu lịch sử giao dịch theo số tài khoản': 1, 'Tra cứu lịch sử giao dịch theo khoảng thời gian': 1}
2025-12-19 08:59:25 | DEBUG    | log:152 | [normalize_query] 'Tìm các giao dịch chuyển tiền bị lỗi...' -> 'Tìm các giao dịch chuyển tiền bị lỗi...'
2025-12-19 08:59:25 | DEBUG    | log:152 | [perform_hybrid_search] query_text: [Tìm các giao dịch chuyển tiền bị lỗi] - formatted_query: [Tìm các giao dịch chuyển tiền bị lỗi] - normalized_query: [Tìm các giao dịch chuyển tiền bị lỗi]
2025-12-19 08:59:25 | DEBUG    | log:152 | [perform_hybrid_search] BM25 raw scores: min=1.5350, max=21.9788
2025-12-19 08:59:25 | DEBUG    | log:152 | [get_keyword_boost] Query: 'Tìm các giao dịch chuyển tiền ...' | Doc: Tra cứu lịch sử giao | Boost: 0.25 | Matched: ['tìm']
2025-12-19 08:59:25 | DEBUG    | log:152 | [get_keyword_boost] Query: 'Tìm các giao dịch chuyển tiền ...' | Doc: Tra cứu giao dịch th | Boost: 0.25 | Matched: ['giao dịch']
2025-12-19 08:59:25 | DEBUG    | log:152 | [get_keyword_boost] Query: 'Tìm các giao dịch chuyển tiền ...' | Doc: Tra cứu giao dịch th | Boost: 0.50 | Matched: ['giao dịch', 'lỗi']
2025-12-19 08:59:25 | DEBUG    | log:152 | [get_keyword_boost] Query: 'Tìm các giao dịch chuyển tiền ...' | Doc: Tra cứu giao dịch th | Boost: 0.50 | Matched: ['giao dịch', 'chuyển tiền']
2025-12-19 08:59:25 | DEBUG    | log:152 | [get_keyword_boost] Query: 'Tìm các giao dịch chuyển tiền ...' | Doc: Tra cứu giao dịch ch | Boost: 0.25 | Matched: ['giao dịch chuyển tiền']
2025-12-19 08:59:25 | DEBUG    | log:152 | [classify_query_intent] Ambiguous: 'Tìm các giao dịch chuyển tiền ...' | Scores: {'Tra cứu lịch sử giao dịch theo khoảng thời gian': 1, 'Tra cứu giao dịch theo số tiền': 1, 'Tra cứu giao dịch theo trạng thái': 2, 'Tra cứu giao dịch theo loại giao dịch': 2, 'Tra cứu giao dịch chuyển tiền': 1}
2025-12-19 08:59:25 | DEBUG    | log:152 | [normalize_query] 'Xem danh sách người nhận tiền thường xuy...' -> 'Xem danh sách người nhận tiền thường xuy...'
2025-12-19 08:59:25 | DEBUG    | log:152 | [perform_hybrid_search] query_text: [Xem danh sách người nhận tiền thường xuyên] - formatted_query: [Xem danh sách người nhận tiền thường xuyên] - normalized_query: [Xem danh sách người nhận tiền thường xuyên]
2025-12-19 08:59:25 | DEBUG    | log:152 | [perform_hybrid_search] BM25 raw scores: min=1.7265, max=11.8053
2025-12-19 08:59:25 | DEBUG    | log:152 | [get_keyword_boost] Query: 'Xem danh sách người nhận tiền ...' | Doc: Tra cứu lịch sử giao | Boost: 0.25 | Matched: ['xem']
2025-12-19 08:59:25 | DEBUG    | log:152 | [get_keyword_boost] Query: 'Xem danh sách người nhận tiền ...' | Doc: Tra cứu lịch sử giao | Boost: 0.25 | Matched: ['xem']
2025-12-19 08:59:25 | DEBUG    | log:152 | [get_keyword_boost] Query: 'Xem danh sách người nhận tiền ...' | Doc: Tra cứu lịch sử giao | Boost: 0.25 | Matched: ['xem']
2025-12-19 08:59:25 | DEBUG    | log:152 | [get_keyword_boost] Query: 'Xem danh sách người nhận tiền ...' | Doc: Tra cứu giao dịch ch | Boost: 0.25 | Matched: ['người nhận']
2025-12-19 08:59:25 | DEBUG    | log:152 | [get_keyword_boost] Query: 'Xem danh sách người nhận tiền ...' | Doc: Tra cứu chi tiết một | Boost: 0.25 | Matched: ['người nhận']
2025-12-19 08:59:25 | DEBUG    | log:152 | [get_keyword_boost] Query: 'Xem danh sách người nhận tiền ...' | Doc: Tra cứu giao dịch th | Boost: 0.25 | Matched: ['người nhận']
2025-12-19 08:59:25 | DEBUG    | log:152 | [classify_query_intent] Ambiguous: 'Xem danh sách người nhận tiền ...' | Scores: {'Tra cứu lịch sử giao dịch theo số tài khoản': 1, 'Tra cứu lịch sử giao dịch theo khoảng thời gian': 1, 'Tra cứu giao dịch chuyển tiền': 1, 'Tra cứu chi tiết một giao dịch cụ thể': 1, 'Tra cứu giao dịch theo người nhận': 1}
2025-12-19 08:59:25 | DEBUG    | log:152 | [normalize_query] 'Liệt kê giao dịch chuyển tiền cùng ngân ...' -> 'Liệt kê giao dịch chuyển tiền cùng ngân ...'
2025-12-19 08:59:25 | DEBUG    | log:152 | [perform_hybrid_search] query_text: [Liệt kê giao dịch chuyển tiền cùng ngân hàng] - formatted_query: [Liệt kê giao dịch chuyển tiền cùng ngân hàng] - normalized_query: [Liệt kê giao dịch chuyển tiền cùng ngân hàng]
2025-12-19 08:59:25 | DEBUG    | log:152 | [perform_hybrid_search] BM25 raw scores: min=0.2398, max=29.1753
2025-12-19 08:59:25 | DEBUG    | log:152 | [get_keyword_boost] Query: 'Liệt kê giao dịch chuyển tiền ...' | Doc: Tra cứu lịch sử giao | Boost: 0.25 | Matched: ['liệt kê']
2025-12-19 08:59:25 | DEBUG    | log:152 | [get_keyword_boost] Query: 'Liệt kê giao dịch chuyển tiền ...' | Doc: Tra cứu lịch sử giao | Boost: 0.25 | Matched: ['liệt kê']
2025-12-19 08:59:25 | DEBUG    | log:152 | [get_keyword_boost] Query: 'Liệt kê giao dịch chuyển tiền ...' | Doc: Tra cứu lịch sử giao | Boost: 0.25 | Matched: ['liệt kê']
2025-12-19 08:59:25 | DEBUG    | log:152 | [get_keyword_boost] Query: 'Liệt kê giao dịch chuyển tiền ...' | Doc: Tra cứu giao dịch th | Boost: 0.25 | Matched: ['giao dịch']
2025-12-19 08:59:25 | DEBUG    | log:152 | [get_keyword_boost] Query: 'Liệt kê giao dịch chuyển tiền ...' | Doc: Tra cứu giao dịch th | Boost: 0.25 | Matched: ['giao dịch']
2025-12-19 08:59:25 | DEBUG    | log:152 | [get_keyword_boost] Query: 'Liệt kê giao dịch chuyển tiền ...' | Doc: Tra cứu giao dịch th | Boost: 0.50 | Matched: ['giao dịch', 'chuyển tiền']
2025-12-19 08:59:25 | DEBUG    | log:152 | [get_keyword_boost] Query: 'Liệt kê giao dịch chuyển tiền ...' | Doc: Tra cứu giao dịch ch | Boost: 0.50 | Matched: ['giao dịch chuyển tiền', 'cùng ngân hàng']
2025-12-19 08:59:25 | DEBUG    | log:152 | [classify_query_intent] Ambiguous: 'Liệt kê giao dịch chuyển tiền ...' | Scores: {'Tra cứu lịch sử giao dịch theo số tài khoản': 1, 'Tra cứu lịch sử giao dịch theo khoảng thời gian': 1, 'Tra cứu giao dịch theo số tiền': 1, 'Tra cứu giao dịch theo trạng thái': 1, 'Tra cứu giao dịch theo loại giao dịch': 2, 'Tra cứu giao dịch chuyển tiền': 2}
2025-12-19 08:59:25 | DEBUG    | log:152 | [normalize_query] 'Tra cứu chuyển khoản sang ngân hàng khác...' -> 'Tra cứu chuyển khoản sang ngân hàng khác...'
2025-12-19 08:59:25 | DEBUG    | log:152 | [perform_hybrid_search] query_text: [Tra cứu chuyển khoản sang ngân hàng khác] - formatted_query: [Tra cứu chuyển khoản sang ngân hàng khác] - normalized_query: [Tra cứu chuyển khoản sang ngân hàng khác]
2025-12-19 08:59:25 | DEBUG    | log:152 | [perform_hybrid_search] BM25 raw scores: min=0.8673, max=12.1204
2025-12-19 08:59:25 | DEBUG    | log:152 | [get_keyword_boost] Query: 'Tra cứu chuyển khoản sang ngân...' | Doc: Tra cứu lịch sử giao | Boost: 0.25 | Matched: ['tra cứu']
2025-12-19 08:59:25 | DEBUG    | log:152 | [get_keyword_boost] Query: 'Tra cứu chuyển khoản sang ngân...' | Doc: Tra cứu lịch sử giao | Boost: 0.25 | Matched: ['tra cứu']
2025-12-19 08:59:25 | DEBUG    | log:152 | [get_keyword_boost] Query: 'Tra cứu chuyển khoản sang ngân...' | Doc: Tra cứu lịch sử giao | Boost: 0.25 | Matched: ['tra cứu']
2025-12-19 08:59:25 | DEBUG    | log:152 | [get_keyword_boost] Query: 'Tra cứu chuyển khoản sang ngân...' | Doc: Tra cứu giao dịch th | Boost: 0.25 | Matched: ['chuyển khoản']
2025-12-19 08:59:25 | DEBUG    | log:152 | [get_keyword_boost] Query: 'Tra cứu chuyển khoản sang ngân...' | Doc: Tra cứu giao dịch ch | Boost: 0.50 | Matched: ['chuyển khoản', 'ngân hàng khác']
2025-12-19 08:59:25 | DEBUG    | log:152 | [classify_query_intent] Classified: 'Tra cứu chuyển khoản sang ngân...' -> Tra cứu giao dịch chuyển tiền (score=2)
2025-12-19 08:59:25 | DEBUG    | log:152 | [normalize_query] 'Cho biết phí chuyển tiền của các giao dị...' -> 'Cho biết phí chuyển tiền của các giao dị...'
2025-12-19 08:59:25 | DEBUG    | log:152 | [perform_hybrid_search] query_text: [Cho biết phí chuyển tiền của các giao dịch] - formatted_query: [Cho biết phí chuyển tiền của các giao dịch] - normalized_query: [Cho biết phí chuyển tiền của các giao dịch]
2025-12-19 08:59:25 | DEBUG    | log:152 | [perform_hybrid_search] BM25 raw scores: min=0.3084, max=15.1029
2025-12-19 08:59:25 | DEBUG    | log:152 | [get_keyword_boost] Query: 'Cho biết phí chuyển tiền của c...' | Doc: Tra cứu giao dịch th | Boost: 0.25 | Matched: ['giao dịch']
2025-12-19 08:59:25 | DEBUG    | log:152 | [get_keyword_boost] Query: 'Cho biết phí chuyển tiền của c...' | Doc: Tra cứu giao dịch th | Boost: 0.25 | Matched: ['giao dịch']
2025-12-19 08:59:25 | DEBUG    | log:152 | [get_keyword_boost] Query: 'Cho biết phí chuyển tiền của c...' | Doc: Tra cứu giao dịch th | Boost: 0.50 | Matched: ['giao dịch', 'chuyển tiền']
2025-12-19 08:59:25 | DEBUG    | log:152 | [get_keyword_boost] Query: 'Cho biết phí chuyển tiền của c...' | Doc: Tra cứu giao dịch ch | Boost: 0.25 | Matched: ['phí chuyển tiền']
2025-12-19 08:59:25 | DEBUG    | log:152 | [classify_query_intent] Classified: 'Cho biết phí chuyển tiền của c...' -> Tra cứu giao dịch theo loại gi (score=2)
2025-12-19 08:59:25 | DEBUG    | log:152 | [normalize_query] 'Tìm giao dịch chuyển tiền có nội dung "t...' -> 'Tìm giao dịch chuyển tiền có nội dung "t...'
2025-12-19 08:59:25 | DEBUG    | log:152 | [perform_hybrid_search] query_text: [Tìm giao dịch chuyển tiền có nội dung "thanh toán"] - formatted_query: [Tìm giao dịch chuyển tiền có nội dung "thanh toán"] - normalized_query: [Tìm giao dịch chuyển tiền có nội dung "thanh toán"]
2025-12-19 08:59:25 | DEBUG    | log:152 | [perform_hybrid_search] BM25 raw scores: min=2.2585, max=29.7257
2025-12-19 08:59:25 | DEBUG    | log:152 | [get_keyword_boost] Query: 'Tìm giao dịch chuyển tiền có n...' | Doc: Tra cứu lịch sử giao | Boost: 0.25 | Matched: ['tìm']
2025-12-19 08:59:25 | DEBUG    | log:152 | [get_keyword_boost] Query: 'Tìm giao dịch chuyển tiền có n...' | Doc: Tra cứu giao dịch th | Boost: 0.25 | Matched: ['giao dịch']
2025-12-19 08:59:25 | DEBUG    | log:152 | [get_keyword_boost] Query: 'Tìm giao dịch chuyển tiền có n...' | Doc: Tra cứu giao dịch th | Boost: 0.25 | Matched: ['giao dịch']
2025-12-19 08:59:25 | DEBUG    | log:152 | [get_keyword_boost] Query: 'Tìm giao dịch chuyển tiền có n...' | Doc: Tra cứu giao dịch th | Boost: 0.75 | Matched: ['giao dịch', 'chuyển tiền', 'thanh toán']
2025-12-19 08:59:25 | DEBUG    | log:152 | [get_keyword_boost] Query: 'Tìm giao dịch chuyển tiền có n...' | Doc: Tra cứu giao dịch ch | Boost: 0.75 | Matched: ['giao dịch chuyển tiền', 'nội dung', 'thanh toán']
2025-12-19 08:59:25 | DEBUG    | log:152 | [classify_query_intent] Ambiguous: 'Tìm giao dịch chuyển tiền có n...' | Scores: {'Tra cứu lịch sử giao dịch theo khoảng thời gian': 1, 'Tra cứu giao dịch theo số tiền': 1, 'Tra cứu giao dịch theo trạng thái': 1, 'Tra cứu giao dịch theo loại giao dịch': 3, 'Tra cứu giao dịch chuyển tiền': 3}
2025-12-19 08:59:25 | DEBUG    | log:152 | [normalize_query] 'Xem các giao dịch chuyển tiền nhanh 24/7...' -> 'Xem các giao dịch chuyển tiền nhanh 24/7...'
2025-12-19 08:59:25 | DEBUG    | log:152 | [perform_hybrid_search] query_text: [Xem các giao dịch chuyển tiền nhanh 24/7] - formatted_query: [Xem các giao dịch chuyển tiền nhanh 24/7] - normalized_query: [Xem các giao dịch chuyển tiền nhanh 24/7]
2025-12-19 08:59:25 | DEBUG    | log:152 | [perform_hybrid_search] BM25 raw scores: min=0.2398, max=24.2861
2025-12-19 08:59:25 | DEBUG    | log:152 | [get_keyword_boost] Query: 'Xem các giao dịch chuyển tiền ...' | Doc: Tra cứu lịch sử giao | Boost: 0.25 | Matched: ['xem']
2025-12-19 08:59:25 | DEBUG    | log:152 | [get_keyword_boost] Query: 'Xem các giao dịch chuyển tiền ...' | Doc: Tra cứu lịch sử giao | Boost: 0.25 | Matched: ['xem']
2025-12-19 08:59:25 | DEBUG    | log:152 | [get_keyword_boost] Query: 'Xem các giao dịch chuyển tiền ...' | Doc: Tra cứu lịch sử giao | Boost: 0.25 | Matched: ['xem']
2025-12-19 08:59:25 | DEBUG    | log:152 | [get_keyword_boost] Query: 'Xem các giao dịch chuyển tiền ...' | Doc: Tra cứu giao dịch th | Boost: 0.25 | Matched: ['giao dịch']
2025-12-19 08:59:25 | DEBUG    | log:152 | [get_keyword_boost] Query: 'Xem các giao dịch chuyển tiền ...' | Doc: Tra cứu giao dịch th | Boost: 0.25 | Matched: ['giao dịch']
2025-12-19 08:59:25 | DEBUG    | log:152 | [get_keyword_boost] Query: 'Xem các giao dịch chuyển tiền ...' | Doc: Tra cứu giao dịch th | Boost: 0.50 | Matched: ['giao dịch', 'chuyển tiền']
2025-12-19 08:59:25 | DEBUG    | log:152 | [get_keyword_boost] Query: 'Xem các giao dịch chuyển tiền ...' | Doc: Tra cứu giao dịch ch | Boost: 0.50 | Matched: ['giao dịch chuyển tiền', 'chuyển tiền nhanh 24/7']
2025-12-19 08:59:25 | DEBUG    | log:152 | [classify_query_intent] Ambiguous: 'Xem các giao dịch chuyển tiền ...' | Scores: {'Tra cứu lịch sử giao dịch theo số tài khoản': 1, 'Tra cứu lịch sử giao dịch theo khoảng thời gian': 1, 'Tra cứu giao dịch theo số tiền': 1, 'Tra cứu giao dịch theo trạng thái': 1, 'Tra cứu giao dịch theo loại giao dịch': 2, 'Tra cứu giao dịch chuyển tiền': 2}
2025-12-19 08:59:25 | DEBUG    | log:152 | [normalize_query] 'Liệt kê chuyển khoản đã thực hiện hôm na...' -> 'Liệt kê chuyển khoản đã thực hiện hôm na...'
2025-12-19 08:59:25 | DEBUG    | log:152 | [perform_hybrid_search] query_text: [Liệt kê chuyển khoản đã thực hiện hôm nay] - formatted_query: [Liệt kê chuyển khoản đã thực hiện hôm nay] - normalized_query: [Liệt kê chuyển khoản đã thực hiện hôm nay]
2025-12-19 08:59:25 | DEBUG    | log:152 | [perform_hybrid_search] BM25 raw scores: min=0.1713, max=26.8288
2025-12-19 08:59:25 | DEBUG    | log:152 | [get_keyword_boost] Query: 'Liệt kê chuyển khoản đã thực h...' | Doc: Tra cứu lịch sử giao | Boost: 0.25 | Matched: ['liệt kê']
2025-12-19 08:59:25 | DEBUG    | log:152 | [get_keyword_boost] Query: 'Liệt kê chuyển khoản đã thực h...' | Doc: Tra cứu lịch sử giao | Boost: 0.25 | Matched: ['liệt kê']
2025-12-19 08:59:25 | DEBUG    | log:152 | [get_keyword_boost] Query: 'Liệt kê chuyển khoản đã thực h...' | Doc: Tra cứu lịch sử giao | Boost: 0.50 | Matched: ['liệt kê', 'hôm nay']
2025-12-19 08:59:25 | DEBUG    | log:152 | [get_keyword_boost] Query: 'Liệt kê chuyển khoản đã thực h...' | Doc: Tra cứu giao dịch th | Boost: 0.25 | Matched: ['chuyển khoản']
2025-12-19 08:59:25 | DEBUG    | log:152 | [get_keyword_boost] Query: 'Liệt kê chuyển khoản đã thực h...' | Doc: Tra cứu giao dịch ch | Boost: 0.50 | Matched: ['chuyển khoản', 'đã thực hiện']
2025-12-19 08:59:25 | DEBUG    | log:152 | [classify_query_intent] Ambiguous: 'Liệt kê chuyển khoản đã thực h...' | Scores: {'Tra cứu lịch sử giao dịch theo số tài khoản': 1, 'Tra cứu lịch sử giao dịch theo khoảng thời gian': 2, 'Tra cứu giao dịch theo loại giao dịch': 1, 'Tra cứu giao dịch chuyển tiền': 2}
2025-12-19 08:59:25 | DEBUG    | log:152 | [normalize_query] 'Tra cứu giao dịch chuyển tiền đang chờ x...' -> 'Tra cứu giao dịch chuyển tiền đang chờ x...'
2025-12-19 08:59:25 | DEBUG    | log:152 | [perform_hybrid_search] query_text: [Tra cứu giao dịch chuyển tiền đang chờ xử lý] - formatted_query: [Tra cứu giao dịch chuyển tiền đang chờ xử lý] - normalized_query: [Tra cứu giao dịch chuyển tiền đang chờ xử lý]
2025-12-19 08:59:25 | DEBUG    | log:152 | [perform_hybrid_search] BM25 raw scores: min=1.0780, max=32.6012
2025-12-19 08:59:25 | DEBUG    | log:152 | [get_keyword_boost] Query: 'Tra cứu giao dịch chuyển tiền ...' | Doc: Tra cứu lịch sử giao | Boost: 0.25 | Matched: ['tra cứu']
2025-12-19 08:59:25 | DEBUG    | log:152 | [get_keyword_boost] Query: 'Tra cứu giao dịch chuyển tiền ...' | Doc: Tra cứu lịch sử giao | Boost: 0.25 | Matched: ['tra cứu']
2025-12-19 08:59:25 | DEBUG    | log:152 | [get_keyword_boost] Query: 'Tra cứu giao dịch chuyển tiền ...' | Doc: Tra cứu lịch sử giao | Boost: 0.25 | Matched: ['tra cứu']
2025-12-19 08:59:25 | DEBUG    | log:152 | [get_keyword_boost] Query: 'Tra cứu giao dịch chuyển tiền ...' | Doc: Tra cứu giao dịch th | Boost: 0.25 | Matched: ['giao dịch']
2025-12-19 08:59:25 | DEBUG    | log:152 | [get_keyword_boost] Query: 'Tra cứu giao dịch chuyển tiền ...' | Doc: Tra cứu giao dịch th | Boost: 0.50 | Matched: ['giao dịch', 'đang chờ xử lý']
2025-12-19 08:59:25 | DEBUG    | log:152 | [get_keyword_boost] Query: 'Tra cứu giao dịch chuyển tiền ...' | Doc: Tra cứu giao dịch th | Boost: 0.50 | Matched: ['giao dịch', 'chuyển tiền']
2025-12-19 08:59:25 | DEBUG    | log:152 | [get_keyword_boost] Query: 'Tra cứu giao dịch chuyển tiền ...' | Doc: Tra cứu giao dịch ch | Boost: 0.25 | Matched: ['giao dịch chuyển tiền']
2025-12-19 08:59:25 | DEBUG    | log:152 | [classify_query_intent] Ambiguous: 'Tra cứu giao dịch chuyển tiền ...' | Scores: {'Tra cứu lịch sử giao dịch theo số tài khoản': 1, 'Tra cứu lịch sử giao dịch theo khoảng thời gian': 1, 'Tra cứu giao dịch theo số tiền': 1, 'Tra cứu giao dịch theo trạng thái': 2, 'Tra cứu giao dịch theo loại giao dịch': 2, 'Tra cứu giao dịch chuyển tiền': 1}
2025-12-19 08:59:25 | DEBUG    | log:152 | [normalize_query] 'Xem các giao dịch thanh toán hóa đơn...' -> 'Xem các giao dịch thanh toán hóa đơn...'
2025-12-19 08:59:25 | DEBUG    | log:152 | [perform_hybrid_search] query_text: [Xem các giao dịch thanh toán hóa đơn] - formatted_query: [Xem các giao dịch thanh toán hóa đơn] - normalized_query: [Xem các giao dịch thanh toán hóa đơn]
2025-12-19 08:59:25 | DEBUG    | log:152 | [perform_hybrid_search] BM25 raw scores: min=1.1060, max=39.7913
2025-12-19 08:59:25 | DEBUG    | log:152 | [get_keyword_boost] Query: 'Xem các giao dịch thanh toán h...' | Doc: Tra cứu lịch sử giao | Boost: 0.25 | Matched: ['xem']
2025-12-19 08:59:25 | DEBUG    | log:152 | [get_keyword_boost] Query: 'Xem các giao dịch thanh toán h...' | Doc: Tra cứu lịch sử giao | Boost: 0.25 | Matched: ['xem']
2025-12-19 08:59:25 | DEBUG    | log:152 | [get_keyword_boost] Query: 'Xem các giao dịch thanh toán h...' | Doc: Tra cứu lịch sử giao | Boost: 0.25 | Matched: ['xem']
2025-12-19 08:59:25 | DEBUG    | log:152 | [get_keyword_boost] Query: 'Xem các giao dịch thanh toán h...' | Doc: Tra cứu giao dịch th | Boost: 0.25 | Matched: ['giao dịch']
2025-12-19 08:59:25 | DEBUG    | log:152 | [get_keyword_boost] Query: 'Xem các giao dịch thanh toán h...' | Doc: Tra cứu giao dịch th | Boost: 0.25 | Matched: ['giao dịch']
2025-12-19 08:59:25 | DEBUG    | log:152 | [get_keyword_boost] Query: 'Xem các giao dịch thanh toán h...' | Doc: Tra cứu giao dịch th | Boost: 0.75 | Matched: ['giao dịch', 'thanh toán', 'thanh toán hóa đơn']
2025-12-19 08:59:25 | DEBUG    | log:152 | [get_keyword_boost] Query: 'Xem các giao dịch thanh toán h...' | Doc: Tra cứu giao dịch ch | Boost: 0.25 | Matched: ['thanh toán']
2025-12-19 08:59:25 | DEBUG    | log:152 | [get_keyword_boost] Query: 'Xem các giao dịch thanh toán h...' | Doc: Tra cứu giao dịch th | Boost: 0.25 | Matched: ['thanh toán hóa đơn']
2025-12-19 08:59:25 | DEBUG    | log:152 | [classify_query_intent] Classified: 'Xem các giao dịch thanh toán h...' -> Tra cứu giao dịch theo loại gi (score=3)
2025-12-19 08:59:25 | DEBUG    | log:152 | [normalize_query] 'Cho tôi danh sách các lần đóng tiền điện...' -> 'Cho tôi danh sách các lần đóng tiền điện...'
2025-12-19 08:59:25 | DEBUG    | log:152 | [perform_hybrid_search] query_text: [Cho tôi danh sách các lần đóng tiền điện] - formatted_query: [Cho tôi danh sách các lần đóng tiền điện] - normalized_query: [Cho tôi danh sách các lần đóng tiền điện]
2025-12-19 08:59:25 | DEBUG    | log:152 | [perform_hybrid_search] BM25 raw scores: min=0.0288, max=31.7941
2025-12-19 08:59:25 | DEBUG    | log:152 | [get_keyword_boost] Query: 'Cho tôi danh sách các lần đóng...' | Doc: Tra cứu giao dịch th | Boost: 0.50 | Matched: ['đóng tiền', 'tiền điện']
2025-12-19 08:59:25 | DEBUG    | log:152 | [classify_query_intent] Classified: 'Cho tôi danh sách các lần đóng...' -> Tra cứu giao dịch thanh toán h (score=2)
2025-12-19 08:59:25 | DEBUG    | log:152 | [normalize_query] 'Tìm giao dịch thanh toán tiền nước...' -> 'Tìm giao dịch thanh toán tiền nước...'
2025-12-19 08:59:25 | DEBUG    | log:152 | [perform_hybrid_search] query_text: [Tìm giao dịch thanh toán tiền nước] - formatted_query: [Tìm giao dịch thanh toán tiền nước] - normalized_query: [Tìm giao dịch thanh toán tiền nước]
2025-12-19 08:59:25 | DEBUG    | log:152 | [perform_hybrid_search] BM25 raw scores: min=0.2431, max=40.4737
2025-12-19 08:59:25 | DEBUG    | log:152 | [get_keyword_boost] Query: 'Tìm giao dịch thanh toán tiền ...' | Doc: Tra cứu lịch sử giao | Boost: 0.25 | Matched: ['tìm']
2025-12-19 08:59:25 | DEBUG    | log:152 | [get_keyword_boost] Query: 'Tìm giao dịch thanh toán tiền ...' | Doc: Tra cứu giao dịch th | Boost: 0.25 | Matched: ['giao dịch']
2025-12-19 08:59:25 | DEBUG    | log:152 | [get_keyword_boost] Query: 'Tìm giao dịch thanh toán tiền ...' | Doc: Tra cứu giao dịch th | Boost: 0.25 | Matched: ['giao dịch']
2025-12-19 08:59:25 | DEBUG    | log:152 | [get_keyword_boost] Query: 'Tìm giao dịch thanh toán tiền ...' | Doc: Tra cứu giao dịch th | Boost: 0.50 | Matched: ['giao dịch', 'thanh toán']
2025-12-19 08:59:25 | DEBUG    | log:152 | [get_keyword_boost] Query: 'Tìm giao dịch thanh toán tiền ...' | Doc: Tra cứu giao dịch ch | Boost: 0.25 | Matched: ['thanh toán']
2025-12-19 08:59:25 | DEBUG    | log:152 | [get_keyword_boost] Query: 'Tìm giao dịch thanh toán tiền ...' | Doc: Tra cứu giao dịch th | Boost: 0.25 | Matched: ['tiền nước']
2025-12-19 08:59:25 | DEBUG    | log:152 | [classify_query_intent] Classified: 'Tìm giao dịch thanh toán tiền ...' -> Tra cứu giao dịch theo loại gi (score=2)
2025-12-19 08:59:25 | DEBUG    | log:152 | [normalize_query] 'Liệt kê các hóa đơn đã thanh toán trong ...' -> 'Liệt kê các hóa đơn đã thanh toán trong ...'
2025-12-19 08:59:25 | DEBUG    | log:152 | [perform_hybrid_search] query_text: [Liệt kê các hóa đơn đã thanh toán trong tháng] - formatted_query: [Liệt kê các hóa đơn đã thanh toán trong tháng] - normalized_query: [Liệt kê các hóa đơn đã thanh toán trong tháng]
2025-12-19 08:59:25 | DEBUG    | log:152 | [perform_hybrid_search] BM25 raw scores: min=1.0032, max=39.2923
2025-12-19 08:59:25 | DEBUG    | log:152 | [get_keyword_boost] Query: 'Liệt kê các hóa đơn đã thanh t...' | Doc: Tra cứu lịch sử giao | Boost: 0.25 | Matched: ['liệt kê']
2025-12-19 08:59:25 | DEBUG    | log:152 | [get_keyword_boost] Query: 'Liệt kê các hóa đơn đã thanh t...' | Doc: Tra cứu lịch sử giao | Boost: 0.25 | Matched: ['liệt kê']
2025-12-19 08:59:25 | DEBUG    | log:152 | [get_keyword_boost] Query: 'Liệt kê các hóa đơn đã thanh t...' | Doc: Tra cứu lịch sử giao | Boost: 0.50 | Matched: ['liệt kê', 'trong tháng']
2025-12-19 08:59:25 | DEBUG    | log:152 | [get_keyword_boost] Query: 'Liệt kê các hóa đơn đã thanh t...' | Doc: Tra cứu giao dịch th | Boost: 0.25 | Matched: ['thanh toán']
2025-12-19 08:59:25 | DEBUG    | log:152 | [get_keyword_boost] Query: 'Liệt kê các hóa đơn đã thanh t...' | Doc: Tra cứu giao dịch ch | Boost: 0.25 | Matched: ['thanh toán']
2025-12-19 08:59:25 | DEBUG    | log:152 | [classify_query_intent] Classified: 'Liệt kê các hóa đơn đã thanh t...' -> Tra cứu lịch sử giao dịch theo (score=2)
2025-12-19 08:59:25 | DEBUG    | log:152 | [normalize_query] 'Tra cứu lịch sử đóng tiền internet...' -> 'Tra cứu lịch sử đóng tiền internet...'
2025-12-19 08:59:25 | DEBUG    | log:152 | [perform_hybrid_search] query_text: [Tra cứu lịch sử đóng tiền internet] - formatted_query: [Tra cứu lịch sử đóng tiền internet] - normalized_query: [Tra cứu lịch sử đóng tiền internet]
2025-12-19 08:59:25 | DEBUG    | log:152 | [perform_hybrid_search] BM25 raw scores: min=0.7995, max=21.5302
2025-12-19 08:59:25 | DEBUG    | log:152 | [get_keyword_boost] Query: 'Tra cứu lịch sử đóng tiền inte...' | Doc: Tra cứu lịch sử giao | Boost: 0.25 | Matched: ['tra cứu']
2025-12-19 08:59:25 | DEBUG    | log:152 | [get_keyword_boost] Query: 'Tra cứu lịch sử đóng tiền inte...' | Doc: Tra cứu lịch sử giao | Boost: 0.25 | Matched: ['tra cứu']
2025-12-19 08:59:25 | DEBUG    | log:152 | [get_keyword_boost] Query: 'Tra cứu lịch sử đóng tiền inte...' | Doc: Tra cứu lịch sử giao | Boost: 0.25 | Matched: ['tra cứu']
2025-12-19 08:59:25 | DEBUG    | log:152 | [get_keyword_boost] Query: 'Tra cứu lịch sử đóng tiền inte...' | Doc: Tra cứu giao dịch th | Boost: 0.50 | Matched: ['đóng tiền', 'internet']
2025-12-19 08:59:25 | DEBUG    | log:152 | [classify_query_intent] Classified: 'Tra cứu lịch sử đóng tiền inte...' -> Tra cứu giao dịch thanh toán h (score=2)
2025-12-19 08:59:25 | DEBUG    | log:152 | [normalize_query] 'Cho biết các giao dịch thanh toán tiền đ...' -> 'Cho biết các giao dịch thanh toán tiền đ...'
2025-12-19 08:59:25 | DEBUG    | log:152 | [perform_hybrid_search] query_text: [Cho biết các giao dịch thanh toán tiền điện thoại] - formatted_query: [Cho biết các giao dịch thanh toán tiền điện thoại] - normalized_query: [Cho biết các giao dịch thanh toán tiền điện thoại]
2025-12-19 08:59:26 | DEBUG    | log:152 | [perform_hybrid_search] BM25 raw scores: min=0.2431, max=39.2920
2025-12-19 08:59:26 | DEBUG    | log:152 | [get_keyword_boost] Query: 'Cho biết các giao dịch thanh t...' | Doc: Tra cứu giao dịch th | Boost: 0.25 | Matched: ['giao dịch']
2025-12-19 08:59:26 | DEBUG    | log:152 | [get_keyword_boost] Query: 'Cho biết các giao dịch thanh t...' | Doc: Tra cứu giao dịch th | Boost: 0.25 | Matched: ['giao dịch']
2025-12-19 08:59:26 | DEBUG    | log:152 | [get_keyword_boost] Query: 'Cho biết các giao dịch thanh t...' | Doc: Tra cứu giao dịch th | Boost: 0.75 | Matched: ['giao dịch', 'thanh toán', 'thanh toán tiền điện']
2025-12-19 08:59:26 | DEBUG    | log:152 | [get_keyword_boost] Query: 'Cho biết các giao dịch thanh t...' | Doc: Tra cứu giao dịch ch | Boost: 0.25 | Matched: ['thanh toán']
2025-12-19 08:59:26 | DEBUG    | log:152 | [get_keyword_boost] Query: 'Cho biết các giao dịch thanh t...' | Doc: Tra cứu giao dịch th | Boost: 0.50 | Matched: ['tiền điện', 'tiền điện thoại']
2025-12-19 08:59:26 | DEBUG    | log:152 | [classify_query_intent] Classified: 'Cho biết các giao dịch thanh t...' -> Tra cứu giao dịch theo loại gi (score=3)
2025-12-19 08:59:26 | DEBUG    | log:152 | [normalize_query] 'Xem giao dịch đóng phí bảo hiểm...' -> 'Xem giao dịch đóng phí bảo hiểm...'
2025-12-19 08:59:26 | DEBUG    | log:152 | [perform_hybrid_search] query_text: [Xem giao dịch đóng phí bảo hiểm] - formatted_query: [Xem giao dịch đóng phí bảo hiểm] - normalized_query: [Xem giao dịch đóng phí bảo hiểm]
2025-12-19 08:59:26 | DEBUG    | log:152 | [perform_hybrid_search] BM25 raw scores: min=0.1371, max=38.3253
2025-12-19 08:59:26 | DEBUG    | log:152 | [get_keyword_boost] Query: 'Xem giao dịch đóng phí bảo hiể...' | Doc: Tra cứu lịch sử giao | Boost: 0.25 | Matched: ['xem']
2025-12-19 08:59:26 | DEBUG    | log:152 | [get_keyword_boost] Query: 'Xem giao dịch đóng phí bảo hiể...' | Doc: Tra cứu lịch sử giao | Boost: 0.25 | Matched: ['xem']
2025-12-19 08:59:26 | DEBUG    | log:152 | [get_keyword_boost] Query: 'Xem giao dịch đóng phí bảo hiể...' | Doc: Tra cứu lịch sử giao | Boost: 0.25 | Matched: ['xem']
2025-12-19 08:59:26 | DEBUG    | log:152 | [get_keyword_boost] Query: 'Xem giao dịch đóng phí bảo hiể...' | Doc: Tra cứu giao dịch th | Boost: 0.25 | Matched: ['giao dịch']
2025-12-19 08:59:26 | DEBUG    | log:152 | [get_keyword_boost] Query: 'Xem giao dịch đóng phí bảo hiể...' | Doc: Tra cứu giao dịch th | Boost: 0.25 | Matched: ['giao dịch']
2025-12-19 08:59:26 | DEBUG    | log:152 | [get_keyword_boost] Query: 'Xem giao dịch đóng phí bảo hiể...' | Doc: Tra cứu giao dịch th | Boost: 0.50 | Matched: ['giao dịch', 'phí bảo hiểm']
2025-12-19 08:59:26 | DEBUG    | log:152 | [get_keyword_boost] Query: 'Xem giao dịch đóng phí bảo hiể...' | Doc: Tra cứu giao dịch th | Boost: 0.25 | Matched: ['phí bảo hiểm']
2025-12-19 08:59:26 | DEBUG    | log:152 | [classify_query_intent] Classified: 'Xem giao dịch đóng phí bảo hiể...' -> Tra cứu giao dịch theo loại gi (score=2)
2025-12-19 08:59:26 | DEBUG    | log:152 | [normalize_query] 'Tìm các lần thanh toán hóa đơn truyền hì...' -> 'Tìm các lần thanh toán hóa đơn truyền hì...'
2025-12-19 08:59:26 | DEBUG    | log:152 | [perform_hybrid_search] query_text: [Tìm các lần thanh toán hóa đơn truyền hình cáp] - formatted_query: [Tìm các lần thanh toán hóa đơn truyền hình cáp] - normalized_query: [Tìm các lần thanh toán hóa đơn truyền hình cáp]
2025-12-19 08:59:26 | DEBUG    | log:152 | [perform_hybrid_search] BM25 raw scores: min=1.0375, max=60.7236
2025-12-19 08:59:26 | DEBUG    | log:152 | [get_keyword_boost] Query: 'Tìm các lần thanh toán hóa đơn...' | Doc: Tra cứu lịch sử giao | Boost: 0.25 | Matched: ['tìm']
2025-12-19 08:59:26 | DEBUG    | log:152 | [get_keyword_boost] Query: 'Tìm các lần thanh toán hóa đơn...' | Doc: Tra cứu giao dịch th | Boost: 0.50 | Matched: ['thanh toán', 'thanh toán hóa đơn']
2025-12-19 08:59:26 | DEBUG    | log:152 | [get_keyword_boost] Query: 'Tìm các lần thanh toán hóa đơn...' | Doc: Tra cứu giao dịch ch | Boost: 0.25 | Matched: ['thanh toán']
2025-12-19 08:59:26 | DEBUG    | log:152 | [get_keyword_boost] Query: 'Tìm các lần thanh toán hóa đơn...' | Doc: Tra cứu giao dịch th | Boost: 0.50 | Matched: ['thanh toán hóa đơn', 'truyền hình cáp']
2025-12-19 08:59:26 | DEBUG    | log:152 | [classify_query_intent] Ambiguous: 'Tìm các lần thanh toán hóa đơn...' | Scores: {'Tra cứu lịch sử giao dịch theo khoảng thời gian': 1, 'Tra cứu giao dịch theo loại giao dịch': 2, 'Tra cứu giao dịch chuyển tiền': 1, 'Tra cứu giao dịch thanh toán hóa đơn': 2}
2025-12-19 08:59:26 | DEBUG    | log:152 | [normalize_query] 'Liệt kê giao dịch thanh toán học phí...' -> 'Liệt kê giao dịch thanh toán học phí...'
2025-12-19 08:59:26 | DEBUG    | log:152 | [perform_hybrid_search] query_text: [Liệt kê giao dịch thanh toán học phí] - formatted_query: [Liệt kê giao dịch thanh toán học phí] - normalized_query: [Liệt kê giao dịch thanh toán học phí]
2025-12-19 08:59:26 | DEBUG    | log:152 | [perform_hybrid_search] BM25 raw scores: min=0.2088, max=43.3553
2025-12-19 08:59:26 | DEBUG    | log:152 | [get_keyword_boost] Query: 'Liệt kê giao dịch thanh toán h...' | Doc: Tra cứu lịch sử giao | Boost: 0.25 | Matched: ['liệt kê']
2025-12-19 08:59:26 | DEBUG    | log:152 | [get_keyword_boost] Query: 'Liệt kê giao dịch thanh toán h...' | Doc: Tra cứu lịch sử giao | Boost: 0.25 | Matched: ['liệt kê']
2025-12-19 08:59:26 | DEBUG    | log:152 | [get_keyword_boost] Query: 'Liệt kê giao dịch thanh toán h...' | Doc: Tra cứu lịch sử giao | Boost: 0.25 | Matched: ['liệt kê']
2025-12-19 08:59:26 | DEBUG    | log:152 | [get_keyword_boost] Query: 'Liệt kê giao dịch thanh toán h...' | Doc: Tra cứu giao dịch th | Boost: 0.25 | Matched: ['giao dịch']
2025-12-19 08:59:26 | DEBUG    | log:152 | [get_keyword_boost] Query: 'Liệt kê giao dịch thanh toán h...' | Doc: Tra cứu giao dịch th | Boost: 0.25 | Matched: ['giao dịch']
2025-12-19 08:59:26 | DEBUG    | log:152 | [get_keyword_boost] Query: 'Liệt kê giao dịch thanh toán h...' | Doc: Tra cứu giao dịch th | Boost: 0.50 | Matched: ['giao dịch', 'thanh toán']
2025-12-19 08:59:26 | DEBUG    | log:152 | [get_keyword_boost] Query: 'Liệt kê giao dịch thanh toán h...' | Doc: Tra cứu giao dịch ch | Boost: 0.25 | Matched: ['thanh toán']
2025-12-19 08:59:26 | DEBUG    | log:152 | [get_keyword_boost] Query: 'Liệt kê giao dịch thanh toán h...' | Doc: Tra cứu giao dịch th | Boost: 0.25 | Matched: ['học phí']
2025-12-19 08:59:26 | DEBUG    | log:152 | [classify_query_intent] Classified: 'Liệt kê giao dịch thanh toán h...' -> Tra cứu giao dịch theo loại gi (score=2)
2025-12-19 08:59:26 | DEBUG    | log:152 | [normalize_query] 'Tra cứu các hóa đơn tiền điện đã đóng...' -> 'Tra cứu các hóa đơn tiền điện đã đóng...'
2025-12-19 08:59:26 | DEBUG    | log:152 | [perform_hybrid_search] query_text: [Tra cứu các hóa đơn tiền điện đã đóng] - formatted_query: [Tra cứu các hóa đơn tiền điện đã đóng] - normalized_query: [Tra cứu các hóa đơn tiền điện đã đóng]
2025-12-19 08:59:26 | DEBUG    | log:152 | [perform_hybrid_search] BM25 raw scores: min=0.9684, max=31.9762
2025-12-19 08:59:26 | DEBUG    | log:152 | [get_keyword_boost] Query: 'Tra cứu các hóa đơn tiền điện ...' | Doc: Tra cứu lịch sử giao | Boost: 0.25 | Matched: ['tra cứu']
2025-12-19 08:59:26 | DEBUG    | log:152 | [get_keyword_boost] Query: 'Tra cứu các hóa đơn tiền điện ...' | Doc: Tra cứu lịch sử giao | Boost: 0.25 | Matched: ['tra cứu']
2025-12-19 08:59:26 | DEBUG    | log:152 | [get_keyword_boost] Query: 'Tra cứu các hóa đơn tiền điện ...' | Doc: Tra cứu lịch sử giao | Boost: 0.25 | Matched: ['tra cứu']
2025-12-19 08:59:26 | DEBUG    | log:152 | [get_keyword_boost] Query: 'Tra cứu các hóa đơn tiền điện ...' | Doc: Tra cứu giao dịch th | Boost: 0.25 | Matched: ['tiền điện']
2025-12-19 08:59:26 | DEBUG    | log:152 | [classify_query_intent] Ambiguous: 'Tra cứu các hóa đơn tiền điện ...' | Scores: {'Tra cứu lịch sử giao dịch theo số tài khoản': 1, 'Tra cứu lịch sử giao dịch theo khoảng thời gian': 1, 'Tra cứu giao dịch thanh toán hóa đơn': 1}
2025-12-19 08:59:26 | DEBUG    | log:152 | [normalize_query] 'Cho xem lịch sử thanh toán hóa đơn viễn ...' -> 'Cho xem lịch sử thanh toán hóa đơn viễn ...'
2025-12-19 08:59:26 | DEBUG    | log:152 | [perform_hybrid_search] query_text: [Cho xem lịch sử thanh toán hóa đơn viễn thông] - formatted_query: [Cho xem lịch sử thanh toán hóa đơn viễn thông] - normalized_query: [Cho xem lịch sử thanh toán hóa đơn viễn thông]
2025-12-19 08:59:26 | DEBUG    | log:152 | [perform_hybrid_search] BM25 raw scores: min=1.1745, max=47.1904
2025-12-19 08:59:26 | DEBUG    | log:152 | [get_keyword_boost] Query: 'Cho xem lịch sử thanh toán hóa...' | Doc: Tra cứu lịch sử giao | Boost: 0.25 | Matched: ['xem']
2025-12-19 08:59:26 | DEBUG    | log:152 | [get_keyword_boost] Query: 'Cho xem lịch sử thanh toán hóa...' | Doc: Tra cứu lịch sử giao | Boost: 0.25 | Matched: ['xem']
2025-12-19 08:59:26 | DEBUG    | log:152 | [get_keyword_boost] Query: 'Cho xem lịch sử thanh toán hóa...' | Doc: Tra cứu lịch sử giao | Boost: 0.25 | Matched: ['xem']
2025-12-19 08:59:26 | DEBUG    | log:152 | [get_keyword_boost] Query: 'Cho xem lịch sử thanh toán hóa...' | Doc: Tra cứu giao dịch th | Boost: 0.50 | Matched: ['thanh toán', 'thanh toán hóa đơn']
2025-12-19 08:59:26 | DEBUG    | log:152 | [get_keyword_boost] Query: 'Cho xem lịch sử thanh toán hóa...' | Doc: Tra cứu giao dịch ch | Boost: 0.25 | Matched: ['thanh toán']
2025-12-19 08:59:26 | DEBUG    | log:152 | [get_keyword_boost] Query: 'Cho xem lịch sử thanh toán hóa...' | Doc: Tra cứu giao dịch th | Boost: 0.50 | Matched: ['thanh toán hóa đơn', 'viễn thông']
2025-12-19 08:59:26 | DEBUG    | log:152 | [classify_query_intent] Ambiguous: 'Cho xem lịch sử thanh toán hóa...' | Scores: {'Tra cứu lịch sử giao dịch theo số tài khoản': 1, 'Tra cứu lịch sử giao dịch theo khoảng thời gian': 1, 'Tra cứu giao dịch theo loại giao dịch': 2, 'Tra cứu giao dịch chuyển tiền': 1, 'Tra cứu giao dịch thanh toán hóa đơn': 2}
2025-12-19 08:59:26 | DEBUG    | log:152 | [normalize_query] 'Tìm giao dịch đóng tiền gas...' -> 'Tìm giao dịch đóng tiền gas...'
2025-12-19 08:59:26 | DEBUG    | log:152 | [perform_hybrid_search] query_text: [Tìm giao dịch đóng tiền gas] - formatted_query: [Tìm giao dịch đóng tiền gas] - normalized_query: [Tìm giao dịch đóng tiền gas]
2025-12-19 08:59:26 | DEBUG    | log:152 | [perform_hybrid_search] BM25 raw scores: min=0.1215, max=34.0728
2025-12-19 08:59:26 | DEBUG    | log:152 | [get_keyword_boost] Query: 'Tìm giao dịch đóng tiền gas...' | Doc: Tra cứu lịch sử giao | Boost: 0.25 | Matched: ['tìm']
2025-12-19 08:59:26 | DEBUG    | log:152 | [get_keyword_boost] Query: 'Tìm giao dịch đóng tiền gas...' | Doc: Tra cứu giao dịch th | Boost: 0.25 | Matched: ['giao dịch']
2025-12-19 08:59:26 | DEBUG    | log:152 | [get_keyword_boost] Query: 'Tìm giao dịch đóng tiền gas...' | Doc: Tra cứu giao dịch th | Boost: 0.25 | Matched: ['giao dịch']
2025-12-19 08:59:26 | DEBUG    | log:152 | [get_keyword_boost] Query: 'Tìm giao dịch đóng tiền gas...' | Doc: Tra cứu giao dịch th | Boost: 0.25 | Matched: ['giao dịch']
2025-12-19 08:59:26 | DEBUG    | log:152 | [get_keyword_boost] Query: 'Tìm giao dịch đóng tiền gas...' | Doc: Tra cứu giao dịch th | Boost: 0.50 | Matched: ['đóng tiền', 'tiền gas']
2025-12-19 08:59:26 | DEBUG    | log:152 | [classify_query_intent] Classified: 'Tìm giao dịch đóng tiền gas...' -> Tra cứu giao dịch thanh toán h (score=2)
2025-12-19 08:59:26 | DEBUG    | log:152 | [normalize_query] 'Xem danh sách thanh toán hóa đơn điện nư...' -> 'Xem danh sách thanh toán hóa đơn điện nư...'
2025-12-19 08:59:26 | DEBUG    | log:152 | [perform_hybrid_search] query_text: [Xem danh sách thanh toán hóa đơn điện nước] - formatted_query: [Xem danh sách thanh toán hóa đơn điện nước] - normalized_query: [Xem danh sách thanh toán hóa đơn điện nước]
2025-12-19 08:59:26 | DEBUG    | log:152 | [perform_hybrid_search] BM25 raw scores: min=1.0032, max=48.9307
2025-12-19 08:59:26 | DEBUG    | log:152 | [get_keyword_boost] Query: 'Xem danh sách thanh toán hóa đ...' | Doc: Tra cứu lịch sử giao | Boost: 0.25 | Matched: ['xem']
2025-12-19 08:59:26 | DEBUG    | log:152 | [get_keyword_boost] Query: 'Xem danh sách thanh toán hóa đ...' | Doc: Tra cứu lịch sử giao | Boost: 0.25 | Matched: ['xem']
2025-12-19 08:59:26 | DEBUG    | log:152 | [get_keyword_boost] Query: 'Xem danh sách thanh toán hóa đ...' | Doc: Tra cứu lịch sử giao | Boost: 0.25 | Matched: ['xem']
2025-12-19 08:59:26 | DEBUG    | log:152 | [get_keyword_boost] Query: 'Xem danh sách thanh toán hóa đ...' | Doc: Tra cứu giao dịch th | Boost: 0.50 | Matched: ['thanh toán', 'thanh toán hóa đơn']
2025-12-19 08:59:26 | DEBUG    | log:152 | [get_keyword_boost] Query: 'Xem danh sách thanh toán hóa đ...' | Doc: Tra cứu giao dịch ch | Boost: 0.25 | Matched: ['thanh toán']
2025-12-19 08:59:26 | DEBUG    | log:152 | [get_keyword_boost] Query: 'Xem danh sách thanh toán hóa đ...' | Doc: Tra cứu giao dịch th | Boost: 0.25 | Matched: ['thanh toán hóa đơn']
2025-12-19 08:59:26 | DEBUG    | log:152 | [classify_query_intent] Classified: 'Xem danh sách thanh toán hóa đ...' -> Tra cứu giao dịch theo loại gi (score=2)
2025-12-19 08:59:26 | DEBUG    | log:152 | [normalize_query] 'Liệt kê các lần thanh toán phí dịch vụ...' -> 'Liệt kê các lần thanh toán phí dịch vụ...'
2025-12-19 08:59:26 | DEBUG    | log:152 | [perform_hybrid_search] query_text: [Liệt kê các lần thanh toán phí dịch vụ] - formatted_query: [Liệt kê các lần thanh toán phí dịch vụ] - normalized_query: [Liệt kê các lần thanh toán phí dịch vụ]
2025-12-19 08:59:26 | DEBUG    | log:152 | [perform_hybrid_search] BM25 raw scores: min=0.1403, max=47.0075
2025-12-19 08:59:26 | DEBUG    | log:152 | [get_keyword_boost] Query: 'Liệt kê các lần thanh toán phí...' | Doc: Tra cứu lịch sử giao | Boost: 0.25 | Matched: ['liệt kê']
2025-12-19 08:59:26 | DEBUG    | log:152 | [get_keyword_boost] Query: 'Liệt kê các lần thanh toán phí...' | Doc: Tra cứu lịch sử giao | Boost: 0.25 | Matched: ['liệt kê']
2025-12-19 08:59:26 | DEBUG    | log:152 | [get_keyword_boost] Query: 'Liệt kê các lần thanh toán phí...' | Doc: Tra cứu lịch sử giao | Boost: 0.25 | Matched: ['liệt kê']
2025-12-19 08:59:26 | DEBUG    | log:152 | [get_keyword_boost] Query: 'Liệt kê các lần thanh toán phí...' | Doc: Tra cứu giao dịch th | Boost: 0.25 | Matched: ['thanh toán']
2025-12-19 08:59:26 | DEBUG    | log:152 | [get_keyword_boost] Query: 'Liệt kê các lần thanh toán phí...' | Doc: Tra cứu giao dịch ch | Boost: 0.25 | Matched: ['thanh toán']
2025-12-19 08:59:26 | DEBUG    | log:152 | [get_keyword_boost] Query: 'Liệt kê các lần thanh toán phí...' | Doc: Tra cứu giao dịch th | Boost: 0.25 | Matched: ['phí dịch vụ']
2025-12-19 08:59:26 | DEBUG    | log:152 | [get_keyword_boost] Query: 'Liệt kê các lần thanh toán phí...' | Doc: Tra cứu phí giao dịc | Boost: 0.25 | Matched: ['phí dịch vụ']
2025-12-19 08:59:26 | DEBUG    | log:152 | [classify_query_intent] Ambiguous: 'Liệt kê các lần thanh toán phí...' | Scores: {'Tra cứu lịch sử giao dịch theo số tài khoản': 1, 'Tra cứu lịch sử giao dịch theo khoảng thời gian': 1, 'Tra cứu giao dịch theo loại giao dịch': 1, 'Tra cứu giao dịch chuyển tiền': 1, 'Tra cứu giao dịch thanh toán hóa đơn': 1, 'Tra cứu phí giao dịch': 1}
2025-12-19 08:59:26 | DEBUG    | log:152 | [normalize_query] 'Tra cứu giao dịch thanh toán tiền thuê n...' -> 'Tra cứu giao dịch thanh toán tiền thuê n...'
2025-12-19 08:59:26 | DEBUG    | log:152 | [perform_hybrid_search] query_text: [Tra cứu giao dịch thanh toán tiền thuê nhà] - formatted_query: [Tra cứu giao dịch thanh toán tiền thuê nhà] - normalized_query: [Tra cứu giao dịch thanh toán tiền thuê nhà]
2025-12-19 08:59:26 | DEBUG    | log:152 | [perform_hybrid_search] BM25 raw scores: min=2.2306, max=41.4522
2025-12-19 08:59:26 | DEBUG    | log:152 | [get_keyword_boost] Query: 'Tra cứu giao dịch thanh toán t...' | Doc: Tra cứu lịch sử giao | Boost: 0.25 | Matched: ['tra cứu']
2025-12-19 08:59:26 | DEBUG    | log:152 | [get_keyword_boost] Query: 'Tra cứu giao dịch thanh toán t...' | Doc: Tra cứu lịch sử giao | Boost: 0.25 | Matched: ['tra cứu']
2025-12-19 08:59:26 | DEBUG    | log:152 | [get_keyword_boost] Query: 'Tra cứu giao dịch thanh toán t...' | Doc: Tra cứu lịch sử giao | Boost: 0.25 | Matched: ['tra cứu']
2025-12-19 08:59:26 | DEBUG    | log:152 | [get_keyword_boost] Query: 'Tra cứu giao dịch thanh toán t...' | Doc: Tra cứu giao dịch th | Boost: 0.25 | Matched: ['giao dịch']
2025-12-19 08:59:26 | DEBUG    | log:152 | [get_keyword_boost] Query: 'Tra cứu giao dịch thanh toán t...' | Doc: Tra cứu giao dịch th | Boost: 0.25 | Matched: ['giao dịch']
2025-12-19 08:59:26 | DEBUG    | log:152 | [get_keyword_boost] Query: 'Tra cứu giao dịch thanh toán t...' | Doc: Tra cứu giao dịch th | Boost: 0.50 | Matched: ['giao dịch', 'thanh toán']
2025-12-19 08:59:26 | DEBUG    | log:152 | [get_keyword_boost] Query: 'Tra cứu giao dịch thanh toán t...' | Doc: Tra cứu giao dịch ch | Boost: 0.25 | Matched: ['thanh toán']
2025-12-19 08:59:26 | DEBUG    | log:152 | [get_keyword_boost] Query: 'Tra cứu giao dịch thanh toán t...' | Doc: Tra cứu giao dịch th | Boost: 0.25 | Matched: ['tiền thuê nhà']
2025-12-19 08:59:26 | DEBUG    | log:152 | [classify_query_intent] Classified: 'Tra cứu giao dịch thanh toán t...' -> Tra cứu giao dịch theo loại gi (score=2)
2025-12-19 08:59:26 | DEBUG    | log:152 | [normalize_query] 'Cho biết tôi đã thanh toán những hóa đơn...' -> 'Cho biết tôi đã thanh toán những hóa đơn...'
2025-12-19 08:59:26 | DEBUG    | log:152 | [perform_hybrid_search] query_text: [Cho biết tôi đã thanh toán những hóa đơn nào] - formatted_query: [Cho biết tôi đã thanh toán những hóa đơn nào] - normalized_query: [Cho biết tôi đã thanh toán những hóa đơn nào]
2025-12-19 08:59:26 | DEBUG    | log:152 | [perform_hybrid_search] BM25 raw scores: min=1.0032, max=34.2647
2025-12-19 08:59:26 | DEBUG    | log:152 | [get_keyword_boost] Query: 'Cho biết tôi đã thanh toán nhữ...' | Doc: Tra cứu giao dịch th | Boost: 0.25 | Matched: ['thanh toán']
2025-12-19 08:59:26 | DEBUG    | log:152 | [get_keyword_boost] Query: 'Cho biết tôi đã thanh toán nhữ...' | Doc: Tra cứu giao dịch ch | Boost: 0.25 | Matched: ['thanh toán']
2025-12-19 08:59:26 | DEBUG    | log:152 | [classify_query_intent] Ambiguous: 'Cho biết tôi đã thanh toán nhữ...' | Scores: {'Tra cứu giao dịch theo loại giao dịch': 1, 'Tra cứu giao dịch chuyển tiền': 1}
2025-12-19 08:59:26 | DEBUG    | log:152 | [normalize_query] 'Tìm các giao dịch đóng phí quản lý chung...' -> 'Tìm các giao dịch đóng phí quản lý chung...'
2025-12-19 08:59:26 | DEBUG    | log:152 | [perform_hybrid_search] query_text: [Tìm các giao dịch đóng phí quản lý chung cư] - formatted_query: [Tìm các giao dịch đóng phí quản lý chung cư] - normalized_query: [Tìm các giao dịch đóng phí quản lý chung cư]
2025-12-19 08:59:26 | DEBUG    | log:152 | [perform_hybrid_search] BM25 raw scores: min=0.1028, max=60.3114
2025-12-19 08:59:26 | DEBUG    | log:152 | [get_keyword_boost] Query: 'Tìm các giao dịch đóng phí quả...' | Doc: Tra cứu lịch sử giao | Boost: 0.25 | Matched: ['tìm']
2025-12-19 08:59:26 | DEBUG    | log:152 | [get_keyword_boost] Query: 'Tìm các giao dịch đóng phí quả...' | Doc: Tra cứu giao dịch th | Boost: 0.25 | Matched: ['giao dịch']
2025-12-19 08:59:26 | DEBUG    | log:152 | [get_keyword_boost] Query: 'Tìm các giao dịch đóng phí quả...' | Doc: Tra cứu giao dịch th | Boost: 0.25 | Matched: ['giao dịch']
2025-12-19 08:59:26 | DEBUG    | log:152 | [get_keyword_boost] Query: 'Tìm các giao dịch đóng phí quả...' | Doc: Tra cứu giao dịch th | Boost: 0.25 | Matched: ['giao dịch']
2025-12-19 08:59:26 | DEBUG    | log:152 | [get_keyword_boost] Query: 'Tìm các giao dịch đóng phí quả...' | Doc: Tra cứu giao dịch th | Boost: 0.25 | Matched: ['phí quản lý chung cư']
2025-12-19 08:59:26 | DEBUG    | log:152 | [classify_query_intent] Ambiguous: 'Tìm các giao dịch đóng phí quả...' | Scores: {'Tra cứu lịch sử giao dịch theo khoảng thời gian': 1, 'Tra cứu giao dịch theo số tiền': 1, 'Tra cứu giao dịch theo trạng thái': 1, 'Tra cứu giao dịch theo loại giao dịch': 1, 'Tra cứu giao dịch thanh toán hóa đơn': 1}
2025-12-19 08:59:26 | DEBUG    | log:152 | [normalize_query] 'Xem lịch sử thanh toán hóa đơn EVN...' -> 'Xem lịch sử thanh toán hóa đơn evn...'
2025-12-19 08:59:26 | DEBUG    | log:152 | [perform_hybrid_search] query_text: [Xem lịch sử thanh toán hóa đơn EVN] - formatted_query: [Xem lịch sử thanh toán hóa đơn evn] - normalized_query: [Xem lịch sử thanh toán hóa đơn evn]
2025-12-19 08:59:26 | DEBUG    | log:152 | [perform_hybrid_search] BM25 raw scores: min=1.1403, max=43.4316
2025-12-19 08:59:26 | DEBUG    | log:152 | [get_keyword_boost] Query: 'Xem lịch sử thanh toán hóa đơn...' | Doc: Tra cứu lịch sử giao | Boost: 0.25 | Matched: ['xem']
2025-12-19 08:59:26 | DEBUG    | log:152 | [get_keyword_boost] Query: 'Xem lịch sử thanh toán hóa đơn...' | Doc: Tra cứu lịch sử giao | Boost: 0.25 | Matched: ['xem']
2025-12-19 08:59:26 | DEBUG    | log:152 | [get_keyword_boost] Query: 'Xem lịch sử thanh toán hóa đơn...' | Doc: Tra cứu lịch sử giao | Boost: 0.25 | Matched: ['xem']
2025-12-19 08:59:26 | DEBUG    | log:152 | [get_keyword_boost] Query: 'Xem lịch sử thanh toán hóa đơn...' | Doc: Tra cứu giao dịch th | Boost: 0.50 | Matched: ['thanh toán', 'thanh toán hóa đơn']
2025-12-19 08:59:26 | DEBUG    | log:152 | [get_keyword_boost] Query: 'Xem lịch sử thanh toán hóa đơn...' | Doc: Tra cứu giao dịch ch | Boost: 0.25 | Matched: ['thanh toán']
2025-12-19 08:59:26 | DEBUG    | log:152 | [get_keyword_boost] Query: 'Xem lịch sử thanh toán hóa đơn...' | Doc: Tra cứu giao dịch th | Boost: 0.50 | Matched: ['thanh toán hóa đơn', 'evn']
2025-12-19 08:59:26 | DEBUG    | log:152 | [classify_query_intent] Ambiguous: 'Xem lịch sử thanh toán hóa đơn...' | Scores: {'Tra cứu lịch sử giao dịch theo số tài khoản': 1, 'Tra cứu lịch sử giao dịch theo khoảng thời gian': 1, 'Tra cứu giao dịch theo loại giao dịch': 2, 'Tra cứu giao dịch chuyển tiền': 1, 'Tra cứu giao dịch thanh toán hóa đơn': 2}
2025-12-19 08:59:26 | DEBUG    | log:152 | [normalize_query] 'Liệt kê các hóa đơn VNPT đã đóng...' -> 'Liệt kê các hóa đơn vnpt đã đóng...'
2025-12-19 08:59:26 | DEBUG    | log:152 | [perform_hybrid_search] query_text: [Liệt kê các hóa đơn VNPT đã đóng] - formatted_query: [Liệt kê các hóa đơn vnpt đã đóng] - normalized_query: [Liệt kê các hóa đơn vnpt đã đóng]
2025-12-19 08:59:26 | DEBUG    | log:152 | [perform_hybrid_search] BM25 raw scores: min=0.7956, max=37.9590
2025-12-19 08:59:26 | DEBUG    | log:152 | [get_keyword_boost] Query: 'Liệt kê các hóa đơn vnpt đã đó...' | Doc: Tra cứu lịch sử giao | Boost: 0.25 | Matched: ['liệt kê']
2025-12-19 08:59:26 | DEBUG    | log:152 | [get_keyword_boost] Query: 'Liệt kê các hóa đơn vnpt đã đó...' | Doc: Tra cứu lịch sử giao | Boost: 0.25 | Matched: ['liệt kê']
2025-12-19 08:59:26 | DEBUG    | log:152 | [get_keyword_boost] Query: 'Liệt kê các hóa đơn vnpt đã đó...' | Doc: Tra cứu lịch sử giao | Boost: 0.25 | Matched: ['liệt kê']
2025-12-19 08:59:26 | DEBUG    | log:152 | [get_keyword_boost] Query: 'Liệt kê các hóa đơn vnpt đã đó...' | Doc: Tra cứu giao dịch th | Boost: 0.25 | Matched: ['vnpt']
2025-12-19 08:59:26 | DEBUG    | log:152 | [classify_query_intent] Ambiguous: 'Liệt kê các hóa đơn vnpt đã đó...' | Scores: {'Tra cứu lịch sử giao dịch theo số tài khoản': 1, 'Tra cứu lịch sử giao dịch theo khoảng thời gian': 1, 'Tra cứu giao dịch thanh toán hóa đơn': 1}
2025-12-19 08:59:26 | DEBUG    | log:152 | [normalize_query] 'Tra cứu giao dịch thanh toán Viettel...' -> 'Tra cứu giao dịch thanh toán viettel...'
2025-12-19 08:59:26 | DEBUG    | log:152 | [perform_hybrid_search] query_text: [Tra cứu giao dịch thanh toán Viettel] - formatted_query: [Tra cứu giao dịch thanh toán viettel] - normalized_query: [Tra cứu giao dịch thanh toán viettel]
2025-12-19 08:59:26 | DEBUG    | log:152 | [perform_hybrid_search] BM25 raw scores: min=2.2112, max=23.5511
2025-12-19 08:59:26 | DEBUG    | log:152 | [get_keyword_boost] Query: 'Tra cứu giao dịch thanh toán v...' | Doc: Tra cứu lịch sử giao | Boost: 0.25 | Matched: ['tra cứu']
2025-12-19 08:59:26 | DEBUG    | log:152 | [get_keyword_boost] Query: 'Tra cứu giao dịch thanh toán v...' | Doc: Tra cứu lịch sử giao | Boost: 0.25 | Matched: ['tra cứu']
2025-12-19 08:59:26 | DEBUG    | log:152 | [get_keyword_boost] Query: 'Tra cứu giao dịch thanh toán v...' | Doc: Tra cứu lịch sử giao | Boost: 0.25 | Matched: ['tra cứu']
2025-12-19 08:59:26 | DEBUG    | log:152 | [get_keyword_boost] Query: 'Tra cứu giao dịch thanh toán v...' | Doc: Tra cứu giao dịch th | Boost: 0.25 | Matched: ['giao dịch']
2025-12-19 08:59:26 | DEBUG    | log:152 | [get_keyword_boost] Query: 'Tra cứu giao dịch thanh toán v...' | Doc: Tra cứu giao dịch th | Boost: 0.25 | Matched: ['giao dịch']
2025-12-19 08:59:26 | DEBUG    | log:152 | [get_keyword_boost] Query: 'Tra cứu giao dịch thanh toán v...' | Doc: Tra cứu giao dịch th | Boost: 0.50 | Matched: ['giao dịch', 'thanh toán']
2025-12-19 08:59:26 | DEBUG    | log:152 | [get_keyword_boost] Query: 'Tra cứu giao dịch thanh toán v...' | Doc: Tra cứu giao dịch ch | Boost: 0.25 | Matched: ['thanh toán']
2025-12-19 08:59:26 | DEBUG    | log:152 | [classify_query_intent] Classified: 'Tra cứu giao dịch thanh toán v...' -> Tra cứu giao dịch theo loại gi (score=2)
2025-12-19 08:59:26 | DEBUG    | log:152 | [normalize_query] 'Xem các giao dịch thực hiện qua Mobile B...' -> 'Xem các giao dịch thực hiện qua mobile b...'
2025-12-19 08:59:26 | DEBUG    | log:152 | [perform_hybrid_search] query_text: [Xem các giao dịch thực hiện qua Mobile Banking] - formatted_query: [Xem các giao dịch thực hiện qua mobile banking] - normalized_query: [Xem các giao dịch thực hiện qua mobile banking]
2025-12-19 08:59:26 | DEBUG    | log:152 | [perform_hybrid_search] BM25 raw scores: min=0.1371, max=38.1057
2025-12-19 08:59:26 | DEBUG    | log:152 | [get_keyword_boost] Query: 'Xem các giao dịch thực hiện qu...' | Doc: Tra cứu lịch sử giao | Boost: 0.25 | Matched: ['xem']
2025-12-19 08:59:26 | DEBUG    | log:152 | [get_keyword_boost] Query: 'Xem các giao dịch thực hiện qu...' | Doc: Tra cứu lịch sử giao | Boost: 0.25 | Matched: ['xem']
2025-12-19 08:59:26 | DEBUG    | log:152 | [get_keyword_boost] Query: 'Xem các giao dịch thực hiện qu...' | Doc: Tra cứu lịch sử giao | Boost: 0.25 | Matched: ['xem']
2025-12-19 08:59:26 | DEBUG    | log:152 | [get_keyword_boost] Query: 'Xem các giao dịch thực hiện qu...' | Doc: Tra cứu giao dịch th | Boost: 0.25 | Matched: ['giao dịch']
2025-12-19 08:59:26 | DEBUG    | log:152 | [get_keyword_boost] Query: 'Xem các giao dịch thực hiện qu...' | Doc: Tra cứu giao dịch th | Boost: 0.25 | Matched: ['giao dịch']
2025-12-19 08:59:26 | DEBUG    | log:152 | [get_keyword_boost] Query: 'Xem các giao dịch thực hiện qu...' | Doc: Tra cứu giao dịch th | Boost: 0.25 | Matched: ['giao dịch']
2025-12-19 08:59:26 | DEBUG    | log:152 | [get_keyword_boost] Query: 'Xem các giao dịch thực hiện qu...' | Doc: Tra cứu giao dịch th | Boost: 0.25 | Matched: ['mobile banking']
2025-12-19 08:59:26 | DEBUG    | log:152 | [classify_query_intent] Ambiguous: 'Xem các giao dịch thực hiện qu...' | Scores: {'Tra cứu lịch sử giao dịch theo số tài khoản': 1, 'Tra cứu lịch sử giao dịch theo khoảng thời gian': 1, 'Tra cứu giao dịch theo số tiền': 1, 'Tra cứu giao dịch theo trạng thái': 1, 'Tra cứu giao dịch theo loại giao dịch': 1, 'Tra cứu giao dịch theo kênh giao dịch': 1}
2025-12-19 08:59:26 | DEBUG    | log:152 | [normalize_query] 'Cho tôi danh sách giao dịch qua Internet...' -> 'Cho tôi danh sách giao dịch qua internet...'
2025-12-19 08:59:26 | DEBUG    | log:152 | [perform_hybrid_search] query_text: [Cho tôi danh sách giao dịch qua Internet Banking] - formatted_query: [Cho tôi danh sách giao dịch qua internet banking] - normalized_query: [Cho tôi danh sách giao dịch qua internet banking]
2025-12-19 08:59:26 | DEBUG    | log:152 | [perform_hybrid_search] BM25 raw scores: min=0.0912, max=31.4576
2025-12-19 08:59:26 | DEBUG    | log:152 | [get_keyword_boost] Query: 'Cho tôi danh sách giao dịch qu...' | Doc: Tra cứu lịch sử giao | Boost: 0.25 | Matched: ['danh sách giao dịch']
2025-12-19 08:59:26 | DEBUG    | log:152 | [get_keyword_boost] Query: 'Cho tôi danh sách giao dịch qu...' | Doc: Tra cứu lịch sử giao | Boost: 0.25 | Matched: ['danh sách giao dịch']
2025-12-19 08:59:26 | DEBUG    | log:152 | [get_keyword_boost] Query: 'Cho tôi danh sách giao dịch qu...' | Doc: Tra cứu giao dịch th | Boost: 0.25 | Matched: ['giao dịch']
2025-12-19 08:59:26 | DEBUG    | log:152 | [get_keyword_boost] Query: 'Cho tôi danh sách giao dịch qu...' | Doc: Tra cứu giao dịch th | Boost: 0.25 | Matched: ['giao dịch']
2025-12-19 08:59:26 | DEBUG    | log:152 | [get_keyword_boost] Query: 'Cho tôi danh sách giao dịch qu...' | Doc: Tra cứu giao dịch th | Boost: 0.25 | Matched: ['giao dịch']
2025-12-19 08:59:26 | DEBUG    | log:152 | [get_keyword_boost] Query: 'Cho tôi danh sách giao dịch qu...' | Doc: Tra cứu giao dịch th | Boost: 0.25 | Matched: ['internet']
2025-12-19 08:59:26 | DEBUG    | log:152 | [get_keyword_boost] Query: 'Cho tôi danh sách giao dịch qu...' | Doc: Tra cứu giao dịch th | Boost: 0.25 | Matched: ['internet banking']
2025-12-19 08:59:26 | DEBUG    | log:152 | [classify_query_intent] Ambiguous: 'Cho tôi danh sách giao dịch qu...' | Scores: {'Tra cứu lịch sử giao dịch theo số tài khoản': 1, 'Tra cứu giao dịch theo số tiền': 1, 'Tra cứu giao dịch theo trạng thái': 1, 'Tra cứu giao dịch theo loại giao dịch': 1, 'Tra cứu giao dịch thanh toán hóa đơn': 1, 'Tra cứu giao dịch theo kênh giao dịch': 1}
2025-12-19 08:59:26 | DEBUG    | log:152 | [normalize_query] 'Tìm giao dịch được thực hiện tại quầy...' -> 'Tìm giao dịch được thực hiện tại quầy...'
2025-12-19 08:59:26 | DEBUG    | log:152 | [perform_hybrid_search] query_text: [Tìm giao dịch được thực hiện tại quầy] - formatted_query: [Tìm giao dịch được thực hiện tại quầy] - normalized_query: [Tìm giao dịch được thực hiện tại quầy]
2025-12-19 08:59:26 | DEBUG    | log:152 | [perform_hybrid_search] BM25 raw scores: min=0.1371, max=25.3868
2025-12-19 08:59:26 | DEBUG    | log:152 | [get_keyword_boost] Query: 'Tìm giao dịch được thực hiện t...' | Doc: Tra cứu lịch sử giao | Boost: 0.25 | Matched: ['tìm']
2025-12-19 08:59:26 | DEBUG    | log:152 | [get_keyword_boost] Query: 'Tìm giao dịch được thực hiện t...' | Doc: Tra cứu giao dịch th | Boost: 0.25 | Matched: ['giao dịch']
2025-12-19 08:59:26 | DEBUG    | log:152 | [get_keyword_boost] Query: 'Tìm giao dịch được thực hiện t...' | Doc: Tra cứu giao dịch th | Boost: 0.25 | Matched: ['giao dịch']
2025-12-19 08:59:26 | DEBUG    | log:152 | [get_keyword_boost] Query: 'Tìm giao dịch được thực hiện t...' | Doc: Tra cứu giao dịch th | Boost: 0.25 | Matched: ['giao dịch']
2025-12-19 08:59:26 | DEBUG    | log:152 | [get_keyword_boost] Query: 'Tìm giao dịch được thực hiện t...' | Doc: Tra cứu giao dịch th | Boost: 0.25 | Matched: ['tại quầy']
2025-12-19 08:59:26 | DEBUG    | log:152 | [classify_query_intent] Ambiguous: 'Tìm giao dịch được thực hiện t...' | Scores: {'Tra cứu lịch sử giao dịch theo khoảng thời gian': 1, 'Tra cứu giao dịch theo số tiền': 1, 'Tra cứu giao dịch theo trạng thái': 1, 'Tra cứu giao dịch theo loại giao dịch': 1, 'Tra cứu giao dịch theo kênh giao dịch': 1}
2025-12-19 08:59:26 | DEBUG    | log:152 | [normalize_query] 'Liệt kê các giao dịch qua ATM...' -> 'Liệt kê các giao dịch qua atm...'
2025-12-19 08:59:26 | DEBUG    | log:152 | [perform_hybrid_search] query_text: [Liệt kê các giao dịch qua ATM] - formatted_query: [Liệt kê các giao dịch qua atm] - normalized_query: [Liệt kê các giao dịch qua atm]
2025-12-19 08:59:26 | DEBUG    | log:152 | [perform_hybrid_search] BM25 raw scores: min=0.0912, max=32.3494
2025-12-19 08:59:26 | DEBUG    | log:152 | [get_keyword_boost] Query: 'Liệt kê các giao dịch qua atm...' | Doc: Tra cứu lịch sử giao | Boost: 0.25 | Matched: ['liệt kê']
2025-12-19 08:59:26 | DEBUG    | log:152 | [get_keyword_boost] Query: 'Liệt kê các giao dịch qua atm...' | Doc: Tra cứu lịch sử giao | Boost: 0.25 | Matched: ['liệt kê']
2025-12-19 08:59:26 | DEBUG    | log:152 | [get_keyword_boost] Query: 'Liệt kê các giao dịch qua atm...' | Doc: Tra cứu lịch sử giao | Boost: 0.25 | Matched: ['liệt kê']
2025-12-19 08:59:26 | DEBUG    | log:152 | [get_keyword_boost] Query: 'Liệt kê các giao dịch qua atm...' | Doc: Tra cứu giao dịch th | Boost: 0.25 | Matched: ['giao dịch']
2025-12-19 08:59:26 | DEBUG    | log:152 | [get_keyword_boost] Query: 'Liệt kê các giao dịch qua atm...' | Doc: Tra cứu giao dịch th | Boost: 0.25 | Matched: ['giao dịch']
2025-12-19 08:59:26 | DEBUG    | log:152 | [get_keyword_boost] Query: 'Liệt kê các giao dịch qua atm...' | Doc: Tra cứu giao dịch th | Boost: 0.25 | Matched: ['giao dịch']
2025-12-19 08:59:26 | DEBUG    | log:152 | [get_keyword_boost] Query: 'Liệt kê các giao dịch qua atm...' | Doc: Tra cứu giao dịch th | Boost: 0.25 | Matched: ['atm']
2025-12-19 08:59:26 | DEBUG    | log:152 | [classify_query_intent] Ambiguous: 'Liệt kê các giao dịch qua atm...' | Scores: {'Tra cứu lịch sử giao dịch theo số tài khoản': 1, 'Tra cứu lịch sử giao dịch theo khoảng thời gian': 1, 'Tra cứu giao dịch theo số tiền': 1, 'Tra cứu giao dịch theo trạng thái': 1, 'Tra cứu giao dịch theo loại giao dịch': 1, 'Tra cứu giao dịch theo kênh giao dịch': 1}
2025-12-19 08:59:26 | DEBUG    | log:152 | [normalize_query] 'Tra cứu giao dịch thực hiện qua ứng dụng...' -> 'Tra cứu giao dịch thực hiện qua ứng dụng...'
2025-12-19 08:59:26 | DEBUG    | log:152 | [perform_hybrid_search] query_text: [Tra cứu giao dịch thực hiện qua ứng dụng điện thoại] - formatted_query: [Tra cứu giao dịch thực hiện qua ứng dụng điện thoại] - normalized_query: [Tra cứu giao dịch thực hiện qua ứng dụng điện thoại]
2025-12-19 08:59:26 | DEBUG    | log:152 | [perform_hybrid_search] BM25 raw scores: min=2.1125, max=44.0626
2025-12-19 08:59:26 | DEBUG    | log:152 | [get_keyword_boost] Query: 'Tra cứu giao dịch thực hiện qu...' | Doc: Tra cứu lịch sử giao | Boost: 0.25 | Matched: ['tra cứu']
2025-12-19 08:59:26 | DEBUG    | log:152 | [get_keyword_boost] Query: 'Tra cứu giao dịch thực hiện qu...' | Doc: Tra cứu lịch sử giao | Boost: 0.25 | Matched: ['tra cứu']
2025-12-19 08:59:26 | DEBUG    | log:152 | [get_keyword_boost] Query: 'Tra cứu giao dịch thực hiện qu...' | Doc: Tra cứu lịch sử giao | Boost: 0.25 | Matched: ['tra cứu']
2025-12-19 08:59:26 | DEBUG    | log:152 | [get_keyword_boost] Query: 'Tra cứu giao dịch thực hiện qu...' | Doc: Tra cứu giao dịch th | Boost: 0.25 | Matched: ['giao dịch']
2025-12-19 08:59:26 | DEBUG    | log:152 | [get_keyword_boost] Query: 'Tra cứu giao dịch thực hiện qu...' | Doc: Tra cứu giao dịch th | Boost: 0.25 | Matched: ['giao dịch']
2025-12-19 08:59:26 | DEBUG    | log:152 | [get_keyword_boost] Query: 'Tra cứu giao dịch thực hiện qu...' | Doc: Tra cứu giao dịch th | Boost: 0.25 | Matched: ['giao dịch']
2025-12-19 08:59:26 | DEBUG    | log:152 | [get_keyword_boost] Query: 'Tra cứu giao dịch thực hiện qu...' | Doc: Tra cứu giao dịch th | Boost: 0.25 | Matched: ['ứng dụng điện thoại']
2025-12-19 08:59:26 | DEBUG    | log:152 | [classify_query_intent] Ambiguous: 'Tra cứu giao dịch thực hiện qu...' | Scores: {'Tra cứu lịch sử giao dịch theo số tài khoản': 1, 'Tra cứu lịch sử giao dịch theo khoảng thời gian': 1, 'Tra cứu giao dịch theo số tiền': 1, 'Tra cứu giao dịch theo trạng thái': 1, 'Tra cứu giao dịch theo loại giao dịch': 1, 'Tra cứu giao dịch theo kênh giao dịch': 1}
2025-12-19 08:59:26 | DEBUG    | log:152 | [normalize_query] 'Cho biết giao dịch nào thực hiện qua POS...' -> 'Cho biết giao dịch nào thực hiện qua pos...'
2025-12-19 08:59:26 | DEBUG    | log:152 | [perform_hybrid_search] query_text: [Cho biết giao dịch nào thực hiện qua POS] - formatted_query: [Cho biết giao dịch nào thực hiện qua pos] - normalized_query: [Cho biết giao dịch nào thực hiện qua pos]
2025-12-19 08:59:26 | DEBUG    | log:152 | [perform_hybrid_search] BM25 raw scores: min=0.1371, max=38.0398
2025-12-19 08:59:26 | DEBUG    | log:152 | [get_keyword_boost] Query: 'Cho biết giao dịch nào thực hi...' | Doc: Tra cứu giao dịch th | Boost: 0.25 | Matched: ['giao dịch']
2025-12-19 08:59:26 | DEBUG    | log:152 | [get_keyword_boost] Query: 'Cho biết giao dịch nào thực hi...' | Doc: Tra cứu giao dịch th | Boost: 0.25 | Matched: ['giao dịch']
2025-12-19 08:59:26 | DEBUG    | log:152 | [get_keyword_boost] Query: 'Cho biết giao dịch nào thực hi...' | Doc: Tra cứu giao dịch th | Boost: 0.25 | Matched: ['giao dịch']
2025-12-19 08:59:26 | DEBUG    | log:152 | [get_keyword_boost] Query: 'Cho biết giao dịch nào thực hi...' | Doc: Tra cứu giao dịch th | Boost: 0.25 | Matched: ['pos']
2025-12-19 08:59:26 | DEBUG    | log:152 | [classify_query_intent] Ambiguous: 'Cho biết giao dịch nào thực hi...' | Scores: {'Tra cứu giao dịch theo số tiền': 1, 'Tra cứu giao dịch theo trạng thái': 1, 'Tra cứu giao dịch theo loại giao dịch': 1, 'Tra cứu giao dịch theo kênh giao dịch': 1}
2025-12-19 08:59:26 | DEBUG    | log:152 | [normalize_query] 'Xem các giao dịch qua kênh online...' -> 'Xem các giao dịch qua kênh online...'
2025-12-19 08:59:26 | DEBUG    | log:152 | [perform_hybrid_search] query_text: [Xem các giao dịch qua kênh online] - formatted_query: [Xem các giao dịch qua kênh online] - normalized_query: [Xem các giao dịch qua kênh online]
2025-12-19 08:59:26 | DEBUG    | log:152 | [perform_hybrid_search] BM25 raw scores: min=0.0912, max=31.7246
2025-12-19 08:59:26 | DEBUG    | log:152 | [get_keyword_boost] Query: 'Xem các giao dịch qua kênh onl...' | Doc: Tra cứu lịch sử giao | Boost: 0.25 | Matched: ['xem']
2025-12-19 08:59:26 | DEBUG    | log:152 | [get_keyword_boost] Query: 'Xem các giao dịch qua kênh onl...' | Doc: Tra cứu lịch sử giao | Boost: 0.25 | Matched: ['xem']
2025-12-19 08:59:26 | DEBUG    | log:152 | [get_keyword_boost] Query: 'Xem các giao dịch qua kênh onl...' | Doc: Tra cứu lịch sử giao | Boost: 0.25 | Matched: ['xem']
2025-12-19 08:59:26 | DEBUG    | log:152 | [get_keyword_boost] Query: 'Xem các giao dịch qua kênh onl...' | Doc: Tra cứu giao dịch th | Boost: 0.25 | Matched: ['giao dịch']
2025-12-19 08:59:26 | DEBUG    | log:152 | [get_keyword_boost] Query: 'Xem các giao dịch qua kênh onl...' | Doc: Tra cứu giao dịch th | Boost: 0.25 | Matched: ['giao dịch']
2025-12-19 08:59:26 | DEBUG    | log:152 | [get_keyword_boost] Query: 'Xem các giao dịch qua kênh onl...' | Doc: Tra cứu giao dịch th | Boost: 0.25 | Matched: ['giao dịch']
2025-12-19 08:59:26 | DEBUG    | log:152 | [get_keyword_boost] Query: 'Xem các giao dịch qua kênh onl...' | Doc: Tra cứu giao dịch th | Boost: 0.25 | Matched: ['online']
2025-12-19 08:59:26 | DEBUG    | log:152 | [classify_query_intent] Ambiguous: 'Xem các giao dịch qua kênh onl...' | Scores: {'Tra cứu lịch sử giao dịch theo số tài khoản': 1, 'Tra cứu lịch sử giao dịch theo khoảng thời gian': 1, 'Tra cứu giao dịch theo số tiền': 1, 'Tra cứu giao dịch theo trạng thái': 1, 'Tra cứu giao dịch theo loại giao dịch': 1, 'Tra cứu giao dịch theo kênh giao dịch': 1}
2025-12-19 08:59:26 | DEBUG    | log:152 | [normalize_query] 'Tìm giao dịch thực hiện qua SMS Banking...' -> 'Tìm giao dịch thực hiện qua sms banking...'
2025-12-19 08:59:26 | DEBUG    | log:152 | [perform_hybrid_search] query_text: [Tìm giao dịch thực hiện qua SMS Banking] - formatted_query: [Tìm giao dịch thực hiện qua sms banking] - normalized_query: [Tìm giao dịch thực hiện qua sms banking]
2025-12-19 08:59:26 | DEBUG    | log:152 | [perform_hybrid_search] BM25 raw scores: min=0.1371, max=40.9674
2025-12-19 08:59:26 | DEBUG    | log:152 | [get_keyword_boost] Query: 'Tìm giao dịch thực hiện qua sm...' | Doc: Tra cứu lịch sử giao | Boost: 0.25 | Matched: ['tìm']
2025-12-19 08:59:26 | DEBUG    | log:152 | [get_keyword_boost] Query: 'Tìm giao dịch thực hiện qua sm...' | Doc: Tra cứu giao dịch th | Boost: 0.25 | Matched: ['giao dịch']
2025-12-19 08:59:26 | DEBUG    | log:152 | [get_keyword_boost] Query: 'Tìm giao dịch thực hiện qua sm...' | Doc: Tra cứu giao dịch th | Boost: 0.25 | Matched: ['giao dịch']
2025-12-19 08:59:26 | DEBUG    | log:152 | [get_keyword_boost] Query: 'Tìm giao dịch thực hiện qua sm...' | Doc: Tra cứu giao dịch th | Boost: 0.25 | Matched: ['giao dịch']
2025-12-19 08:59:26 | DEBUG    | log:152 | [get_keyword_boost] Query: 'Tìm giao dịch thực hiện qua sm...' | Doc: Tra cứu giao dịch th | Boost: 0.25 | Matched: ['sms banking']
2025-12-19 08:59:26 | DEBUG    | log:152 | [classify_query_intent] Ambiguous: 'Tìm giao dịch thực hiện qua sm...' | Scores: {'Tra cứu lịch sử giao dịch theo khoảng thời gian': 1, 'Tra cứu giao dịch theo số tiền': 1, 'Tra cứu giao dịch theo trạng thái': 1, 'Tra cứu giao dịch theo loại giao dịch': 1, 'Tra cứu giao dịch theo kênh giao dịch': 1}
2025-12-19 08:59:26 | DEBUG    | log:152 | [normalize_query] 'Liệt kê giao dịch qua QR Pay...' -> 'Liệt kê giao dịch qua qr pay...'
2025-12-19 08:59:26 | DEBUG    | log:152 | [perform_hybrid_search] query_text: [Liệt kê giao dịch qua QR Pay] - formatted_query: [Liệt kê giao dịch qua qr pay] - normalized_query: [Liệt kê giao dịch qua qr pay]
2025-12-19 08:59:26 | DEBUG    | log:152 | [perform_hybrid_search] BM25 raw scores: min=0.0912, max=40.4746
2025-12-19 08:59:26 | DEBUG    | log:152 | [get_keyword_boost] Query: 'Liệt kê giao dịch qua qr pay...' | Doc: Tra cứu lịch sử giao | Boost: 0.25 | Matched: ['liệt kê']
2025-12-19 08:59:26 | DEBUG    | log:152 | [get_keyword_boost] Query: 'Liệt kê giao dịch qua qr pay...' | Doc: Tra cứu lịch sử giao | Boost: 0.25 | Matched: ['liệt kê']
2025-12-19 08:59:26 | DEBUG    | log:152 | [get_keyword_boost] Query: 'Liệt kê giao dịch qua qr pay...' | Doc: Tra cứu lịch sử giao | Boost: 0.25 | Matched: ['liệt kê']
2025-12-19 08:59:26 | DEBUG    | log:152 | [get_keyword_boost] Query: 'Liệt kê giao dịch qua qr pay...' | Doc: Tra cứu giao dịch th | Boost: 0.25 | Matched: ['giao dịch']
2025-12-19 08:59:26 | DEBUG    | log:152 | [get_keyword_boost] Query: 'Liệt kê giao dịch qua qr pay...' | Doc: Tra cứu giao dịch th | Boost: 0.25 | Matched: ['giao dịch']
2025-12-19 08:59:26 | DEBUG    | log:152 | [get_keyword_boost] Query: 'Liệt kê giao dịch qua qr pay...' | Doc: Tra cứu giao dịch th | Boost: 0.25 | Matched: ['giao dịch']
2025-12-19 08:59:26 | DEBUG    | log:152 | [get_keyword_boost] Query: 'Liệt kê giao dịch qua qr pay...' | Doc: Tra cứu giao dịch th | Boost: 0.25 | Matched: ['qr pay']
2025-12-19 08:59:26 | DEBUG    | log:152 | [classify_query_intent] Ambiguous: 'Liệt kê giao dịch qua qr pay...' | Scores: {'Tra cứu lịch sử giao dịch theo số tài khoản': 1, 'Tra cứu lịch sử giao dịch theo khoảng thời gian': 1, 'Tra cứu giao dịch theo số tiền': 1, 'Tra cứu giao dịch theo trạng thái': 1, 'Tra cứu giao dịch theo loại giao dịch': 1, 'Tra cứu giao dịch theo kênh giao dịch': 1}
2025-12-19 08:59:26 | DEBUG    | log:152 | [normalize_query] 'Tra cứu các giao dịch thực hiện trực tiế...' -> 'Tra cứu các giao dịch thực hiện trực tiế...'
2025-12-19 08:59:26 | DEBUG    | log:152 | [perform_hybrid_search] query_text: [Tra cứu các giao dịch thực hiện trực tiếp tại chi nhánh] - formatted_query: [Tra cứu các giao dịch thực hiện trực tiếp tại chi nhánh] - normalized_query: [Tra cứu các giao dịch thực hiện trực tiếp tại chi nhánh]
2025-12-19 08:59:26 | DEBUG    | log:152 | [perform_hybrid_search] BM25 raw scores: min=1.6426, max=28.7522
2025-12-19 08:59:26 | DEBUG    | log:152 | [get_keyword_boost] Query: 'Tra cứu các giao dịch thực hiệ...' | Doc: Tra cứu lịch sử giao | Boost: 0.25 | Matched: ['tra cứu']
2025-12-19 08:59:26 | DEBUG    | log:152 | [get_keyword_boost] Query: 'Tra cứu các giao dịch thực hiệ...' | Doc: Tra cứu lịch sử giao | Boost: 0.25 | Matched: ['tra cứu']
2025-12-19 08:59:26 | DEBUG    | log:152 | [get_keyword_boost] Query: 'Tra cứu các giao dịch thực hiệ...' | Doc: Tra cứu lịch sử giao | Boost: 0.25 | Matched: ['tra cứu']
2025-12-19 08:59:26 | DEBUG    | log:152 | [get_keyword_boost] Query: 'Tra cứu các giao dịch thực hiệ...' | Doc: Tra cứu giao dịch th | Boost: 0.25 | Matched: ['giao dịch']
2025-12-19 08:59:26 | DEBUG    | log:152 | [get_keyword_boost] Query: 'Tra cứu các giao dịch thực hiệ...' | Doc: Tra cứu giao dịch th | Boost: 0.25 | Matched: ['giao dịch']
2025-12-19 08:59:26 | DEBUG    | log:152 | [get_keyword_boost] Query: 'Tra cứu các giao dịch thực hiệ...' | Doc: Tra cứu giao dịch th | Boost: 0.25 | Matched: ['giao dịch']
2025-12-19 08:59:26 | DEBUG    | log:152 | [get_keyword_boost] Query: 'Tra cứu các giao dịch thực hiệ...' | Doc: Tra cứu giao dịch th | Boost: 0.25 | Matched: ['chi nhánh']
2025-12-19 08:59:26 | DEBUG    | log:152 | [classify_query_intent] Ambiguous: 'Tra cứu các giao dịch thực hiệ...' | Scores: {'Tra cứu lịch sử giao dịch theo số tài khoản': 1, 'Tra cứu lịch sử giao dịch theo khoảng thời gian': 1, 'Tra cứu giao dịch theo số tiền': 1, 'Tra cứu giao dịch theo trạng thái': 1, 'Tra cứu giao dịch theo loại giao dịch': 1, 'Tra cứu giao dịch theo kênh giao dịch': 1}
2025-12-19 08:59:26 | DEBUG    | log:152 | [normalize_query] 'Cho xem lịch sử giao dịch qua app ngân h...' -> 'Cho xem lịch sử giao dịch qua app ngân h...'
2025-12-19 08:59:26 | DEBUG    | log:152 | [perform_hybrid_search] query_text: [Cho xem lịch sử giao dịch qua app ngân hàng] - formatted_query: [Cho xem lịch sử giao dịch qua app ngân hàng] - normalized_query: [Cho xem lịch sử giao dịch qua app ngân hàng]
2025-12-19 08:59:26 | DEBUG    | log:152 | [perform_hybrid_search] BM25 raw scores: min=0.3426, max=31.7575
2025-12-19 08:59:26 | DEBUG    | log:152 | [get_keyword_boost] Query: 'Cho xem lịch sử giao dịch qua ...' | Doc: Tra cứu lịch sử giao | Boost: 0.50 | Matched: ['lịch sử giao dịch', 'xem']
2025-12-19 08:59:26 | DEBUG    | log:152 | [get_keyword_boost] Query: 'Cho xem lịch sử giao dịch qua ...' | Doc: Tra cứu lịch sử giao | Boost: 0.50 | Matched: ['lịch sử giao dịch', 'xem']
2025-12-19 08:59:26 | DEBUG    | log:152 | [get_keyword_boost] Query: 'Cho xem lịch sử giao dịch qua ...' | Doc: Tra cứu lịch sử giao | Boost: 0.50 | Matched: ['lịch sử giao dịch', 'xem']
2025-12-19 08:59:26 | DEBUG    | log:152 | [get_keyword_boost] Query: 'Cho xem lịch sử giao dịch qua ...' | Doc: Tra cứu giao dịch th | Boost: 0.25 | Matched: ['giao dịch']
2025-12-19 08:59:26 | DEBUG    | log:152 | [get_keyword_boost] Query: 'Cho xem lịch sử giao dịch qua ...' | Doc: Tra cứu giao dịch th | Boost: 0.25 | Matched: ['giao dịch']
2025-12-19 08:59:26 | DEBUG    | log:152 | [get_keyword_boost] Query: 'Cho xem lịch sử giao dịch qua ...' | Doc: Tra cứu giao dịch th | Boost: 0.25 | Matched: ['giao dịch']
2025-12-19 08:59:26 | DEBUG    | log:152 | [get_keyword_boost] Query: 'Cho xem lịch sử giao dịch qua ...' | Doc: Tra cứu giao dịch th | Boost: 0.25 | Matched: ['app ngân hàng']
2025-12-19 08:59:26 | DEBUG    | log:152 | [classify_query_intent] Ambiguous: 'Cho xem lịch sử giao dịch qua ...' | Scores: {'Tra cứu lịch sử giao dịch theo số tài khoản': 2, 'Tra cứu lịch sử giao dịch theo khoảng thời gian': 2, 'Tra cứu giao dịch theo số tiền': 1, 'Tra cứu giao dịch theo trạng thái': 1, 'Tra cứu giao dịch theo loại giao dịch': 1, 'Tra cứu giao dịch theo kênh giao dịch': 1}
2025-12-19 08:59:26 | DEBUG    | log:152 | [normalize_query] 'Tìm các giao dịch thực hiện qua website...' -> 'Tìm các giao dịch thực hiện qua website...'
2025-12-19 08:59:26 | DEBUG    | log:152 | [perform_hybrid_search] query_text: [Tìm các giao dịch thực hiện qua website] - formatted_query: [Tìm các giao dịch thực hiện qua website] - normalized_query: [Tìm các giao dịch thực hiện qua website]
2025-12-19 08:59:26 | DEBUG    | log:152 | [perform_hybrid_search] BM25 raw scores: min=0.1371, max=35.2678
2025-12-19 08:59:26 | DEBUG    | log:152 | [get_keyword_boost] Query: 'Tìm các giao dịch thực hiện qu...' | Doc: Tra cứu lịch sử giao | Boost: 0.25 | Matched: ['tìm']
2025-12-19 08:59:26 | DEBUG    | log:152 | [get_keyword_boost] Query: 'Tìm các giao dịch thực hiện qu...' | Doc: Tra cứu giao dịch th | Boost: 0.25 | Matched: ['giao dịch']
2025-12-19 08:59:26 | DEBUG    | log:152 | [get_keyword_boost] Query: 'Tìm các giao dịch thực hiện qu...' | Doc: Tra cứu giao dịch th | Boost: 0.25 | Matched: ['giao dịch']
2025-12-19 08:59:26 | DEBUG    | log:152 | [get_keyword_boost] Query: 'Tìm các giao dịch thực hiện qu...' | Doc: Tra cứu giao dịch th | Boost: 0.25 | Matched: ['giao dịch']
2025-12-19 08:59:26 | DEBUG    | log:152 | [get_keyword_boost] Query: 'Tìm các giao dịch thực hiện qu...' | Doc: Tra cứu giao dịch th | Boost: 0.25 | Matched: ['website']
2025-12-19 08:59:26 | DEBUG    | log:152 | [classify_query_intent] Ambiguous: 'Tìm các giao dịch thực hiện qu...' | Scores: {'Tra cứu lịch sử giao dịch theo khoảng thời gian': 1, 'Tra cứu giao dịch theo số tiền': 1, 'Tra cứu giao dịch theo trạng thái': 1, 'Tra cứu giao dịch theo loại giao dịch': 1, 'Tra cứu giao dịch theo kênh giao dịch': 1}
2025-12-19 08:59:26 | DEBUG    | log:152 | [normalize_query] 'Xem danh sách giao dịch qua máy CDM...' -> 'Xem danh sách giao dịch qua máy cdm...'
2025-12-19 08:59:26 | DEBUG    | log:152 | [perform_hybrid_search] query_text: [Xem danh sách giao dịch qua máy CDM] - formatted_query: [Xem danh sách giao dịch qua máy cdm] - normalized_query: [Xem danh sách giao dịch qua máy cdm]
2025-12-19 08:59:26 | DEBUG    | log:152 | [perform_hybrid_search] BM25 raw scores: min=0.0912, max=39.6522
2025-12-19 08:59:26 | DEBUG    | log:152 | [get_keyword_boost] Query: 'Xem danh sách giao dịch qua má...' | Doc: Tra cứu lịch sử giao | Boost: 0.50 | Matched: ['xem', 'danh sách giao dịch']
2025-12-19 08:59:26 | DEBUG    | log:152 | [get_keyword_boost] Query: 'Xem danh sách giao dịch qua má...' | Doc: Tra cứu lịch sử giao | Boost: 0.50 | Matched: ['xem', 'danh sách giao dịch']
2025-12-19 08:59:26 | DEBUG    | log:152 | [get_keyword_boost] Query: 'Xem danh sách giao dịch qua má...' | Doc: Tra cứu lịch sử giao | Boost: 0.25 | Matched: ['xem']
2025-12-19 08:59:26 | DEBUG    | log:152 | [get_keyword_boost] Query: 'Xem danh sách giao dịch qua má...' | Doc: Tra cứu giao dịch th | Boost: 0.25 | Matched: ['giao dịch']
2025-12-19 08:59:26 | DEBUG    | log:152 | [get_keyword_boost] Query: 'Xem danh sách giao dịch qua má...' | Doc: Tra cứu giao dịch th | Boost: 0.25 | Matched: ['giao dịch']
2025-12-19 08:59:26 | DEBUG    | log:152 | [get_keyword_boost] Query: 'Xem danh sách giao dịch qua má...' | Doc: Tra cứu giao dịch th | Boost: 0.25 | Matched: ['giao dịch']
2025-12-19 08:59:26 | DEBUG    | log:152 | [get_keyword_boost] Query: 'Xem danh sách giao dịch qua má...' | Doc: Tra cứu giao dịch th | Boost: 0.25 | Matched: ['máy cdm']
2025-12-19 08:59:26 | DEBUG    | log:152 | [classify_query_intent] Classified: 'Xem danh sách giao dịch qua má...' -> Tra cứu lịch sử giao dịch theo (score=2)
2025-12-19 08:59:26 | DEBUG    | log:152 | [normalize_query] 'Liệt kê giao dịch thanh toán qua thẻ...' -> 'Liệt kê giao dịch thanh toán qua thẻ...'
2025-12-19 08:59:26 | DEBUG    | log:152 | [perform_hybrid_search] query_text: [Liệt kê giao dịch thanh toán qua thẻ] - formatted_query: [Liệt kê giao dịch thanh toán qua thẻ] - normalized_query: [Liệt kê giao dịch thanh toán qua thẻ]
2025-12-19 08:59:26 | DEBUG    | log:152 | [perform_hybrid_search] BM25 raw scores: min=0.2088, max=34.9938
2025-12-19 08:59:26 | DEBUG    | log:152 | [get_keyword_boost] Query: 'Liệt kê giao dịch thanh toán q...' | Doc: Tra cứu lịch sử giao | Boost: 0.25 | Matched: ['liệt kê']
2025-12-19 08:59:26 | DEBUG    | log:152 | [get_keyword_boost] Query: 'Liệt kê giao dịch thanh toán q...' | Doc: Tra cứu lịch sử giao | Boost: 0.25 | Matched: ['liệt kê']
2025-12-19 08:59:26 | DEBUG    | log:152 | [get_keyword_boost] Query: 'Liệt kê giao dịch thanh toán q...' | Doc: Tra cứu lịch sử giao | Boost: 0.25 | Matched: ['liệt kê']
2025-12-19 08:59:26 | DEBUG    | log:152 | [get_keyword_boost] Query: 'Liệt kê giao dịch thanh toán q...' | Doc: Tra cứu giao dịch th | Boost: 0.25 | Matched: ['giao dịch']
2025-12-19 08:59:26 | DEBUG    | log:152 | [get_keyword_boost] Query: 'Liệt kê giao dịch thanh toán q...' | Doc: Tra cứu giao dịch th | Boost: 0.25 | Matched: ['giao dịch']
2025-12-19 08:59:26 | DEBUG    | log:152 | [get_keyword_boost] Query: 'Liệt kê giao dịch thanh toán q...' | Doc: Tra cứu giao dịch th | Boost: 0.50 | Matched: ['giao dịch', 'thanh toán']
2025-12-19 08:59:26 | DEBUG    | log:152 | [get_keyword_boost] Query: 'Liệt kê giao dịch thanh toán q...' | Doc: Tra cứu giao dịch ch | Boost: 0.25 | Matched: ['thanh toán']
2025-12-19 08:59:26 | DEBUG    | log:152 | [get_keyword_boost] Query: 'Liệt kê giao dịch thanh toán q...' | Doc: Tra cứu giao dịch th | Boost: 0.25 | Matched: ['thanh toán qua thẻ']
2025-12-19 08:59:26 | DEBUG    | log:152 | [classify_query_intent] Classified: 'Liệt kê giao dịch thanh toán q...' -> Tra cứu giao dịch theo loại gi (score=2)
2025-12-19 08:59:26 | DEBUG    | log:152 | [normalize_query] 'Tra cứu giao dịch qua kênh NAPAS...' -> 'Tra cứu giao dịch qua kênh napas...'
2025-12-19 08:59:26 | DEBUG    | log:152 | [perform_hybrid_search] query_text: [Tra cứu giao dịch qua kênh NAPAS] - formatted_query: [Tra cứu giao dịch qua kênh napas] - normalized_query: [Tra cứu giao dịch qua kênh napas]
2025-12-19 08:59:26 | DEBUG    | log:152 | [perform_hybrid_search] BM25 raw scores: min=1.2469, max=27.7304
2025-12-19 08:59:26 | DEBUG    | log:152 | [get_keyword_boost] Query: 'Tra cứu giao dịch qua kênh nap...' | Doc: Tra cứu lịch sử giao | Boost: 0.25 | Matched: ['tra cứu']
2025-12-19 08:59:26 | DEBUG    | log:152 | [get_keyword_boost] Query: 'Tra cứu giao dịch qua kênh nap...' | Doc: Tra cứu lịch sử giao | Boost: 0.25 | Matched: ['tra cứu']
2025-12-19 08:59:26 | DEBUG    | log:152 | [get_keyword_boost] Query: 'Tra cứu giao dịch qua kênh nap...' | Doc: Tra cứu lịch sử giao | Boost: 0.25 | Matched: ['tra cứu']
2025-12-19 08:59:26 | DEBUG    | log:152 | [get_keyword_boost] Query: 'Tra cứu giao dịch qua kênh nap...' | Doc: Tra cứu giao dịch th | Boost: 0.25 | Matched: ['giao dịch']
2025-12-19 08:59:26 | DEBUG    | log:152 | [get_keyword_boost] Query: 'Tra cứu giao dịch qua kênh nap...' | Doc: Tra cứu giao dịch th | Boost: 0.25 | Matched: ['giao dịch']
2025-12-19 08:59:26 | DEBUG    | log:152 | [get_keyword_boost] Query: 'Tra cứu giao dịch qua kênh nap...' | Doc: Tra cứu giao dịch th | Boost: 0.25 | Matched: ['giao dịch']
2025-12-19 08:59:26 | DEBUG    | log:152 | [get_keyword_boost] Query: 'Tra cứu giao dịch qua kênh nap...' | Doc: Tra cứu giao dịch th | Boost: 0.25 | Matched: ['napas']
2025-12-19 08:59:26 | DEBUG    | log:152 | [classify_query_intent] Ambiguous: 'Tra cứu giao dịch qua kênh nap...' | Scores: {'Tra cứu lịch sử giao dịch theo số tài khoản': 1, 'Tra cứu lịch sử giao dịch theo khoảng thời gian': 1, 'Tra cứu giao dịch theo số tiền': 1, 'Tra cứu giao dịch theo trạng thái': 1, 'Tra cứu giao dịch theo loại giao dịch': 1, 'Tra cứu giao dịch theo kênh giao dịch': 1}
2025-12-19 08:59:26 | DEBUG    | log:152 | [normalize_query] 'Cho biết giao dịch nào từ Apple Pay...' -> 'Cho biết giao dịch nào từ apple pay...'
2025-12-19 08:59:26 | DEBUG    | log:152 | [perform_hybrid_search] query_text: [Cho biết giao dịch nào từ Apple Pay] - formatted_query: [Cho biết giao dịch nào từ apple pay] - normalized_query: [Cho biết giao dịch nào từ apple pay]
2025-12-19 08:59:26 | DEBUG    | log:152 | [perform_hybrid_search] BM25 raw scores: min=0.0912, max=34.8797
2025-12-19 08:59:26 | DEBUG    | log:152 | [get_keyword_boost] Query: 'Cho biết giao dịch nào từ appl...' | Doc: Tra cứu giao dịch th | Boost: 0.25 | Matched: ['giao dịch']
2025-12-19 08:59:26 | DEBUG    | log:152 | [get_keyword_boost] Query: 'Cho biết giao dịch nào từ appl...' | Doc: Tra cứu giao dịch th | Boost: 0.25 | Matched: ['giao dịch']
2025-12-19 08:59:26 | DEBUG    | log:152 | [get_keyword_boost] Query: 'Cho biết giao dịch nào từ appl...' | Doc: Tra cứu giao dịch th | Boost: 0.25 | Matched: ['giao dịch']
2025-12-19 08:59:26 | DEBUG    | log:152 | [get_keyword_boost] Query: 'Cho biết giao dịch nào từ appl...' | Doc: Tra cứu giao dịch th | Boost: 0.25 | Matched: ['apple pay']
2025-12-19 08:59:26 | DEBUG    | log:152 | [classify_query_intent] Ambiguous: 'Cho biết giao dịch nào từ appl...' | Scores: {'Tra cứu giao dịch theo số tiền': 1, 'Tra cứu giao dịch theo trạng thái': 1, 'Tra cứu giao dịch theo loại giao dịch': 1, 'Tra cứu giao dịch theo kênh giao dịch': 1}
2025-12-19 08:59:26 | DEBUG    | log:152 | [normalize_query] 'Tìm các giao dịch qua Samsung Pay...' -> 'Tìm các giao dịch qua samsung pay...'
2025-12-19 08:59:26 | DEBUG    | log:152 | [perform_hybrid_search] query_text: [Tìm các giao dịch qua Samsung Pay] - formatted_query: [Tìm các giao dịch qua samsung pay] - normalized_query: [Tìm các giao dịch qua samsung pay]
2025-12-19 08:59:26 | DEBUG    | log:152 | [perform_hybrid_search] BM25 raw scores: min=0.0912, max=37.0857
2025-12-19 08:59:26 | DEBUG    | log:152 | [get_keyword_boost] Query: 'Tìm các giao dịch qua samsung ...' | Doc: Tra cứu lịch sử giao | Boost: 0.25 | Matched: ['tìm']
2025-12-19 08:59:26 | DEBUG    | log:152 | [get_keyword_boost] Query: 'Tìm các giao dịch qua samsung ...' | Doc: Tra cứu giao dịch th | Boost: 0.25 | Matched: ['giao dịch']
2025-12-19 08:59:26 | DEBUG    | log:152 | [get_keyword_boost] Query: 'Tìm các giao dịch qua samsung ...' | Doc: Tra cứu giao dịch th | Boost: 0.25 | Matched: ['giao dịch']
2025-12-19 08:59:26 | DEBUG    | log:152 | [get_keyword_boost] Query: 'Tìm các giao dịch qua samsung ...' | Doc: Tra cứu giao dịch th | Boost: 0.25 | Matched: ['giao dịch']
2025-12-19 08:59:26 | DEBUG    | log:152 | [get_keyword_boost] Query: 'Tìm các giao dịch qua samsung ...' | Doc: Tra cứu giao dịch th | Boost: 0.25 | Matched: ['samsung pay']
2025-12-19 08:59:26 | DEBUG    | log:152 | [classify_query_intent] Ambiguous: 'Tìm các giao dịch qua samsung ...' | Scores: {'Tra cứu lịch sử giao dịch theo khoảng thời gian': 1, 'Tra cứu giao dịch theo số tiền': 1, 'Tra cứu giao dịch theo trạng thái': 1, 'Tra cứu giao dịch theo loại giao dịch': 1, 'Tra cứu giao dịch theo kênh giao dịch': 1}
2025-12-19 08:59:26 | DEBUG    | log:152 | [normalize_query] 'Xem giao dịch thực hiện qua Google Pay...' -> 'Xem giao dịch thực hiện qua google pay...'
2025-12-19 08:59:26 | DEBUG    | log:152 | [perform_hybrid_search] query_text: [Xem giao dịch thực hiện qua Google Pay] - formatted_query: [Xem giao dịch thực hiện qua google pay] - normalized_query: [Xem giao dịch thực hiện qua google pay]
2025-12-19 08:59:26 | DEBUG    | log:152 | [perform_hybrid_search] BM25 raw scores: min=0.1371, max=39.1635
2025-12-19 08:59:26 | DEBUG    | log:152 | [get_keyword_boost] Query: 'Xem giao dịch thực hiện qua go...' | Doc: Tra cứu lịch sử giao | Boost: 0.25 | Matched: ['xem']
2025-12-19 08:59:26 | DEBUG    | log:152 | [get_keyword_boost] Query: 'Xem giao dịch thực hiện qua go...' | Doc: Tra cứu lịch sử giao | Boost: 0.25 | Matched: ['xem']
2025-12-19 08:59:26 | DEBUG    | log:152 | [get_keyword_boost] Query: 'Xem giao dịch thực hiện qua go...' | Doc: Tra cứu lịch sử giao | Boost: 0.25 | Matched: ['xem']
2025-12-19 08:59:26 | DEBUG    | log:152 | [get_keyword_boost] Query: 'Xem giao dịch thực hiện qua go...' | Doc: Tra cứu giao dịch th | Boost: 0.25 | Matched: ['giao dịch']
2025-12-19 08:59:26 | DEBUG    | log:152 | [get_keyword_boost] Query: 'Xem giao dịch thực hiện qua go...' | Doc: Tra cứu giao dịch th | Boost: 0.25 | Matched: ['giao dịch']
2025-12-19 08:59:26 | DEBUG    | log:152 | [get_keyword_boost] Query: 'Xem giao dịch thực hiện qua go...' | Doc: Tra cứu giao dịch th | Boost: 0.25 | Matched: ['giao dịch']
2025-12-19 08:59:26 | DEBUG    | log:152 | [get_keyword_boost] Query: 'Xem giao dịch thực hiện qua go...' | Doc: Tra cứu giao dịch th | Boost: 0.25 | Matched: ['google pay']
2025-12-19 08:59:26 | DEBUG    | log:152 | [classify_query_intent] Ambiguous: 'Xem giao dịch thực hiện qua go...' | Scores: {'Tra cứu lịch sử giao dịch theo số tài khoản': 1, 'Tra cứu lịch sử giao dịch theo khoảng thời gian': 1, 'Tra cứu giao dịch theo số tiền': 1, 'Tra cứu giao dịch theo trạng thái': 1, 'Tra cứu giao dịch theo loại giao dịch': 1, 'Tra cứu giao dịch theo kênh giao dịch': 1}
2025-12-19 08:59:26 | DEBUG    | log:152 | [normalize_query] 'Liệt kê giao dịch qua VNPay...' -> 'Liệt kê giao dịch qua vnpay...'
2025-12-19 08:59:26 | DEBUG    | log:152 | [perform_hybrid_search] query_text: [Liệt kê giao dịch qua VNPay] - formatted_query: [Liệt kê giao dịch qua vnpay] - normalized_query: [Liệt kê giao dịch qua vnpay]
2025-12-19 08:59:26 | DEBUG    | log:152 | [perform_hybrid_search] BM25 raw scores: min=0.0912, max=33.2028
2025-12-19 08:59:26 | DEBUG    | log:152 | [get_keyword_boost] Query: 'Liệt kê giao dịch qua vnpay...' | Doc: Tra cứu lịch sử giao | Boost: 0.25 | Matched: ['liệt kê']
2025-12-19 08:59:26 | DEBUG    | log:152 | [get_keyword_boost] Query: 'Liệt kê giao dịch qua vnpay...' | Doc: Tra cứu lịch sử giao | Boost: 0.25 | Matched: ['liệt kê']
2025-12-19 08:59:26 | DEBUG    | log:152 | [get_keyword_boost] Query: 'Liệt kê giao dịch qua vnpay...' | Doc: Tra cứu lịch sử giao | Boost: 0.25 | Matched: ['liệt kê']
2025-12-19 08:59:26 | DEBUG    | log:152 | [get_keyword_boost] Query: 'Liệt kê giao dịch qua vnpay...' | Doc: Tra cứu giao dịch th | Boost: 0.25 | Matched: ['giao dịch']
2025-12-19 08:59:26 | DEBUG    | log:152 | [get_keyword_boost] Query: 'Liệt kê giao dịch qua vnpay...' | Doc: Tra cứu giao dịch th | Boost: 0.25 | Matched: ['giao dịch']
2025-12-19 08:59:26 | DEBUG    | log:152 | [get_keyword_boost] Query: 'Liệt kê giao dịch qua vnpay...' | Doc: Tra cứu giao dịch th | Boost: 0.25 | Matched: ['giao dịch']
2025-12-19 08:59:26 | DEBUG    | log:152 | [get_keyword_boost] Query: 'Liệt kê giao dịch qua vnpay...' | Doc: Tra cứu giao dịch th | Boost: 0.25 | Matched: ['vnpay']
2025-12-19 08:59:26 | DEBUG    | log:152 | [classify_query_intent] Ambiguous: 'Liệt kê giao dịch qua vnpay...' | Scores: {'Tra cứu lịch sử giao dịch theo số tài khoản': 1, 'Tra cứu lịch sử giao dịch theo khoảng thời gian': 1, 'Tra cứu giao dịch theo số tiền': 1, 'Tra cứu giao dịch theo trạng thái': 1, 'Tra cứu giao dịch theo loại giao dịch': 1, 'Tra cứu giao dịch theo kênh giao dịch': 1}
2025-12-19 08:59:26 | DEBUG    | log:152 | [normalize_query] 'Tra cứu các giao dịch qua MoMo...' -> 'Tra cứu các giao dịch qua momo...'
2025-12-19 08:59:26 | DEBUG    | log:152 | [perform_hybrid_search] query_text: [Tra cứu các giao dịch qua MoMo] - formatted_query: [Tra cứu các giao dịch qua momo] - normalized_query: [Tra cứu các giao dịch qua momo]
2025-12-19 08:59:26 | DEBUG    | log:152 | [perform_hybrid_search] BM25 raw scores: min=1.2469, max=20.5613
2025-12-19 08:59:26 | DEBUG    | log:152 | [get_keyword_boost] Query: 'Tra cứu các giao dịch qua momo...' | Doc: Tra cứu lịch sử giao | Boost: 0.25 | Matched: ['tra cứu']
2025-12-19 08:59:26 | DEBUG    | log:152 | [get_keyword_boost] Query: 'Tra cứu các giao dịch qua momo...' | Doc: Tra cứu lịch sử giao | Boost: 0.25 | Matched: ['tra cứu']
2025-12-19 08:59:26 | DEBUG    | log:152 | [get_keyword_boost] Query: 'Tra cứu các giao dịch qua momo...' | Doc: Tra cứu lịch sử giao | Boost: 0.25 | Matched: ['tra cứu']
2025-12-19 08:59:26 | DEBUG    | log:152 | [get_keyword_boost] Query: 'Tra cứu các giao dịch qua momo...' | Doc: Tra cứu giao dịch th | Boost: 0.25 | Matched: ['giao dịch']
2025-12-19 08:59:26 | DEBUG    | log:152 | [get_keyword_boost] Query: 'Tra cứu các giao dịch qua momo...' | Doc: Tra cứu giao dịch th | Boost: 0.25 | Matched: ['giao dịch']
2025-12-19 08:59:26 | DEBUG    | log:152 | [get_keyword_boost] Query: 'Tra cứu các giao dịch qua momo...' | Doc: Tra cứu giao dịch th | Boost: 0.25 | Matched: ['giao dịch']
2025-12-19 08:59:26 | DEBUG    | log:152 | [classify_query_intent] Ambiguous: 'Tra cứu các giao dịch qua momo...' | Scores: {'Tra cứu lịch sử giao dịch theo số tài khoản': 1, 'Tra cứu lịch sử giao dịch theo khoảng thời gian': 1, 'Tra cứu giao dịch theo số tiền': 1, 'Tra cứu giao dịch theo trạng thái': 1, 'Tra cứu giao dịch theo loại giao dịch': 1}
2025-12-19 08:59:26 | DEBUG    | log:152 | [normalize_query] 'Xem chi tiết giao dịch có mã số 12345678...' -> 'Xem chi tiết giao dịch có mã số 12345678...'
2025-12-19 08:59:26 | DEBUG    | log:152 | [perform_hybrid_search] query_text: [Xem chi tiết giao dịch có mã số 123456789] - formatted_query: [Xem chi tiết giao dịch có mã số 123456789] - normalized_query: [Xem chi tiết giao dịch có mã số 123456789]
2025-12-19 08:59:26 | DEBUG    | log:152 | [perform_hybrid_search] BM25 raw scores: min=1.9206, max=45.8847
2025-12-19 08:59:26 | DEBUG    | log:152 | [get_keyword_boost] Query: 'Xem chi tiết giao dịch có mã s...' | Doc: Tra cứu lịch sử giao | Boost: 0.25 | Matched: ['xem']
2025-12-19 08:59:26 | DEBUG    | log:152 | [get_keyword_boost] Query: 'Xem chi tiết giao dịch có mã s...' | Doc: Tra cứu lịch sử giao | Boost: 0.25 | Matched: ['xem']
2025-12-19 08:59:26 | DEBUG    | log:152 | [get_keyword_boost] Query: 'Xem chi tiết giao dịch có mã s...' | Doc: Tra cứu lịch sử giao | Boost: 0.25 | Matched: ['xem']
2025-12-19 08:59:26 | DEBUG    | log:152 | [get_keyword_boost] Query: 'Xem chi tiết giao dịch có mã s...' | Doc: Tra cứu giao dịch th | Boost: 0.25 | Matched: ['giao dịch']
2025-12-19 08:59:26 | DEBUG    | log:152 | [get_keyword_boost] Query: 'Xem chi tiết giao dịch có mã s...' | Doc: Tra cứu giao dịch th | Boost: 0.25 | Matched: ['giao dịch']
2025-12-19 08:59:26 | DEBUG    | log:152 | [get_keyword_boost] Query: 'Xem chi tiết giao dịch có mã s...' | Doc: Tra cứu giao dịch th | Boost: 0.25 | Matched: ['giao dịch']
2025-12-19 08:59:27 | DEBUG    | log:152 | [get_keyword_boost] Query: 'Xem chi tiết giao dịch có mã s...' | Doc: Tra cứu chi tiết một | Boost: 0.50 | Matched: ['chi tiết giao dịch', 'mã số']
2025-12-19 08:59:27 | DEBUG    | log:152 | [classify_query_intent] Classified: 'Xem chi tiết giao dịch có mã s...' -> Tra cứu chi tiết một giao dịch (score=2)
2025-12-19 08:59:27 | DEBUG    | log:152 | [normalize_query] 'Cho tôi thông tin giao dịch có mã tham c...' -> 'Cho tôi thông tin giao dịch có mã tham c...'
2025-12-19 08:59:27 | DEBUG    | log:152 | [perform_hybrid_search] query_text: [Cho tôi thông tin giao dịch có mã tham chiếu ABC123] - formatted_query: [Cho tôi thông tin giao dịch có mã tham chiếu abc123] - normalized_query: [Cho tôi thông tin giao dịch có mã tham chiếu abc123]
2025-12-19 08:59:27 | DEBUG    | log:152 | [perform_hybrid_search] BM25 raw scores: min=0.5469, max=47.9047
2025-12-19 08:59:27 | DEBUG    | log:152 | [get_keyword_boost] Query: 'Cho tôi thông tin giao dịch có...' | Doc: Tra cứu giao dịch th | Boost: 0.25 | Matched: ['giao dịch']
2025-12-19 08:59:27 | DEBUG    | log:152 | [get_keyword_boost] Query: 'Cho tôi thông tin giao dịch có...' | Doc: Tra cứu giao dịch th | Boost: 0.25 | Matched: ['giao dịch']
2025-12-19 08:59:27 | DEBUG    | log:152 | [get_keyword_boost] Query: 'Cho tôi thông tin giao dịch có...' | Doc: Tra cứu giao dịch th | Boost: 0.25 | Matched: ['giao dịch']
2025-12-19 08:59:27 | DEBUG    | log:152 | [get_keyword_boost] Query: 'Cho tôi thông tin giao dịch có...' | Doc: Tra cứu chi tiết một | Boost: 0.25 | Matched: ['mã tham chiếu']
2025-12-19 08:59:27 | DEBUG    | log:152 | [classify_query_intent] Ambiguous: 'Cho tôi thông tin giao dịch có...' | Scores: {'Tra cứu giao dịch theo số tiền': 1, 'Tra cứu giao dịch theo trạng thái': 1, 'Tra cứu giao dịch theo loại giao dịch': 1, 'Tra cứu chi tiết một giao dịch cụ thể': 1}
2025-12-19 08:59:27 | DEBUG    | log:152 | [normalize_query] 'Tra cứu chi tiết giao dịch số 987654321...' -> 'Tra cứu chi tiết giao dịch số 987654321...'
2025-12-19 08:59:27 | DEBUG    | log:152 | [perform_hybrid_search] query_text: [Tra cứu chi tiết giao dịch số 987654321] - formatted_query: [Tra cứu chi tiết giao dịch số 987654321] - normalized_query: [Tra cứu chi tiết giao dịch số 987654321]
2025-12-19 08:59:27 | DEBUG    | log:152 | [perform_hybrid_search] BM25 raw scores: min=1.2121, max=24.1687
2025-12-19 08:59:27 | DEBUG    | log:152 | [get_keyword_boost] Query: 'Tra cứu chi tiết giao dịch số ...' | Doc: Tra cứu lịch sử giao | Boost: 0.25 | Matched: ['tra cứu']
2025-12-19 08:59:27 | DEBUG    | log:152 | [get_keyword_boost] Query: 'Tra cứu chi tiết giao dịch số ...' | Doc: Tra cứu lịch sử giao | Boost: 0.25 | Matched: ['tra cứu']
2025-12-19 08:59:27 | DEBUG    | log:152 | [get_keyword_boost] Query: 'Tra cứu chi tiết giao dịch số ...' | Doc: Tra cứu lịch sử giao | Boost: 0.25 | Matched: ['tra cứu']
2025-12-19 08:59:27 | DEBUG    | log:152 | [get_keyword_boost] Query: 'Tra cứu chi tiết giao dịch số ...' | Doc: Tra cứu giao dịch th | Boost: 0.25 | Matched: ['giao dịch']
2025-12-19 08:59:27 | DEBUG    | log:152 | [get_keyword_boost] Query: 'Tra cứu chi tiết giao dịch số ...' | Doc: Tra cứu giao dịch th | Boost: 0.25 | Matched: ['giao dịch']
2025-12-19 08:59:27 | DEBUG    | log:152 | [get_keyword_boost] Query: 'Tra cứu chi tiết giao dịch số ...' | Doc: Tra cứu giao dịch th | Boost: 0.25 | Matched: ['giao dịch']
2025-12-19 08:59:27 | DEBUG    | log:152 | [get_keyword_boost] Query: 'Tra cứu chi tiết giao dịch số ...' | Doc: Tra cứu chi tiết một | Boost: 0.25 | Matched: ['chi tiết giao dịch']
2025-12-19 08:59:27 | DEBUG    | log:152 | [classify_query_intent] Ambiguous: 'Tra cứu chi tiết giao dịch số ...' | Scores: {'Tra cứu lịch sử giao dịch theo số tài khoản': 1, 'Tra cứu lịch sử giao dịch theo khoảng thời gian': 1, 'Tra cứu giao dịch theo số tiền': 1, 'Tra cứu giao dịch theo trạng thái': 1, 'Tra cứu giao dịch theo loại giao dịch': 1, 'Tra cứu chi tiết một giao dịch cụ thể': 1}
2025-12-19 08:59:27 | DEBUG    | log:152 | [normalize_query] 'Tìm thông tin về giao dịch có ID 4567891...' -> 'Tìm thông tin về giao dịch có id 4567891...'
2025-12-19 08:59:27 | DEBUG    | log:152 | [perform_hybrid_search] query_text: [Tìm thông tin về giao dịch có ID 456789123] - formatted_query: [Tìm thông tin về giao dịch có id 456789123] - normalized_query: [Tìm thông tin về giao dịch có id 456789123]
2025-12-19 08:59:27 | DEBUG    | log:152 | [perform_hybrid_search] BM25 raw scores: min=2.0839, max=37.6053
2025-12-19 08:59:27 | DEBUG    | log:152 | [get_keyword_boost] Query: 'Tìm thông tin về giao dịch có ...' | Doc: Tra cứu lịch sử giao | Boost: 0.25 | Matched: ['tìm']
2025-12-19 08:59:27 | DEBUG    | log:152 | [get_keyword_boost] Query: 'Tìm thông tin về giao dịch có ...' | Doc: Tra cứu giao dịch th | Boost: 0.25 | Matched: ['giao dịch']
2025-12-19 08:59:27 | DEBUG    | log:152 | [get_keyword_boost] Query: 'Tìm thông tin về giao dịch có ...' | Doc: Tra cứu giao dịch th | Boost: 0.25 | Matched: ['giao dịch']
2025-12-19 08:59:27 | DEBUG    | log:152 | [get_keyword_boost] Query: 'Tìm thông tin về giao dịch có ...' | Doc: Tra cứu giao dịch th | Boost: 0.25 | Matched: ['giao dịch']
2025-12-19 08:59:27 | DEBUG    | log:152 | [get_keyword_boost] Query: 'Tìm thông tin về giao dịch có ...' | Doc: Tra cứu chi tiết một | Boost: 0.25 | Matched: ['id']
2025-12-19 08:59:27 | DEBUG    | log:152 | [classify_query_intent] Ambiguous: 'Tìm thông tin về giao dịch có ...' | Scores: {'Tra cứu lịch sử giao dịch theo khoảng thời gian': 1, 'Tra cứu giao dịch theo số tiền': 1, 'Tra cứu giao dịch theo trạng thái': 1, 'Tra cứu giao dịch theo loại giao dịch': 1, 'Tra cứu chi tiết một giao dịch cụ thể': 1}
2025-12-19 08:59:27 | DEBUG    | log:152 | [normalize_query] 'Liệt kê chi tiết của giao dịch mã GD1234...' -> 'Liệt kê chi tiết của giao dịch mã gd1234...'
2025-12-19 08:59:27 | DEBUG    | log:152 | [perform_hybrid_search] query_text: [Liệt kê chi tiết của giao dịch mã GD123456] - formatted_query: [Liệt kê chi tiết của giao dịch mã gd123456] - normalized_query: [Liệt kê chi tiết của giao dịch mã gd123456]
2025-12-19 08:59:27 | DEBUG    | log:152 | [perform_hybrid_search] BM25 raw scores: min=0.6083, max=26.9921
2025-12-19 08:59:27 | DEBUG    | log:152 | [get_keyword_boost] Query: 'Liệt kê chi tiết của giao dịch...' | Doc: Tra cứu lịch sử giao | Boost: 0.25 | Matched: ['liệt kê']
2025-12-19 08:59:27 | DEBUG    | log:152 | [get_keyword_boost] Query: 'Liệt kê chi tiết của giao dịch...' | Doc: Tra cứu lịch sử giao | Boost: 0.25 | Matched: ['liệt kê']
2025-12-19 08:59:27 | DEBUG    | log:152 | [get_keyword_boost] Query: 'Liệt kê chi tiết của giao dịch...' | Doc: Tra cứu lịch sử giao | Boost: 0.25 | Matched: ['liệt kê']
2025-12-19 08:59:27 | DEBUG    | log:152 | [get_keyword_boost] Query: 'Liệt kê chi tiết của giao dịch...' | Doc: Tra cứu giao dịch th | Boost: 0.25 | Matched: ['giao dịch']
2025-12-19 08:59:27 | DEBUG    | log:152 | [get_keyword_boost] Query: 'Liệt kê chi tiết của giao dịch...' | Doc: Tra cứu giao dịch th | Boost: 0.25 | Matched: ['giao dịch']
2025-12-19 08:59:27 | DEBUG    | log:152 | [get_keyword_boost] Query: 'Liệt kê chi tiết của giao dịch...' | Doc: Tra cứu giao dịch th | Boost: 0.25 | Matched: ['giao dịch']
2025-12-19 08:59:27 | DEBUG    | log:152 | [get_keyword_boost] Query: 'Liệt kê chi tiết của giao dịch...' | Doc: Tra cứu chi tiết một | Boost: 0.25 | Matched: ['mã gd']
2025-12-19 08:59:27 | DEBUG    | log:152 | [classify_query_intent] Ambiguous: 'Liệt kê chi tiết của giao dịch...' | Scores: {'Tra cứu lịch sử giao dịch theo số tài khoản': 1, 'Tra cứu lịch sử giao dịch theo khoảng thời gian': 1, 'Tra cứu giao dịch theo số tiền': 1, 'Tra cứu giao dịch theo trạng thái': 1, 'Tra cứu giao dịch theo loại giao dịch': 1, 'Tra cứu chi tiết một giao dịch cụ thể': 1}
2025-12-19 08:59:27 | DEBUG    | log:152 | [normalize_query] 'Cho biết thông tin giao dịch có số tham ...' -> 'Cho biết thông tin giao dịch có số tham ...'
2025-12-19 08:59:27 | DEBUG    | log:152 | [perform_hybrid_search] query_text: [Cho biết thông tin giao dịch có số tham chiếu REF001] - formatted_query: [Cho biết thông tin giao dịch có số tham chiếu ref001] - normalized_query: [Cho biết thông tin giao dịch có số tham chiếu ref001]
2025-12-19 08:59:27 | DEBUG    | log:152 | [perform_hybrid_search] BM25 raw scores: min=0.2431, max=49.2390
2025-12-19 08:59:27 | DEBUG    | log:152 | [get_keyword_boost] Query: 'Cho biết thông tin giao dịch c...' | Doc: Tra cứu giao dịch th | Boost: 0.25 | Matched: ['giao dịch']
2025-12-19 08:59:27 | DEBUG    | log:152 | [get_keyword_boost] Query: 'Cho biết thông tin giao dịch c...' | Doc: Tra cứu giao dịch th | Boost: 0.25 | Matched: ['giao dịch']
2025-12-19 08:59:27 | DEBUG    | log:152 | [get_keyword_boost] Query: 'Cho biết thông tin giao dịch c...' | Doc: Tra cứu giao dịch th | Boost: 0.25 | Matched: ['giao dịch']
2025-12-19 08:59:27 | DEBUG    | log:152 | [get_keyword_boost] Query: 'Cho biết thông tin giao dịch c...' | Doc: Tra cứu chi tiết một | Boost: 0.25 | Matched: ['số tham chiếu']
2025-12-19 08:59:27 | DEBUG    | log:152 | [classify_query_intent] Ambiguous: 'Cho biết thông tin giao dịch c...' | Scores: {'Tra cứu giao dịch theo số tiền': 1, 'Tra cứu giao dịch theo trạng thái': 1, 'Tra cứu giao dịch theo loại giao dịch': 1, 'Tra cứu chi tiết một giao dịch cụ thể': 1}
2025-12-19 08:59:27 | DEBUG    | log:152 | [normalize_query] 'Xem nội dung giao dịch có mã 111222333...' -> 'Xem nội dung giao dịch có mã 111222333...'
2025-12-19 08:59:27 | DEBUG    | log:152 | [perform_hybrid_search] query_text: [Xem nội dung giao dịch có mã 111222333] - formatted_query: [Xem nội dung giao dịch có mã 111222333] - normalized_query: [Xem nội dung giao dịch có mã 111222333]
2025-12-19 08:59:27 | DEBUG    | log:152 | [perform_hybrid_search] BM25 raw scores: min=2.5509, max=38.3869
2025-12-19 08:59:27 | DEBUG    | log:152 | [get_keyword_boost] Query: 'Xem nội dung giao dịch có mã 1...' | Doc: Tra cứu lịch sử giao | Boost: 0.25 | Matched: ['xem']
2025-12-19 08:59:27 | DEBUG    | log:152 | [get_keyword_boost] Query: 'Xem nội dung giao dịch có mã 1...' | Doc: Tra cứu lịch sử giao | Boost: 0.25 | Matched: ['xem']
2025-12-19 08:59:27 | DEBUG    | log:152 | [get_keyword_boost] Query: 'Xem nội dung giao dịch có mã 1...' | Doc: Tra cứu lịch sử giao | Boost: 0.25 | Matched: ['xem']
2025-12-19 08:59:27 | DEBUG    | log:152 | [get_keyword_boost] Query: 'Xem nội dung giao dịch có mã 1...' | Doc: Tra cứu giao dịch th | Boost: 0.25 | Matched: ['giao dịch']
2025-12-19 08:59:27 | DEBUG    | log:152 | [get_keyword_boost] Query: 'Xem nội dung giao dịch có mã 1...' | Doc: Tra cứu giao dịch th | Boost: 0.25 | Matched: ['giao dịch']
2025-12-19 08:59:27 | DEBUG    | log:152 | [get_keyword_boost] Query: 'Xem nội dung giao dịch có mã 1...' | Doc: Tra cứu giao dịch th | Boost: 0.25 | Matched: ['giao dịch']
2025-12-19 08:59:27 | DEBUG    | log:152 | [get_keyword_boost] Query: 'Xem nội dung giao dịch có mã 1...' | Doc: Tra cứu giao dịch ch | Boost: 0.25 | Matched: ['nội dung']
2025-12-19 08:59:27 | DEBUG    | log:152 | [classify_query_intent] Ambiguous: 'Xem nội dung giao dịch có mã 1...' | Scores: {'Tra cứu lịch sử giao dịch theo số tài khoản': 1, 'Tra cứu lịch sử giao dịch theo khoảng thời gian': 1, 'Tra cứu giao dịch theo số tiền': 1, 'Tra cứu giao dịch theo trạng thái': 1, 'Tra cứu giao dịch theo loại giao dịch': 1, 'Tra cứu giao dịch chuyển tiền': 1}
2025-12-19 08:59:27 | DEBUG    | log:152 | [normalize_query] 'Tra cứu giao dịch theo mã tham chiếu TRN...' -> 'Tra cứu giao dịch theo mã tham chiếu trn...'
2025-12-19 08:59:27 | DEBUG    | log:152 | [perform_hybrid_search] query_text: [Tra cứu giao dịch theo mã tham chiếu TRN20241217001] - formatted_query: [Tra cứu giao dịch theo mã tham chiếu trn20241217001] - normalized_query: [Tra cứu giao dịch theo mã tham chiếu trn20241217001]
2025-12-19 08:59:27 | DEBUG    | log:152 | [perform_hybrid_search] BM25 raw scores: min=1.5662, max=29.8631
2025-12-19 08:59:27 | DEBUG    | log:152 | [get_keyword_boost] Query: 'Tra cứu giao dịch theo mã tham...' | Doc: Tra cứu lịch sử giao | Boost: 0.25 | Matched: ['tra cứu']
2025-12-19 08:59:27 | DEBUG    | log:152 | [get_keyword_boost] Query: 'Tra cứu giao dịch theo mã tham...' | Doc: Tra cứu lịch sử giao | Boost: 0.25 | Matched: ['tra cứu']
2025-12-19 08:59:27 | DEBUG    | log:152 | [get_keyword_boost] Query: 'Tra cứu giao dịch theo mã tham...' | Doc: Tra cứu lịch sử giao | Boost: 0.25 | Matched: ['tra cứu']
2025-12-19 08:59:27 | DEBUG    | log:152 | [get_keyword_boost] Query: 'Tra cứu giao dịch theo mã tham...' | Doc: Tra cứu giao dịch th | Boost: 0.25 | Matched: ['giao dịch']
2025-12-19 08:59:27 | DEBUG    | log:152 | [get_keyword_boost] Query: 'Tra cứu giao dịch theo mã tham...' | Doc: Tra cứu giao dịch th | Boost: 0.25 | Matched: ['giao dịch']
2025-12-19 08:59:27 | DEBUG    | log:152 | [get_keyword_boost] Query: 'Tra cứu giao dịch theo mã tham...' | Doc: Tra cứu giao dịch th | Boost: 0.25 | Matched: ['giao dịch']
2025-12-19 08:59:27 | DEBUG    | log:152 | [get_keyword_boost] Query: 'Tra cứu giao dịch theo mã tham...' | Doc: Tra cứu chi tiết một | Boost: 0.25 | Matched: ['mã tham chiếu']
2025-12-19 08:59:27 | DEBUG    | log:152 | [classify_query_intent] Ambiguous: 'Tra cứu giao dịch theo mã tham...' | Scores: {'Tra cứu lịch sử giao dịch theo số tài khoản': 1, 'Tra cứu lịch sử giao dịch theo khoảng thời gian': 1, 'Tra cứu giao dịch theo số tiền': 1, 'Tra cứu giao dịch theo trạng thái': 1, 'Tra cứu giao dịch theo loại giao dịch': 1, 'Tra cứu chi tiết một giao dịch cụ thể': 1}
2025-12-19 08:59:27 | DEBUG    | log:152 | [normalize_query] 'Tìm chi tiết giao dịch có trans_id 78945...' -> 'Tìm chi tiết giao dịch có trans_id 78945...'
2025-12-19 08:59:27 | DEBUG    | log:152 | [perform_hybrid_search] query_text: [Tìm chi tiết giao dịch có trans_id 789456123] - formatted_query: [Tìm chi tiết giao dịch có trans_id 789456123] - normalized_query: [Tìm chi tiết giao dịch có trans_id 789456123]
2025-12-19 08:59:27 | DEBUG    | log:152 | [perform_hybrid_search] BM25 raw scores: min=1.3849, max=37.7000
2025-12-19 08:59:27 | DEBUG    | log:152 | [get_keyword_boost] Query: 'Tìm chi tiết giao dịch có tran...' | Doc: Tra cứu lịch sử giao | Boost: 0.25 | Matched: ['tìm']
2025-12-19 08:59:27 | DEBUG    | log:152 | [get_keyword_boost] Query: 'Tìm chi tiết giao dịch có tran...' | Doc: Tra cứu giao dịch th | Boost: 0.25 | Matched: ['giao dịch']
2025-12-19 08:59:27 | DEBUG    | log:152 | [get_keyword_boost] Query: 'Tìm chi tiết giao dịch có tran...' | Doc: Tra cứu giao dịch th | Boost: 0.25 | Matched: ['giao dịch']
2025-12-19 08:59:27 | DEBUG    | log:152 | [get_keyword_boost] Query: 'Tìm chi tiết giao dịch có tran...' | Doc: Tra cứu giao dịch th | Boost: 0.25 | Matched: ['giao dịch']
2025-12-19 08:59:27 | DEBUG    | log:152 | [get_keyword_boost] Query: 'Tìm chi tiết giao dịch có tran...' | Doc: Tra cứu chi tiết một | Boost: 0.75 | Matched: ['chi tiết giao dịch', 'id', 'trans_id']
2025-12-19 08:59:27 | DEBUG    | log:152 | [classify_query_intent] Classified: 'Tìm chi tiết giao dịch có tran...' -> Tra cứu chi tiết một giao dịch (score=3)
2025-12-19 08:59:27 | DEBUG    | log:152 | [normalize_query] 'Cho xem thông tin đầy đủ của giao dịch s...' -> 'Cho xem thông tin đầy đủ của giao dịch s...'
2025-12-19 08:59:27 | DEBUG    | log:152 | [perform_hybrid_search] query_text: [Cho xem thông tin đầy đủ của giao dịch số 321654987] - formatted_query: [Cho xem thông tin đầy đủ của giao dịch số 321654987] - normalized_query: [Cho xem thông tin đầy đủ của giao dịch số 321654987]
2025-12-19 08:59:27 | DEBUG    | log:152 | [perform_hybrid_search] BM25 raw scores: min=2.7708, max=29.5504
2025-12-19 08:59:27 | DEBUG    | log:152 | [get_keyword_boost] Query: 'Cho xem thông tin đầy đủ của g...' | Doc: Tra cứu lịch sử giao | Boost: 0.25 | Matched: ['xem']
2025-12-19 08:59:27 | DEBUG    | log:152 | [get_keyword_boost] Query: 'Cho xem thông tin đầy đủ của g...' | Doc: Tra cứu lịch sử giao | Boost: 0.25 | Matched: ['xem']
2025-12-19 08:59:27 | DEBUG    | log:152 | [get_keyword_boost] Query: 'Cho xem thông tin đầy đủ của g...' | Doc: Tra cứu lịch sử giao | Boost: 0.25 | Matched: ['xem']
2025-12-19 08:59:27 | DEBUG    | log:152 | [get_keyword_boost] Query: 'Cho xem thông tin đầy đủ của g...' | Doc: Tra cứu giao dịch th | Boost: 0.25 | Matched: ['giao dịch']
2025-12-19 08:59:27 | DEBUG    | log:152 | [get_keyword_boost] Query: 'Cho xem thông tin đầy đủ của g...' | Doc: Tra cứu giao dịch th | Boost: 0.25 | Matched: ['giao dịch']
2025-12-19 08:59:27 | DEBUG    | log:152 | [get_keyword_boost] Query: 'Cho xem thông tin đầy đủ của g...' | Doc: Tra cứu giao dịch th | Boost: 0.25 | Matched: ['giao dịch']
2025-12-19 08:59:27 | DEBUG    | log:152 | [get_keyword_boost] Query: 'Cho xem thông tin đầy đủ của g...' | Doc: Tra cứu chi tiết một | Boost: 0.25 | Matched: ['thông tin đầy đủ']
2025-12-19 08:59:27 | DEBUG    | log:152 | [classify_query_intent] Ambiguous: 'Cho xem thông tin đầy đủ của g...' | Scores: {'Tra cứu lịch sử giao dịch theo số tài khoản': 1, 'Tra cứu lịch sử giao dịch theo khoảng thời gian': 1, 'Tra cứu giao dịch theo số tiền': 1, 'Tra cứu giao dịch theo trạng thái': 1, 'Tra cứu giao dịch theo loại giao dịch': 1, 'Tra cứu chi tiết một giao dịch cụ thể': 1}
2025-12-19 08:59:27 | DEBUG    | log:152 | [normalize_query] 'Kiểm tra trạng thái giao dịch có mã ABC7...' -> 'Kiểm tra trạng thái giao dịch có mã abc7...'
2025-12-19 08:59:27 | DEBUG    | log:152 | [perform_hybrid_search] query_text: [Kiểm tra trạng thái giao dịch có mã ABC789] - formatted_query: [Kiểm tra trạng thái giao dịch có mã abc789] - normalized_query: [Kiểm tra trạng thái giao dịch có mã abc789]
2025-12-19 08:59:27 | DEBUG    | log:152 | [perform_hybrid_search] BM25 raw scores: min=1.1762, max=35.8675
2025-12-19 08:59:27 | DEBUG    | log:152 | [get_keyword_boost] Query: 'Kiểm tra trạng thái giao dịch ...' | Doc: Tra cứu lịch sử giao | Boost: 0.25 | Matched: ['kiểm tra']
2025-12-19 08:59:27 | DEBUG    | log:152 | [get_keyword_boost] Query: 'Kiểm tra trạng thái giao dịch ...' | Doc: Tra cứu lịch sử giao | Boost: 0.25 | Matched: ['kiểm tra']
2025-12-19 08:59:27 | DEBUG    | log:152 | [get_keyword_boost] Query: 'Kiểm tra trạng thái giao dịch ...' | Doc: Tra cứu lịch sử giao | Boost: 0.25 | Matched: ['kiểm tra']
2025-12-19 08:59:27 | DEBUG    | log:152 | [get_keyword_boost] Query: 'Kiểm tra trạng thái giao dịch ...' | Doc: Tra cứu giao dịch th | Boost: 0.25 | Matched: ['giao dịch']
2025-12-19 08:59:27 | DEBUG    | log:152 | [get_keyword_boost] Query: 'Kiểm tra trạng thái giao dịch ...' | Doc: Tra cứu giao dịch th | Boost: 0.50 | Matched: ['giao dịch', 'trạng thái']
2025-12-19 08:59:27 | DEBUG    | log:152 | [get_keyword_boost] Query: 'Kiểm tra trạng thái giao dịch ...' | Doc: Tra cứu giao dịch th | Boost: 0.25 | Matched: ['giao dịch']
2025-12-19 08:59:27 | DEBUG    | log:152 | [get_keyword_boost] Query: 'Kiểm tra trạng thái giao dịch ...' | Doc: Tra cứu chi tiết một | Boost: 0.25 | Matched: ['trạng thái']
2025-12-19 08:59:27 | DEBUG    | log:152 | [classify_query_intent] Classified: 'Kiểm tra trạng thái giao dịch ...' -> Tra cứu giao dịch theo trạng t (score=2)
2025-12-19 08:59:27 | DEBUG    | log:152 | [normalize_query] 'Xem phí của giao dịch có mã số 555666777...' -> 'Xem phí của giao dịch có mã số 555666777...'
2025-12-19 08:59:27 | DEBUG    | log:152 | [perform_hybrid_search] query_text: [Xem phí của giao dịch có mã số 555666777] - formatted_query: [Xem phí của giao dịch có mã số 555666777] - normalized_query: [Xem phí của giao dịch có mã số 555666777]
2025-12-19 08:59:27 | DEBUG    | log:152 | [perform_hybrid_search] BM25 raw scores: min=2.5851, max=41.2896
2025-12-19 08:59:27 | DEBUG    | log:152 | [get_keyword_boost] Query: 'Xem phí của giao dịch có mã số...' | Doc: Tra cứu lịch sử giao | Boost: 0.25 | Matched: ['xem']
2025-12-19 08:59:27 | DEBUG    | log:152 | [get_keyword_boost] Query: 'Xem phí của giao dịch có mã số...' | Doc: Tra cứu lịch sử giao | Boost: 0.25 | Matched: ['xem']
2025-12-19 08:59:27 | DEBUG    | log:152 | [get_keyword_boost] Query: 'Xem phí của giao dịch có mã số...' | Doc: Tra cứu lịch sử giao | Boost: 0.25 | Matched: ['xem']
2025-12-19 08:59:27 | DEBUG    | log:152 | [get_keyword_boost] Query: 'Xem phí của giao dịch có mã số...' | Doc: Tra cứu giao dịch th | Boost: 0.25 | Matched: ['giao dịch']
2025-12-19 08:59:27 | DEBUG    | log:152 | [get_keyword_boost] Query: 'Xem phí của giao dịch có mã số...' | Doc: Tra cứu giao dịch th | Boost: 0.25 | Matched: ['giao dịch']
2025-12-19 08:59:27 | DEBUG    | log:152 | [get_keyword_boost] Query: 'Xem phí của giao dịch có mã số...' | Doc: Tra cứu giao dịch th | Boost: 0.25 | Matched: ['giao dịch']
2025-12-19 08:59:27 | DEBUG    | log:152 | [get_keyword_boost] Query: 'Xem phí của giao dịch có mã số...' | Doc: Tra cứu chi tiết một | Boost: 0.25 | Matched: ['mã số']
2025-12-19 08:59:27 | DEBUG    | log:152 | [classify_query_intent] Ambiguous: 'Xem phí của giao dịch có mã số...' | Scores: {'Tra cứu lịch sử giao dịch theo số tài khoản': 1, 'Tra cứu lịch sử giao dịch theo khoảng thời gian': 1, 'Tra cứu giao dịch theo số tiền': 1, 'Tra cứu giao dịch theo trạng thái': 1, 'Tra cứu giao dịch theo loại giao dịch': 1, 'Tra cứu chi tiết một giao dịch cụ thể': 1}
2025-12-19 08:59:27 | DEBUG    | log:152 | [normalize_query] 'Tra cứu thời gian thực hiện giao dịch 12...' -> 'Tra cứu thời gian thực hiện giao dịch 12...'
2025-12-19 08:59:27 | DEBUG    | log:152 | [perform_hybrid_search] query_text: [Tra cứu thời gian thực hiện giao dịch 123123123] - formatted_query: [Tra cứu thời gian thực hiện giao dịch 123123123] - normalized_query: [Tra cứu thời gian thực hiện giao dịch 123123123]
2025-12-19 08:59:27 | DEBUG    | log:152 | [perform_hybrid_search] BM25 raw scores: min=0.9701, max=18.2148
2025-12-19 08:59:27 | DEBUG    | log:152 | [get_keyword_boost] Query: 'Tra cứu thời gian thực hiện gi...' | Doc: Tra cứu lịch sử giao | Boost: 0.25 | Matched: ['tra cứu']
2025-12-19 08:59:27 | DEBUG    | log:152 | [get_keyword_boost] Query: 'Tra cứu thời gian thực hiện gi...' | Doc: Tra cứu lịch sử giao | Boost: 0.25 | Matched: ['tra cứu']
2025-12-19 08:59:27 | DEBUG    | log:152 | [get_keyword_boost] Query: 'Tra cứu thời gian thực hiện gi...' | Doc: Tra cứu lịch sử giao | Boost: 0.25 | Matched: ['tra cứu']
2025-12-19 08:59:27 | DEBUG    | log:152 | [get_keyword_boost] Query: 'Tra cứu thời gian thực hiện gi...' | Doc: Tra cứu giao dịch th | Boost: 0.25 | Matched: ['giao dịch']
2025-12-19 08:59:27 | DEBUG    | log:152 | [get_keyword_boost] Query: 'Tra cứu thời gian thực hiện gi...' | Doc: Tra cứu giao dịch th | Boost: 0.25 | Matched: ['giao dịch']
2025-12-19 08:59:27 | DEBUG    | log:152 | [get_keyword_boost] Query: 'Tra cứu thời gian thực hiện gi...' | Doc: Tra cứu giao dịch th | Boost: 0.25 | Matched: ['giao dịch']
2025-12-19 08:59:27 | DEBUG    | log:152 | [get_keyword_boost] Query: 'Tra cứu thời gian thực hiện gi...' | Doc: Tra cứu chi tiết một | Boost: 0.25 | Matched: ['thời gian thực hiện']
2025-12-19 08:59:27 | DEBUG    | log:152 | [classify_query_intent] Ambiguous: 'Tra cứu thời gian thực hiện gi...' | Scores: {'Tra cứu lịch sử giao dịch theo số tài khoản': 1, 'Tra cứu lịch sử giao dịch theo khoảng thời gian': 1, 'Tra cứu giao dịch theo số tiền': 1, 'Tra cứu giao dịch theo trạng thái': 1, 'Tra cứu giao dịch theo loại giao dịch': 1, 'Tra cứu chi tiết một giao dịch cụ thể': 1}
2025-12-19 08:59:27 | DEBUG    | log:152 | [normalize_query] 'Cho biết người nhận của giao dịch có mã ...' -> 'Cho biết người nhận của giao dịch có mã ...'
2025-12-19 08:59:27 | DEBUG    | log:152 | [perform_hybrid_search] query_text: [Cho biết người nhận của giao dịch có mã REF999] - formatted_query: [Cho biết người nhận của giao dịch có mã ref999] - normalized_query: [Cho biết người nhận của giao dịch có mã ref999]
2025-12-19 08:59:27 | DEBUG    | log:152 | [perform_hybrid_search] BM25 raw scores: min=2.2621, max=36.3835
2025-12-19 08:59:27 | DEBUG    | log:152 | [get_keyword_boost] Query: 'Cho biết người nhận của giao d...' | Doc: Tra cứu giao dịch th | Boost: 0.25 | Matched: ['giao dịch']
2025-12-19 08:59:27 | DEBUG    | log:152 | [get_keyword_boost] Query: 'Cho biết người nhận của giao d...' | Doc: Tra cứu giao dịch th | Boost: 0.25 | Matched: ['giao dịch']
2025-12-19 08:59:27 | DEBUG    | log:152 | [get_keyword_boost] Query: 'Cho biết người nhận của giao d...' | Doc: Tra cứu giao dịch th | Boost: 0.25 | Matched: ['giao dịch']
2025-12-19 08:59:27 | DEBUG    | log:152 | [get_keyword_boost] Query: 'Cho biết người nhận của giao d...' | Doc: Tra cứu giao dịch ch | Boost: 0.25 | Matched: ['người nhận']
2025-12-19 08:59:27 | DEBUG    | log:152 | [get_keyword_boost] Query: 'Cho biết người nhận của giao d...' | Doc: Tra cứu chi tiết một | Boost: 0.25 | Matched: ['người nhận']
2025-12-19 08:59:27 | DEBUG    | log:152 | [get_keyword_boost] Query: 'Cho biết người nhận của giao d...' | Doc: Tra cứu giao dịch th | Boost: 0.25 | Matched: ['người nhận']
2025-12-19 08:59:27 | DEBUG    | log:152 | [classify_query_intent] Ambiguous: 'Cho biết người nhận của giao d...' | Scores: {'Tra cứu giao dịch theo số tiền': 1, 'Tra cứu giao dịch theo trạng thái': 1, 'Tra cứu giao dịch theo loại giao dịch': 1, 'Tra cứu giao dịch chuyển tiền': 1, 'Tra cứu chi tiết một giao dịch cụ thể': 1, 'Tra cứu giao dịch theo người nhận': 1}
2025-12-19 08:59:27 | DEBUG    | log:152 | [normalize_query] 'Tìm số tiền của giao dịch có ID 88877766...' -> 'Tìm số tiền của giao dịch có id 88877766...'
2025-12-19 08:59:27 | DEBUG    | log:152 | [perform_hybrid_search] query_text: [Tìm số tiền của giao dịch có ID 888777666] - formatted_query: [Tìm số tiền của giao dịch có id 888777666] - normalized_query: [Tìm số tiền của giao dịch có id 888777666]
2025-12-19 08:59:27 | DEBUG    | log:152 | [perform_hybrid_search] BM25 raw scores: min=0.3038, max=31.0053
2025-12-19 08:59:27 | DEBUG    | log:152 | [get_keyword_boost] Query: 'Tìm số tiền của giao dịch có i...' | Doc: Tra cứu lịch sử giao | Boost: 0.25 | Matched: ['tìm']
2025-12-19 08:59:27 | DEBUG    | log:152 | [get_keyword_boost] Query: 'Tìm số tiền của giao dịch có i...' | Doc: Tra cứu giao dịch th | Boost: 0.50 | Matched: ['giao dịch', 'số tiền']
2025-12-19 08:59:27 | DEBUG    | log:152 | [get_keyword_boost] Query: 'Tìm số tiền của giao dịch có i...' | Doc: Tra cứu giao dịch th | Boost: 0.25 | Matched: ['giao dịch']
2025-12-19 08:59:27 | DEBUG    | log:152 | [get_keyword_boost] Query: 'Tìm số tiền của giao dịch có i...' | Doc: Tra cứu giao dịch th | Boost: 0.25 | Matched: ['giao dịch']
2025-12-19 08:59:27 | DEBUG    | log:152 | [get_keyword_boost] Query: 'Tìm số tiền của giao dịch có i...' | Doc: Tra cứu chi tiết một | Boost: 0.50 | Matched: ['id', 'số tiền']
2025-12-19 08:59:27 | DEBUG    | log:152 | [classify_query_intent] Ambiguous: 'Tìm số tiền của giao dịch có i...' | Scores: {'Tra cứu lịch sử giao dịch theo khoảng thời gian': 1, 'Tra cứu giao dịch theo số tiền': 2, 'Tra cứu giao dịch theo trạng thái': 1, 'Tra cứu giao dịch theo loại giao dịch': 1, 'Tra cứu chi tiết một giao dịch cụ thể': 2}
2025-12-19 08:59:27 | DEBUG    | log:152 | [normalize_query] 'Xem kênh thực hiện giao dịch có mã 44455...' -> 'Xem kênh thực hiện giao dịch có mã 44455...'
2025-12-19 08:59:27 | DEBUG    | log:152 | [perform_hybrid_search] query_text: [Xem kênh thực hiện giao dịch có mã 444555666] - formatted_query: [Xem kênh thực hiện giao dịch có mã 444555666] - normalized_query: [Xem kênh thực hiện giao dịch có mã 444555666]
2025-12-19 08:59:27 | DEBUG    | log:152 | [perform_hybrid_search] BM25 raw scores: min=1.2487, max=41.5523
2025-12-19 08:59:27 | DEBUG    | log:152 | [get_keyword_boost] Query: 'Xem kênh thực hiện giao dịch c...' | Doc: Tra cứu lịch sử giao | Boost: 0.25 | Matched: ['xem']
2025-12-19 08:59:27 | DEBUG    | log:152 | [get_keyword_boost] Query: 'Xem kênh thực hiện giao dịch c...' | Doc: Tra cứu lịch sử giao | Boost: 0.25 | Matched: ['xem']
2025-12-19 08:59:27 | DEBUG    | log:152 | [get_keyword_boost] Query: 'Xem kênh thực hiện giao dịch c...' | Doc: Tra cứu lịch sử giao | Boost: 0.25 | Matched: ['xem']
2025-12-19 08:59:27 | DEBUG    | log:152 | [get_keyword_boost] Query: 'Xem kênh thực hiện giao dịch c...' | Doc: Tra cứu giao dịch th | Boost: 0.25 | Matched: ['giao dịch']
2025-12-19 08:59:27 | DEBUG    | log:152 | [get_keyword_boost] Query: 'Xem kênh thực hiện giao dịch c...' | Doc: Tra cứu giao dịch th | Boost: 0.25 | Matched: ['giao dịch']
2025-12-19 08:59:27 | DEBUG    | log:152 | [get_keyword_boost] Query: 'Xem kênh thực hiện giao dịch c...' | Doc: Tra cứu giao dịch th | Boost: 0.25 | Matched: ['giao dịch']
2025-12-19 08:59:27 | DEBUG    | log:152 | [get_keyword_boost] Query: 'Xem kênh thực hiện giao dịch c...' | Doc: Tra cứu chi tiết một | Boost: 0.25 | Matched: ['kênh thực hiện']
2025-12-19 08:59:27 | DEBUG    | log:152 | [classify_query_intent] Ambiguous: 'Xem kênh thực hiện giao dịch c...' | Scores: {'Tra cứu lịch sử giao dịch theo số tài khoản': 1, 'Tra cứu lịch sử giao dịch theo khoảng thời gian': 1, 'Tra cứu giao dịch theo số tiền': 1, 'Tra cứu giao dịch theo trạng thái': 1, 'Tra cứu giao dịch theo loại giao dịch': 1, 'Tra cứu chi tiết một giao dịch cụ thể': 1}
2025-12-19 08:59:27 | DEBUG    | log:152 | [normalize_query] 'Tra soát giao dịch có số tham chiếu TRAN...' -> 'Tra soát giao dịch có số tham chiếu tran...'
2025-12-19 08:59:27 | DEBUG    | log:152 | [perform_hybrid_search] query_text: [Tra soát giao dịch có số tham chiếu TRANS001] - formatted_query: [Tra soát giao dịch có số tham chiếu trans001] - normalized_query: [Tra soát giao dịch có số tham chiếu trans001]
2025-12-19 08:59:27 | DEBUG    | log:152 | [perform_hybrid_search] BM25 raw scores: min=0.3138, max=46.9419
2025-12-19 08:59:27 | DEBUG    | log:152 | [get_keyword_boost] Query: 'Tra soát giao dịch có số tham ...' | Doc: Tra cứu lịch sử giao | Boost: 0.25 | Matched: ['tra soát']
2025-12-19 08:59:27 | DEBUG    | log:152 | [get_keyword_boost] Query: 'Tra soát giao dịch có số tham ...' | Doc: Tra cứu lịch sử giao | Boost: 0.25 | Matched: ['tra soát']
2025-12-19 08:59:27 | DEBUG    | log:152 | [get_keyword_boost] Query: 'Tra soát giao dịch có số tham ...' | Doc: Tra cứu lịch sử giao | Boost: 0.25 | Matched: ['tra soát']
2025-12-19 08:59:27 | DEBUG    | log:152 | [get_keyword_boost] Query: 'Tra soát giao dịch có số tham ...' | Doc: Tra cứu giao dịch th | Boost: 0.25 | Matched: ['giao dịch']
2025-12-19 08:59:27 | DEBUG    | log:152 | [get_keyword_boost] Query: 'Tra soát giao dịch có số tham ...' | Doc: Tra cứu giao dịch th | Boost: 0.25 | Matched: ['giao dịch']
2025-12-19 08:59:27 | DEBUG    | log:152 | [get_keyword_boost] Query: 'Tra soát giao dịch có số tham ...' | Doc: Tra cứu giao dịch th | Boost: 0.25 | Matched: ['giao dịch']
2025-12-19 08:59:27 | DEBUG    | log:152 | [get_keyword_boost] Query: 'Tra soát giao dịch có số tham ...' | Doc: Tra cứu chi tiết một | Boost: 0.50 | Matched: ['số tham chiếu', 'tra soát']
2025-12-19 08:59:27 | DEBUG    | log:152 | [classify_query_intent] Classified: 'Tra soát giao dịch có số tham ...' -> Tra cứu chi tiết một giao dịch (score=2)
2025-12-19 08:59:27 | DEBUG    | log:152 | [normalize_query] 'Kiểm tra chi tiết giao dịch mã giao dịch...' -> 'Kiểm tra chi tiết giao dịch mã giao dịch...'
2025-12-19 08:59:27 | DEBUG    | log:152 | [perform_hybrid_search] query_text: [Kiểm tra chi tiết giao dịch mã giao dịch GD789] - formatted_query: [Kiểm tra chi tiết giao dịch mã giao dịch gd789] - normalized_query: [Kiểm tra chi tiết giao dịch mã giao dịch gd789]
2025-12-19 08:59:27 | DEBUG    | log:152 | [perform_hybrid_search] BM25 raw scores: min=0.7866, max=29.4030
2025-12-19 08:59:27 | DEBUG    | log:152 | [get_keyword_boost] Query: 'Kiểm tra chi tiết giao dịch mã...' | Doc: Tra cứu lịch sử giao | Boost: 0.25 | Matched: ['kiểm tra']
2025-12-19 08:59:27 | DEBUG    | log:152 | [get_keyword_boost] Query: 'Kiểm tra chi tiết giao dịch mã...' | Doc: Tra cứu lịch sử giao | Boost: 0.25 | Matched: ['kiểm tra']
2025-12-19 08:59:27 | DEBUG    | log:152 | [get_keyword_boost] Query: 'Kiểm tra chi tiết giao dịch mã...' | Doc: Tra cứu lịch sử giao | Boost: 0.25 | Matched: ['kiểm tra']
2025-12-19 08:59:27 | DEBUG    | log:152 | [get_keyword_boost] Query: 'Kiểm tra chi tiết giao dịch mã...' | Doc: Tra cứu giao dịch th | Boost: 0.25 | Matched: ['giao dịch']
2025-12-19 08:59:27 | DEBUG    | log:152 | [get_keyword_boost] Query: 'Kiểm tra chi tiết giao dịch mã...' | Doc: Tra cứu giao dịch th | Boost: 0.25 | Matched: ['giao dịch']
2025-12-19 08:59:27 | DEBUG    | log:152 | [get_keyword_boost] Query: 'Kiểm tra chi tiết giao dịch mã...' | Doc: Tra cứu giao dịch th | Boost: 0.25 | Matched: ['giao dịch']
2025-12-19 08:59:27 | DEBUG    | log:152 | [get_keyword_boost] Query: 'Kiểm tra chi tiết giao dịch mã...' | Doc: Tra cứu chi tiết một | Boost: 0.25 | Matched: ['chi tiết giao dịch']
2025-12-19 08:59:27 | DEBUG    | log:152 | [classify_query_intent] Ambiguous: 'Kiểm tra chi tiết giao dịch mã...' | Scores: {'Tra cứu lịch sử giao dịch theo số tài khoản': 1, 'Tra cứu lịch sử giao dịch theo khoảng thời gian': 1, 'Tra cứu giao dịch theo số tiền': 1, 'Tra cứu giao dịch theo trạng thái': 1, 'Tra cứu giao dịch theo loại giao dịch': 1, 'Tra cứu chi tiết một giao dịch cụ thể': 1}
2025-12-19 08:59:27 | DEBUG    | log:152 | [normalize_query] 'Cho tôi xem toàn bộ thông tin giao dịch ...' -> 'Cho tôi xem toàn bộ thông tin giao dịch ...'
2025-12-19 08:59:27 | DEBUG    | log:152 | [perform_hybrid_search] query_text: [Cho tôi xem toàn bộ thông tin giao dịch số 999888777] - formatted_query: [Cho tôi xem toàn bộ thông tin giao dịch số 999888777] - normalized_query: [Cho tôi xem toàn bộ thông tin giao dịch số 999888777]
2025-12-19 08:59:27 | DEBUG    | log:152 | [perform_hybrid_search] BM25 raw scores: min=1.6099, max=24.4363
2025-12-19 08:59:27 | DEBUG    | log:152 | [get_keyword_boost] Query: 'Cho tôi xem toàn bộ thông tin ...' | Doc: Tra cứu lịch sử giao | Boost: 0.25 | Matched: ['xem']
2025-12-19 08:59:27 | DEBUG    | log:152 | [get_keyword_boost] Query: 'Cho tôi xem toàn bộ thông tin ...' | Doc: Tra cứu lịch sử giao | Boost: 0.25 | Matched: ['xem']
2025-12-19 08:59:27 | DEBUG    | log:152 | [get_keyword_boost] Query: 'Cho tôi xem toàn bộ thông tin ...' | Doc: Tra cứu lịch sử giao | Boost: 0.25 | Matched: ['xem']
2025-12-19 08:59:27 | DEBUG    | log:152 | [get_keyword_boost] Query: 'Cho tôi xem toàn bộ thông tin ...' | Doc: Tra cứu giao dịch th | Boost: 0.25 | Matched: ['giao dịch']
2025-12-19 08:59:27 | DEBUG    | log:152 | [get_keyword_boost] Query: 'Cho tôi xem toàn bộ thông tin ...' | Doc: Tra cứu giao dịch th | Boost: 0.25 | Matched: ['giao dịch']
2025-12-19 08:59:27 | DEBUG    | log:152 | [get_keyword_boost] Query: 'Cho tôi xem toàn bộ thông tin ...' | Doc: Tra cứu giao dịch th | Boost: 0.25 | Matched: ['giao dịch']
2025-12-19 08:59:27 | DEBUG    | log:152 | [classify_query_intent] Ambiguous: 'Cho tôi xem toàn bộ thông tin ...' | Scores: {'Tra cứu lịch sử giao dịch theo số tài khoản': 1, 'Tra cứu lịch sử giao dịch theo khoảng thời gian': 1, 'Tra cứu giao dịch theo số tiền': 1, 'Tra cứu giao dịch theo trạng thái': 1, 'Tra cứu giao dịch theo loại giao dịch': 1}
2025-12-19 08:59:27 | DEBUG    | log:152 | [normalize_query] 'Tra cứu lý do thất bại của giao dịch có ...' -> 'Tra cứu lý do thất bại của giao dịch có ...'
2025-12-19 08:59:27 | DEBUG    | log:152 | [perform_hybrid_search] query_text: [Tra cứu lý do thất bại của giao dịch có mã ERR123] - formatted_query: [Tra cứu lý do thất bại của giao dịch có mã err123] - normalized_query: [Tra cứu lý do thất bại của giao dịch có mã err123]
2025-12-19 08:59:27 | DEBUG    | log:152 | [perform_hybrid_search] BM25 raw scores: min=1.4890, max=55.3000
2025-12-19 08:59:27 | DEBUG    | log:152 | [get_keyword_boost] Query: 'Tra cứu lý do thất bại của gia...' | Doc: Tra cứu lịch sử giao | Boost: 0.25 | Matched: ['tra cứu']
2025-12-19 08:59:27 | DEBUG    | log:152 | [get_keyword_boost] Query: 'Tra cứu lý do thất bại của gia...' | Doc: Tra cứu lịch sử giao | Boost: 0.25 | Matched: ['tra cứu']
2025-12-19 08:59:27 | DEBUG    | log:152 | [get_keyword_boost] Query: 'Tra cứu lý do thất bại của gia...' | Doc: Tra cứu lịch sử giao | Boost: 0.25 | Matched: ['tra cứu']
2025-12-19 08:59:27 | DEBUG    | log:152 | [get_keyword_boost] Query: 'Tra cứu lý do thất bại của gia...' | Doc: Tra cứu giao dịch th | Boost: 0.25 | Matched: ['giao dịch']
2025-12-19 08:59:27 | DEBUG    | log:152 | [get_keyword_boost] Query: 'Tra cứu lý do thất bại của gia...' | Doc: Tra cứu giao dịch th | Boost: 0.50 | Matched: ['giao dịch', 'thất bại']
2025-12-19 08:59:27 | DEBUG    | log:152 | [get_keyword_boost] Query: 'Tra cứu lý do thất bại của gia...' | Doc: Tra cứu giao dịch th | Boost: 0.25 | Matched: ['giao dịch']
2025-12-19 08:59:27 | DEBUG    | log:152 | [classify_query_intent] Classified: 'Tra cứu lý do thất bại của gia...' -> Tra cứu giao dịch theo trạng t (score=2)
2025-12-19 08:59:27 | DEBUG    | log:152 | [normalize_query] 'Xem các giao dịch nhận tiền vào tài khoả...' -> 'Xem các giao dịch nhận tiền vào tài khoả...'
2025-12-19 08:59:27 | DEBUG    | log:152 | [perform_hybrid_search] query_text: [Xem các giao dịch nhận tiền vào tài khoản] - formatted_query: [Xem các giao dịch nhận tiền vào tài khoản] - normalized_query: [Xem các giao dịch nhận tiền vào tài khoản]
2025-12-19 08:59:27 | DEBUG    | log:152 | [perform_hybrid_search] BM25 raw scores: min=0.5864, max=15.6842
2025-12-19 08:59:27 | DEBUG    | log:152 | [get_keyword_boost] Query: 'Xem các giao dịch nhận tiền và...' | Doc: Tra cứu lịch sử giao | Boost: 0.25 | Matched: ['xem']
2025-12-19 08:59:27 | DEBUG    | log:152 | [get_keyword_boost] Query: 'Xem các giao dịch nhận tiền và...' | Doc: Tra cứu lịch sử giao | Boost: 0.25 | Matched: ['xem']
2025-12-19 08:59:27 | DEBUG    | log:152 | [get_keyword_boost] Query: 'Xem các giao dịch nhận tiền và...' | Doc: Tra cứu lịch sử giao | Boost: 0.25 | Matched: ['xem']
2025-12-19 08:59:27 | DEBUG    | log:152 | [get_keyword_boost] Query: 'Xem các giao dịch nhận tiền và...' | Doc: Tra cứu giao dịch th | Boost: 0.25 | Matched: ['giao dịch']
2025-12-19 08:59:27 | DEBUG    | log:152 | [get_keyword_boost] Query: 'Xem các giao dịch nhận tiền và...' | Doc: Tra cứu giao dịch th | Boost: 0.25 | Matched: ['giao dịch']
2025-12-19 08:59:27 | DEBUG    | log:152 | [get_keyword_boost] Query: 'Xem các giao dịch nhận tiền và...' | Doc: Tra cứu giao dịch th | Boost: 0.25 | Matched: ['giao dịch']
2025-12-19 08:59:27 | DEBUG    | log:152 | [get_keyword_boost] Query: 'Xem các giao dịch nhận tiền và...' | Doc: Tra cứu giao dịch nh | Boost: 0.50 | Matched: ['giao dịch nhận tiền', 'tiền vào']
2025-12-19 08:59:27 | DEBUG    | log:152 | [classify_query_intent] Classified: 'Xem các giao dịch nhận tiền và...' -> Tra cứu giao dịch nhận tiền (score=2)
2025-12-19 08:59:27 | DEBUG    | log:152 | [normalize_query] 'Cho tôi danh sách tiền đã nhận được...' -> 'Cho tôi danh sách tiền đã nhận được...'
2025-12-19 08:59:27 | DEBUG    | log:152 | [perform_hybrid_search] query_text: [Cho tôi danh sách tiền đã nhận được] - formatted_query: [Cho tôi danh sách tiền đã nhận được] - normalized_query: [Cho tôi danh sách tiền đã nhận được]
2025-12-19 08:59:27 | DEBUG    | log:152 | [perform_hybrid_search] BM25 raw scores: min=0.3259, max=5.9967
2025-12-19 08:59:27 | DEBUG    | log:152 | [classify_query_intent] No keyword matches found in: 'Cho tôi danh sách tiền đã nhận được'
2025-12-19 08:59:27 | DEBUG    | log:152 | [normalize_query] 'Tìm các lần được chuyển tiền vào...' -> 'Tìm các lần được chuyển tiền vào...'
2025-12-19 08:59:27 | DEBUG    | log:152 | [perform_hybrid_search] query_text: [Tìm các lần được chuyển tiền vào] - formatted_query: [Tìm các lần được chuyển tiền vào] - normalized_query: [Tìm các lần được chuyển tiền vào]
2025-12-19 08:59:27 | DEBUG    | log:152 | [perform_hybrid_search] BM25 raw scores: min=0.1215, max=19.4738
2025-12-19 08:59:27 | DEBUG    | log:152 | [get_keyword_boost] Query: 'Tìm các lần được chuyển tiền v...' | Doc: Tra cứu lịch sử giao | Boost: 0.25 | Matched: ['tìm']
2025-12-19 08:59:27 | DEBUG    | log:152 | [get_keyword_boost] Query: 'Tìm các lần được chuyển tiền v...' | Doc: Tra cứu giao dịch th | Boost: 0.25 | Matched: ['chuyển tiền']
2025-12-19 08:59:27 | DEBUG    | log:152 | [get_keyword_boost] Query: 'Tìm các lần được chuyển tiền v...' | Doc: Tra cứu giao dịch nh | Boost: 0.50 | Matched: ['chuyển tiền vào', 'tiền vào']
2025-12-19 08:59:27 | DEBUG    | log:152 | [classify_query_intent] Classified: 'Tìm các lần được chuyển tiền v...' -> Tra cứu giao dịch nhận tiền (score=2)
2025-12-19 08:59:27 | DEBUG    | log:152 | [normalize_query] 'Liệt kê giao dịch tiền vào trong tháng...' -> 'Liệt kê giao dịch tiền vào trong tháng...'
2025-12-19 08:59:27 | DEBUG    | log:152 | [perform_hybrid_search] query_text: [Liệt kê giao dịch tiền vào trong tháng] - formatted_query: [Liệt kê giao dịch tiền vào trong tháng] - normalized_query: [Liệt kê giao dịch tiền vào trong tháng]
2025-12-19 08:59:27 | DEBUG    | log:152 | [perform_hybrid_search] BM25 raw scores: min=0.1215, max=19.2342
2025-12-19 08:59:27 | DEBUG    | log:152 | [get_keyword_boost] Query: 'Liệt kê giao dịch tiền vào tro...' | Doc: Tra cứu lịch sử giao | Boost: 0.25 | Matched: ['liệt kê']
2025-12-19 08:59:27 | DEBUG    | log:152 | [get_keyword_boost] Query: 'Liệt kê giao dịch tiền vào tro...' | Doc: Tra cứu lịch sử giao | Boost: 0.25 | Matched: ['liệt kê']
2025-12-19 08:59:27 | DEBUG    | log:152 | [get_keyword_boost] Query: 'Liệt kê giao dịch tiền vào tro...' | Doc: Tra cứu lịch sử giao | Boost: 0.50 | Matched: ['liệt kê', 'trong tháng']
2025-12-19 08:59:27 | DEBUG    | log:152 | [get_keyword_boost] Query: 'Liệt kê giao dịch tiền vào tro...' | Doc: Tra cứu giao dịch th | Boost: 0.25 | Matched: ['giao dịch']
2025-12-19 08:59:27 | DEBUG    | log:152 | [get_keyword_boost] Query: 'Liệt kê giao dịch tiền vào tro...' | Doc: Tra cứu giao dịch th | Boost: 0.25 | Matched: ['giao dịch']
2025-12-19 08:59:27 | DEBUG    | log:152 | [get_keyword_boost] Query: 'Liệt kê giao dịch tiền vào tro...' | Doc: Tra cứu giao dịch th | Boost: 0.25 | Matched: ['giao dịch']
2025-12-19 08:59:27 | DEBUG    | log:152 | [get_keyword_boost] Query: 'Liệt kê giao dịch tiền vào tro...' | Doc: Tra cứu giao dịch nh | Boost: 0.25 | Matched: ['tiền vào']
2025-12-19 08:59:27 | DEBUG    | log:152 | [classify_query_intent] Classified: 'Liệt kê giao dịch tiền vào tro...' -> Tra cứu lịch sử giao dịch theo (score=2)
2025-12-19 08:59:27 | DEBUG    | log:152 | [normalize_query] 'Tra cứu ai đã chuyển tiền cho tôi...' -> 'Tra cứu ai đã chuyển tiền cho tôi...'
2025-12-19 08:59:27 | DEBUG    | log:152 | [perform_hybrid_search] query_text: [Tra cứu ai đã chuyển tiền cho tôi] - formatted_query: [Tra cứu ai đã chuyển tiền cho tôi] - normalized_query: [Tra cứu ai đã chuyển tiền cho tôi]
2025-12-19 08:59:27 | DEBUG    | log:152 | [perform_hybrid_search] BM25 raw scores: min=0.8922, max=8.6401
2025-12-19 08:59:27 | DEBUG    | log:152 | [get_keyword_boost] Query: 'Tra cứu ai đã chuyển tiền cho ...' | Doc: Tra cứu lịch sử giao | Boost: 0.25 | Matched: ['tra cứu']
2025-12-19 08:59:27 | DEBUG    | log:152 | [get_keyword_boost] Query: 'Tra cứu ai đã chuyển tiền cho ...' | Doc: Tra cứu lịch sử giao | Boost: 0.25 | Matched: ['tra cứu']
2025-12-19 08:59:27 | DEBUG    | log:152 | [get_keyword_boost] Query: 'Tra cứu ai đã chuyển tiền cho ...' | Doc: Tra cứu lịch sử giao | Boost: 0.25 | Matched: ['tra cứu']
2025-12-19 08:59:27 | DEBUG    | log:152 | [get_keyword_boost] Query: 'Tra cứu ai đã chuyển tiền cho ...' | Doc: Tra cứu giao dịch th | Boost: 0.25 | Matched: ['chuyển tiền']
2025-12-19 08:59:27 | DEBUG    | log:152 | [classify_query_intent] Ambiguous: 'Tra cứu ai đã chuyển tiền cho ...' | Scores: {'Tra cứu lịch sử giao dịch theo số tài khoản': 1, 'Tra cứu lịch sử giao dịch theo khoảng thời gian': 1, 'Tra cứu giao dịch theo loại giao dịch': 1}
2025-12-19 08:59:27 | DEBUG    | log:152 | [normalize_query] 'Cho biết các khoản tiền đã nhận được hôm...' -> 'Cho biết các khoản tiền đã nhận được hôm...'
2025-12-19 08:59:27 | DEBUG    | log:152 | [perform_hybrid_search] query_text: [Cho biết các khoản tiền đã nhận được hôm nay] - formatted_query: [Cho biết các khoản tiền đã nhận được hôm nay] - normalized_query: [Cho biết các khoản tiền đã nhận được hôm nay]
2025-12-19 08:59:27 | DEBUG    | log:152 | [perform_hybrid_search] BM25 raw scores: min=0.4041, max=17.0246
2025-12-19 08:59:27 | DEBUG    | log:152 | [get_keyword_boost] Query: 'Cho biết các khoản tiền đã nhậ...' | Doc: Tra cứu lịch sử giao | Boost: 0.25 | Matched: ['hôm nay']
2025-12-19 08:59:27 | DEBUG    | log:152 | [classify_query_intent] Classified: 'Cho biết các khoản tiền đã nhậ...' -> Tra cứu lịch sử giao dịch theo (score=1)
2025-12-19 08:59:27 | DEBUG    | log:152 | [normalize_query] 'Xem lịch sử tiền ghi có vào tài khoản...' -> 'Xem lịch sử tiền ghi có vào tài khoản...'
2025-12-19 08:59:27 | DEBUG    | log:152 | [perform_hybrid_search] query_text: [Xem lịch sử tiền ghi có vào tài khoản] - formatted_query: [Xem lịch sử tiền ghi có vào tài khoản] - normalized_query: [Xem lịch sử tiền ghi có vào tài khoản]
2025-12-19 08:59:27 | DEBUG    | log:152 | [perform_hybrid_search] BM25 raw scores: min=0.3038, max=12.7801
2025-12-19 08:59:27 | DEBUG    | log:152 | [get_keyword_boost] Query: 'Xem lịch sử tiền ghi có vào tà...' | Doc: Tra cứu lịch sử giao | Boost: 0.25 | Matched: ['xem']
2025-12-19 08:59:27 | DEBUG    | log:152 | [get_keyword_boost] Query: 'Xem lịch sử tiền ghi có vào tà...' | Doc: Tra cứu lịch sử giao | Boost: 0.25 | Matched: ['xem']
2025-12-19 08:59:27 | DEBUG    | log:152 | [get_keyword_boost] Query: 'Xem lịch sử tiền ghi có vào tà...' | Doc: Tra cứu lịch sử giao | Boost: 0.25 | Matched: ['xem']
2025-12-19 08:59:27 | DEBUG    | log:152 | [get_keyword_boost] Query: 'Xem lịch sử tiền ghi có vào tà...' | Doc: Tra cứu giao dịch nh | Boost: 0.25 | Matched: ['tiền ghi có']
2025-12-19 08:59:27 | DEBUG    | log:152 | [classify_query_intent] Ambiguous: 'Xem lịch sử tiền ghi có vào tà...' | Scores: {'Tra cứu lịch sử giao dịch theo số tài khoản': 1, 'Tra cứu lịch sử giao dịch theo khoảng thời gian': 1, 'Tra cứu giao dịch nhận tiền': 1}
2025-12-19 08:59:27 | DEBUG    | log:152 | [normalize_query] 'Tìm giao dịch nhận tiền từ Nguyễn Văn A...' -> 'Tìm giao dịch nhận tiền từ nguyễn văn a...'
2025-12-19 08:59:27 | DEBUG    | log:152 | [perform_hybrid_search] query_text: [Tìm giao dịch nhận tiền từ Nguyễn Văn A] - formatted_query: [Tìm giao dịch nhận tiền từ nguyễn văn a] - normalized_query: [Tìm giao dịch nhận tiền từ nguyễn văn a]
2025-12-19 08:59:27 | DEBUG    | log:152 | [perform_hybrid_search] BM25 raw scores: min=0.4345, max=26.1898
2025-12-19 08:59:27 | DEBUG    | log:152 | [get_keyword_boost] Query: 'Tìm giao dịch nhận tiền từ ngu...' | Doc: Tra cứu lịch sử giao | Boost: 0.25 | Matched: ['tìm']
2025-12-19 08:59:27 | DEBUG    | log:152 | [get_keyword_boost] Query: 'Tìm giao dịch nhận tiền từ ngu...' | Doc: Tra cứu giao dịch th | Boost: 0.25 | Matched: ['giao dịch']
2025-12-19 08:59:27 | DEBUG    | log:152 | [get_keyword_boost] Query: 'Tìm giao dịch nhận tiền từ ngu...' | Doc: Tra cứu giao dịch th | Boost: 0.25 | Matched: ['giao dịch']
2025-12-19 08:59:27 | DEBUG    | log:152 | [get_keyword_boost] Query: 'Tìm giao dịch nhận tiền từ ngu...' | Doc: Tra cứu giao dịch th | Boost: 0.25 | Matched: ['giao dịch']
2025-12-19 08:59:27 | DEBUG    | log:152 | [get_keyword_boost] Query: 'Tìm giao dịch nhận tiền từ ngu...' | Doc: Tra cứu giao dịch nh | Boost: 0.25 | Matched: ['giao dịch nhận tiền']
2025-12-19 08:59:27 | DEBUG    | log:152 | [classify_query_intent] Ambiguous: 'Tìm giao dịch nhận tiền từ ngu...' | Scores: {'Tra cứu lịch sử giao dịch theo khoảng thời gian': 1, 'Tra cứu giao dịch theo số tiền': 1, 'Tra cứu giao dịch theo trạng thái': 1, 'Tra cứu giao dịch theo loại giao dịch': 1, 'Tra cứu giao dịch nhận tiền': 1}
2025-12-19 08:59:27 | DEBUG    | log:152 | [normalize_query] 'Liệt kê các khoản tiền nhận từ tài khoản...' -> 'Liệt kê các khoản tiền nhận từ tài khoản...'
2025-12-19 08:59:27 | DEBUG    | log:152 | [perform_hybrid_search] query_text: [Liệt kê các khoản tiền nhận từ tài khoản 0123456789] - formatted_query: [Liệt kê các khoản tiền nhận từ tài khoản 0123456789] - normalized_query: [Liệt kê các khoản tiền nhận từ tài khoản 0123456789]
2025-12-19 08:59:27 | DEBUG    | log:152 | [perform_hybrid_search] BM25 raw scores: min=0.4953, max=28.3818
2025-12-19 08:59:27 | DEBUG    | log:152 | [get_keyword_boost] Query: 'Liệt kê các khoản tiền nhận từ...' | Doc: Tra cứu lịch sử giao | Boost: 0.25 | Matched: ['liệt kê']
2025-12-19 08:59:27 | DEBUG    | log:152 | [get_keyword_boost] Query: 'Liệt kê các khoản tiền nhận từ...' | Doc: Tra cứu lịch sử giao | Boost: 0.25 | Matched: ['liệt kê']
2025-12-19 08:59:27 | DEBUG    | log:152 | [get_keyword_boost] Query: 'Liệt kê các khoản tiền nhận từ...' | Doc: Tra cứu lịch sử giao | Boost: 0.25 | Matched: ['liệt kê']
2025-12-19 08:59:27 | DEBUG    | log:152 | [classify_query_intent] Ambiguous: 'Liệt kê các khoản tiền nhận từ...' | Scores: {'Tra cứu lịch sử giao dịch theo số tài khoản': 1, 'Tra cứu lịch sử giao dịch theo khoảng thời gian': 1}
2025-12-19 08:59:27 | DEBUG    | log:152 | [normalize_query] 'Tra cứu số tiền đã nhận trong tuần này...' -> 'Tra cứu số tiền đã nhận trong tuần này...'
2025-12-19 08:59:27 | DEBUG    | log:152 | [perform_hybrid_search] query_text: [Tra cứu số tiền đã nhận trong tuần này] - formatted_query: [Tra cứu số tiền đã nhận trong tuần này] - normalized_query: [Tra cứu số tiền đã nhận trong tuần này]
2025-12-19 08:59:27 | DEBUG    | log:152 | [perform_hybrid_search] BM25 raw scores: min=1.0821, max=6.7323
2025-12-19 08:59:27 | DEBUG    | log:152 | [get_keyword_boost] Query: 'Tra cứu số tiền đã nhận trong ...' | Doc: Tra cứu lịch sử giao | Boost: 0.25 | Matched: ['tra cứu']
2025-12-19 08:59:27 | DEBUG    | log:152 | [get_keyword_boost] Query: 'Tra cứu số tiền đã nhận trong ...' | Doc: Tra cứu lịch sử giao | Boost: 0.25 | Matched: ['tra cứu']
2025-12-19 08:59:27 | DEBUG    | log:152 | [get_keyword_boost] Query: 'Tra cứu số tiền đã nhận trong ...' | Doc: Tra cứu lịch sử giao | Boost: 0.50 | Matched: ['tra cứu', 'trong tuần']
2025-12-19 08:59:27 | DEBUG    | log:152 | [get_keyword_boost] Query: 'Tra cứu số tiền đã nhận trong ...' | Doc: Tra cứu giao dịch th | Boost: 0.25 | Matched: ['số tiền']
2025-12-19 08:59:27 | DEBUG    | log:152 | [get_keyword_boost] Query: 'Tra cứu số tiền đã nhận trong ...' | Doc: Tra cứu chi tiết một | Boost: 0.25 | Matched: ['số tiền']
2025-12-19 08:59:27 | DEBUG    | log:152 | [classify_query_intent] Classified: 'Tra cứu số tiền đã nhận trong ...' -> Tra cứu lịch sử giao dịch theo (score=2)
2025-12-19 08:59:27 | DEBUG    | log:152 | [normalize_query] 'Cho xem những ai đã chuyển tiền đến tài ...' -> 'Cho xem những ai đã chuyển tiền đến tài ...'
2025-12-19 08:59:27 | DEBUG    | log:152 | [perform_hybrid_search] query_text: [Cho xem những ai đã chuyển tiền đến tài khoản của tôi] - formatted_query: [Cho xem những ai đã chuyển tiền đến tài khoản của tôi] - normalized_query: [Cho xem những ai đã chuyển tiền đến tài khoản của tôi]
2025-12-19 08:59:27 | DEBUG    | log:152 | [perform_hybrid_search] BM25 raw scores: min=2.2245, max=9.8135
2025-12-19 08:59:27 | DEBUG    | log:152 | [get_keyword_boost] Query: 'Cho xem những ai đã chuyển tiề...' | Doc: Tra cứu lịch sử giao | Boost: 0.25 | Matched: ['xem']
2025-12-19 08:59:27 | DEBUG    | log:152 | [get_keyword_boost] Query: 'Cho xem những ai đã chuyển tiề...' | Doc: Tra cứu lịch sử giao | Boost: 0.25 | Matched: ['xem']
2025-12-19 08:59:27 | DEBUG    | log:152 | [get_keyword_boost] Query: 'Cho xem những ai đã chuyển tiề...' | Doc: Tra cứu lịch sử giao | Boost: 0.25 | Matched: ['xem']
2025-12-19 08:59:27 | DEBUG    | log:152 | [get_keyword_boost] Query: 'Cho xem những ai đã chuyển tiề...' | Doc: Tra cứu giao dịch th | Boost: 0.25 | Matched: ['chuyển tiền']
2025-12-19 08:59:27 | DEBUG    | log:152 | [classify_query_intent] Ambiguous: 'Cho xem những ai đã chuyển tiề...' | Scores: {'Tra cứu lịch sử giao dịch theo số tài khoản': 1, 'Tra cứu lịch sử giao dịch theo khoảng thời gian': 1, 'Tra cứu giao dịch theo loại giao dịch': 1}
2025-12-19 08:59:27 | DEBUG    | log:152 | [normalize_query] 'Tìm các giao dịch nhận tiền trên 5 triệu...' -> 'Tìm các giao dịch nhận tiền trên 5 triệu...'
2025-12-19 08:59:27 | DEBUG    | log:152 | [perform_hybrid_search] query_text: [Tìm các giao dịch nhận tiền trên 5 triệu] - formatted_query: [Tìm các giao dịch nhận tiền trên 5 triệu] - normalized_query: [Tìm các giao dịch nhận tiền trên 5 triệu]
2025-12-19 08:59:27 | DEBUG    | log:152 | [perform_hybrid_search] BM25 raw scores: min=0.4345, max=23.9194
2025-12-19 08:59:27 | DEBUG    | log:152 | [get_keyword_boost] Query: 'Tìm các giao dịch nhận tiền tr...' | Doc: Tra cứu lịch sử giao | Boost: 0.25 | Matched: ['tìm']
2025-12-19 08:59:27 | DEBUG    | log:152 | [get_keyword_boost] Query: 'Tìm các giao dịch nhận tiền tr...' | Doc: Tra cứu giao dịch th | Boost: 0.50 | Matched: ['giao dịch', 'trên']
2025-12-19 08:59:27 | DEBUG    | log:152 | [get_keyword_boost] Query: 'Tìm các giao dịch nhận tiền tr...' | Doc: Tra cứu giao dịch th | Boost: 0.25 | Matched: ['giao dịch']
2025-12-19 08:59:27 | DEBUG    | log:152 | [get_keyword_boost] Query: 'Tìm các giao dịch nhận tiền tr...' | Doc: Tra cứu giao dịch th | Boost: 0.25 | Matched: ['giao dịch']
2025-12-19 08:59:27 | DEBUG    | log:152 | [get_keyword_boost] Query: 'Tìm các giao dịch nhận tiền tr...' | Doc: Tra cứu giao dịch nh | Boost: 0.25 | Matched: ['giao dịch nhận tiền']
2025-12-19 08:59:27 | DEBUG    | log:152 | [classify_query_intent] Classified: 'Tìm các giao dịch nhận tiền tr...' -> Tra cứu giao dịch theo số tiền (score=2)
2025-12-19 08:59:27 | DEBUG    | log:152 | [normalize_query] 'Xem danh sách người gửi tiền thường xuyê...' -> 'Xem danh sách người gửi tiền thường xuyê...'
2025-12-19 08:59:27 | DEBUG    | log:152 | [perform_hybrid_search] query_text: [Xem danh sách người gửi tiền thường xuyên] - formatted_query: [Xem danh sách người gửi tiền thường xuyên] - normalized_query: [Xem danh sách người gửi tiền thường xuyên]
2025-12-19 08:59:27 | DEBUG    | log:152 | [perform_hybrid_search] BM25 raw scores: min=2.5451, max=11.6849
2025-12-19 08:59:27 | DEBUG    | log:152 | [get_keyword_boost] Query: 'Xem danh sách người gửi tiền t...' | Doc: Tra cứu lịch sử giao | Boost: 0.25 | Matched: ['xem']
2025-12-19 08:59:27 | DEBUG    | log:152 | [get_keyword_boost] Query: 'Xem danh sách người gửi tiền t...' | Doc: Tra cứu lịch sử giao | Boost: 0.25 | Matched: ['xem']
2025-12-19 08:59:27 | DEBUG    | log:152 | [get_keyword_boost] Query: 'Xem danh sách người gửi tiền t...' | Doc: Tra cứu lịch sử giao | Boost: 0.25 | Matched: ['xem']
2025-12-19 08:59:27 | DEBUG    | log:152 | [get_keyword_boost] Query: 'Xem danh sách người gửi tiền t...' | Doc: Tra cứu giao dịch nh | Boost: 0.25 | Matched: ['người gửi']
2025-12-19 08:59:27 | DEBUG    | log:152 | [classify_query_intent] Ambiguous: 'Xem danh sách người gửi tiền t...' | Scores: {'Tra cứu lịch sử giao dịch theo số tài khoản': 1, 'Tra cứu lịch sử giao dịch theo khoảng thời gian': 1, 'Tra cứu giao dịch nhận tiền': 1}
2025-12-19 08:59:27 | DEBUG    | log:152 | [normalize_query] 'Liệt kê tiền nhận từ lương hàng tháng...' -> 'Liệt kê tiền nhận từ lương hàng tháng...'
2025-12-19 08:59:27 | DEBUG    | log:152 | [perform_hybrid_search] query_text: [Liệt kê tiền nhận từ lương hàng tháng] - formatted_query: [Liệt kê tiền nhận từ lương hàng tháng] - normalized_query: [Liệt kê tiền nhận từ lương hàng tháng]
2025-12-19 08:59:27 | DEBUG    | log:152 | [perform_hybrid_search] BM25 raw scores: min=1.1762, max=17.7534
2025-12-19 08:59:27 | DEBUG    | log:152 | [get_keyword_boost] Query: 'Liệt kê tiền nhận từ lương hàn...' | Doc: Tra cứu lịch sử giao | Boost: 0.25 | Matched: ['liệt kê']
2025-12-19 08:59:27 | DEBUG    | log:152 | [get_keyword_boost] Query: 'Liệt kê tiền nhận từ lương hàn...' | Doc: Tra cứu lịch sử giao | Boost: 0.25 | Matched: ['liệt kê']
2025-12-19 08:59:27 | DEBUG    | log:152 | [get_keyword_boost] Query: 'Liệt kê tiền nhận từ lương hàn...' | Doc: Tra cứu lịch sử giao | Boost: 0.25 | Matched: ['liệt kê']
2025-12-19 08:59:27 | DEBUG    | log:152 | [get_keyword_boost] Query: 'Liệt kê tiền nhận từ lương hàn...' | Doc: Tra cứu giao dịch nh | Boost: 0.25 | Matched: ['nhận từ lương']
2025-12-19 08:59:27 | DEBUG    | log:152 | [classify_query_intent] Ambiguous: 'Liệt kê tiền nhận từ lương hàn...' | Scores: {'Tra cứu lịch sử giao dịch theo số tài khoản': 1, 'Tra cứu lịch sử giao dịch theo khoảng thời gian': 1, 'Tra cứu giao dịch nhận tiền': 1}
2025-12-19 08:59:27 | DEBUG    | log:152 | [normalize_query] 'Tra cứu giao dịch nhận tiền từ ngân hàng...' -> 'Tra cứu giao dịch nhận tiền từ ngân hàng...'
2025-12-19 08:59:27 | DEBUG    | log:152 | [perform_hybrid_search] query_text: [Tra cứu giao dịch nhận tiền từ ngân hàng khác] - formatted_query: [Tra cứu giao dịch nhận tiền từ ngân hàng khác] - normalized_query: [Tra cứu giao dịch nhận tiền từ ngân hàng khác]
2025-12-19 08:59:27 | DEBUG    | log:152 | [perform_hybrid_search] BM25 raw scores: min=1.1632, max=15.3152
2025-12-19 08:59:27 | DEBUG    | log:152 | [get_keyword_boost] Query: 'Tra cứu giao dịch nhận tiền từ...' | Doc: Tra cứu lịch sử giao | Boost: 0.25 | Matched: ['tra cứu']
2025-12-19 08:59:27 | DEBUG    | log:152 | [get_keyword_boost] Query: 'Tra cứu giao dịch nhận tiền từ...' | Doc: Tra cứu lịch sử giao | Boost: 0.25 | Matched: ['tra cứu']
2025-12-19 08:59:27 | DEBUG    | log:152 | [get_keyword_boost] Query: 'Tra cứu giao dịch nhận tiền từ...' | Doc: Tra cứu lịch sử giao | Boost: 0.25 | Matched: ['tra cứu']
2025-12-19 08:59:27 | DEBUG    | log:152 | [get_keyword_boost] Query: 'Tra cứu giao dịch nhận tiền từ...' | Doc: Tra cứu giao dịch th | Boost: 0.25 | Matched: ['giao dịch']
2025-12-19 08:59:27 | DEBUG    | log:152 | [get_keyword_boost] Query: 'Tra cứu giao dịch nhận tiền từ...' | Doc: Tra cứu giao dịch th | Boost: 0.25 | Matched: ['giao dịch']
2025-12-19 08:59:27 | DEBUG    | log:152 | [get_keyword_boost] Query: 'Tra cứu giao dịch nhận tiền từ...' | Doc: Tra cứu giao dịch th | Boost: 0.25 | Matched: ['giao dịch']
2025-12-19 08:59:27 | DEBUG    | log:152 | [get_keyword_boost] Query: 'Tra cứu giao dịch nhận tiền từ...' | Doc: Tra cứu giao dịch ch | Boost: 0.25 | Matched: ['ngân hàng khác']
2025-12-19 08:59:27 | DEBUG    | log:152 | [get_keyword_boost] Query: 'Tra cứu giao dịch nhận tiền từ...' | Doc: Tra cứu giao dịch nh | Boost: 0.25 | Matched: ['giao dịch nhận tiền']
2025-12-19 08:59:27 | DEBUG    | log:152 | [classify_query_intent] Ambiguous: 'Tra cứu giao dịch nhận tiền từ...' | Scores: {'Tra cứu lịch sử giao dịch theo số tài khoản': 1, 'Tra cứu lịch sử giao dịch theo khoảng thời gian': 1, 'Tra cứu giao dịch theo số tiền': 1, 'Tra cứu giao dịch theo trạng thái': 1, 'Tra cứu giao dịch theo loại giao dịch': 1, 'Tra cứu giao dịch chuyển tiền': 1, 'Tra cứu giao dịch nhận tiền': 1}
2025-12-19 08:59:27 | DEBUG    | log:152 | [normalize_query] 'Cho biết tổng số tiền đã nhận trong thán...' -> 'Cho biết tổng số tiền đã nhận trong thán...'
2025-12-19 08:59:27 | DEBUG    | log:152 | [perform_hybrid_search] query_text: [Cho biết tổng số tiền đã nhận trong tháng] - formatted_query: [Cho biết tổng số tiền đã nhận trong tháng] - normalized_query: [Cho biết tổng số tiền đã nhận trong tháng]
2025-12-19 08:59:28 | DEBUG    | log:152 | [perform_hybrid_search] BM25 raw scores: min=0.4345, max=28.5850
2025-12-19 08:59:28 | DEBUG    | log:152 | [get_keyword_boost] Query: 'Cho biết tổng số tiền đã nhận ...' | Doc: Tra cứu lịch sử giao | Boost: 0.25 | Matched: ['trong tháng']
2025-12-19 08:59:28 | DEBUG    | log:152 | [get_keyword_boost] Query: 'Cho biết tổng số tiền đã nhận ...' | Doc: Tra cứu giao dịch th | Boost: 0.25 | Matched: ['số tiền']
2025-12-19 08:59:28 | DEBUG    | log:152 | [get_keyword_boost] Query: 'Cho biết tổng số tiền đã nhận ...' | Doc: Tổng hợp số tiền gia | Boost: 0.25 | Matched: ['tổng số tiền']
2025-12-19 08:59:28 | DEBUG    | log:152 | [get_keyword_boost] Query: 'Cho biết tổng số tiền đã nhận ...' | Doc: Tra cứu chi tiết một | Boost: 0.25 | Matched: ['số tiền']
2025-12-19 08:59:28 | DEBUG    | log:152 | [classify_query_intent] Ambiguous: 'Cho biết tổng số tiền đã nhận ...' | Scores: {'Tra cứu lịch sử giao dịch theo khoảng thời gian': 1, 'Tra cứu giao dịch theo số tiền': 1, 'Tổng hợp số tiền giao dịch': 1, 'Tra cứu chi tiết một giao dịch cụ thể': 1}
2025-12-19 08:59:28 | DEBUG    | log:152 | [normalize_query] 'Tìm giao dịch nhận tiền có nội dung "lươ...' -> 'Tìm giao dịch nhận tiền có nội dung "lươ...'
2025-12-19 08:59:28 | DEBUG    | log:152 | [perform_hybrid_search] query_text: [Tìm giao dịch nhận tiền có nội dung "lương"] - formatted_query: [Tìm giao dịch nhận tiền có nội dung "lương"] - normalized_query: [Tìm giao dịch nhận tiền có nội dung "lương"]
2025-12-19 08:59:28 | DEBUG    | log:152 | [perform_hybrid_search] BM25 raw scores: min=6.1530, max=17.9741
2025-12-19 08:59:28 | DEBUG    | log:152 | [get_keyword_boost] Query: 'Tìm giao dịch nhận tiền có nội...' | Doc: Tra cứu lịch sử giao | Boost: 0.25 | Matched: ['tìm']
2025-12-19 08:59:28 | DEBUG    | log:152 | [get_keyword_boost] Query: 'Tìm giao dịch nhận tiền có nội...' | Doc: Tra cứu giao dịch th | Boost: 0.25 | Matched: ['giao dịch']
2025-12-19 08:59:28 | DEBUG    | log:152 | [get_keyword_boost] Query: 'Tìm giao dịch nhận tiền có nội...' | Doc: Tra cứu giao dịch th | Boost: 0.25 | Matched: ['giao dịch']
2025-12-19 08:59:28 | DEBUG    | log:152 | [get_keyword_boost] Query: 'Tìm giao dịch nhận tiền có nội...' | Doc: Tra cứu giao dịch th | Boost: 0.25 | Matched: ['giao dịch']
2025-12-19 08:59:28 | DEBUG    | log:152 | [get_keyword_boost] Query: 'Tìm giao dịch nhận tiền có nội...' | Doc: Tra cứu giao dịch ch | Boost: 0.25 | Matched: ['nội dung']
2025-12-19 08:59:28 | DEBUG    | log:152 | [get_keyword_boost] Query: 'Tìm giao dịch nhận tiền có nội...' | Doc: Tra cứu giao dịch nh | Boost: 0.25 | Matched: ['giao dịch nhận tiền']
2025-12-19 08:59:28 | DEBUG    | log:152 | [classify_query_intent] Ambiguous: 'Tìm giao dịch nhận tiền có nội...' | Scores: {'Tra cứu lịch sử giao dịch theo khoảng thời gian': 1, 'Tra cứu giao dịch theo số tiền': 1, 'Tra cứu giao dịch theo trạng thái': 1, 'Tra cứu giao dịch theo loại giao dịch': 1, 'Tra cứu giao dịch chuyển tiền': 1, 'Tra cứu giao dịch nhận tiền': 1}
2025-12-19 08:59:28 | DEBUG    | log:152 | [normalize_query] 'Xem các khoản tiền nhận từ công ty...' -> 'Xem các khoản tiền nhận từ công ty...'
2025-12-19 08:59:28 | DEBUG    | log:152 | [perform_hybrid_search] query_text: [Xem các khoản tiền nhận từ công ty] - formatted_query: [Xem các khoản tiền nhận từ công ty] - normalized_query: [Xem các khoản tiền nhận từ công ty]
2025-12-19 08:59:28 | DEBUG    | log:152 | [perform_hybrid_search] BM25 raw scores: min=0.4041, max=25.0760
2025-12-19 08:59:28 | DEBUG    | log:152 | [get_keyword_boost] Query: 'Xem các khoản tiền nhận từ côn...' | Doc: Tra cứu lịch sử giao | Boost: 0.25 | Matched: ['xem']
2025-12-19 08:59:28 | DEBUG    | log:152 | [get_keyword_boost] Query: 'Xem các khoản tiền nhận từ côn...' | Doc: Tra cứu lịch sử giao | Boost: 0.25 | Matched: ['xem']
2025-12-19 08:59:28 | DEBUG    | log:152 | [get_keyword_boost] Query: 'Xem các khoản tiền nhận từ côn...' | Doc: Tra cứu lịch sử giao | Boost: 0.25 | Matched: ['xem']
2025-12-19 08:59:28 | DEBUG    | log:152 | [get_keyword_boost] Query: 'Xem các khoản tiền nhận từ côn...' | Doc: Tra cứu giao dịch nh | Boost: 0.25 | Matched: ['nhận từ công ty']
2025-12-19 08:59:28 | DEBUG    | log:152 | [classify_query_intent] Ambiguous: 'Xem các khoản tiền nhận từ côn...' | Scores: {'Tra cứu lịch sử giao dịch theo số tài khoản': 1, 'Tra cứu lịch sử giao dịch theo khoảng thời gian': 1, 'Tra cứu giao dịch nhận tiền': 1}
2025-12-19 08:59:28 | DEBUG    | log:152 | [normalize_query] 'Liệt kê giao dịch nhận tiền cùng ngân hà...' -> 'Liệt kê giao dịch nhận tiền cùng ngân hà...'
2025-12-19 08:59:28 | DEBUG    | log:152 | [perform_hybrid_search] query_text: [Liệt kê giao dịch nhận tiền cùng ngân hàng] - formatted_query: [Liệt kê giao dịch nhận tiền cùng ngân hàng] - normalized_query: [Liệt kê giao dịch nhận tiền cùng ngân hàng]
2025-12-19 08:59:28 | DEBUG    | log:152 | [perform_hybrid_search] BM25 raw scores: min=1.1868, max=20.6564
2025-12-19 08:59:28 | DEBUG    | log:152 | [get_keyword_boost] Query: 'Liệt kê giao dịch nhận tiền cù...' | Doc: Tra cứu lịch sử giao | Boost: 0.25 | Matched: ['liệt kê']
2025-12-19 08:59:28 | DEBUG    | log:152 | [get_keyword_boost] Query: 'Liệt kê giao dịch nhận tiền cù...' | Doc: Tra cứu lịch sử giao | Boost: 0.25 | Matched: ['liệt kê']
2025-12-19 08:59:28 | DEBUG    | log:152 | [get_keyword_boost] Query: 'Liệt kê giao dịch nhận tiền cù...' | Doc: Tra cứu lịch sử giao | Boost: 0.25 | Matched: ['liệt kê']
2025-12-19 08:59:28 | DEBUG    | log:152 | [get_keyword_boost] Query: 'Liệt kê giao dịch nhận tiền cù...' | Doc: Tra cứu giao dịch th | Boost: 0.25 | Matched: ['giao dịch']
2025-12-19 08:59:28 | DEBUG    | log:152 | [get_keyword_boost] Query: 'Liệt kê giao dịch nhận tiền cù...' | Doc: Tra cứu giao dịch th | Boost: 0.25 | Matched: ['giao dịch']
2025-12-19 08:59:28 | DEBUG    | log:152 | [get_keyword_boost] Query: 'Liệt kê giao dịch nhận tiền cù...' | Doc: Tra cứu giao dịch th | Boost: 0.25 | Matched: ['giao dịch']
2025-12-19 08:59:28 | DEBUG    | log:152 | [get_keyword_boost] Query: 'Liệt kê giao dịch nhận tiền cù...' | Doc: Tra cứu giao dịch ch | Boost: 0.25 | Matched: ['cùng ngân hàng']
2025-12-19 08:59:28 | DEBUG    | log:152 | [get_keyword_boost] Query: 'Liệt kê giao dịch nhận tiền cù...' | Doc: Tra cứu giao dịch nh | Boost: 0.25 | Matched: ['giao dịch nhận tiền']
2025-12-19 08:59:28 | DEBUG    | log:152 | [classify_query_intent] Ambiguous: 'Liệt kê giao dịch nhận tiền cù...' | Scores: {'Tra cứu lịch sử giao dịch theo số tài khoản': 1, 'Tra cứu lịch sử giao dịch theo khoảng thời gian': 1, 'Tra cứu giao dịch theo số tiền': 1, 'Tra cứu giao dịch theo trạng thái': 1, 'Tra cứu giao dịch theo loại giao dịch': 1, 'Tra cứu giao dịch chuyển tiền': 1, 'Tra cứu giao dịch nhận tiền': 1}
2025-12-19 08:59:28 | DEBUG    | log:152 | [normalize_query] 'Tra cứu các lần nhận tiền trong 7 ngày q...' -> 'Tra cứu các lần nhận tiền trong 7 ngày q...'
2025-12-19 08:59:28 | DEBUG    | log:152 | [perform_hybrid_search] query_text: [Tra cứu các lần nhận tiền trong 7 ngày qua] - formatted_query: [Tra cứu các lần nhận tiền trong 7 ngày qua] - normalized_query: [Tra cứu các lần nhận tiền trong 7 ngày qua]
2025-12-19 08:59:28 | DEBUG    | log:152 | [perform_hybrid_search] BM25 raw scores: min=0.9909, max=11.0648
2025-12-19 08:59:28 | DEBUG    | log:152 | [get_keyword_boost] Query: 'Tra cứu các lần nhận tiền tron...' | Doc: Tra cứu lịch sử giao | Boost: 0.25 | Matched: ['tra cứu']
2025-12-19 08:59:28 | DEBUG    | log:152 | [get_keyword_boost] Query: 'Tra cứu các lần nhận tiền tron...' | Doc: Tra cứu lịch sử giao | Boost: 0.25 | Matched: ['tra cứu']
2025-12-19 08:59:28 | DEBUG    | log:152 | [get_keyword_boost] Query: 'Tra cứu các lần nhận tiền tron...' | Doc: Tra cứu lịch sử giao | Boost: 0.25 | Matched: ['tra cứu']
2025-12-19 08:59:28 | DEBUG    | log:152 | [classify_query_intent] Ambiguous: 'Tra cứu các lần nhận tiền tron...' | Scores: {'Tra cứu lịch sử giao dịch theo số tài khoản': 1, 'Tra cứu lịch sử giao dịch theo khoảng thời gian': 1}
2025-12-19 08:59:28 | DEBUG    | log:152 | [normalize_query] 'Xem các giao dịch có phí trong tháng này...' -> 'Xem các giao dịch có phí trong tháng này...'
2025-12-19 08:59:28 | DEBUG    | log:152 | [perform_hybrid_search] query_text: [Xem các giao dịch có phí trong tháng này] - formatted_query: [Xem các giao dịch có phí trong tháng này] - normalized_query: [Xem các giao dịch có phí trong tháng này]
2025-12-19 08:59:28 | DEBUG    | log:152 | [perform_hybrid_search] BM25 raw scores: min=1.9812, max=31.3770
2025-12-19 08:59:28 | DEBUG    | log:152 | [get_keyword_boost] Query: 'Xem các giao dịch có phí trong...' | Doc: Tra cứu lịch sử giao | Boost: 0.25 | Matched: ['xem']
2025-12-19 08:59:28 | DEBUG    | log:152 | [get_keyword_boost] Query: 'Xem các giao dịch có phí trong...' | Doc: Tra cứu lịch sử giao | Boost: 0.25 | Matched: ['xem']
2025-12-19 08:59:28 | DEBUG    | log:152 | [get_keyword_boost] Query: 'Xem các giao dịch có phí trong...' | Doc: Tra cứu lịch sử giao | Boost: 0.50 | Matched: ['xem', 'trong tháng']
2025-12-19 08:59:28 | DEBUG    | log:152 | [get_keyword_boost] Query: 'Xem các giao dịch có phí trong...' | Doc: Tra cứu giao dịch th | Boost: 0.25 | Matched: ['giao dịch']
2025-12-19 08:59:28 | DEBUG    | log:152 | [get_keyword_boost] Query: 'Xem các giao dịch có phí trong...' | Doc: Tra cứu giao dịch th | Boost: 0.25 | Matched: ['giao dịch']
2025-12-19 08:59:28 | DEBUG    | log:152 | [get_keyword_boost] Query: 'Xem các giao dịch có phí trong...' | Doc: Tra cứu giao dịch th | Boost: 0.25 | Matched: ['giao dịch']
2025-12-19 08:59:28 | DEBUG    | log:152 | [get_keyword_boost] Query: 'Xem các giao dịch có phí trong...' | Doc: Tra cứu phí giao dịc | Boost: 0.25 | Matched: ['giao dịch có phí']
2025-12-19 08:59:28 | DEBUG    | log:152 | [classify_query_intent] Classified: 'Xem các giao dịch có phí trong...' -> Tra cứu lịch sử giao dịch theo (score=2)
2025-12-19 08:59:28 | DEBUG    | log:152 | [normalize_query] 'Cho tôi danh sách phí giao dịch đã trả...' -> 'Cho tôi danh sách phí giao dịch đã trả...'
2025-12-19 08:59:28 | DEBUG    | log:152 | [perform_hybrid_search] query_text: [Cho tôi danh sách phí giao dịch đã trả] - formatted_query: [Cho tôi danh sách phí giao dịch đã trả] - normalized_query: [Cho tôi danh sách phí giao dịch đã trả]
2025-12-19 08:59:28 | DEBUG    | log:152 | [perform_hybrid_search] BM25 raw scores: min=0.2853, max=26.8926
2025-12-19 08:59:28 | DEBUG    | log:152 | [get_keyword_boost] Query: 'Cho tôi danh sách phí giao dịc...' | Doc: Tra cứu giao dịch th | Boost: 0.25 | Matched: ['giao dịch']
2025-12-19 08:59:28 | DEBUG    | log:152 | [get_keyword_boost] Query: 'Cho tôi danh sách phí giao dịc...' | Doc: Tra cứu giao dịch th | Boost: 0.25 | Matched: ['giao dịch']
2025-12-19 08:59:28 | DEBUG    | log:152 | [get_keyword_boost] Query: 'Cho tôi danh sách phí giao dịc...' | Doc: Tra cứu giao dịch th | Boost: 0.25 | Matched: ['giao dịch']
2025-12-19 08:59:28 | DEBUG    | log:152 | [get_keyword_boost] Query: 'Cho tôi danh sách phí giao dịc...' | Doc: Tra cứu chi tiết một | Boost: 0.25 | Matched: ['phí giao dịch']
2025-12-19 08:59:28 | DEBUG    | log:152 | [get_keyword_boost] Query: 'Cho tôi danh sách phí giao dịc...' | Doc: Tra cứu phí giao dịc | Boost: 0.25 | Matched: ['phí giao dịch']
2025-12-19 08:59:28 | DEBUG    | log:152 | [classify_query_intent] Ambiguous: 'Cho tôi danh sách phí giao dịc...' | Scores: {'Tra cứu giao dịch theo số tiền': 1, 'Tra cứu giao dịch theo trạng thái': 1, 'Tra cứu giao dịch theo loại giao dịch': 1, 'Tra cứu chi tiết một giao dịch cụ thể': 1, 'Tra cứu phí giao dịch': 1}
2025-12-19 08:59:28 | DEBUG    | log:152 | [normalize_query] 'Tìm các giao dịch bị tính phí...' -> 'Tìm các giao dịch bị tính phí...'
2025-12-19 08:59:28 | DEBUG    | log:152 | [perform_hybrid_search] query_text: [Tìm các giao dịch bị tính phí] - formatted_query: [Tìm các giao dịch bị tính phí] - normalized_query: [Tìm các giao dịch bị tính phí]
2025-12-19 08:59:28 | DEBUG    | log:152 | [perform_hybrid_search] BM25 raw scores: min=0.1028, max=24.4773
2025-12-19 08:59:28 | DEBUG    | log:152 | [get_keyword_boost] Query: 'Tìm các giao dịch bị tính phí...' | Doc: Tra cứu lịch sử giao | Boost: 0.25 | Matched: ['tìm']
2025-12-19 08:59:28 | DEBUG    | log:152 | [get_keyword_boost] Query: 'Tìm các giao dịch bị tính phí...' | Doc: Tra cứu giao dịch th | Boost: 0.25 | Matched: ['giao dịch']
2025-12-19 08:59:28 | DEBUG    | log:152 | [get_keyword_boost] Query: 'Tìm các giao dịch bị tính phí...' | Doc: Tra cứu giao dịch th | Boost: 0.25 | Matched: ['giao dịch']
2025-12-19 08:59:28 | DEBUG    | log:152 | [get_keyword_boost] Query: 'Tìm các giao dịch bị tính phí...' | Doc: Tra cứu giao dịch th | Boost: 0.25 | Matched: ['giao dịch']
2025-12-19 08:59:28 | DEBUG    | log:152 | [classify_query_intent] Ambiguous: 'Tìm các giao dịch bị tính phí...' | Scores: {'Tra cứu lịch sử giao dịch theo khoảng thời gian': 1, 'Tra cứu giao dịch theo số tiền': 1, 'Tra cứu giao dịch theo trạng thái': 1, 'Tra cứu giao dịch theo loại giao dịch': 1}
2025-12-19 08:59:28 | DEBUG    | log:152 | [normalize_query] 'Liệt kê phí chuyển khoản đã thanh toán...' -> 'Liệt kê phí chuyển khoản đã thanh toán...'
2025-12-19 08:59:28 | DEBUG    | log:152 | [perform_hybrid_search] query_text: [Liệt kê phí chuyển khoản đã thanh toán] - formatted_query: [Liệt kê phí chuyển khoản đã thanh toán] - normalized_query: [Liệt kê phí chuyển khoản đã thanh toán]
2025-12-19 08:59:28 | DEBUG    | log:152 | [perform_hybrid_search] BM25 raw scores: min=0.2431, max=36.2116
2025-12-19 08:59:28 | DEBUG    | log:152 | [get_keyword_boost] Query: 'Liệt kê phí chuyển khoản đã th...' | Doc: Tra cứu lịch sử giao | Boost: 0.25 | Matched: ['liệt kê']
2025-12-19 08:59:28 | DEBUG    | log:152 | [get_keyword_boost] Query: 'Liệt kê phí chuyển khoản đã th...' | Doc: Tra cứu lịch sử giao | Boost: 0.25 | Matched: ['liệt kê']
2025-12-19 08:59:28 | DEBUG    | log:152 | [get_keyword_boost] Query: 'Liệt kê phí chuyển khoản đã th...' | Doc: Tra cứu lịch sử giao | Boost: 0.25 | Matched: ['liệt kê']
2025-12-19 08:59:28 | DEBUG    | log:152 | [get_keyword_boost] Query: 'Liệt kê phí chuyển khoản đã th...' | Doc: Tra cứu giao dịch th | Boost: 0.50 | Matched: ['thanh toán', 'chuyển khoản']
2025-12-19 08:59:28 | DEBUG    | log:152 | [get_keyword_boost] Query: 'Liệt kê phí chuyển khoản đã th...' | Doc: Tra cứu giao dịch ch | Boost: 0.50 | Matched: ['chuyển khoản', 'thanh toán']
2025-12-19 08:59:28 | DEBUG    | log:152 | [get_keyword_boost] Query: 'Liệt kê phí chuyển khoản đã th...' | Doc: Tra cứu phí giao dịc | Boost: 0.25 | Matched: ['phí chuyển khoản']
2025-12-19 08:59:28 | DEBUG    | log:152 | [classify_query_intent] Ambiguous: 'Liệt kê phí chuyển khoản đã th...' | Scores: {'Tra cứu lịch sử giao dịch theo số tài khoản': 1, 'Tra cứu lịch sử giao dịch theo khoảng thời gian': 1, 'Tra cứu giao dịch theo loại giao dịch': 2, 'Tra cứu giao dịch chuyển tiền': 2, 'Tra cứu phí giao dịch': 1}
2025-12-19 08:59:28 | DEBUG    | log:152 | [normalize_query] 'Tra cứu tổng phí giao dịch trong tháng...' -> 'Tra cứu tổng phí giao dịch trong tháng...'
2025-12-19 08:59:28 | DEBUG    | log:152 | [perform_hybrid_search] query_text: [Tra cứu tổng phí giao dịch trong tháng] - formatted_query: [Tra cứu tổng phí giao dịch trong tháng] - normalized_query: [Tra cứu tổng phí giao dịch trong tháng]
2025-12-19 08:59:28 | DEBUG    | log:152 | [perform_hybrid_search] BM25 raw scores: min=0.8330, max=31.7590
2025-12-19 08:59:28 | DEBUG    | log:152 | [get_keyword_boost] Query: 'Tra cứu tổng phí giao dịch tro...' | Doc: Tra cứu lịch sử giao | Boost: 0.25 | Matched: ['tra cứu']
2025-12-19 08:59:28 | DEBUG    | log:152 | [get_keyword_boost] Query: 'Tra cứu tổng phí giao dịch tro...' | Doc: Tra cứu lịch sử giao | Boost: 0.25 | Matched: ['tra cứu']
2025-12-19 08:59:28 | DEBUG    | log:152 | [get_keyword_boost] Query: 'Tra cứu tổng phí giao dịch tro...' | Doc: Tra cứu lịch sử giao | Boost: 0.50 | Matched: ['tra cứu', 'trong tháng']
2025-12-19 08:59:28 | DEBUG    | log:152 | [get_keyword_boost] Query: 'Tra cứu tổng phí giao dịch tro...' | Doc: Tra cứu giao dịch th | Boost: 0.25 | Matched: ['giao dịch']
2025-12-19 08:59:28 | DEBUG    | log:152 | [get_keyword_boost] Query: 'Tra cứu tổng phí giao dịch tro...' | Doc: Tra cứu giao dịch th | Boost: 0.25 | Matched: ['giao dịch']
2025-12-19 08:59:28 | DEBUG    | log:152 | [get_keyword_boost] Query: 'Tra cứu tổng phí giao dịch tro...' | Doc: Tra cứu giao dịch th | Boost: 0.25 | Matched: ['giao dịch']
2025-12-19 08:59:28 | DEBUG    | log:152 | [get_keyword_boost] Query: 'Tra cứu tổng phí giao dịch tro...' | Doc: Tra cứu chi tiết một | Boost: 0.25 | Matched: ['phí giao dịch']
2025-12-19 08:59:28 | DEBUG    | log:152 | [get_keyword_boost] Query: 'Tra cứu tổng phí giao dịch tro...' | Doc: Tra cứu phí giao dịc | Boost: 0.25 | Matched: ['phí giao dịch']
2025-12-19 08:59:28 | DEBUG    | log:152 | [classify_query_intent] Classified: 'Tra cứu tổng phí giao dịch tro...' -> Tra cứu lịch sử giao dịch theo (score=2)
2025-12-19 08:59:28 | DEBUG    | log:152 | [normalize_query] 'Cho biết giao dịch nào có phí cao nhất...' -> 'Cho biết giao dịch nào có phí cao nhất...'
2025-12-19 08:59:28 | DEBUG    | log:152 | [perform_hybrid_search] query_text: [Cho biết giao dịch nào có phí cao nhất] - formatted_query: [Cho biết giao dịch nào có phí cao nhất] - normalized_query: [Cho biết giao dịch nào có phí cao nhất]
2025-12-19 08:59:28 | DEBUG    | log:152 | [perform_hybrid_search] BM25 raw scores: min=1.9812, max=40.2440
2025-12-19 08:59:28 | DEBUG    | log:152 | [get_keyword_boost] Query: 'Cho biết giao dịch nào có phí ...' | Doc: Tra cứu giao dịch th | Boost: 0.25 | Matched: ['giao dịch']
2025-12-19 08:59:28 | DEBUG    | log:152 | [get_keyword_boost] Query: 'Cho biết giao dịch nào có phí ...' | Doc: Tra cứu giao dịch th | Boost: 0.25 | Matched: ['giao dịch']
2025-12-19 08:59:28 | DEBUG    | log:152 | [get_keyword_boost] Query: 'Cho biết giao dịch nào có phí ...' | Doc: Tra cứu giao dịch th | Boost: 0.25 | Matched: ['giao dịch']
2025-12-19 08:59:28 | DEBUG    | log:152 | [get_keyword_boost] Query: 'Cho biết giao dịch nào có phí ...' | Doc: Tra cứu phí giao dịc | Boost: 0.25 | Matched: ['phí cao nhất']
2025-12-19 08:59:28 | DEBUG    | log:152 | [classify_query_intent] Ambiguous: 'Cho biết giao dịch nào có phí ...' | Scores: {'Tra cứu giao dịch theo số tiền': 1, 'Tra cứu giao dịch theo trạng thái': 1, 'Tra cứu giao dịch theo loại giao dịch': 1, 'Tra cứu phí giao dịch': 1}
2025-12-19 08:59:28 | DEBUG    | log:152 | [normalize_query] 'Xem các khoản phí đã bị trừ...' -> 'Xem các khoản phí đã bị trừ...'
2025-12-19 08:59:28 | DEBUG    | log:152 | [perform_hybrid_search] query_text: [Xem các khoản phí đã bị trừ] - formatted_query: [Xem các khoản phí đã bị trừ] - normalized_query: [Xem các khoản phí đã bị trừ]
2025-12-19 08:59:28 | DEBUG    | log:152 | [perform_hybrid_search] BM25 raw scores: min=0.0685, max=23.7135
2025-12-19 08:59:28 | DEBUG    | log:152 | [get_keyword_boost] Query: 'Xem các khoản phí đã bị trừ...' | Doc: Tra cứu lịch sử giao | Boost: 0.25 | Matched: ['xem']
2025-12-19 08:59:28 | DEBUG    | log:152 | [get_keyword_boost] Query: 'Xem các khoản phí đã bị trừ...' | Doc: Tra cứu lịch sử giao | Boost: 0.25 | Matched: ['xem']
2025-12-19 08:59:28 | DEBUG    | log:152 | [get_keyword_boost] Query: 'Xem các khoản phí đã bị trừ...' | Doc: Tra cứu lịch sử giao | Boost: 0.25 | Matched: ['xem']
2025-12-19 08:59:28 | DEBUG    | log:152 | [classify_query_intent] Ambiguous: 'Xem các khoản phí đã bị trừ...' | Scores: {'Tra cứu lịch sử giao dịch theo số tài khoản': 1, 'Tra cứu lịch sử giao dịch theo khoảng thời gian': 1}
2025-12-19 08:59:28 | DEBUG    | log:152 | [normalize_query] 'Tìm phí chuyển tiền liên ngân hàng...' -> 'Tìm phí chuyển tiền liên ngân hàng...'
2025-12-19 08:59:28 | DEBUG    | log:152 | [perform_hybrid_search] query_text: [Tìm phí chuyển tiền liên ngân hàng] - formatted_query: [Tìm phí chuyển tiền liên ngân hàng] - normalized_query: [Tìm phí chuyển tiền liên ngân hàng]
2025-12-19 08:59:28 | DEBUG    | log:152 | [perform_hybrid_search] BM25 raw scores: min=0.1371, max=33.9453
2025-12-19 08:59:28 | DEBUG    | log:152 | [get_keyword_boost] Query: 'Tìm phí chuyển tiền liên ngân ...' | Doc: Tra cứu lịch sử giao | Boost: 0.25 | Matched: ['tìm']
2025-12-19 08:59:28 | DEBUG    | log:152 | [get_keyword_boost] Query: 'Tìm phí chuyển tiền liên ngân ...' | Doc: Tra cứu giao dịch th | Boost: 0.50 | Matched: ['chuyển tiền', 'chuyển tiền liên ngân hàng']
2025-12-19 08:59:28 | DEBUG    | log:152 | [get_keyword_boost] Query: 'Tìm phí chuyển tiền liên ngân ...' | Doc: Tra cứu giao dịch ch | Boost: 0.25 | Matched: ['phí chuyển tiền']
2025-12-19 08:59:28 | DEBUG    | log:152 | [get_keyword_boost] Query: 'Tìm phí chuyển tiền liên ngân ...' | Doc: Tra cứu phí giao dịc | Boost: 0.25 | Matched: ['phí chuyển tiền liên ngân hàng']
2025-12-19 08:59:28 | DEBUG    | log:152 | [classify_query_intent] Classified: 'Tìm phí chuyển tiền liên ngân ...' -> Tra cứu giao dịch theo loại gi (score=2)
2025-12-19 08:59:28 | DEBUG    | log:152 | [normalize_query] 'Liệt kê các giao dịch miễn phí...' -> 'Liệt kê các giao dịch miễn phí...'
2025-12-19 08:59:28 | DEBUG    | log:152 | [perform_hybrid_search] query_text: [Liệt kê các giao dịch miễn phí] - formatted_query: [Liệt kê các giao dịch miễn phí] - normalized_query: [Liệt kê các giao dịch miễn phí]
2025-12-19 08:59:28 | DEBUG    | log:152 | [perform_hybrid_search] BM25 raw scores: min=0.1028, max=27.9633
2025-12-19 08:59:28 | DEBUG    | log:152 | [get_keyword_boost] Query: 'Liệt kê các giao dịch miễn phí...' | Doc: Tra cứu lịch sử giao | Boost: 0.25 | Matched: ['liệt kê']
2025-12-19 08:59:28 | DEBUG    | log:152 | [get_keyword_boost] Query: 'Liệt kê các giao dịch miễn phí...' | Doc: Tra cứu lịch sử giao | Boost: 0.25 | Matched: ['liệt kê']
2025-12-19 08:59:28 | DEBUG    | log:152 | [get_keyword_boost] Query: 'Liệt kê các giao dịch miễn phí...' | Doc: Tra cứu lịch sử giao | Boost: 0.25 | Matched: ['liệt kê']
2025-12-19 08:59:28 | DEBUG    | log:152 | [get_keyword_boost] Query: 'Liệt kê các giao dịch miễn phí...' | Doc: Tra cứu giao dịch th | Boost: 0.25 | Matched: ['giao dịch']
2025-12-19 08:59:28 | DEBUG    | log:152 | [get_keyword_boost] Query: 'Liệt kê các giao dịch miễn phí...' | Doc: Tra cứu giao dịch th | Boost: 0.25 | Matched: ['giao dịch']
2025-12-19 08:59:28 | DEBUG    | log:152 | [get_keyword_boost] Query: 'Liệt kê các giao dịch miễn phí...' | Doc: Tra cứu giao dịch th | Boost: 0.25 | Matched: ['giao dịch']
2025-12-19 08:59:28 | DEBUG    | log:152 | [get_keyword_boost] Query: 'Liệt kê các giao dịch miễn phí...' | Doc: Tra cứu phí giao dịc | Boost: 0.25 | Matched: ['miễn phí']
2025-12-19 08:59:28 | DEBUG    | log:152 | [classify_query_intent] Ambiguous: 'Liệt kê các giao dịch miễn phí...' | Scores: {'Tra cứu lịch sử giao dịch theo số tài khoản': 1, 'Tra cứu lịch sử giao dịch theo khoảng thời gian': 1, 'Tra cứu giao dịch theo số tiền': 1, 'Tra cứu giao dịch theo trạng thái': 1, 'Tra cứu giao dịch theo loại giao dịch': 1, 'Tra cứu phí giao dịch': 1}
2025-12-19 08:59:28 | DEBUG    | log:152 | [normalize_query] 'Tra cứu phí dịch vụ ngân hàng...' -> 'Tra cứu phí dịch vụ ngân hàng...'
2025-12-19 08:59:28 | DEBUG    | log:152 | [perform_hybrid_search] query_text: [Tra cứu phí dịch vụ ngân hàng] - formatted_query: [Tra cứu phí dịch vụ ngân hàng] - normalized_query: [Tra cứu phí dịch vụ ngân hàng]
2025-12-19 08:59:28 | DEBUG    | log:152 | [perform_hybrid_search] BM25 raw scores: min=0.7645, max=34.6879
2025-12-19 08:59:28 | DEBUG    | log:152 | [get_keyword_boost] Query: 'Tra cứu phí dịch vụ ngân hàng...' | Doc: Tra cứu lịch sử giao | Boost: 0.25 | Matched: ['tra cứu']
2025-12-19 08:59:28 | DEBUG    | log:152 | [get_keyword_boost] Query: 'Tra cứu phí dịch vụ ngân hàng...' | Doc: Tra cứu lịch sử giao | Boost: 0.25 | Matched: ['tra cứu']
2025-12-19 08:59:28 | DEBUG    | log:152 | [get_keyword_boost] Query: 'Tra cứu phí dịch vụ ngân hàng...' | Doc: Tra cứu lịch sử giao | Boost: 0.25 | Matched: ['tra cứu']
2025-12-19 08:59:28 | DEBUG    | log:152 | [get_keyword_boost] Query: 'Tra cứu phí dịch vụ ngân hàng...' | Doc: Tra cứu giao dịch th | Boost: 0.25 | Matched: ['phí dịch vụ']
2025-12-19 08:59:28 | DEBUG    | log:152 | [get_keyword_boost] Query: 'Tra cứu phí dịch vụ ngân hàng...' | Doc: Tra cứu phí giao dịc | Boost: 0.25 | Matched: ['phí dịch vụ']
2025-12-19 08:59:28 | DEBUG    | log:152 | [classify_query_intent] Ambiguous: 'Tra cứu phí dịch vụ ngân hàng...' | Scores: {'Tra cứu lịch sử giao dịch theo số tài khoản': 1, 'Tra cứu lịch sử giao dịch theo khoảng thời gian': 1, 'Tra cứu giao dịch thanh toán hóa đơn': 1, 'Tra cứu phí giao dịch': 1}
2025-12-19 08:59:28 | DEBUG    | log:152 | [normalize_query] 'Cho xem tổng tiền phí đã chi trong năm...' -> 'Cho xem tổng tiền phí đã chi trong năm...'
2025-12-19 08:59:28 | DEBUG    | log:152 | [perform_hybrid_search] query_text: [Cho xem tổng tiền phí đã chi trong năm] - formatted_query: [Cho xem tổng tiền phí đã chi trong năm] - normalized_query: [Cho xem tổng tiền phí đã chi trong năm]
2025-12-19 08:59:28 | DEBUG    | log:152 | [perform_hybrid_search] BM25 raw scores: min=0.0343, max=31.7133
2025-12-19 08:59:28 | DEBUG    | log:152 | [get_keyword_boost] Query: 'Cho xem tổng tiền phí đã chi t...' | Doc: Tra cứu lịch sử giao | Boost: 0.25 | Matched: ['xem']
2025-12-19 08:59:28 | DEBUG    | log:152 | [get_keyword_boost] Query: 'Cho xem tổng tiền phí đã chi t...' | Doc: Tra cứu lịch sử giao | Boost: 0.25 | Matched: ['xem']
2025-12-19 08:59:28 | DEBUG    | log:152 | [get_keyword_boost] Query: 'Cho xem tổng tiền phí đã chi t...' | Doc: Tra cứu lịch sử giao | Boost: 0.25 | Matched: ['xem']
2025-12-19 08:59:28 | DEBUG    | log:152 | [classify_query_intent] Ambiguous: 'Cho xem tổng tiền phí đã chi t...' | Scores: {'Tra cứu lịch sử giao dịch theo số tài khoản': 1, 'Tra cứu lịch sử giao dịch theo khoảng thời gian': 1}
2025-12-19 08:59:28 | DEBUG    | log:152 | [normalize_query] 'Tìm các giao dịch có phí trên 10.000đ...' -> 'Tìm các giao dịch có phí trên 10.000đ...'
2025-12-19 08:59:28 | DEBUG    | log:152 | [perform_hybrid_search] query_text: [Tìm các giao dịch có phí trên 10.000đ] - formatted_query: [Tìm các giao dịch có phí trên 10.000đ] - normalized_query: [Tìm các giao dịch có phí trên 10.000đ]
2025-12-19 08:59:28 | DEBUG    | log:152 | [perform_hybrid_search] BM25 raw scores: min=1.9812, max=44.7889
2025-12-19 08:59:28 | DEBUG    | log:152 | [get_keyword_boost] Query: 'Tìm các giao dịch có phí trên ...' | Doc: Tra cứu lịch sử giao | Boost: 0.25 | Matched: ['tìm']
2025-12-19 08:59:28 | DEBUG    | log:152 | [get_keyword_boost] Query: 'Tìm các giao dịch có phí trên ...' | Doc: Tra cứu giao dịch th | Boost: 0.50 | Matched: ['giao dịch', 'trên']
2025-12-19 08:59:28 | DEBUG    | log:152 | [get_keyword_boost] Query: 'Tìm các giao dịch có phí trên ...' | Doc: Tra cứu giao dịch th | Boost: 0.25 | Matched: ['giao dịch']
2025-12-19 08:59:28 | DEBUG    | log:152 | [get_keyword_boost] Query: 'Tìm các giao dịch có phí trên ...' | Doc: Tra cứu giao dịch th | Boost: 0.25 | Matched: ['giao dịch']
2025-12-19 08:59:28 | DEBUG    | log:152 | [get_keyword_boost] Query: 'Tìm các giao dịch có phí trên ...' | Doc: Tra cứu phí giao dịc | Boost: 0.25 | Matched: ['giao dịch có phí']
2025-12-19 08:59:28 | DEBUG    | log:152 | [classify_query_intent] Classified: 'Tìm các giao dịch có phí trên ...' -> Tra cứu giao dịch theo số tiền (score=2)
2025-12-19 08:59:28 | DEBUG    | log:152 | [normalize_query] 'Xem danh sách phí giao dịch ATM...' -> 'Xem danh sách phí giao dịch atm...'
2025-12-19 08:59:28 | DEBUG    | log:152 | [perform_hybrid_search] query_text: [Xem danh sách phí giao dịch ATM] - formatted_query: [Xem danh sách phí giao dịch atm] - normalized_query: [Xem danh sách phí giao dịch atm]
2025-12-19 08:59:28 | DEBUG    | log:152 | [perform_hybrid_search] BM25 raw scores: min=0.1028, max=32.9946
2025-12-19 08:59:28 | DEBUG    | log:152 | [get_keyword_boost] Query: 'Xem danh sách phí giao dịch at...' | Doc: Tra cứu lịch sử giao | Boost: 0.25 | Matched: ['xem']
2025-12-19 08:59:28 | DEBUG    | log:152 | [get_keyword_boost] Query: 'Xem danh sách phí giao dịch at...' | Doc: Tra cứu lịch sử giao | Boost: 0.25 | Matched: ['xem']
2025-12-19 08:59:28 | DEBUG    | log:152 | [get_keyword_boost] Query: 'Xem danh sách phí giao dịch at...' | Doc: Tra cứu lịch sử giao | Boost: 0.25 | Matched: ['xem']
2025-12-19 08:59:28 | DEBUG    | log:152 | [get_keyword_boost] Query: 'Xem danh sách phí giao dịch at...' | Doc: Tra cứu giao dịch th | Boost: 0.25 | Matched: ['giao dịch']
2025-12-19 08:59:28 | DEBUG    | log:152 | [get_keyword_boost] Query: 'Xem danh sách phí giao dịch at...' | Doc: Tra cứu giao dịch th | Boost: 0.25 | Matched: ['giao dịch']
2025-12-19 08:59:28 | DEBUG    | log:152 | [get_keyword_boost] Query: 'Xem danh sách phí giao dịch at...' | Doc: Tra cứu giao dịch th | Boost: 0.25 | Matched: ['giao dịch']
2025-12-19 08:59:28 | DEBUG    | log:152 | [get_keyword_boost] Query: 'Xem danh sách phí giao dịch at...' | Doc: Tra cứu giao dịch th | Boost: 0.25 | Matched: ['atm']
2025-12-19 08:59:28 | DEBUG    | log:152 | [get_keyword_boost] Query: 'Xem danh sách phí giao dịch at...' | Doc: Tra cứu chi tiết một | Boost: 0.25 | Matched: ['phí giao dịch']
2025-12-19 08:59:28 | DEBUG    | log:152 | [get_keyword_boost] Query: 'Xem danh sách phí giao dịch at...' | Doc: Tra cứu phí giao dịc | Boost: 0.25 | Matched: ['phí giao dịch']
2025-12-19 08:59:28 | DEBUG    | log:152 | [classify_query_intent] Ambiguous: 'Xem danh sách phí giao dịch at...' | Scores: {'Tra cứu lịch sử giao dịch theo số tài khoản': 1, 'Tra cứu lịch sử giao dịch theo khoảng thời gian': 1, 'Tra cứu giao dịch theo số tiền': 1, 'Tra cứu giao dịch theo trạng thái': 1, 'Tra cứu giao dịch theo loại giao dịch': 1, 'Tra cứu giao dịch theo kênh giao dịch': 1, 'Tra cứu chi tiết một giao dịch cụ thể': 1, 'Tra cứu phí giao dịch': 1}
2025-12-19 08:59:28 | DEBUG    | log:152 | [normalize_query] 'Liệt kê phí rút tiền đã trả...' -> 'Liệt kê phí rút tiền đã trả...'
2025-12-19 08:59:28 | DEBUG    | log:152 | [perform_hybrid_search] query_text: [Liệt kê phí rút tiền đã trả] - formatted_query: [Liệt kê phí rút tiền đã trả] - normalized_query: [Liệt kê phí rút tiền đã trả]
2025-12-19 08:59:28 | DEBUG    | log:152 | [perform_hybrid_search] BM25 raw scores: min=0.2168, max=37.0465
2025-12-19 08:59:28 | DEBUG    | log:152 | [get_keyword_boost] Query: 'Liệt kê phí rút tiền đã trả...' | Doc: Tra cứu lịch sử giao | Boost: 0.25 | Matched: ['liệt kê']
2025-12-19 08:59:28 | DEBUG    | log:152 | [get_keyword_boost] Query: 'Liệt kê phí rút tiền đã trả...' | Doc: Tra cứu lịch sử giao | Boost: 0.25 | Matched: ['liệt kê']
2025-12-19 08:59:28 | DEBUG    | log:152 | [get_keyword_boost] Query: 'Liệt kê phí rút tiền đã trả...' | Doc: Tra cứu lịch sử giao | Boost: 0.25 | Matched: ['liệt kê']
2025-12-19 08:59:28 | DEBUG    | log:152 | [get_keyword_boost] Query: 'Liệt kê phí rút tiền đã trả...' | Doc: Tra cứu giao dịch th | Boost: 0.25 | Matched: ['rút tiền']
2025-12-19 08:59:28 | DEBUG    | log:152 | [get_keyword_boost] Query: 'Liệt kê phí rút tiền đã trả...' | Doc: Tra cứu phí giao dịc | Boost: 0.25 | Matched: ['phí rút tiền']
2025-12-19 08:59:28 | DEBUG    | log:152 | [classify_query_intent] Ambiguous: 'Liệt kê phí rút tiền đã trả...' | Scores: {'Tra cứu lịch sử giao dịch theo số tài khoản': 1, 'Tra cứu lịch sử giao dịch theo khoảng thời gian': 1, 'Tra cứu giao dịch theo loại giao dịch': 1, 'Tra cứu phí giao dịch': 1}
2025-12-19 08:59:28 | DEBUG    | log:152 | [normalize_query] 'Tra cứu phí thanh toán hóa đơn...' -> 'Tra cứu phí thanh toán hóa đơn...'
2025-12-19 08:59:28 | DEBUG    | log:152 | [perform_hybrid_search] query_text: [Tra cứu phí thanh toán hóa đơn] - formatted_query: [Tra cứu phí thanh toán hóa đơn] - normalized_query: [Tra cứu phí thanh toán hóa đơn]
2025-12-19 08:59:28 | DEBUG    | log:152 | [perform_hybrid_search] BM25 raw scores: min=1.0255, max=31.9421
2025-12-19 08:59:28 | DEBUG    | log:152 | [get_keyword_boost] Query: 'Tra cứu phí thanh toán hóa đơn...' | Doc: Tra cứu lịch sử giao | Boost: 0.25 | Matched: ['tra cứu']
2025-12-19 08:59:28 | DEBUG    | log:152 | [get_keyword_boost] Query: 'Tra cứu phí thanh toán hóa đơn...' | Doc: Tra cứu lịch sử giao | Boost: 0.25 | Matched: ['tra cứu']
2025-12-19 08:59:28 | DEBUG    | log:152 | [get_keyword_boost] Query: 'Tra cứu phí thanh toán hóa đơn...' | Doc: Tra cứu lịch sử giao | Boost: 0.25 | Matched: ['tra cứu']
2025-12-19 08:59:28 | DEBUG    | log:152 | [get_keyword_boost] Query: 'Tra cứu phí thanh toán hóa đơn...' | Doc: Tra cứu giao dịch th | Boost: 0.50 | Matched: ['thanh toán', 'thanh toán hóa đơn']
2025-12-19 08:59:28 | DEBUG    | log:152 | [get_keyword_boost] Query: 'Tra cứu phí thanh toán hóa đơn...' | Doc: Tra cứu giao dịch ch | Boost: 0.25 | Matched: ['thanh toán']
2025-12-19 08:59:28 | DEBUG    | log:152 | [get_keyword_boost] Query: 'Tra cứu phí thanh toán hóa đơn...' | Doc: Tra cứu giao dịch th | Boost: 0.25 | Matched: ['thanh toán hóa đơn']
2025-12-19 08:59:28 | DEBUG    | log:152 | [get_keyword_boost] Query: 'Tra cứu phí thanh toán hóa đơn...' | Doc: Tra cứu phí giao dịc | Boost: 0.25 | Matched: ['phí thanh toán hóa đơn']
2025-12-19 08:59:28 | DEBUG    | log:152 | [classify_query_intent] Classified: 'Tra cứu phí thanh toán hóa đơn...' -> Tra cứu giao dịch theo loại gi (score=2)
2025-12-19 08:59:28 | DEBUG    | log:152 | [normalize_query] 'Cho biết phí SMS Banking trong tháng...' -> 'Cho biết phí sms banking trong tháng...'
2025-12-19 08:59:28 | DEBUG    | log:152 | [perform_hybrid_search] query_text: [Cho biết phí SMS Banking trong tháng] - formatted_query: [Cho biết phí sms banking trong tháng] - normalized_query: [Cho biết phí sms banking trong tháng]
2025-12-19 08:59:28 | DEBUG    | log:152 | [perform_hybrid_search] BM25 raw scores: min=0.0000, max=28.2061
2025-12-19 08:59:28 | DEBUG    | log:152 | [get_keyword_boost] Query: 'Cho biết phí sms banking trong...' | Doc: Tra cứu lịch sử giao | Boost: 0.25 | Matched: ['trong tháng']
2025-12-19 08:59:28 | DEBUG    | log:152 | [get_keyword_boost] Query: 'Cho biết phí sms banking trong...' | Doc: Tra cứu giao dịch th | Boost: 0.25 | Matched: ['sms banking']
2025-12-19 08:59:28 | DEBUG    | log:152 | [get_keyword_boost] Query: 'Cho biết phí sms banking trong...' | Doc: Tra cứu phí giao dịc | Boost: 0.25 | Matched: ['phí sms banking']
2025-12-19 08:59:28 | DEBUG    | log:152 | [classify_query_intent] Ambiguous: 'Cho biết phí sms banking trong...' | Scores: {'Tra cứu lịch sử giao dịch theo khoảng thời gian': 1, 'Tra cứu giao dịch theo kênh giao dịch': 1, 'Tra cứu phí giao dịch': 1}
2025-12-19 08:59:28 | DEBUG    | log:152 | [normalize_query] 'Tìm các khoản phí duy trì tài khoản...' -> 'Tìm các khoản phí duy trì tài khoản...'
2025-12-19 08:59:28 | DEBUG    | log:152 | [perform_hybrid_search] query_text: [Tìm các khoản phí duy trì tài khoản] - formatted_query: [Tìm các khoản phí duy trì tài khoản] - normalized_query: [Tìm các khoản phí duy trì tài khoản]
2025-12-19 08:59:28 | DEBUG    | log:152 | [perform_hybrid_search] BM25 raw scores: min=0.1713, max=41.7342
2025-12-19 08:59:28 | DEBUG    | log:152 | [get_keyword_boost] Query: 'Tìm các khoản phí duy trì tài ...' | Doc: Tra cứu lịch sử giao | Boost: 0.25 | Matched: ['tìm']
2025-12-19 08:59:28 | DEBUG    | log:152 | [get_keyword_boost] Query: 'Tìm các khoản phí duy trì tài ...' | Doc: Tra cứu phí giao dịc | Boost: 0.25 | Matched: ['phí duy trì tài khoản']
2025-12-19 08:59:28 | DEBUG    | log:152 | [classify_query_intent] Ambiguous: 'Tìm các khoản phí duy trì tài ...' | Scores: {'Tra cứu lịch sử giao dịch theo khoảng thời gian': 1, 'Tra cứu phí giao dịch': 1}
2025-12-19 08:59:28 | DEBUG    | log:152 | [normalize_query] 'Xem phí chuyển tiền nhanh 24/7...' -> 'Xem phí chuyển tiền nhanh 24/7...'
2025-12-19 08:59:28 | DEBUG    | log:152 | [perform_hybrid_search] query_text: [Xem phí chuyển tiền nhanh 24/7] - formatted_query: [Xem phí chuyển tiền nhanh 24/7] - normalized_query: [Xem phí chuyển tiền nhanh 24/7]
2025-12-19 08:59:28 | DEBUG    | log:152 | [perform_hybrid_search] BM25 raw scores: min=0.1371, max=29.2300
2025-12-19 08:59:28 | DEBUG    | log:152 | [get_keyword_boost] Query: 'Xem phí chuyển tiền nhanh 24/7...' | Doc: Tra cứu lịch sử giao | Boost: 0.25 | Matched: ['xem']
2025-12-19 08:59:28 | DEBUG    | log:152 | [get_keyword_boost] Query: 'Xem phí chuyển tiền nhanh 24/7...' | Doc: Tra cứu lịch sử giao | Boost: 0.25 | Matched: ['xem']
2025-12-19 08:59:28 | DEBUG    | log:152 | [get_keyword_boost] Query: 'Xem phí chuyển tiền nhanh 24/7...' | Doc: Tra cứu lịch sử giao | Boost: 0.25 | Matched: ['xem']
2025-12-19 08:59:28 | DEBUG    | log:152 | [get_keyword_boost] Query: 'Xem phí chuyển tiền nhanh 24/7...' | Doc: Tra cứu giao dịch th | Boost: 0.25 | Matched: ['chuyển tiền']
2025-12-19 08:59:28 | DEBUG    | log:152 | [get_keyword_boost] Query: 'Xem phí chuyển tiền nhanh 24/7...' | Doc: Tra cứu giao dịch ch | Boost: 0.50 | Matched: ['phí chuyển tiền', 'chuyển tiền nhanh 24/7']
2025-12-19 08:59:28 | DEBUG    | log:152 | [classify_query_intent] Classified: 'Xem phí chuyển tiền nhanh 24/7...' -> Tra cứu giao dịch chuyển tiền (score=2)
2025-12-19 08:59:28 | DEBUG    | log:152 | [normalize_query] 'Liệt kê phí giao dịch quốc tế...' -> 'Liệt kê phí giao dịch quốc tế...'
2025-12-19 08:59:28 | DEBUG    | log:152 | [perform_hybrid_search] query_text: [Liệt kê phí giao dịch quốc tế] - formatted_query: [Liệt kê phí giao dịch quốc tế] - normalized_query: [Liệt kê phí giao dịch quốc tế]
2025-12-19 08:59:28 | DEBUG    | log:152 | [perform_hybrid_search] BM25 raw scores: min=0.1858, max=40.4550
2025-12-19 08:59:28 | DEBUG    | log:152 | [get_keyword_boost] Query: 'Liệt kê phí giao dịch quốc tế...' | Doc: Tra cứu lịch sử giao | Boost: 0.25 | Matched: ['liệt kê']
2025-12-19 08:59:28 | DEBUG    | log:152 | [get_keyword_boost] Query: 'Liệt kê phí giao dịch quốc tế...' | Doc: Tra cứu lịch sử giao | Boost: 0.25 | Matched: ['liệt kê']
2025-12-19 08:59:28 | DEBUG    | log:152 | [get_keyword_boost] Query: 'Liệt kê phí giao dịch quốc tế...' | Doc: Tra cứu lịch sử giao | Boost: 0.25 | Matched: ['liệt kê']
2025-12-19 08:59:28 | DEBUG    | log:152 | [get_keyword_boost] Query: 'Liệt kê phí giao dịch quốc tế...' | Doc: Tra cứu giao dịch th | Boost: 0.25 | Matched: ['giao dịch']
2025-12-19 08:59:28 | DEBUG    | log:152 | [get_keyword_boost] Query: 'Liệt kê phí giao dịch quốc tế...' | Doc: Tra cứu giao dịch th | Boost: 0.25 | Matched: ['giao dịch']
2025-12-19 08:59:28 | DEBUG    | log:152 | [get_keyword_boost] Query: 'Liệt kê phí giao dịch quốc tế...' | Doc: Tra cứu giao dịch th | Boost: 0.25 | Matched: ['giao dịch']
2025-12-19 08:59:28 | DEBUG    | log:152 | [get_keyword_boost] Query: 'Liệt kê phí giao dịch quốc tế...' | Doc: Tra cứu chi tiết một | Boost: 0.25 | Matched: ['phí giao dịch']
2025-12-19 08:59:28 | DEBUG    | log:152 | [get_keyword_boost] Query: 'Liệt kê phí giao dịch quốc tế...' | Doc: Tra cứu phí giao dịc | Boost: 0.50 | Matched: ['phí giao dịch', 'phí giao dịch quốc tế']
2025-12-19 08:59:28 | DEBUG    | log:152 | [classify_query_intent] Classified: 'Liệt kê phí giao dịch quốc tế...' -> Tra cứu phí giao dịch (score=2)
2025-12-19 08:59:28 | DEBUG    | log:152 | [normalize_query] 'Tra cứu tổng phí dịch vụ từ đầu năm...' -> 'Tra cứu tổng phí dịch vụ từ đầu năm...'
2025-12-19 08:59:28 | DEBUG    | log:152 | [perform_hybrid_search] query_text: [Tra cứu tổng phí dịch vụ từ đầu năm] - formatted_query: [Tra cứu tổng phí dịch vụ từ đầu năm] - normalized_query: [Tra cứu tổng phí dịch vụ từ đầu năm]
2025-12-19 08:59:28 | DEBUG    | log:152 | [perform_hybrid_search] BM25 raw scores: min=2.1857, max=51.7132
2025-12-19 08:59:28 | DEBUG    | log:152 | [get_keyword_boost] Query: 'Tra cứu tổng phí dịch vụ từ đầ...' | Doc: Tra cứu lịch sử giao | Boost: 0.25 | Matched: ['tra cứu']
2025-12-19 08:59:28 | DEBUG    | log:152 | [get_keyword_boost] Query: 'Tra cứu tổng phí dịch vụ từ đầ...' | Doc: Tra cứu lịch sử giao | Boost: 0.25 | Matched: ['tra cứu']
2025-12-19 08:59:28 | DEBUG    | log:152 | [get_keyword_boost] Query: 'Tra cứu tổng phí dịch vụ từ đầ...' | Doc: Tra cứu lịch sử giao | Boost: 0.25 | Matched: ['tra cứu']
2025-12-19 08:59:28 | DEBUG    | log:152 | [get_keyword_boost] Query: 'Tra cứu tổng phí dịch vụ từ đầ...' | Doc: Tra cứu giao dịch th | Boost: 0.25 | Matched: ['phí dịch vụ']
2025-12-19 08:59:28 | DEBUG    | log:152 | [get_keyword_boost] Query: 'Tra cứu tổng phí dịch vụ từ đầ...' | Doc: Tra cứu phí giao dịc | Boost: 0.25 | Matched: ['phí dịch vụ']
2025-12-19 08:59:28 | DEBUG    | log:152 | [classify_query_intent] Ambiguous: 'Tra cứu tổng phí dịch vụ từ đầ...' | Scores: {'Tra cứu lịch sử giao dịch theo số tài khoản': 1, 'Tra cứu lịch sử giao dịch theo khoảng thời gian': 1, 'Tra cứu giao dịch thanh toán hóa đơn': 1, 'Tra cứu phí giao dịch': 1}
2025-12-19 08:59:28 | DEBUG    | log:152 | [normalize_query] 'Xem các giao dịch chuyển cho Nguyễn Văn ...' -> 'Xem các giao dịch chuyển cho nguyễn văn ...'
2025-12-19 08:59:28 | DEBUG    | log:152 | [perform_hybrid_search] query_text: [Xem các giao dịch chuyển cho Nguyễn Văn A] - formatted_query: [Xem các giao dịch chuyển cho nguyễn văn a] - normalized_query: [Xem các giao dịch chuyển cho nguyễn văn a]
2025-12-19 08:59:28 | DEBUG    | log:152 | [perform_hybrid_search] BM25 raw scores: min=0.1713, max=33.9245
2025-12-19 08:59:28 | DEBUG    | log:152 | [get_keyword_boost] Query: 'Xem các giao dịch chuyển cho n...' | Doc: Tra cứu lịch sử giao | Boost: 0.25 | Matched: ['xem']
2025-12-19 08:59:28 | DEBUG    | log:152 | [get_keyword_boost] Query: 'Xem các giao dịch chuyển cho n...' | Doc: Tra cứu lịch sử giao | Boost: 0.25 | Matched: ['xem']
2025-12-19 08:59:28 | DEBUG    | log:152 | [get_keyword_boost] Query: 'Xem các giao dịch chuyển cho n...' | Doc: Tra cứu lịch sử giao | Boost: 0.25 | Matched: ['xem']
2025-12-19 08:59:28 | DEBUG    | log:152 | [get_keyword_boost] Query: 'Xem các giao dịch chuyển cho n...' | Doc: Tra cứu giao dịch th | Boost: 0.25 | Matched: ['giao dịch']
2025-12-19 08:59:28 | DEBUG    | log:152 | [get_keyword_boost] Query: 'Xem các giao dịch chuyển cho n...' | Doc: Tra cứu giao dịch th | Boost: 0.25 | Matched: ['giao dịch']
2025-12-19 08:59:28 | DEBUG    | log:152 | [get_keyword_boost] Query: 'Xem các giao dịch chuyển cho n...' | Doc: Tra cứu giao dịch th | Boost: 0.25 | Matched: ['giao dịch']
2025-12-19 08:59:28 | DEBUG    | log:152 | [get_keyword_boost] Query: 'Xem các giao dịch chuyển cho n...' | Doc: Tra cứu giao dịch th | Boost: 0.25 | Matched: ['giao dịch chuyển cho']
2025-12-19 08:59:28 | DEBUG    | log:152 | [classify_query_intent] Ambiguous: 'Xem các giao dịch chuyển cho n...' | Scores: {'Tra cứu lịch sử giao dịch theo số tài khoản': 1, 'Tra cứu lịch sử giao dịch theo khoảng thời gian': 1, 'Tra cứu giao dịch theo số tiền': 1, 'Tra cứu giao dịch theo trạng thái': 1, 'Tra cứu giao dịch theo loại giao dịch': 1, 'Tra cứu giao dịch theo người nhận': 1}
2025-12-19 08:59:28 | DEBUG    | log:152 | [normalize_query] 'Cho tôi danh sách giao dịch đến tài khoả...' -> 'Cho tôi danh sách giao dịch đến tài khoả...'
2025-12-19 08:59:28 | DEBUG    | log:152 | [perform_hybrid_search] query_text: [Cho tôi danh sách giao dịch đến tài khoản 0123456789] - formatted_query: [Cho tôi danh sách giao dịch đến tài khoản 0123456789] - normalized_query: [Cho tôi danh sách giao dịch đến tài khoản 0123456789]
2025-12-19 08:59:28 | DEBUG    | log:152 | [perform_hybrid_search] BM25 raw scores: min=0.2431, max=34.7801
2025-12-19 08:59:28 | DEBUG    | log:152 | [get_keyword_boost] Query: 'Cho tôi danh sách giao dịch đế...' | Doc: Tra cứu lịch sử giao | Boost: 0.25 | Matched: ['danh sách giao dịch']
2025-12-19 08:59:28 | DEBUG    | log:152 | [get_keyword_boost] Query: 'Cho tôi danh sách giao dịch đế...' | Doc: Tra cứu lịch sử giao | Boost: 0.25 | Matched: ['danh sách giao dịch']
2025-12-19 08:59:28 | DEBUG    | log:152 | [get_keyword_boost] Query: 'Cho tôi danh sách giao dịch đế...' | Doc: Tra cứu giao dịch th | Boost: 0.25 | Matched: ['giao dịch']
2025-12-19 08:59:28 | DEBUG    | log:152 | [get_keyword_boost] Query: 'Cho tôi danh sách giao dịch đế...' | Doc: Tra cứu giao dịch th | Boost: 0.25 | Matched: ['giao dịch']
2025-12-19 08:59:28 | DEBUG    | log:152 | [get_keyword_boost] Query: 'Cho tôi danh sách giao dịch đế...' | Doc: Tra cứu giao dịch th | Boost: 0.25 | Matched: ['giao dịch']
2025-12-19 08:59:28 | DEBUG    | log:152 | [get_keyword_boost] Query: 'Cho tôi danh sách giao dịch đế...' | Doc: Tra cứu giao dịch th | Boost: 0.25 | Matched: ['danh sách giao dịch đến']
2025-12-19 08:59:28 | DEBUG    | log:152 | [classify_query_intent] Ambiguous: 'Cho tôi danh sách giao dịch đế...' | Scores: {'Tra cứu lịch sử giao dịch theo số tài khoản': 1, 'Tra cứu giao dịch theo số tiền': 1, 'Tra cứu giao dịch theo trạng thái': 1, 'Tra cứu giao dịch theo loại giao dịch': 1, 'Tra cứu giao dịch theo người nhận': 1}
2025-12-19 08:59:28 | DEBUG    | log:152 | [normalize_query] 'Tìm các lần chuyển tiền cho anh Minh...' -> 'Tìm các lần chuyển tiền cho anh minh...'
2025-12-19 08:59:28 | DEBUG    | log:152 | [perform_hybrid_search] query_text: [Tìm các lần chuyển tiền cho anh Minh] - formatted_query: [Tìm các lần chuyển tiền cho anh minh] - normalized_query: [Tìm các lần chuyển tiền cho anh minh]
2025-12-19 08:59:28 | DEBUG    | log:152 | [perform_hybrid_search] BM25 raw scores: min=0.1215, max=24.6947
2025-12-19 08:59:28 | DEBUG    | log:152 | [get_keyword_boost] Query: 'Tìm các lần chuyển tiền cho an...' | Doc: Tra cứu lịch sử giao | Boost: 0.25 | Matched: ['tìm']
2025-12-19 08:59:28 | DEBUG    | log:152 | [get_keyword_boost] Query: 'Tìm các lần chuyển tiền cho an...' | Doc: Tra cứu giao dịch th | Boost: 0.25 | Matched: ['chuyển tiền']
2025-12-19 08:59:28 | DEBUG    | log:152 | [get_keyword_boost] Query: 'Tìm các lần chuyển tiền cho an...' | Doc: Tra cứu giao dịch th | Boost: 0.25 | Matched: ['anh minh']
2025-12-19 08:59:28 | DEBUG    | log:152 | [classify_query_intent] Ambiguous: 'Tìm các lần chuyển tiền cho an...' | Scores: {'Tra cứu lịch sử giao dịch theo khoảng thời gian': 1, 'Tra cứu giao dịch theo loại giao dịch': 1, 'Tra cứu giao dịch theo người nhận': 1}
2025-12-19 08:59:28 | DEBUG    | log:152 | [normalize_query] 'Liệt kê giao dịch chuyển đến chị Lan...' -> 'Liệt kê giao dịch chuyển đến chị lan...'
2025-12-19 08:59:28 | DEBUG    | log:152 | [perform_hybrid_search] query_text: [Liệt kê giao dịch chuyển đến chị Lan] - formatted_query: [Liệt kê giao dịch chuyển đến chị lan] - normalized_query: [Liệt kê giao dịch chuyển đến chị lan]
2025-12-19 08:59:28 | DEBUG    | log:152 | [perform_hybrid_search] BM25 raw scores: min=0.1713, max=24.3739
2025-12-19 08:59:28 | DEBUG    | log:152 | [get_keyword_boost] Query: 'Liệt kê giao dịch chuyển đến c...' | Doc: Tra cứu lịch sử giao | Boost: 0.25 | Matched: ['liệt kê']
2025-12-19 08:59:28 | DEBUG    | log:152 | [get_keyword_boost] Query: 'Liệt kê giao dịch chuyển đến c...' | Doc: Tra cứu lịch sử giao | Boost: 0.25 | Matched: ['liệt kê']
2025-12-19 08:59:28 | DEBUG    | log:152 | [get_keyword_boost] Query: 'Liệt kê giao dịch chuyển đến c...' | Doc: Tra cứu lịch sử giao | Boost: 0.25 | Matched: ['liệt kê']
2025-12-19 08:59:28 | DEBUG    | log:152 | [get_keyword_boost] Query: 'Liệt kê giao dịch chuyển đến c...' | Doc: Tra cứu giao dịch th | Boost: 0.25 | Matched: ['giao dịch']
2025-12-19 08:59:28 | DEBUG    | log:152 | [get_keyword_boost] Query: 'Liệt kê giao dịch chuyển đến c...' | Doc: Tra cứu giao dịch th | Boost: 0.25 | Matched: ['giao dịch']
2025-12-19 08:59:28 | DEBUG    | log:152 | [get_keyword_boost] Query: 'Liệt kê giao dịch chuyển đến c...' | Doc: Tra cứu giao dịch th | Boost: 0.25 | Matched: ['giao dịch']
2025-12-19 08:59:28 | DEBUG    | log:152 | [get_keyword_boost] Query: 'Liệt kê giao dịch chuyển đến c...' | Doc: Tra cứu giao dịch th | Boost: 0.25 | Matched: ['chuyển đến']
2025-12-19 08:59:28 | DEBUG    | log:152 | [classify_query_intent] Ambiguous: 'Liệt kê giao dịch chuyển đến c...' | Scores: {'Tra cứu lịch sử giao dịch theo số tài khoản': 1, 'Tra cứu lịch sử giao dịch theo khoảng thời gian': 1, 'Tra cứu giao dịch theo số tiền': 1, 'Tra cứu giao dịch theo trạng thái': 1, 'Tra cứu giao dịch theo loại giao dịch': 1, 'Tra cứu giao dịch theo người nhận': 1}
2025-12-19 08:59:28 | DEBUG    | log:152 | [normalize_query] 'Tra cứu giao dịch với người nhận là Trần...' -> 'Tra cứu giao dịch với người nhận là trần...'
2025-12-19 08:59:28 | DEBUG    | log:152 | [perform_hybrid_search] query_text: [Tra cứu giao dịch với người nhận là Trần Văn B] - formatted_query: [Tra cứu giao dịch với người nhận là trần văn b] - normalized_query: [Tra cứu giao dịch với người nhận là trần văn b]
2025-12-19 08:59:28 | DEBUG    | log:152 | [perform_hybrid_search] BM25 raw scores: min=1.1831, max=22.8181
2025-12-19 08:59:28 | DEBUG    | log:152 | [get_keyword_boost] Query: 'Tra cứu giao dịch với người nh...' | Doc: Tra cứu lịch sử giao | Boost: 0.25 | Matched: ['tra cứu']
2025-12-19 08:59:28 | DEBUG    | log:152 | [get_keyword_boost] Query: 'Tra cứu giao dịch với người nh...' | Doc: Tra cứu lịch sử giao | Boost: 0.25 | Matched: ['tra cứu']
2025-12-19 08:59:28 | DEBUG    | log:152 | [get_keyword_boost] Query: 'Tra cứu giao dịch với người nh...' | Doc: Tra cứu lịch sử giao | Boost: 0.25 | Matched: ['tra cứu']
2025-12-19 08:59:28 | DEBUG    | log:152 | [get_keyword_boost] Query: 'Tra cứu giao dịch với người nh...' | Doc: Tra cứu giao dịch th | Boost: 0.25 | Matched: ['giao dịch']
2025-12-19 08:59:28 | DEBUG    | log:152 | [get_keyword_boost] Query: 'Tra cứu giao dịch với người nh...' | Doc: Tra cứu giao dịch th | Boost: 0.25 | Matched: ['giao dịch']
2025-12-19 08:59:28 | DEBUG    | log:152 | [get_keyword_boost] Query: 'Tra cứu giao dịch với người nh...' | Doc: Tra cứu giao dịch th | Boost: 0.25 | Matched: ['giao dịch']
2025-12-19 08:59:28 | DEBUG    | log:152 | [get_keyword_boost] Query: 'Tra cứu giao dịch với người nh...' | Doc: Tra cứu giao dịch ch | Boost: 0.25 | Matched: ['người nhận']
2025-12-19 08:59:28 | DEBUG    | log:152 | [get_keyword_boost] Query: 'Tra cứu giao dịch với người nh...' | Doc: Tra cứu chi tiết một | Boost: 0.25 | Matched: ['người nhận']
2025-12-19 08:59:28 | DEBUG    | log:152 | [get_keyword_boost] Query: 'Tra cứu giao dịch với người nh...' | Doc: Tra cứu giao dịch th | Boost: 0.25 | Matched: ['người nhận']
2025-12-19 08:59:28 | DEBUG    | log:152 | [classify_query_intent] Ambiguous: 'Tra cứu giao dịch với người nh...' | Scores: {'Tra cứu lịch sử giao dịch theo số tài khoản': 1, 'Tra cứu lịch sử giao dịch theo khoảng thời gian': 1, 'Tra cứu giao dịch theo số tiền': 1, 'Tra cứu giao dịch theo trạng thái': 1, 'Tra cứu giao dịch theo loại giao dịch': 1, 'Tra cứu giao dịch chuyển tiền': 1, 'Tra cứu chi tiết một giao dịch cụ thể': 1, 'Tra cứu giao dịch theo người nhận': 1}
2025-12-19 08:59:28 | DEBUG    | log:152 | [normalize_query] 'Cho biết tôi đã chuyển cho Nguyễn Thị C ...' -> 'Cho biết tôi đã chuyển cho nguyễn thị c ...'
2025-12-19 08:59:28 | DEBUG    | log:152 | [perform_hybrid_search] query_text: [Cho biết tôi đã chuyển cho Nguyễn Thị C bao nhiêu tiền] - formatted_query: [Cho biết tôi đã chuyển cho nguyễn thị c bao nhiêu tiền] - normalized_query: [Cho biết tôi đã chuyển cho nguyễn thị c bao nhiêu tiền]
2025-12-19 08:59:28 | DEBUG    | log:152 | [perform_hybrid_search] BM25 raw scores: min=0.1215, max=32.1341
2025-12-19 08:59:28 | DEBUG    | log:152 | [classify_query_intent] No keyword matches found in: 'Cho biết tôi đã chuyển cho nguyễn thị c bao nhiêu '
2025-12-19 08:59:28 | DEBUG    | log:152 | [normalize_query] 'Xem lịch sử giao dịch với số tài khoản 9...' -> 'Xem lịch sử giao dịch với số tài khoản 9...'
2025-12-19 08:59:28 | DEBUG    | log:152 | [perform_hybrid_search] query_text: [Xem lịch sử giao dịch với số tài khoản 9876543210] - formatted_query: [Xem lịch sử giao dịch với số tài khoản 9876543210] - normalized_query: [Xem lịch sử giao dịch với số tài khoản 9876543210]
2025-12-19 08:59:28 | DEBUG    | log:152 | [perform_hybrid_search] BM25 raw scores: min=0.8403, max=11.8226
2025-12-19 08:59:28 | DEBUG    | log:152 | [get_keyword_boost] Query: 'Xem lịch sử giao dịch với số t...' | Doc: Tra cứu lịch sử giao | Boost: 0.75 | Matched: ['lịch sử giao dịch', 'xem', 'số tài khoản']
2025-12-19 08:59:28 | DEBUG    | log:152 | [get_keyword_boost] Query: 'Xem lịch sử giao dịch với số t...' | Doc: Tra cứu lịch sử giao | Boost: 0.75 | Matched: ['lịch sử giao dịch', 'xem', 'số tài khoản']
2025-12-19 08:59:28 | DEBUG    | log:152 | [get_keyword_boost] Query: 'Xem lịch sử giao dịch với số t...' | Doc: Tra cứu lịch sử giao | Boost: 0.50 | Matched: ['lịch sử giao dịch', 'xem']
2025-12-19 08:59:28 | DEBUG    | log:152 | [get_keyword_boost] Query: 'Xem lịch sử giao dịch với số t...' | Doc: Tra cứu giao dịch th | Boost: 0.25 | Matched: ['giao dịch']
2025-12-19 08:59:28 | DEBUG    | log:152 | [get_keyword_boost] Query: 'Xem lịch sử giao dịch với số t...' | Doc: Tra cứu giao dịch th | Boost: 0.25 | Matched: ['giao dịch']
2025-12-19 08:59:28 | DEBUG    | log:152 | [get_keyword_boost] Query: 'Xem lịch sử giao dịch với số t...' | Doc: Tra cứu giao dịch th | Boost: 0.25 | Matched: ['giao dịch']
2025-12-19 08:59:28 | DEBUG    | log:152 | [classify_query_intent] Classified: 'Xem lịch sử giao dịch với số t...' -> Tra cứu lịch sử giao dịch theo (score=3)
2025-12-19 08:59:28 | DEBUG    | log:152 | [normalize_query] 'Tìm các giao dịch đến tài khoản của vợ/c...' -> 'Tìm các giao dịch đến tài khoản của vợ/c...'
2025-12-19 08:59:28 | DEBUG    | log:152 | [perform_hybrid_search] query_text: [Tìm các giao dịch đến tài khoản của vợ/chồng] - formatted_query: [Tìm các giao dịch đến tài khoản của vợ/chồng] - normalized_query: [Tìm các giao dịch đến tài khoản của vợ/chồng]
2025-12-19 08:59:28 | DEBUG    | log:152 | [perform_hybrid_search] BM25 raw scores: min=0.2431, max=31.8016
2025-12-19 08:59:28 | DEBUG    | log:152 | [get_keyword_boost] Query: 'Tìm các giao dịch đến tài khoả...' | Doc: Tra cứu lịch sử giao | Boost: 0.25 | Matched: ['tìm']
2025-12-19 08:59:28 | DEBUG    | log:152 | [get_keyword_boost] Query: 'Tìm các giao dịch đến tài khoả...' | Doc: Tra cứu giao dịch th | Boost: 0.25 | Matched: ['giao dịch']
2025-12-19 08:59:28 | DEBUG    | log:152 | [get_keyword_boost] Query: 'Tìm các giao dịch đến tài khoả...' | Doc: Tra cứu giao dịch th | Boost: 0.25 | Matched: ['giao dịch']
2025-12-19 08:59:28 | DEBUG    | log:152 | [get_keyword_boost] Query: 'Tìm các giao dịch đến tài khoả...' | Doc: Tra cứu giao dịch th | Boost: 0.25 | Matched: ['giao dịch']
2025-12-19 08:59:28 | DEBUG    | log:152 | [get_keyword_boost] Query: 'Tìm các giao dịch đến tài khoả...' | Doc: Tra cứu giao dịch th | Boost: 0.25 | Matched: ['tài khoản của vợ/chồng']
2025-12-19 08:59:28 | DEBUG    | log:152 | [classify_query_intent] Ambiguous: 'Tìm các giao dịch đến tài khoả...' | Scores: {'Tra cứu lịch sử giao dịch theo khoảng thời gian': 1, 'Tra cứu giao dịch theo số tiền': 1, 'Tra cứu giao dịch theo trạng thái': 1, 'Tra cứu giao dịch theo loại giao dịch': 1, 'Tra cứu giao dịch theo người nhận': 1}
2025-12-19 08:59:28 | DEBUG    | log:152 | [normalize_query] 'Liệt kê chuyển tiền cho bố mẹ...' -> 'Liệt kê chuyển tiền cho bố mẹ...'
2025-12-19 08:59:28 | DEBUG    | log:152 | [perform_hybrid_search] query_text: [Liệt kê chuyển tiền cho bố mẹ] - formatted_query: [Liệt kê chuyển tiền cho bố mẹ] - normalized_query: [Liệt kê chuyển tiền cho bố mẹ]
2025-12-19 08:59:28 | DEBUG    | log:152 | [perform_hybrid_search] BM25 raw scores: min=0.1371, max=30.4815
2025-12-19 08:59:28 | DEBUG    | log:152 | [get_keyword_boost] Query: 'Liệt kê chuyển tiền cho bố mẹ...' | Doc: Tra cứu lịch sử giao | Boost: 0.25 | Matched: ['liệt kê']
2025-12-19 08:59:28 | DEBUG    | log:152 | [get_keyword_boost] Query: 'Liệt kê chuyển tiền cho bố mẹ...' | Doc: Tra cứu lịch sử giao | Boost: 0.25 | Matched: ['liệt kê']
2025-12-19 08:59:28 | DEBUG    | log:152 | [get_keyword_boost] Query: 'Liệt kê chuyển tiền cho bố mẹ...' | Doc: Tra cứu lịch sử giao | Boost: 0.25 | Matched: ['liệt kê']
2025-12-19 08:59:28 | DEBUG    | log:152 | [get_keyword_boost] Query: 'Liệt kê chuyển tiền cho bố mẹ...' | Doc: Tra cứu giao dịch th | Boost: 0.25 | Matched: ['chuyển tiền']
2025-12-19 08:59:28 | DEBUG    | log:152 | [classify_query_intent] Ambiguous: 'Liệt kê chuyển tiền cho bố mẹ...' | Scores: {'Tra cứu lịch sử giao dịch theo số tài khoản': 1, 'Tra cứu lịch sử giao dịch theo khoảng thời gian': 1, 'Tra cứu giao dịch theo loại giao dịch': 1}
2025-12-19 08:59:28 | DEBUG    | log:152 | [normalize_query] 'Tra cứu giao dịch đến công ty ABC...' -> 'Tra cứu giao dịch đến công ty abc...'
2025-12-19 08:59:28 | DEBUG    | log:152 | [perform_hybrid_search] query_text: [Tra cứu giao dịch đến công ty ABC] - formatted_query: [Tra cứu giao dịch đến công ty abc] - normalized_query: [Tra cứu giao dịch đến công ty abc]
2025-12-19 08:59:28 | DEBUG    | log:152 | [perform_hybrid_search] BM25 raw scores: min=1.2469, max=15.4920
2025-12-19 08:59:28 | DEBUG    | log:152 | [get_keyword_boost] Query: 'Tra cứu giao dịch đến công ty ...' | Doc: Tra cứu lịch sử giao | Boost: 0.25 | Matched: ['tra cứu']
2025-12-19 08:59:28 | DEBUG    | log:152 | [get_keyword_boost] Query: 'Tra cứu giao dịch đến công ty ...' | Doc: Tra cứu lịch sử giao | Boost: 0.25 | Matched: ['tra cứu']
2025-12-19 08:59:28 | DEBUG    | log:152 | [get_keyword_boost] Query: 'Tra cứu giao dịch đến công ty ...' | Doc: Tra cứu lịch sử giao | Boost: 0.25 | Matched: ['tra cứu']
2025-12-19 08:59:28 | DEBUG    | log:152 | [get_keyword_boost] Query: 'Tra cứu giao dịch đến công ty ...' | Doc: Tra cứu giao dịch th | Boost: 0.25 | Matched: ['giao dịch']
2025-12-19 08:59:28 | DEBUG    | log:152 | [get_keyword_boost] Query: 'Tra cứu giao dịch đến công ty ...' | Doc: Tra cứu giao dịch th | Boost: 0.25 | Matched: ['giao dịch']
2025-12-19 08:59:28 | DEBUG    | log:152 | [get_keyword_boost] Query: 'Tra cứu giao dịch đến công ty ...' | Doc: Tra cứu giao dịch th | Boost: 0.25 | Matched: ['giao dịch']
2025-12-19 08:59:28 | DEBUG    | log:152 | [classify_query_intent] Ambiguous: 'Tra cứu giao dịch đến công ty ...' | Scores: {'Tra cứu lịch sử giao dịch theo số tài khoản': 1, 'Tra cứu lịch sử giao dịch theo khoảng thời gian': 1, 'Tra cứu giao dịch theo số tiền': 1, 'Tra cứu giao dịch theo trạng thái': 1, 'Tra cứu giao dịch theo loại giao dịch': 1}
2025-12-19 08:59:28 | DEBUG    | log:152 | [normalize_query] 'Cho xem các lần chuyển tiền cho Phạm Văn...' -> 'Cho xem các lần chuyển tiền cho phạm văn...'
2025-12-19 08:59:28 | DEBUG    | log:152 | [perform_hybrid_search] query_text: [Cho xem các lần chuyển tiền cho Phạm Văn D] - formatted_query: [Cho xem các lần chuyển tiền cho phạm văn d] - normalized_query: [Cho xem các lần chuyển tiền cho phạm văn d]
2025-12-19 08:59:28 | DEBUG    | log:152 | [perform_hybrid_search] BM25 raw scores: min=0.1215, max=30.1986
2025-12-19 08:59:28 | DEBUG    | log:152 | [get_keyword_boost] Query: 'Cho xem các lần chuyển tiền ch...' | Doc: Tra cứu lịch sử giao | Boost: 0.25 | Matched: ['xem']
2025-12-19 08:59:28 | DEBUG    | log:152 | [get_keyword_boost] Query: 'Cho xem các lần chuyển tiền ch...' | Doc: Tra cứu lịch sử giao | Boost: 0.25 | Matched: ['xem']
2025-12-19 08:59:28 | DEBUG    | log:152 | [get_keyword_boost] Query: 'Cho xem các lần chuyển tiền ch...' | Doc: Tra cứu lịch sử giao | Boost: 0.25 | Matched: ['xem']
2025-12-19 08:59:28 | DEBUG    | log:152 | [get_keyword_boost] Query: 'Cho xem các lần chuyển tiền ch...' | Doc: Tra cứu giao dịch th | Boost: 0.25 | Matched: ['chuyển tiền']
2025-12-19 08:59:28 | DEBUG    | log:152 | [classify_query_intent] Ambiguous: 'Cho xem các lần chuyển tiền ch...' | Scores: {'Tra cứu lịch sử giao dịch theo số tài khoản': 1, 'Tra cứu lịch sử giao dịch theo khoảng thời gian': 1, 'Tra cứu giao dịch theo loại giao dịch': 1}
2025-12-19 08:59:28 | DEBUG    | log:152 | [normalize_query] 'Tìm giao dịch chuyển đến ngân hàng Vietc...' -> 'Tìm giao dịch chuyển đến ngân hàng vietc...'
2025-12-19 08:59:28 | DEBUG    | log:152 | [perform_hybrid_search] query_text: [Tìm giao dịch chuyển đến ngân hàng Vietcombank] - formatted_query: [Tìm giao dịch chuyển đến ngân hàng vietcombank] - normalized_query: [Tìm giao dịch chuyển đến ngân hàng vietcombank]
2025-12-19 08:59:29 | DEBUG    | log:152 | [perform_hybrid_search] BM25 raw scores: min=0.1713, max=26.9218
2025-12-19 08:59:29 | DEBUG    | log:152 | [get_keyword_boost] Query: 'Tìm giao dịch chuyển đến ngân ...' | Doc: Tra cứu lịch sử giao | Boost: 0.25 | Matched: ['tìm']
2025-12-19 08:59:29 | DEBUG    | log:152 | [get_keyword_boost] Query: 'Tìm giao dịch chuyển đến ngân ...' | Doc: Tra cứu giao dịch th | Boost: 0.25 | Matched: ['giao dịch']
2025-12-19 08:59:29 | DEBUG    | log:152 | [get_keyword_boost] Query: 'Tìm giao dịch chuyển đến ngân ...' | Doc: Tra cứu giao dịch th | Boost: 0.25 | Matched: ['giao dịch']
2025-12-19 08:59:29 | DEBUG    | log:152 | [get_keyword_boost] Query: 'Tìm giao dịch chuyển đến ngân ...' | Doc: Tra cứu giao dịch th | Boost: 0.25 | Matched: ['giao dịch']
2025-12-19 08:59:29 | DEBUG    | log:152 | [get_keyword_boost] Query: 'Tìm giao dịch chuyển đến ngân ...' | Doc: Tra cứu giao dịch th | Boost: 0.25 | Matched: ['chuyển đến']
2025-12-19 08:59:29 | DEBUG    | log:152 | [classify_query_intent] Ambiguous: 'Tìm giao dịch chuyển đến ngân ...' | Scores: {'Tra cứu lịch sử giao dịch theo khoảng thời gian': 1, 'Tra cứu giao dịch theo số tiền': 1, 'Tra cứu giao dịch theo trạng thái': 1, 'Tra cứu giao dịch theo loại giao dịch': 1, 'Tra cứu giao dịch theo người nhận': 1}
2025-12-19 08:59:29 | DEBUG    | log:152 | [normalize_query] 'Xem danh sách giao dịch với người nhận t...' -> 'Xem danh sách giao dịch với người nhận t...'
2025-12-19 08:59:29 | DEBUG    | log:152 | [perform_hybrid_search] query_text: [Xem danh sách giao dịch với người nhận tên Hoa] - formatted_query: [Xem danh sách giao dịch với người nhận tên hoa] - normalized_query: [Xem danh sách giao dịch với người nhận tên hoa]
2025-12-19 08:59:29 | DEBUG    | log:152 | [perform_hybrid_search] BM25 raw scores: min=3.2590, max=28.4509
2025-12-19 08:59:29 | DEBUG    | log:152 | [get_keyword_boost] Query: 'Xem danh sách giao dịch với ng...' | Doc: Tra cứu lịch sử giao | Boost: 0.50 | Matched: ['xem', 'danh sách giao dịch']
2025-12-19 08:59:29 | DEBUG    | log:152 | [get_keyword_boost] Query: 'Xem danh sách giao dịch với ng...' | Doc: Tra cứu lịch sử giao | Boost: 0.50 | Matched: ['xem', 'danh sách giao dịch']
2025-12-19 08:59:29 | DEBUG    | log:152 | [get_keyword_boost] Query: 'Xem danh sách giao dịch với ng...' | Doc: Tra cứu lịch sử giao | Boost: 0.25 | Matched: ['xem']
2025-12-19 08:59:29 | DEBUG    | log:152 | [get_keyword_boost] Query: 'Xem danh sách giao dịch với ng...' | Doc: Tra cứu giao dịch th | Boost: 0.25 | Matched: ['giao dịch']
2025-12-19 08:59:29 | DEBUG    | log:152 | [get_keyword_boost] Query: 'Xem danh sách giao dịch với ng...' | Doc: Tra cứu giao dịch th | Boost: 0.25 | Matched: ['giao dịch']
2025-12-19 08:59:29 | DEBUG    | log:152 | [get_keyword_boost] Query: 'Xem danh sách giao dịch với ng...' | Doc: Tra cứu giao dịch th | Boost: 0.25 | Matched: ['giao dịch']
2025-12-19 08:59:29 | DEBUG    | log:152 | [get_keyword_boost] Query: 'Xem danh sách giao dịch với ng...' | Doc: Tra cứu giao dịch ch | Boost: 0.25 | Matched: ['người nhận']
2025-12-19 08:59:29 | DEBUG    | log:152 | [get_keyword_boost] Query: 'Xem danh sách giao dịch với ng...' | Doc: Tra cứu chi tiết một | Boost: 0.25 | Matched: ['người nhận']
2025-12-19 08:59:29 | DEBUG    | log:152 | [get_keyword_boost] Query: 'Xem danh sách giao dịch với ng...' | Doc: Tra cứu giao dịch th | Boost: 0.25 | Matched: ['người nhận']
2025-12-19 08:59:29 | DEBUG    | log:152 | [classify_query_intent] Classified: 'Xem danh sách giao dịch với ng...' -> Tra cứu lịch sử giao dịch theo (score=2)
2025-12-19 08:59:29 | DEBUG    | log:152 | [normalize_query] 'Liệt kê chuyển tiền cho người có STK 111...' -> 'Liệt kê chuyển tiền cho người có stk 111...'
2025-12-19 08:59:29 | DEBUG    | log:152 | [perform_hybrid_search] query_text: [Liệt kê chuyển tiền cho người có STK 1111222233] - formatted_query: [Liệt kê chuyển tiền cho người có stk 1111222233] - normalized_query: [Liệt kê chuyển tiền cho người có stk 1111222233]
2025-12-19 08:59:29 | DEBUG    | log:152 | [perform_hybrid_search] BM25 raw scores: min=0.2431, max=27.1112
2025-12-19 08:59:29 | DEBUG    | log:152 | [get_keyword_boost] Query: 'Liệt kê chuyển tiền cho người ...' | Doc: Tra cứu lịch sử giao | Boost: 0.75 | Matched: ['liệt kê', 'stk', 'tk']
2025-12-19 08:59:29 | DEBUG    | log:152 | [get_keyword_boost] Query: 'Liệt kê chuyển tiền cho người ...' | Doc: Tra cứu lịch sử giao | Boost: 0.75 | Matched: ['liệt kê', 'stk', 'tk']
2025-12-19 08:59:29 | DEBUG    | log:152 | [get_keyword_boost] Query: 'Liệt kê chuyển tiền cho người ...' | Doc: Tra cứu lịch sử giao | Boost: 0.25 | Matched: ['liệt kê']
2025-12-19 08:59:29 | DEBUG    | log:152 | [get_keyword_boost] Query: 'Liệt kê chuyển tiền cho người ...' | Doc: Tra cứu giao dịch th | Boost: 0.25 | Matched: ['chuyển tiền']
2025-12-19 08:59:29 | DEBUG    | log:152 | [classify_query_intent] Classified: 'Liệt kê chuyển tiền cho người ...' -> Tra cứu lịch sử giao dịch theo (score=3)
2025-12-19 08:59:29 | DEBUG    | log:152 | [normalize_query] 'Tra cứu các giao dịch với đối tác kinh d...' -> 'Tra cứu các giao dịch với đối tác kinh d...'
2025-12-19 08:59:29 | DEBUG    | log:152 | [perform_hybrid_search] query_text: [Tra cứu các giao dịch với đối tác kinh doanh] - formatted_query: [Tra cứu các giao dịch với đối tác kinh doanh] - normalized_query: [Tra cứu các giao dịch với đối tác kinh doanh]
2025-12-19 08:59:29 | DEBUG    | log:152 | [perform_hybrid_search] BM25 raw scores: min=0.8993, max=28.6273
2025-12-19 08:59:29 | DEBUG    | log:152 | [get_keyword_boost] Query: 'Tra cứu các giao dịch với đối ...' | Doc: Tra cứu lịch sử giao | Boost: 0.25 | Matched: ['tra cứu']
2025-12-19 08:59:29 | DEBUG    | log:152 | [get_keyword_boost] Query: 'Tra cứu các giao dịch với đối ...' | Doc: Tra cứu lịch sử giao | Boost: 0.25 | Matched: ['tra cứu']
2025-12-19 08:59:29 | DEBUG    | log:152 | [get_keyword_boost] Query: 'Tra cứu các giao dịch với đối ...' | Doc: Tra cứu lịch sử giao | Boost: 0.25 | Matched: ['tra cứu']
2025-12-19 08:59:29 | DEBUG    | log:152 | [get_keyword_boost] Query: 'Tra cứu các giao dịch với đối ...' | Doc: Tra cứu giao dịch th | Boost: 0.25 | Matched: ['giao dịch']
2025-12-19 08:59:29 | DEBUG    | log:152 | [get_keyword_boost] Query: 'Tra cứu các giao dịch với đối ...' | Doc: Tra cứu giao dịch th | Boost: 0.25 | Matched: ['giao dịch']
2025-12-19 08:59:29 | DEBUG    | log:152 | [get_keyword_boost] Query: 'Tra cứu các giao dịch với đối ...' | Doc: Tra cứu giao dịch th | Boost: 0.25 | Matched: ['giao dịch']
2025-12-19 08:59:29 | DEBUG    | log:152 | [get_keyword_boost] Query: 'Tra cứu các giao dịch với đối ...' | Doc: Tra cứu giao dịch th | Boost: 0.25 | Matched: ['đối tác kinh doanh']
2025-12-19 08:59:29 | DEBUG    | log:152 | [classify_query_intent] Ambiguous: 'Tra cứu các giao dịch với đối ...' | Scores: {'Tra cứu lịch sử giao dịch theo số tài khoản': 1, 'Tra cứu lịch sử giao dịch theo khoảng thời gian': 1, 'Tra cứu giao dịch theo số tiền': 1, 'Tra cứu giao dịch theo trạng thái': 1, 'Tra cứu giao dịch theo loại giao dịch': 1, 'Tra cứu giao dịch theo người nhận': 1}
2025-12-19 08:59:29 | DEBUG    | log:152 | [normalize_query] 'Cho biết tôi đã chuyển bao nhiêu lần cho...' -> 'Cho biết tôi đã chuyển bao nhiêu lần cho...'
2025-12-19 08:59:29 | DEBUG    | log:152 | [perform_hybrid_search] query_text: [Cho biết tôi đã chuyển bao nhiêu lần cho số TK này] - formatted_query: [Cho biết tôi đã chuyển bao nhiêu lần cho số tk này] - normalized_query: [Cho biết tôi đã chuyển bao nhiêu lần cho số tk này]
2025-12-19 08:59:29 | DEBUG    | log:152 | [perform_hybrid_search] BM25 raw scores: min=0.1519, max=29.5521
2025-12-19 08:59:29 | DEBUG    | log:152 | [get_keyword_boost] Query: 'Cho biết tôi đã chuyển bao nhi...' | Doc: Tra cứu lịch sử giao | Boost: 0.25 | Matched: ['tk']
2025-12-19 08:59:29 | DEBUG    | log:152 | [get_keyword_boost] Query: 'Cho biết tôi đã chuyển bao nhi...' | Doc: Tra cứu lịch sử giao | Boost: 0.25 | Matched: ['tk']
2025-12-19 08:59:29 | DEBUG    | log:152 | [classify_query_intent] Classified: 'Cho biết tôi đã chuyển bao nhi...' -> Tra cứu lịch sử giao dịch theo (score=1)
2025-12-19 08:59:29 | DEBUG    | log:152 | [normalize_query] 'Tìm tổng tiền đã chuyển cho Nguyễn Văn E...' -> 'Tìm tổng tiền đã chuyển cho nguyễn văn e...'
2025-12-19 08:59:29 | DEBUG    | log:152 | [perform_hybrid_search] query_text: [Tìm tổng tiền đã chuyển cho Nguyễn Văn E] - formatted_query: [Tìm tổng tiền đã chuyển cho nguyễn văn e] - normalized_query: [Tìm tổng tiền đã chuyển cho nguyễn văn e]
2025-12-19 08:59:29 | DEBUG    | log:152 | [perform_hybrid_search] BM25 raw scores: min=0.1028, max=33.3075
2025-12-19 08:59:29 | DEBUG    | log:152 | [get_keyword_boost] Query: 'Tìm tổng tiền đã chuyển cho ng...' | Doc: Tra cứu lịch sử giao | Boost: 0.25 | Matched: ['tìm']
2025-12-19 08:59:29 | DEBUG    | log:152 | [classify_query_intent] Classified: 'Tìm tổng tiền đã chuyển cho ng...' -> Tra cứu lịch sử giao dịch theo (score=1)
2025-12-19 08:59:29 | DEBUG    | log:152 | [normalize_query] 'Xem các giao dịch gần nhất đến tài khoản...' -> 'Xem các giao dịch gần nhất đến tài khoản...'
2025-12-19 08:59:29 | DEBUG    | log:152 | [perform_hybrid_search] query_text: [Xem các giao dịch gần nhất đến tài khoản 5555666677] - formatted_query: [Xem các giao dịch gần nhất đến tài khoản 5555666677] - normalized_query: [Xem các giao dịch gần nhất đến tài khoản 5555666677]
2025-12-19 08:59:29 | DEBUG    | log:152 | [perform_hybrid_search] BM25 raw scores: min=0.2431, max=25.4751
2025-12-19 08:59:29 | DEBUG    | log:152 | [get_keyword_boost] Query: 'Xem các giao dịch gần nhất đến...' | Doc: Tra cứu lịch sử giao | Boost: 0.25 | Matched: ['xem']
2025-12-19 08:59:29 | DEBUG    | log:152 | [get_keyword_boost] Query: 'Xem các giao dịch gần nhất đến...' | Doc: Tra cứu lịch sử giao | Boost: 0.25 | Matched: ['xem']
2025-12-19 08:59:29 | DEBUG    | log:152 | [get_keyword_boost] Query: 'Xem các giao dịch gần nhất đến...' | Doc: Tra cứu lịch sử giao | Boost: 0.25 | Matched: ['xem']
2025-12-19 08:59:29 | DEBUG    | log:152 | [get_keyword_boost] Query: 'Xem các giao dịch gần nhất đến...' | Doc: Tra cứu giao dịch th | Boost: 0.25 | Matched: ['giao dịch']
2025-12-19 08:59:29 | DEBUG    | log:152 | [get_keyword_boost] Query: 'Xem các giao dịch gần nhất đến...' | Doc: Tra cứu giao dịch th | Boost: 0.25 | Matched: ['giao dịch']
2025-12-19 08:59:29 | DEBUG    | log:152 | [get_keyword_boost] Query: 'Xem các giao dịch gần nhất đến...' | Doc: Tra cứu giao dịch th | Boost: 0.25 | Matched: ['giao dịch']
2025-12-19 08:59:29 | DEBUG    | log:152 | [classify_query_intent] Ambiguous: 'Xem các giao dịch gần nhất đến...' | Scores: {'Tra cứu lịch sử giao dịch theo số tài khoản': 1, 'Tra cứu lịch sử giao dịch theo khoảng thời gian': 1, 'Tra cứu giao dịch theo số tiền': 1, 'Tra cứu giao dịch theo trạng thái': 1, 'Tra cứu giao dịch theo loại giao dịch': 1}
2025-12-19 08:59:29 | DEBUG    | log:152 | [normalize_query] 'Liệt kê giao dịch chuyển cho người thân ...' -> 'Liệt kê giao dịch chuyển cho người thân ...'
2025-12-19 08:59:29 | DEBUG    | log:152 | [perform_hybrid_search] query_text: [Liệt kê giao dịch chuyển cho người thân trong tháng] - formatted_query: [Liệt kê giao dịch chuyển cho người thân trong tháng] - normalized_query: [Liệt kê giao dịch chuyển cho người thân trong tháng]
2025-12-19 08:59:29 | DEBUG    | log:152 | [perform_hybrid_search] BM25 raw scores: min=0.2056, max=31.6364
2025-12-19 08:59:29 | DEBUG    | log:152 | [get_keyword_boost] Query: 'Liệt kê giao dịch chuyển cho n...' | Doc: Tra cứu lịch sử giao | Boost: 0.25 | Matched: ['liệt kê']
2025-12-19 08:59:29 | DEBUG    | log:152 | [get_keyword_boost] Query: 'Liệt kê giao dịch chuyển cho n...' | Doc: Tra cứu lịch sử giao | Boost: 0.25 | Matched: ['liệt kê']
2025-12-19 08:59:29 | DEBUG    | log:152 | [get_keyword_boost] Query: 'Liệt kê giao dịch chuyển cho n...' | Doc: Tra cứu lịch sử giao | Boost: 0.50 | Matched: ['liệt kê', 'trong tháng']
2025-12-19 08:59:29 | DEBUG    | log:152 | [get_keyword_boost] Query: 'Liệt kê giao dịch chuyển cho n...' | Doc: Tra cứu giao dịch th | Boost: 0.25 | Matched: ['giao dịch']
2025-12-19 08:59:29 | DEBUG    | log:152 | [get_keyword_boost] Query: 'Liệt kê giao dịch chuyển cho n...' | Doc: Tra cứu giao dịch th | Boost: 0.25 | Matched: ['giao dịch']
2025-12-19 08:59:29 | DEBUG    | log:152 | [get_keyword_boost] Query: 'Liệt kê giao dịch chuyển cho n...' | Doc: Tra cứu giao dịch th | Boost: 0.25 | Matched: ['giao dịch']
2025-12-19 08:59:29 | DEBUG    | log:152 | [get_keyword_boost] Query: 'Liệt kê giao dịch chuyển cho n...' | Doc: Tra cứu giao dịch th | Boost: 0.50 | Matched: ['giao dịch chuyển cho', 'người thân']
2025-12-19 08:59:29 | DEBUG    | log:152 | [classify_query_intent] Ambiguous: 'Liệt kê giao dịch chuyển cho n...' | Scores: {'Tra cứu lịch sử giao dịch theo số tài khoản': 1, 'Tra cứu lịch sử giao dịch theo khoảng thời gian': 2, 'Tra cứu giao dịch theo số tiền': 1, 'Tra cứu giao dịch theo trạng thái': 1, 'Tra cứu giao dịch theo loại giao dịch': 1, 'Tra cứu giao dịch theo người nhận': 2}
2025-12-19 08:59:29 | DEBUG    | log:152 | [normalize_query] 'Tra cứu lịch sử chuyển tiền cho nhân viê...' -> 'Tra cứu lịch sử chuyển tiền cho nhân viê...'
2025-12-19 08:59:29 | DEBUG    | log:152 | [perform_hybrid_search] query_text: [Tra cứu lịch sử chuyển tiền cho nhân viên] - formatted_query: [Tra cứu lịch sử chuyển tiền cho nhân viên] - normalized_query: [Tra cứu lịch sử chuyển tiền cho nhân viên]
2025-12-19 08:59:29 | DEBUG    | log:152 | [perform_hybrid_search] BM25 raw scores: min=1.1044, max=17.1176
2025-12-19 08:59:29 | DEBUG    | log:152 | [get_keyword_boost] Query: 'Tra cứu lịch sử chuyển tiền ch...' | Doc: Tra cứu lịch sử giao | Boost: 0.25 | Matched: ['tra cứu']
2025-12-19 08:59:29 | DEBUG    | log:152 | [get_keyword_boost] Query: 'Tra cứu lịch sử chuyển tiền ch...' | Doc: Tra cứu lịch sử giao | Boost: 0.25 | Matched: ['tra cứu']
2025-12-19 08:59:29 | DEBUG    | log:152 | [get_keyword_boost] Query: 'Tra cứu lịch sử chuyển tiền ch...' | Doc: Tra cứu lịch sử giao | Boost: 0.25 | Matched: ['tra cứu']
2025-12-19 08:59:29 | DEBUG    | log:152 | [get_keyword_boost] Query: 'Tra cứu lịch sử chuyển tiền ch...' | Doc: Tra cứu giao dịch th | Boost: 0.25 | Matched: ['chuyển tiền']
2025-12-19 08:59:29 | DEBUG    | log:152 | [classify_query_intent] Ambiguous: 'Tra cứu lịch sử chuyển tiền ch...' | Scores: {'Tra cứu lịch sử giao dịch theo số tài khoản': 1, 'Tra cứu lịch sử giao dịch theo khoảng thời gian': 1, 'Tra cứu giao dịch theo loại giao dịch': 1}
2025-12-19 08:59:29 | DEBUG    | log:152 | [normalize_query] 'Xem các giao dịch thẻ trong tháng này...' -> 'Xem các giao dịch thẻ trong tháng này...'
2025-12-19 08:59:29 | DEBUG    | log:152 | [perform_hybrid_search] query_text: [Xem các giao dịch thẻ trong tháng này] - formatted_query: [Xem các giao dịch thẻ trong tháng này] - normalized_query: [Xem các giao dịch thẻ trong tháng này]
2025-12-19 08:59:29 | DEBUG    | log:152 | [perform_hybrid_search] BM25 raw scores: min=0.0912, max=27.6937
2025-12-19 08:59:29 | DEBUG    | log:152 | [get_keyword_boost] Query: 'Xem các giao dịch thẻ trong th...' | Doc: Tra cứu lịch sử giao | Boost: 0.25 | Matched: ['xem']
2025-12-19 08:59:29 | DEBUG    | log:152 | [get_keyword_boost] Query: 'Xem các giao dịch thẻ trong th...' | Doc: Tra cứu lịch sử giao | Boost: 0.25 | Matched: ['xem']
2025-12-19 08:59:29 | DEBUG    | log:152 | [get_keyword_boost] Query: 'Xem các giao dịch thẻ trong th...' | Doc: Tra cứu lịch sử giao | Boost: 0.50 | Matched: ['xem', 'trong tháng']
2025-12-19 08:59:29 | DEBUG    | log:152 | [get_keyword_boost] Query: 'Xem các giao dịch thẻ trong th...' | Doc: Tra cứu giao dịch th | Boost: 0.25 | Matched: ['giao dịch']
2025-12-19 08:59:29 | DEBUG    | log:152 | [get_keyword_boost] Query: 'Xem các giao dịch thẻ trong th...' | Doc: Tra cứu giao dịch th | Boost: 0.25 | Matched: ['giao dịch']
2025-12-19 08:59:29 | DEBUG    | log:152 | [get_keyword_boost] Query: 'Xem các giao dịch thẻ trong th...' | Doc: Tra cứu giao dịch th | Boost: 0.25 | Matched: ['giao dịch']
2025-12-19 08:59:29 | DEBUG    | log:152 | [get_keyword_boost] Query: 'Xem các giao dịch thẻ trong th...' | Doc: Tra cứu giao dịch th | Boost: 0.25 | Matched: ['giao dịch thẻ']
2025-12-19 08:59:29 | DEBUG    | log:152 | [classify_query_intent] Classified: 'Xem các giao dịch thẻ trong th...' -> Tra cứu lịch sử giao dịch theo (score=2)
2025-12-19 08:59:29 | DEBUG    | log:152 | [normalize_query] 'Cho tôi danh sách giao dịch bằng thẻ ATM...' -> 'Cho tôi danh sách giao dịch bằng thẻ atm...'
2025-12-19 08:59:29 | DEBUG    | log:152 | [perform_hybrid_search] query_text: [Cho tôi danh sách giao dịch bằng thẻ ATM] - formatted_query: [Cho tôi danh sách giao dịch bằng thẻ atm] - normalized_query: [Cho tôi danh sách giao dịch bằng thẻ atm]
2025-12-19 08:59:29 | DEBUG    | log:152 | [perform_hybrid_search] BM25 raw scores: min=0.0912, max=30.1930
2025-12-19 08:59:29 | DEBUG    | log:152 | [get_keyword_boost] Query: 'Cho tôi danh sách giao dịch bằ...' | Doc: Tra cứu lịch sử giao | Boost: 0.25 | Matched: ['danh sách giao dịch']
2025-12-19 08:59:29 | DEBUG    | log:152 | [get_keyword_boost] Query: 'Cho tôi danh sách giao dịch bằ...' | Doc: Tra cứu lịch sử giao | Boost: 0.25 | Matched: ['danh sách giao dịch']
2025-12-19 08:59:29 | DEBUG    | log:152 | [get_keyword_boost] Query: 'Cho tôi danh sách giao dịch bằ...' | Doc: Tra cứu giao dịch th | Boost: 0.50 | Matched: ['giao dịch', 'bằng']
2025-12-19 08:59:29 | DEBUG    | log:152 | [get_keyword_boost] Query: 'Cho tôi danh sách giao dịch bằ...' | Doc: Tra cứu giao dịch th | Boost: 0.25 | Matched: ['giao dịch']
2025-12-19 08:59:29 | DEBUG    | log:152 | [get_keyword_boost] Query: 'Cho tôi danh sách giao dịch bằ...' | Doc: Tra cứu giao dịch th | Boost: 0.25 | Matched: ['giao dịch']
2025-12-19 08:59:29 | DEBUG    | log:152 | [get_keyword_boost] Query: 'Cho tôi danh sách giao dịch bằ...' | Doc: Tra cứu giao dịch th | Boost: 0.25 | Matched: ['atm']
2025-12-19 08:59:29 | DEBUG    | log:152 | [get_keyword_boost] Query: 'Cho tôi danh sách giao dịch bằ...' | Doc: Tra cứu giao dịch th | Boost: 0.25 | Matched: ['thẻ atm']
2025-12-19 08:59:29 | DEBUG    | log:152 | [classify_query_intent] Classified: 'Cho tôi danh sách giao dịch bằ...' -> Tra cứu giao dịch theo số tiền (score=2)
2025-12-19 08:59:29 | DEBUG    | log:152 | [normalize_query] 'Tìm các lần quẹt thẻ tín dụng...' -> 'Tìm các lần quẹt thẻ tín dụng...'
2025-12-19 08:59:29 | DEBUG    | log:152 | [perform_hybrid_search] query_text: [Tìm các lần quẹt thẻ tín dụng] - formatted_query: [Tìm các lần quẹt thẻ tín dụng] - normalized_query: [Tìm các lần quẹt thẻ tín dụng]
2025-12-19 08:59:29 | DEBUG    | log:152 | [perform_hybrid_search] BM25 raw scores: min=0.0608, max=37.0805
2025-12-19 08:59:29 | DEBUG    | log:152 | [get_keyword_boost] Query: 'Tìm các lần quẹt thẻ tín dụng...' | Doc: Tra cứu lịch sử giao | Boost: 0.25 | Matched: ['tìm']
2025-12-19 08:59:29 | DEBUG    | log:152 | [get_keyword_boost] Query: 'Tìm các lần quẹt thẻ tín dụng...' | Doc: Tra cứu giao dịch th | Boost: 0.50 | Matched: ['thẻ tín dụng', 'quẹt thẻ']
2025-12-19 08:59:29 | DEBUG    | log:152 | [classify_query_intent] Classified: 'Tìm các lần quẹt thẻ tín dụng...' -> Tra cứu giao dịch thẻ (score=2)
2025-12-19 08:59:29 | DEBUG    | log:152 | [normalize_query] 'Liệt kê giao dịch thanh toán bằng thẻ...' -> 'Liệt kê giao dịch thanh toán bằng thẻ...'
2025-12-19 08:59:29 | DEBUG    | log:152 | [perform_hybrid_search] query_text: [Liệt kê giao dịch thanh toán bằng thẻ] - formatted_query: [Liệt kê giao dịch thanh toán bằng thẻ] - normalized_query: [Liệt kê giao dịch thanh toán bằng thẻ]
2025-12-19 08:59:29 | DEBUG    | log:152 | [perform_hybrid_search] BM25 raw scores: min=0.2088, max=41.5788
2025-12-19 08:59:29 | DEBUG    | log:152 | [get_keyword_boost] Query: 'Liệt kê giao dịch thanh toán b...' | Doc: Tra cứu lịch sử giao | Boost: 0.25 | Matched: ['liệt kê']
2025-12-19 08:59:29 | DEBUG    | log:152 | [get_keyword_boost] Query: 'Liệt kê giao dịch thanh toán b...' | Doc: Tra cứu lịch sử giao | Boost: 0.25 | Matched: ['liệt kê']
2025-12-19 08:59:29 | DEBUG    | log:152 | [get_keyword_boost] Query: 'Liệt kê giao dịch thanh toán b...' | Doc: Tra cứu lịch sử giao | Boost: 0.25 | Matched: ['liệt kê']
2025-12-19 08:59:29 | DEBUG    | log:152 | [get_keyword_boost] Query: 'Liệt kê giao dịch thanh toán b...' | Doc: Tra cứu giao dịch th | Boost: 0.50 | Matched: ['giao dịch', 'bằng']
2025-12-19 08:59:29 | DEBUG    | log:152 | [get_keyword_boost] Query: 'Liệt kê giao dịch thanh toán b...' | Doc: Tra cứu giao dịch th | Boost: 0.25 | Matched: ['giao dịch']
2025-12-19 08:59:29 | DEBUG    | log:152 | [get_keyword_boost] Query: 'Liệt kê giao dịch thanh toán b...' | Doc: Tra cứu giao dịch th | Boost: 0.50 | Matched: ['giao dịch', 'thanh toán']
2025-12-19 08:59:29 | DEBUG    | log:152 | [get_keyword_boost] Query: 'Liệt kê giao dịch thanh toán b...' | Doc: Tra cứu giao dịch ch | Boost: 0.25 | Matched: ['thanh toán']
2025-12-19 08:59:29 | DEBUG    | log:152 | [classify_query_intent] Ambiguous: 'Liệt kê giao dịch thanh toán b...' | Scores: {'Tra cứu lịch sử giao dịch theo số tài khoản': 1, 'Tra cứu lịch sử giao dịch theo khoảng thời gian': 1, 'Tra cứu giao dịch theo số tiền': 2, 'Tra cứu giao dịch theo trạng thái': 1, 'Tra cứu giao dịch theo loại giao dịch': 2, 'Tra cứu giao dịch chuyển tiền': 1}
2025-12-19 08:59:29 | DEBUG    | log:152 | [normalize_query] 'Tra cứu lịch sử rút tiền ATM...' -> 'Tra cứu lịch sử rút tiền atm...'
2025-12-19 08:59:29 | DEBUG    | log:152 | [perform_hybrid_search] query_text: [Tra cứu lịch sử rút tiền ATM] - formatted_query: [Tra cứu lịch sử rút tiền atm] - normalized_query: [Tra cứu lịch sử rút tiền atm]
2025-12-19 08:59:29 | DEBUG    | log:152 | [perform_hybrid_search] BM25 raw scores: min=0.7995, max=22.6781
2025-12-19 08:59:29 | DEBUG    | log:152 | [get_keyword_boost] Query: 'Tra cứu lịch sử rút tiền atm...' | Doc: Tra cứu lịch sử giao | Boost: 0.25 | Matched: ['tra cứu']
2025-12-19 08:59:29 | DEBUG    | log:152 | [get_keyword_boost] Query: 'Tra cứu lịch sử rút tiền atm...' | Doc: Tra cứu lịch sử giao | Boost: 0.25 | Matched: ['tra cứu']
2025-12-19 08:59:29 | DEBUG    | log:152 | [get_keyword_boost] Query: 'Tra cứu lịch sử rút tiền atm...' | Doc: Tra cứu lịch sử giao | Boost: 0.25 | Matched: ['tra cứu']
2025-12-19 08:59:29 | DEBUG    | log:152 | [get_keyword_boost] Query: 'Tra cứu lịch sử rút tiền atm...' | Doc: Tra cứu giao dịch th | Boost: 0.25 | Matched: ['rút tiền']
2025-12-19 08:59:29 | DEBUG    | log:152 | [get_keyword_boost] Query: 'Tra cứu lịch sử rút tiền atm...' | Doc: Tra cứu giao dịch th | Boost: 0.25 | Matched: ['atm']
2025-12-19 08:59:29 | DEBUG    | log:152 | [get_keyword_boost] Query: 'Tra cứu lịch sử rút tiền atm...' | Doc: Tra cứu giao dịch th | Boost: 0.25 | Matched: ['rút tiền atm']
2025-12-19 08:59:29 | DEBUG    | log:152 | [classify_query_intent] Ambiguous: 'Tra cứu lịch sử rút tiền atm...' | Scores: {'Tra cứu lịch sử giao dịch theo số tài khoản': 1, 'Tra cứu lịch sử giao dịch theo khoảng thời gian': 1, 'Tra cứu giao dịch theo loại giao dịch': 1, 'Tra cứu giao dịch theo kênh giao dịch': 1, 'Tra cứu giao dịch thẻ': 1}
2025-12-19 08:59:29 | DEBUG    | log:152 | [normalize_query] 'Cho biết các giao dịch POS bằng thẻ...' -> 'Cho biết các giao dịch pos bằng thẻ...'
2025-12-19 08:59:29 | DEBUG    | log:152 | [perform_hybrid_search] query_text: [Cho biết các giao dịch POS bằng thẻ] - formatted_query: [Cho biết các giao dịch pos bằng thẻ] - normalized_query: [Cho biết các giao dịch pos bằng thẻ]
2025-12-19 08:59:29 | DEBUG    | log:152 | [perform_hybrid_search] BM25 raw scores: min=0.0912, max=28.0742
2025-12-19 08:59:29 | DEBUG    | log:152 | [get_keyword_boost] Query: 'Cho biết các giao dịch pos bằn...' | Doc: Tra cứu giao dịch th | Boost: 0.50 | Matched: ['giao dịch', 'bằng']
2025-12-19 08:59:29 | DEBUG    | log:152 | [get_keyword_boost] Query: 'Cho biết các giao dịch pos bằn...' | Doc: Tra cứu giao dịch th | Boost: 0.25 | Matched: ['giao dịch']
2025-12-19 08:59:29 | DEBUG    | log:152 | [get_keyword_boost] Query: 'Cho biết các giao dịch pos bằn...' | Doc: Tra cứu giao dịch th | Boost: 0.25 | Matched: ['giao dịch']
2025-12-19 08:59:29 | DEBUG    | log:152 | [get_keyword_boost] Query: 'Cho biết các giao dịch pos bằn...' | Doc: Tra cứu giao dịch th | Boost: 0.25 | Matched: ['pos']
2025-12-19 08:59:29 | DEBUG    | log:152 | [classify_query_intent] Classified: 'Cho biết các giao dịch pos bằn...' -> Tra cứu giao dịch theo số tiền (score=2)
2025-12-19 08:59:29 | DEBUG    | log:152 | [normalize_query] 'Xem giao dịch thẻ ghi nợ trong tuần...' -> 'Xem giao dịch thẻ ghi nợ trong tuần...'
2025-12-19 08:59:29 | DEBUG    | log:152 | [perform_hybrid_search] query_text: [Xem giao dịch thẻ ghi nợ trong tuần] - formatted_query: [Xem giao dịch thẻ ghi nợ trong tuần] - normalized_query: [Xem giao dịch thẻ ghi nợ trong tuần]
2025-12-19 08:59:29 | DEBUG    | log:152 | [perform_hybrid_search] BM25 raw scores: min=0.0912, max=42.4745
2025-12-19 08:59:29 | DEBUG    | log:152 | [get_keyword_boost] Query: 'Xem giao dịch thẻ ghi nợ trong...' | Doc: Tra cứu lịch sử giao | Boost: 0.25 | Matched: ['xem']
2025-12-19 08:59:29 | DEBUG    | log:152 | [get_keyword_boost] Query: 'Xem giao dịch thẻ ghi nợ trong...' | Doc: Tra cứu lịch sử giao | Boost: 0.25 | Matched: ['xem']
2025-12-19 08:59:29 | DEBUG    | log:152 | [get_keyword_boost] Query: 'Xem giao dịch thẻ ghi nợ trong...' | Doc: Tra cứu lịch sử giao | Boost: 0.50 | Matched: ['xem', 'trong tuần']
2025-12-19 08:59:29 | DEBUG    | log:152 | [get_keyword_boost] Query: 'Xem giao dịch thẻ ghi nợ trong...' | Doc: Tra cứu giao dịch th | Boost: 0.25 | Matched: ['giao dịch']
2025-12-19 08:59:29 | DEBUG    | log:152 | [get_keyword_boost] Query: 'Xem giao dịch thẻ ghi nợ trong...' | Doc: Tra cứu giao dịch th | Boost: 0.25 | Matched: ['giao dịch']
2025-12-19 08:59:29 | DEBUG    | log:152 | [get_keyword_boost] Query: 'Xem giao dịch thẻ ghi nợ trong...' | Doc: Tra cứu giao dịch th | Boost: 0.25 | Matched: ['giao dịch']
2025-12-19 08:59:29 | DEBUG    | log:152 | [get_keyword_boost] Query: 'Xem giao dịch thẻ ghi nợ trong...' | Doc: Tra cứu giao dịch th | Boost: 0.50 | Matched: ['giao dịch thẻ', 'thẻ ghi nợ']
2025-12-19 08:59:29 | DEBUG    | log:152 | [classify_query_intent] Ambiguous: 'Xem giao dịch thẻ ghi nợ trong...' | Scores: {'Tra cứu lịch sử giao dịch theo số tài khoản': 1, 'Tra cứu lịch sử giao dịch theo khoảng thời gian': 2, 'Tra cứu giao dịch theo số tiền': 1, 'Tra cứu giao dịch theo trạng thái': 1, 'Tra cứu giao dịch theo loại giao dịch': 1, 'Tra cứu giao dịch thẻ': 2}
2025-12-19 08:59:29 | DEBUG    | log:152 | [normalize_query] 'Tìm các giao dịch thanh toán thẻ Visa...' -> 'Tìm các giao dịch thanh toán thẻ visa...'
2025-12-19 08:59:29 | DEBUG    | log:152 | [perform_hybrid_search] query_text: [Tìm các giao dịch thanh toán thẻ Visa] - formatted_query: [Tìm các giao dịch thanh toán thẻ visa] - normalized_query: [Tìm các giao dịch thanh toán thẻ visa]
2025-12-19 08:59:29 | DEBUG    | log:152 | [perform_hybrid_search] BM25 raw scores: min=0.2088, max=38.9299
2025-12-19 08:59:29 | DEBUG    | log:152 | [get_keyword_boost] Query: 'Tìm các giao dịch thanh toán t...' | Doc: Tra cứu lịch sử giao | Boost: 0.25 | Matched: ['tìm']
2025-12-19 08:59:29 | DEBUG    | log:152 | [get_keyword_boost] Query: 'Tìm các giao dịch thanh toán t...' | Doc: Tra cứu giao dịch th | Boost: 0.25 | Matched: ['giao dịch']
2025-12-19 08:59:29 | DEBUG    | log:152 | [get_keyword_boost] Query: 'Tìm các giao dịch thanh toán t...' | Doc: Tra cứu giao dịch th | Boost: 0.25 | Matched: ['giao dịch']
2025-12-19 08:59:29 | DEBUG    | log:152 | [get_keyword_boost] Query: 'Tìm các giao dịch thanh toán t...' | Doc: Tra cứu giao dịch th | Boost: 0.50 | Matched: ['giao dịch', 'thanh toán']
2025-12-19 08:59:29 | DEBUG    | log:152 | [get_keyword_boost] Query: 'Tìm các giao dịch thanh toán t...' | Doc: Tra cứu giao dịch ch | Boost: 0.25 | Matched: ['thanh toán']
2025-12-19 08:59:29 | DEBUG    | log:152 | [get_keyword_boost] Query: 'Tìm các giao dịch thanh toán t...' | Doc: Tra cứu giao dịch th | Boost: 0.25 | Matched: ['thẻ visa']
2025-12-19 08:59:29 | DEBUG    | log:152 | [classify_query_intent] Classified: 'Tìm các giao dịch thanh toán t...' -> Tra cứu giao dịch theo loại gi (score=2)
2025-12-19 08:59:29 | DEBUG    | log:152 | [normalize_query] 'Liệt kê giao dịch thẻ MasterCard...' -> 'Liệt kê giao dịch thẻ mastercard...'
2025-12-19 08:59:29 | DEBUG    | log:152 | [perform_hybrid_search] query_text: [Liệt kê giao dịch thẻ MasterCard] - formatted_query: [Liệt kê giao dịch thẻ mastercard] - normalized_query: [Liệt kê giao dịch thẻ mastercard]
2025-12-19 08:59:29 | DEBUG    | log:152 | [perform_hybrid_search] BM25 raw scores: min=0.0912, max=36.4981
2025-12-19 08:59:29 | DEBUG    | log:152 | [get_keyword_boost] Query: 'Liệt kê giao dịch thẻ masterca...' | Doc: Tra cứu lịch sử giao | Boost: 0.25 | Matched: ['liệt kê']
2025-12-19 08:59:29 | DEBUG    | log:152 | [get_keyword_boost] Query: 'Liệt kê giao dịch thẻ masterca...' | Doc: Tra cứu lịch sử giao | Boost: 0.25 | Matched: ['liệt kê']
2025-12-19 08:59:29 | DEBUG    | log:152 | [get_keyword_boost] Query: 'Liệt kê giao dịch thẻ masterca...' | Doc: Tra cứu lịch sử giao | Boost: 0.25 | Matched: ['liệt kê']
2025-12-19 08:59:29 | DEBUG    | log:152 | [get_keyword_boost] Query: 'Liệt kê giao dịch thẻ masterca...' | Doc: Tra cứu giao dịch th | Boost: 0.25 | Matched: ['giao dịch']
2025-12-19 08:59:29 | DEBUG    | log:152 | [get_keyword_boost] Query: 'Liệt kê giao dịch thẻ masterca...' | Doc: Tra cứu giao dịch th | Boost: 0.25 | Matched: ['giao dịch']
2025-12-19 08:59:29 | DEBUG    | log:152 | [get_keyword_boost] Query: 'Liệt kê giao dịch thẻ masterca...' | Doc: Tra cứu giao dịch th | Boost: 0.25 | Matched: ['giao dịch']
2025-12-19 08:59:29 | DEBUG    | log:152 | [get_keyword_boost] Query: 'Liệt kê giao dịch thẻ masterca...' | Doc: Tra cứu giao dịch th | Boost: 0.50 | Matched: ['giao dịch thẻ', 'thẻ mastercard']
2025-12-19 08:59:29 | DEBUG    | log:152 | [classify_query_intent] Classified: 'Liệt kê giao dịch thẻ masterca...' -> Tra cứu giao dịch thẻ (score=2)
2025-12-19 08:59:29 | DEBUG    | log:152 | [normalize_query] 'Tra cứu các lần thanh toán online bằng t...' -> 'Tra cứu các lần thanh toán online bằng t...'
2025-12-19 08:59:29 | DEBUG    | log:152 | [perform_hybrid_search] query_text: [Tra cứu các lần thanh toán online bằng thẻ] - formatted_query: [Tra cứu các lần thanh toán online bằng thẻ] - normalized_query: [Tra cứu các lần thanh toán online bằng thẻ]
2025-12-19 08:59:29 | DEBUG    | log:152 | [perform_hybrid_search] BM25 raw scores: min=0.8363, max=42.5766
2025-12-19 08:59:29 | DEBUG    | log:152 | [get_keyword_boost] Query: 'Tra cứu các lần thanh toán onl...' | Doc: Tra cứu lịch sử giao | Boost: 0.25 | Matched: ['tra cứu']
2025-12-19 08:59:29 | DEBUG    | log:152 | [get_keyword_boost] Query: 'Tra cứu các lần thanh toán onl...' | Doc: Tra cứu lịch sử giao | Boost: 0.25 | Matched: ['tra cứu']
2025-12-19 08:59:29 | DEBUG    | log:152 | [get_keyword_boost] Query: 'Tra cứu các lần thanh toán onl...' | Doc: Tra cứu lịch sử giao | Boost: 0.25 | Matched: ['tra cứu']
2025-12-19 08:59:29 | DEBUG    | log:152 | [get_keyword_boost] Query: 'Tra cứu các lần thanh toán onl...' | Doc: Tra cứu giao dịch th | Boost: 0.25 | Matched: ['bằng']
2025-12-19 08:59:29 | DEBUG    | log:152 | [get_keyword_boost] Query: 'Tra cứu các lần thanh toán onl...' | Doc: Tra cứu giao dịch th | Boost: 0.25 | Matched: ['thanh toán']
2025-12-19 08:59:29 | DEBUG    | log:152 | [get_keyword_boost] Query: 'Tra cứu các lần thanh toán onl...' | Doc: Tra cứu giao dịch ch | Boost: 0.25 | Matched: ['thanh toán']
2025-12-19 08:59:29 | DEBUG    | log:152 | [get_keyword_boost] Query: 'Tra cứu các lần thanh toán onl...' | Doc: Tra cứu giao dịch th | Boost: 0.25 | Matched: ['online']
2025-12-19 08:59:29 | DEBUG    | log:152 | [get_keyword_boost] Query: 'Tra cứu các lần thanh toán onl...' | Doc: Tra cứu giao dịch th | Boost: 0.25 | Matched: ['thanh toán online bằng thẻ']
2025-12-19 08:59:29 | DEBUG    | log:152 | [classify_query_intent] Ambiguous: 'Tra cứu các lần thanh toán onl...' | Scores: {'Tra cứu lịch sử giao dịch theo số tài khoản': 1, 'Tra cứu lịch sử giao dịch theo khoảng thời gian': 1, 'Tra cứu giao dịch theo số tiền': 1, 'Tra cứu giao dịch theo loại giao dịch': 1, 'Tra cứu giao dịch chuyển tiền': 1, 'Tra cứu giao dịch theo kênh giao dịch': 1, 'Tra cứu giao dịch thẻ': 1}
2025-12-19 08:59:29 | DEBUG    | log:152 | [normalize_query] 'Cho xem lịch sử giao dịch thẻ nội địa...' -> 'Cho xem lịch sử giao dịch thẻ nội địa...'
2025-12-19 08:59:29 | DEBUG    | log:152 | [perform_hybrid_search] query_text: [Cho xem lịch sử giao dịch thẻ nội địa] - formatted_query: [Cho xem lịch sử giao dịch thẻ nội địa] - normalized_query: [Cho xem lịch sử giao dịch thẻ nội địa]
2025-12-19 08:59:29 | DEBUG    | log:152 | [perform_hybrid_search] BM25 raw scores: min=0.3426, max=39.5287
2025-12-19 08:59:29 | DEBUG    | log:152 | [get_keyword_boost] Query: 'Cho xem lịch sử giao dịch thẻ ...' | Doc: Tra cứu lịch sử giao | Boost: 0.50 | Matched: ['lịch sử giao dịch', 'xem']
2025-12-19 08:59:29 | DEBUG    | log:152 | [get_keyword_boost] Query: 'Cho xem lịch sử giao dịch thẻ ...' | Doc: Tra cứu lịch sử giao | Boost: 0.50 | Matched: ['lịch sử giao dịch', 'xem']
2025-12-19 08:59:29 | DEBUG    | log:152 | [get_keyword_boost] Query: 'Cho xem lịch sử giao dịch thẻ ...' | Doc: Tra cứu lịch sử giao | Boost: 0.50 | Matched: ['lịch sử giao dịch', 'xem']
2025-12-19 08:59:29 | DEBUG    | log:152 | [get_keyword_boost] Query: 'Cho xem lịch sử giao dịch thẻ ...' | Doc: Tra cứu giao dịch th | Boost: 0.25 | Matched: ['giao dịch']
2025-12-19 08:59:29 | DEBUG    | log:152 | [get_keyword_boost] Query: 'Cho xem lịch sử giao dịch thẻ ...' | Doc: Tra cứu giao dịch th | Boost: 0.25 | Matched: ['giao dịch']
2025-12-19 08:59:29 | DEBUG    | log:152 | [get_keyword_boost] Query: 'Cho xem lịch sử giao dịch thẻ ...' | Doc: Tra cứu giao dịch th | Boost: 0.25 | Matched: ['giao dịch']
2025-12-19 08:59:29 | DEBUG    | log:152 | [get_keyword_boost] Query: 'Cho xem lịch sử giao dịch thẻ ...' | Doc: Tra cứu giao dịch th | Boost: 0.50 | Matched: ['giao dịch thẻ', 'thẻ nội địa']
2025-12-19 08:59:29 | DEBUG    | log:152 | [classify_query_intent] Ambiguous: 'Cho xem lịch sử giao dịch thẻ ...' | Scores: {'Tra cứu lịch sử giao dịch theo số tài khoản': 2, 'Tra cứu lịch sử giao dịch theo khoảng thời gian': 2, 'Tra cứu giao dịch theo số tiền': 1, 'Tra cứu giao dịch theo trạng thái': 1, 'Tra cứu giao dịch theo loại giao dịch': 1, 'Tra cứu giao dịch thẻ': 2}
2025-12-19 08:59:29 | DEBUG    | log:152 | [normalize_query] 'Tìm giao dịch thẻ quốc tế...' -> 'Tìm giao dịch thẻ quốc tế...'
2025-12-19 08:59:29 | DEBUG    | log:152 | [perform_hybrid_search] query_text: [Tìm giao dịch thẻ quốc tế] - formatted_query: [Tìm giao dịch thẻ quốc tế] - normalized_query: [Tìm giao dịch thẻ quốc tế]
2025-12-19 08:59:29 | DEBUG    | log:152 | [perform_hybrid_search] BM25 raw scores: min=0.4041, max=37.9219
2025-12-19 08:59:29 | DEBUG    | log:152 | [get_keyword_boost] Query: 'Tìm giao dịch thẻ quốc tế...' | Doc: Tra cứu lịch sử giao | Boost: 0.25 | Matched: ['tìm']
2025-12-19 08:59:29 | DEBUG    | log:152 | [get_keyword_boost] Query: 'Tìm giao dịch thẻ quốc tế...' | Doc: Tra cứu giao dịch th | Boost: 0.25 | Matched: ['giao dịch']
2025-12-19 08:59:29 | DEBUG    | log:152 | [get_keyword_boost] Query: 'Tìm giao dịch thẻ quốc tế...' | Doc: Tra cứu giao dịch th | Boost: 0.25 | Matched: ['giao dịch']
2025-12-19 08:59:29 | DEBUG    | log:152 | [get_keyword_boost] Query: 'Tìm giao dịch thẻ quốc tế...' | Doc: Tra cứu giao dịch th | Boost: 0.25 | Matched: ['giao dịch']
2025-12-19 08:59:29 | DEBUG    | log:152 | [get_keyword_boost] Query: 'Tìm giao dịch thẻ quốc tế...' | Doc: Tra cứu giao dịch th | Boost: 0.50 | Matched: ['giao dịch thẻ', 'thẻ quốc tế']
2025-12-19 08:59:29 | DEBUG    | log:152 | [classify_query_intent] Classified: 'Tìm giao dịch thẻ quốc tế...' -> Tra cứu giao dịch thẻ (score=2)
2025-12-19 08:59:29 | DEBUG    | log:152 | [normalize_query] 'Xem danh sách giao dịch qua thẻ chip...' -> 'Xem danh sách giao dịch qua thẻ chip...'
2025-12-19 08:59:29 | DEBUG    | log:152 | [perform_hybrid_search] query_text: [Xem danh sách giao dịch qua thẻ chip] - formatted_query: [Xem danh sách giao dịch qua thẻ chip] - normalized_query: [Xem danh sách giao dịch qua thẻ chip]
2025-12-19 08:59:29 | DEBUG    | log:152 | [perform_hybrid_search] BM25 raw scores: min=0.0912, max=34.3214
2025-12-19 08:59:29 | DEBUG    | log:152 | [get_keyword_boost] Query: 'Xem danh sách giao dịch qua th...' | Doc: Tra cứu lịch sử giao | Boost: 0.50 | Matched: ['xem', 'danh sách giao dịch']
2025-12-19 08:59:29 | DEBUG    | log:152 | [get_keyword_boost] Query: 'Xem danh sách giao dịch qua th...' | Doc: Tra cứu lịch sử giao | Boost: 0.50 | Matched: ['xem', 'danh sách giao dịch']
2025-12-19 08:59:29 | DEBUG    | log:152 | [get_keyword_boost] Query: 'Xem danh sách giao dịch qua th...' | Doc: Tra cứu lịch sử giao | Boost: 0.25 | Matched: ['xem']
2025-12-19 08:59:29 | DEBUG    | log:152 | [get_keyword_boost] Query: 'Xem danh sách giao dịch qua th...' | Doc: Tra cứu giao dịch th | Boost: 0.25 | Matched: ['giao dịch']
2025-12-19 08:59:29 | DEBUG    | log:152 | [get_keyword_boost] Query: 'Xem danh sách giao dịch qua th...' | Doc: Tra cứu giao dịch th | Boost: 0.25 | Matched: ['giao dịch']
2025-12-19 08:59:29 | DEBUG    | log:152 | [get_keyword_boost] Query: 'Xem danh sách giao dịch qua th...' | Doc: Tra cứu giao dịch th | Boost: 0.25 | Matched: ['giao dịch']
2025-12-19 08:59:29 | DEBUG    | log:152 | [get_keyword_boost] Query: 'Xem danh sách giao dịch qua th...' | Doc: Tra cứu giao dịch th | Boost: 0.25 | Matched: ['thẻ chip']
2025-12-19 08:59:29 | DEBUG    | log:152 | [classify_query_intent] Classified: 'Xem danh sách giao dịch qua th...' -> Tra cứu lịch sử giao dịch theo (score=2)
2025-12-19 08:59:29 | DEBUG    | log:152 | [normalize_query] 'Liệt kê các lần rút tiền từ thẻ...' -> 'Liệt kê các lần rút tiền từ thẻ...'
2025-12-19 08:59:29 | DEBUG    | log:152 | [perform_hybrid_search] query_text: [Liệt kê các lần rút tiền từ thẻ] - formatted_query: [Liệt kê các lần rút tiền từ thẻ] - normalized_query: [Liệt kê các lần rút tiền từ thẻ]
2025-12-19 08:59:29 | DEBUG    | log:152 | [perform_hybrid_search] BM25 raw scores: min=0.0304, max=41.9935
2025-12-19 08:59:29 | DEBUG    | log:152 | [get_keyword_boost] Query: 'Liệt kê các lần rút tiền từ th...' | Doc: Tra cứu lịch sử giao | Boost: 0.25 | Matched: ['liệt kê']
2025-12-19 08:59:29 | DEBUG    | log:152 | [get_keyword_boost] Query: 'Liệt kê các lần rút tiền từ th...' | Doc: Tra cứu lịch sử giao | Boost: 0.25 | Matched: ['liệt kê']
2025-12-19 08:59:29 | DEBUG    | log:152 | [get_keyword_boost] Query: 'Liệt kê các lần rút tiền từ th...' | Doc: Tra cứu lịch sử giao | Boost: 0.25 | Matched: ['liệt kê']
2025-12-19 08:59:29 | DEBUG    | log:152 | [get_keyword_boost] Query: 'Liệt kê các lần rút tiền từ th...' | Doc: Tra cứu giao dịch th | Boost: 0.25 | Matched: ['rút tiền']
2025-12-19 08:59:29 | DEBUG    | log:152 | [classify_query_intent] Ambiguous: 'Liệt kê các lần rút tiền từ th...' | Scores: {'Tra cứu lịch sử giao dịch theo số tài khoản': 1, 'Tra cứu lịch sử giao dịch theo khoảng thời gian': 1, 'Tra cứu giao dịch theo loại giao dịch': 1}
2025-12-19 08:59:29 | DEBUG    | log:152 | [normalize_query] 'Tra cứu giao dịch thanh toán không tiếp ...' -> 'Tra cứu giao dịch thanh toán không tiếp ...'
2025-12-19 08:59:29 | DEBUG    | log:152 | [perform_hybrid_search] query_text: [Tra cứu giao dịch thanh toán không tiếp xúc] - formatted_query: [Tra cứu giao dịch thanh toán không tiếp xúc] - normalized_query: [Tra cứu giao dịch thanh toán không tiếp xúc]
2025-12-19 08:59:29 | DEBUG    | log:152 | [perform_hybrid_search] BM25 raw scores: min=2.7995, max=38.6664
2025-12-19 08:59:29 | DEBUG    | log:152 | [get_keyword_boost] Query: 'Tra cứu giao dịch thanh toán k...' | Doc: Tra cứu lịch sử giao | Boost: 0.25 | Matched: ['tra cứu']
2025-12-19 08:59:29 | DEBUG    | log:152 | [get_keyword_boost] Query: 'Tra cứu giao dịch thanh toán k...' | Doc: Tra cứu lịch sử giao | Boost: 0.25 | Matched: ['tra cứu']
2025-12-19 08:59:29 | DEBUG    | log:152 | [get_keyword_boost] Query: 'Tra cứu giao dịch thanh toán k...' | Doc: Tra cứu lịch sử giao | Boost: 0.25 | Matched: ['tra cứu']
2025-12-19 08:59:29 | DEBUG    | log:152 | [get_keyword_boost] Query: 'Tra cứu giao dịch thanh toán k...' | Doc: Tra cứu giao dịch th | Boost: 0.25 | Matched: ['giao dịch']
2025-12-19 08:59:29 | DEBUG    | log:152 | [get_keyword_boost] Query: 'Tra cứu giao dịch thanh toán k...' | Doc: Tra cứu giao dịch th | Boost: 0.25 | Matched: ['giao dịch']
2025-12-19 08:59:29 | DEBUG    | log:152 | [get_keyword_boost] Query: 'Tra cứu giao dịch thanh toán k...' | Doc: Tra cứu giao dịch th | Boost: 0.50 | Matched: ['giao dịch', 'thanh toán']
2025-12-19 08:59:29 | DEBUG    | log:152 | [get_keyword_boost] Query: 'Tra cứu giao dịch thanh toán k...' | Doc: Tra cứu giao dịch ch | Boost: 0.25 | Matched: ['thanh toán']
2025-12-19 08:59:29 | DEBUG    | log:152 | [classify_query_intent] Classified: 'Tra cứu giao dịch thanh toán k...' -> Tra cứu giao dịch theo loại gi (score=2)
2025-12-19 08:59:29 | DEBUG    | log:152 | [normalize_query] 'Cho biết giao dịch thẻ có giá trị cao nh...' -> 'Cho biết giao dịch thẻ có giá trị cao nh...'
2025-12-19 08:59:29 | DEBUG    | log:152 | [perform_hybrid_search] query_text: [Cho biết giao dịch thẻ có giá trị cao nhất] - formatted_query: [Cho biết giao dịch thẻ có giá trị cao nhất] - normalized_query: [Cho biết giao dịch thẻ có giá trị cao nhất]
2025-12-19 08:59:29 | DEBUG    | log:152 | [perform_hybrid_search] BM25 raw scores: min=0.0912, max=44.8390
2025-12-19 08:59:29 | DEBUG    | log:152 | [get_keyword_boost] Query: 'Cho biết giao dịch thẻ có giá ...' | Doc: Tra cứu giao dịch th | Boost: 0.50 | Matched: ['giao dịch', 'giá trị']
2025-12-19 08:59:29 | DEBUG    | log:152 | [get_keyword_boost] Query: 'Cho biết giao dịch thẻ có giá ...' | Doc: Tra cứu giao dịch th | Boost: 0.25 | Matched: ['giao dịch']
2025-12-19 08:59:29 | DEBUG    | log:152 | [get_keyword_boost] Query: 'Cho biết giao dịch thẻ có giá ...' | Doc: Tra cứu giao dịch th | Boost: 0.25 | Matched: ['giao dịch']
2025-12-19 08:59:29 | DEBUG    | log:152 | [get_keyword_boost] Query: 'Cho biết giao dịch thẻ có giá ...' | Doc: Tra cứu giao dịch th | Boost: 0.25 | Matched: ['giao dịch thẻ']
2025-12-19 08:59:29 | DEBUG    | log:152 | [classify_query_intent] Classified: 'Cho biết giao dịch thẻ có giá ...' -> Tra cứu giao dịch theo số tiền (score=2)
2025-12-19 08:59:29 | DEBUG    | log:152 | [normalize_query] 'Tìm các giao dịch thẻ bị từ chối...' -> 'Tìm các giao dịch thẻ bị từ chối...'
2025-12-19 08:59:29 | DEBUG    | log:152 | [perform_hybrid_search] query_text: [Tìm các giao dịch thẻ bị từ chối] - formatted_query: [Tìm các giao dịch thẻ bị từ chối] - normalized_query: [Tìm các giao dịch thẻ bị từ chối]
2025-12-19 08:59:29 | DEBUG    | log:152 | [perform_hybrid_search] BM25 raw scores: min=0.0912, max=36.4779
2025-12-19 08:59:29 | DEBUG    | log:152 | [get_keyword_boost] Query: 'Tìm các giao dịch thẻ bị từ ch...' | Doc: Tra cứu lịch sử giao | Boost: 0.25 | Matched: ['tìm']
2025-12-19 08:59:29 | DEBUG    | log:152 | [get_keyword_boost] Query: 'Tìm các giao dịch thẻ bị từ ch...' | Doc: Tra cứu giao dịch th | Boost: 0.25 | Matched: ['giao dịch']
2025-12-19 08:59:29 | DEBUG    | log:152 | [get_keyword_boost] Query: 'Tìm các giao dịch thẻ bị từ ch...' | Doc: Tra cứu giao dịch th | Boost: 0.50 | Matched: ['giao dịch', 'bị từ chối']
2025-12-19 08:59:29 | DEBUG    | log:152 | [get_keyword_boost] Query: 'Tìm các giao dịch thẻ bị từ ch...' | Doc: Tra cứu giao dịch th | Boost: 0.25 | Matched: ['giao dịch']
2025-12-19 08:59:29 | DEBUG    | log:152 | [get_keyword_boost] Query: 'Tìm các giao dịch thẻ bị từ ch...' | Doc: Tra cứu giao dịch th | Boost: 0.25 | Matched: ['giao dịch thẻ']
2025-12-19 08:59:29 | DEBUG    | log:152 | [classify_query_intent] Classified: 'Tìm các giao dịch thẻ bị từ ch...' -> Tra cứu giao dịch theo trạng t (score=2)
2025-12-19 08:59:29 | DEBUG    | log:152 | [normalize_query] 'Xem lịch sử thanh toán thẻ tại cửa hàng...' -> 'Xem lịch sử thanh toán thẻ tại cửa hàng...'
2025-12-19 08:59:29 | DEBUG    | log:152 | [perform_hybrid_search] query_text: [Xem lịch sử thanh toán thẻ tại cửa hàng] - formatted_query: [Xem lịch sử thanh toán thẻ tại cửa hàng] - normalized_query: [Xem lịch sử thanh toán thẻ tại cửa hàng]
2025-12-19 08:59:29 | DEBUG    | log:152 | [perform_hybrid_search] BM25 raw scores: min=0.2431, max=35.6673
2025-12-19 08:59:29 | DEBUG    | log:152 | [get_keyword_boost] Query: 'Xem lịch sử thanh toán thẻ tại...' | Doc: Tra cứu lịch sử giao | Boost: 0.25 | Matched: ['xem']
2025-12-19 08:59:29 | DEBUG    | log:152 | [get_keyword_boost] Query: 'Xem lịch sử thanh toán thẻ tại...' | Doc: Tra cứu lịch sử giao | Boost: 0.25 | Matched: ['xem']
2025-12-19 08:59:29 | DEBUG    | log:152 | [get_keyword_boost] Query: 'Xem lịch sử thanh toán thẻ tại...' | Doc: Tra cứu lịch sử giao | Boost: 0.25 | Matched: ['xem']
2025-12-19 08:59:29 | DEBUG    | log:152 | [get_keyword_boost] Query: 'Xem lịch sử thanh toán thẻ tại...' | Doc: Tra cứu giao dịch th | Boost: 0.25 | Matched: ['thanh toán']
2025-12-19 08:59:29 | DEBUG    | log:152 | [get_keyword_boost] Query: 'Xem lịch sử thanh toán thẻ tại...' | Doc: Tra cứu giao dịch ch | Boost: 0.25 | Matched: ['thanh toán']
2025-12-19 08:59:29 | DEBUG    | log:152 | [classify_query_intent] Ambiguous: 'Xem lịch sử thanh toán thẻ tại...' | Scores: {'Tra cứu lịch sử giao dịch theo số tài khoản': 1, 'Tra cứu lịch sử giao dịch theo khoảng thời gian': 1, 'Tra cứu giao dịch theo loại giao dịch': 1, 'Tra cứu giao dịch chuyển tiền': 1}
2025-12-19 08:59:29 | DEBUG    | log:152 | [normalize_query] 'Liệt kê giao dịch thẻ phát sinh hôm nay...' -> 'Liệt kê giao dịch thẻ phát sinh hôm nay...'
2025-12-19 08:59:29 | DEBUG    | log:152 | [perform_hybrid_search] query_text: [Liệt kê giao dịch thẻ phát sinh hôm nay] - formatted_query: [Liệt kê giao dịch thẻ phát sinh hôm nay] - normalized_query: [Liệt kê giao dịch thẻ phát sinh hôm nay]
2025-12-19 08:59:29 | DEBUG    | log:152 | [perform_hybrid_search] BM25 raw scores: min=0.0912, max=48.6577
2025-12-19 08:59:29 | DEBUG    | log:152 | [get_keyword_boost] Query: 'Liệt kê giao dịch thẻ phát sin...' | Doc: Tra cứu lịch sử giao | Boost: 0.25 | Matched: ['liệt kê']
2025-12-19 08:59:29 | DEBUG    | log:152 | [get_keyword_boost] Query: 'Liệt kê giao dịch thẻ phát sin...' | Doc: Tra cứu lịch sử giao | Boost: 0.25 | Matched: ['liệt kê']
2025-12-19 08:59:29 | DEBUG    | log:152 | [get_keyword_boost] Query: 'Liệt kê giao dịch thẻ phát sin...' | Doc: Tra cứu lịch sử giao | Boost: 0.50 | Matched: ['liệt kê', 'hôm nay']
2025-12-19 08:59:29 | DEBUG    | log:152 | [get_keyword_boost] Query: 'Liệt kê giao dịch thẻ phát sin...' | Doc: Tra cứu giao dịch th | Boost: 0.25 | Matched: ['giao dịch']
2025-12-19 08:59:29 | DEBUG    | log:152 | [get_keyword_boost] Query: 'Liệt kê giao dịch thẻ phát sin...' | Doc: Tra cứu giao dịch th | Boost: 0.25 | Matched: ['giao dịch']
2025-12-19 08:59:29 | DEBUG    | log:152 | [get_keyword_boost] Query: 'Liệt kê giao dịch thẻ phát sin...' | Doc: Tra cứu giao dịch th | Boost: 0.25 | Matched: ['giao dịch']
2025-12-19 08:59:29 | DEBUG    | log:152 | [get_keyword_boost] Query: 'Liệt kê giao dịch thẻ phát sin...' | Doc: Tra cứu giao dịch th | Boost: 0.25 | Matched: ['giao dịch thẻ']
2025-12-19 08:59:29 | DEBUG    | log:152 | [classify_query_intent] Classified: 'Liệt kê giao dịch thẻ phát sin...' -> Tra cứu lịch sử giao dịch theo (score=2)
2025-12-19 08:59:29 | DEBUG    | log:152 | [normalize_query] 'Tra cứu tổng chi tiêu qua thẻ trong thán...' -> 'Tra cứu tổng chi tiêu qua thẻ trong thán...'
2025-12-19 08:59:29 | DEBUG    | log:152 | [perform_hybrid_search] query_text: [Tra cứu tổng chi tiêu qua thẻ trong tháng] - formatted_query: [Tra cứu tổng chi tiêu qua thẻ trong tháng] - normalized_query: [Tra cứu tổng chi tiêu qua thẻ trong tháng]
2025-12-19 08:59:29 | DEBUG    | log:152 | [perform_hybrid_search] BM25 raw scores: min=0.7302, max=36.8516
2025-12-19 08:59:29 | DEBUG    | log:152 | [get_keyword_boost] Query: 'Tra cứu tổng chi tiêu qua thẻ ...' | Doc: Tra cứu lịch sử giao | Boost: 0.25 | Matched: ['tra cứu']
2025-12-19 08:59:29 | DEBUG    | log:152 | [get_keyword_boost] Query: 'Tra cứu tổng chi tiêu qua thẻ ...' | Doc: Tra cứu lịch sử giao | Boost: 0.25 | Matched: ['tra cứu']
2025-12-19 08:59:29 | DEBUG    | log:152 | [get_keyword_boost] Query: 'Tra cứu tổng chi tiêu qua thẻ ...' | Doc: Tra cứu lịch sử giao | Boost: 0.50 | Matched: ['tra cứu', 'trong tháng']
2025-12-19 08:59:29 | DEBUG    | log:152 | [get_keyword_boost] Query: 'Tra cứu tổng chi tiêu qua thẻ ...' | Doc: Tổng hợp số tiền gia | Boost: 0.25 | Matched: ['tổng chi tiêu']
2025-12-19 08:59:29 | DEBUG    | log:152 | [classify_query_intent] Classified: 'Tra cứu tổng chi tiêu qua thẻ ...' -> Tra cứu lịch sử giao dịch theo (score=2)
2025-12-19 08:59:29 | DEBUG    | log:152 | [normalize_query] 'Thống kê giao dịch theo tháng trong năm ...' -> 'Thống kê giao dịch theo tháng trong năm ...'
2025-12-19 08:59:29 | DEBUG    | log:152 | [perform_hybrid_search] query_text: [Thống kê giao dịch theo tháng trong năm 2024] - formatted_query: [Thống kê giao dịch theo tháng trong năm 2024] - normalized_query: [Thống kê giao dịch theo tháng trong năm 2024]
2025-12-19 08:59:29 | DEBUG    | log:152 | [perform_hybrid_search] BM25 raw scores: min=0.1371, max=43.6419
2025-12-19 08:59:29 | DEBUG    | log:152 | [get_keyword_boost] Query: 'Thống kê giao dịch theo tháng ...' | Doc: Tra cứu giao dịch th | Boost: 0.25 | Matched: ['giao dịch']
2025-12-19 08:59:29 | DEBUG    | log:152 | [get_keyword_boost] Query: 'Thống kê giao dịch theo tháng ...' | Doc: Tra cứu giao dịch th | Boost: 0.25 | Matched: ['giao dịch']
2025-12-19 08:59:29 | DEBUG    | log:152 | [get_keyword_boost] Query: 'Thống kê giao dịch theo tháng ...' | Doc: Tra cứu giao dịch th | Boost: 0.25 | Matched: ['giao dịch']
2025-12-19 08:59:29 | DEBUG    | log:152 | [get_keyword_boost] Query: 'Thống kê giao dịch theo tháng ...' | Doc: Thống kê giao dịch t | Boost: 0.25 | Matched: ['thống kê giao dịch']
2025-12-19 08:59:29 | DEBUG    | log:152 | [classify_query_intent] Ambiguous: 'Thống kê giao dịch theo tháng ...' | Scores: {'Tra cứu giao dịch theo số tiền': 1, 'Tra cứu giao dịch theo trạng thái': 1, 'Tra cứu giao dịch theo loại giao dịch': 1, 'Thống kê giao dịch theo nhóm': 1}
2025-12-19 08:59:29 | DEBUG    | log:152 | [normalize_query] 'Cho tôi báo cáo giao dịch theo từng loại...' -> 'Cho tôi báo cáo giao dịch theo từng loại...'
2025-12-19 08:59:29 | DEBUG    | log:152 | [perform_hybrid_search] query_text: [Cho tôi báo cáo giao dịch theo từng loại] - formatted_query: [Cho tôi báo cáo giao dịch theo từng loại] - normalized_query: [Cho tôi báo cáo giao dịch theo từng loại]
2025-12-19 08:59:29 | DEBUG    | log:152 | [perform_hybrid_search] BM25 raw scores: min=0.3683, max=31.7518
2025-12-19 08:59:29 | DEBUG    | log:152 | [get_keyword_boost] Query: 'Cho tôi báo cáo giao dịch theo...' | Doc: Tra cứu giao dịch th | Boost: 0.25 | Matched: ['giao dịch']
2025-12-19 08:59:29 | DEBUG    | log:152 | [get_keyword_boost] Query: 'Cho tôi báo cáo giao dịch theo...' | Doc: Tra cứu giao dịch th | Boost: 0.25 | Matched: ['giao dịch']
2025-12-19 08:59:29 | DEBUG    | log:152 | [get_keyword_boost] Query: 'Cho tôi báo cáo giao dịch theo...' | Doc: Tra cứu giao dịch th | Boost: 0.25 | Matched: ['giao dịch']
2025-12-19 08:59:29 | DEBUG    | log:152 | [get_keyword_boost] Query: 'Cho tôi báo cáo giao dịch theo...' | Doc: Thống kê giao dịch t | Boost: 0.25 | Matched: ['báo cáo']
2025-12-19 08:59:29 | DEBUG    | log:152 | [classify_query_intent] Ambiguous: 'Cho tôi báo cáo giao dịch theo...' | Scores: {'Tra cứu giao dịch theo số tiền': 1, 'Tra cứu giao dịch theo trạng thái': 1, 'Tra cứu giao dịch theo loại giao dịch': 1, 'Thống kê giao dịch theo nhóm': 1}
2025-12-19 08:59:29 | DEBUG    | log:152 | [normalize_query] 'Tìm số lượng giao dịch theo ngày...' -> 'Tìm số lượng giao dịch theo ngày...'
2025-12-19 08:59:29 | DEBUG    | log:152 | [perform_hybrid_search] query_text: [Tìm số lượng giao dịch theo ngày] - formatted_query: [Tìm số lượng giao dịch theo ngày] - normalized_query: [Tìm số lượng giao dịch theo ngày]
2025-12-19 08:59:29 | DEBUG    | log:152 | [perform_hybrid_search] BM25 raw scores: min=0.5497, max=30.0151
2025-12-19 08:59:29 | DEBUG    | log:152 | [get_keyword_boost] Query: 'Tìm số lượng giao dịch theo ng...' | Doc: Tra cứu lịch sử giao | Boost: 0.25 | Matched: ['tìm']
2025-12-19 08:59:29 | DEBUG    | log:152 | [get_keyword_boost] Query: 'Tìm số lượng giao dịch theo ng...' | Doc: Tra cứu giao dịch th | Boost: 0.25 | Matched: ['giao dịch']
2025-12-19 08:59:29 | DEBUG    | log:152 | [get_keyword_boost] Query: 'Tìm số lượng giao dịch theo ng...' | Doc: Tra cứu giao dịch th | Boost: 0.25 | Matched: ['giao dịch']
2025-12-19 08:59:29 | DEBUG    | log:152 | [get_keyword_boost] Query: 'Tìm số lượng giao dịch theo ng...' | Doc: Tra cứu giao dịch th | Boost: 0.25 | Matched: ['giao dịch']
2025-12-19 08:59:29 | DEBUG    | log:152 | [get_keyword_boost] Query: 'Tìm số lượng giao dịch theo ng...' | Doc: Thống kê giao dịch t | Boost: 0.25 | Matched: ['số lượng giao dịch']
2025-12-19 08:59:29 | DEBUG    | log:152 | [classify_query_intent] Ambiguous: 'Tìm số lượng giao dịch theo ng...' | Scores: {'Tra cứu lịch sử giao dịch theo khoảng thời gian': 1, 'Tra cứu giao dịch theo số tiền': 1, 'Tra cứu giao dịch theo trạng thái': 1, 'Tra cứu giao dịch theo loại giao dịch': 1, 'Thống kê giao dịch theo nhóm': 1}
2025-12-19 08:59:29 | DEBUG    | log:152 | [normalize_query] 'Liệt kê thống kê giao dịch theo quý...' -> 'Liệt kê thống kê giao dịch theo quý...'
2025-12-19 08:59:29 | DEBUG    | log:152 | [perform_hybrid_search] query_text: [Liệt kê thống kê giao dịch theo quý] - formatted_query: [Liệt kê thống kê giao dịch theo quý] - normalized_query: [Liệt kê thống kê giao dịch theo quý]
2025-12-19 08:59:29 | DEBUG    | log:152 | [perform_hybrid_search] BM25 raw scores: min=0.1371, max=40.5558
2025-12-19 08:59:29 | DEBUG    | log:152 | [get_keyword_boost] Query: 'Liệt kê thống kê giao dịch the...' | Doc: Tra cứu lịch sử giao | Boost: 0.25 | Matched: ['liệt kê']
2025-12-19 08:59:29 | DEBUG    | log:152 | [get_keyword_boost] Query: 'Liệt kê thống kê giao dịch the...' | Doc: Tra cứu lịch sử giao | Boost: 0.25 | Matched: ['liệt kê']
2025-12-19 08:59:29 | DEBUG    | log:152 | [get_keyword_boost] Query: 'Liệt kê thống kê giao dịch the...' | Doc: Tra cứu lịch sử giao | Boost: 0.25 | Matched: ['liệt kê']
2025-12-19 08:59:29 | DEBUG    | log:152 | [get_keyword_boost] Query: 'Liệt kê thống kê giao dịch the...' | Doc: Tra cứu giao dịch th | Boost: 0.25 | Matched: ['giao dịch']
2025-12-19 08:59:29 | DEBUG    | log:152 | [get_keyword_boost] Query: 'Liệt kê thống kê giao dịch the...' | Doc: Tra cứu giao dịch th | Boost: 0.25 | Matched: ['giao dịch']
2025-12-19 08:59:29 | DEBUG    | log:152 | [get_keyword_boost] Query: 'Liệt kê thống kê giao dịch the...' | Doc: Tra cứu giao dịch th | Boost: 0.25 | Matched: ['giao dịch']
2025-12-19 08:59:29 | DEBUG    | log:152 | [get_keyword_boost] Query: 'Liệt kê thống kê giao dịch the...' | Doc: Thống kê giao dịch t | Boost: 0.25 | Matched: ['thống kê giao dịch']
2025-12-19 08:59:29 | DEBUG    | log:152 | [classify_query_intent] Ambiguous: 'Liệt kê thống kê giao dịch the...' | Scores: {'Tra cứu lịch sử giao dịch theo số tài khoản': 1, 'Tra cứu lịch sử giao dịch theo khoảng thời gian': 1, 'Tra cứu giao dịch theo số tiền': 1, 'Tra cứu giao dịch theo trạng thái': 1, 'Tra cứu giao dịch theo loại giao dịch': 1, 'Thống kê giao dịch theo nhóm': 1}
2025-12-19 08:59:29 | DEBUG    | log:152 | [normalize_query] 'Tra cứu số lần giao dịch theo từng tuần...' -> 'Tra cứu số lần giao dịch theo từng tuần...'
2025-12-19 08:59:29 | DEBUG    | log:152 | [perform_hybrid_search] query_text: [Tra cứu số lần giao dịch theo từng tuần] - formatted_query: [Tra cứu số lần giao dịch theo từng tuần] - normalized_query: [Tra cứu số lần giao dịch theo từng tuần]
2025-12-19 08:59:29 | DEBUG    | log:152 | [perform_hybrid_search] BM25 raw scores: min=0.9016, max=30.8489
2025-12-19 08:59:29 | DEBUG    | log:152 | [get_keyword_boost] Query: 'Tra cứu số lần giao dịch theo ...' | Doc: Tra cứu lịch sử giao | Boost: 0.25 | Matched: ['tra cứu']
2025-12-19 08:59:29 | DEBUG    | log:152 | [get_keyword_boost] Query: 'Tra cứu số lần giao dịch theo ...' | Doc: Tra cứu lịch sử giao | Boost: 0.25 | Matched: ['tra cứu']
2025-12-19 08:59:29 | DEBUG    | log:152 | [get_keyword_boost] Query: 'Tra cứu số lần giao dịch theo ...' | Doc: Tra cứu lịch sử giao | Boost: 0.25 | Matched: ['tra cứu']
2025-12-19 08:59:29 | DEBUG    | log:152 | [get_keyword_boost] Query: 'Tra cứu số lần giao dịch theo ...' | Doc: Tra cứu giao dịch th | Boost: 0.25 | Matched: ['giao dịch']
2025-12-19 08:59:29 | DEBUG    | log:152 | [get_keyword_boost] Query: 'Tra cứu số lần giao dịch theo ...' | Doc: Tra cứu giao dịch th | Boost: 0.25 | Matched: ['giao dịch']
2025-12-19 08:59:29 | DEBUG    | log:152 | [get_keyword_boost] Query: 'Tra cứu số lần giao dịch theo ...' | Doc: Tra cứu giao dịch th | Boost: 0.25 | Matched: ['giao dịch']
2025-12-19 08:59:29 | DEBUG    | log:152 | [classify_query_intent] Ambiguous: 'Tra cứu số lần giao dịch theo ...' | Scores: {'Tra cứu lịch sử giao dịch theo số tài khoản': 1, 'Tra cứu lịch sử giao dịch theo khoảng thời gian': 1, 'Tra cứu giao dịch theo số tiền': 1, 'Tra cứu giao dịch theo trạng thái': 1, 'Tra cứu giao dịch theo loại giao dịch': 1}
2025-12-19 08:59:29 | DEBUG    | log:152 | [normalize_query] 'Cho biết xu hướng giao dịch theo thời gi...' -> 'Cho biết xu hướng giao dịch theo thời gi...'
2025-12-19 08:59:29 | DEBUG    | log:152 | [perform_hybrid_search] query_text: [Cho biết xu hướng giao dịch theo thời gian] - formatted_query: [Cho biết xu hướng giao dịch theo thời gian] - normalized_query: [Cho biết xu hướng giao dịch theo thời gian]
2025-12-19 08:59:29 | DEBUG    | log:152 | [perform_hybrid_search] BM25 raw scores: min=0.2398, max=23.4205
2025-12-19 08:59:29 | DEBUG    | log:152 | [get_keyword_boost] Query: 'Cho biết xu hướng giao dịch th...' | Doc: Tra cứu giao dịch th | Boost: 0.25 | Matched: ['giao dịch']
2025-12-19 08:59:29 | DEBUG    | log:152 | [get_keyword_boost] Query: 'Cho biết xu hướng giao dịch th...' | Doc: Tra cứu giao dịch th | Boost: 0.25 | Matched: ['giao dịch']
2025-12-19 08:59:29 | DEBUG    | log:152 | [get_keyword_boost] Query: 'Cho biết xu hướng giao dịch th...' | Doc: Tra cứu giao dịch th | Boost: 0.25 | Matched: ['giao dịch']
2025-12-19 08:59:29 | DEBUG    | log:152 | [get_keyword_boost] Query: 'Cho biết xu hướng giao dịch th...' | Doc: Thống kê giao dịch t | Boost: 0.25 | Matched: ['xu hướng']
2025-12-19 08:59:29 | DEBUG    | log:152 | [classify_query_intent] Ambiguous: 'Cho biết xu hướng giao dịch th...' | Scores: {'Tra cứu giao dịch theo số tiền': 1, 'Tra cứu giao dịch theo trạng thái': 1, 'Tra cứu giao dịch theo loại giao dịch': 1, 'Thống kê giao dịch theo nhóm': 1}
2025-12-19 08:59:29 | DEBUG    | log:152 | [normalize_query] 'Xem báo cáo tổng hợp giao dịch tháng 12...' -> 'Xem báo cáo tổng hợp giao dịch tháng 12...'
2025-12-19 08:59:29 | DEBUG    | log:152 | [perform_hybrid_search] query_text: [Xem báo cáo tổng hợp giao dịch tháng 12] - formatted_query: [Xem báo cáo tổng hợp giao dịch tháng 12] - normalized_query: [Xem báo cáo tổng hợp giao dịch tháng 12]
2025-12-19 08:59:30 | DEBUG    | log:152 | [perform_hybrid_search] BM25 raw scores: min=0.1215, max=50.9477
2025-12-19 08:59:30 | DEBUG    | log:152 | [get_keyword_boost] Query: 'Xem báo cáo tổng hợp giao dịch...' | Doc: Tra cứu lịch sử giao | Boost: 0.25 | Matched: ['xem']
2025-12-19 08:59:30 | DEBUG    | log:152 | [get_keyword_boost] Query: 'Xem báo cáo tổng hợp giao dịch...' | Doc: Tra cứu lịch sử giao | Boost: 0.25 | Matched: ['xem']
2025-12-19 08:59:30 | DEBUG    | log:152 | [get_keyword_boost] Query: 'Xem báo cáo tổng hợp giao dịch...' | Doc: Tra cứu lịch sử giao | Boost: 0.25 | Matched: ['xem']
2025-12-19 08:59:30 | DEBUG    | log:152 | [get_keyword_boost] Query: 'Xem báo cáo tổng hợp giao dịch...' | Doc: Tra cứu giao dịch th | Boost: 0.25 | Matched: ['giao dịch']
2025-12-19 08:59:30 | DEBUG    | log:152 | [get_keyword_boost] Query: 'Xem báo cáo tổng hợp giao dịch...' | Doc: Tra cứu giao dịch th | Boost: 0.25 | Matched: ['giao dịch']
2025-12-19 08:59:30 | DEBUG    | log:152 | [get_keyword_boost] Query: 'Xem báo cáo tổng hợp giao dịch...' | Doc: Tra cứu giao dịch th | Boost: 0.25 | Matched: ['giao dịch']
2025-12-19 08:59:30 | DEBUG    | log:152 | [get_keyword_boost] Query: 'Xem báo cáo tổng hợp giao dịch...' | Doc: Thống kê giao dịch t | Boost: 0.50 | Matched: ['báo cáo', 'tổng hợp']
2025-12-19 08:59:30 | DEBUG    | log:152 | [classify_query_intent] Classified: 'Xem báo cáo tổng hợp giao dịch...' -> Thống kê giao dịch theo nhóm (score=2)
2025-12-19 08:59:30 | DEBUG    | log:152 | [normalize_query] 'Tìm tháng có nhiều giao dịch nhất...' -> 'Tìm tháng có nhiều giao dịch nhất...'
2025-12-19 08:59:30 | DEBUG    | log:152 | [perform_hybrid_search] query_text: [Tìm tháng có nhiều giao dịch nhất] - formatted_query: [Tìm tháng có nhiều giao dịch nhất] - normalized_query: [Tìm tháng có nhiều giao dịch nhất]
2025-12-19 08:59:30 | DEBUG    | log:152 | [perform_hybrid_search] BM25 raw scores: min=0.0912, max=29.2937
2025-12-19 08:59:30 | DEBUG    | log:152 | [get_keyword_boost] Query: 'Tìm tháng có nhiều giao dịch n...' | Doc: Tra cứu lịch sử giao | Boost: 0.25 | Matched: ['tìm']
2025-12-19 08:59:30 | DEBUG    | log:152 | [get_keyword_boost] Query: 'Tìm tháng có nhiều giao dịch n...' | Doc: Tra cứu giao dịch th | Boost: 0.25 | Matched: ['giao dịch']
2025-12-19 08:59:30 | DEBUG    | log:152 | [get_keyword_boost] Query: 'Tìm tháng có nhiều giao dịch n...' | Doc: Tra cứu giao dịch th | Boost: 0.25 | Matched: ['giao dịch']
2025-12-19 08:59:30 | DEBUG    | log:152 | [get_keyword_boost] Query: 'Tìm tháng có nhiều giao dịch n...' | Doc: Tra cứu giao dịch th | Boost: 0.25 | Matched: ['giao dịch']
2025-12-19 08:59:30 | DEBUG    | log:152 | [classify_query_intent] Ambiguous: 'Tìm tháng có nhiều giao dịch n...' | Scores: {'Tra cứu lịch sử giao dịch theo khoảng thời gian': 1, 'Tra cứu giao dịch theo số tiền': 1, 'Tra cứu giao dịch theo trạng thái': 1, 'Tra cứu giao dịch theo loại giao dịch': 1}
2025-12-19 08:59:30 | DEBUG    | log:152 | [normalize_query] 'Liệt kê số tiền giao dịch trung bình the...' -> 'Liệt kê số tiền giao dịch trung bình the...'
2025-12-19 08:59:30 | DEBUG    | log:152 | [perform_hybrid_search] query_text: [Liệt kê số tiền giao dịch trung bình theo tháng] - formatted_query: [Liệt kê số tiền giao dịch trung bình theo tháng] - normalized_query: [Liệt kê số tiền giao dịch trung bình theo tháng]
2025-12-19 08:59:30 | DEBUG    | log:152 | [perform_hybrid_search] BM25 raw scores: min=0.3426, max=37.5045
2025-12-19 08:59:30 | DEBUG    | log:152 | [get_keyword_boost] Query: 'Liệt kê số tiền giao dịch trun...' | Doc: Tra cứu lịch sử giao | Boost: 0.25 | Matched: ['liệt kê']
2025-12-19 08:59:30 | DEBUG    | log:152 | [get_keyword_boost] Query: 'Liệt kê số tiền giao dịch trun...' | Doc: Tra cứu lịch sử giao | Boost: 0.25 | Matched: ['liệt kê']
2025-12-19 08:59:30 | DEBUG    | log:152 | [get_keyword_boost] Query: 'Liệt kê số tiền giao dịch trun...' | Doc: Tra cứu lịch sử giao | Boost: 0.25 | Matched: ['liệt kê']
2025-12-19 08:59:30 | DEBUG    | log:152 | [get_keyword_boost] Query: 'Liệt kê số tiền giao dịch trun...' | Doc: Tra cứu giao dịch th | Boost: 0.50 | Matched: ['giao dịch', 'số tiền']
2025-12-19 08:59:30 | DEBUG    | log:152 | [get_keyword_boost] Query: 'Liệt kê số tiền giao dịch trun...' | Doc: Tra cứu giao dịch th | Boost: 0.25 | Matched: ['giao dịch']
2025-12-19 08:59:30 | DEBUG    | log:152 | [get_keyword_boost] Query: 'Liệt kê số tiền giao dịch trun...' | Doc: Tra cứu giao dịch th | Boost: 0.25 | Matched: ['giao dịch']
2025-12-19 08:59:30 | DEBUG    | log:152 | [get_keyword_boost] Query: 'Liệt kê số tiền giao dịch trun...' | Doc: Tra cứu chi tiết một | Boost: 0.25 | Matched: ['số tiền']
2025-12-19 08:59:30 | DEBUG    | log:152 | [classify_query_intent] Classified: 'Liệt kê số tiền giao dịch trun...' -> Tra cứu giao dịch theo số tiền (score=2)
2025-12-19 08:59:30 | DEBUG    | log:152 | [normalize_query] 'Tra cứu thống kê chi tiêu theo danh mục...' -> 'Tra cứu thống kê chi tiêu theo danh mục...'
2025-12-19 08:59:30 | DEBUG    | log:152 | [perform_hybrid_search] query_text: [Tra cứu thống kê chi tiêu theo danh mục] - formatted_query: [Tra cứu thống kê chi tiêu theo danh mục] - normalized_query: [Tra cứu thống kê chi tiêu theo danh mục]
2025-12-19 08:59:30 | DEBUG    | log:152 | [perform_hybrid_search] BM25 raw scores: min=0.7645, max=42.9129
2025-12-19 08:59:30 | DEBUG    | log:152 | [get_keyword_boost] Query: 'Tra cứu thống kê chi tiêu theo...' | Doc: Tra cứu lịch sử giao | Boost: 0.25 | Matched: ['tra cứu']
2025-12-19 08:59:30 | DEBUG    | log:152 | [get_keyword_boost] Query: 'Tra cứu thống kê chi tiêu theo...' | Doc: Tra cứu lịch sử giao | Boost: 0.25 | Matched: ['tra cứu']
2025-12-19 08:59:30 | DEBUG    | log:152 | [get_keyword_boost] Query: 'Tra cứu thống kê chi tiêu theo...' | Doc: Tra cứu lịch sử giao | Boost: 0.25 | Matched: ['tra cứu']
2025-12-19 08:59:30 | DEBUG    | log:152 | [get_keyword_boost] Query: 'Tra cứu thống kê chi tiêu theo...' | Doc: Thống kê giao dịch t | Boost: 0.25 | Matched: ['theo danh mục']
2025-12-19 08:59:30 | DEBUG    | log:152 | [classify_query_intent] Ambiguous: 'Tra cứu thống kê chi tiêu theo...' | Scores: {'Tra cứu lịch sử giao dịch theo số tài khoản': 1, 'Tra cứu lịch sử giao dịch theo khoảng thời gian': 1, 'Thống kê giao dịch theo nhóm': 1}
2025-12-19 08:59:30 | DEBUG    | log:152 | [normalize_query] 'Cho xem biểu đồ giao dịch theo thời gian...' -> 'Cho xem biểu đồ giao dịch theo thời gian...'
2025-12-19 08:59:30 | DEBUG    | log:152 | [perform_hybrid_search] query_text: [Cho xem biểu đồ giao dịch theo thời gian] - formatted_query: [Cho xem biểu đồ giao dịch theo thời gian] - normalized_query: [Cho xem biểu đồ giao dịch theo thời gian]
2025-12-19 08:59:30 | DEBUG    | log:152 | [perform_hybrid_search] BM25 raw scores: min=0.2056, max=24.6817
2025-12-19 08:59:30 | DEBUG    | log:152 | [get_keyword_boost] Query: 'Cho xem biểu đồ giao dịch theo...' | Doc: Tra cứu lịch sử giao | Boost: 0.25 | Matched: ['xem']
2025-12-19 08:59:30 | DEBUG    | log:152 | [get_keyword_boost] Query: 'Cho xem biểu đồ giao dịch theo...' | Doc: Tra cứu lịch sử giao | Boost: 0.25 | Matched: ['xem']
2025-12-19 08:59:30 | DEBUG    | log:152 | [get_keyword_boost] Query: 'Cho xem biểu đồ giao dịch theo...' | Doc: Tra cứu lịch sử giao | Boost: 0.25 | Matched: ['xem']
2025-12-19 08:59:30 | DEBUG    | log:152 | [get_keyword_boost] Query: 'Cho xem biểu đồ giao dịch theo...' | Doc: Tra cứu giao dịch th | Boost: 0.25 | Matched: ['giao dịch']
2025-12-19 08:59:30 | DEBUG    | log:152 | [get_keyword_boost] Query: 'Cho xem biểu đồ giao dịch theo...' | Doc: Tra cứu giao dịch th | Boost: 0.25 | Matched: ['giao dịch']
2025-12-19 08:59:30 | DEBUG    | log:152 | [get_keyword_boost] Query: 'Cho xem biểu đồ giao dịch theo...' | Doc: Tra cứu giao dịch th | Boost: 0.25 | Matched: ['giao dịch']
2025-12-19 08:59:30 | DEBUG    | log:152 | [classify_query_intent] Ambiguous: 'Cho xem biểu đồ giao dịch theo...' | Scores: {'Tra cứu lịch sử giao dịch theo số tài khoản': 1, 'Tra cứu lịch sử giao dịch theo khoảng thời gian': 1, 'Tra cứu giao dịch theo số tiền': 1, 'Tra cứu giao dịch theo trạng thái': 1, 'Tra cứu giao dịch theo loại giao dịch': 1}
2025-12-19 08:59:30 | DEBUG    | log:152 | [normalize_query] 'Tìm ngày có số tiền giao dịch cao nhất...' -> 'Tìm ngày có số tiền giao dịch cao nhất...'
2025-12-19 08:59:30 | DEBUG    | log:152 | [perform_hybrid_search] query_text: [Tìm ngày có số tiền giao dịch cao nhất] - formatted_query: [Tìm ngày có số tiền giao dịch cao nhất] - normalized_query: [Tìm ngày có số tiền giao dịch cao nhất]
2025-12-19 08:59:30 | DEBUG    | log:152 | [perform_hybrid_search] BM25 raw scores: min=0.3038, max=30.3215
2025-12-19 08:59:30 | DEBUG    | log:152 | [get_keyword_boost] Query: 'Tìm ngày có số tiền giao dịch ...' | Doc: Tra cứu lịch sử giao | Boost: 0.25 | Matched: ['tìm']
2025-12-19 08:59:30 | DEBUG    | log:152 | [get_keyword_boost] Query: 'Tìm ngày có số tiền giao dịch ...' | Doc: Tra cứu giao dịch th | Boost: 0.50 | Matched: ['giao dịch', 'số tiền']
2025-12-19 08:59:30 | DEBUG    | log:152 | [get_keyword_boost] Query: 'Tìm ngày có số tiền giao dịch ...' | Doc: Tra cứu giao dịch th | Boost: 0.25 | Matched: ['giao dịch']
2025-12-19 08:59:30 | DEBUG    | log:152 | [get_keyword_boost] Query: 'Tìm ngày có số tiền giao dịch ...' | Doc: Tra cứu giao dịch th | Boost: 0.25 | Matched: ['giao dịch']
2025-12-19 08:59:30 | DEBUG    | log:152 | [get_keyword_boost] Query: 'Tìm ngày có số tiền giao dịch ...' | Doc: Tra cứu chi tiết một | Boost: 0.25 | Matched: ['số tiền']
2025-12-19 08:59:30 | DEBUG    | log:152 | [classify_query_intent] Classified: 'Tìm ngày có số tiền giao dịch ...' -> Tra cứu giao dịch theo số tiền (score=2)
2025-12-19 08:59:30 | DEBUG    | log:152 | [normalize_query] 'Xem phân tích giao dịch theo loại hình...' -> 'Xem phân tích giao dịch theo loại hình...'
2025-12-19 08:59:30 | DEBUG    | log:152 | [perform_hybrid_search] query_text: [Xem phân tích giao dịch theo loại hình] - formatted_query: [Xem phân tích giao dịch theo loại hình] - normalized_query: [Xem phân tích giao dịch theo loại hình]
2025-12-19 08:59:30 | DEBUG    | log:152 | [perform_hybrid_search] BM25 raw scores: min=0.4016, max=26.6689
2025-12-19 08:59:30 | DEBUG    | log:152 | [get_keyword_boost] Query: 'Xem phân tích giao dịch theo l...' | Doc: Tra cứu lịch sử giao | Boost: 0.25 | Matched: ['xem']
2025-12-19 08:59:30 | DEBUG    | log:152 | [get_keyword_boost] Query: 'Xem phân tích giao dịch theo l...' | Doc: Tra cứu lịch sử giao | Boost: 0.25 | Matched: ['xem']
2025-12-19 08:59:30 | DEBUG    | log:152 | [get_keyword_boost] Query: 'Xem phân tích giao dịch theo l...' | Doc: Tra cứu lịch sử giao | Boost: 0.25 | Matched: ['xem']
2025-12-19 08:59:30 | DEBUG    | log:152 | [get_keyword_boost] Query: 'Xem phân tích giao dịch theo l...' | Doc: Tra cứu giao dịch th | Boost: 0.25 | Matched: ['giao dịch']
2025-12-19 08:59:30 | DEBUG    | log:152 | [get_keyword_boost] Query: 'Xem phân tích giao dịch theo l...' | Doc: Tra cứu giao dịch th | Boost: 0.25 | Matched: ['giao dịch']
2025-12-19 08:59:30 | DEBUG    | log:152 | [get_keyword_boost] Query: 'Xem phân tích giao dịch theo l...' | Doc: Tra cứu giao dịch th | Boost: 0.25 | Matched: ['giao dịch']
2025-12-19 08:59:30 | DEBUG    | log:152 | [get_keyword_boost] Query: 'Xem phân tích giao dịch theo l...' | Doc: Thống kê giao dịch t | Boost: 0.50 | Matched: ['phân tích', 'theo loại']
2025-12-19 08:59:30 | DEBUG    | log:152 | [classify_query_intent] Classified: 'Xem phân tích giao dịch theo l...' -> Thống kê giao dịch theo nhóm (score=2)
2025-12-19 08:59:30 | DEBUG    | log:152 | [normalize_query] 'Liệt kê top 5 loại giao dịch phổ biến nh...' -> 'Liệt kê top 5 loại giao dịch phổ biến nh...'
2025-12-19 08:59:30 | DEBUG    | log:152 | [perform_hybrid_search] query_text: [Liệt kê top 5 loại giao dịch phổ biến nhất] - formatted_query: [Liệt kê top 5 loại giao dịch phổ biến nhất] - normalized_query: [Liệt kê top 5 loại giao dịch phổ biến nhất]
2025-12-19 08:59:30 | DEBUG    | log:152 | [perform_hybrid_search] BM25 raw scores: min=0.3258, max=45.6759
2025-12-19 08:59:30 | DEBUG    | log:152 | [get_keyword_boost] Query: 'Liệt kê top 5 loại giao dịch p...' | Doc: Tra cứu lịch sử giao | Boost: 0.25 | Matched: ['liệt kê']
2025-12-19 08:59:30 | DEBUG    | log:152 | [get_keyword_boost] Query: 'Liệt kê top 5 loại giao dịch p...' | Doc: Tra cứu lịch sử giao | Boost: 0.25 | Matched: ['liệt kê']
2025-12-19 08:59:30 | DEBUG    | log:152 | [get_keyword_boost] Query: 'Liệt kê top 5 loại giao dịch p...' | Doc: Tra cứu lịch sử giao | Boost: 0.25 | Matched: ['liệt kê']
2025-12-19 08:59:30 | DEBUG    | log:152 | [get_keyword_boost] Query: 'Liệt kê top 5 loại giao dịch p...' | Doc: Tra cứu giao dịch th | Boost: 0.25 | Matched: ['giao dịch']
2025-12-19 08:59:30 | DEBUG    | log:152 | [get_keyword_boost] Query: 'Liệt kê top 5 loại giao dịch p...' | Doc: Tra cứu giao dịch th | Boost: 0.25 | Matched: ['giao dịch']
2025-12-19 08:59:30 | DEBUG    | log:152 | [get_keyword_boost] Query: 'Liệt kê top 5 loại giao dịch p...' | Doc: Tra cứu giao dịch th | Boost: 0.50 | Matched: ['giao dịch', 'loại giao dịch']
2025-12-19 08:59:30 | DEBUG    | log:152 | [classify_query_intent] Classified: 'Liệt kê top 5 loại giao dịch p...' -> Tra cứu giao dịch theo loại gi (score=2)
2025-12-19 08:59:30 | DEBUG    | log:152 | [normalize_query] 'Tra cứu tỷ lệ giao dịch thành công/thất ...' -> 'Tra cứu tỷ lệ giao dịch thành công/thất ...'
2025-12-19 08:59:30 | DEBUG    | log:152 | [perform_hybrid_search] query_text: [Tra cứu tỷ lệ giao dịch thành công/thất bại] - formatted_query: [Tra cứu tỷ lệ giao dịch thành công/thất bại] - normalized_query: [Tra cứu tỷ lệ giao dịch thành công/thất bại]
2025-12-19 08:59:30 | DEBUG    | log:152 | [perform_hybrid_search] BM25 raw scores: min=0.8724, max=38.1452
2025-12-19 08:59:30 | DEBUG    | log:152 | [get_keyword_boost] Query: 'Tra cứu tỷ lệ giao dịch thành ...' | Doc: Tra cứu lịch sử giao | Boost: 0.25 | Matched: ['tra cứu']
2025-12-19 08:59:30 | DEBUG    | log:152 | [get_keyword_boost] Query: 'Tra cứu tỷ lệ giao dịch thành ...' | Doc: Tra cứu lịch sử giao | Boost: 0.25 | Matched: ['tra cứu']
2025-12-19 08:59:30 | DEBUG    | log:152 | [get_keyword_boost] Query: 'Tra cứu tỷ lệ giao dịch thành ...' | Doc: Tra cứu lịch sử giao | Boost: 0.25 | Matched: ['tra cứu']
2025-12-19 08:59:30 | DEBUG    | log:152 | [get_keyword_boost] Query: 'Tra cứu tỷ lệ giao dịch thành ...' | Doc: Tra cứu giao dịch th | Boost: 0.25 | Matched: ['giao dịch']
2025-12-19 08:59:30 | DEBUG    | log:152 | [get_keyword_boost] Query: 'Tra cứu tỷ lệ giao dịch thành ...' | Doc: Tra cứu giao dịch th | Boost: 0.75 | Matched: ['giao dịch', 'thành công', 'thất bại']
2025-12-19 08:59:30 | DEBUG    | log:152 | [get_keyword_boost] Query: 'Tra cứu tỷ lệ giao dịch thành ...' | Doc: Tra cứu giao dịch th | Boost: 0.25 | Matched: ['giao dịch']
2025-12-19 08:59:30 | DEBUG    | log:152 | [get_keyword_boost] Query: 'Tra cứu tỷ lệ giao dịch thành ...' | Doc: Thống kê giao dịch t | Boost: 0.25 | Matched: ['tỷ lệ']
2025-12-19 08:59:30 | DEBUG    | log:152 | [classify_query_intent] Classified: 'Tra cứu tỷ lệ giao dịch thành ...' -> Tra cứu giao dịch theo trạng t (score=3)
2025-12-19 08:59:30 | DEBUG    | log:152 | [normalize_query] 'Cho biết số lượng giao dịch mỗi ngày tro...' -> 'Cho biết số lượng giao dịch mỗi ngày tro...'
2025-12-19 08:59:30 | DEBUG    | log:152 | [perform_hybrid_search] query_text: [Cho biết số lượng giao dịch mỗi ngày trong tuần] - formatted_query: [Cho biết số lượng giao dịch mỗi ngày trong tuần] - normalized_query: [Cho biết số lượng giao dịch mỗi ngày trong tuần]
2025-12-19 08:59:30 | DEBUG    | log:152 | [perform_hybrid_search] BM25 raw scores: min=0.1519, max=39.2486
2025-12-19 08:59:30 | DEBUG    | log:152 | [get_keyword_boost] Query: 'Cho biết số lượng giao dịch mỗ...' | Doc: Tra cứu lịch sử giao | Boost: 0.25 | Matched: ['trong tuần']
2025-12-19 08:59:30 | DEBUG    | log:152 | [get_keyword_boost] Query: 'Cho biết số lượng giao dịch mỗ...' | Doc: Tra cứu giao dịch th | Boost: 0.25 | Matched: ['giao dịch']
2025-12-19 08:59:30 | DEBUG    | log:152 | [get_keyword_boost] Query: 'Cho biết số lượng giao dịch mỗ...' | Doc: Tra cứu giao dịch th | Boost: 0.25 | Matched: ['giao dịch']
2025-12-19 08:59:30 | DEBUG    | log:152 | [get_keyword_boost] Query: 'Cho biết số lượng giao dịch mỗ...' | Doc: Tra cứu giao dịch th | Boost: 0.25 | Matched: ['giao dịch']
2025-12-19 08:59:30 | DEBUG    | log:152 | [get_keyword_boost] Query: 'Cho biết số lượng giao dịch mỗ...' | Doc: Thống kê giao dịch t | Boost: 0.25 | Matched: ['số lượng giao dịch']
2025-12-19 08:59:30 | DEBUG    | log:152 | [classify_query_intent] Ambiguous: 'Cho biết số lượng giao dịch mỗ...' | Scores: {'Tra cứu lịch sử giao dịch theo khoảng thời gian': 1, 'Tra cứu giao dịch theo số tiền': 1, 'Tra cứu giao dịch theo trạng thái': 1, 'Tra cứu giao dịch theo loại giao dịch': 1, 'Thống kê giao dịch theo nhóm': 1}
2025-12-19 08:59:30 | DEBUG    | log:152 | [normalize_query] 'Tìm thống kê giao dịch theo khung giờ...' -> 'Tìm thống kê giao dịch theo khung giờ...'
2025-12-19 08:59:30 | DEBUG    | log:152 | [perform_hybrid_search] query_text: [Tìm thống kê giao dịch theo khung giờ] - formatted_query: [Tìm thống kê giao dịch theo khung giờ] - normalized_query: [Tìm thống kê giao dịch theo khung giờ]
2025-12-19 08:59:30 | DEBUG    | log:152 | [perform_hybrid_search] BM25 raw scores: min=0.1371, max=44.8278
2025-12-19 08:59:30 | DEBUG    | log:152 | [get_keyword_boost] Query: 'Tìm thống kê giao dịch theo kh...' | Doc: Tra cứu lịch sử giao | Boost: 0.25 | Matched: ['tìm']
2025-12-19 08:59:30 | DEBUG    | log:152 | [get_keyword_boost] Query: 'Tìm thống kê giao dịch theo kh...' | Doc: Tra cứu giao dịch th | Boost: 0.25 | Matched: ['giao dịch']
2025-12-19 08:59:30 | DEBUG    | log:152 | [get_keyword_boost] Query: 'Tìm thống kê giao dịch theo kh...' | Doc: Tra cứu giao dịch th | Boost: 0.25 | Matched: ['giao dịch']
2025-12-19 08:59:30 | DEBUG    | log:152 | [get_keyword_boost] Query: 'Tìm thống kê giao dịch theo kh...' | Doc: Tra cứu giao dịch th | Boost: 0.25 | Matched: ['giao dịch']
2025-12-19 08:59:30 | DEBUG    | log:152 | [get_keyword_boost] Query: 'Tìm thống kê giao dịch theo kh...' | Doc: Thống kê giao dịch t | Boost: 0.25 | Matched: ['thống kê giao dịch']
2025-12-19 08:59:30 | DEBUG    | log:152 | [classify_query_intent] Ambiguous: 'Tìm thống kê giao dịch theo kh...' | Scores: {'Tra cứu lịch sử giao dịch theo khoảng thời gian': 1, 'Tra cứu giao dịch theo số tiền': 1, 'Tra cứu giao dịch theo trạng thái': 1, 'Tra cứu giao dịch theo loại giao dịch': 1, 'Thống kê giao dịch theo nhóm': 1}
2025-12-19 08:59:30 | DEBUG    | log:152 | [normalize_query] 'Xem báo cáo so sánh giao dịch tháng này ...' -> 'Xem báo cáo so sánh giao dịch tháng này ...'
2025-12-19 08:59:30 | DEBUG    | log:152 | [perform_hybrid_search] query_text: [Xem báo cáo so sánh giao dịch tháng này với tháng trước] - formatted_query: [Xem báo cáo so sánh giao dịch tháng này với tháng trước] - normalized_query: [Xem báo cáo so sánh giao dịch tháng này với tháng trước]
2025-12-19 08:59:30 | DEBUG    | log:152 | [perform_hybrid_search] BM25 raw scores: min=0.1519, max=51.6041
2025-12-19 08:59:30 | DEBUG    | log:152 | [get_keyword_boost] Query: 'Xem báo cáo so sánh giao dịch ...' | Doc: Tra cứu lịch sử giao | Boost: 0.25 | Matched: ['xem']
2025-12-19 08:59:30 | DEBUG    | log:152 | [get_keyword_boost] Query: 'Xem báo cáo so sánh giao dịch ...' | Doc: Tra cứu lịch sử giao | Boost: 0.25 | Matched: ['xem']
2025-12-19 08:59:30 | DEBUG    | log:152 | [get_keyword_boost] Query: 'Xem báo cáo so sánh giao dịch ...' | Doc: Tra cứu lịch sử giao | Boost: 0.25 | Matched: ['xem']
2025-12-19 08:59:30 | DEBUG    | log:152 | [get_keyword_boost] Query: 'Xem báo cáo so sánh giao dịch ...' | Doc: Tra cứu giao dịch th | Boost: 0.25 | Matched: ['giao dịch']
2025-12-19 08:59:30 | DEBUG    | log:152 | [get_keyword_boost] Query: 'Xem báo cáo so sánh giao dịch ...' | Doc: Tra cứu giao dịch th | Boost: 0.25 | Matched: ['giao dịch']
2025-12-19 08:59:30 | DEBUG    | log:152 | [get_keyword_boost] Query: 'Xem báo cáo so sánh giao dịch ...' | Doc: Tra cứu giao dịch th | Boost: 0.25 | Matched: ['giao dịch']
2025-12-19 08:59:30 | DEBUG    | log:152 | [get_keyword_boost] Query: 'Xem báo cáo so sánh giao dịch ...' | Doc: Thống kê giao dịch t | Boost: 0.50 | Matched: ['báo cáo', 'so sánh']
2025-12-19 08:59:30 | DEBUG    | log:152 | [classify_query_intent] Classified: 'Xem báo cáo so sánh giao dịch ...' -> Thống kê giao dịch theo nhóm (score=2)
2025-12-19 08:59:30 | DEBUG    | log:152 | [normalize_query] 'Liệt kê thống kê giao dịch theo kênh...' -> 'Liệt kê thống kê giao dịch theo kênh...'
2025-12-19 08:59:30 | DEBUG    | log:152 | [perform_hybrid_search] query_text: [Liệt kê thống kê giao dịch theo kênh] - formatted_query: [Liệt kê thống kê giao dịch theo kênh] - normalized_query: [Liệt kê thống kê giao dịch theo kênh]
2025-12-19 08:59:30 | DEBUG    | log:152 | [perform_hybrid_search] BM25 raw scores: min=0.1371, max=38.3685
2025-12-19 08:59:30 | DEBUG    | log:152 | [get_keyword_boost] Query: 'Liệt kê thống kê giao dịch the...' | Doc: Tra cứu lịch sử giao | Boost: 0.25 | Matched: ['liệt kê']
2025-12-19 08:59:30 | DEBUG    | log:152 | [get_keyword_boost] Query: 'Liệt kê thống kê giao dịch the...' | Doc: Tra cứu lịch sử giao | Boost: 0.25 | Matched: ['liệt kê']
2025-12-19 08:59:30 | DEBUG    | log:152 | [get_keyword_boost] Query: 'Liệt kê thống kê giao dịch the...' | Doc: Tra cứu lịch sử giao | Boost: 0.25 | Matched: ['liệt kê']
2025-12-19 08:59:30 | DEBUG    | log:152 | [get_keyword_boost] Query: 'Liệt kê thống kê giao dịch the...' | Doc: Tra cứu giao dịch th | Boost: 0.25 | Matched: ['giao dịch']
2025-12-19 08:59:30 | DEBUG    | log:152 | [get_keyword_boost] Query: 'Liệt kê thống kê giao dịch the...' | Doc: Tra cứu giao dịch th | Boost: 0.25 | Matched: ['giao dịch']
2025-12-19 08:59:30 | DEBUG    | log:152 | [get_keyword_boost] Query: 'Liệt kê thống kê giao dịch the...' | Doc: Tra cứu giao dịch th | Boost: 0.25 | Matched: ['giao dịch']
2025-12-19 08:59:30 | DEBUG    | log:152 | [get_keyword_boost] Query: 'Liệt kê thống kê giao dịch the...' | Doc: Thống kê giao dịch t | Boost: 0.25 | Matched: ['thống kê giao dịch']
2025-12-19 08:59:30 | DEBUG    | log:152 | [classify_query_intent] Ambiguous: 'Liệt kê thống kê giao dịch the...' | Scores: {'Tra cứu lịch sử giao dịch theo số tài khoản': 1, 'Tra cứu lịch sử giao dịch theo khoảng thời gian': 1, 'Tra cứu giao dịch theo số tiền': 1, 'Tra cứu giao dịch theo trạng thái': 1, 'Tra cứu giao dịch theo loại giao dịch': 1, 'Thống kê giao dịch theo nhóm': 1}
2025-12-19 08:59:30 | DEBUG    | log:152 | [normalize_query] 'Tra cứu xu hướng chi tiêu trong 6 tháng ...' -> 'Tra cứu xu hướng chi tiêu trong 6 tháng ...'
2025-12-19 08:59:30 | DEBUG    | log:152 | [perform_hybrid_search] query_text: [Tra cứu xu hướng chi tiêu trong 6 tháng qua] - formatted_query: [Tra cứu xu hướng chi tiêu trong 6 tháng qua] - normalized_query: [Tra cứu xu hướng chi tiêu trong 6 tháng qua]
2025-12-19 08:59:30 | DEBUG    | log:152 | [perform_hybrid_search] BM25 raw scores: min=0.7645, max=33.3634
2025-12-19 08:59:30 | DEBUG    | log:152 | [get_keyword_boost] Query: 'Tra cứu xu hướng chi tiêu tron...' | Doc: Tra cứu lịch sử giao | Boost: 0.25 | Matched: ['tra cứu']
2025-12-19 08:59:30 | DEBUG    | log:152 | [get_keyword_boost] Query: 'Tra cứu xu hướng chi tiêu tron...' | Doc: Tra cứu lịch sử giao | Boost: 0.25 | Matched: ['tra cứu']
2025-12-19 08:59:30 | DEBUG    | log:152 | [get_keyword_boost] Query: 'Tra cứu xu hướng chi tiêu tron...' | Doc: Tra cứu lịch sử giao | Boost: 0.25 | Matched: ['tra cứu']
2025-12-19 08:59:30 | DEBUG    | log:152 | [get_keyword_boost] Query: 'Tra cứu xu hướng chi tiêu tron...' | Doc: Thống kê giao dịch t | Boost: 0.25 | Matched: ['xu hướng']
2025-12-19 08:59:30 | DEBUG    | log:152 | [classify_query_intent] Ambiguous: 'Tra cứu xu hướng chi tiêu tron...' | Scores: {'Tra cứu lịch sử giao dịch theo số tài khoản': 1, 'Tra cứu lịch sử giao dịch theo khoảng thời gian': 1, 'Thống kê giao dịch theo nhóm': 1}
2025-12-19 08:59:30 | INFO     | log:150 | [search_batch_stream] Completed in 8.65s, avg 0.029s/row, saved to test_api_192-168-1-218_20251219_085921.xlsx
