2025-12-30 17:00:51 | INFO     | log:151 | [search_batch_stream] Batch stream search from: Query_teamplate_30-12.xlsx
2025-12-30 17:00:51 | DEBUG    | log:153 | [get_tables] Getting tables...
2025-12-30 17:00:51 | DEBUG    | log:153 | [get_tables] Returning cached tables
2025-12-30 17:00:51 | DEBUG    | log:153 | [normalize_query] 'Chi tiết về tài khoản của tôi...' -> 'Chi tiết về tài khoản của tôi...'
2025-12-30 17:00:51 | DEBUG    | log:153 | [perform_hybrid_search] query_text: [Chi tiết về tài khoản của tôi] - formatted_query: [Chi tiết về tài khoản của tôi] - normalized_query: [Chi tiết về tài khoản của tôi]
2025-12-30 17:00:52 | DEBUG    | log:153 | [perform_hybrid_search] BM25 raw scores: min=0.3322, max=8.8007
2025-12-30 17:00:52 | DEBUG    | log:153 | [get_keyword_boost] Query: 'Chi tiết về tài khoản của tôi...' | Doc: Tra cứu lịch sử giao | Boost: 0.25 | Matched: ['tài khoản']
2025-12-30 17:00:52 | DEBUG    | log:153 | [classify_query_intent] Classified: 'Chi tiết về tài khoản của tôi...' -> Tra cứu lịch sử giao dịch theo (score=1)
2025-12-30 17:00:52 | DEBUG    | log:153 | [normalize_query] 'Xem hộ tài khoản của tôi...' -> 'Xem hộ tài khoản của tôi...'
2025-12-30 17:00:52 | DEBUG    | log:153 | [perform_hybrid_search] query_text: [Xem hộ tài khoản của tôi] - formatted_query: [Xem hộ tài khoản của tôi] - normalized_query: [Xem hộ tài khoản của tôi]
2025-12-30 17:00:52 | DEBUG    | log:153 | [perform_hybrid_search] BM25 raw scores: min=0.5203, max=4.3830
2025-12-30 17:00:52 | DEBUG    | log:153 | [get_keyword_boost] Query: 'Xem hộ tài khoản của tôi...' | Doc: Tra cứu lịch sử giao | Boost: 0.25 | Matched: ['tài khoản']
2025-12-30 17:00:52 | DEBUG    | log:153 | [classify_query_intent] Classified: 'Xem hộ tài khoản của tôi...' -> Tra cứu lịch sử giao dịch theo (score=1)
2025-12-30 17:00:52 | DEBUG    | log:153 | [normalize_query] 'Thông tin trạng thái tài khoản của tôi...' -> 'Thông tin trạng thái tài khoản của tôi...'
2025-12-30 17:00:52 | DEBUG    | log:153 | [perform_hybrid_search] query_text: [Thông tin trạng thái tài khoản của tôi] - formatted_query: [Thông tin trạng thái tài khoản của tôi] - normalized_query: [Thông tin trạng thái tài khoản của tôi]
2025-12-30 17:00:52 | DEBUG    | log:153 | [perform_hybrid_search] BM25 raw scores: min=0.3374, max=7.4736
2025-12-30 17:00:52 | DEBUG    | log:153 | [get_keyword_boost] Query: 'Thông tin trạng thái tài khoản...' | Doc: Tra cứu lịch sử giao | Boost: 0.25 | Matched: ['tài khoản']
2025-12-30 17:00:52 | DEBUG    | log:153 | [get_keyword_boost] Query: 'Thông tin trạng thái tài khoản...' | Doc: Tra cứu giao dịch th | Boost: 0.25 | Matched: ['trạng thái']
2025-12-30 17:00:52 | DEBUG    | log:153 | [classify_query_intent] Ambiguous: 'Thông tin trạng thái tài khoản...' | Scores: {'Tra cứu lịch sử giao dịch theo số tài khoản': 1, 'Tra cứu giao dịch theo trạng thái': 1}
2025-12-30 17:00:52 | DEBUG    | log:153 | [normalize_query] 'Cho xem trạng thái tài khoản của tôi...' -> 'Cho xem trạng thái tài khoản của tôi...'
2025-12-30 17:00:52 | DEBUG    | log:153 | [perform_hybrid_search] query_text: [Cho xem trạng thái tài khoản của tôi] - formatted_query: [Cho xem trạng thái tài khoản của tôi] - normalized_query: [Cho xem trạng thái tài khoản của tôi]
2025-12-30 17:00:52 | DEBUG    | log:153 | [perform_hybrid_search] BM25 raw scores: min=0.5203, max=11.0873
2025-12-30 17:00:52 | DEBUG    | log:153 | [get_keyword_boost] Query: 'Cho xem trạng thái tài khoản c...' | Doc: Tra cứu lịch sử giao | Boost: 0.25 | Matched: ['tài khoản']
2025-12-30 17:00:52 | DEBUG    | log:153 | [get_keyword_boost] Query: 'Cho xem trạng thái tài khoản c...' | Doc: Tra cứu giao dịch th | Boost: 0.25 | Matched: ['trạng thái']
2025-12-30 17:00:52 | DEBUG    | log:153 | [classify_query_intent] Ambiguous: 'Cho xem trạng thái tài khoản c...' | Scores: {'Tra cứu lịch sử giao dịch theo số tài khoản': 1, 'Tra cứu giao dịch theo trạng thái': 1}
2025-12-30 17:00:52 | DEBUG    | log:153 | [normalize_query] 'Tôi muốn biết trạng thái tài khoản của t...' -> 'Tôi muốn biết trạng thái tài khoản của t...'
2025-12-30 17:00:52 | DEBUG    | log:153 | [perform_hybrid_search] query_text: [Tôi muốn biết trạng thái tài khoản của tôi] - formatted_query: [Tôi muốn biết trạng thái tài khoản của tôi] - normalized_query: [Tôi muốn biết trạng thái tài khoản của tôi]
2025-12-30 17:00:52 | DEBUG    | log:153 | [perform_hybrid_search] BM25 raw scores: min=0.5203, max=9.7555
2025-12-30 17:00:52 | DEBUG    | log:153 | [get_keyword_boost] Query: 'Tôi muốn biết trạng thái tài k...' | Doc: Tra cứu lịch sử giao | Boost: 0.25 | Matched: ['tài khoản']
2025-12-30 17:00:52 | DEBUG    | log:153 | [get_keyword_boost] Query: 'Tôi muốn biết trạng thái tài k...' | Doc: Tra cứu giao dịch th | Boost: 0.25 | Matched: ['trạng thái']
2025-12-30 17:00:52 | DEBUG    | log:153 | [classify_query_intent] Ambiguous: 'Tôi muốn biết trạng thái tài k...' | Scores: {'Tra cứu lịch sử giao dịch theo số tài khoản': 1, 'Tra cứu giao dịch theo trạng thái': 1}
2025-12-30 17:00:52 | DEBUG    | log:153 | [normalize_query] 'Cho tôi biết trạng thái tài khoản của tô...' -> 'Cho tôi biết trạng thái tài khoản của tô...'
2025-12-30 17:00:52 | DEBUG    | log:153 | [perform_hybrid_search] query_text: [Cho tôi biết trạng thái tài khoản của tôi] - formatted_query: [Cho tôi biết trạng thái tài khoản của tôi] - normalized_query: [Cho tôi biết trạng thái tài khoản của tôi]
2025-12-30 17:00:52 | DEBUG    | log:153 | [perform_hybrid_search] BM25 raw scores: min=0.5203, max=9.7555
2025-12-30 17:00:52 | DEBUG    | log:153 | [get_keyword_boost] Query: 'Cho tôi biết trạng thái tài kh...' | Doc: Tra cứu lịch sử giao | Boost: 0.25 | Matched: ['tài khoản']
2025-12-30 17:00:52 | DEBUG    | log:153 | [get_keyword_boost] Query: 'Cho tôi biết trạng thái tài kh...' | Doc: Tra cứu giao dịch th | Boost: 0.25 | Matched: ['trạng thái']
2025-12-30 17:00:52 | DEBUG    | log:153 | [classify_query_intent] Ambiguous: 'Cho tôi biết trạng thái tài kh...' | Scores: {'Tra cứu lịch sử giao dịch theo số tài khoản': 1, 'Tra cứu giao dịch theo trạng thái': 1}
2025-12-30 17:00:52 | DEBUG    | log:153 | [normalize_query] 'Tôi hỏi trạng thái tài khoản của tôi...' -> 'Tôi hỏi trạng thái tài khoản của tôi...'
2025-12-30 17:00:52 | DEBUG    | log:153 | [perform_hybrid_search] query_text: [Tôi hỏi trạng thái tài khoản của tôi] - formatted_query: [Tôi hỏi trạng thái tài khoản của tôi] - normalized_query: [Tôi hỏi trạng thái tài khoản của tôi]
2025-12-30 17:00:52 | DEBUG    | log:153 | [perform_hybrid_search] BM25 raw scores: min=0.2827, max=8.8710
2025-12-30 17:00:52 | DEBUG    | log:153 | [get_keyword_boost] Query: 'Tôi hỏi trạng thái tài khoản c...' | Doc: Tra cứu lịch sử giao | Boost: 0.25 | Matched: ['tài khoản']
2025-12-30 17:00:52 | DEBUG    | log:153 | [get_keyword_boost] Query: 'Tôi hỏi trạng thái tài khoản c...' | Doc: Tra cứu giao dịch th | Boost: 0.25 | Matched: ['trạng thái']
2025-12-30 17:00:52 | DEBUG    | log:153 | [classify_query_intent] Ambiguous: 'Tôi hỏi trạng thái tài khoản c...' | Scores: {'Tra cứu lịch sử giao dịch theo số tài khoản': 1, 'Tra cứu giao dịch theo trạng thái': 1}
2025-12-30 17:00:52 | DEBUG    | log:153 | [normalize_query] 'Giúp tôi xem trạng thái tài khoản của tô...' -> 'Giúp tôi xem trạng thái tài khoản của tô...'
2025-12-30 17:00:52 | DEBUG    | log:153 | [perform_hybrid_search] query_text: [Giúp tôi xem trạng thái tài khoản của tôi] - formatted_query: [Giúp tôi xem trạng thái tài khoản của tôi] - normalized_query: [Giúp tôi xem trạng thái tài khoản của tôi]
2025-12-30 17:00:52 | DEBUG    | log:153 | [perform_hybrid_search] BM25 raw scores: min=0.5203, max=11.0873
2025-12-30 17:00:52 | DEBUG    | log:153 | [get_keyword_boost] Query: 'Giúp tôi xem trạng thái tài kh...' | Doc: Tra cứu lịch sử giao | Boost: 0.25 | Matched: ['tài khoản']
2025-12-30 17:00:52 | DEBUG    | log:153 | [get_keyword_boost] Query: 'Giúp tôi xem trạng thái tài kh...' | Doc: Tra cứu giao dịch th | Boost: 0.25 | Matched: ['trạng thái']
2025-12-30 17:00:52 | DEBUG    | log:153 | [classify_query_intent] Ambiguous: 'Giúp tôi xem trạng thái tài kh...' | Scores: {'Tra cứu lịch sử giao dịch theo số tài khoản': 1, 'Tra cứu giao dịch theo trạng thái': 1}
2025-12-30 17:00:52 | DEBUG    | log:153 | [normalize_query] 'Xem dùm tôi trạng thái tài khoản của tôi...' -> 'Xem dùm tôi trạng thái tài khoản của tôi...'
2025-12-30 17:00:52 | DEBUG    | log:153 | [perform_hybrid_search] query_text: [Xem dùm tôi trạng thái tài khoản của tôi] - formatted_query: [Xem dùm tôi trạng thái tài khoản của tôi] - normalized_query: [Xem dùm tôi trạng thái tài khoản của tôi]
2025-12-30 17:00:52 | DEBUG    | log:153 | [perform_hybrid_search] BM25 raw scores: min=0.5203, max=11.0873
2025-12-30 17:00:52 | DEBUG    | log:153 | [get_keyword_boost] Query: 'Xem dùm tôi trạng thái tài kho...' | Doc: Tra cứu lịch sử giao | Boost: 0.25 | Matched: ['tài khoản']
2025-12-30 17:00:52 | DEBUG    | log:153 | [get_keyword_boost] Query: 'Xem dùm tôi trạng thái tài kho...' | Doc: Tra cứu giao dịch th | Boost: 0.25 | Matched: ['trạng thái']
2025-12-30 17:00:52 | DEBUG    | log:153 | [classify_query_intent] Ambiguous: 'Xem dùm tôi trạng thái tài kho...' | Scores: {'Tra cứu lịch sử giao dịch theo số tài khoản': 1, 'Tra cứu giao dịch theo trạng thái': 1}
2025-12-30 17:00:52 | DEBUG    | log:153 | [normalize_query] 'Chi tiết về trạng thái tài khoản của tôi...' -> 'Chi tiết về trạng thái tài khoản của tôi...'
2025-12-30 17:00:52 | DEBUG    | log:153 | [perform_hybrid_search] query_text: [Chi tiết về trạng thái tài khoản của tôi] - formatted_query: [Chi tiết về trạng thái tài khoản của tôi] - normalized_query: [Chi tiết về trạng thái tài khoản của tôi]
2025-12-30 17:00:52 | DEBUG    | log:153 | [perform_hybrid_search] BM25 raw scores: min=0.3322, max=9.2052
2025-12-30 17:00:52 | DEBUG    | log:153 | [get_keyword_boost] Query: 'Chi tiết về trạng thái tài kho...' | Doc: Tra cứu lịch sử giao | Boost: 0.25 | Matched: ['tài khoản']
2025-12-30 17:00:52 | DEBUG    | log:153 | [get_keyword_boost] Query: 'Chi tiết về trạng thái tài kho...' | Doc: Tra cứu giao dịch th | Boost: 0.25 | Matched: ['trạng thái']
2025-12-30 17:00:52 | DEBUG    | log:153 | [classify_query_intent] Ambiguous: 'Chi tiết về trạng thái tài kho...' | Scores: {'Tra cứu lịch sử giao dịch theo số tài khoản': 1, 'Tra cứu giao dịch theo trạng thái': 1}
2025-12-30 17:00:52 | DEBUG    | log:153 | [normalize_query] 'Xem hộ trạng thái tài khoản của tôi...' -> 'Xem hộ trạng thái tài khoản của tôi...'
2025-12-30 17:00:52 | DEBUG    | log:153 | [perform_hybrid_search] query_text: [Xem hộ trạng thái tài khoản của tôi] - formatted_query: [Xem hộ trạng thái tài khoản của tôi] - normalized_query: [Xem hộ trạng thái tài khoản của tôi]
2025-12-30 17:00:52 | DEBUG    | log:153 | [perform_hybrid_search] BM25 raw scores: min=0.5203, max=11.0873
2025-12-30 17:00:52 | DEBUG    | log:153 | [get_keyword_boost] Query: 'Xem hộ trạng thái tài khoản củ...' | Doc: Tra cứu lịch sử giao | Boost: 0.25 | Matched: ['tài khoản']
2025-12-30 17:00:52 | DEBUG    | log:153 | [get_keyword_boost] Query: 'Xem hộ trạng thái tài khoản củ...' | Doc: Tra cứu giao dịch th | Boost: 0.25 | Matched: ['trạng thái']
2025-12-30 17:00:52 | DEBUG    | log:153 | [classify_query_intent] Ambiguous: 'Xem hộ trạng thái tài khoản củ...' | Scores: {'Tra cứu lịch sử giao dịch theo số tài khoản': 1, 'Tra cứu giao dịch theo trạng thái': 1}
2025-12-30 17:00:52 | DEBUG    | log:153 | [normalize_query] 'Xem full thông tin tài khoản của tôi...' -> 'Xem full thông tin tài khoản của tôi...'
2025-12-30 17:00:52 | DEBUG    | log:153 | [perform_hybrid_search] query_text: [Xem full thông tin tài khoản của tôi] - formatted_query: [Xem full thông tin tài khoản của tôi] - normalized_query: [Xem full thông tin tài khoản của tôi]
2025-12-30 17:00:52 | DEBUG    | log:153 | [perform_hybrid_search] BM25 raw scores: min=0.6210, max=4.4454
2025-12-30 17:00:52 | DEBUG    | log:153 | [get_keyword_boost] Query: 'Xem full thông tin tài khoản c...' | Doc: Tra cứu lịch sử giao | Boost: 0.25 | Matched: ['tài khoản']
2025-12-30 17:00:52 | DEBUG    | log:153 | [classify_query_intent] Classified: 'Xem full thông tin tài khoản c...' -> Tra cứu lịch sử giao dịch theo (score=1)
2025-12-30 17:00:52 | DEBUG    | log:153 | [normalize_query] 'Cho xem toàn bộ account info...' -> 'Cho xem toàn bộ account info...'
2025-12-30 17:00:52 | DEBUG    | log:153 | [perform_hybrid_search] query_text: [Cho xem toàn bộ account info] - formatted_query: [Cho xem toàn bộ account info] - normalized_query: [Cho xem toàn bộ account info]
2025-12-30 17:00:52 | DEBUG    | log:153 | [perform_hybrid_search] BM25 raw scores: min=0.0000, max=11.5015
2025-12-30 17:00:52 | DEBUG    | log:153 | [classify_query_intent] No keyword matches found in: 'Cho xem toàn bộ account info'
2025-12-30 17:00:52 | DEBUG    | log:153 | [normalize_query] 'Xem chi tiết account detail của tôi...' -> 'Xem chi tiết account detail của tôi...'
2025-12-30 17:00:52 | DEBUG    | log:153 | [perform_hybrid_search] query_text: [Xem chi tiết account detail của tôi] - formatted_query: [Xem chi tiết account detail của tôi] - normalized_query: [Xem chi tiết account detail của tôi]
2025-12-30 17:00:52 | DEBUG    | log:153 | [perform_hybrid_search] BM25 raw scores: min=0.0000, max=13.0492
2025-12-30 17:00:52 | DEBUG    | log:153 | [classify_query_intent] No keyword matches found in: 'Xem chi tiết account detail của tôi'
2025-12-30 17:00:52 | DEBUG    | log:153 | [normalize_query] 'Kiểm tra tất cả thông tin tài khoản...' -> 'Kiểm tra tất cả thông tin tài khoản...'
2025-12-30 17:00:52 | DEBUG    | log:153 | [perform_hybrid_search] query_text: [Kiểm tra tất cả thông tin tài khoản] - formatted_query: [Kiểm tra tất cả thông tin tài khoản] - normalized_query: [Kiểm tra tất cả thông tin tài khoản]
2025-12-30 17:00:52 | DEBUG    | log:153 | [perform_hybrid_search] BM25 raw scores: min=0.3849, max=13.4186
2025-12-30 17:00:52 | DEBUG    | log:153 | [get_keyword_boost] Query: 'Kiểm tra tất cả thông tin tài ...' | Doc: Tra cứu lịch sử giao | Boost: 0.25 | Matched: ['tài khoản']
2025-12-30 17:00:52 | DEBUG    | log:153 | [classify_query_intent] Classified: 'Kiểm tra tất cả thông tin tài ...' -> Tra cứu lịch sử giao dịch theo (score=1)
2025-12-30 17:00:52 | DEBUG    | log:153 | [normalize_query] 'Tài khoản tôi còn bao nhiêu tiền dùng đư...' -> 'Tài khoản tôi còn bao nhiêu tiền dùng đư...'
2025-12-30 17:00:52 | DEBUG    | log:153 | [perform_hybrid_search] query_text: [Tài khoản tôi còn bao nhiêu tiền dùng được] - formatted_query: [Tài khoản tôi còn bao nhiêu tiền dùng được] - normalized_query: [Tài khoản tôi còn bao nhiêu tiền dùng được]
2025-12-30 17:00:52 | DEBUG    | log:153 | [perform_hybrid_search] BM25 raw scores: min=0.0778, max=13.1746
2025-12-30 17:00:52 | DEBUG    | log:153 | [get_keyword_boost] Query: 'Tài khoản tôi còn bao nhiêu ti...' | Doc: Tra cứu lịch sử giao | Boost: 0.25 | Matched: ['tài khoản']
2025-12-30 17:00:52 | DEBUG    | log:153 | [classify_query_intent] Classified: 'Tài khoản tôi còn bao nhiêu ti...' -> Tra cứu lịch sử giao dịch theo (score=1)
2025-12-30 17:00:52 | DEBUG    | log:153 | [normalize_query] 'Available balance của tôi là bao nhiêu...' -> 'Available balance của tôi là bao nhiêu...'
2025-12-30 17:00:52 | DEBUG    | log:153 | [perform_hybrid_search] query_text: [Available balance của tôi là bao nhiêu] - formatted_query: [Available balance của tôi là bao nhiêu] - normalized_query: [Available balance của tôi là bao nhiêu]
2025-12-30 17:00:52 | DEBUG    | log:153 | [perform_hybrid_search] BM25 raw scores: min=0.0160, max=7.0187
2025-12-30 17:00:52 | DEBUG    | log:153 | [classify_query_intent] No keyword matches found in: 'Available balance của tôi là bao nhiêu'
2025-12-30 17:00:52 | DEBUG    | log:153 | [normalize_query] 'Kiểm tra số tiền khả dụng trong tài khoả...' -> 'Kiểm tra số tiền khả dụng trong tài khoả...'
2025-12-30 17:00:52 | DEBUG    | log:153 | [perform_hybrid_search] query_text: [Kiểm tra số tiền khả dụng trong tài khoản] - formatted_query: [Kiểm tra số tiền khả dụng trong tài khoản] - normalized_query: [Kiểm tra số tiền khả dụng trong tài khoản]
2025-12-30 17:00:52 | DEBUG    | log:153 | [perform_hybrid_search] BM25 raw scores: min=0.4328, max=6.8241
2025-12-30 17:00:52 | DEBUG    | log:153 | [get_keyword_boost] Query: 'Kiểm tra số tiền khả dụng tron...' | Doc: Tra cứu lịch sử giao | Boost: 0.25 | Matched: ['tài khoản']
2025-12-30 17:00:52 | DEBUG    | log:153 | [classify_query_intent] Classified: 'Kiểm tra số tiền khả dụng tron...' -> Tra cứu lịch sử giao dịch theo (score=1)
2025-12-30 17:00:52 | DEBUG    | log:153 | [normalize_query] 'Số dư dùng được hiện giờ là bao nhiêu...' -> 'Số dư dùng được hiện giờ là bao nhiêu...'
2025-12-30 17:00:52 | DEBUG    | log:153 | [perform_hybrid_search] query_text: [Số dư dùng được hiện giờ là bao nhiêu] - formatted_query: [Số dư dùng được hiện giờ là bao nhiêu] - normalized_query: [Số dư dùng được hiện giờ là bao nhiêu]
2025-12-30 17:00:52 | DEBUG    | log:153 | [perform_hybrid_search] BM25 raw scores: min=0.1182, max=7.1893
2025-12-30 17:00:52 | DEBUG    | log:153 | [classify_query_intent] No keyword matches found in: 'Số dư dùng được hiện giờ là bao nhiêu'
2025-12-30 17:00:52 | DEBUG    | log:153 | [normalize_query] 'Tài khoản của tôi còn active không...' -> 'Tài khoản của tôi còn active không...'
2025-12-30 17:00:52 | DEBUG    | log:153 | [perform_hybrid_search] query_text: [Tài khoản của tôi còn active không] - formatted_query: [Tài khoản của tôi còn active không] - normalized_query: [Tài khoản của tôi còn active không]
2025-12-30 17:00:52 | DEBUG    | log:153 | [perform_hybrid_search] BM25 raw scores: min=0.0000, max=3.4769
2025-12-30 17:00:52 | DEBUG    | log:153 | [get_keyword_boost] Query: 'Tài khoản của tôi còn active k...' | Doc: Tra cứu lịch sử giao | Boost: 0.25 | Matched: ['tài khoản']
2025-12-30 17:00:52 | DEBUG    | log:153 | [classify_query_intent] Classified: 'Tài khoản của tôi còn active k...' -> Tra cứu lịch sử giao dịch theo (score=1)
2025-12-30 17:00:52 | DEBUG    | log:153 | [normalize_query] 'Check trạng thái tài khoản giúp tôi...' -> 'Check trạng thái tài khoản giúp tôi...'
2025-12-30 17:00:52 | DEBUG    | log:153 | [perform_hybrid_search] query_text: [Check trạng thái tài khoản giúp tôi] - formatted_query: [Check trạng thái tài khoản giúp tôi] - normalized_query: [Check trạng thái tài khoản giúp tôi]
2025-12-30 17:00:52 | DEBUG    | log:153 | [perform_hybrid_search] BM25 raw scores: min=0.2827, max=7.4026
2025-12-30 17:00:52 | DEBUG    | log:153 | [get_keyword_boost] Query: 'Check trạng thái tài khoản giú...' | Doc: Tra cứu lịch sử giao | Boost: 0.25 | Matched: ['tài khoản']
2025-12-30 17:00:52 | DEBUG    | log:153 | [get_keyword_boost] Query: 'Check trạng thái tài khoản giú...' | Doc: Tra cứu giao dịch th | Boost: 0.25 | Matched: ['trạng thái']
2025-12-30 17:00:52 | DEBUG    | log:153 | [get_keyword_boost] Query: 'Check trạng thái tài khoản giú...' | Doc: Tra cứu giao dịch ch | Boost: 0.25 | Matched: ['ck']
2025-12-30 17:00:52 | DEBUG    | log:153 | [classify_query_intent] Ambiguous: 'Check trạng thái tài khoản giú...' | Scores: {'Tra cứu lịch sử giao dịch theo số tài khoản': 1, 'Tra cứu giao dịch theo trạng thái': 1, 'Tra cứu giao dịch chuyển tiền': 1}
2025-12-30 17:00:52 | DEBUG    | log:153 | [normalize_query] 'Tài khoản này đang hoạt động hay đã khóa...' -> 'Tài khoản này đang hoạt động hay đã khóa...'
2025-12-30 17:00:52 | DEBUG    | log:153 | [perform_hybrid_search] query_text: [Tài khoản này đang hoạt động hay đã khóa] - formatted_query: [Tài khoản này đang hoạt động hay đã khóa] - normalized_query: [Tài khoản này đang hoạt động hay đã khóa]
2025-12-30 17:00:52 | DEBUG    | log:153 | [perform_hybrid_search] BM25 raw scores: min=0.0000, max=4.5560
2025-12-30 17:00:52 | DEBUG    | log:153 | [get_keyword_boost] Query: 'Tài khoản này đang hoạt động h...' | Doc: Tra cứu lịch sử giao | Boost: 0.25 | Matched: ['tài khoản']
2025-12-30 17:00:52 | DEBUG    | log:153 | [classify_query_intent] Classified: 'Tài khoản này đang hoạt động h...' -> Tra cứu lịch sử giao dịch theo (score=1)
2025-12-30 17:00:52 | DEBUG    | log:153 | [normalize_query] 'Xem dum toi tai khoan cua toi...' -> 'Xem dum toi tai khoan cua toi...'
2025-12-30 17:00:52 | DEBUG    | log:153 | [perform_hybrid_search] query_text: [Xem dum toi tai khoan cua toi] - formatted_query: [Xem dum toi tai khoan cua toi] - normalized_query: [Xem dum toi tai khoan cua toi]
2025-12-30 17:00:52 | DEBUG    | log:153 | [perform_hybrid_search] BM25 raw scores: min=0.3122, max=5.5183
2025-12-30 17:00:52 | DEBUG    | log:153 | [classify_query_intent] No keyword matches found in: 'Xem dum toi tai khoan cua toi'
2025-12-30 17:00:52 | DEBUG    | log:153 | [normalize_query] 'Chi tiet ve tai khoan cua toi...' -> 'Chi tiet ve tai khoan cua toi...'
2025-12-30 17:00:52 | DEBUG    | log:153 | [perform_hybrid_search] query_text: [Chi tiet ve tai khoan cua toi] - formatted_query: [Chi tiet ve tai khoan cua toi] - normalized_query: [Chi tiet ve tai khoan cua toi]
2025-12-30 17:00:52 | DEBUG    | log:153 | [perform_hybrid_search] BM25 raw scores: min=0.1955, max=6.5471
2025-12-30 17:00:52 | DEBUG    | log:153 | [classify_query_intent] No keyword matches found in: 'Chi tiet ve tai khoan cua toi'
2025-12-30 17:00:52 | DEBUG    | log:153 | [normalize_query] 'Xem ho tai khoan cua toi...' -> 'Xem ho tai khoan cua toi...'
2025-12-30 17:00:52 | DEBUG    | log:153 | [perform_hybrid_search] query_text: [Xem ho tai khoan cua toi] - formatted_query: [Xem ho tai khoan cua toi] - normalized_query: [Xem ho tai khoan cua toi]
2025-12-30 17:00:52 | DEBUG    | log:153 | [perform_hybrid_search] BM25 raw scores: min=0.3122, max=5.5183
2025-12-30 17:00:52 | DEBUG    | log:153 | [classify_query_intent] No keyword matches found in: 'Xem ho tai khoan cua toi'
2025-12-30 17:00:52 | DEBUG    | log:153 | [normalize_query] 'Thong tin trang thai tai khoan cua toi...' -> 'Thong tin trang thai tai khoan cua toi...'
2025-12-30 17:00:52 | DEBUG    | log:153 | [perform_hybrid_search] query_text: [Thong tin trang thai tai khoan cua toi] - formatted_query: [Thong tin trang thai tai khoan cua toi] - normalized_query: [Thong tin trang thai tai khoan cua toi]
2025-12-30 17:00:52 | DEBUG    | log:153 | [perform_hybrid_search] BM25 raw scores: min=0.2243, max=7.3515
2025-12-30 17:00:52 | DEBUG    | log:153 | [classify_query_intent] No keyword matches found in: 'Thong tin trang thai tai khoan cua toi'
2025-12-30 17:00:52 | DEBUG    | log:153 | [normalize_query] 'Cho xem trang thai tai khoan cua toi...' -> 'Cho xem trang thai tai khoan cua toi...'
2025-12-30 17:00:52 | DEBUG    | log:153 | [perform_hybrid_search] query_text: [Cho xem trang thai tai khoan cua toi] - formatted_query: [Cho xem trang thai tai khoan cua toi] - normalized_query: [Cho xem trang thai tai khoan cua toi]
2025-12-30 17:00:52 | DEBUG    | log:153 | [perform_hybrid_search] BM25 raw scores: min=0.3122, max=10.9652
2025-12-30 17:00:52 | DEBUG    | log:153 | [classify_query_intent] No keyword matches found in: 'Cho xem trang thai tai khoan cua toi'
2025-12-30 17:00:52 | DEBUG    | log:153 | [normalize_query] 'Toi muon biet trang thai tai khoan cua t...' -> 'Toi muon biet trang thai tai khoan cua t...'
2025-12-30 17:00:52 | DEBUG    | log:153 | [perform_hybrid_search] query_text: [Toi muon biet trang thai tai khoan cua toi] - formatted_query: [Toi muon biet trang thai tai khoan cua toi] - normalized_query: [Toi muon biet trang thai tai khoan cua toi]
2025-12-30 17:00:52 | DEBUG    | log:153 | [perform_hybrid_search] BM25 raw scores: min=0.3122, max=9.6334
2025-12-30 17:00:52 | DEBUG    | log:153 | [classify_query_intent] No keyword matches found in: 'Toi muon biet trang thai tai khoan cua toi'
2025-12-30 17:00:52 | DEBUG    | log:153 | [normalize_query] 'Cho toi biet trang thai tai khoan cua to...' -> 'Cho toi biet trang thai tai khoan cua to...'
2025-12-30 17:00:52 | DEBUG    | log:153 | [perform_hybrid_search] query_text: [Cho toi biet trang thai tai khoan cua toi] - formatted_query: [Cho toi biet trang thai tai khoan cua toi] - normalized_query: [Cho toi biet trang thai tai khoan cua toi]
2025-12-30 17:00:52 | DEBUG    | log:153 | [perform_hybrid_search] BM25 raw scores: min=0.3122, max=9.6334
2025-12-30 17:00:52 | DEBUG    | log:153 | [classify_query_intent] No keyword matches found in: 'Cho toi biet trang thai tai khoan cua toi'
2025-12-30 17:00:52 | DEBUG    | log:153 | [normalize_query] 'Toi hoi trang thai tai khoan cua toi...' -> 'Toi hoi trang thai tai khoan cua toi...'
2025-12-30 17:00:52 | DEBUG    | log:153 | [perform_hybrid_search] query_text: [Toi hoi trang thai tai khoan cua toi] - formatted_query: [Toi hoi trang thai tai khoan cua toi] - normalized_query: [Toi hoi trang thai tai khoan cua toi]
2025-12-30 17:00:52 | DEBUG    | log:153 | [perform_hybrid_search] BM25 raw scores: min=0.1696, max=8.7488
2025-12-30 17:00:52 | DEBUG    | log:153 | [classify_query_intent] No keyword matches found in: 'Toi hoi trang thai tai khoan cua toi'
2025-12-30 17:00:52 | DEBUG    | log:153 | [normalize_query] 'Giup toi xem trang thai tai khoan cua to...' -> 'Giup toi xem trang thai tai khoan cua to...'
2025-12-30 17:00:52 | DEBUG    | log:153 | [perform_hybrid_search] query_text: [Giup toi xem trang thai tai khoan cua toi] - formatted_query: [Giup toi xem trang thai tai khoan cua toi] - normalized_query: [Giup toi xem trang thai tai khoan cua toi]
2025-12-30 17:00:52 | DEBUG    | log:153 | [perform_hybrid_search] BM25 raw scores: min=0.3122, max=10.9652
2025-12-30 17:00:52 | DEBUG    | log:153 | [classify_query_intent] No keyword matches found in: 'Giup toi xem trang thai tai khoan cua toi'
2025-12-30 17:00:52 | DEBUG    | log:153 | [normalize_query] 'Xem dum toi trang thai tai khoan cua toi...' -> 'Xem dum toi trang thai tai khoan cua toi...'
2025-12-30 17:00:52 | DEBUG    | log:153 | [perform_hybrid_search] query_text: [Xem dum toi trang thai tai khoan cua toi] - formatted_query: [Xem dum toi trang thai tai khoan cua toi] - normalized_query: [Xem dum toi trang thai tai khoan cua toi]
2025-12-30 17:00:52 | DEBUG    | log:153 | [perform_hybrid_search] BM25 raw scores: min=0.3122, max=10.9652
2025-12-30 17:00:52 | DEBUG    | log:153 | [classify_query_intent] No keyword matches found in: 'Xem dum toi trang thai tai khoan cua toi'
2025-12-30 17:00:52 | DEBUG    | log:153 | [normalize_query] 'Chi tiet ve trang thai tai khoan cua toi...' -> 'Chi tiet ve trang thai tai khoan cua toi...'
2025-12-30 17:00:52 | DEBUG    | log:153 | [perform_hybrid_search] query_text: [Chi tiet ve trang thai tai khoan cua toi] - formatted_query: [Chi tiet ve trang thai tai khoan cua toi] - normalized_query: [Chi tiet ve trang thai tai khoan cua toi]
2025-12-30 17:00:52 | DEBUG    | log:153 | [perform_hybrid_search] BM25 raw scores: min=0.1955, max=9.1754
2025-12-30 17:00:52 | DEBUG    | log:153 | [classify_query_intent] No keyword matches found in: 'Chi tiet ve trang thai tai khoan cua toi'
2025-12-30 17:00:52 | DEBUG    | log:153 | [normalize_query] 'Xem chi tiet tai khoan cua toi...' -> 'Xem chi tiet tai khoan cua toi...'
2025-12-30 17:00:52 | DEBUG    | log:153 | [perform_hybrid_search] query_text: [Xem chi tiet tai khoan cua toi] - formatted_query: [Xem chi tiet tai khoan cua toi] - normalized_query: [Xem chi tiet tai khoan cua toi]
2025-12-30 17:00:52 | DEBUG    | log:153 | [perform_hybrid_search] BM25 raw scores: min=0.3195, max=13.0492
2025-12-30 17:00:52 | DEBUG    | log:153 | [classify_query_intent] No keyword matches found in: 'Xem chi tiet tai khoan cua toi'
2025-12-30 17:00:52 | DEBUG    | log:153 | [normalize_query] 'So du tai khoan hien tai la bao nhieu...' -> 'So du tai khoan hien tai la bao nhieu...'
2025-12-30 17:00:52 | DEBUG    | log:153 | [perform_hybrid_search] query_text: [So du tai khoan hien tai la bao nhieu] - formatted_query: [So du tai khoan hien tai la bao nhieu] - normalized_query: [So du tai khoan hien tai la bao nhieu]
2025-12-30 17:00:52 | DEBUG    | log:153 | [perform_hybrid_search] BM25 raw scores: min=0.2620, max=7.4893
2025-12-30 17:00:52 | DEBUG    | log:153 | [classify_query_intent] No keyword matches found in: 'So du tai khoan hien tai la bao nhieu'
2025-12-30 17:00:52 | DEBUG    | log:153 | [normalize_query] 'Tai khoan cua toi thuoc loai nao...' -> 'Tai khoan cua toi thuoc loai nao...'
2025-12-30 17:00:52 | DEBUG    | log:153 | [perform_hybrid_search] query_text: [Tai khoan cua toi thuoc loai nao] - formatted_query: [Tai khoan cua toi thuoc loai nao] - normalized_query: [Tai khoan cua toi thuoc loai nao]
2025-12-30 17:00:52 | DEBUG    | log:153 | [perform_hybrid_search] BM25 raw scores: min=0.0000, max=6.6579
2025-12-30 17:00:52 | DEBUG    | log:153 | [classify_query_intent] No keyword matches found in: 'Tai khoan cua toi thuoc loai nao'
2025-12-30 17:00:52 | DEBUG    | log:153 | [normalize_query] 'Cho toi biet chi nhanh mo tai khoan...' -> 'Cho toi biet chi nhanh mo tai khoan...'
2025-12-30 17:00:52 | DEBUG    | log:153 | [perform_hybrid_search] query_text: [Cho toi biet chi nhanh mo tai khoan] - formatted_query: [Cho toi biet chi nhanh mo tai khoan] - normalized_query: [Cho toi biet chi nhanh mo tai khoan]
2025-12-30 17:00:52 | DEBUG    | log:153 | [perform_hybrid_search] BM25 raw scores: min=0.3195, max=7.9883
2025-12-30 17:00:52 | DEBUG    | log:153 | [classify_query_intent] No keyword matches found in: 'Cho toi biet chi nhanh mo tai khoan'
2025-12-30 17:00:52 | DEBUG    | log:153 | [normalize_query] 'Kiem tra trang thai tai khoan ngan hang ...' -> 'Kiem tra trang thai tai khoan ngan hang ...'
2025-12-30 17:00:52 | DEBUG    | log:153 | [perform_hybrid_search] query_text: [Kiem tra trang thai tai khoan ngan hang cua toi] - formatted_query: [Kiem tra trang thai tai khoan ngan hang cua toi] - normalized_query: [Kiem tra trang thai tai khoan ngan hang cua toi]
2025-12-30 17:00:53 | DEBUG    | log:153 | [perform_hybrid_search] BM25 raw scores: min=0.2251, max=12.4737
2025-12-30 17:00:53 | DEBUG    | log:153 | [classify_query_intent] No keyword matches found in: 'Kiem tra trang thai tai khoan ngan hang cua toi'
2025-12-30 17:00:53 | DEBUG    | log:153 | [normalize_query] 'Toi muon xem ten san pham va loai tien c...' -> 'Toi muon xem ten san pham va loai tien c...'
2025-12-30 17:00:53 | DEBUG    | log:153 | [perform_hybrid_search] query_text: [Toi muon xem ten san pham va loai tien cua tai khoan] - formatted_query: [Toi muon xem ten san pham va loai tien cua tai khoan] - normalized_query: [Toi muon xem ten san pham va loai tien cua tai khoan]
2025-12-30 17:00:53 | DEBUG    | log:153 | [perform_hybrid_search] BM25 raw scores: min=0.3539, max=8.1633
2025-12-30 17:00:53 | DEBUG    | log:153 | [classify_query_intent] No keyword matches found in: 'Toi muon xem ten san pham va loai tien cua tai kho'
2025-12-30 17:00:53 | DEBUG    | log:153 | [normalize_query] 'So tai khoan va so du hien tai cua toi l...' -> 'So tai khoan va so du hien tai cua toi l...'
2025-12-30 17:00:53 | DEBUG    | log:153 | [perform_hybrid_search] query_text: [So tai khoan va so du hien tai cua toi la gi] - formatted_query: [So tai khoan va so du hien tai cua toi la gi] - normalized_query: [So tai khoan va so du hien tai cua toi la gi]
2025-12-30 17:00:53 | DEBUG    | log:153 | [perform_hybrid_search] BM25 raw scores: min=0.2423, max=3.7086
2025-12-30 17:00:53 | DEBUG    | log:153 | [classify_query_intent] No keyword matches found in: 'So tai khoan va so du hien tai cua toi la gi'
2025-12-30 17:00:53 | DEBUG    | log:153 | [normalize_query] 'Cho biet han muc thau chi cua tai khoan...' -> 'Cho biet han muc thau chi cua tai khoan...'
2025-12-30 17:00:53 | DEBUG    | log:153 | [perform_hybrid_search] query_text: [Cho biet han muc thau chi cua tai khoan] - formatted_query: [Cho biet han muc thau chi cua tai khoan] - normalized_query: [Cho biet han muc thau chi cua tai khoan]
2025-12-30 17:00:53 | DEBUG    | log:153 | [perform_hybrid_search] BM25 raw scores: min=0.3195, max=4.8501
2025-12-30 17:00:53 | DEBUG    | log:153 | [classify_query_intent] No keyword matches found in: 'Cho biet han muc thau chi cua tai khoan'
2025-12-30 17:00:53 | DEBUG    | log:153 | [normalize_query] 'Tai khoan cua toi con dang hoat dong kho...' -> 'Tai khoan cua toi con dang hoat dong kho...'
2025-12-30 17:00:53 | DEBUG    | log:153 | [perform_hybrid_search] query_text: [Tai khoan cua toi con dang hoat dong khong] - formatted_query: [Tai khoan cua toi con dang hoat dong khong] - normalized_query: [Tai khoan cua toi con dang hoat dong khong]
2025-12-30 17:00:53 | DEBUG    | log:153 | [perform_hybrid_search] BM25 raw scores: min=0.0183, max=3.3639
2025-12-30 17:00:53 | DEBUG    | log:153 | [classify_query_intent] No keyword matches found in: 'Tai khoan cua toi con dang hoat dong khong'
2025-12-30 17:00:53 | DEBUG    | log:153 | [normalize_query] 'Xem thong tin chi tiet tai khoan ngan ha...' -> 'Xem thong tin chi tiet tai khoan ngan ha...'
2025-12-30 17:00:53 | DEBUG    | log:153 | [perform_hybrid_search] query_text: [Xem thong tin chi tiet tai khoan ngan hang Proton] - formatted_query: [Xem thong tin chi tiet tai khoan ngan hang proton] - normalized_query: [Xem thong tin chi tiet tai khoan ngan hang proton]
2025-12-30 17:00:53 | DEBUG    | log:153 | [perform_hybrid_search] BM25 raw scores: min=0.4226, max=15.8305
2025-12-30 17:00:53 | DEBUG    | log:153 | [classify_query_intent] No keyword matches found in: 'Xem thong tin chi tiet tai khoan ngan hang proton'
2025-12-30 17:00:53 | DEBUG    | log:153 | [normalize_query] 'Xem dum tk cua toi...' -> 'Xem dum tk cua toi...'
2025-12-30 17:00:53 | DEBUG    | log:153 | [perform_hybrid_search] query_text: [Xem dum tk cua toi] - formatted_query: [Xem dum tk cua toi] - normalized_query: [Xem dum tk cua toi]
2025-12-30 17:00:53 | DEBUG    | log:153 | [perform_hybrid_search] BM25 raw scores: min=0.0000, max=5.3558
2025-12-30 17:00:53 | DEBUG    | log:153 | [get_keyword_boost] Query: 'Xem dum tk cua toi...' | Doc: Tra cứu lịch sử giao | Boost: 0.25 | Matched: ['tk']
2025-12-30 17:00:53 | DEBUG    | log:153 | [classify_query_intent] Classified: 'Xem dum tk cua toi...' -> Tra cứu lịch sử giao dịch theo (score=1)
2025-12-30 17:00:53 | DEBUG    | log:153 | [normalize_query] 'Chi tiet tk cua toi...' -> 'Chi tiet tk cua toi...'
2025-12-30 17:00:53 | DEBUG    | log:153 | [perform_hybrid_search] query_text: [Chi tiet tk cua toi] - formatted_query: [Chi tiet tk cua toi] - normalized_query: [Chi tiet tk cua toi]
2025-12-30 17:00:53 | DEBUG    | log:153 | [perform_hybrid_search] BM25 raw scores: min=0.0000, max=6.5174
2025-12-30 17:00:53 | DEBUG    | log:153 | [get_keyword_boost] Query: 'Chi tiet tk cua toi...' | Doc: Tra cứu lịch sử giao | Boost: 0.25 | Matched: ['tk']
2025-12-30 17:00:53 | DEBUG    | log:153 | [classify_query_intent] Classified: 'Chi tiet tk cua toi...' -> Tra cứu lịch sử giao dịch theo (score=1)
2025-12-30 17:00:53 | DEBUG    | log:153 | [normalize_query] 'Xem ho tk cua minh...' -> 'Xem ho tk cua minh...'
2025-12-30 17:00:53 | DEBUG    | log:153 | [perform_hybrid_search] query_text: [Xem ho tk cua minh] - formatted_query: [Xem ho tk cua minh] - normalized_query: [Xem ho tk cua minh]
2025-12-30 17:00:53 | DEBUG    | log:153 | [perform_hybrid_search] BM25 raw scores: min=0.0000, max=5.3558
2025-12-30 17:00:53 | DEBUG    | log:153 | [get_keyword_boost] Query: 'Xem ho tk cua minh...' | Doc: Tra cứu lịch sử giao | Boost: 0.25 | Matched: ['tk']
2025-12-30 17:00:53 | DEBUG    | log:153 | [classify_query_intent] Classified: 'Xem ho tk cua minh...' -> Tra cứu lịch sử giao dịch theo (score=1)
2025-12-30 17:00:53 | DEBUG    | log:153 | [normalize_query] 'Thong tin trang thai tk cua toi...' -> 'Thong tin trang thai tk cua toi...'
2025-12-30 17:00:53 | DEBUG    | log:153 | [perform_hybrid_search] query_text: [Thong tin trang thai tk cua toi] - formatted_query: [Thong tin trang thai tk cua toi] - normalized_query: [Thong tin trang thai tk cua toi]
2025-12-30 17:00:53 | DEBUG    | log:153 | [perform_hybrid_search] BM25 raw scores: min=0.0530, max=7.1683
2025-12-30 17:00:53 | DEBUG    | log:153 | [get_keyword_boost] Query: 'Thong tin trang thai tk cua to...' | Doc: Tra cứu lịch sử giao | Boost: 0.25 | Matched: ['tk']
2025-12-30 17:00:53 | DEBUG    | log:153 | [classify_query_intent] Classified: 'Thong tin trang thai tk cua to...' -> Tra cứu lịch sử giao dịch theo (score=1)
2025-12-30 17:00:53 | DEBUG    | log:153 | [normalize_query] 'Cho xem trang thai tk...' -> 'Cho xem trang thai tk...'
2025-12-30 17:00:53 | DEBUG    | log:153 | [perform_hybrid_search] query_text: [Cho xem trang thai tk] - formatted_query: [Cho xem trang thai tk] - normalized_query: [Cho xem trang thai tk]
2025-12-30 17:00:53 | DEBUG    | log:153 | [perform_hybrid_search] BM25 raw scores: min=0.0000, max=10.7820
2025-12-30 17:00:53 | DEBUG    | log:153 | [get_keyword_boost] Query: 'Cho xem trang thai tk...' | Doc: Tra cứu lịch sử giao | Boost: 0.25 | Matched: ['tk']
2025-12-30 17:00:53 | DEBUG    | log:153 | [classify_query_intent] Classified: 'Cho xem trang thai tk...' -> Tra cứu lịch sử giao dịch theo (score=1)
2025-12-30 17:00:53 | DEBUG    | log:153 | [normalize_query] 'Toi muon biet tt tk cua toi...' -> 'Toi muon biet tt tk cua toi...'
2025-12-30 17:00:53 | DEBUG    | log:153 | [perform_hybrid_search] query_text: [Toi muon biet tt tk cua toi] - formatted_query: [Toi muon biet tt tk cua toi] - normalized_query: [Toi muon biet tt tk cua toi]
2025-12-30 17:00:53 | DEBUG    | log:153 | [perform_hybrid_search] BM25 raw scores: min=0.0000, max=5.6822
2025-12-30 17:00:53 | DEBUG    | log:153 | [get_keyword_boost] Query: 'Toi muon biet tt tk cua toi...' | Doc: Tra cứu lịch sử giao | Boost: 0.25 | Matched: ['tk']
2025-12-30 17:00:53 | DEBUG    | log:153 | [classify_query_intent] Classified: 'Toi muon biet tt tk cua toi...' -> Tra cứu lịch sử giao dịch theo (score=1)
2025-12-30 17:00:53 | DEBUG    | log:153 | [normalize_query] 'Cho toi biet tt tk...' -> 'Cho toi biet tt tk...'
2025-12-30 17:00:53 | DEBUG    | log:153 | [perform_hybrid_search] query_text: [Cho toi biet tt tk] - formatted_query: [Cho toi biet tt tk] - normalized_query: [Cho toi biet tt tk]
2025-12-30 17:00:53 | DEBUG    | log:153 | [perform_hybrid_search] BM25 raw scores: min=0.0000, max=4.3499
2025-12-30 17:00:53 | DEBUG    | log:153 | [get_keyword_boost] Query: 'Cho toi biet tt tk...' | Doc: Tra cứu lịch sử giao | Boost: 0.25 | Matched: ['tk']
2025-12-30 17:00:53 | DEBUG    | log:153 | [classify_query_intent] Classified: 'Cho toi biet tt tk...' -> Tra cứu lịch sử giao dịch theo (score=1)
2025-12-30 17:00:53 | DEBUG    | log:153 | [normalize_query] 'Toi hoi tt tk cua toi...' -> 'Toi hoi tt tk cua toi...'
2025-12-30 17:00:53 | DEBUG    | log:153 | [perform_hybrid_search] query_text: [Toi hoi tt tk cua toi] - formatted_query: [Toi hoi tt tk cua toi] - normalized_query: [Toi hoi tt tk cua toi]
2025-12-30 17:00:53 | DEBUG    | log:153 | [perform_hybrid_search] BM25 raw scores: min=0.0000, max=3.5073
2025-12-30 17:00:53 | DEBUG    | log:153 | [get_keyword_boost] Query: 'Toi hoi tt tk cua toi...' | Doc: Tra cứu lịch sử giao | Boost: 0.25 | Matched: ['tk']
2025-12-30 17:00:53 | DEBUG    | log:153 | [classify_query_intent] Classified: 'Toi hoi tt tk cua toi...' -> Tra cứu lịch sử giao dịch theo (score=1)
2025-12-30 17:00:53 | DEBUG    | log:153 | [normalize_query] 'Giup toi xem tt tk...' -> 'Giup toi xem tt tk...'
2025-12-30 17:00:53 | DEBUG    | log:153 | [perform_hybrid_search] query_text: [Giup toi xem tt tk] - formatted_query: [Giup toi xem tt tk] - normalized_query: [Giup toi xem tt tk]
2025-12-30 17:00:53 | DEBUG    | log:153 | [perform_hybrid_search] BM25 raw scores: min=0.0000, max=5.3558
2025-12-30 17:00:53 | DEBUG    | log:153 | [get_keyword_boost] Query: 'Giup toi xem tt tk...' | Doc: Tra cứu lịch sử giao | Boost: 0.25 | Matched: ['tk']
2025-12-30 17:00:53 | DEBUG    | log:153 | [classify_query_intent] Classified: 'Giup toi xem tt tk...' -> Tra cứu lịch sử giao dịch theo (score=1)
2025-12-30 17:00:53 | DEBUG    | log:153 | [normalize_query] 'Xem dum tt tk...' -> 'Xem dum tt tk...'
2025-12-30 17:00:53 | DEBUG    | log:153 | [perform_hybrid_search] query_text: [Xem dum tt tk] - formatted_query: [Xem dum tt tk] - normalized_query: [Xem dum tt tk]
2025-12-30 17:00:53 | DEBUG    | log:153 | [perform_hybrid_search] BM25 raw scores: min=0.0000, max=5.3558
2025-12-30 17:00:53 | DEBUG    | log:153 | [get_keyword_boost] Query: 'Xem dum tt tk...' | Doc: Tra cứu lịch sử giao | Boost: 0.25 | Matched: ['tk']
2025-12-30 17:00:53 | DEBUG    | log:153 | [classify_query_intent] Classified: 'Xem dum tt tk...' -> Tra cứu lịch sử giao dịch theo (score=1)
2025-12-30 17:00:53 | DEBUG    | log:153 | [normalize_query] 'Chi tiet tt tk...' -> 'Chi tiet tt tk...'
2025-12-30 17:00:53 | DEBUG    | log:153 | [perform_hybrid_search] query_text: [Chi tiet tt tk] - formatted_query: [Chi tiet tt tk] - normalized_query: [Chi tiet tt tk]
2025-12-30 17:00:53 | DEBUG    | log:153 | [perform_hybrid_search] BM25 raw scores: min=0.0000, max=6.5174
2025-12-30 17:00:53 | DEBUG    | log:153 | [get_keyword_boost] Query: 'Chi tiet tt tk...' | Doc: Tra cứu lịch sử giao | Boost: 0.25 | Matched: ['tk']
2025-12-30 17:00:53 | DEBUG    | log:153 | [classify_query_intent] Classified: 'Chi tiet tt tk...' -> Tra cứu lịch sử giao dịch theo (score=1)
2025-12-30 17:00:53 | DEBUG    | log:153 | [normalize_query] 'Xem ct tk cua toi...' -> 'Xem ct tk cua toi...'
2025-12-30 17:00:53 | DEBUG    | log:153 | [perform_hybrid_search] query_text: [Xem ct tk cua toi] - formatted_query: [Xem ct tk cua toi] - normalized_query: [Xem ct tk cua toi]
2025-12-30 17:00:53 | DEBUG    | log:153 | [perform_hybrid_search] BM25 raw scores: min=0.0000, max=5.3558
2025-12-30 17:00:53 | DEBUG    | log:153 | [get_keyword_boost] Query: 'Xem ct tk cua toi...' | Doc: Tra cứu lịch sử giao | Boost: 0.25 | Matched: ['tk']
2025-12-30 17:00:53 | DEBUG    | log:153 | [classify_query_intent] Classified: 'Xem ct tk cua toi...' -> Tra cứu lịch sử giao dịch theo (score=1)
2025-12-30 17:00:53 | DEBUG    | log:153 | [normalize_query] 'So du tk hien tai bn...' -> 'So du tk hien tai bn...'
2025-12-30 17:00:53 | DEBUG    | log:153 | [perform_hybrid_search] query_text: [So du tk hien tai bn] - formatted_query: [So du tk hien tai bn] - normalized_query: [So du tk hien tai bn]
2025-12-30 17:00:53 | DEBUG    | log:153 | [perform_hybrid_search] BM25 raw scores: min=0.1201, max=3.2954
2025-12-30 17:00:53 | DEBUG    | log:153 | [get_keyword_boost] Query: 'So du tk hien tai bn...' | Doc: Tra cứu lịch sử giao | Boost: 0.25 | Matched: ['tk']
2025-12-30 17:00:53 | DEBUG    | log:153 | [classify_query_intent] Classified: 'So du tk hien tai bn...' -> Tra cứu lịch sử giao dịch theo (score=1)
2025-12-30 17:00:53 | DEBUG    | log:153 | [normalize_query] 'Tk cua toi loai gi...' -> 'Tk cua toi loai gi...'
2025-12-30 17:00:53 | DEBUG    | log:153 | [perform_hybrid_search] query_text: [Tk cua toi loai gi] - formatted_query: [Tk cua toi loai gi] - normalized_query: [Tk cua toi loai gi]
2025-12-30 17:00:53 | DEBUG    | log:153 | [perform_hybrid_search] BM25 raw scores: min=0.0000, max=4.3499
2025-12-30 17:00:53 | DEBUG    | log:153 | [get_keyword_boost] Query: 'Tk cua toi loai gi...' | Doc: Tra cứu lịch sử giao | Boost: 0.25 | Matched: ['tk']
2025-12-30 17:00:53 | DEBUG    | log:153 | [classify_query_intent] Classified: 'Tk cua toi loai gi...' -> Tra cứu lịch sử giao dịch theo (score=1)
2025-12-30 17:00:53 | DEBUG    | log:153 | [normalize_query] 'Cho biet cn mo tk...' -> 'Cho biet cn mo tk...'
2025-12-30 17:00:53 | DEBUG    | log:153 | [perform_hybrid_search] query_text: [Cho biet cn mo tk] - formatted_query: [Cho biet cn mo tk] - normalized_query: [Cho biet cn mo tk]
2025-12-30 17:00:53 | DEBUG    | log:153 | [perform_hybrid_search] BM25 raw scores: min=0.0000, max=5.6822
2025-12-30 17:00:53 | DEBUG    | log:153 | [get_keyword_boost] Query: 'Cho biet cn mo tk...' | Doc: Tra cứu lịch sử giao | Boost: 0.25 | Matched: ['tk']
2025-12-30 17:00:53 | DEBUG    | log:153 | [classify_query_intent] Classified: 'Cho biet cn mo tk...' -> Tra cứu lịch sử giao dịch theo (score=1)
2025-12-30 17:00:53 | DEBUG    | log:153 | [normalize_query] 'Ktra trang thai tk NH cua toi...' -> 'Ktra trang thai tk nh cua toi...'
2025-12-30 17:00:53 | DEBUG    | log:153 | [perform_hybrid_search] query_text: [Ktra trang thai tk NH cua toi] - formatted_query: [Ktra trang thai tk nh cua toi] - normalized_query: [Ktra trang thai tk nh cua toi]
2025-12-30 17:00:53 | DEBUG    | log:153 | [perform_hybrid_search] BM25 raw scores: min=0.0000, max=7.0973
2025-12-30 17:00:53 | DEBUG    | log:153 | [get_keyword_boost] Query: 'Ktra trang thai tk nh cua toi...' | Doc: Tra cứu lịch sử giao | Boost: 0.25 | Matched: ['tk']
2025-12-30 17:00:53 | DEBUG    | log:153 | [classify_query_intent] Classified: 'Ktra trang thai tk nh cua toi...' -> Tra cứu lịch sử giao dịch theo (score=1)
2025-12-30 17:00:53 | DEBUG    | log:153 | [normalize_query] 'Xem ten sp + loai tien cua tk...' -> 'Xem ten sp + loai tien cua tk...'
2025-12-30 17:00:53 | DEBUG    | log:153 | [perform_hybrid_search] query_text: [Xem ten sp + loai tien cua tk] - formatted_query: [Xem ten sp + loai tien cua tk] - normalized_query: [Xem ten sp + loai tien cua tk]
2025-12-30 17:00:53 | DEBUG    | log:153 | [perform_hybrid_search] BM25 raw scores: min=0.0344, max=6.3416
2025-12-30 17:00:53 | DEBUG    | log:153 | [get_keyword_boost] Query: 'Xem ten sp + loai tien cua tk...' | Doc: Tra cứu lịch sử giao | Boost: 0.25 | Matched: ['tk']
2025-12-30 17:00:53 | DEBUG    | log:153 | [classify_query_intent] Classified: 'Xem ten sp + loai tien cua tk...' -> Tra cứu lịch sử giao dịch theo (score=1)
2025-12-30 17:00:53 | DEBUG    | log:153 | [normalize_query] 'So tk va so du hien tai la gi...' -> 'So tk va so du hien tai la gi...'
2025-12-30 17:00:53 | DEBUG    | log:153 | [perform_hybrid_search] query_text: [So tk va so du hien tai la gi] - formatted_query: [So tk va so du hien tai la gi] - normalized_query: [So tk va so du hien tai la gi]
2025-12-30 17:00:53 | DEBUG    | log:153 | [perform_hybrid_search] BM25 raw scores: min=0.1201, max=5.4703
2025-12-30 17:00:53 | DEBUG    | log:153 | [get_keyword_boost] Query: 'So tk va so du hien tai la gi...' | Doc: Tra cứu lịch sử giao | Boost: 0.25 | Matched: ['tk']
2025-12-30 17:00:53 | DEBUG    | log:153 | [classify_query_intent] Classified: 'So tk va so du hien tai la gi...' -> Tra cứu lịch sử giao dịch theo (score=1)
2025-12-30 17:00:53 | DEBUG    | log:153 | [normalize_query] 'Cho biet han muc thau chi tk...' -> 'Cho biet han muc thau chi tk...'
2025-12-30 17:00:53 | DEBUG    | log:153 | [perform_hybrid_search] query_text: [Cho biet han muc thau chi tk] - formatted_query: [Cho biet han muc thau chi tk] - normalized_query: [Cho biet han muc thau chi tk]
2025-12-30 17:00:53 | DEBUG    | log:153 | [perform_hybrid_search] BM25 raw scores: min=0.0000, max=5.0639
2025-12-30 17:00:53 | DEBUG    | log:153 | [get_keyword_boost] Query: 'Cho biet han muc thau chi tk...' | Doc: Tra cứu lịch sử giao | Boost: 0.25 | Matched: ['tk']
2025-12-30 17:00:53 | DEBUG    | log:153 | [classify_query_intent] Classified: 'Cho biet han muc thau chi tk...' -> Tra cứu lịch sử giao dịch theo (score=1)
2025-12-30 17:00:53 | DEBUG    | log:153 | [normalize_query] 'Tk cua toi con hd ko...' -> 'Tk cua toi con hd ko...'
2025-12-30 17:00:53 | DEBUG    | log:153 | [perform_hybrid_search] query_text: [Tk cua toi con hd ko] - formatted_query: [Tk cua toi con hd ko] - normalized_query: [Tk cua toi con hd ko]
2025-12-30 17:00:53 | DEBUG    | log:153 | [perform_hybrid_search] BM25 raw scores: min=0.0000, max=2.1750
2025-12-30 17:00:53 | DEBUG    | log:153 | [get_keyword_boost] Query: 'Tk cua toi con hd ko...' | Doc: Tra cứu lịch sử giao | Boost: 0.25 | Matched: ['tk']
2025-12-30 17:00:53 | DEBUG    | log:153 | [classify_query_intent] Classified: 'Tk cua toi con hd ko...' -> Tra cứu lịch sử giao dịch theo (score=1)
2025-12-30 17:00:53 | DEBUG    | log:153 | [normalize_query] 'Xem tt ct tk NH Proton...' -> 'Xem tt ct tk nh proton...'
2025-12-30 17:00:53 | DEBUG    | log:153 | [perform_hybrid_search] query_text: [Xem tt ct tk NH Proton] - formatted_query: [Xem tt ct tk nh proton] - normalized_query: [Xem tt ct tk nh proton]
2025-12-30 17:00:53 | DEBUG    | log:153 | [perform_hybrid_search] BM25 raw scores: min=0.0000, max=5.3558
2025-12-30 17:00:53 | DEBUG    | log:153 | [get_keyword_boost] Query: 'Xem tt ct tk nh proton...' | Doc: Tra cứu lịch sử giao | Boost: 0.25 | Matched: ['tk']
2025-12-30 17:00:53 | DEBUG    | log:153 | [classify_query_intent] Classified: 'Xem tt ct tk nh proton...' -> Tra cứu lịch sử giao dịch theo (score=1)
2025-12-30 17:00:53 | DEBUG    | log:153 | [normalize_query] 'Tài khoản của tôi, xem dùm...' -> 'Tài khoản của tôi, xem dùm...'
2025-12-30 17:00:53 | DEBUG    | log:153 | [perform_hybrid_search] query_text: [Tài khoản của tôi, xem dùm] - formatted_query: [Tài khoản của tôi, xem dùm] - normalized_query: [Tài khoản của tôi, xem dùm]
2025-12-30 17:00:53 | DEBUG    | log:153 | [perform_hybrid_search] BM25 raw scores: min=0.5203, max=4.3830
2025-12-30 17:00:53 | DEBUG    | log:153 | [get_keyword_boost] Query: 'Tài khoản của tôi, xem dùm...' | Doc: Tra cứu lịch sử giao | Boost: 0.25 | Matched: ['tài khoản']
2025-12-30 17:00:53 | DEBUG    | log:153 | [classify_query_intent] Classified: 'Tài khoản của tôi, xem dùm...' -> Tra cứu lịch sử giao dịch theo (score=1)
2025-12-30 17:00:53 | DEBUG    | log:153 | [normalize_query] 'Trạng thái tài khoản của tôi cho xem...' -> 'Trạng thái tài khoản của tôi cho xem...'
2025-12-30 17:00:53 | DEBUG    | log:153 | [perform_hybrid_search] query_text: [Trạng thái tài khoản của tôi cho xem] - formatted_query: [Trạng thái tài khoản của tôi cho xem] - normalized_query: [Trạng thái tài khoản của tôi cho xem]
2025-12-30 17:00:53 | DEBUG    | log:153 | [perform_hybrid_search] BM25 raw scores: min=0.5203, max=11.0873
2025-12-30 17:00:53 | DEBUG    | log:153 | [get_keyword_boost] Query: 'Trạng thái tài khoản của tôi c...' | Doc: Tra cứu lịch sử giao | Boost: 0.25 | Matched: ['tài khoản']
2025-12-30 17:00:53 | DEBUG    | log:153 | [get_keyword_boost] Query: 'Trạng thái tài khoản của tôi c...' | Doc: Tra cứu giao dịch th | Boost: 0.25 | Matched: ['trạng thái']
2025-12-30 17:00:53 | DEBUG    | log:153 | [classify_query_intent] Ambiguous: 'Trạng thái tài khoản của tôi c...' | Scores: {'Tra cứu lịch sử giao dịch theo số tài khoản': 1, 'Tra cứu giao dịch theo trạng thái': 1}
2025-12-30 17:00:53 | DEBUG    | log:153 | [normalize_query] 'Về tài khoản của tôi, cho tôi xem chi ti...' -> 'Về tài khoản của tôi, cho tôi xem chi ti...'
2025-12-30 17:00:53 | DEBUG    | log:153 | [perform_hybrid_search] query_text: [Về tài khoản của tôi, cho tôi xem chi tiết] - formatted_query: [Về tài khoản của tôi, cho tôi xem chi tiết] - normalized_query: [Về tài khoản của tôi, cho tôi xem chi tiết]
2025-12-30 17:00:53 | DEBUG    | log:153 | [perform_hybrid_search] BM25 raw scores: min=0.6013, max=13.1087
2025-12-30 17:00:53 | DEBUG    | log:153 | [get_keyword_boost] Query: 'Về tài khoản của tôi, cho tôi ...' | Doc: Tra cứu lịch sử giao | Boost: 0.25 | Matched: ['tài khoản']
2025-12-30 17:00:53 | DEBUG    | log:153 | [classify_query_intent] Classified: 'Về tài khoản của tôi, cho tôi ...' -> Tra cứu lịch sử giao dịch theo (score=1)
2025-12-30 17:00:53 | DEBUG    | log:153 | [normalize_query] 'Trạng thái tài khoản của tôi tôi muốn bi...' -> 'Trạng thái tài khoản của tôi tôi muốn bi...'
2025-12-30 17:00:53 | DEBUG    | log:153 | [perform_hybrid_search] query_text: [Trạng thái tài khoản của tôi tôi muốn biết] - formatted_query: [Trạng thái tài khoản của tôi tôi muốn biết] - normalized_query: [Trạng thái tài khoản của tôi tôi muốn biết]
2025-12-30 17:00:53 | DEBUG    | log:153 | [perform_hybrid_search] BM25 raw scores: min=0.5203, max=9.7555
2025-12-30 17:00:53 | DEBUG    | log:153 | [get_keyword_boost] Query: 'Trạng thái tài khoản của tôi t...' | Doc: Tra cứu lịch sử giao | Boost: 0.25 | Matched: ['tài khoản']
2025-12-30 17:00:53 | DEBUG    | log:153 | [get_keyword_boost] Query: 'Trạng thái tài khoản của tôi t...' | Doc: Tra cứu giao dịch th | Boost: 0.25 | Matched: ['trạng thái']
2025-12-30 17:00:53 | DEBUG    | log:153 | [classify_query_intent] Ambiguous: 'Trạng thái tài khoản của tôi t...' | Scores: {'Tra cứu lịch sử giao dịch theo số tài khoản': 1, 'Tra cứu giao dịch theo trạng thái': 1}
2025-12-30 17:00:53 | DEBUG    | log:153 | [normalize_query] 'Cho tôi biết, trạng thái tài khoản của t...' -> 'Cho tôi biết, trạng thái tài khoản của t...'
2025-12-30 17:00:53 | DEBUG    | log:153 | [perform_hybrid_search] query_text: [Cho tôi biết, trạng thái tài khoản của tôi] - formatted_query: [Cho tôi biết, trạng thái tài khoản của tôi] - normalized_query: [Cho tôi biết, trạng thái tài khoản của tôi]
2025-12-30 17:00:53 | DEBUG    | log:153 | [perform_hybrid_search] BM25 raw scores: min=0.5203, max=9.7555
2025-12-30 17:00:53 | DEBUG    | log:153 | [get_keyword_boost] Query: 'Cho tôi biết, trạng thái tài k...' | Doc: Tra cứu lịch sử giao | Boost: 0.25 | Matched: ['tài khoản']
2025-12-30 17:00:53 | DEBUG    | log:153 | [get_keyword_boost] Query: 'Cho tôi biết, trạng thái tài k...' | Doc: Tra cứu giao dịch th | Boost: 0.25 | Matched: ['trạng thái']
2025-12-30 17:00:53 | DEBUG    | log:153 | [classify_query_intent] Ambiguous: 'Cho tôi biết, trạng thái tài k...' | Scores: {'Tra cứu lịch sử giao dịch theo số tài khoản': 1, 'Tra cứu giao dịch theo trạng thái': 1}
2025-12-30 17:00:53 | DEBUG    | log:153 | [normalize_query] 'Tài khoản của tôi hiện trạng thái thế nà...' -> 'Tài khoản của tôi hiện trạng thái thế nà...'
2025-12-30 17:00:53 | DEBUG    | log:153 | [perform_hybrid_search] query_text: [Tài khoản của tôi hiện trạng thái thế nào] - formatted_query: [Tài khoản của tôi hiện trạng thái thế nào] - normalized_query: [Tài khoản của tôi hiện trạng thái thế nào]
2025-12-30 17:00:53 | DEBUG    | log:153 | [perform_hybrid_search] BM25 raw scores: min=0.5203, max=12.3697
2025-12-30 17:00:53 | DEBUG    | log:153 | [get_keyword_boost] Query: 'Tài khoản của tôi hiện trạng t...' | Doc: Tra cứu lịch sử giao | Boost: 0.25 | Matched: ['tài khoản']
2025-12-30 17:00:53 | DEBUG    | log:153 | [get_keyword_boost] Query: 'Tài khoản của tôi hiện trạng t...' | Doc: Tra cứu giao dịch th | Boost: 0.25 | Matched: ['trạng thái']
2025-12-30 17:00:53 | DEBUG    | log:153 | [classify_query_intent] Ambiguous: 'Tài khoản của tôi hiện trạng t...' | Scores: {'Tra cứu lịch sử giao dịch theo số tài khoản': 1, 'Tra cứu giao dịch theo trạng thái': 1}
2025-12-30 17:00:53 | DEBUG    | log:153 | [normalize_query] 'Trạng thái tài khoản, giúp tôi kiểm tra...' -> 'Trạng thái tài khoản, giúp tôi kiểm tra...'
2025-12-30 17:00:53 | DEBUG    | log:153 | [perform_hybrid_search] query_text: [Trạng thái tài khoản, giúp tôi kiểm tra] - formatted_query: [Trạng thái tài khoản, giúp tôi kiểm tra] - normalized_query: [Trạng thái tài khoản, giúp tôi kiểm tra]
2025-12-30 17:00:53 | DEBUG    | log:153 | [perform_hybrid_search] BM25 raw scores: min=0.3302, max=8.3801
2025-12-30 17:00:53 | DEBUG    | log:153 | [get_keyword_boost] Query: 'Trạng thái tài khoản, giúp tôi...' | Doc: Tra cứu lịch sử giao | Boost: 0.25 | Matched: ['tài khoản']
2025-12-30 17:00:53 | DEBUG    | log:153 | [get_keyword_boost] Query: 'Trạng thái tài khoản, giúp tôi...' | Doc: Tra cứu giao dịch th | Boost: 0.25 | Matched: ['trạng thái']
2025-12-30 17:00:53 | DEBUG    | log:153 | [classify_query_intent] Ambiguous: 'Trạng thái tài khoản, giúp tôi...' | Scores: {'Tra cứu lịch sử giao dịch theo số tài khoản': 1, 'Tra cứu giao dịch theo trạng thái': 1}
2025-12-30 17:00:53 | DEBUG    | log:153 | [normalize_query] 'Chi tiết trạng thái tài khoản của tôi ch...' -> 'Chi tiết trạng thái tài khoản của tôi ch...'
2025-12-30 17:00:53 | DEBUG    | log:153 | [perform_hybrid_search] query_text: [Chi tiết trạng thái tài khoản của tôi cho tôi xem] - formatted_query: [Chi tiết trạng thái tài khoản của tôi cho tôi xem] - normalized_query: [Chi tiết trạng thái tài khoản của tôi cho tôi xem]
2025-12-30 17:00:53 | DEBUG    | log:153 | [perform_hybrid_search] BM25 raw scores: min=3.5903, max=12.9485
2025-12-30 17:00:53 | DEBUG    | log:153 | [get_keyword_boost] Query: 'Chi tiết trạng thái tài khoản ...' | Doc: Tra cứu lịch sử giao | Boost: 0.25 | Matched: ['tài khoản']
2025-12-30 17:00:53 | DEBUG    | log:153 | [get_keyword_boost] Query: 'Chi tiết trạng thái tài khoản ...' | Doc: Tra cứu giao dịch th | Boost: 0.25 | Matched: ['trạng thái']
2025-12-30 17:00:53 | DEBUG    | log:153 | [classify_query_intent] Ambiguous: 'Chi tiết trạng thái tài khoản ...' | Scores: {'Tra cứu lịch sử giao dịch theo số tài khoản': 1, 'Tra cứu giao dịch theo trạng thái': 1}
2025-12-30 17:00:53 | DEBUG    | log:153 | [normalize_query] 'Tài khoản của tôi, cho xem chi tiết...' -> 'Tài khoản của tôi, cho xem chi tiết...'
2025-12-30 17:00:53 | DEBUG    | log:153 | [perform_hybrid_search] query_text: [Tài khoản của tôi, cho xem chi tiết] - formatted_query: [Tài khoản của tôi, cho xem chi tiết] - normalized_query: [Tài khoản của tôi, cho xem chi tiết]
2025-12-30 17:00:53 | DEBUG    | log:153 | [perform_hybrid_search] BM25 raw scores: min=0.5326, max=13.0492
2025-12-30 17:00:53 | DEBUG    | log:153 | [get_keyword_boost] Query: 'Tài khoản của tôi, cho xem chi...' | Doc: Tra cứu lịch sử giao | Boost: 0.25 | Matched: ['tài khoản']
2025-12-30 17:00:53 | DEBUG    | log:153 | [classify_query_intent] Classified: 'Tài khoản của tôi, cho xem chi...' -> Tra cứu lịch sử giao dịch theo (score=1)
2025-12-30 17:00:53 | DEBUG    | log:153 | [normalize_query] 'Hiện tại, số dư tài khoản là bao nhiêu...' -> 'Hiện tại, số dư tài khoản là bao nhiêu...'
2025-12-30 17:00:53 | DEBUG    | log:153 | [perform_hybrid_search] query_text: [Hiện tại, số dư tài khoản là bao nhiêu] - formatted_query: [Hiện tại, số dư tài khoản là bao nhiêu] - normalized_query: [Hiện tại, số dư tài khoản là bao nhiêu]
2025-12-30 17:00:53 | DEBUG    | log:153 | [perform_hybrid_search] BM25 raw scores: min=0.4038, max=7.7756
2025-12-30 17:00:53 | DEBUG    | log:153 | [get_keyword_boost] Query: 'Hiện tại, số dư tài khoản là b...' | Doc: Tra cứu lịch sử giao | Boost: 0.25 | Matched: ['tài khoản']
2025-12-30 17:00:53 | DEBUG    | log:153 | [classify_query_intent] Classified: 'Hiện tại, số dư tài khoản là b...' -> Tra cứu lịch sử giao dịch theo (score=1)
2025-12-30 17:00:53 | DEBUG    | log:153 | [normalize_query] 'Thuộc loại nào, tài khoản của tôi...' -> 'Thuộc loại nào, tài khoản của tôi...'
2025-12-30 17:00:53 | DEBUG    | log:153 | [perform_hybrid_search] query_text: [Thuộc loại nào, tài khoản của tôi] - formatted_query: [Thuộc loại nào, tài khoản của tôi] - normalized_query: [Thuộc loại nào, tài khoản của tôi]
2025-12-30 17:00:53 | DEBUG    | log:153 | [perform_hybrid_search] BM25 raw scores: min=0.0000, max=6.8660
2025-12-30 17:00:53 | DEBUG    | log:153 | [get_keyword_boost] Query: 'Thuộc loại nào, tài khoản của ...' | Doc: Tra cứu lịch sử giao | Boost: 0.25 | Matched: ['tài khoản']
2025-12-30 17:00:53 | DEBUG    | log:153 | [classify_query_intent] Classified: 'Thuộc loại nào, tài khoản của ...' -> Tra cứu lịch sử giao dịch theo (score=1)
2025-12-30 17:00:53 | DEBUG    | log:153 | [normalize_query] 'Chi nhánh mở tài khoản, cho tôi biết...' -> 'Chi nhánh mở tài khoản, cho tôi biết...'
2025-12-30 17:00:53 | DEBUG    | log:153 | [perform_hybrid_search] query_text: [Chi nhánh mở tài khoản, cho tôi biết] - formatted_query: [Chi nhánh mở tài khoản, cho tôi biết] - normalized_query: [Chi nhánh mở tài khoản, cho tôi biết]
2025-12-30 17:00:54 | DEBUG    | log:153 | [perform_hybrid_search] BM25 raw scores: min=0.5326, max=8.1014
2025-12-30 17:00:54 | DEBUG    | log:153 | [get_keyword_boost] Query: 'Chi nhánh mở tài khoản, cho tô...' | Doc: Tra cứu lịch sử giao | Boost: 0.25 | Matched: ['tài khoản']
2025-12-30 17:00:54 | DEBUG    | log:153 | [get_keyword_boost] Query: 'Chi nhánh mở tài khoản, cho tô...' | Doc: Tra cứu giao dịch th | Boost: 0.25 | Matched: ['chi nhánh']
2025-12-30 17:00:54 | DEBUG    | log:153 | [classify_query_intent] Ambiguous: 'Chi nhánh mở tài khoản, cho tô...' | Scores: {'Tra cứu lịch sử giao dịch theo số tài khoản': 1, 'Tra cứu giao dịch theo kênh giao dịch': 1}
2025-12-30 17:00:54 | DEBUG    | log:153 | [normalize_query] 'Trạng thái tài khoản ngân hàng của tôi, ...' -> 'Trạng thái tài khoản ngân hàng của tôi, ...'
2025-12-30 17:00:54 | DEBUG    | log:153 | [perform_hybrid_search] query_text: [Trạng thái tài khoản ngân hàng của tôi, kiểm tra giúp] - formatted_query: [Trạng thái tài khoản ngân hàng của tôi, kiểm tra giúp] - normalized_query: [Trạng thái tài khoản ngân hàng của tôi, kiểm tra giúp]
2025-12-30 17:00:54 | DEBUG    | log:153 | [perform_hybrid_search] BM25 raw scores: min=0.3428, max=10.9505
2025-12-30 17:00:54 | DEBUG    | log:153 | [get_keyword_boost] Query: 'Trạng thái tài khoản ngân hàng...' | Doc: Tra cứu lịch sử giao | Boost: 0.25 | Matched: ['tài khoản']
2025-12-30 17:00:54 | DEBUG    | log:153 | [get_keyword_boost] Query: 'Trạng thái tài khoản ngân hàng...' | Doc: Tra cứu giao dịch th | Boost: 0.25 | Matched: ['trạng thái']
2025-12-30 17:00:54 | DEBUG    | log:153 | [classify_query_intent] Ambiguous: 'Trạng thái tài khoản ngân hàng...' | Scores: {'Tra cứu lịch sử giao dịch theo số tài khoản': 1, 'Tra cứu giao dịch theo trạng thái': 1}
2025-12-30 17:00:54 | DEBUG    | log:153 | [normalize_query] 'Tên sản phẩm và loại tiền của tài khoản,...' -> 'Tên sản phẩm và loại tiền của tài khoản,...'
2025-12-30 17:00:54 | DEBUG    | log:153 | [perform_hybrid_search] query_text: [Tên sản phẩm và loại tiền của tài khoản, tôi muốn xem] - formatted_query: [Tên sản phẩm và loại tiền của tài khoản, tôi muốn xem] - normalized_query: [Tên sản phẩm và loại tiền của tài khoản, tôi muốn xem]
2025-12-30 17:00:54 | DEBUG    | log:153 | [perform_hybrid_search] BM25 raw scores: min=1.8949, max=11.4381
2025-12-30 17:00:54 | DEBUG    | log:153 | [get_keyword_boost] Query: 'Tên sản phẩm và loại tiền của ...' | Doc: Tra cứu lịch sử giao | Boost: 0.25 | Matched: ['tài khoản']
2025-12-30 17:00:54 | DEBUG    | log:153 | [classify_query_intent] Classified: 'Tên sản phẩm và loại tiền của ...' -> Tra cứu lịch sử giao dịch theo (score=1)
2025-12-30 17:00:54 | DEBUG    | log:153 | [normalize_query] 'Số dư hiện tại và số tài khoản của tôi l...' -> 'Số dư hiện tại và số tài khoản của tôi l...'
2025-12-30 17:00:54 | DEBUG    | log:153 | [perform_hybrid_search] query_text: [Số dư hiện tại và số tài khoản của tôi là gì] - formatted_query: [Số dư hiện tại và số tài khoản của tôi là gì] - normalized_query: [Số dư hiện tại và số tài khoản của tôi là gì]
2025-12-30 17:00:54 | DEBUG    | log:153 | [perform_hybrid_search] BM25 raw scores: min=0.3841, max=11.3360
2025-12-30 17:00:54 | DEBUG    | log:153 | [get_keyword_boost] Query: 'Số dư hiện tại và số tài khoản...' | Doc: Tra cứu lịch sử giao | Boost: 0.25 | Matched: ['tài khoản']
2025-12-30 17:00:54 | DEBUG    | log:153 | [classify_query_intent] Classified: 'Số dư hiện tại và số tài khoản...' -> Tra cứu lịch sử giao dịch theo (score=1)
2025-12-30 17:00:54 | DEBUG    | log:153 | [normalize_query] 'Hạn mức thấu chi của tài khoản, cho biết...' -> 'Hạn mức thấu chi của tài khoản, cho biết...'
2025-12-30 17:00:54 | DEBUG    | log:153 | [perform_hybrid_search] query_text: [Hạn mức thấu chi của tài khoản, cho biết] - formatted_query: [Hạn mức thấu chi của tài khoản, cho biết] - normalized_query: [Hạn mức thấu chi của tài khoản, cho biết]
2025-12-30 17:00:54 | DEBUG    | log:153 | [perform_hybrid_search] BM25 raw scores: min=0.5326, max=4.9612
2025-12-30 17:00:54 | DEBUG    | log:153 | [get_keyword_boost] Query: 'Hạn mức thấu chi của tài khoản...' | Doc: Tra cứu lịch sử giao | Boost: 0.25 | Matched: ['tài khoản']
2025-12-30 17:00:54 | DEBUG    | log:153 | [classify_query_intent] Classified: 'Hạn mức thấu chi của tài khoản...' -> Tra cứu lịch sử giao dịch theo (score=1)
2025-12-30 17:00:54 | DEBUG    | log:153 | [normalize_query] 'Còn hoạt động không, tài khoản của tôi...' -> 'Còn hoạt động không, tài khoản của tôi...'
2025-12-30 17:00:54 | DEBUG    | log:153 | [perform_hybrid_search] query_text: [Còn hoạt động không, tài khoản của tôi] - formatted_query: [Còn hoạt động không, tài khoản của tôi] - normalized_query: [Còn hoạt động không, tài khoản của tôi]
2025-12-30 17:00:54 | DEBUG    | log:153 | [perform_hybrid_search] BM25 raw scores: min=0.0000, max=5.1775
2025-12-30 17:00:54 | DEBUG    | log:153 | [get_keyword_boost] Query: 'Còn hoạt động không, tài khoản...' | Doc: Tra cứu lịch sử giao | Boost: 0.25 | Matched: ['tài khoản']
2025-12-30 17:00:54 | DEBUG    | log:153 | [classify_query_intent] Classified: 'Còn hoạt động không, tài khoản...' -> Tra cứu lịch sử giao dịch theo (score=1)
2025-12-30 17:00:54 | DEBUG    | log:153 | [normalize_query] 'Thông tin chi tiết tài khoản ngân hàng P...' -> 'Thông tin chi tiết tài khoản ngân hàng p...'
2025-12-30 17:00:54 | DEBUG    | log:153 | [perform_hybrid_search] query_text: [Thông tin chi tiết tài khoản ngân hàng Proton, cho xem] - formatted_query: [Thông tin chi tiết tài khoản ngân hàng proton, cho xem] - normalized_query: [Thông tin chi tiết tài khoản ngân hàng proton, cho xem]
2025-12-30 17:00:54 | DEBUG    | log:153 | [perform_hybrid_search] BM25 raw scores: min=0.6356, max=13.1015
2025-12-30 17:00:54 | DEBUG    | log:153 | [get_keyword_boost] Query: 'Thông tin chi tiết tài khoản n...' | Doc: Tra cứu lịch sử giao | Boost: 0.25 | Matched: ['tài khoản']
2025-12-30 17:00:54 | DEBUG    | log:153 | [classify_query_intent] Classified: 'Thông tin chi tiết tài khoản n...' -> Tra cứu lịch sử giao dịch theo (score=1)
2025-12-30 17:00:54 | DEBUG    | log:153 | [normalize_query] 'Kiểm tra account status...' -> 'Kiểm tra account status...'
2025-12-30 17:00:54 | DEBUG    | log:153 | [perform_hybrid_search] query_text: [Kiểm tra account status] - formatted_query: [Kiểm tra account status] - normalized_query: [Kiểm tra account status]
2025-12-30 17:00:54 | DEBUG    | log:153 | [perform_hybrid_search] BM25 raw scores: min=0.0336, max=5.7519
2025-12-30 17:00:54 | DEBUG    | log:153 | [classify_query_intent] No keyword matches found in: 'Kiểm tra account status'
2025-12-30 17:00:54 | DEBUG    | log:153 | [normalize_query] 'Account type của tôi là gì...' -> 'Account type của tôi là gì...'
2025-12-30 17:00:54 | DEBUG    | log:153 | [perform_hybrid_search] query_text: [Account type của tôi là gì] - formatted_query: [Account type của tôi là gì] - normalized_query: [Account type của tôi là gì]
2025-12-30 17:00:54 | DEBUG    | log:153 | [perform_hybrid_search] BM25 raw scores: min=0.0000, max=4.3499
2025-12-30 17:00:54 | DEBUG    | log:153 | [classify_query_intent] No keyword matches found in: 'Account type của tôi là gì'
2025-12-30 17:00:54 | DEBUG    | log:153 | [normalize_query] 'Tài khoản này là loại thanh toán hay tiế...' -> 'Tài khoản này là loại thanh toán hay tiế...'
2025-12-30 17:00:54 | DEBUG    | log:153 | [perform_hybrid_search] query_text: [Tài khoản này là loại thanh toán hay tiết kiệm] - formatted_query: [Tài khoản này là loại thanh toán hay tiết kiệm] - normalized_query: [Tài khoản này là loại thanh toán hay tiết kiệm]
2025-12-30 17:00:54 | DEBUG    | log:153 | [perform_hybrid_search] BM25 raw scores: min=0.3547, max=15.2364
2025-12-30 17:00:54 | DEBUG    | log:153 | [get_keyword_boost] Query: 'Tài khoản này là loại thanh to...' | Doc: Tra cứu lịch sử giao | Boost: 0.25 | Matched: ['tài khoản']
2025-12-30 17:00:54 | DEBUG    | log:153 | [get_keyword_boost] Query: 'Tài khoản này là loại thanh to...' | Doc: Tra cứu giao dịch th | Boost: 0.25 | Matched: ['thanh toán']
2025-12-30 17:00:54 | DEBUG    | log:153 | [get_keyword_boost] Query: 'Tài khoản này là loại thanh to...' | Doc: Tra cứu giao dịch th | Boost: 0.25 | Matched: ['thanh toán']
2025-12-30 17:00:54 | DEBUG    | log:153 | [classify_query_intent] Ambiguous: 'Tài khoản này là loại thanh to...' | Scores: {'Tra cứu lịch sử giao dịch theo số tài khoản': 1, 'Tra cứu giao dịch theo loại giao dịch': 1, 'Tra cứu giao dịch thanh toán hóa đơn': 1}
2025-12-30 17:00:54 | DEBUG    | log:153 | [normalize_query] 'Cho biết loại tài khoản của tôi...' -> 'Cho biết loại tài khoản của tôi...'
2025-12-30 17:00:54 | DEBUG    | log:153 | [perform_hybrid_search] query_text: [Cho biết loại tài khoản của tôi] - formatted_query: [Cho biết loại tài khoản của tôi] - normalized_query: [Cho biết loại tài khoản của tôi]
2025-12-30 17:00:54 | DEBUG    | log:153 | [perform_hybrid_search] BM25 raw scores: min=0.5326, max=4.1646
2025-12-30 17:00:54 | DEBUG    | log:153 | [get_keyword_boost] Query: 'Cho biết loại tài khoản của tô...' | Doc: Tra cứu lịch sử giao | Boost: 0.25 | Matched: ['tài khoản']
2025-12-30 17:00:54 | DEBUG    | log:153 | [classify_query_intent] Classified: 'Cho biết loại tài khoản của tô...' -> Tra cứu lịch sử giao dịch theo (score=1)
2025-12-30 17:00:54 | DEBUG    | log:153 | [normalize_query] 'Kiểm tra loại tài khoản ngân hàng...' -> 'Kiểm tra loại tài khoản ngân hàng...'
2025-12-30 17:00:54 | DEBUG    | log:153 | [perform_hybrid_search] query_text: [Kiểm tra loại tài khoản ngân hàng] - formatted_query: [Kiểm tra loại tài khoản ngân hàng] - normalized_query: [Kiểm tra loại tài khoản ngân hàng]
2025-12-30 17:00:54 | DEBUG    | log:153 | [perform_hybrid_search] BM25 raw scores: min=0.3547, max=11.7019
2025-12-30 17:00:54 | DEBUG    | log:153 | [get_keyword_boost] Query: 'Kiểm tra loại tài khoản ngân h...' | Doc: Tra cứu lịch sử giao | Boost: 0.25 | Matched: ['tài khoản']
2025-12-30 17:00:54 | DEBUG    | log:153 | [classify_query_intent] Classified: 'Kiểm tra loại tài khoản ngân h...' -> Tra cứu lịch sử giao dịch theo (score=1)
2025-12-30 17:00:54 | DEBUG    | log:153 | [normalize_query] 'Tài khoản tôi mở ở chi nhánh nào...' -> 'Tài khoản tôi mở ở chi nhánh nào...'
2025-12-30 17:00:54 | DEBUG    | log:153 | [perform_hybrid_search] query_text: [Tài khoản tôi mở ở chi nhánh nào] - formatted_query: [Tài khoản tôi mở ở chi nhánh nào] - normalized_query: [Tài khoản tôi mở ở chi nhánh nào]
2025-12-30 17:00:54 | DEBUG    | log:153 | [perform_hybrid_search] BM25 raw scores: min=0.4516, max=10.3126
2025-12-30 17:00:54 | DEBUG    | log:153 | [get_keyword_boost] Query: 'Tài khoản tôi mở ở chi nhánh n...' | Doc: Tra cứu lịch sử giao | Boost: 0.25 | Matched: ['tài khoản']
2025-12-30 17:00:54 | DEBUG    | log:153 | [get_keyword_boost] Query: 'Tài khoản tôi mở ở chi nhánh n...' | Doc: Tra cứu giao dịch th | Boost: 0.25 | Matched: ['chi nhánh']
2025-12-30 17:00:54 | DEBUG    | log:153 | [classify_query_intent] Ambiguous: 'Tài khoản tôi mở ở chi nhánh n...' | Scores: {'Tra cứu lịch sử giao dịch theo số tài khoản': 1, 'Tra cứu giao dịch theo kênh giao dịch': 1}
2025-12-30 17:00:54 | DEBUG    | log:153 | [normalize_query] 'Ngày mở account là khi nào...' -> 'Ngày mở account là khi nào...'
2025-12-30 17:00:54 | DEBUG    | log:153 | [perform_hybrid_search] query_text: [Ngày mở account là khi nào] - formatted_query: [Ngày mở account là khi nào] - normalized_query: [Ngày mở account là khi nào]
2025-12-30 17:00:54 | DEBUG    | log:153 | [perform_hybrid_search] BM25 raw scores: min=0.0000, max=5.8572
2025-12-30 17:00:54 | DEBUG    | log:153 | [get_keyword_boost] Query: 'Ngày mở account là khi nào...' | Doc: Tra cứu lịch sử giao | Boost: 0.25 | Matched: ['ngày']
2025-12-30 17:00:54 | DEBUG    | log:153 | [classify_query_intent] Classified: 'Ngày mở account là khi nào...' -> Tra cứu lịch sử giao dịch theo (score=1)
2025-12-30 17:00:54 | DEBUG    | log:153 | [normalize_query] 'Branch mở tài khoản của tôi là gì...' -> 'Branch mở tài khoản của tôi là gì...'
2025-12-30 17:00:54 | DEBUG    | log:153 | [perform_hybrid_search] query_text: [Branch mở tài khoản của tôi là gì] - formatted_query: [Branch mở tài khoản của tôi là gì] - normalized_query: [Branch mở tài khoản của tôi là gì]
2025-12-30 17:00:54 | DEBUG    | log:153 | [perform_hybrid_search] BM25 raw scores: min=0.0000, max=6.7152
2025-12-30 17:00:54 | DEBUG    | log:153 | [get_keyword_boost] Query: 'Branch mở tài khoản của tôi là...' | Doc: Tra cứu lịch sử giao | Boost: 0.25 | Matched: ['tài khoản']
2025-12-30 17:00:54 | DEBUG    | log:153 | [classify_query_intent] Classified: 'Branch mở tài khoản của tôi là...' -> Tra cứu lịch sử giao dịch theo (score=1)
2025-12-30 17:00:54 | DEBUG    | log:153 | [normalize_query] 'Kiểm tra thông tin mở tài khoản...' -> 'Kiểm tra thông tin mở tài khoản...'
2025-12-30 17:00:54 | DEBUG    | log:153 | [perform_hybrid_search] query_text: [Kiểm tra thông tin mở tài khoản] - formatted_query: [Kiểm tra thông tin mở tài khoản] - normalized_query: [Kiểm tra thông tin mở tài khoản]
2025-12-30 17:00:54 | DEBUG    | log:153 | [perform_hybrid_search] BM25 raw scores: min=0.3849, max=8.0894
2025-12-30 17:00:54 | DEBUG    | log:153 | [get_keyword_boost] Query: 'Kiểm tra thông tin mở tài khoả...' | Doc: Tra cứu lịch sử giao | Boost: 0.25 | Matched: ['tài khoản']
2025-12-30 17:00:54 | DEBUG    | log:153 | [classify_query_intent] Classified: 'Kiểm tra thông tin mở tài khoả...' -> Tra cứu lịch sử giao dịch theo (score=1)
2025-12-30 17:00:54 | DEBUG    | log:153 | [normalize_query] 'Cho xem tên chủ account...' -> 'Cho xem tên chủ account...'
2025-12-30 17:00:54 | DEBUG    | log:153 | [perform_hybrid_search] query_text: [Cho xem tên chủ account] - formatted_query: [Cho xem tên chủ account] - normalized_query: [Cho xem tên chủ account]
2025-12-30 17:00:54 | DEBUG    | log:153 | [perform_hybrid_search] BM25 raw scores: min=0.0000, max=9.4204
2025-12-30 17:00:54 | DEBUG    | log:153 | [classify_query_intent] No keyword matches found in: 'Cho xem tên chủ account'
2025-12-30 17:00:54 | DEBUG    | log:153 | [normalize_query] 'Account holder name của tôi là gì...' -> 'Account holder name của tôi là gì...'
2025-12-30 17:00:54 | DEBUG    | log:153 | [perform_hybrid_search] query_text: [Account holder name của tôi là gì] - formatted_query: [Account holder name của tôi là gì] - normalized_query: [Account holder name của tôi là gì]
2025-12-30 17:00:54 | DEBUG    | log:153 | [perform_hybrid_search] BM25 raw scores: min=0.0000, max=4.3499
2025-12-30 17:00:54 | DEBUG    | log:153 | [classify_query_intent] No keyword matches found in: 'Account holder name của tôi là gì'
2025-12-30 17:00:54 | DEBUG    | log:153 | [normalize_query] 'Kiểm tra tên tài khoản ngân hàng...' -> 'Kiểm tra tên tài khoản ngân hàng...'
2025-12-30 17:00:54 | DEBUG    | log:153 | [perform_hybrid_search] query_text: [Kiểm tra tên tài khoản ngân hàng] - formatted_query: [Kiểm tra tên tài khoản ngân hàng] - normalized_query: [Kiểm tra tên tài khoản ngân hàng]
2025-12-30 17:00:54 | DEBUG    | log:153 | [perform_hybrid_search] BM25 raw scores: min=0.3248, max=10.9505
2025-12-30 17:00:54 | DEBUG    | log:153 | [get_keyword_boost] Query: 'Kiểm tra tên tài khoản ngân hà...' | Doc: Tra cứu lịch sử giao | Boost: 0.25 | Matched: ['tài khoản']
2025-12-30 17:00:54 | DEBUG    | log:153 | [classify_query_intent] Classified: 'Kiểm tra tên tài khoản ngân hà...' -> Tra cứu lịch sử giao dịch theo (score=1)
2025-12-30 17:00:54 | DEBUG    | log:153 | [normalize_query] 'Thông tin chủ tài khoản...' -> 'Thông tin chủ tài khoản...'
2025-12-30 17:00:54 | DEBUG    | log:153 | [perform_hybrid_search] query_text: [Thông tin chủ tài khoản] - formatted_query: [Thông tin chủ tài khoản] - normalized_query: [Thông tin chủ tài khoản]
2025-12-30 17:00:54 | DEBUG    | log:153 | [perform_hybrid_search] BM25 raw scores: min=0.1530, max=1.1205
2025-12-30 17:00:54 | DEBUG    | log:153 | [get_keyword_boost] Query: 'Thông tin chủ tài khoản...' | Doc: Tra cứu lịch sử giao | Boost: 0.25 | Matched: ['tài khoản']
2025-12-30 17:00:54 | DEBUG    | log:153 | [classify_query_intent] Classified: 'Thông tin chủ tài khoản...' -> Tra cứu lịch sử giao dịch theo (score=1)
2025-12-30 17:00:54 | DEBUG    | log:153 | [normalize_query] 'Product name và currency của account...' -> 'Product name và currency của account...'
2025-12-30 17:00:54 | DEBUG    | log:153 | [perform_hybrid_search] query_text: [Product name và currency của account] - formatted_query: [Product name và currency của account] - normalized_query: [Product name và currency của account]
2025-12-30 17:00:54 | DEBUG    | log:153 | [perform_hybrid_search] BM25 raw scores: min=0.0000, max=0.0000
2025-12-30 17:00:54 | DEBUG    | log:153 | [classify_query_intent] No keyword matches found in: 'Product name và currency của account'
2025-12-30 17:00:54 | DEBUG    | log:153 | [normalize_query] 'Tài khoản này dùng tiền VND hay USD...' -> 'Tài khoản này dùng tiền vnd hay usd...'
2025-12-30 17:00:54 | DEBUG    | log:153 | [perform_hybrid_search] query_text: [Tài khoản này dùng tiền VND hay USD] - formatted_query: [Tài khoản này dùng tiền vnd hay usd] - normalized_query: [Tài khoản này dùng tiền vnd hay usd]
2025-12-30 17:00:54 | DEBUG    | log:153 | [perform_hybrid_search] BM25 raw scores: min=0.0595, max=3.0424
2025-12-30 17:00:54 | DEBUG    | log:153 | [get_keyword_boost] Query: 'Tài khoản này dùng tiền vnd ha...' | Doc: Tra cứu lịch sử giao | Boost: 0.25 | Matched: ['tài khoản']
2025-12-30 17:00:54 | DEBUG    | log:153 | [classify_query_intent] Classified: 'Tài khoản này dùng tiền vnd ha...' -> Tra cứu lịch sử giao dịch theo (score=1)
2025-12-30 17:00:54 | DEBUG    | log:153 | [normalize_query] 'Cho biết sản phẩm tài khoản...' -> 'Cho biết sản phẩm tài khoản...'
2025-12-30 17:00:54 | DEBUG    | log:153 | [perform_hybrid_search] query_text: [Cho biết sản phẩm tài khoản] - formatted_query: [Cho biết sản phẩm tài khoản] - normalized_query: [Cho biết sản phẩm tài khoản]
2025-12-30 17:00:54 | DEBUG    | log:153 | [perform_hybrid_search] BM25 raw scores: min=0.5203, max=3.7634
2025-12-30 17:00:54 | DEBUG    | log:153 | [get_keyword_boost] Query: 'Cho biết sản phẩm tài khoản...' | Doc: Tra cứu lịch sử giao | Boost: 0.25 | Matched: ['tài khoản']
2025-12-30 17:00:54 | DEBUG    | log:153 | [classify_query_intent] Classified: 'Cho biết sản phẩm tài khoản...' -> Tra cứu lịch sử giao dịch theo (score=1)
2025-12-30 17:00:54 | DEBUG    | log:153 | [normalize_query] 'Kiểm tra loại tiền tài khoản...' -> 'Kiểm tra loại tiền tài khoản...'
2025-12-30 17:00:54 | DEBUG    | log:153 | [perform_hybrid_search] query_text: [Kiểm tra loại tiền tài khoản] - formatted_query: [Kiểm tra loại tiền tài khoản] - normalized_query: [Kiểm tra loại tiền tài khoản]
2025-12-30 17:00:54 | DEBUG    | log:153 | [perform_hybrid_search] BM25 raw scores: min=0.3485, max=10.5008
2025-12-30 17:00:54 | DEBUG    | log:153 | [get_keyword_boost] Query: 'Kiểm tra loại tiền tài khoản...' | Doc: Tra cứu lịch sử giao | Boost: 0.25 | Matched: ['tài khoản']
2025-12-30 17:00:54 | DEBUG    | log:153 | [classify_query_intent] Classified: 'Kiểm tra loại tiền tài khoản...' -> Tra cứu lịch sử giao dịch theo (score=1)
2025-12-30 17:00:54 | DEBUG    | log:153 | [normalize_query] 'Tài khoản tôi đang bị giữ bao nhiêu tiền...' -> 'Tài khoản tôi đang bị giữ bao nhiêu tiền...'
2025-12-30 17:00:54 | DEBUG    | log:153 | [perform_hybrid_search] query_text: [Tài khoản tôi đang bị giữ bao nhiêu tiền] - formatted_query: [Tài khoản tôi đang bị giữ bao nhiêu tiền] - normalized_query: [Tài khoản tôi đang bị giữ bao nhiêu tiền]
2025-12-30 17:00:54 | DEBUG    | log:153 | [perform_hybrid_search] BM25 raw scores: min=0.0480, max=13.1569
2025-12-30 17:00:54 | DEBUG    | log:153 | [get_keyword_boost] Query: 'Tài khoản tôi đang bị giữ bao ...' | Doc: Tra cứu lịch sử giao | Boost: 0.25 | Matched: ['tài khoản']
2025-12-30 17:00:54 | DEBUG    | log:153 | [classify_query_intent] Classified: 'Tài khoản tôi đang bị giữ bao ...' -> Tra cứu lịch sử giao dịch theo (score=1)
2025-12-30 17:00:54 | DEBUG    | log:153 | [normalize_query] 'Số tiền blocked balance là bao nhiêu...' -> 'Số tiền blocked balance là bao nhiêu...'
2025-12-30 17:00:54 | DEBUG    | log:153 | [perform_hybrid_search] query_text: [Số tiền blocked balance là bao nhiêu] - formatted_query: [Số tiền blocked balance là bao nhiêu] - normalized_query: [Số tiền blocked balance là bao nhiêu]
2025-12-30 17:00:54 | DEBUG    | log:153 | [perform_hybrid_search] BM25 raw scores: min=0.0892, max=7.2587
2025-12-30 17:00:54 | DEBUG    | log:153 | [get_keyword_boost] Query: 'Số tiền blocked balance là bao...' | Doc: Tra cứu giao dịch ch | Boost: 0.25 | Matched: ['ck']
2025-12-30 17:00:54 | DEBUG    | log:153 | [classify_query_intent] Classified: 'Số tiền blocked balance là bao...' -> Tra cứu giao dịch chuyển tiền (score=1)
2025-12-30 17:00:54 | DEBUG    | log:153 | [normalize_query] 'Kiểm tra tiền bị khóa trong account...' -> 'Kiểm tra tiền bị khóa trong account...'
2025-12-30 17:00:54 | DEBUG    | log:153 | [perform_hybrid_search] query_text: [Kiểm tra tiền bị khóa trong account] - formatted_query: [Kiểm tra tiền bị khóa trong account] - normalized_query: [Kiểm tra tiền bị khóa trong account]
2025-12-30 17:00:54 | DEBUG    | log:153 | [perform_hybrid_search] BM25 raw scores: min=0.0657, max=5.7816
2025-12-30 17:00:54 | DEBUG    | log:153 | [classify_query_intent] No keyword matches found in: 'Kiểm tra tiền bị khóa trong account'
2025-12-30 17:00:54 | DEBUG    | log:153 | [normalize_query] 'Có bao nhiêu tiền đang bị phong tỏa...' -> 'Có bao nhiêu tiền đang bị phong tỏa...'
2025-12-30 17:00:54 | DEBUG    | log:153 | [perform_hybrid_search] query_text: [Có bao nhiêu tiền đang bị phong tỏa] - formatted_query: [Có bao nhiêu tiền đang bị phong tỏa] - normalized_query: [Có bao nhiêu tiền đang bị phong tỏa]
2025-12-30 17:00:54 | DEBUG    | log:153 | [perform_hybrid_search] BM25 raw scores: min=0.0357, max=13.9648
2025-12-30 17:00:54 | DEBUG    | log:153 | [classify_query_intent] No keyword matches found in: 'Có bao nhiêu tiền đang bị phong tỏa'
2025-12-30 17:00:54 | DEBUG    | log:153 | [normalize_query] 'Overdraft limit của tôi là bao nhiêu...' -> 'Overdraft limit của tôi là bao nhiêu...'
2025-12-30 17:00:54 | DEBUG    | log:153 | [perform_hybrid_search] query_text: [Overdraft limit của tôi là bao nhiêu] - formatted_query: [Overdraft limit của tôi là bao nhiêu] - normalized_query: [Overdraft limit của tôi là bao nhiêu]
2025-12-30 17:00:54 | DEBUG    | log:153 | [perform_hybrid_search] BM25 raw scores: min=0.0160, max=7.0187
2025-12-30 17:00:54 | DEBUG    | log:153 | [classify_query_intent] No keyword matches found in: 'Overdraft limit của tôi là bao nhiêu'
2025-12-30 17:00:54 | DEBUG    | log:153 | [normalize_query] 'Tài khoản này được thấu chi bao nhiêu ti...' -> 'Tài khoản này được thấu chi bao nhiêu ti...'
2025-12-30 17:00:54 | DEBUG    | log:153 | [perform_hybrid_search] query_text: [Tài khoản này được thấu chi bao nhiêu tiền] - formatted_query: [Tài khoản này được thấu chi bao nhiêu tiền] - normalized_query: [Tài khoản này được thấu chi bao nhiêu tiền]
2025-12-30 17:00:54 | DEBUG    | log:153 | [perform_hybrid_search] BM25 raw scores: min=0.3447, max=14.3117
2025-12-30 17:00:54 | DEBUG    | log:153 | [get_keyword_boost] Query: 'Tài khoản này được thấu chi ba...' | Doc: Tra cứu lịch sử giao | Boost: 0.25 | Matched: ['tài khoản']
2025-12-30 17:00:54 | DEBUG    | log:153 | [classify_query_intent] Classified: 'Tài khoản này được thấu chi ba...' -> Tra cứu lịch sử giao dịch theo (score=1)
2025-12-30 17:00:54 | DEBUG    | log:153 | [normalize_query] 'Kiểm tra hạn mức thấu chi...' -> 'Kiểm tra hạn mức thấu chi...'
2025-12-30 17:00:54 | DEBUG    | log:153 | [perform_hybrid_search] query_text: [Kiểm tra hạn mức thấu chi] - formatted_query: [Kiểm tra hạn mức thấu chi] - normalized_query: [Kiểm tra hạn mức thấu chi]
2025-12-30 17:00:54 | DEBUG    | log:153 | [perform_hybrid_search] BM25 raw scores: min=0.0344, max=7.7898
2025-12-30 17:00:54 | DEBUG    | log:153 | [classify_query_intent] No keyword matches found in: 'Kiểm tra hạn mức thấu chi'
2025-12-30 17:00:54 | DEBUG    | log:153 | [normalize_query] 'Thông tin thấu chi tài khoản...' -> 'Thông tin thấu chi tài khoản...'
2025-12-30 17:00:54 | DEBUG    | log:153 | [perform_hybrid_search] query_text: [Thông tin thấu chi tài khoản] - formatted_query: [Thông tin thấu chi tài khoản] - normalized_query: [Thông tin thấu chi tài khoản]
2025-12-30 17:00:54 | DEBUG    | log:153 | [perform_hybrid_search] BM25 raw scores: min=0.3629, max=2.1909
2025-12-30 17:00:54 | DEBUG    | log:153 | [get_keyword_boost] Query: 'Thông tin thấu chi tài khoản...' | Doc: Tra cứu lịch sử giao | Boost: 0.25 | Matched: ['tài khoản']
2025-12-30 17:00:54 | DEBUG    | log:153 | [classify_query_intent] Classified: 'Thông tin thấu chi tài khoản...' -> Tra cứu lịch sử giao dịch theo (score=1)
2025-12-30 17:00:54 | DEBUG    | log:153 | [normalize_query] 'Xem account identification info...' -> 'Xem account identification info...'
2025-12-30 17:00:54 | DEBUG    | log:153 | [perform_hybrid_search] query_text: [Xem account identification info] - formatted_query: [Xem account identification info] - normalized_query: [Xem account identification info]
2025-12-30 17:00:54 | DEBUG    | log:153 | [perform_hybrid_search] BM25 raw scores: min=0.0000, max=3.8028
2025-12-30 17:00:54 | DEBUG    | log:153 | [get_keyword_boost] Query: 'Xem account identification inf...' | Doc: Tra cứu chi tiết một | Boost: 0.25 | Matched: ['id']
2025-12-30 17:00:54 | DEBUG    | log:153 | [classify_query_intent] Classified: 'Xem account identification inf...' -> Tra cứu chi tiết một giao dịch (score=1)
2025-12-30 17:00:54 | DEBUG    | log:153 | [normalize_query] 'Cho tôi xem thông tin nhận diện tài khoả...' -> 'Cho tôi xem thông tin nhận diện tài khoả...'
2025-12-30 17:00:54 | DEBUG    | log:153 | [perform_hybrid_search] query_text: [Cho tôi xem thông tin nhận diện tài khoản] - formatted_query: [Cho tôi xem thông tin nhận diện tài khoản] - normalized_query: [Cho tôi xem thông tin nhận diện tài khoản]
2025-12-30 17:00:54 | DEBUG    | log:153 | [perform_hybrid_search] BM25 raw scores: min=0.6210, max=6.8752
2025-12-30 17:00:54 | DEBUG    | log:153 | [get_keyword_boost] Query: 'Cho tôi xem thông tin nhận diệ...' | Doc: Tra cứu lịch sử giao | Boost: 0.25 | Matched: ['tài khoản']
2025-12-30 17:00:54 | DEBUG    | log:153 | [get_keyword_boost] Query: 'Cho tôi xem thông tin nhận diệ...' | Doc: Tra cứu giao dịch nh | Boost: 0.25 | Matched: ['nhận']
2025-12-30 17:00:54 | DEBUG    | log:153 | [classify_query_intent] Ambiguous: 'Cho tôi xem thông tin nhận diệ...' | Scores: {'Tra cứu lịch sử giao dịch theo số tài khoản': 1, 'Tra cứu giao dịch nhận tiền': 1}
2025-12-30 17:00:54 | DEBUG    | log:153 | [normalize_query] 'Kiểm tra thông tin định danh tài khoản...' -> 'Kiểm tra thông tin định danh tài khoản...'
2025-12-30 17:00:54 | DEBUG    | log:153 | [perform_hybrid_search] query_text: [Kiểm tra thông tin định danh tài khoản] - formatted_query: [Kiểm tra thông tin định danh tài khoản] - normalized_query: [Kiểm tra thông tin định danh tài khoản]
2025-12-30 17:00:54 | DEBUG    | log:153 | [perform_hybrid_search] BM25 raw scores: min=0.6881, max=8.9499
2025-12-30 17:00:54 | DEBUG    | log:153 | [get_keyword_boost] Query: 'Kiểm tra thông tin định danh t...' | Doc: Tra cứu lịch sử giao | Boost: 0.25 | Matched: ['tài khoản']
2025-12-30 17:00:54 | DEBUG    | log:153 | [classify_query_intent] Classified: 'Kiểm tra thông tin định danh t...' -> Tra cứu lịch sử giao dịch theo (score=1)
2025-12-30 17:00:54 | DEBUG    | log:153 | [normalize_query] 'Xem account detail tổng hợp...' -> 'Xem account detail tổng hợp...'
2025-12-30 17:00:54 | DEBUG    | log:153 | [perform_hybrid_search] query_text: [Xem account detail tổng hợp] - formatted_query: [Xem account detail tổng hợp] - normalized_query: [Xem account detail tổng hợp]
2025-12-30 17:00:54 | DEBUG    | log:153 | [perform_hybrid_search] BM25 raw scores: min=0.0000, max=12.0385
2025-12-30 17:00:54 | DEBUG    | log:153 | [get_keyword_boost] Query: 'Xem account detail tổng hợp...' | Doc: Tổng hợp số tiền gia | Boost: 0.25 | Matched: ['tổng']
2025-12-30 17:00:54 | DEBUG    | log:153 | [get_keyword_boost] Query: 'Xem account detail tổng hợp...' | Doc: Thống kê giao dịch t | Boost: 0.25 | Matched: ['tổng hợp']
2025-12-30 17:00:54 | DEBUG    | log:153 | [classify_query_intent] Ambiguous: 'Xem account detail tổng hợp...' | Scores: {'Tổng hợp số tiền giao dịch': 1, 'Thống kê giao dịch theo nhóm': 1}
2025-12-30 17:00:54 | DEBUG    | log:153 | [normalize_query] 'Chi tiêt về tài khoản của tôi...' -> 'Chi tiêt về tài khoản của tôi...'
2025-12-30 17:00:54 | DEBUG    | log:153 | [perform_hybrid_search] query_text: [Chi tiêt về tài khoản của tôi] - formatted_query: [Chi tiêt về tài khoản của tôi] - normalized_query: [Chi tiêt về tài khoản của tôi]
2025-12-30 17:00:54 | DEBUG    | log:153 | [perform_hybrid_search] BM25 raw scores: min=0.3322, max=8.8007
2025-12-30 17:00:54 | DEBUG    | log:153 | [get_keyword_boost] Query: 'Chi tiêt về tài khoản của tôi...' | Doc: Tra cứu lịch sử giao | Boost: 0.25 | Matched: ['tài khoản']
2025-12-30 17:00:54 | DEBUG    | log:153 | [classify_query_intent] Classified: 'Chi tiêt về tài khoản của tôi...' -> Tra cứu lịch sử giao dịch theo (score=1)
2025-12-30 17:00:54 | DEBUG    | log:153 | [normalize_query] 'Chi tiết vê tài khoản của toi...' -> 'Chi tiết vê tài khoản của toi...'
2025-12-30 17:00:54 | DEBUG    | log:153 | [perform_hybrid_search] query_text: [Chi tiết vê tài khoản của toi] - formatted_query: [Chi tiết vê tài khoản của toi] - normalized_query: [Chi tiết vê tài khoản của toi]
2025-12-30 17:00:55 | DEBUG    | log:153 | [perform_hybrid_search] BM25 raw scores: min=0.3132, max=6.5471
2025-12-30 17:00:55 | DEBUG    | log:153 | [get_keyword_boost] Query: 'Chi tiết vê tài khoản của toi...' | Doc: Tra cứu lịch sử giao | Boost: 0.25 | Matched: ['tài khoản']
2025-12-30 17:00:55 | DEBUG    | log:153 | [classify_query_intent] Classified: 'Chi tiết vê tài khoản của toi...' -> Tra cứu lịch sử giao dịch theo (score=1)
2025-12-30 17:00:55 | DEBUG    | log:153 | [normalize_query] 'Xem hộ tài khoãn của tôi...' -> 'Xem hộ tài khoãn của tôi...'
2025-12-30 17:00:55 | DEBUG    | log:153 | [perform_hybrid_search] query_text: [Xem hộ tài khoãn của tôi] - formatted_query: [Xem hộ tài khoãn của tôi] - normalized_query: [Xem hộ tài khoãn của tôi]
2025-12-30 17:00:55 | DEBUG    | log:153 | [perform_hybrid_search] BM25 raw scores: min=0.5203, max=4.3830
2025-12-30 17:00:55 | DEBUG    | log:153 | [classify_query_intent] No keyword matches found in: 'Xem hộ tài khoãn của tôi'
2025-12-30 17:00:55 | DEBUG    | log:153 | [normalize_query] 'Xem hô tài khoản của tôi...' -> 'Xem hô tài khoản của tôi...'
2025-12-30 17:00:55 | DEBUG    | log:153 | [perform_hybrid_search] query_text: [Xem hô tài khoản của tôi] - formatted_query: [Xem hô tài khoản của tôi] - normalized_query: [Xem hô tài khoản của tôi]
2025-12-30 17:00:55 | DEBUG    | log:153 | [perform_hybrid_search] BM25 raw scores: min=0.5203, max=4.3830
2025-12-30 17:00:55 | DEBUG    | log:153 | [get_keyword_boost] Query: 'Xem hô tài khoản của tôi...' | Doc: Tra cứu lịch sử giao | Boost: 0.25 | Matched: ['tài khoản']
2025-12-30 17:00:55 | DEBUG    | log:153 | [classify_query_intent] Classified: 'Xem hô tài khoản của tôi...' -> Tra cứu lịch sử giao dịch theo (score=1)
2025-12-30 17:00:55 | DEBUG    | log:153 | [normalize_query] 'Tôi muốn biêt trạng thái tài khoản của t...' -> 'Tôi muốn biêt trạng thái tài khoản của t...'
2025-12-30 17:00:55 | DEBUG    | log:153 | [perform_hybrid_search] query_text: [Tôi muốn biêt trạng thái tài khoản của tôi] - formatted_query: [Tôi muốn biêt trạng thái tài khoản của tôi] - normalized_query: [Tôi muốn biêt trạng thái tài khoản của tôi]
2025-12-30 17:00:55 | DEBUG    | log:153 | [perform_hybrid_search] BM25 raw scores: min=0.5203, max=9.7555
2025-12-30 17:00:55 | DEBUG    | log:153 | [get_keyword_boost] Query: 'Tôi muốn biêt trạng thái tài k...' | Doc: Tra cứu lịch sử giao | Boost: 0.25 | Matched: ['tài khoản']
2025-12-30 17:00:55 | DEBUG    | log:153 | [get_keyword_boost] Query: 'Tôi muốn biêt trạng thái tài k...' | Doc: Tra cứu giao dịch th | Boost: 0.25 | Matched: ['trạng thái']
2025-12-30 17:00:55 | DEBUG    | log:153 | [classify_query_intent] Ambiguous: 'Tôi muốn biêt trạng thái tài k...' | Scores: {'Tra cứu lịch sử giao dịch theo số tài khoản': 1, 'Tra cứu giao dịch theo trạng thái': 1}
2025-12-30 17:00:55 | DEBUG    | log:153 | [normalize_query] 'Tôi muốn biết trạnh thái tài khoản của t...' -> 'Tôi muốn biết trạnh thái tài khoản của t...'
2025-12-30 17:00:55 | DEBUG    | log:153 | [perform_hybrid_search] query_text: [Tôi muốn biết trạnh thái tài khoản của tôi] - formatted_query: [Tôi muốn biết trạnh thái tài khoản của tôi] - normalized_query: [Tôi muốn biết trạnh thái tài khoản của tôi]
2025-12-30 17:00:55 | DEBUG    | log:153 | [perform_hybrid_search] BM25 raw scores: min=0.5203, max=5.0240
2025-12-30 17:00:55 | DEBUG    | log:153 | [get_keyword_boost] Query: 'Tôi muốn biết trạnh thái tài k...' | Doc: Tra cứu lịch sử giao | Boost: 0.25 | Matched: ['tài khoản']
2025-12-30 17:00:55 | DEBUG    | log:153 | [classify_query_intent] Classified: 'Tôi muốn biết trạnh thái tài k...' -> Tra cứu lịch sử giao dịch theo (score=1)
2025-12-30 17:00:55 | DEBUG    | log:153 | [normalize_query] 'Cho tôi biêt trạng thái tài khoản của tô...' -> 'Cho tôi biêt trạng thái tài khoản của tô...'
2025-12-30 17:00:55 | DEBUG    | log:153 | [perform_hybrid_search] query_text: [Cho tôi biêt trạng thái tài khoản của tôi] - formatted_query: [Cho tôi biêt trạng thái tài khoản của tôi] - normalized_query: [Cho tôi biêt trạng thái tài khoản của tôi]
2025-12-30 17:00:55 | DEBUG    | log:153 | [perform_hybrid_search] BM25 raw scores: min=0.5203, max=9.7555
2025-12-30 17:00:55 | DEBUG    | log:153 | [get_keyword_boost] Query: 'Cho tôi biêt trạng thái tài kh...' | Doc: Tra cứu lịch sử giao | Boost: 0.25 | Matched: ['tài khoản']
2025-12-30 17:00:55 | DEBUG    | log:153 | [get_keyword_boost] Query: 'Cho tôi biêt trạng thái tài kh...' | Doc: Tra cứu giao dịch th | Boost: 0.25 | Matched: ['trạng thái']
2025-12-30 17:00:55 | DEBUG    | log:153 | [classify_query_intent] Ambiguous: 'Cho tôi biêt trạng thái tài kh...' | Scores: {'Tra cứu lịch sử giao dịch theo số tài khoản': 1, 'Tra cứu giao dịch theo trạng thái': 1}
2025-12-30 17:00:55 | DEBUG    | log:153 | [normalize_query] 'Cho tôi biết trạng thái tài khoãn của tô...' -> 'Cho tôi biết trạng thái tài khoãn của tô...'
2025-12-30 17:00:55 | DEBUG    | log:153 | [perform_hybrid_search] query_text: [Cho tôi biết trạng thái tài khoãn của tôi] - formatted_query: [Cho tôi biết trạng thái tài khoãn của tôi] - normalized_query: [Cho tôi biết trạng thái tài khoãn của tôi]
2025-12-30 17:00:55 | DEBUG    | log:153 | [perform_hybrid_search] BM25 raw scores: min=0.5203, max=9.7555
2025-12-30 17:00:55 | DEBUG    | log:153 | [get_keyword_boost] Query: 'Cho tôi biết trạng thái tài kh...' | Doc: Tra cứu giao dịch th | Boost: 0.25 | Matched: ['trạng thái']
2025-12-30 17:00:55 | DEBUG    | log:153 | [classify_query_intent] Classified: 'Cho tôi biết trạng thái tài kh...' -> Tra cứu giao dịch theo trạng t (score=1)
2025-12-30 17:00:55 | DEBUG    | log:153 | [normalize_query] 'Tôi hỏi trạn thái tài khoản của tôi...' -> 'Tôi hỏi trạn thái tài khoản của tôi...'
2025-12-30 17:00:55 | DEBUG    | log:153 | [perform_hybrid_search] query_text: [Tôi hỏi trạn thái tài khoản của tôi] - formatted_query: [Tôi hỏi trạn thái tài khoản của tôi] - normalized_query: [Tôi hỏi trạn thái tài khoản của tôi]
2025-12-30 17:00:55 | DEBUG    | log:153 | [perform_hybrid_search] BM25 raw scores: min=0.2827, max=4.1394
2025-12-30 17:00:55 | DEBUG    | log:153 | [get_keyword_boost] Query: 'Tôi hỏi trạn thái tài khoản củ...' | Doc: Tra cứu lịch sử giao | Boost: 0.25 | Matched: ['tài khoản']
2025-12-30 17:00:55 | DEBUG    | log:153 | [classify_query_intent] Classified: 'Tôi hỏi trạn thái tài khoản củ...' -> Tra cứu lịch sử giao dịch theo (score=1)
2025-12-30 17:00:55 | DEBUG    | log:153 | [normalize_query] 'Tôi hỏi trạng thải tài khoản của tôi...' -> 'Tôi hỏi trạng thải tài khoản của tôi...'
2025-12-30 17:00:55 | DEBUG    | log:153 | [perform_hybrid_search] query_text: [Tôi hỏi trạng thải tài khoản của tôi] - formatted_query: [Tôi hỏi trạng thải tài khoản của tôi] - normalized_query: [Tôi hỏi trạng thải tài khoản của tôi]
2025-12-30 17:00:55 | DEBUG    | log:153 | [perform_hybrid_search] BM25 raw scores: min=0.2827, max=8.8710
2025-12-30 17:00:55 | DEBUG    | log:153 | [get_keyword_boost] Query: 'Tôi hỏi trạng thải tài khoản c...' | Doc: Tra cứu lịch sử giao | Boost: 0.25 | Matched: ['tài khoản']
2025-12-30 17:00:55 | DEBUG    | log:153 | [classify_query_intent] Classified: 'Tôi hỏi trạng thải tài khoản c...' -> Tra cứu lịch sử giao dịch theo (score=1)
2025-12-30 17:00:55 | DEBUG    | log:153 | [normalize_query] 'Giúp tôi xem trạn thái tài khoản của tôi...' -> 'Giúp tôi xem trạn thái tài khoản của tôi...'
2025-12-30 17:00:55 | DEBUG    | log:153 | [perform_hybrid_search] query_text: [Giúp tôi xem trạn thái tài khoản của tôi] - formatted_query: [Giúp tôi xem trạn thái tài khoản của tôi] - normalized_query: [Giúp tôi xem trạn thái tài khoản của tôi]
2025-12-30 17:00:55 | DEBUG    | log:153 | [perform_hybrid_search] BM25 raw scores: min=0.5203, max=6.3558
2025-12-30 17:00:55 | DEBUG    | log:153 | [get_keyword_boost] Query: 'Giúp tôi xem trạn thái tài kho...' | Doc: Tra cứu lịch sử giao | Boost: 0.25 | Matched: ['tài khoản']
2025-12-30 17:00:55 | DEBUG    | log:153 | [classify_query_intent] Classified: 'Giúp tôi xem trạn thái tài kho...' -> Tra cứu lịch sử giao dịch theo (score=1)
2025-12-30 17:00:55 | DEBUG    | log:153 | [normalize_query] 'Giúp tôi xem trạng thái tài khoãn của tô...' -> 'Giúp tôi xem trạng thái tài khoãn của tô...'
2025-12-30 17:00:55 | DEBUG    | log:153 | [perform_hybrid_search] query_text: [Giúp tôi xem trạng thái tài khoãn của tôi] - formatted_query: [Giúp tôi xem trạng thái tài khoãn của tôi] - normalized_query: [Giúp tôi xem trạng thái tài khoãn của tôi]
2025-12-30 17:00:55 | DEBUG    | log:153 | [perform_hybrid_search] BM25 raw scores: min=0.5203, max=11.0873
2025-12-30 17:00:55 | DEBUG    | log:153 | [get_keyword_boost] Query: 'Giúp tôi xem trạng thái tài kh...' | Doc: Tra cứu giao dịch th | Boost: 0.25 | Matched: ['trạng thái']
2025-12-30 17:00:55 | DEBUG    | log:153 | [classify_query_intent] Classified: 'Giúp tôi xem trạng thái tài kh...' -> Tra cứu giao dịch theo trạng t (score=1)
2025-12-30 17:00:55 | DEBUG    | log:153 | [normalize_query] 'Xem dùm tôi trạn thái tài khoản của tôi...' -> 'Xem dùm tôi trạn thái tài khoản của tôi...'
2025-12-30 17:00:55 | DEBUG    | log:153 | [perform_hybrid_search] query_text: [Xem dùm tôi trạn thái tài khoản của tôi] - formatted_query: [Xem dùm tôi trạn thái tài khoản của tôi] - normalized_query: [Xem dùm tôi trạn thái tài khoản của tôi]
2025-12-30 17:00:55 | DEBUG    | log:153 | [perform_hybrid_search] BM25 raw scores: min=0.5203, max=6.3558
2025-12-30 17:00:55 | DEBUG    | log:153 | [get_keyword_boost] Query: 'Xem dùm tôi trạn thái tài khoả...' | Doc: Tra cứu lịch sử giao | Boost: 0.25 | Matched: ['tài khoản']
2025-12-30 17:00:55 | DEBUG    | log:153 | [classify_query_intent] Classified: 'Xem dùm tôi trạn thái tài khoả...' -> Tra cứu lịch sử giao dịch theo (score=1)
2025-12-30 17:00:55 | DEBUG    | log:153 | [normalize_query] 'Xem dùm tôi trạng thía tài khoản của tôi...' -> 'Xem dùm tôi trạng thía tài khoản của tôi...'
2025-12-30 17:00:55 | DEBUG    | log:153 | [perform_hybrid_search] query_text: [Xem dùm tôi trạng thía tài khoản của tôi] - formatted_query: [Xem dùm tôi trạng thía tài khoản của tôi] - normalized_query: [Xem dùm tôi trạng thía tài khoản của tôi]
2025-12-30 17:00:55 | DEBUG    | log:153 | [perform_hybrid_search] BM25 raw scores: min=0.5203, max=6.3558
2025-12-30 17:00:55 | DEBUG    | log:153 | [get_keyword_boost] Query: 'Xem dùm tôi trạng thía tài kho...' | Doc: Tra cứu lịch sử giao | Boost: 0.25 | Matched: ['tài khoản']
2025-12-30 17:00:55 | DEBUG    | log:153 | [classify_query_intent] Classified: 'Xem dùm tôi trạng thía tài kho...' -> Tra cứu lịch sử giao dịch theo (score=1)
2025-12-30 17:00:55 | DEBUG    | log:153 | [normalize_query] 'Chi tiết về trạn thái tài khoản của tôi...' -> 'Chi tiết về trạn thái tài khoản của tôi...'
2025-12-30 17:00:55 | DEBUG    | log:153 | [perform_hybrid_search] query_text: [Chi tiết về trạn thái tài khoản của tôi] - formatted_query: [Chi tiết về trạn thái tài khoản của tôi] - normalized_query: [Chi tiết về trạn thái tài khoản của tôi]
2025-12-30 17:00:55 | DEBUG    | log:153 | [perform_hybrid_search] BM25 raw scores: min=0.3322, max=8.8007
2025-12-30 17:00:55 | DEBUG    | log:153 | [get_keyword_boost] Query: 'Chi tiết về trạn thái tài khoả...' | Doc: Tra cứu lịch sử giao | Boost: 0.25 | Matched: ['tài khoản']
2025-12-30 17:00:55 | DEBUG    | log:153 | [classify_query_intent] Classified: 'Chi tiết về trạn thái tài khoả...' -> Tra cứu lịch sử giao dịch theo (score=1)
2025-12-30 17:00:55 | DEBUG    | log:153 | [normalize_query] 'Chi tiết về trạng thải tài khoản của tôi...' -> 'Chi tiết về trạng thải tài khoản của tôi...'
2025-12-30 17:00:55 | DEBUG    | log:153 | [perform_hybrid_search] query_text: [Chi tiết về trạng thải tài khoản của tôi] - formatted_query: [Chi tiết về trạng thải tài khoản của tôi] - normalized_query: [Chi tiết về trạng thải tài khoản của tôi]
2025-12-30 17:00:55 | DEBUG    | log:153 | [perform_hybrid_search] BM25 raw scores: min=0.3322, max=9.2052
2025-12-30 17:00:55 | DEBUG    | log:153 | [get_keyword_boost] Query: 'Chi tiết về trạng thải tài kho...' | Doc: Tra cứu lịch sử giao | Boost: 0.25 | Matched: ['tài khoản']
2025-12-30 17:00:55 | DEBUG    | log:153 | [classify_query_intent] Classified: 'Chi tiết về trạng thải tài kho...' -> Tra cứu lịch sử giao dịch theo (score=1)
2025-12-30 17:00:55 | DEBUG    | log:153 | [normalize_query] 'Xem full thông tin tài khoãn của tôi...' -> 'Xem full thông tin tài khoãn của tôi...'
2025-12-30 17:00:55 | DEBUG    | log:153 | [perform_hybrid_search] query_text: [Xem full thông tin tài khoãn của tôi] - formatted_query: [Xem full thông tin tài khoãn của tôi] - normalized_query: [Xem full thông tin tài khoãn của tôi]
2025-12-30 17:00:55 | DEBUG    | log:153 | [perform_hybrid_search] BM25 raw scores: min=0.6210, max=4.4454
2025-12-30 17:00:55 | DEBUG    | log:153 | [classify_query_intent] No keyword matches found in: 'Xem full thông tin tài khoãn của tôi'
2025-12-30 17:00:55 | DEBUG    | log:153 | [normalize_query] 'Tài khoản tôi còn bao nhiêu tiền dủng đư...' -> 'Tài khoản tôi còn bao nhiêu tiền dủng đư...'
2025-12-30 17:00:55 | DEBUG    | log:153 | [perform_hybrid_search] query_text: [Tài khoản tôi còn bao nhiêu tiền dủng được] - formatted_query: [Tài khoản tôi còn bao nhiêu tiền dủng được] - normalized_query: [Tài khoản tôi còn bao nhiêu tiền dủng được]
2025-12-30 17:00:55 | DEBUG    | log:153 | [perform_hybrid_search] BM25 raw scores: min=0.0778, max=13.1746
2025-12-30 17:00:55 | DEBUG    | log:153 | [get_keyword_boost] Query: 'Tài khoản tôi còn bao nhiêu ti...' | Doc: Tra cứu lịch sử giao | Boost: 0.25 | Matched: ['tài khoản']
2025-12-30 17:00:55 | DEBUG    | log:153 | [classify_query_intent] Classified: 'Tài khoản tôi còn bao nhiêu ti...' -> Tra cứu lịch sử giao dịch theo (score=1)
2025-12-30 17:00:55 | DEBUG    | log:153 | [normalize_query] 'Tài khoản tôi còn bao nhiêu tiền dung đư...' -> 'Tài khoản tôi còn bao nhiêu tiền dung đư...'
2025-12-30 17:00:55 | DEBUG    | log:153 | [perform_hybrid_search] query_text: [Tài khoản tôi còn bao nhiêu tiền dung đươc] - formatted_query: [Tài khoản tôi còn bao nhiêu tiền dung đươc] - normalized_query: [Tài khoản tôi còn bao nhiêu tiền dung đươc]
2025-12-30 17:00:55 | DEBUG    | log:153 | [perform_hybrid_search] BM25 raw scores: min=0.0778, max=13.1746
2025-12-30 17:00:55 | DEBUG    | log:153 | [get_keyword_boost] Query: 'Tài khoản tôi còn bao nhiêu ti...' | Doc: Tra cứu lịch sử giao | Boost: 0.25 | Matched: ['tài khoản']
2025-12-30 17:00:55 | DEBUG    | log:153 | [classify_query_intent] Classified: 'Tài khoản tôi còn bao nhiêu ti...' -> Tra cứu lịch sử giao dịch theo (score=1)
2025-12-30 17:00:55 | DEBUG    | log:153 | [normalize_query] 'Kiểm tra số tiên khả dụng trong tài khoả...' -> 'Kiểm tra số tiên khả dụng trong tài khoả...'
2025-12-30 17:00:55 | DEBUG    | log:153 | [perform_hybrid_search] query_text: [Kiểm tra số tiên khả dụng trong tài khoản] - formatted_query: [Kiểm tra số tiên khả dụng trong tài khoản] - normalized_query: [Kiểm tra số tiên khả dụng trong tài khoản]
2025-12-30 17:00:55 | DEBUG    | log:153 | [perform_hybrid_search] BM25 raw scores: min=0.4328, max=6.8241
2025-12-30 17:00:55 | DEBUG    | log:153 | [get_keyword_boost] Query: 'Kiểm tra số tiên khả dụng tron...' | Doc: Tra cứu lịch sử giao | Boost: 0.25 | Matched: ['tài khoản']
2025-12-30 17:00:55 | DEBUG    | log:153 | [classify_query_intent] Classified: 'Kiểm tra số tiên khả dụng tron...' -> Tra cứu lịch sử giao dịch theo (score=1)
2025-12-30 17:00:55 | DEBUG    | log:153 | [normalize_query] 'Kiểm tra số tiền khã dụng trong tài khoả...' -> 'Kiểm tra số tiền khã dụng trong tài khoả...'
2025-12-30 17:00:55 | DEBUG    | log:153 | [perform_hybrid_search] query_text: [Kiểm tra số tiền khã dụng trong tài khoản] - formatted_query: [Kiểm tra số tiền khã dụng trong tài khoản] - normalized_query: [Kiểm tra số tiền khã dụng trong tài khoản]
2025-12-30 17:00:55 | DEBUG    | log:153 | [perform_hybrid_search] BM25 raw scores: min=0.4328, max=6.8241
2025-12-30 17:00:55 | DEBUG    | log:153 | [get_keyword_boost] Query: 'Kiểm tra số tiền khã dụng tron...' | Doc: Tra cứu lịch sử giao | Boost: 0.25 | Matched: ['tài khoản']
2025-12-30 17:00:55 | DEBUG    | log:153 | [classify_query_intent] Classified: 'Kiểm tra số tiền khã dụng tron...' -> Tra cứu lịch sử giao dịch theo (score=1)
2025-12-30 17:00:55 | DEBUG    | log:153 | [normalize_query] 'Kiểm tra số tiền khả dúng trong tài khoả...' -> 'Kiểm tra số tiền khả dúng trong tài khoả...'
2025-12-30 17:00:55 | DEBUG    | log:153 | [perform_hybrid_search] query_text: [Kiểm tra số tiền khả dúng trong tài khoản] - formatted_query: [Kiểm tra số tiền khả dúng trong tài khoản] - normalized_query: [Kiểm tra số tiền khả dúng trong tài khoản]
2025-12-30 17:00:55 | DEBUG    | log:153 | [perform_hybrid_search] BM25 raw scores: min=0.4328, max=6.8241
2025-12-30 17:00:55 | DEBUG    | log:153 | [get_keyword_boost] Query: 'Kiểm tra số tiền khả dúng tron...' | Doc: Tra cứu lịch sử giao | Boost: 0.25 | Matched: ['tài khoản']
2025-12-30 17:00:55 | DEBUG    | log:153 | [classify_query_intent] Classified: 'Kiểm tra số tiền khả dúng tron...' -> Tra cứu lịch sử giao dịch theo (score=1)
2025-12-30 17:00:55 | DEBUG    | log:153 | [normalize_query] 'Số dư dùng đươc hiện giờ là bao nhiêu...' -> 'Số dư dùng đươc hiện giờ là bao nhiêu...'
2025-12-30 17:00:55 | DEBUG    | log:153 | [perform_hybrid_search] query_text: [Số dư dùng đươc hiện giờ là bao nhiêu] - formatted_query: [Số dư dùng đươc hiện giờ là bao nhiêu] - normalized_query: [Số dư dùng đươc hiện giờ là bao nhiêu]
2025-12-30 17:00:55 | DEBUG    | log:153 | [perform_hybrid_search] BM25 raw scores: min=0.1182, max=7.1893
2025-12-30 17:00:55 | DEBUG    | log:153 | [classify_query_intent] No keyword matches found in: 'Số dư dùng đươc hiện giờ là bao nhiêu'
2025-12-30 17:00:55 | DEBUG    | log:153 | [normalize_query] 'Tài khoản này đang hoạt đông hay đã khóa...' -> 'Tài khoản này đang hoạt đông hay đã khóa...'
2025-12-30 17:00:55 | DEBUG    | log:153 | [perform_hybrid_search] query_text: [Tài khoản này đang hoạt đông hay đã khóa] - formatted_query: [Tài khoản này đang hoạt đông hay đã khóa] - normalized_query: [Tài khoản này đang hoạt đông hay đã khóa]
2025-12-30 17:00:55 | DEBUG    | log:153 | [perform_hybrid_search] BM25 raw scores: min=0.0000, max=4.5560
2025-12-30 17:00:55 | DEBUG    | log:153 | [get_keyword_boost] Query: 'Tài khoản này đang hoạt đông h...' | Doc: Tra cứu lịch sử giao | Boost: 0.25 | Matched: ['tài khoản']
2025-12-30 17:00:55 | DEBUG    | log:153 | [classify_query_intent] Classified: 'Tài khoản này đang hoạt đông h...' -> Tra cứu lịch sử giao dịch theo (score=1)
2025-12-30 17:00:55 | DEBUG    | log:153 | [normalize_query] 'Cho tôi xem tất cả các sổ tiết kiệm hiện...' -> 'Cho tôi xem tất cả các sổ tiết kiệm hiện...'
2025-12-30 17:00:55 | DEBUG    | log:153 | [perform_hybrid_search] query_text: [Cho tôi xem tất cả các sổ tiết kiệm hiện có.] - formatted_query: [Cho tôi xem tất cả các sổ tiết kiệm hiện có] - normalized_query: [Cho tôi xem tất cả các sổ tiết kiệm hiện có]
2025-12-30 17:00:55 | DEBUG    | log:153 | [perform_hybrid_search] BM25 raw scores: min=1.3745, max=17.7995
2025-12-30 17:00:55 | DEBUG    | log:153 | [classify_query_intent] No keyword matches found in: 'Cho tôi xem tất cả các sổ tiết kiệm hiện có'
2025-12-30 17:00:55 | DEBUG    | log:153 | [normalize_query] 'Hiện tại tôi có tổng bao nhiêu tiền gửi ...' -> 'Hiện tại tôi có tổng bao nhiêu tiền gửi ...'
2025-12-30 17:00:55 | DEBUG    | log:153 | [perform_hybrid_search] query_text: [Hiện tại tôi có tổng bao nhiêu tiền gửi tiết kiệm?] - formatted_query: [Hiện tại tôi có tổng bao nhiêu tiền gửi tiết kiệm] - normalized_query: [Hiện tại tôi có tổng bao nhiêu tiền gửi tiết kiệm]
2025-12-30 17:00:55 | DEBUG    | log:153 | [perform_hybrid_search] BM25 raw scores: min=0.6143, max=18.0171
2025-12-30 17:00:55 | DEBUG    | log:153 | [get_keyword_boost] Query: 'Hiện tại tôi có tổng bao nhiêu...' | Doc: Tra cứu giao dịch th | Boost: 0.25 | Matched: ['gửi tiết kiệm']
2025-12-30 17:00:55 | DEBUG    | log:153 | [get_keyword_boost] Query: 'Hiện tại tôi có tổng bao nhiêu...' | Doc: Tổng hợp số tiền gia | Boost: 0.25 | Matched: ['tổng']
2025-12-30 17:00:55 | DEBUG    | log:153 | [classify_query_intent] Ambiguous: 'Hiện tại tôi có tổng bao nhiêu...' | Scores: {'Tra cứu giao dịch theo loại giao dịch': 1, 'Tổng hợp số tiền giao dịch': 1}
2025-12-30 17:00:55 | DEBUG    | log:153 | [normalize_query] 'Xem thông tin các khoản gửi tiết kiệm củ...' -> 'Xem thông tin các khoản gửi tiết kiệm củ...'
2025-12-30 17:00:55 | DEBUG    | log:153 | [perform_hybrid_search] query_text: [Xem thông tin các khoản gửi tiết kiệm của tôi.] - formatted_query: [Xem thông tin các khoản gửi tiết kiệm của tôi] - normalized_query: [Xem thông tin các khoản gửi tiết kiệm của tôi]
2025-12-30 17:00:55 | DEBUG    | log:153 | [perform_hybrid_search] BM25 raw scores: min=0.3161, max=21.8684
2025-12-30 17:00:55 | DEBUG    | log:153 | [get_keyword_boost] Query: 'Xem thông tin các khoản gửi ti...' | Doc: Tra cứu giao dịch th | Boost: 0.25 | Matched: ['gửi tiết kiệm']
2025-12-30 17:00:55 | DEBUG    | log:153 | [classify_query_intent] Classified: 'Xem thông tin các khoản gửi ti...' -> Tra cứu giao dịch theo loại gi (score=1)
2025-12-30 17:00:55 | DEBUG    | log:153 | [normalize_query] 'Các sổ tiết kiệm của tôi đang áp dụng lã...' -> 'Các sổ tiết kiệm của tôi đang áp dụng lã...'
2025-12-30 17:00:55 | DEBUG    | log:153 | [perform_hybrid_search] query_text: [Các sổ tiết kiệm của tôi đang áp dụng lãi suất bao nhiêu?] - formatted_query: [Các sổ tiết kiệm của tôi đang áp dụng lãi suất bao nhiêu] - normalized_query: [Các sổ tiết kiệm của tôi đang áp dụng lãi suất bao nhiêu]
2025-12-30 17:00:55 | DEBUG    | log:153 | [perform_hybrid_search] BM25 raw scores: min=0.0569, max=8.9393
2025-12-30 17:00:55 | DEBUG    | log:153 | [classify_query_intent] No keyword matches found in: 'Các sổ tiết kiệm của tôi đang áp dụng lãi suất bao'
2025-12-30 17:00:55 | DEBUG    | log:153 | [normalize_query] 'Các khoản tiết kiệm của tôi có kỳ hạn nh...' -> 'Các khoản tiết kiệm của tôi có kỳ hạn nh...'
2025-12-30 17:00:55 | DEBUG    | log:153 | [perform_hybrid_search] query_text: [Các khoản tiết kiệm của tôi có kỳ hạn như thế nào?] - formatted_query: [Các khoản tiết kiệm của tôi có kỳ hạn như thế nào] - normalized_query: [Các khoản tiết kiệm của tôi có kỳ hạn như thế nào]
2025-12-30 17:00:55 | DEBUG    | log:153 | [perform_hybrid_search] BM25 raw scores: min=0.3488, max=20.2229
2025-12-30 17:00:55 | DEBUG    | log:153 | [classify_query_intent] No keyword matches found in: 'Các khoản tiết kiệm của tôi có kỳ hạn như thế nào'
2025-12-30 17:00:55 | DEBUG    | log:153 | [normalize_query] 'Có sổ tiết kiệm nào của tôi sắp đến ngày...' -> 'Có sổ tiết kiệm nào của tôi sắp đến ngày...'
2025-12-30 17:00:55 | DEBUG    | log:153 | [perform_hybrid_search] query_text: [Có sổ tiết kiệm nào của tôi sắp đến ngày đáo hạn không?] - formatted_query: [Có sổ tiết kiệm nào của tôi sắp đến ngày đáo hạn không] - normalized_query: [Có sổ tiết kiệm nào của tôi sắp đến ngày đáo hạn không]
2025-12-30 17:00:55 | DEBUG    | log:153 | [perform_hybrid_search] BM25 raw scores: min=0.0207, max=15.8000
2025-12-30 17:00:55 | DEBUG    | log:153 | [get_keyword_boost] Query: 'Có sổ tiết kiệm nào của tôi sắ...' | Doc: Tra cứu lịch sử giao | Boost: 0.25 | Matched: ['ngày']
2025-12-30 17:00:55 | DEBUG    | log:153 | [classify_query_intent] Classified: 'Có sổ tiết kiệm nào của tôi sắ...' -> Tra cứu lịch sử giao dịch theo (score=1)
2025-12-30 17:00:55 | DEBUG    | log:153 | [normalize_query] 'Kiểm tra trạng thái các sổ tiết kiệm của...' -> 'Kiểm tra trạng thái các sổ tiết kiệm của...'
2025-12-30 17:00:55 | DEBUG    | log:153 | [perform_hybrid_search] query_text: [Kiểm tra trạng thái các sổ tiết kiệm của tôi.] - formatted_query: [Kiểm tra trạng thái các sổ tiết kiệm của tôi] - normalized_query: [Kiểm tra trạng thái các sổ tiết kiệm của tôi]
2025-12-30 17:00:55 | DEBUG    | log:153 | [perform_hybrid_search] BM25 raw scores: min=0.0657, max=14.5695
2025-12-30 17:00:55 | DEBUG    | log:153 | [get_keyword_boost] Query: 'Kiểm tra trạng thái các sổ tiế...' | Doc: Tra cứu giao dịch th | Boost: 0.25 | Matched: ['trạng thái']
2025-12-30 17:00:55 | DEBUG    | log:153 | [classify_query_intent] Classified: 'Kiểm tra trạng thái các sổ tiế...' -> Tra cứu giao dịch theo trạng t (score=1)
2025-12-30 17:00:55 | DEBUG    | log:153 | [normalize_query] 'Cho tôi xem chi tiết từng sổ tiết kiệm....' -> 'Cho tôi xem chi tiết từng sổ tiết kiệm...'
2025-12-30 17:00:55 | DEBUG    | log:153 | [perform_hybrid_search] query_text: [Cho tôi xem chi tiết từng sổ tiết kiệm.] - formatted_query: [Cho tôi xem chi tiết từng sổ tiết kiệm] - normalized_query: [Cho tôi xem chi tiết từng sổ tiết kiệm]
2025-12-30 17:00:55 | DEBUG    | log:153 | [perform_hybrid_search] BM25 raw scores: min=0.0344, max=16.5853
2025-12-30 17:00:55 | DEBUG    | log:153 | [classify_query_intent] No keyword matches found in: 'Cho tôi xem chi tiết từng sổ tiết kiệm'
2025-12-30 17:00:55 | DEBUG    | log:153 | [normalize_query] 'Liệt kê các khoản tiền gửi có kỳ hạn của...' -> 'Liệt kê các khoản tiền gửi có kỳ hạn của...'
2025-12-30 17:00:55 | DEBUG    | log:153 | [perform_hybrid_search] query_text: [Liệt kê các khoản tiền gửi có kỳ hạn của tôi.] - formatted_query: [Liệt kê các khoản tiền gửi có kỳ hạn của tôi] - normalized_query: [Liệt kê các khoản tiền gửi có kỳ hạn của tôi]
2025-12-30 17:00:55 | DEBUG    | log:153 | [perform_hybrid_search] BM25 raw scores: min=0.2417, max=17.9788
2025-12-30 17:00:55 | DEBUG    | log:153 | [classify_query_intent] No keyword matches found in: 'Liệt kê các khoản tiền gửi có kỳ hạn của tôi'
2025-12-30 17:00:55 | DEBUG    | log:153 | [normalize_query] 'Tôi muốn xem tổng hợp thông tin tiết kiệ...' -> 'Tôi muốn xem tổng hợp thông tin tiết kiệ...'
2025-12-30 17:00:55 | DEBUG    | log:153 | [perform_hybrid_search] query_text: [Tôi muốn xem tổng hợp thông tin tiết kiệm của mình.] - formatted_query: [Tôi muốn xem tổng hợp thông tin tiết kiệm của mình] - normalized_query: [Tôi muốn xem tổng hợp thông tin tiết kiệm của mình]
2025-12-30 17:00:55 | DEBUG    | log:153 | [perform_hybrid_search] BM25 raw scores: min=0.1031, max=15.2510
2025-12-30 17:00:55 | DEBUG    | log:153 | [get_keyword_boost] Query: 'Tôi muốn xem tổng hợp thông ti...' | Doc: Tổng hợp số tiền gia | Boost: 0.25 | Matched: ['tổng']
2025-12-30 17:00:55 | DEBUG    | log:153 | [get_keyword_boost] Query: 'Tôi muốn xem tổng hợp thông ti...' | Doc: Thống kê giao dịch t | Boost: 0.25 | Matched: ['tổng hợp']
2025-12-30 17:00:55 | DEBUG    | log:153 | [classify_query_intent] Ambiguous: 'Tôi muốn xem tổng hợp thông ti...' | Scores: {'Tổng hợp số tiền giao dịch': 1, 'Thống kê giao dịch theo nhóm': 1}
2025-12-30 17:00:55 | DEBUG    | log:153 | [normalize_query] 'Cho xem tat ca so tiet kiem hien co...' -> 'Cho xem tat ca so tiet kiem hien co...'
2025-12-30 17:00:55 | DEBUG    | log:153 | [perform_hybrid_search] query_text: [Cho xem tat ca so tiet kiem hien co] - formatted_query: [Cho xem tat ca so tiet kiem hien co] - normalized_query: [Cho xem tat ca so tiet kiem hien co]
2025-12-30 17:00:55 | DEBUG    | log:153 | [perform_hybrid_search] BM25 raw scores: min=1.3745, max=12.7442
2025-12-30 17:00:55 | DEBUG    | log:153 | [classify_query_intent] No keyword matches found in: 'Cho xem tat ca so tiet kiem hien co'
2025-12-30 17:00:55 | DEBUG    | log:153 | [normalize_query] 'Hien tai toi co tong bao nhieu tien gui ...' -> 'Hien tai toi co tong bao nhieu tien gui ...'
2025-12-30 17:00:55 | DEBUG    | log:153 | [perform_hybrid_search] query_text: [Hien tai toi co tong bao nhieu tien gui tiet kiem] - formatted_query: [Hien tai toi co tong bao nhieu tien gui tiet kiem] - normalized_query: [Hien tai toi co tong bao nhieu tien gui tiet kiem]
2025-12-30 17:00:55 | DEBUG    | log:153 | [perform_hybrid_search] BM25 raw scores: min=0.6732, max=17.1819
2025-12-30 17:00:55 | DEBUG    | log:153 | [classify_query_intent] No keyword matches found in: 'Hien tai toi co tong bao nhieu tien gui tiet kiem'
2025-12-30 17:00:55 | DEBUG    | log:153 | [normalize_query] 'Xem thong tin cac khoan gui tiet kiem cu...' -> 'Xem thong tin cac khoan gui tiet kiem cu...'
2025-12-30 17:00:55 | DEBUG    | log:153 | [perform_hybrid_search] query_text: [Xem thong tin cac khoan gui tiet kiem cua toi] - formatted_query: [Xem thong tin cac khoan gui tiet kiem cua toi] - normalized_query: [Xem thong tin cac khoan gui tiet kiem cua toi]
2025-12-30 17:00:55 | DEBUG    | log:153 | [perform_hybrid_search] BM25 raw scores: min=0.3161, max=15.0670
2025-12-30 17:00:55 | DEBUG    | log:153 | [classify_query_intent] No keyword matches found in: 'Xem thong tin cac khoan gui tiet kiem cua toi'
2025-12-30 17:00:55 | DEBUG    | log:153 | [normalize_query] 'Cac so tiet kiem cua toi dang ap dung la...' -> 'Cac so tiet kiem cua toi dang ap dung la...'
2025-12-30 17:00:55 | DEBUG    | log:153 | [perform_hybrid_search] query_text: [Cac so tiet kiem cua toi dang ap dung lai suat bao nhieu] - formatted_query: [Cac so tiet kiem cua toi dang ap dung lai suat bao nhieu] - normalized_query: [Cac so tiet kiem cua toi dang ap dung lai suat bao nhieu]
2025-12-30 17:00:55 | DEBUG    | log:153 | [perform_hybrid_search] BM25 raw scores: min=0.0759, max=8.9581
2025-12-30 17:00:55 | DEBUG    | log:153 | [classify_query_intent] No keyword matches found in: 'Cac so tiet kiem cua toi dang ap dung lai suat bao'
2025-12-30 17:00:55 | DEBUG    | log:153 | [normalize_query] 'Cac khoan tiet kiem cua toi co ky han nh...' -> 'Cac khoan tiet kiem cua toi co ky han nh...'
2025-12-30 17:00:55 | DEBUG    | log:153 | [perform_hybrid_search] query_text: [Cac khoan tiet kiem cua toi co ky han nhu the nao] - formatted_query: [Cac khoan tiet kiem cua toi co ky han nhu the nao] - normalized_query: [Cac khoan tiet kiem cua toi co ky han nhu the nao]
2025-12-30 17:00:55 | DEBUG    | log:153 | [perform_hybrid_search] BM25 raw scores: min=0.3488, max=9.9095
2025-12-30 17:00:55 | DEBUG    | log:153 | [classify_query_intent] No keyword matches found in: 'Cac khoan tiet kiem cua toi co ky han nhu the nao'
2025-12-30 17:00:55 | DEBUG    | log:153 | [normalize_query] 'Co so tiet kiem nao cua toi sap den ngay...' -> 'Co so tiet kiem nao cua toi sap den ngay...'
2025-12-30 17:00:55 | DEBUG    | log:153 | [perform_hybrid_search] query_text: [Co so tiet kiem nao cua toi sap den ngay dao han khong] - formatted_query: [Co so tiet kiem nao cua toi sap den ngay dao han khong] - normalized_query: [Co so tiet kiem nao cua toi sap den ngay dao han khong]
2025-12-30 17:00:56 | DEBUG    | log:153 | [perform_hybrid_search] BM25 raw scores: min=1.3745, max=11.1851
2025-12-30 17:00:56 | DEBUG    | log:153 | [classify_query_intent] No keyword matches found in: 'Co so tiet kiem nao cua toi sap den ngay dao han k'
2025-12-30 17:00:56 | DEBUG    | log:153 | [normalize_query] 'Kiem tra trang thai cac so tiet kiem cua...' -> 'Kiem tra trang thai cac so tiet kiem cua...'
2025-12-30 17:00:56 | DEBUG    | log:153 | [perform_hybrid_search] query_text: [Kiem tra trang thai cac so tiet kiem cua toi] - formatted_query: [Kiem tra trang thai cac so tiet kiem cua toi] - normalized_query: [Kiem tra trang thai cac so tiet kiem cua toi]
2025-12-30 17:00:56 | DEBUG    | log:153 | [perform_hybrid_search] BM25 raw scores: min=0.0657, max=14.5695
2025-12-30 17:00:56 | DEBUG    | log:153 | [classify_query_intent] No keyword matches found in: 'Kiem tra trang thai cac so tiet kiem cua toi'
2025-12-30 17:00:56 | DEBUG    | log:153 | [normalize_query] 'Cho toi xem chi tiet tung so tiet kiem...' -> 'Cho toi xem chi tiet tung so tiet kiem...'
2025-12-30 17:00:56 | DEBUG    | log:153 | [perform_hybrid_search] query_text: [Cho toi xem chi tiet tung so tiet kiem] - formatted_query: [Cho toi xem chi tiet tung so tiet kiem] - normalized_query: [Cho toi xem chi tiet tung so tiet kiem]
2025-12-30 17:00:56 | DEBUG    | log:153 | [perform_hybrid_search] BM25 raw scores: min=0.0344, max=16.5853
2025-12-30 17:00:56 | DEBUG    | log:153 | [classify_query_intent] No keyword matches found in: 'Cho toi xem chi tiet tung so tiet kiem'
2025-12-30 17:00:56 | DEBUG    | log:153 | [normalize_query] 'Liet ke cac khoan tien gui co ky han cua...' -> 'Liet ke cac khoan tien gui co ky han cua...'
2025-12-30 17:00:56 | DEBUG    | log:153 | [perform_hybrid_search] query_text: [Liet ke cac khoan tien gui co ky han cua toi] - formatted_query: [Liet ke cac khoan tien gui co ky han cua toi] - normalized_query: [Liet ke cac khoan tien gui co ky han cua toi]
2025-12-30 17:00:56 | DEBUG    | log:153 | [perform_hybrid_search] BM25 raw scores: min=0.2417, max=9.8843
2025-12-30 17:00:56 | DEBUG    | log:153 | [classify_query_intent] No keyword matches found in: 'Liet ke cac khoan tien gui co ky han cua toi'
2025-12-30 17:00:56 | DEBUG    | log:153 | [normalize_query] 'Toi muon xem tong hop thong tin tiet kie...' -> 'Toi muon xem tong hop thong tin tiet kie...'
2025-12-30 17:00:56 | DEBUG    | log:153 | [perform_hybrid_search] query_text: [Toi muon xem tong hop thong tin tiet kiem cua minh] - formatted_query: [Toi muon xem tong hop thong tin tiet kiem cua minh] - normalized_query: [Toi muon xem tong hop thong tin tiet kiem cua minh]
2025-12-30 17:00:56 | DEBUG    | log:153 | [perform_hybrid_search] BM25 raw scores: min=0.1031, max=12.5271
2025-12-30 17:00:56 | DEBUG    | log:153 | [classify_query_intent] No keyword matches found in: 'Toi muon xem tong hop thong tin tiet kiem cua minh'
2025-12-30 17:00:56 | DEBUG    | log:153 | [normalize_query] 'Xem ds sổ tiết kiệm...' -> 'Xem ds sổ tiết kiệm...'
2025-12-30 17:00:56 | DEBUG    | log:153 | [perform_hybrid_search] query_text: [Xem ds sổ tiết kiệm] - formatted_query: [Xem ds sổ tiết kiệm] - normalized_query: [Xem ds sổ tiết kiệm]
2025-12-30 17:00:56 | DEBUG    | log:153 | [perform_hybrid_search] BM25 raw scores: min=0.0344, max=12.4779
2025-12-30 17:00:56 | DEBUG    | log:153 | [classify_query_intent] No keyword matches found in: 'Xem ds sổ tiết kiệm'
2025-12-30 17:00:56 | DEBUG    | log:153 | [normalize_query] 'Tổng tiền tk tiết kiệm là bn...' -> 'Tổng tiền tk tiết kiệm là bn...'
2025-12-30 17:00:56 | DEBUG    | log:153 | [perform_hybrid_search] query_text: [Tổng tiền tk tiết kiệm là bn] - formatted_query: [Tổng tiền tk tiết kiệm là bn] - normalized_query: [Tổng tiền tk tiết kiệm là bn]
2025-12-30 17:00:56 | DEBUG    | log:153 | [perform_hybrid_search] BM25 raw scores: min=0.0182, max=8.9182
2025-12-30 17:00:56 | DEBUG    | log:153 | [get_keyword_boost] Query: 'Tổng tiền tk tiết kiệm là bn...' | Doc: Tra cứu lịch sử giao | Boost: 0.25 | Matched: ['tk']
2025-12-30 17:00:56 | DEBUG    | log:153 | [get_keyword_boost] Query: 'Tổng tiền tk tiết kiệm là bn...' | Doc: Tổng hợp số tiền gia | Boost: 0.25 | Matched: ['tổng']
2025-12-30 17:00:56 | DEBUG    | log:153 | [classify_query_intent] Ambiguous: 'Tổng tiền tk tiết kiệm là bn...' | Scores: {'Tra cứu lịch sử giao dịch theo số tài khoản': 1, 'Tổng hợp số tiền giao dịch': 1}
2025-12-30 17:00:56 | DEBUG    | log:153 | [normalize_query] 'Xem info các khoản gửi tk...' -> 'Xem info các khoản gửi tk...'
2025-12-30 17:00:56 | DEBUG    | log:153 | [perform_hybrid_search] query_text: [Xem info các khoản gửi tk] - formatted_query: [Xem info các khoản gửi tk] - normalized_query: [Xem info các khoản gửi tk]
2025-12-30 17:00:56 | DEBUG    | log:153 | [perform_hybrid_search] BM25 raw scores: min=0.2081, max=8.4064
2025-12-30 17:00:56 | DEBUG    | log:153 | [get_keyword_boost] Query: 'Xem info các khoản gửi tk...' | Doc: Tra cứu lịch sử giao | Boost: 0.25 | Matched: ['tk']
2025-12-30 17:00:56 | DEBUG    | log:153 | [classify_query_intent] Classified: 'Xem info các khoản gửi tk...' -> Tra cứu lịch sử giao dịch theo (score=1)
2025-12-30 17:00:56 | DEBUG    | log:153 | [normalize_query] 'Lãi suất các sổ tk là bn...' -> 'Lãi suất các sổ tk là bn...'
2025-12-30 17:00:56 | DEBUG    | log:153 | [perform_hybrid_search] query_text: [Lãi suất các sổ tk là bn] - formatted_query: [Lãi suất các sổ tk là bn] - normalized_query: [Lãi suất các sổ tk là bn]
2025-12-30 17:00:56 | DEBUG    | log:153 | [perform_hybrid_search] BM25 raw scores: min=0.0178, max=2.2254
2025-12-30 17:00:56 | DEBUG    | log:153 | [get_keyword_boost] Query: 'Lãi suất các sổ tk là bn...' | Doc: Tra cứu lịch sử giao | Boost: 0.25 | Matched: ['tk']
2025-12-30 17:00:56 | DEBUG    | log:153 | [classify_query_intent] Classified: 'Lãi suất các sổ tk là bn...' -> Tra cứu lịch sử giao dịch theo (score=1)
2025-12-30 17:00:56 | DEBUG    | log:153 | [normalize_query] 'Kỳ hạn các sổ tk là gì...' -> 'Kỳ hạn các sổ tk là gì...'
2025-12-30 17:00:56 | DEBUG    | log:153 | [perform_hybrid_search] query_text: [Kỳ hạn các sổ tk là gì] - formatted_query: [Kỳ hạn các sổ tk là gì] - normalized_query: [Kỳ hạn các sổ tk là gì]
2025-12-30 17:00:56 | DEBUG    | log:153 | [perform_hybrid_search] BM25 raw scores: min=0.0178, max=6.5753
2025-12-30 17:00:56 | DEBUG    | log:153 | [get_keyword_boost] Query: 'Kỳ hạn các sổ tk là gì...' | Doc: Tra cứu lịch sử giao | Boost: 0.25 | Matched: ['tk']
2025-12-30 17:00:56 | DEBUG    | log:153 | [classify_query_intent] Classified: 'Kỳ hạn các sổ tk là gì...' -> Tra cứu lịch sử giao dịch theo (score=1)
2025-12-30 17:00:56 | DEBUG    | log:153 | [normalize_query] 'Sổ tk nào sắp đáo hạn ko...' -> 'Sổ tk nào sắp đáo hạn ko...'
2025-12-30 17:00:56 | DEBUG    | log:153 | [perform_hybrid_search] query_text: [Sổ tk nào sắp đáo hạn ko] - formatted_query: [Sổ tk nào sắp đáo hạn ko] - normalized_query: [Sổ tk nào sắp đáo hạn ko]
2025-12-30 17:00:56 | DEBUG    | log:153 | [perform_hybrid_search] BM25 raw scores: min=0.0178, max=9.2399
2025-12-30 17:00:56 | DEBUG    | log:153 | [get_keyword_boost] Query: 'Sổ tk nào sắp đáo hạn ko...' | Doc: Tra cứu lịch sử giao | Boost: 0.25 | Matched: ['tk']
2025-12-30 17:00:56 | DEBUG    | log:153 | [classify_query_intent] Classified: 'Sổ tk nào sắp đáo hạn ko...' -> Tra cứu lịch sử giao dịch theo (score=1)
2025-12-30 17:00:56 | DEBUG    | log:153 | [normalize_query] 'Check trạng thái sổ tk...' -> 'Check trạng thái sổ tk...'
2025-12-30 17:00:56 | DEBUG    | log:153 | [perform_hybrid_search] query_text: [Check trạng thái sổ tk] - formatted_query: [Check trạng thái sổ tk] - normalized_query: [Check trạng thái sổ tk]
2025-12-30 17:00:56 | DEBUG    | log:153 | [perform_hybrid_search] BM25 raw scores: min=0.0178, max=7.1170
2025-12-30 17:00:56 | DEBUG    | log:153 | [get_keyword_boost] Query: 'Check trạng thái sổ tk...' | Doc: Tra cứu lịch sử giao | Boost: 0.25 | Matched: ['tk']
2025-12-30 17:00:56 | DEBUG    | log:153 | [get_keyword_boost] Query: 'Check trạng thái sổ tk...' | Doc: Tra cứu giao dịch th | Boost: 0.25 | Matched: ['trạng thái']
2025-12-30 17:00:56 | DEBUG    | log:153 | [get_keyword_boost] Query: 'Check trạng thái sổ tk...' | Doc: Tra cứu giao dịch ch | Boost: 0.25 | Matched: ['ck']
2025-12-30 17:00:56 | DEBUG    | log:153 | [classify_query_intent] Ambiguous: 'Check trạng thái sổ tk...' | Scores: {'Tra cứu lịch sử giao dịch theo số tài khoản': 1, 'Tra cứu giao dịch theo trạng thái': 1, 'Tra cứu giao dịch chuyển tiền': 1}
2025-12-30 17:00:56 | DEBUG    | log:153 | [normalize_query] 'Xem ct từng sổ tk...' -> 'Xem ct từng sổ tk...'
2025-12-30 17:00:56 | DEBUG    | log:153 | [perform_hybrid_search] query_text: [Xem ct từng sổ tk] - formatted_query: [Xem ct từng sổ tk] - normalized_query: [Xem ct từng sổ tk]
2025-12-30 17:00:56 | DEBUG    | log:153 | [perform_hybrid_search] BM25 raw scores: min=0.0336, max=5.4160
2025-12-30 17:00:56 | DEBUG    | log:153 | [get_keyword_boost] Query: 'Xem ct từng sổ tk...' | Doc: Tra cứu lịch sử giao | Boost: 0.25 | Matched: ['tk']
2025-12-30 17:00:56 | DEBUG    | log:153 | [classify_query_intent] Classified: 'Xem ct từng sổ tk...' -> Tra cứu lịch sử giao dịch theo (score=1)
2025-12-30 17:00:56 | DEBUG    | log:153 | [normalize_query] 'Ds tiền gửi có kỳ hạn...' -> 'Ds tiền gửi có kỳ hạn...'
2025-12-30 17:00:56 | DEBUG    | log:153 | [perform_hybrid_search] query_text: [Ds tiền gửi có kỳ hạn] - formatted_query: [Ds tiền gửi có kỳ hạn] - normalized_query: [Ds tiền gửi có kỳ hạn]
2025-12-30 17:00:56 | DEBUG    | log:153 | [perform_hybrid_search] BM25 raw scores: min=0.0178, max=5.0788
2025-12-30 17:00:56 | DEBUG    | log:153 | [classify_query_intent] No keyword matches found in: 'Ds tiền gửi có kỳ hạn'
2025-12-30 17:00:56 | DEBUG    | log:153 | [normalize_query] 'Xem tổng hợp tiết kiệm...' -> 'Xem tổng hợp tiết kiệm...'
2025-12-30 17:00:56 | DEBUG    | log:153 | [perform_hybrid_search] query_text: [Xem tổng hợp tiết kiệm] - formatted_query: [Xem tổng hợp tiết kiệm] - normalized_query: [Xem tổng hợp tiết kiệm]
2025-12-30 17:00:56 | DEBUG    | log:153 | [perform_hybrid_search] BM25 raw scores: min=0.0000, max=15.1980
2025-12-30 17:00:56 | DEBUG    | log:153 | [get_keyword_boost] Query: 'Xem tổng hợp tiết kiệm...' | Doc: Tổng hợp số tiền gia | Boost: 0.25 | Matched: ['tổng']
2025-12-30 17:00:56 | DEBUG    | log:153 | [get_keyword_boost] Query: 'Xem tổng hợp tiết kiệm...' | Doc: Thống kê giao dịch t | Boost: 0.25 | Matched: ['tổng hợp']
2025-12-30 17:00:56 | DEBUG    | log:153 | [classify_query_intent] Ambiguous: 'Xem tổng hợp tiết kiệm...' | Scores: {'Tổng hợp số tiền giao dịch': 1, 'Thống kê giao dịch theo nhóm': 1}
2025-12-30 17:00:56 | DEBUG    | log:153 | [normalize_query] 'Show all my savings accounts...' -> 'Show all my savings accounts...'
2025-12-30 17:00:56 | DEBUG    | log:153 | [perform_hybrid_search] query_text: [Show all my savings accounts] - formatted_query: [Show all my savings accounts] - normalized_query: [Show all my savings accounts]
2025-12-30 17:00:56 | DEBUG    | log:153 | [perform_hybrid_search] BM25 raw scores: min=0.0000, max=0.0000
2025-12-30 17:00:56 | DEBUG    | log:153 | [classify_query_intent] No keyword matches found in: 'Show all my savings accounts'
2025-12-30 17:00:56 | DEBUG    | log:153 | [normalize_query] 'Total savings balance của tôi là bao nhi...' -> 'Total savings balance của tôi là bao nhi...'
2025-12-30 17:00:56 | DEBUG    | log:153 | [perform_hybrid_search] query_text: [Total savings balance của tôi là bao nhiêu] - formatted_query: [Total savings balance của tôi là bao nhiêu] - normalized_query: [Total savings balance của tôi là bao nhiêu]
2025-12-30 17:00:56 | DEBUG    | log:153 | [perform_hybrid_search] BM25 raw scores: min=0.0160, max=7.0187
2025-12-30 17:00:56 | DEBUG    | log:153 | [classify_query_intent] No keyword matches found in: 'Total savings balance của tôi là bao nhiêu'
2025-12-30 17:00:56 | DEBUG    | log:153 | [normalize_query] 'View my saving deposits info...' -> 'View my saving deposits info...'
2025-12-30 17:00:56 | DEBUG    | log:153 | [perform_hybrid_search] query_text: [View my saving deposits info] - formatted_query: [View my saving deposits info] - normalized_query: [View my saving deposits info]
2025-12-30 17:00:56 | DEBUG    | log:153 | [perform_hybrid_search] BM25 raw scores: min=0.0000, max=0.0000
2025-12-30 17:00:56 | DEBUG    | log:153 | [get_keyword_boost] Query: 'View my saving deposits info...' | Doc: Tra cứu giao dịch th | Boost: 0.25 | Matched: ['pos']
2025-12-30 17:00:56 | DEBUG    | log:153 | [get_keyword_boost] Query: 'View my saving deposits info...' | Doc: Tra cứu giao dịch th | Boost: 0.25 | Matched: ['pos']
2025-12-30 17:00:56 | DEBUG    | log:153 | [classify_query_intent] Ambiguous: 'View my saving deposits info...' | Scores: {'Tra cứu giao dịch theo kênh giao dịch': 1, 'Tra cứu giao dịch thẻ': 1}
2025-12-30 17:00:56 | DEBUG    | log:153 | [normalize_query] 'Savings interest rate của tôi là bao nhi...' -> 'Savings interest rate của tôi là bao nhi...'
2025-12-30 17:00:56 | DEBUG    | log:153 | [perform_hybrid_search] query_text: [Savings interest rate của tôi là bao nhiêu] - formatted_query: [Savings interest rate của tôi là bao nhiêu] - normalized_query: [Savings interest rate của tôi là bao nhiêu]
2025-12-30 17:00:56 | DEBUG    | log:153 | [perform_hybrid_search] BM25 raw scores: min=0.0160, max=7.0187
2025-12-30 17:00:56 | DEBUG    | log:153 | [classify_query_intent] No keyword matches found in: 'Savings interest rate của tôi là bao nhiêu'
2025-12-30 17:00:56 | DEBUG    | log:153 | [normalize_query] 'Term của saving account là bao lâu...' -> 'Term của saving account là bao lâu...'
2025-12-30 17:00:56 | DEBUG    | log:153 | [perform_hybrid_search] query_text: [Term của saving account là bao lâu] - formatted_query: [Term của saving account là bao lâu] - normalized_query: [Term của saving account là bao lâu]
2025-12-30 17:00:56 | DEBUG    | log:153 | [perform_hybrid_search] BM25 raw scores: min=0.0160, max=0.0502
2025-12-30 17:00:56 | DEBUG    | log:153 | [classify_query_intent] No keyword matches found in: 'Term của saving account là bao lâu'
2025-12-30 17:00:56 | DEBUG    | log:153 | [normalize_query] 'Any saving account near maturity date kh...' -> 'Any saving account near maturity date kh...'
2025-12-30 17:00:56 | DEBUG    | log:153 | [perform_hybrid_search] query_text: [Any saving account near maturity date không] - formatted_query: [Any saving account near maturity date không] - normalized_query: [Any saving account near maturity date không]
2025-12-30 17:00:56 | DEBUG    | log:153 | [perform_hybrid_search] BM25 raw scores: min=0.0000, max=3.1401
2025-12-30 17:00:56 | DEBUG    | log:153 | [classify_query_intent] No keyword matches found in: 'Any saving account near maturity date không'
2025-12-30 17:00:56 | DEBUG    | log:153 | [normalize_query] 'Check savings status for me...' -> 'Check savings status for me...'
2025-12-30 17:00:56 | DEBUG    | log:153 | [perform_hybrid_search] query_text: [Check savings status for me] - formatted_query: [Check savings status for me] - normalized_query: [Check savings status for me]
2025-12-30 17:00:56 | DEBUG    | log:153 | [perform_hybrid_search] BM25 raw scores: min=0.0000, max=0.0000
2025-12-30 17:00:56 | DEBUG    | log:153 | [get_keyword_boost] Query: 'Check savings status for me...' | Doc: Tra cứu giao dịch ch | Boost: 0.25 | Matched: ['ck']
2025-12-30 17:00:56 | DEBUG    | log:153 | [classify_query_intent] Classified: 'Check savings status for me...' -> Tra cứu giao dịch chuyển tiền (score=1)
2025-12-30 17:00:56 | DEBUG    | log:153 | [normalize_query] 'View saving account details...' -> 'View saving account details...'
2025-12-30 17:00:56 | DEBUG    | log:153 | [perform_hybrid_search] query_text: [View saving account details] - formatted_query: [View saving account details] - normalized_query: [View saving account details]
2025-12-30 17:00:56 | DEBUG    | log:153 | [perform_hybrid_search] BM25 raw scores: min=0.0000, max=0.0000
2025-12-30 17:00:56 | DEBUG    | log:153 | [classify_query_intent] No keyword matches found in: 'View saving account details'
2025-12-30 17:00:56 | DEBUG    | log:153 | [normalize_query] 'List my fixed deposits...' -> 'List my fixed deposits...'
2025-12-30 17:00:56 | DEBUG    | log:153 | [perform_hybrid_search] query_text: [List my fixed deposits] - formatted_query: [List my fixed deposits] - normalized_query: [List my fixed deposits]
2025-12-30 17:00:56 | DEBUG    | log:153 | [perform_hybrid_search] BM25 raw scores: min=0.0000, max=0.0000
2025-12-30 17:00:56 | DEBUG    | log:153 | [get_keyword_boost] Query: 'List my fixed deposits...' | Doc: Tra cứu giao dịch th | Boost: 0.25 | Matched: ['pos']
2025-12-30 17:00:56 | DEBUG    | log:153 | [get_keyword_boost] Query: 'List my fixed deposits...' | Doc: Tra cứu giao dịch th | Boost: 0.25 | Matched: ['pos']
2025-12-30 17:00:56 | DEBUG    | log:153 | [classify_query_intent] Ambiguous: 'List my fixed deposits...' | Scores: {'Tra cứu giao dịch theo kênh giao dịch': 1, 'Tra cứu giao dịch thẻ': 1}
2025-12-30 17:00:56 | DEBUG    | log:153 | [normalize_query] 'View my savings overview...' -> 'View my savings overview...'
2025-12-30 17:00:56 | DEBUG    | log:153 | [perform_hybrid_search] query_text: [View my savings overview] - formatted_query: [View my savings overview] - normalized_query: [View my savings overview]
2025-12-30 17:00:56 | DEBUG    | log:153 | [perform_hybrid_search] BM25 raw scores: min=0.0000, max=0.0000
2025-12-30 17:00:56 | DEBUG    | log:153 | [classify_query_intent] No keyword matches found in: 'View my savings overview'
2025-12-30 17:00:56 | DEBUG    | log:153 | [normalize_query] 'Tất cả sổ tiết kiệm hiện có cho tôi xem...' -> 'Tất cả sổ tiết kiệm hiện có cho tôi xem...'
2025-12-30 17:00:56 | DEBUG    | log:153 | [perform_hybrid_search] query_text: [Tất cả sổ tiết kiệm hiện có cho tôi xem] - formatted_query: [Tất cả sổ tiết kiệm hiện có cho tôi xem] - normalized_query: [Tất cả sổ tiết kiệm hiện có cho tôi xem]
2025-12-30 17:00:56 | DEBUG    | log:153 | [perform_hybrid_search] BM25 raw scores: min=1.3745, max=17.7995
2025-12-30 17:00:56 | DEBUG    | log:153 | [classify_query_intent] No keyword matches found in: 'Tất cả sổ tiết kiệm hiện có cho tôi xem'
2025-12-30 17:00:56 | DEBUG    | log:153 | [normalize_query] 'Tổng tiền gửi tiết kiệm hiện tại là bao ...' -> 'Tổng tiền gửi tiết kiệm hiện tại là bao ...'
2025-12-30 17:00:56 | DEBUG    | log:153 | [perform_hybrid_search] query_text: [Tổng tiền gửi tiết kiệm hiện tại là bao nhiêu] - formatted_query: [Tổng tiền gửi tiết kiệm hiện tại là bao nhiêu] - normalized_query: [Tổng tiền gửi tiết kiệm hiện tại là bao nhiêu]
2025-12-30 17:00:56 | DEBUG    | log:153 | [perform_hybrid_search] BM25 raw scores: min=0.0394, max=18.0171
2025-12-30 17:00:56 | DEBUG    | log:153 | [get_keyword_boost] Query: 'Tổng tiền gửi tiết kiệm hiện t...' | Doc: Tra cứu giao dịch th | Boost: 0.25 | Matched: ['gửi tiết kiệm']
2025-12-30 17:00:56 | DEBUG    | log:153 | [get_keyword_boost] Query: 'Tổng tiền gửi tiết kiệm hiện t...' | Doc: Tổng hợp số tiền gia | Boost: 0.25 | Matched: ['tổng']
2025-12-30 17:00:56 | DEBUG    | log:153 | [classify_query_intent] Ambiguous: 'Tổng tiền gửi tiết kiệm hiện t...' | Scores: {'Tra cứu giao dịch theo loại giao dịch': 1, 'Tổng hợp số tiền giao dịch': 1}
2025-12-30 17:00:56 | DEBUG    | log:153 | [normalize_query] 'Các khoản gửi tiết kiệm của tôi, cho xem...' -> 'Các khoản gửi tiết kiệm của tôi, cho xem...'
2025-12-30 17:00:56 | DEBUG    | log:153 | [perform_hybrid_search] query_text: [Các khoản gửi tiết kiệm của tôi, cho xem thông tin] - formatted_query: [Các khoản gửi tiết kiệm của tôi, cho xem thông tin] - normalized_query: [Các khoản gửi tiết kiệm của tôi, cho xem thông tin]
2025-12-30 17:00:56 | DEBUG    | log:153 | [perform_hybrid_search] BM25 raw scores: min=0.3161, max=21.8684
2025-12-30 17:00:56 | DEBUG    | log:153 | [get_keyword_boost] Query: 'Các khoản gửi tiết kiệm của tô...' | Doc: Tra cứu giao dịch th | Boost: 0.25 | Matched: ['gửi tiết kiệm']
2025-12-30 17:00:56 | DEBUG    | log:153 | [classify_query_intent] Classified: 'Các khoản gửi tiết kiệm của tô...' -> Tra cứu giao dịch theo loại gi (score=1)
2025-12-30 17:00:56 | DEBUG    | log:153 | [normalize_query] 'Lãi suất đang áp dụng cho sổ tiết kiệm c...' -> 'Lãi suất đang áp dụng cho sổ tiết kiệm c...'
2025-12-30 17:00:56 | DEBUG    | log:153 | [perform_hybrid_search] query_text: [Lãi suất đang áp dụng cho sổ tiết kiệm của tôi] - formatted_query: [Lãi suất đang áp dụng cho sổ tiết kiệm của tôi] - normalized_query: [Lãi suất đang áp dụng cho sổ tiết kiệm của tôi]
2025-12-30 17:00:56 | DEBUG    | log:153 | [perform_hybrid_search] BM25 raw scores: min=0.0380, max=8.9089
2025-12-30 17:00:56 | DEBUG    | log:153 | [classify_query_intent] No keyword matches found in: 'Lãi suất đang áp dụng cho sổ tiết kiệm của tôi'
2025-12-30 17:00:56 | DEBUG    | log:153 | [normalize_query] 'Kỳ hạn của các khoản tiết kiệm của tôi...' -> 'Kỳ hạn của các khoản tiết kiệm của tôi...'
2025-12-30 17:00:56 | DEBUG    | log:153 | [perform_hybrid_search] query_text: [Kỳ hạn của các khoản tiết kiệm của tôi] - formatted_query: [Kỳ hạn của các khoản tiết kiệm của tôi] - normalized_query: [Kỳ hạn của các khoản tiết kiệm của tôi]
2025-12-30 17:00:56 | DEBUG    | log:153 | [perform_hybrid_search] BM25 raw scores: min=0.1111, max=9.1324
2025-12-30 17:00:56 | DEBUG    | log:153 | [classify_query_intent] No keyword matches found in: 'Kỳ hạn của các khoản tiết kiệm của tôi'
2025-12-30 17:00:56 | DEBUG    | log:153 | [normalize_query] 'Sắp đáo hạn, có sổ tiết kiệm nào của tôi...' -> 'Sắp đáo hạn, có sổ tiết kiệm nào của tôi...'
2025-12-30 17:00:56 | DEBUG    | log:153 | [perform_hybrid_search] query_text: [Sắp đáo hạn, có sổ tiết kiệm nào của tôi không] - formatted_query: [Sắp đáo hạn, có sổ tiết kiệm nào của tôi không] - normalized_query: [Sắp đáo hạn, có sổ tiết kiệm nào của tôi không]
2025-12-30 17:00:56 | DEBUG    | log:153 | [perform_hybrid_search] BM25 raw scores: min=0.0207, max=15.8000
2025-12-30 17:00:56 | DEBUG    | log:153 | [classify_query_intent] No keyword matches found in: 'Sắp đáo hạn, có sổ tiết kiệm nào của tôi không'
2025-12-30 17:00:56 | DEBUG    | log:153 | [normalize_query] 'Trạng thái các sổ tiết kiệm của tôi...' -> 'Trạng thái các sổ tiết kiệm của tôi...'
2025-12-30 17:00:56 | DEBUG    | log:153 | [perform_hybrid_search] query_text: [Trạng thái các sổ tiết kiệm của tôi] - formatted_query: [Trạng thái các sổ tiết kiệm của tôi] - normalized_query: [Trạng thái các sổ tiết kiệm của tôi]
2025-12-30 17:00:56 | DEBUG    | log:153 | [perform_hybrid_search] BM25 raw scores: min=0.0182, max=8.8785
2025-12-30 17:00:56 | DEBUG    | log:153 | [get_keyword_boost] Query: 'Trạng thái các sổ tiết kiệm củ...' | Doc: Tra cứu giao dịch th | Boost: 0.25 | Matched: ['trạng thái']
2025-12-30 17:00:56 | DEBUG    | log:153 | [classify_query_intent] Classified: 'Trạng thái các sổ tiết kiệm củ...' -> Tra cứu giao dịch theo trạng t (score=1)
2025-12-30 17:00:56 | DEBUG    | log:153 | [normalize_query] 'Từng sổ tiết kiệm, cho tôi xem chi tiết...' -> 'Từng sổ tiết kiệm, cho tôi xem chi tiết...'
2025-12-30 17:00:56 | DEBUG    | log:153 | [perform_hybrid_search] query_text: [Từng sổ tiết kiệm, cho tôi xem chi tiết] - formatted_query: [Từng sổ tiết kiệm, cho tôi xem chi tiết] - normalized_query: [Từng sổ tiết kiệm, cho tôi xem chi tiết]
2025-12-30 17:00:56 | DEBUG    | log:153 | [perform_hybrid_search] BM25 raw scores: min=0.0344, max=16.5853
2025-12-30 17:00:56 | DEBUG    | log:153 | [classify_query_intent] No keyword matches found in: 'Từng sổ tiết kiệm, cho tôi xem chi tiết'
2025-12-30 17:00:56 | DEBUG    | log:153 | [normalize_query] 'Các khoản tiền gửi có kỳ hạn của tôi...' -> 'Các khoản tiền gửi có kỳ hạn của tôi...'
2025-12-30 17:00:56 | DEBUG    | log:153 | [perform_hybrid_search] query_text: [Các khoản tiền gửi có kỳ hạn của tôi] - formatted_query: [Các khoản tiền gửi có kỳ hạn của tôi] - normalized_query: [Các khoản tiền gửi có kỳ hạn của tôi]
2025-12-30 17:00:56 | DEBUG    | log:153 | [perform_hybrid_search] BM25 raw scores: min=0.1313, max=5.5536
2025-12-30 17:00:56 | DEBUG    | log:153 | [classify_query_intent] No keyword matches found in: 'Các khoản tiền gửi có kỳ hạn của tôi'
2025-12-30 17:00:56 | DEBUG    | log:153 | [normalize_query] 'Thông tin tiết kiệm tổng hợp của tôi...' -> 'Thông tin tiết kiệm tổng hợp của tôi...'
2025-12-30 17:00:56 | DEBUG    | log:153 | [perform_hybrid_search] query_text: [Thông tin tiết kiệm tổng hợp của tôi] - formatted_query: [Thông tin tiết kiệm tổng hợp của tôi] - normalized_query: [Thông tin tiết kiệm tổng hợp của tôi]
2025-12-30 17:00:56 | DEBUG    | log:153 | [perform_hybrid_search] BM25 raw scores: min=0.0481, max=8.9321
2025-12-30 17:00:56 | DEBUG    | log:153 | [get_keyword_boost] Query: 'Thông tin tiết kiệm tổng hợp c...' | Doc: Tổng hợp số tiền gia | Boost: 0.25 | Matched: ['tổng']
2025-12-30 17:00:56 | DEBUG    | log:153 | [get_keyword_boost] Query: 'Thông tin tiết kiệm tổng hợp c...' | Doc: Thống kê giao dịch t | Boost: 0.25 | Matched: ['tổng hợp']
2025-12-30 17:00:56 | DEBUG    | log:153 | [classify_query_intent] Ambiguous: 'Thông tin tiết kiệm tổng hợp c...' | Scores: {'Tổng hợp số tiền giao dịch': 1, 'Thống kê giao dịch theo nhóm': 1}
2025-12-30 17:00:56 | DEBUG    | log:153 | [normalize_query] 'Xem lịch sử giao dịch của tôi trong thán...' -> 'Xem lịch sử giao dịch của tôi trong thán...'
2025-12-30 17:00:56 | DEBUG    | log:153 | [perform_hybrid_search] query_text: [Xem lịch sử giao dịch của tôi trong tháng trước.] - formatted_query: [Xem lịch sử giao dịch của tôi trong tháng trước] - normalized_query: [Xem lịch sử giao dịch của tôi trong tháng trước]
2025-12-30 17:00:56 | DEBUG    | log:153 | [perform_hybrid_search] BM25 raw scores: min=0.3356, max=16.9929
2025-12-30 17:00:56 | DEBUG    | log:153 | [get_keyword_boost] Query: 'Xem lịch sử giao dịch của tôi ...' | Doc: Tra cứu lịch sử giao | Boost: 0.25 | Matched: ['tháng']
2025-12-30 17:00:56 | DEBUG    | log:153 | [classify_query_intent] Classified: 'Xem lịch sử giao dịch của tôi ...' -> Tra cứu lịch sử giao dịch theo (score=1)
2025-12-30 17:00:56 | DEBUG    | log:153 | [normalize_query] 'Cho tôi xem các giao dịch gần đây nhất....' -> 'Cho tôi xem các giao dịch gần đây nhất...'
2025-12-30 17:00:56 | DEBUG    | log:153 | [perform_hybrid_search] query_text: [Cho tôi xem các giao dịch gần đây nhất.] - formatted_query: [Cho tôi xem các giao dịch gần đây nhất] - normalized_query: [Cho tôi xem các giao dịch gần đây nhất]
2025-12-30 17:00:56 | DEBUG    | log:153 | [perform_hybrid_search] BM25 raw scores: min=0.1007, max=23.7325
2025-12-30 17:00:56 | DEBUG    | log:153 | [get_keyword_boost] Query: 'Cho tôi xem các giao dịch gần ...' | Doc: Tra cứu lịch sử giao | Boost: 0.25 | Matched: ['gần đây']
2025-12-30 17:00:56 | DEBUG    | log:153 | [classify_query_intent] Classified: 'Cho tôi xem các giao dịch gần ...' -> Tra cứu lịch sử giao dịch theo (score=1)
2025-12-30 17:00:56 | DEBUG    | log:153 | [normalize_query] 'Liệt kê giao dịch của tôi trong 3 ngày g...' -> 'Liệt kê giao dịch của tôi trong 3 ngày g...'
2025-12-30 17:00:56 | DEBUG    | log:153 | [perform_hybrid_search] query_text: [Liệt kê giao dịch của tôi trong 3 ngày gần nhất.] - formatted_query: [Liệt kê giao dịch của tôi trong 3 ngày gần nhất] - normalized_query: [Liệt kê giao dịch của tôi trong 3 ngày gần nhất]
2025-12-30 17:00:56 | DEBUG    | log:153 | [perform_hybrid_search] BM25 raw scores: min=0.1007, max=34.5231
2025-12-30 17:00:56 | DEBUG    | log:153 | [get_keyword_boost] Query: 'Liệt kê giao dịch của tôi tron...' | Doc: Tra cứu lịch sử giao | Boost: 0.25 | Matched: ['ngày']
2025-12-30 17:00:56 | DEBUG    | log:153 | [classify_query_intent] Classified: 'Liệt kê giao dịch của tôi tron...' -> Tra cứu lịch sử giao dịch theo (score=1)
2025-12-30 17:00:56 | DEBUG    | log:153 | [normalize_query] 'Xem các giao dịch rút tiền của tôi....' -> 'Xem các giao dịch rút tiền của tôi...'
2025-12-30 17:00:56 | DEBUG    | log:153 | [perform_hybrid_search] query_text: [Xem các giao dịch rút tiền của tôi.] - formatted_query: [Xem các giao dịch rút tiền của tôi] - normalized_query: [Xem các giao dịch rút tiền của tôi]
2025-12-30 17:00:57 | DEBUG    | log:153 | [perform_hybrid_search] BM25 raw scores: min=0.1342, max=22.6116
2025-12-30 17:00:57 | DEBUG    | log:153 | [get_keyword_boost] Query: 'Xem các giao dịch rút tiền của...' | Doc: Tra cứu giao dịch th | Boost: 0.25 | Matched: ['rút tiền']
2025-12-30 17:00:57 | DEBUG    | log:153 | [classify_query_intent] Classified: 'Xem các giao dịch rút tiền của...' -> Tra cứu giao dịch theo loại gi (score=1)
2025-12-30 17:00:57 | DEBUG    | log:153 | [normalize_query] 'Tìm các giao dịch có số tiền dưới 500 ng...' -> 'Tìm các giao dịch có số tiền dưới 500 ng...'
2025-12-30 17:00:57 | DEBUG    | log:153 | [perform_hybrid_search] query_text: [Tìm các giao dịch có số tiền dưới 500 nghìn.] - formatted_query: [Tìm các giao dịch có số tiền dưới 500 nghìn] - normalized_query: [Tìm các giao dịch có số tiền dưới 500 nghìn]
2025-12-30 17:00:57 | DEBUG    | log:153 | [perform_hybrid_search] BM25 raw scores: min=0.2349, max=49.3651
2025-12-30 17:00:57 | DEBUG    | log:153 | [get_keyword_boost] Query: 'Tìm các giao dịch có số tiền d...' | Doc: Tra cứu giao dịch th | Boost: 0.25 | Matched: ['dưới']
2025-12-30 17:00:57 | DEBUG    | log:153 | [classify_query_intent] Classified: 'Tìm các giao dịch có số tiền d...' -> Tra cứu giao dịch theo số tiền (score=1)
2025-12-30 17:00:57 | DEBUG    | log:153 | [normalize_query] 'Kiểm tra lịch sử thu chi của tài khoản....' -> 'Kiểm tra lịch sử thu chi của tài khoản...'
2025-12-30 17:00:57 | DEBUG    | log:153 | [perform_hybrid_search] query_text: [Kiểm tra lịch sử thu chi của tài khoản.] - formatted_query: [Kiểm tra lịch sử thu chi của tài khoản] - normalized_query: [Kiểm tra lịch sử thu chi của tài khoản]
2025-12-30 17:00:57 | DEBUG    | log:153 | [perform_hybrid_search] BM25 raw scores: min=0.4532, max=11.5864
2025-12-30 17:00:57 | DEBUG    | log:153 | [get_keyword_boost] Query: 'Kiểm tra lịch sử thu chi của t...' | Doc: Tra cứu lịch sử giao | Boost: 0.25 | Matched: ['tài khoản']
2025-12-30 17:00:57 | DEBUG    | log:153 | [classify_query_intent] Classified: 'Kiểm tra lịch sử thu chi của t...' -> Tra cứu lịch sử giao dịch theo (score=1)
2025-12-30 17:00:57 | DEBUG    | log:153 | [normalize_query] 'Xem giao dịch phát sinh trong ngày hôm n...' -> 'Xem giao dịch phát sinh trong ngày hôm n...'
2025-12-30 17:00:57 | DEBUG    | log:153 | [perform_hybrid_search] query_text: [Xem giao dịch phát sinh trong ngày hôm nay.] - formatted_query: [Xem giao dịch phát sinh trong ngày hôm nay] - normalized_query: [Xem giao dịch phát sinh trong ngày hôm nay]
2025-12-30 17:00:57 | DEBUG    | log:153 | [perform_hybrid_search] BM25 raw scores: min=0.1007, max=37.2136
2025-12-30 17:00:57 | DEBUG    | log:153 | [get_keyword_boost] Query: 'Xem giao dịch phát sinh trong ...' | Doc: Tra cứu lịch sử giao | Boost: 0.50 | Matched: ['ngày', 'nay']
2025-12-30 17:00:57 | DEBUG    | log:153 | [classify_query_intent] Classified: 'Xem giao dịch phát sinh trong ...' -> Tra cứu lịch sử giao dịch theo (score=2)
2025-12-30 17:00:57 | DEBUG    | log:153 | [normalize_query] 'Tra cứu các giao dịch chuyển khoản của t...' -> 'Tra cứu các giao dịch chuyển khoản của t...'
2025-12-30 17:00:57 | DEBUG    | log:153 | [perform_hybrid_search] query_text: [Tra cứu các giao dịch chuyển khoản của tôi.] - formatted_query: [Tra cứu các giao dịch chuyển khoản của tôi] - normalized_query: [Tra cứu các giao dịch chuyển khoản của tôi]
2025-12-30 17:00:57 | DEBUG    | log:153 | [perform_hybrid_search] BM25 raw scores: min=1.0800, max=13.7903
2025-12-30 17:00:57 | DEBUG    | log:153 | [get_keyword_boost] Query: 'Tra cứu các giao dịch chuyển k...' | Doc: Tra cứu giao dịch ch | Boost: 0.25 | Matched: ['chuyển khoản']
2025-12-30 17:00:57 | DEBUG    | log:153 | [classify_query_intent] Classified: 'Tra cứu các giao dịch chuyển k...' -> Tra cứu giao dịch chuyển tiền (score=1)
2025-12-30 17:00:57 | DEBUG    | log:153 | [normalize_query] 'Tôi muốn xem sao kê tài khoản gần đây....' -> 'Tôi muốn xem sao kê tài khoản gần đây...'
2025-12-30 17:00:57 | DEBUG    | log:153 | [perform_hybrid_search] query_text: [Tôi muốn xem sao kê tài khoản gần đây.] - formatted_query: [Tôi muốn xem sao kê tài khoản gần đây] - normalized_query: [Tôi muốn xem sao kê tài khoản gần đây]
2025-12-30 17:00:57 | DEBUG    | log:153 | [perform_hybrid_search] BM25 raw scores: min=0.5203, max=29.7153
2025-12-30 17:00:57 | DEBUG    | log:153 | [get_keyword_boost] Query: 'Tôi muốn xem sao kê tài khoản ...' | Doc: Tra cứu lịch sử giao | Boost: 0.25 | Matched: ['tài khoản']
2025-12-30 17:00:57 | DEBUG    | log:153 | [get_keyword_boost] Query: 'Tôi muốn xem sao kê tài khoản ...' | Doc: Tra cứu lịch sử giao | Boost: 0.25 | Matched: ['gần đây']
2025-12-30 17:00:57 | DEBUG    | log:153 | [classify_query_intent] Ambiguous: 'Tôi muốn xem sao kê tài khoản ...' | Scores: {'Tra cứu lịch sử giao dịch theo số tài khoản': 1, 'Tra cứu lịch sử giao dịch theo khoảng thời gian': 1}
2025-12-30 17:00:57 | DEBUG    | log:153 | [normalize_query] 'Cho tôi xem toàn bộ lịch sử giao dịch củ...' -> 'Cho tôi xem toàn bộ lịch sử giao dịch củ...'
2025-12-30 17:00:57 | DEBUG    | log:153 | [perform_hybrid_search] query_text: [Cho tôi xem toàn bộ lịch sử giao dịch của tài khoản.] - formatted_query: [Cho tôi xem toàn bộ lịch sử giao dịch của tài khoản] - normalized_query: [Cho tôi xem toàn bộ lịch sử giao dịch của tài khoản]
2025-12-30 17:00:57 | DEBUG    | log:153 | [perform_hybrid_search] BM25 raw scores: min=0.8761, max=11.9911
2025-12-30 17:00:57 | DEBUG    | log:153 | [get_keyword_boost] Query: 'Cho tôi xem toàn bộ lịch sử gi...' | Doc: Tra cứu lịch sử giao | Boost: 0.25 | Matched: ['tài khoản']
2025-12-30 17:00:57 | DEBUG    | log:153 | [classify_query_intent] Classified: 'Cho tôi xem toàn bộ lịch sử gi...' -> Tra cứu lịch sử giao dịch theo (score=1)
2025-12-30 17:00:57 | DEBUG    | log:153 | [normalize_query] 'Xem lịch sử giao dịch của tài khoản tron...' -> 'Xem lịch sử giao dịch của tài khoản tron...'
2025-12-30 17:00:57 | DEBUG    | log:153 | [perform_hybrid_search] query_text: [Xem lịch sử giao dịch của tài khoản trong tháng này.] - formatted_query: [Xem lịch sử giao dịch của tài khoản trong tháng này] - normalized_query: [Xem lịch sử giao dịch của tài khoản trong tháng này]
2025-12-30 17:00:57 | DEBUG    | log:153 | [perform_hybrid_search] BM25 raw scores: min=0.8559, max=17.2842
2025-12-30 17:00:57 | DEBUG    | log:153 | [get_keyword_boost] Query: 'Xem lịch sử giao dịch của tài ...' | Doc: Tra cứu lịch sử giao | Boost: 0.25 | Matched: ['tài khoản']
2025-12-30 17:00:57 | DEBUG    | log:153 | [get_keyword_boost] Query: 'Xem lịch sử giao dịch của tài ...' | Doc: Tra cứu lịch sử giao | Boost: 0.25 | Matched: ['tháng']
2025-12-30 17:00:57 | DEBUG    | log:153 | [classify_query_intent] Ambiguous: 'Xem lịch sử giao dịch của tài ...' | Scores: {'Tra cứu lịch sử giao dịch theo số tài khoản': 1, 'Tra cứu lịch sử giao dịch theo khoảng thời gian': 1}
2025-12-30 17:00:57 | DEBUG    | log:153 | [normalize_query] 'Cho tôi xem các giao dịch phát sinh gần ...' -> 'Cho tôi xem các giao dịch phát sinh gần ...'
2025-12-30 17:00:57 | DEBUG    | log:153 | [perform_hybrid_search] query_text: [Cho tôi xem các giao dịch phát sinh gần đây.] - formatted_query: [Cho tôi xem các giao dịch phát sinh gần đây] - normalized_query: [Cho tôi xem các giao dịch phát sinh gần đây]
2025-12-30 17:00:57 | DEBUG    | log:153 | [perform_hybrid_search] BM25 raw scores: min=0.1007, max=33.9631
2025-12-30 17:00:57 | DEBUG    | log:153 | [get_keyword_boost] Query: 'Cho tôi xem các giao dịch phát...' | Doc: Tra cứu lịch sử giao | Boost: 0.25 | Matched: ['gần đây']
2025-12-30 17:00:57 | DEBUG    | log:153 | [classify_query_intent] Classified: 'Cho tôi xem các giao dịch phát...' -> Tra cứu lịch sử giao dịch theo (score=1)
2025-12-30 17:00:57 | DEBUG    | log:153 | [normalize_query] 'Liệt kê các giao dịch của tôi trong 7 ng...' -> 'Liệt kê các giao dịch của tôi trong 7 ng...'
2025-12-30 17:00:57 | DEBUG    | log:153 | [perform_hybrid_search] query_text: [Liệt kê các giao dịch của tôi trong 7 ngày qua.] - formatted_query: [Liệt kê các giao dịch của tôi trong 7 ngày qua] - normalized_query: [Liệt kê các giao dịch của tôi trong 7 ngày qua]
2025-12-30 17:00:57 | DEBUG    | log:153 | [perform_hybrid_search] BM25 raw scores: min=0.1007, max=29.7819
2025-12-30 17:00:57 | DEBUG    | log:153 | [get_keyword_boost] Query: 'Liệt kê các giao dịch của tôi ...' | Doc: Tra cứu lịch sử giao | Boost: 0.25 | Matched: ['ngày']
2025-12-30 17:00:57 | DEBUG    | log:153 | [classify_query_intent] Classified: 'Liệt kê các giao dịch của tôi ...' -> Tra cứu lịch sử giao dịch theo (score=1)
2025-12-30 17:00:57 | DEBUG    | log:153 | [normalize_query] 'Xem các giao dịch chuyển khoản của tài k...' -> 'Xem các giao dịch chuyển khoản của tài k...'
2025-12-30 17:00:57 | DEBUG    | log:153 | [perform_hybrid_search] query_text: [Xem các giao dịch chuyển khoản của tài khoản.] - formatted_query: [Xem các giao dịch chuyển khoản của tài khoản] - normalized_query: [Xem các giao dịch chuyển khoản của tài khoản]
2025-12-30 17:00:57 | DEBUG    | log:153 | [perform_hybrid_search] BM25 raw scores: min=0.9173, max=21.2144
2025-12-30 17:00:57 | DEBUG    | log:153 | [get_keyword_boost] Query: 'Xem các giao dịch chuyển khoản...' | Doc: Tra cứu lịch sử giao | Boost: 0.25 | Matched: ['tài khoản']
2025-12-30 17:00:57 | DEBUG    | log:153 | [get_keyword_boost] Query: 'Xem các giao dịch chuyển khoản...' | Doc: Tra cứu giao dịch ch | Boost: 0.25 | Matched: ['chuyển khoản']
2025-12-30 17:00:57 | DEBUG    | log:153 | [classify_query_intent] Ambiguous: 'Xem các giao dịch chuyển khoản...' | Scores: {'Tra cứu lịch sử giao dịch theo số tài khoản': 1, 'Tra cứu giao dịch chuyển tiền': 1}
2025-12-30 17:00:57 | DEBUG    | log:153 | [normalize_query] 'Kiểm tra các giao dịch rút tiền gần đây....' -> 'Kiểm tra các giao dịch rút tiền gần đây...'
2025-12-30 17:00:57 | DEBUG    | log:153 | [perform_hybrid_search] query_text: [Kiểm tra các giao dịch rút tiền gần đây.] - formatted_query: [Kiểm tra các giao dịch rút tiền gần đây] - normalized_query: [Kiểm tra các giao dịch rút tiền gần đây]
2025-12-30 17:00:57 | DEBUG    | log:153 | [perform_hybrid_search] BM25 raw scores: min=0.1678, max=19.6996
2025-12-30 17:00:57 | DEBUG    | log:153 | [get_keyword_boost] Query: 'Kiểm tra các giao dịch rút tiề...' | Doc: Tra cứu lịch sử giao | Boost: 0.25 | Matched: ['gần đây']
2025-12-30 17:00:57 | DEBUG    | log:153 | [get_keyword_boost] Query: 'Kiểm tra các giao dịch rút tiề...' | Doc: Tra cứu giao dịch th | Boost: 0.25 | Matched: ['rút tiền']
2025-12-30 17:00:57 | DEBUG    | log:153 | [classify_query_intent] Ambiguous: 'Kiểm tra các giao dịch rút tiề...' | Scores: {'Tra cứu lịch sử giao dịch theo khoảng thời gian': 1, 'Tra cứu giao dịch theo loại giao dịch': 1}
2025-12-30 17:00:57 | DEBUG    | log:153 | [normalize_query] 'Tìm các giao dịch có số tiền trên 2 triệ...' -> 'Tìm các giao dịch có số tiền trên 2 triệ...'
2025-12-30 17:00:57 | DEBUG    | log:153 | [perform_hybrid_search] query_text: [Tìm các giao dịch có số tiền trên 2 triệu.] - formatted_query: [Tìm các giao dịch có số tiền trên 2 triệu] - normalized_query: [Tìm các giao dịch có số tiền trên 2 triệu]
2025-12-30 17:00:57 | DEBUG    | log:153 | [perform_hybrid_search] BM25 raw scores: min=0.2349, max=53.0878
2025-12-30 17:00:57 | DEBUG    | log:153 | [get_keyword_boost] Query: 'Tìm các giao dịch có số tiền t...' | Doc: Tra cứu giao dịch th | Boost: 0.50 | Matched: ['trên', 'triệu']
2025-12-30 17:00:57 | DEBUG    | log:153 | [classify_query_intent] Classified: 'Tìm các giao dịch có số tiền t...' -> Tra cứu giao dịch theo số tiền (score=2)
2025-12-30 17:00:57 | DEBUG    | log:153 | [normalize_query] 'Xem lịch sử thu chi của tài khoản ngân h...' -> 'Xem lịch sử thu chi của tài khoản ngân h...'
2025-12-30 17:00:57 | DEBUG    | log:153 | [perform_hybrid_search] query_text: [Xem lịch sử thu chi của tài khoản ngân hàng.] - formatted_query: [Xem lịch sử thu chi của tài khoản ngân hàng] - normalized_query: [Xem lịch sử thu chi của tài khoản ngân hàng]
2025-12-30 17:00:57 | DEBUG    | log:153 | [perform_hybrid_search] BM25 raw scores: min=0.7043, max=13.0685
2025-12-30 17:00:57 | DEBUG    | log:153 | [get_keyword_boost] Query: 'Xem lịch sử thu chi của tài kh...' | Doc: Tra cứu lịch sử giao | Boost: 0.25 | Matched: ['tài khoản']
2025-12-30 17:00:57 | DEBUG    | log:153 | [classify_query_intent] Classified: 'Xem lịch sử thu chi của tài kh...' -> Tra cứu lịch sử giao dịch theo (score=1)
2025-12-30 17:00:57 | DEBUG    | log:153 | [normalize_query] 'Cho tôi xem các giao dịch trong ngày hôm...' -> 'Cho tôi xem các giao dịch trong ngày hôm...'
2025-12-30 17:00:57 | DEBUG    | log:153 | [perform_hybrid_search] query_text: [Cho tôi xem các giao dịch trong ngày hôm qua.] - formatted_query: [Cho tôi xem các giao dịch trong ngày hôm qua] - normalized_query: [Cho tôi xem các giao dịch trong ngày hôm qua]
2025-12-30 17:00:57 | DEBUG    | log:153 | [perform_hybrid_search] BM25 raw scores: min=0.1007, max=24.2453
2025-12-30 17:00:57 | DEBUG    | log:153 | [get_keyword_boost] Query: 'Cho tôi xem các giao dịch tron...' | Doc: Tra cứu lịch sử giao | Boost: 0.50 | Matched: ['ngày', 'hôm qua']
2025-12-30 17:00:57 | DEBUG    | log:153 | [classify_query_intent] Classified: 'Cho tôi xem các giao dịch tron...' -> Tra cứu lịch sử giao dịch theo (score=2)
2025-12-30 17:00:57 | DEBUG    | log:153 | [normalize_query] 'Tra cứu sao kê giao dịch của tài khoản....' -> 'Tra cứu sao kê giao dịch của tài khoản...'
2025-12-30 17:00:57 | DEBUG    | log:153 | [perform_hybrid_search] query_text: [Tra cứu sao kê giao dịch của tài khoản.] - formatted_query: [Tra cứu sao kê giao dịch của tài khoản] - normalized_query: [Tra cứu sao kê giao dịch của tài khoản]
2025-12-30 17:00:57 | DEBUG    | log:153 | [perform_hybrid_search] BM25 raw scores: min=1.1934, max=21.2985
2025-12-30 17:00:57 | DEBUG    | log:153 | [get_keyword_boost] Query: 'Tra cứu sao kê giao dịch của t...' | Doc: Tra cứu lịch sử giao | Boost: 0.25 | Matched: ['tài khoản']
2025-12-30 17:00:57 | DEBUG    | log:153 | [classify_query_intent] Classified: 'Tra cứu sao kê giao dịch của t...' -> Tra cứu lịch sử giao dịch theo (score=1)
2025-12-30 17:00:57 | DEBUG    | log:153 | [normalize_query] 'Xem toàn bộ lịch sử giao dịch của tôi....' -> 'Xem toàn bộ lịch sử giao dịch của tôi...'
2025-12-30 17:00:57 | DEBUG    | log:153 | [perform_hybrid_search] query_text: [Xem toàn bộ lịch sử giao dịch của tôi.] - formatted_query: [Xem toàn bộ lịch sử giao dịch của tôi] - normalized_query: [Xem toàn bộ lịch sử giao dịch của tôi]
2025-12-30 17:00:57 | DEBUG    | log:153 | [perform_hybrid_search] BM25 raw scores: min=0.3435, max=11.8350
2025-12-30 17:00:57 | DEBUG    | log:153 | [classify_query_intent] No keyword matches found in: 'Xem toàn bộ lịch sử giao dịch của tôi'
2025-12-30 17:00:57 | DEBUG    | log:153 | [normalize_query] 'Xem lịch sữ giao dịch của tôi trong thán...' -> 'Xem lịch sữ giao dịch của tôi trong thán...'
2025-12-30 17:00:57 | DEBUG    | log:153 | [perform_hybrid_search] query_text: [Xem lịch sữ giao dịch của tôi trong tháng trươc] - formatted_query: [Xem lịch sữ giao dịch của tôi trong tháng trươc] - normalized_query: [Xem lịch sữ giao dịch của tôi trong tháng trươc]
2025-12-30 17:00:57 | DEBUG    | log:153 | [perform_hybrid_search] BM25 raw scores: min=0.1678, max=15.4783
2025-12-30 17:00:57 | DEBUG    | log:153 | [get_keyword_boost] Query: 'Xem lịch sữ giao dịch của tôi ...' | Doc: Tra cứu lịch sử giao | Boost: 0.25 | Matched: ['tháng']
2025-12-30 17:00:57 | DEBUG    | log:153 | [classify_query_intent] Classified: 'Xem lịch sữ giao dịch của tôi ...' -> Tra cứu lịch sử giao dịch theo (score=1)
2025-12-30 17:00:57 | DEBUG    | log:153 | [normalize_query] 'Xem lịch sử giao dịnh của tôi trong thán...' -> 'Xem lịch sử giao dịnh của tôi trong thán...'
2025-12-30 17:00:57 | DEBUG    | log:153 | [perform_hybrid_search] query_text: [Xem lịch sử giao dịnh của tôi trong tháng trước] - formatted_query: [Xem lịch sử giao dịnh của tôi trong tháng trước] - normalized_query: [Xem lịch sử giao dịnh của tôi trong tháng trước]
2025-12-30 17:00:57 | DEBUG    | log:153 | [perform_hybrid_search] BM25 raw scores: min=0.2349, max=12.4759
2025-12-30 17:00:57 | DEBUG    | log:153 | [get_keyword_boost] Query: 'Xem lịch sử giao dịnh của tôi ...' | Doc: Tra cứu lịch sử giao | Boost: 0.25 | Matched: ['tháng']
2025-12-30 17:00:57 | DEBUG    | log:153 | [classify_query_intent] Classified: 'Xem lịch sử giao dịnh của tôi ...' -> Tra cứu lịch sử giao dịch theo (score=1)
2025-12-30 17:00:57 | DEBUG    | log:153 | [normalize_query] 'Cho tôi xem các giao dịnh gần đây nhât...' -> 'Cho tôi xem các giao dịnh gần đây nhât...'
2025-12-30 17:00:57 | DEBUG    | log:153 | [perform_hybrid_search] query_text: [Cho tôi xem các giao dịnh gần đây nhât] - formatted_query: [Cho tôi xem các giao dịnh gần đây nhât] - normalized_query: [Cho tôi xem các giao dịnh gần đây nhât]
2025-12-30 17:00:57 | DEBUG    | log:153 | [perform_hybrid_search] BM25 raw scores: min=0.0336, max=20.4186
2025-12-30 17:00:57 | DEBUG    | log:153 | [get_keyword_boost] Query: 'Cho tôi xem các giao dịnh gần ...' | Doc: Tra cứu lịch sử giao | Boost: 0.25 | Matched: ['gần đây']
2025-12-30 17:00:57 | DEBUG    | log:153 | [classify_query_intent] Classified: 'Cho tôi xem các giao dịnh gần ...' -> Tra cứu lịch sử giao dịch theo (score=1)
2025-12-30 17:00:57 | DEBUG    | log:153 | [normalize_query] 'Cho tôi sem các giao dịch gần đây nhất...' -> 'Cho tôi sem các giao dịch gần đây nhất...'
2025-12-30 17:00:57 | DEBUG    | log:153 | [perform_hybrid_search] query_text: [Cho tôi sem các giao dịch gần đây nhất] - formatted_query: [Cho tôi sem các giao dịch gần đây nhất] - normalized_query: [Cho tôi sem các giao dịch gần đây nhất]
2025-12-30 17:00:57 | DEBUG    | log:153 | [perform_hybrid_search] BM25 raw scores: min=0.1007, max=13.6199
2025-12-30 17:00:57 | DEBUG    | log:153 | [get_keyword_boost] Query: 'Cho tôi sem các giao dịch gần ...' | Doc: Tra cứu lịch sử giao | Boost: 0.25 | Matched: ['gần đây']
2025-12-30 17:00:57 | DEBUG    | log:153 | [classify_query_intent] Classified: 'Cho tôi sem các giao dịch gần ...' -> Tra cứu lịch sử giao dịch theo (score=1)
2025-12-30 17:00:57 | DEBUG    | log:153 | [normalize_query] 'Liet ke giao dịch của tôi trong 3 ngày g...' -> 'Liet ke giao dịch của tôi trong 3 ngày g...'
2025-12-30 17:00:57 | DEBUG    | log:153 | [perform_hybrid_search] query_text: [Liet ke giao dịch của tôi trong 3 ngày gân nhất] - formatted_query: [Liet ke giao dịch của tôi trong 3 ngày gân nhất] - normalized_query: [Liet ke giao dịch của tôi trong 3 ngày gân nhất]
2025-12-30 17:00:57 | DEBUG    | log:153 | [perform_hybrid_search] BM25 raw scores: min=0.1007, max=15.1787
2025-12-30 17:00:57 | DEBUG    | log:153 | [get_keyword_boost] Query: 'Liet ke giao dịch của tôi tron...' | Doc: Tra cứu lịch sử giao | Boost: 0.25 | Matched: ['ngày']
2025-12-30 17:00:57 | DEBUG    | log:153 | [classify_query_intent] Classified: 'Liet ke giao dịch của tôi tron...' -> Tra cứu lịch sử giao dịch theo (score=1)
2025-12-30 17:00:57 | DEBUG    | log:153 | [normalize_query] 'Liệt kê giao dịnh của tôi trong 3 ngày g...' -> 'Liệt kê giao dịnh của tôi trong 3 ngày g...'
2025-12-30 17:00:57 | DEBUG    | log:153 | [perform_hybrid_search] query_text: [Liệt kê giao dịnh của tôi trong 3 ngày gần nhât] - formatted_query: [Liệt kê giao dịnh của tôi trong 3 ngày gần nhât] - normalized_query: [Liệt kê giao dịnh của tôi trong 3 ngày gần nhât]
2025-12-30 17:00:57 | DEBUG    | log:153 | [perform_hybrid_search] BM25 raw scores: min=0.0336, max=28.9741
2025-12-30 17:00:57 | DEBUG    | log:153 | [get_keyword_boost] Query: 'Liệt kê giao dịnh của tôi tron...' | Doc: Tra cứu lịch sử giao | Boost: 0.25 | Matched: ['ngày']
2025-12-30 17:00:57 | DEBUG    | log:153 | [classify_query_intent] Classified: 'Liệt kê giao dịnh của tôi tron...' -> Tra cứu lịch sử giao dịch theo (score=1)
2025-12-30 17:00:57 | DEBUG    | log:153 | [normalize_query] 'Xem các giao dịch rút tiên của tôi...' -> 'Xem các giao dịch rút tiên của tôi...'
2025-12-30 17:00:57 | DEBUG    | log:153 | [perform_hybrid_search] query_text: [Xem các giao dịch rút tiên của tôi] - formatted_query: [Xem các giao dịch rút tiên của tôi] - normalized_query: [Xem các giao dịch rút tiên của tôi]
2025-12-30 17:00:57 | DEBUG    | log:153 | [perform_hybrid_search] BM25 raw scores: min=0.1342, max=22.6116
2025-12-30 17:00:57 | DEBUG    | log:153 | [classify_query_intent] No keyword matches found in: 'Xem các giao dịch rút tiên của tôi'
2025-12-30 17:00:57 | DEBUG    | log:153 | [normalize_query] 'Xem các giao dịnh rút tiền của tôi...' -> 'Xem các giao dịnh rút tiền của tôi...'
2025-12-30 17:00:57 | DEBUG    | log:153 | [perform_hybrid_search] query_text: [Xem các giao dịnh rút tiền của tôi] - formatted_query: [Xem các giao dịnh rút tiền của tôi] - normalized_query: [Xem các giao dịnh rút tiền của tôi]
2025-12-30 17:00:57 | DEBUG    | log:153 | [perform_hybrid_search] BM25 raw scores: min=0.0671, max=13.5030
2025-12-30 17:00:57 | DEBUG    | log:153 | [get_keyword_boost] Query: 'Xem các giao dịnh rút tiền của...' | Doc: Tra cứu giao dịch th | Boost: 0.25 | Matched: ['rút tiền']
2025-12-30 17:00:57 | DEBUG    | log:153 | [classify_query_intent] Classified: 'Xem các giao dịnh rút tiền của...' -> Tra cứu giao dịch theo loại gi (score=1)
2025-12-30 17:00:57 | DEBUG    | log:153 | [normalize_query] 'Tim các giao dịch có số tiên dưới 500 ng...' -> 'Tim các giao dịch có số tiên dưới 500 ng...'
2025-12-30 17:00:57 | DEBUG    | log:153 | [perform_hybrid_search] query_text: [Tim các giao dịch có số tiên dưới 500 nghìn] - formatted_query: [Tim các giao dịch có số tiên dưới 500 nghìn] - normalized_query: [Tim các giao dịch có số tiên dưới 500 nghìn]
2025-12-30 17:00:57 | DEBUG    | log:153 | [perform_hybrid_search] BM25 raw scores: min=0.2349, max=39.4474
2025-12-30 17:00:57 | DEBUG    | log:153 | [get_keyword_boost] Query: 'Tim các giao dịch có số tiên d...' | Doc: Tra cứu giao dịch th | Boost: 0.25 | Matched: ['dưới']
2025-12-30 17:00:57 | DEBUG    | log:153 | [classify_query_intent] Classified: 'Tim các giao dịch có số tiên d...' -> Tra cứu giao dịch theo số tiền (score=1)
2025-12-30 17:00:57 | DEBUG    | log:153 | [normalize_query] 'Tìm các giao dịnh có số tiền dưới 500 ng...' -> 'Tìm các giao dịnh có số tiền dưới 500 ng...'
2025-12-30 17:00:57 | DEBUG    | log:153 | [perform_hybrid_search] query_text: [Tìm các giao dịnh có số tiền dưới 500 ngàn] - formatted_query: [Tìm các giao dịnh có số tiền dưới 500 ngàn] - normalized_query: [Tìm các giao dịnh có số tiền dưới 500 ngàn]
2025-12-30 17:00:57 | DEBUG    | log:153 | [perform_hybrid_search] BM25 raw scores: min=0.1678, max=35.9103
2025-12-30 17:00:57 | DEBUG    | log:153 | [get_keyword_boost] Query: 'Tìm các giao dịnh có số tiền d...' | Doc: Tra cứu giao dịch th | Boost: 0.25 | Matched: ['dưới']
2025-12-30 17:00:57 | DEBUG    | log:153 | [classify_query_intent] Classified: 'Tìm các giao dịnh có số tiền d...' -> Tra cứu giao dịch theo số tiền (score=1)
2025-12-30 17:00:57 | DEBUG    | log:153 | [normalize_query] 'Kiem tra lịch sử thu chi của tài khoãn...' -> 'Kiem tra lịch sử thu chi của tài khoãn...'
2025-12-30 17:00:57 | DEBUG    | log:153 | [perform_hybrid_search] query_text: [Kiem tra lịch sử thu chi của tài khoãn] - formatted_query: [Kiem tra lịch sử thu chi của tài khoãn] - normalized_query: [Kiem tra lịch sử thu chi của tài khoãn]
2025-12-30 17:00:57 | DEBUG    | log:153 | [perform_hybrid_search] BM25 raw scores: min=0.4532, max=11.5864
2025-12-30 17:00:57 | DEBUG    | log:153 | [classify_query_intent] No keyword matches found in: 'Kiem tra lịch sử thu chi của tài khoãn'
2025-12-30 17:00:57 | DEBUG    | log:153 | [normalize_query] 'Kiểm tra lịch sữ thu chi của tài khoản...' -> 'Kiểm tra lịch sữ thu chi của tài khoản...'
2025-12-30 17:00:57 | DEBUG    | log:153 | [perform_hybrid_search] query_text: [Kiểm tra lịch sữ thu chi của tài khoản] - formatted_query: [Kiểm tra lịch sữ thu chi của tài khoản] - normalized_query: [Kiểm tra lịch sữ thu chi của tài khoản]
2025-12-30 17:00:57 | DEBUG    | log:153 | [perform_hybrid_search] BM25 raw scores: min=0.4138, max=10.1601
2025-12-30 17:00:57 | DEBUG    | log:153 | [get_keyword_boost] Query: 'Kiểm tra lịch sữ thu chi của t...' | Doc: Tra cứu lịch sử giao | Boost: 0.25 | Matched: ['tài khoản']
2025-12-30 17:00:57 | DEBUG    | log:153 | [classify_query_intent] Classified: 'Kiểm tra lịch sữ thu chi của t...' -> Tra cứu lịch sử giao dịch theo (score=1)
2025-12-30 17:00:57 | DEBUG    | log:153 | [normalize_query] 'Xem giao dịch phat sinh trong ngày hôm n...' -> 'Xem giao dịch phat sinh trong ngày hôm n...'
2025-12-30 17:00:57 | DEBUG    | log:153 | [perform_hybrid_search] query_text: [Xem giao dịch phat sinh trong ngày hôm nay] - formatted_query: [Xem giao dịch phat sinh trong ngày hôm nay] - normalized_query: [Xem giao dịch phat sinh trong ngày hôm nay]
2025-12-30 17:00:57 | DEBUG    | log:153 | [perform_hybrid_search] BM25 raw scores: min=0.1007, max=37.2136
2025-12-30 17:00:57 | DEBUG    | log:153 | [get_keyword_boost] Query: 'Xem giao dịch phat sinh trong ...' | Doc: Tra cứu lịch sử giao | Boost: 0.50 | Matched: ['ngày', 'nay']
2025-12-30 17:00:57 | DEBUG    | log:153 | [classify_query_intent] Classified: 'Xem giao dịch phat sinh trong ...' -> Tra cứu lịch sử giao dịch theo (score=2)
2025-12-30 17:00:57 | DEBUG    | log:153 | [normalize_query] 'Xem giao dịnh phát sinh trong ngày hum n...' -> 'Xem giao dịnh phát sinh trong ngày hum n...'
2025-12-30 17:00:57 | DEBUG    | log:153 | [perform_hybrid_search] query_text: [Xem giao dịnh phát sinh trong ngày hum nay] - formatted_query: [Xem giao dịnh phát sinh trong ngày hum nay] - normalized_query: [Xem giao dịnh phát sinh trong ngày hum nay]
2025-12-30 17:00:57 | DEBUG    | log:153 | [perform_hybrid_search] BM25 raw scores: min=0.0336, max=18.8572
2025-12-30 17:00:57 | DEBUG    | log:153 | [get_keyword_boost] Query: 'Xem giao dịnh phát sinh trong ...' | Doc: Tra cứu lịch sử giao | Boost: 0.50 | Matched: ['ngày', 'nay']
2025-12-30 17:00:57 | DEBUG    | log:153 | [classify_query_intent] Classified: 'Xem giao dịnh phát sinh trong ...' -> Tra cứu lịch sử giao dịch theo (score=2)
2025-12-30 17:00:57 | DEBUG    | log:153 | [normalize_query] 'Tra cưu các giao dịch chuyển khoãn của t...' -> 'Tra cưu các giao dịch chuyển khoãn của t...'
2025-12-30 17:00:57 | DEBUG    | log:153 | [perform_hybrid_search] query_text: [Tra cưu các giao dịch chuyển khoãn của tôi] - formatted_query: [Tra cưu các giao dịch chuyển khoãn của tôi] - normalized_query: [Tra cưu các giao dịch chuyển khoãn của tôi]
2025-12-30 17:00:57 | DEBUG    | log:153 | [perform_hybrid_search] BM25 raw scores: min=0.5528, max=10.8956
2025-12-30 17:00:57 | DEBUG    | log:153 | [classify_query_intent] No keyword matches found in: 'Tra cưu các giao dịch chuyển khoãn của tôi'
2025-12-30 17:00:57 | DEBUG    | log:153 | [normalize_query] 'Tra cứu các giao dịnh chuyển khoản của t...' -> 'Tra cứu các giao dịnh chuyển khoản của t...'
2025-12-30 17:00:57 | DEBUG    | log:153 | [perform_hybrid_search] query_text: [Tra cứu các giao dịnh chuyển khoản của tôi] - formatted_query: [Tra cứu các giao dịnh chuyển khoản của tôi] - normalized_query: [Tra cứu các giao dịnh chuyển khoản của tôi]
2025-12-30 17:00:57 | DEBUG    | log:153 | [perform_hybrid_search] BM25 raw scores: min=0.9467, max=4.4857
2025-12-30 17:00:57 | DEBUG    | log:153 | [get_keyword_boost] Query: 'Tra cứu các giao dịnh chuyển k...' | Doc: Tra cứu giao dịch ch | Boost: 0.25 | Matched: ['chuyển khoản']
2025-12-30 17:00:57 | DEBUG    | log:153 | [classify_query_intent] Classified: 'Tra cứu các giao dịnh chuyển k...' -> Tra cứu giao dịch chuyển tiền (score=1)
2025-12-30 17:00:57 | DEBUG    | log:153 | [normalize_query] 'Tôi muốn xem sao kê tài khoãn gần đây...' -> 'Tôi muốn xem sao kê tài khoãn gần đây...'
2025-12-30 17:00:57 | DEBUG    | log:153 | [perform_hybrid_search] query_text: [Tôi muốn xem sao kê tài khoãn gần đây] - formatted_query: [Tôi muốn xem sao kê tài khoãn gần đây] - normalized_query: [Tôi muốn xem sao kê tài khoãn gần đây]
2025-12-30 17:00:57 | DEBUG    | log:153 | [perform_hybrid_search] BM25 raw scores: min=0.5203, max=29.7153
2025-12-30 17:00:57 | DEBUG    | log:153 | [get_keyword_boost] Query: 'Tôi muốn xem sao kê tài khoãn ...' | Doc: Tra cứu lịch sử giao | Boost: 0.25 | Matched: ['gần đây']
2025-12-30 17:00:57 | DEBUG    | log:153 | [classify_query_intent] Classified: 'Tôi muốn xem sao kê tài khoãn ...' -> Tra cứu lịch sử giao dịch theo (score=1)
2025-12-30 17:00:57 | DEBUG    | log:153 | [normalize_query] 'Tôi muôn xem sao ke tài khoản gần đây...' -> 'Tôi muôn xem sao ke tài khoản gần đây...'
2025-12-30 17:00:57 | DEBUG    | log:153 | [perform_hybrid_search] query_text: [Tôi muôn xem sao ke tài khoản gần đây] - formatted_query: [Tôi muôn xem sao ke tài khoản gần đây] - normalized_query: [Tôi muôn xem sao ke tài khoản gần đây]
2025-12-30 17:00:57 | DEBUG    | log:153 | [perform_hybrid_search] BM25 raw scores: min=0.5203, max=24.3026
2025-12-30 17:00:57 | DEBUG    | log:153 | [get_keyword_boost] Query: 'Tôi muôn xem sao ke tài khoản ...' | Doc: Tra cứu lịch sử giao | Boost: 0.25 | Matched: ['tài khoản']
2025-12-30 17:00:57 | DEBUG    | log:153 | [get_keyword_boost] Query: 'Tôi muôn xem sao ke tài khoản ...' | Doc: Tra cứu lịch sử giao | Boost: 0.25 | Matched: ['gần đây']
2025-12-30 17:00:57 | DEBUG    | log:153 | [classify_query_intent] Ambiguous: 'Tôi muôn xem sao ke tài khoản ...' | Scores: {'Tra cứu lịch sử giao dịch theo số tài khoản': 1, 'Tra cứu lịch sử giao dịch theo khoảng thời gian': 1}
2025-12-30 17:00:57 | DEBUG    | log:153 | [normalize_query] 'Cho tôi xem toàn bộ lịch sữ giao dịch củ...' -> 'Cho tôi xem toàn bộ lịch sữ giao dịch củ...'
2025-12-30 17:00:57 | DEBUG    | log:153 | [perform_hybrid_search] query_text: [Cho tôi xem toàn bộ lịch sữ giao dịch của tài khoản] - formatted_query: [Cho tôi xem toàn bộ lịch sữ giao dịch của tài khoản] - normalized_query: [Cho tôi xem toàn bộ lịch sữ giao dịch của tài khoản]
2025-12-30 17:00:57 | DEBUG    | log:153 | [perform_hybrid_search] BM25 raw scores: min=0.7043, max=11.7560
2025-12-30 17:00:57 | DEBUG    | log:153 | [get_keyword_boost] Query: 'Cho tôi xem toàn bộ lịch sữ gi...' | Doc: Tra cứu lịch sử giao | Boost: 0.25 | Matched: ['tài khoản']
2025-12-30 17:00:57 | DEBUG    | log:153 | [classify_query_intent] Classified: 'Cho tôi xem toàn bộ lịch sữ gi...' -> Tra cứu lịch sử giao dịch theo (score=1)
2025-12-30 17:00:57 | DEBUG    | log:153 | [normalize_query] 'Cho tôi xem toan bộ lịch sử giao dịnh củ...' -> 'Cho tôi xem toan bộ lịch sử giao dịnh củ...'
2025-12-30 17:00:57 | DEBUG    | log:153 | [perform_hybrid_search] query_text: [Cho tôi xem toan bộ lịch sử giao dịnh của tài khoản] - formatted_query: [Cho tôi xem toan bộ lịch sử giao dịnh của tài khoản] - normalized_query: [Cho tôi xem toan bộ lịch sử giao dịnh của tài khoản]
2025-12-30 17:00:57 | DEBUG    | log:153 | [perform_hybrid_search] BM25 raw scores: min=0.7730, max=11.6798
2025-12-30 17:00:57 | DEBUG    | log:153 | [get_keyword_boost] Query: 'Cho tôi xem toan bộ lịch sử gi...' | Doc: Tra cứu lịch sử giao | Boost: 0.25 | Matched: ['tài khoản']
2025-12-30 17:00:57 | DEBUG    | log:153 | [classify_query_intent] Classified: 'Cho tôi xem toan bộ lịch sử gi...' -> Tra cứu lịch sử giao dịch theo (score=1)
2025-12-30 17:00:57 | DEBUG    | log:153 | [normalize_query] 'Xem lịch sữ giao dịch của tài khoản tron...' -> 'Xem lịch sữ giao dịch của tài khoản tron...'
2025-12-30 17:00:57 | DEBUG    | log:153 | [perform_hybrid_search] query_text: [Xem lịch sữ giao dịch của tài khoản trong tháng này] - formatted_query: [Xem lịch sữ giao dịch của tài khoản trong tháng này] - normalized_query: [Xem lịch sữ giao dịch của tài khoản trong tháng này]
2025-12-30 17:00:58 | DEBUG    | log:153 | [perform_hybrid_search] BM25 raw scores: min=0.6881, max=15.7696
2025-12-30 17:00:58 | DEBUG    | log:153 | [get_keyword_boost] Query: 'Xem lịch sữ giao dịch của tài ...' | Doc: Tra cứu lịch sử giao | Boost: 0.25 | Matched: ['tài khoản']
2025-12-30 17:00:58 | DEBUG    | log:153 | [get_keyword_boost] Query: 'Xem lịch sữ giao dịch của tài ...' | Doc: Tra cứu lịch sử giao | Boost: 0.25 | Matched: ['tháng']
2025-12-30 17:00:58 | DEBUG    | log:153 | [classify_query_intent] Ambiguous: 'Xem lịch sữ giao dịch của tài ...' | Scores: {'Tra cứu lịch sử giao dịch theo số tài khoản': 1, 'Tra cứu lịch sử giao dịch theo khoảng thời gian': 1}
2025-12-30 17:00:58 | DEBUG    | log:153 | [normalize_query] 'Cho tôi xem các giao dịnh phát sinh gần ...' -> 'Cho tôi xem các giao dịnh phát sinh gần ...'
2025-12-30 17:00:58 | DEBUG    | log:153 | [perform_hybrid_search] query_text: [Cho tôi xem các giao dịnh phát sinh gần đây] - formatted_query: [Cho tôi xem các giao dịnh phát sinh gần đây] - normalized_query: [Cho tôi xem các giao dịnh phát sinh gần đây]
2025-12-30 17:00:58 | DEBUG    | log:153 | [perform_hybrid_search] BM25 raw scores: min=0.0336, max=24.1337
2025-12-30 17:00:58 | DEBUG    | log:153 | [get_keyword_boost] Query: 'Cho tôi xem các giao dịnh phát...' | Doc: Tra cứu lịch sử giao | Boost: 0.25 | Matched: ['gần đây']
2025-12-30 17:00:58 | DEBUG    | log:153 | [classify_query_intent] Classified: 'Cho tôi xem các giao dịnh phát...' -> Tra cứu lịch sử giao dịch theo (score=1)
2025-12-30 17:00:58 | DEBUG    | log:153 | [normalize_query] 'Liệt kê các giao dịch của tôi trong 7 ng...' -> 'Liệt kê các giao dịch của tôi trong 7 ng...'
2025-12-30 17:00:58 | DEBUG    | log:153 | [perform_hybrid_search] query_text: [Liệt kê các giao dịch của tôi trong 7 ngày qưa] - formatted_query: [Liệt kê các giao dịch của tôi trong 7 ngày qưa] - normalized_query: [Liệt kê các giao dịch của tôi trong 7 ngày qưa]
2025-12-30 17:00:58 | DEBUG    | log:153 | [perform_hybrid_search] BM25 raw scores: min=0.1007, max=28.4519
2025-12-30 17:00:58 | DEBUG    | log:153 | [get_keyword_boost] Query: 'Liệt kê các giao dịch của tôi ...' | Doc: Tra cứu lịch sử giao | Boost: 0.25 | Matched: ['ngày']
2025-12-30 17:00:58 | DEBUG    | log:153 | [classify_query_intent] Classified: 'Liệt kê các giao dịch của tôi ...' -> Tra cứu lịch sử giao dịch theo (score=1)
2025-12-30 17:00:58 | DEBUG    | log:153 | [normalize_query] 'Xem các giao dịnh chuyển khoãn của tài k...' -> 'Xem các giao dịnh chuyển khoãn của tài k...'
2025-12-30 17:00:58 | DEBUG    | log:153 | [perform_hybrid_search] query_text: [Xem các giao dịnh chuyển khoãn của tài khoản] - formatted_query: [Xem các giao dịnh chuyển khoãn của tài khoản] - normalized_query: [Xem các giao dịnh chuyển khoãn của tài khoản]
2025-12-30 17:00:58 | DEBUG    | log:153 | [perform_hybrid_search] BM25 raw scores: min=0.8486, max=9.1974
2025-12-30 17:00:58 | DEBUG    | log:153 | [get_keyword_boost] Query: 'Xem các giao dịnh chuyển khoãn...' | Doc: Tra cứu lịch sử giao | Boost: 0.25 | Matched: ['tài khoản']
2025-12-30 17:00:58 | DEBUG    | log:153 | [classify_query_intent] Classified: 'Xem các giao dịnh chuyển khoãn...' -> Tra cứu lịch sử giao dịch theo (score=1)
2025-12-30 17:00:58 | DEBUG    | log:153 | [normalize_query] 'Kiểm tra các giao dịnh rút tiên gần đây...' -> 'Kiểm tra các giao dịnh rút tiên gần đây...'
2025-12-30 17:00:58 | DEBUG    | log:153 | [perform_hybrid_search] query_text: [Kiểm tra các giao dịnh rút tiên gần đây] - formatted_query: [Kiểm tra các giao dịnh rút tiên gần đây] - normalized_query: [Kiểm tra các giao dịnh rút tiên gần đây]
2025-12-30 17:00:58 | DEBUG    | log:153 | [perform_hybrid_search] BM25 raw scores: min=0.1007, max=18.2332
2025-12-30 17:00:58 | DEBUG    | log:153 | [get_keyword_boost] Query: 'Kiểm tra các giao dịnh rút tiê...' | Doc: Tra cứu lịch sử giao | Boost: 0.25 | Matched: ['gần đây']
2025-12-30 17:00:58 | DEBUG    | log:153 | [classify_query_intent] Classified: 'Kiểm tra các giao dịnh rút tiê...' -> Tra cứu lịch sử giao dịch theo (score=1)
2025-12-30 17:00:58 | DEBUG    | log:153 | [normalize_query] 'Tìm các giao dịch có số tiên trên 2 triệ...' -> 'Tìm các giao dịch có số tiên trên 2 triệ...'
2025-12-30 17:00:58 | DEBUG    | log:153 | [perform_hybrid_search] query_text: [Tìm các giao dịch có số tiên trên 2 triệu] - formatted_query: [Tìm các giao dịch có số tiên trên 2 triệu] - normalized_query: [Tìm các giao dịch có số tiên trên 2 triệu]
2025-12-30 17:00:58 | DEBUG    | log:153 | [perform_hybrid_search] BM25 raw scores: min=0.2349, max=53.0878
2025-12-30 17:00:58 | DEBUG    | log:153 | [get_keyword_boost] Query: 'Tìm các giao dịch có số tiên t...' | Doc: Tra cứu giao dịch th | Boost: 0.50 | Matched: ['trên', 'triệu']
2025-12-30 17:00:58 | DEBUG    | log:153 | [classify_query_intent] Classified: 'Tìm các giao dịch có số tiên t...' -> Tra cứu giao dịch theo số tiền (score=2)
2025-12-30 17:00:58 | DEBUG    | log:153 | [normalize_query] 'Xem lịch sữ thu chi của tài khoản ngân h...' -> 'Xem lịch sữ thu chi của tài khoản ngân h...'
2025-12-30 17:00:58 | DEBUG    | log:153 | [perform_hybrid_search] query_text: [Xem lịch sữ thu chi của tài khoản ngân hàng] - formatted_query: [Xem lịch sữ thu chi của tài khoản ngân hàng] - normalized_query: [Xem lịch sữ thu chi của tài khoản ngân hàng]
2025-12-30 17:00:58 | DEBUG    | log:153 | [perform_hybrid_search] BM25 raw scores: min=0.6356, max=11.6496
2025-12-30 17:00:58 | DEBUG    | log:153 | [get_keyword_boost] Query: 'Xem lịch sữ thu chi của tài kh...' | Doc: Tra cứu lịch sử giao | Boost: 0.25 | Matched: ['tài khoản']
2025-12-30 17:00:58 | DEBUG    | log:153 | [classify_query_intent] Classified: 'Xem lịch sữ thu chi của tài kh...' -> Tra cứu lịch sử giao dịch theo (score=1)
2025-12-30 17:00:58 | DEBUG    | log:153 | [normalize_query] 'Cho tôi xem các giao dịch trong ngày hôm...' -> 'Cho tôi xem các giao dịch trong ngày hôm...'
2025-12-30 17:00:58 | DEBUG    | log:153 | [perform_hybrid_search] query_text: [Cho tôi xem các giao dịch trong ngày hôm qùa] - formatted_query: [Cho tôi xem các giao dịch trong ngày hôm qùa] - normalized_query: [Cho tôi xem các giao dịch trong ngày hôm qùa]
2025-12-30 17:00:58 | DEBUG    | log:153 | [perform_hybrid_search] BM25 raw scores: min=0.1007, max=22.0734
2025-12-30 17:00:58 | DEBUG    | log:153 | [get_keyword_boost] Query: 'Cho tôi xem các giao dịch tron...' | Doc: Tra cứu lịch sử giao | Boost: 0.25 | Matched: ['ngày']
2025-12-30 17:00:58 | DEBUG    | log:153 | [classify_query_intent] Classified: 'Cho tôi xem các giao dịch tron...' -> Tra cứu lịch sử giao dịch theo (score=1)
2025-12-30 17:00:58 | DEBUG    | log:153 | [normalize_query] 'Tra cưu sao kê giao dịch của tài khoản...' -> 'Tra cưu sao kê giao dịch của tài khoản...'
2025-12-30 17:00:58 | DEBUG    | log:153 | [perform_hybrid_search] query_text: [Tra cưu sao kê giao dịch của tài khoản] - formatted_query: [Tra cưu sao kê giao dịch của tài khoản] - normalized_query: [Tra cưu sao kê giao dịch của tài khoản]
2025-12-30 17:00:58 | DEBUG    | log:153 | [perform_hybrid_search] BM25 raw scores: min=0.8342, max=20.9029
2025-12-30 17:00:58 | DEBUG    | log:153 | [get_keyword_boost] Query: 'Tra cưu sao kê giao dịch của t...' | Doc: Tra cứu lịch sử giao | Boost: 0.25 | Matched: ['tài khoản']
2025-12-30 17:00:58 | DEBUG    | log:153 | [classify_query_intent] Classified: 'Tra cưu sao kê giao dịch của t...' -> Tra cứu lịch sử giao dịch theo (score=1)
2025-12-30 17:00:58 | DEBUG    | log:153 | [normalize_query] 'Xem toàn bộ lịch sữ giao dịch của tôi...' -> 'Xem toàn bộ lịch sữ giao dịch của tôi...'
2025-12-30 17:00:58 | DEBUG    | log:153 | [perform_hybrid_search] query_text: [Xem toàn bộ lịch sữ giao dịch của tôi] - formatted_query: [Xem toàn bộ lịch sữ giao dịch của tôi] - normalized_query: [Xem toàn bộ lịch sữ giao dịch của tôi]
2025-12-30 17:00:58 | DEBUG    | log:153 | [perform_hybrid_search] BM25 raw scores: min=0.1718, max=11.7435
2025-12-30 17:00:58 | DEBUG    | log:153 | [classify_query_intent] No keyword matches found in: 'Xem toàn bộ lịch sữ giao dịch của tôi'
2025-12-30 17:00:58 | DEBUG    | log:153 | [normalize_query] 'Xem ls gd tháng trước...' -> 'Xem ls gd tháng trước...'
2025-12-30 17:00:58 | DEBUG    | log:153 | [perform_hybrid_search] query_text: [Xem ls gd tháng trước] - formatted_query: [Xem ls gd tháng trước] - normalized_query: [Xem ls gd tháng trước]
2025-12-30 17:00:58 | DEBUG    | log:153 | [perform_hybrid_search] BM25 raw scores: min=0.0000, max=9.5263
2025-12-30 17:00:58 | DEBUG    | log:153 | [get_keyword_boost] Query: 'Xem ls gd tháng trước...' | Doc: Tra cứu lịch sử giao | Boost: 0.25 | Matched: ['tháng']
2025-12-30 17:00:58 | DEBUG    | log:153 | [classify_query_intent] Classified: 'Xem ls gd tháng trước...' -> Tra cứu lịch sử giao dịch theo (score=1)
2025-12-30 17:00:58 | DEBUG    | log:153 | [normalize_query] 'Lịch sử gd tk tháng trc...' -> 'Lịch sử gd tk tháng trc...'
2025-12-30 17:00:58 | DEBUG    | log:153 | [perform_hybrid_search] query_text: [Lịch sử gd tk tháng trc] - formatted_query: [Lịch sử gd tk tháng trc] - normalized_query: [Lịch sử gd tk tháng trc]
2025-12-30 17:00:58 | DEBUG    | log:153 | [perform_hybrid_search] BM25 raw scores: min=0.0641, max=3.2565
2025-12-30 17:00:58 | DEBUG    | log:153 | [get_keyword_boost] Query: 'Lịch sử gd tk tháng trc...' | Doc: Tra cứu lịch sử giao | Boost: 0.25 | Matched: ['tk']
2025-12-30 17:00:58 | DEBUG    | log:153 | [get_keyword_boost] Query: 'Lịch sử gd tk tháng trc...' | Doc: Tra cứu lịch sử giao | Boost: 0.25 | Matched: ['tháng']
2025-12-30 17:00:58 | DEBUG    | log:153 | [classify_query_intent] Ambiguous: 'Lịch sử gd tk tháng trc...' | Scores: {'Tra cứu lịch sử giao dịch theo số tài khoản': 1, 'Tra cứu lịch sử giao dịch theo khoảng thời gian': 1}
2025-12-30 17:00:58 | DEBUG    | log:153 | [normalize_query] 'Xem gd gần nhất...' -> 'Xem gd gần nhất...'
2025-12-30 17:00:58 | DEBUG    | log:153 | [perform_hybrid_search] query_text: [Xem gd gần nhất] - formatted_query: [Xem gd gần nhất] - normalized_query: [Xem gd gần nhất]
2025-12-30 17:00:58 | DEBUG    | log:153 | [perform_hybrid_search] BM25 raw scores: min=0.0000, max=11.9873
2025-12-30 17:00:58 | DEBUG    | log:153 | [classify_query_intent] No keyword matches found in: 'Xem gd gần nhất'
2025-12-30 17:00:58 | DEBUG    | log:153 | [normalize_query] 'Gd gần đây của tk...' -> 'Gd gần đây của tk...'
2025-12-30 17:00:58 | DEBUG    | log:153 | [perform_hybrid_search] query_text: [Gd gần đây của tk] - formatted_query: [Gd gần đây của tk] - normalized_query: [Gd gần đây của tk]
2025-12-30 17:00:58 | DEBUG    | log:153 | [perform_hybrid_search] BM25 raw scores: min=0.0000, max=12.0209
2025-12-30 17:00:58 | DEBUG    | log:153 | [get_keyword_boost] Query: 'Gd gần đây của tk...' | Doc: Tra cứu lịch sử giao | Boost: 0.25 | Matched: ['tk']
2025-12-30 17:00:58 | DEBUG    | log:153 | [get_keyword_boost] Query: 'Gd gần đây của tk...' | Doc: Tra cứu lịch sử giao | Boost: 0.25 | Matched: ['gần đây']
2025-12-30 17:00:58 | DEBUG    | log:153 | [classify_query_intent] Ambiguous: 'Gd gần đây của tk...' | Scores: {'Tra cứu lịch sử giao dịch theo số tài khoản': 1, 'Tra cứu lịch sử giao dịch theo khoảng thời gian': 1}
2025-12-30 17:00:58 | DEBUG    | log:153 | [normalize_query] 'Liệt kê gd 3 ngày gần đây...' -> 'Liệt kê gd 3 ngày gần đây...'
2025-12-30 17:00:58 | DEBUG    | log:153 | [perform_hybrid_search] query_text: [Liệt kê gd 3 ngày gần đây] - formatted_query: [Liệt kê gd 3 ngày gần đây] - normalized_query: [Liệt kê gd 3 ngày gần đây]
2025-12-30 17:00:58 | DEBUG    | log:153 | [perform_hybrid_search] BM25 raw scores: min=0.0000, max=26.4425
2025-12-30 17:00:58 | DEBUG    | log:153 | [get_keyword_boost] Query: 'Liệt kê gd 3 ngày gần đây...' | Doc: Tra cứu lịch sử giao | Boost: 0.50 | Matched: ['ngày', 'gần đây']
2025-12-30 17:00:58 | DEBUG    | log:153 | [classify_query_intent] Classified: 'Liệt kê gd 3 ngày gần đây...' -> Tra cứu lịch sử giao dịch theo (score=2)
2025-12-30 17:00:58 | DEBUG    | log:153 | [normalize_query] 'Gd 3 ngày gần nhất...' -> 'Gd 3 ngày gần nhất...'
2025-12-30 17:00:58 | DEBUG    | log:153 | [perform_hybrid_search] query_text: [Gd 3 ngày gần nhất] - formatted_query: [Gd 3 ngày gần nhất] - normalized_query: [Gd 3 ngày gần nhất]
2025-12-30 17:00:58 | DEBUG    | log:153 | [perform_hybrid_search] BM25 raw scores: min=0.0000, max=14.1323
2025-12-30 17:00:58 | DEBUG    | log:153 | [get_keyword_boost] Query: 'Gd 3 ngày gần nhất...' | Doc: Tra cứu lịch sử giao | Boost: 0.25 | Matched: ['ngày']
2025-12-30 17:00:58 | DEBUG    | log:153 | [classify_query_intent] Classified: 'Gd 3 ngày gần nhất...' -> Tra cứu lịch sử giao dịch theo (score=1)
2025-12-30 17:00:58 | DEBUG    | log:153 | [normalize_query] 'Xem gd rút tiền...' -> 'Xem gd rút tiền...'
2025-12-30 17:00:58 | DEBUG    | log:153 | [perform_hybrid_search] query_text: [Xem gd rút tiền] - formatted_query: [Xem gd rút tiền] - normalized_query: [Xem gd rút tiền]
2025-12-30 17:00:58 | DEBUG    | log:153 | [perform_hybrid_search] BM25 raw scores: min=0.0336, max=10.9866
2025-12-30 17:00:58 | DEBUG    | log:153 | [get_keyword_boost] Query: 'Xem gd rút tiền...' | Doc: Tra cứu giao dịch th | Boost: 0.25 | Matched: ['rút tiền']
2025-12-30 17:00:58 | DEBUG    | log:153 | [classify_query_intent] Classified: 'Xem gd rút tiền...' -> Tra cứu giao dịch theo loại gi (score=1)
2025-12-30 17:00:58 | DEBUG    | log:153 | [normalize_query] 'Gd rut tien cua toi...' -> 'Gd rut tien cua toi...'
2025-12-30 17:00:58 | DEBUG    | log:153 | [perform_hybrid_search] query_text: [Gd rut tien cua toi] - formatted_query: [Gd rut tien cua toi] - normalized_query: [Gd rut tien cua toi]
2025-12-30 17:00:58 | DEBUG    | log:153 | [perform_hybrid_search] BM25 raw scores: min=0.0178, max=3.9753
2025-12-30 17:00:58 | DEBUG    | log:153 | [classify_query_intent] No keyword matches found in: 'Gd rut tien cua toi'
2025-12-30 17:00:58 | DEBUG    | log:153 | [normalize_query] 'Tìm gd <500k...' -> 'Tìm gd <500k...'
2025-12-30 17:00:58 | DEBUG    | log:153 | [perform_hybrid_search] query_text: [Tìm gd <500k] - formatted_query: [Tìm gd <500k] - normalized_query: [Tìm gd <500k]
2025-12-30 17:00:58 | DEBUG    | log:153 | [perform_hybrid_search] BM25 raw scores: min=0.0000, max=6.9490
2025-12-30 17:00:58 | DEBUG    | log:153 | [classify_query_intent] No keyword matches found in: 'Tìm gd <500k'
2025-12-30 17:00:58 | DEBUG    | log:153 | [normalize_query] 'Gd dưới 500k...' -> 'Gd dưới 500k...'
2025-12-30 17:00:58 | DEBUG    | log:153 | [perform_hybrid_search] query_text: [Gd dưới 500k] - formatted_query: [Gd dưới 500k] - normalized_query: [Gd dưới 500k]
2025-12-30 17:00:58 | DEBUG    | log:153 | [perform_hybrid_search] BM25 raw scores: min=0.0000, max=2.9774
2025-12-30 17:00:58 | DEBUG    | log:153 | [get_keyword_boost] Query: 'Gd dưới 500k...' | Doc: Tra cứu giao dịch th | Boost: 0.25 | Matched: ['dưới']
2025-12-30 17:00:58 | DEBUG    | log:153 | [classify_query_intent] Classified: 'Gd dưới 500k...' -> Tra cứu giao dịch theo số tiền (score=1)
2025-12-30 17:00:58 | DEBUG    | log:153 | [normalize_query] 'Ktra ls thu chi tk...' -> 'Ktra ls thu chi tk...'
2025-12-30 17:00:58 | DEBUG    | log:153 | [perform_hybrid_search] query_text: [Ktra ls thu chi tk] - formatted_query: [Ktra ls thu chi tk] - normalized_query: [Ktra ls thu chi tk]
2025-12-30 17:00:58 | DEBUG    | log:153 | [perform_hybrid_search] BM25 raw scores: min=0.0160, max=2.9068
2025-12-30 17:00:58 | DEBUG    | log:153 | [get_keyword_boost] Query: 'Ktra ls thu chi tk...' | Doc: Tra cứu lịch sử giao | Boost: 0.25 | Matched: ['tk']
2025-12-30 17:00:58 | DEBUG    | log:153 | [classify_query_intent] Classified: 'Ktra ls thu chi tk...' -> Tra cứu lịch sử giao dịch theo (score=1)
2025-12-30 17:00:58 | DEBUG    | log:153 | [normalize_query] 'Thu chi tk...' -> 'Thu chi tk...'
2025-12-30 17:00:58 | DEBUG    | log:153 | [perform_hybrid_search] query_text: [Thu chi tk] - formatted_query: [Thu chi tk] - normalized_query: [Thu chi tk]
2025-12-30 17:00:58 | DEBUG    | log:153 | [perform_hybrid_search] BM25 raw scores: min=0.0160, max=2.9068
2025-12-30 17:00:58 | DEBUG    | log:153 | [get_keyword_boost] Query: 'Thu chi tk...' | Doc: Tra cứu lịch sử giao | Boost: 0.25 | Matched: ['tk']
2025-12-30 17:00:58 | DEBUG    | log:153 | [classify_query_intent] Classified: 'Thu chi tk...' -> Tra cứu lịch sử giao dịch theo (score=1)
2025-12-30 17:00:58 | DEBUG    | log:153 | [normalize_query] 'Xem gd hôm nay...' -> 'Xem gd hôm nay...'
2025-12-30 17:00:58 | DEBUG    | log:153 | [perform_hybrid_search] query_text: [Xem gd hôm nay] - formatted_query: [Xem gd hôm nay] - normalized_query: [Xem gd hôm nay]
2025-12-30 17:00:58 | DEBUG    | log:153 | [perform_hybrid_search] BM25 raw scores: min=0.0000, max=15.7863
2025-12-30 17:00:58 | DEBUG    | log:153 | [get_keyword_boost] Query: 'Xem gd hôm nay...' | Doc: Tra cứu lịch sử giao | Boost: 0.25 | Matched: ['nay']
2025-12-30 17:00:58 | DEBUG    | log:153 | [classify_query_intent] Classified: 'Xem gd hôm nay...' -> Tra cứu lịch sử giao dịch theo (score=1)
2025-12-30 17:00:58 | DEBUG    | log:153 | [normalize_query] 'Gd phát sinh hnay...' -> 'Gd phát sinh hnay...'
2025-12-30 17:00:58 | DEBUG    | log:153 | [perform_hybrid_search] query_text: [Gd phát sinh hnay] - formatted_query: [Gd phát sinh hnay] - normalized_query: [Gd phát sinh hnay]
2025-12-30 17:00:58 | DEBUG    | log:153 | [perform_hybrid_search] BM25 raw scores: min=0.0000, max=5.1168
2025-12-30 17:00:58 | DEBUG    | log:153 | [get_keyword_boost] Query: 'Gd phát sinh hnay...' | Doc: Tra cứu lịch sử giao | Boost: 0.25 | Matched: ['nay']
2025-12-30 17:00:58 | DEBUG    | log:153 | [classify_query_intent] Classified: 'Gd phát sinh hnay...' -> Tra cứu lịch sử giao dịch theo (score=1)
2025-12-30 17:00:58 | DEBUG    | log:153 | [normalize_query] 'Tra cứu gd ck...' -> 'Tra cứu gd ck...'
2025-12-30 17:00:58 | DEBUG    | log:153 | [perform_hybrid_search] query_text: [Tra cứu gd ck] - formatted_query: [Tra cứu gd ck] - normalized_query: [Tra cứu gd ck]
2025-12-30 17:00:58 | DEBUG    | log:153 | [perform_hybrid_search] BM25 raw scores: min=0.5007, max=3.0747
2025-12-30 17:00:58 | DEBUG    | log:153 | [get_keyword_boost] Query: 'Tra cứu gd ck...' | Doc: Tra cứu giao dịch ch | Boost: 0.25 | Matched: ['ck']
2025-12-30 17:00:58 | DEBUG    | log:153 | [classify_query_intent] Classified: 'Tra cứu gd ck...' -> Tra cứu giao dịch chuyển tiền (score=1)
2025-12-30 17:00:58 | DEBUG    | log:153 | [normalize_query] 'Gd chuyển khoản...' -> 'Gd chuyển khoản...'
2025-12-30 17:00:58 | DEBUG    | log:153 | [perform_hybrid_search] query_text: [Gd chuyển khoản] - formatted_query: [Gd chuyển khoản] - normalized_query: [Gd chuyển khoản]
2025-12-30 17:00:58 | DEBUG    | log:153 | [perform_hybrid_search] BM25 raw scores: min=0.0366, max=2.7776
2025-12-30 17:00:58 | DEBUG    | log:153 | [get_keyword_boost] Query: 'Gd chuyển khoản...' | Doc: Tra cứu giao dịch ch | Boost: 0.25 | Matched: ['chuyển khoản']
2025-12-30 17:00:58 | DEBUG    | log:153 | [classify_query_intent] Classified: 'Gd chuyển khoản...' -> Tra cứu giao dịch chuyển tiền (score=1)
2025-12-30 17:00:58 | DEBUG    | log:153 | [normalize_query] 'Xem sao kê tk...' -> 'Xem sao kê tk...'
2025-12-30 17:00:58 | DEBUG    | log:153 | [perform_hybrid_search] query_text: [Xem sao kê tk] - formatted_query: [Xem sao kê tk] - normalized_query: [Xem sao kê tk]
2025-12-30 17:00:58 | DEBUG    | log:153 | [perform_hybrid_search] BM25 raw scores: min=0.0000, max=16.1970
2025-12-30 17:00:58 | DEBUG    | log:153 | [get_keyword_boost] Query: 'Xem sao kê tk...' | Doc: Tra cứu lịch sử giao | Boost: 0.25 | Matched: ['tk']
2025-12-30 17:00:58 | DEBUG    | log:153 | [classify_query_intent] Classified: 'Xem sao kê tk...' -> Tra cứu lịch sử giao dịch theo (score=1)
2025-12-30 17:00:58 | DEBUG    | log:153 | [normalize_query] 'Sao kê tk gần đây...' -> 'Sao kê tk gần đây...'
2025-12-30 17:00:58 | DEBUG    | log:153 | [perform_hybrid_search] query_text: [Sao kê tk gần đây] - formatted_query: [Sao kê tk gần đây] - normalized_query: [Sao kê tk gần đây]
2025-12-30 17:00:58 | DEBUG    | log:153 | [perform_hybrid_search] BM25 raw scores: min=0.0000, max=20.1862
2025-12-30 17:00:58 | DEBUG    | log:153 | [get_keyword_boost] Query: 'Sao kê tk gần đây...' | Doc: Tra cứu lịch sử giao | Boost: 0.25 | Matched: ['tk']
2025-12-30 17:00:58 | DEBUG    | log:153 | [get_keyword_boost] Query: 'Sao kê tk gần đây...' | Doc: Tra cứu lịch sử giao | Boost: 0.25 | Matched: ['gần đây']
2025-12-30 17:00:58 | DEBUG    | log:153 | [classify_query_intent] Ambiguous: 'Sao kê tk gần đây...' | Scores: {'Tra cứu lịch sử giao dịch theo số tài khoản': 1, 'Tra cứu lịch sử giao dịch theo khoảng thời gian': 1}
2025-12-30 17:00:58 | DEBUG    | log:153 | [normalize_query] 'Xem full ls gd tk...' -> 'Xem full ls gd tk...'
2025-12-30 17:00:58 | DEBUG    | log:153 | [perform_hybrid_search] query_text: [Xem full ls gd tk] - formatted_query: [Xem full ls gd tk] - normalized_query: [Xem full ls gd tk]
2025-12-30 17:00:58 | DEBUG    | log:153 | [perform_hybrid_search] BM25 raw scores: min=0.0000, max=5.3558
2025-12-30 17:00:58 | DEBUG    | log:153 | [get_keyword_boost] Query: 'Xem full ls gd tk...' | Doc: Tra cứu lịch sử giao | Boost: 0.25 | Matched: ['tk']
2025-12-30 17:00:58 | DEBUG    | log:153 | [classify_query_intent] Classified: 'Xem full ls gd tk...' -> Tra cứu lịch sử giao dịch theo (score=1)
2025-12-30 17:00:58 | DEBUG    | log:153 | [normalize_query] 'Xem ls gd tk tháng này...' -> 'Xem ls gd tk tháng này...'
2025-12-30 17:00:58 | DEBUG    | log:153 | [perform_hybrid_search] query_text: [Xem ls gd tk tháng này] - formatted_query: [Xem ls gd tk tháng này] - normalized_query: [Xem ls gd tk tháng này]
2025-12-30 17:00:58 | DEBUG    | log:153 | [perform_hybrid_search] BM25 raw scores: min=0.0000, max=6.8663
2025-12-30 17:00:58 | DEBUG    | log:153 | [get_keyword_boost] Query: 'Xem ls gd tk tháng này...' | Doc: Tra cứu lịch sử giao | Boost: 0.25 | Matched: ['tk']
2025-12-30 17:00:58 | DEBUG    | log:153 | [get_keyword_boost] Query: 'Xem ls gd tk tháng này...' | Doc: Tra cứu lịch sử giao | Boost: 0.25 | Matched: ['tháng']
2025-12-30 17:00:58 | DEBUG    | log:153 | [classify_query_intent] Ambiguous: 'Xem ls gd tk tháng này...' | Scores: {'Tra cứu lịch sử giao dịch theo số tài khoản': 1, 'Tra cứu lịch sử giao dịch theo khoảng thời gian': 1}
2025-12-30 17:00:58 | DEBUG    | log:153 | [normalize_query] 'Xem gd phát sinh gần đây...' -> 'Xem gd phát sinh gần đây...'
2025-12-30 17:00:58 | DEBUG    | log:153 | [perform_hybrid_search] query_text: [Xem gd phát sinh gần đây] - formatted_query: [Xem gd phát sinh gần đây] - normalized_query: [Xem gd phát sinh gần đây]
2025-12-30 17:00:58 | DEBUG    | log:153 | [perform_hybrid_search] BM25 raw scores: min=0.0000, max=20.8880
2025-12-30 17:00:58 | DEBUG    | log:153 | [get_keyword_boost] Query: 'Xem gd phát sinh gần đây...' | Doc: Tra cứu lịch sử giao | Boost: 0.25 | Matched: ['gần đây']
2025-12-30 17:00:58 | DEBUG    | log:153 | [classify_query_intent] Classified: 'Xem gd phát sinh gần đây...' -> Tra cứu lịch sử giao dịch theo (score=1)
2025-12-30 17:00:58 | DEBUG    | log:153 | [normalize_query] 'Liệt kê gd 7 ngày qua...' -> 'Liệt kê gd 7 ngày qua...'
2025-12-30 17:00:58 | DEBUG    | log:153 | [perform_hybrid_search] query_text: [Liệt kê gd 7 ngày qua] - formatted_query: [Liệt kê gd 7 ngày qua] - normalized_query: [Liệt kê gd 7 ngày qua]
2025-12-30 17:00:58 | DEBUG    | log:153 | [perform_hybrid_search] BM25 raw scores: min=0.0000, max=17.9102
2025-12-30 17:00:58 | DEBUG    | log:153 | [get_keyword_boost] Query: 'Liệt kê gd 7 ngày qua...' | Doc: Tra cứu lịch sử giao | Boost: 0.25 | Matched: ['ngày']
2025-12-30 17:00:58 | DEBUG    | log:153 | [classify_query_intent] Classified: 'Liệt kê gd 7 ngày qua...' -> Tra cứu lịch sử giao dịch theo (score=1)
2025-12-30 17:00:58 | DEBUG    | log:153 | [normalize_query] 'Xem gd ck...' -> 'Xem gd ck...'
2025-12-30 17:00:58 | DEBUG    | log:153 | [perform_hybrid_search] query_text: [Xem gd ck] - formatted_query: [Xem gd ck] - normalized_query: [Xem gd ck]
2025-12-30 17:00:58 | DEBUG    | log:153 | [perform_hybrid_search] BM25 raw scores: min=0.0000, max=3.8028
2025-12-30 17:00:58 | DEBUG    | log:153 | [get_keyword_boost] Query: 'Xem gd ck...' | Doc: Tra cứu giao dịch ch | Boost: 0.25 | Matched: ['ck']
2025-12-30 17:00:58 | DEBUG    | log:153 | [classify_query_intent] Classified: 'Xem gd ck...' -> Tra cứu giao dịch chuyển tiền (score=1)
2025-12-30 17:00:58 | DEBUG    | log:153 | [normalize_query] 'Ktra gd rút tiền...' -> 'Ktra gd rút tiền...'
2025-12-30 17:00:58 | DEBUG    | log:153 | [perform_hybrid_search] query_text: [Ktra gd rút tiền] - formatted_query: [Ktra gd rút tiền] - normalized_query: [Ktra gd rút tiền]
2025-12-30 17:00:58 | DEBUG    | log:153 | [perform_hybrid_search] BM25 raw scores: min=0.0178, max=7.2069
2025-12-30 17:00:58 | DEBUG    | log:153 | [get_keyword_boost] Query: 'Ktra gd rút tiền...' | Doc: Tra cứu giao dịch th | Boost: 0.25 | Matched: ['rút tiền']
2025-12-30 17:00:58 | DEBUG    | log:153 | [classify_query_intent] Classified: 'Ktra gd rút tiền...' -> Tra cứu giao dịch theo loại gi (score=1)
2025-12-30 17:00:58 | DEBUG    | log:153 | [normalize_query] 'Tìm gd >2tr...' -> 'Tìm gd >2tr...'
2025-12-30 17:00:58 | DEBUG    | log:153 | [perform_hybrid_search] query_text: [Tìm gd >2tr] - formatted_query: [Tìm gd >2tr] - normalized_query: [Tìm gd >2tr]
2025-12-30 17:00:58 | DEBUG    | log:153 | [perform_hybrid_search] BM25 raw scores: min=0.0000, max=6.9490
2025-12-30 17:00:58 | DEBUG    | log:153 | [classify_query_intent] No keyword matches found in: 'Tìm gd >2tr'
2025-12-30 17:00:58 | DEBUG    | log:153 | [normalize_query] 'Xem ls thu chi tk...' -> 'Xem ls thu chi tk...'
2025-12-30 17:00:58 | DEBUG    | log:153 | [perform_hybrid_search] query_text: [Xem ls thu chi tk] - formatted_query: [Xem ls thu chi tk] - normalized_query: [Xem ls thu chi tk]
2025-12-30 17:00:58 | DEBUG    | log:153 | [perform_hybrid_search] BM25 raw scores: min=0.0344, max=6.0877
2025-12-30 17:00:58 | DEBUG    | log:153 | [get_keyword_boost] Query: 'Xem ls thu chi tk...' | Doc: Tra cứu lịch sử giao | Boost: 0.25 | Matched: ['tk']
2025-12-30 17:00:58 | DEBUG    | log:153 | [classify_query_intent] Classified: 'Xem ls thu chi tk...' -> Tra cứu lịch sử giao dịch theo (score=1)
2025-12-30 17:00:58 | DEBUG    | log:153 | [normalize_query] 'Xem gd hôm qua...' -> 'Xem gd hôm qua...'
2025-12-30 17:00:58 | DEBUG    | log:153 | [perform_hybrid_search] query_text: [Xem gd hôm qua] - formatted_query: [Xem gd hôm qua] - normalized_query: [Xem gd hôm qua]
2025-12-30 17:00:58 | DEBUG    | log:153 | [perform_hybrid_search] BM25 raw scores: min=0.0000, max=14.4431
2025-12-30 17:00:58 | DEBUG    | log:153 | [get_keyword_boost] Query: 'Xem gd hôm qua...' | Doc: Tra cứu lịch sử giao | Boost: 0.25 | Matched: ['hôm qua']
2025-12-30 17:00:58 | DEBUG    | log:153 | [classify_query_intent] Classified: 'Xem gd hôm qua...' -> Tra cứu lịch sử giao dịch theo (score=1)
2025-12-30 17:00:58 | DEBUG    | log:153 | [normalize_query] 'Tra cứu sao kê tk...' -> 'Tra cứu sao kê tk...'
2025-12-30 17:00:58 | DEBUG    | log:153 | [perform_hybrid_search] query_text: [Tra cứu sao kê tk] - formatted_query: [Tra cứu sao kê tk] - normalized_query: [Tra cứu sao kê tk]
2025-12-30 17:00:58 | DEBUG    | log:153 | [perform_hybrid_search] BM25 raw scores: min=0.5007, max=10.9954
2025-12-30 17:00:58 | DEBUG    | log:153 | [get_keyword_boost] Query: 'Tra cứu sao kê tk...' | Doc: Tra cứu lịch sử giao | Boost: 0.25 | Matched: ['tk']
2025-12-30 17:00:58 | DEBUG    | log:153 | [classify_query_intent] Classified: 'Tra cứu sao kê tk...' -> Tra cứu lịch sử giao dịch theo (score=1)
2025-12-30 17:00:58 | DEBUG    | log:153 | [normalize_query] 'Xem full ls gd...' -> 'Xem full ls gd...'
2025-12-30 17:00:58 | DEBUG    | log:153 | [perform_hybrid_search] query_text: [Xem full ls gd] - formatted_query: [Xem full ls gd] - normalized_query: [Xem full ls gd]
2025-12-30 17:00:58 | DEBUG    | log:153 | [perform_hybrid_search] BM25 raw scores: min=0.0000, max=3.8028
2025-12-30 17:00:58 | DEBUG    | log:153 | [classify_query_intent] No keyword matches found in: 'Xem full ls gd'
2025-12-30 17:00:58 | DEBUG    | log:153 | [normalize_query] 'Xem lich su giao dich cua toi trong than...' -> 'Xem lich su giao dich cua toi trong than...'
2025-12-30 17:00:58 | DEBUG    | log:153 | [perform_hybrid_search] query_text: [Xem lich su giao dich cua toi trong thang truoc] - formatted_query: [Xem lich su giao dich cua toi trong thang truoc] - normalized_query: [Xem lich su giao dich cua toi trong thang truoc]
2025-12-30 17:00:59 | DEBUG    | log:153 | [perform_hybrid_search] BM25 raw scores: min=0.1678, max=11.1346
2025-12-30 17:00:59 | DEBUG    | log:153 | [classify_query_intent] No keyword matches found in: 'Xem lich su giao dich cua toi trong thang truoc'
2025-12-30 17:00:59 | DEBUG    | log:153 | [normalize_query] 'Cho toi xem cac giao dich gan day nhat...' -> 'Cho toi xem cac giao dich gan day nhat...'
2025-12-30 17:00:59 | DEBUG    | log:153 | [perform_hybrid_search] query_text: [Cho toi xem cac giao dich gan day nhat] - formatted_query: [Cho toi xem cac giao dich gan day nhat] - normalized_query: [Cho toi xem cac giao dich gan day nhat]
2025-12-30 17:00:59 | DEBUG    | log:153 | [perform_hybrid_search] BM25 raw scores: min=0.1007, max=8.1092
2025-12-30 17:00:59 | DEBUG    | log:153 | [classify_query_intent] No keyword matches found in: 'Cho toi xem cac giao dich gan day nhat'
2025-12-30 17:00:59 | DEBUG    | log:153 | [normalize_query] 'Liet ke giao dich cua toi trong 3 ngay g...' -> 'Liet ke giao dich cua toi trong 3 ngay g...'
2025-12-30 17:00:59 | DEBUG    | log:153 | [perform_hybrid_search] query_text: [Liet ke giao dich cua toi trong 3 ngay gan nhat] - formatted_query: [Liet ke giao dich cua toi trong 3 ngay gan nhat] - normalized_query: [Liet ke giao dich cua toi trong 3 ngay gan nhat]
2025-12-30 17:00:59 | DEBUG    | log:153 | [perform_hybrid_search] BM25 raw scores: min=0.1007, max=12.5187
2025-12-30 17:00:59 | DEBUG    | log:153 | [classify_query_intent] No keyword matches found in: 'Liet ke giao dich cua toi trong 3 ngay gan nhat'
2025-12-30 17:00:59 | DEBUG    | log:153 | [normalize_query] 'Xem cac giao dich rut tien cua toi...' -> 'Xem cac giao dich rut tien cua toi...'
2025-12-30 17:00:59 | DEBUG    | log:153 | [perform_hybrid_search] query_text: [Xem cac giao dich rut tien cua toi] - formatted_query: [Xem cac giao dich rut tien cua toi] - normalized_query: [Xem cac giao dich rut tien cua toi]
2025-12-30 17:00:59 | DEBUG    | log:153 | [perform_hybrid_search] BM25 raw scores: min=0.1342, max=7.9506
2025-12-30 17:00:59 | DEBUG    | log:153 | [classify_query_intent] No keyword matches found in: 'Xem cac giao dich rut tien cua toi'
2025-12-30 17:00:59 | DEBUG    | log:153 | [normalize_query] 'Tim cac giao dich co so tien duoi 500 ng...' -> 'Tim cac giao dich co so tien duoi 500 ng...'
2025-12-30 17:00:59 | DEBUG    | log:153 | [perform_hybrid_search] query_text: [Tim cac giao dich co so tien duoi 500 nghin] - formatted_query: [Tim cac giao dich co so tien duoi 500 nghin] - normalized_query: [Tim cac giao dich co so tien duoi 500 nghin]
2025-12-30 17:00:59 | DEBUG    | log:153 | [perform_hybrid_search] BM25 raw scores: min=0.1678, max=14.0560
2025-12-30 17:00:59 | DEBUG    | log:153 | [classify_query_intent] No keyword matches found in: 'Tim cac giao dich co so tien duoi 500 nghin'
2025-12-30 17:00:59 | DEBUG    | log:153 | [normalize_query] 'Kiem tra lich su thu chi cua tai khoan...' -> 'Kiem tra lich su thu chi cua tai khoan...'
2025-12-30 17:00:59 | DEBUG    | log:153 | [perform_hybrid_search] query_text: [Kiem tra lich su thu chi cua tai khoan] - formatted_query: [Kiem tra lich su thu chi cua tai khoan] - normalized_query: [Kiem tra lich su thu chi cua tai khoan]
2025-12-30 17:00:59 | DEBUG    | log:153 | [perform_hybrid_search] BM25 raw scores: min=0.2917, max=9.7469
2025-12-30 17:00:59 | DEBUG    | log:153 | [classify_query_intent] No keyword matches found in: 'Kiem tra lich su thu chi cua tai khoan'
2025-12-30 17:00:59 | DEBUG    | log:153 | [normalize_query] 'Xem giao dich phat sinh trong ngay hom n...' -> 'Xem giao dich phat sinh trong ngay hom n...'
2025-12-30 17:00:59 | DEBUG    | log:153 | [perform_hybrid_search] query_text: [Xem giao dich phat sinh trong ngay hom nay] - formatted_query: [Xem giao dich phat sinh trong ngay hom nay] - normalized_query: [Xem giao dich phat sinh trong ngay hom nay]
2025-12-30 17:00:59 | DEBUG    | log:153 | [perform_hybrid_search] BM25 raw scores: min=0.1007, max=31.8642
2025-12-30 17:00:59 | DEBUG    | log:153 | [get_keyword_boost] Query: 'Xem giao dich phat sinh trong ...' | Doc: Tra cứu lịch sử giao | Boost: 0.25 | Matched: ['nay']
2025-12-30 17:00:59 | DEBUG    | log:153 | [classify_query_intent] Classified: 'Xem giao dich phat sinh trong ...' -> Tra cứu lịch sử giao dịch theo (score=1)
2025-12-30 17:00:59 | DEBUG    | log:153 | [normalize_query] 'Tra cuu cac giao dich chuyen khoan cua t...' -> 'Tra cuu cac giao dich chuyen khoan cua t...'
2025-12-30 17:00:59 | DEBUG    | log:153 | [perform_hybrid_search] query_text: [Tra cuu cac giao dich chuyen khoan cua toi] - formatted_query: [Tra cuu cac giao dich chuyen khoan cua toi] - normalized_query: [Tra cuu cac giao dich chuyen khoan cua toi]
2025-12-30 17:00:59 | DEBUG    | log:153 | [perform_hybrid_search] BM25 raw scores: min=0.5528, max=10.8956
2025-12-30 17:00:59 | DEBUG    | log:153 | [classify_query_intent] No keyword matches found in: 'Tra cuu cac giao dich chuyen khoan cua toi'
2025-12-30 17:00:59 | DEBUG    | log:153 | [normalize_query] 'Toi muon xem sao ke tai khoan gan day...' -> 'Toi muon xem sao ke tai khoan gan day...'
2025-12-30 17:00:59 | DEBUG    | log:153 | [perform_hybrid_search] query_text: [Toi muon xem sao ke tai khoan gan day] - formatted_query: [Toi muon xem sao ke tai khoan gan day] - normalized_query: [Toi muon xem sao ke tai khoan gan day]
2025-12-30 17:00:59 | DEBUG    | log:153 | [perform_hybrid_search] BM25 raw scores: min=0.3122, max=14.8538
2025-12-30 17:00:59 | DEBUG    | log:153 | [classify_query_intent] No keyword matches found in: 'Toi muon xem sao ke tai khoan gan day'
2025-12-30 17:00:59 | DEBUG    | log:153 | [normalize_query] 'Cho toi xem toan bo lich su giao dich cu...' -> 'Cho toi xem toan bo lich su giao dich cu...'
2025-12-30 17:00:59 | DEBUG    | log:153 | [perform_hybrid_search] query_text: [Cho toi xem toan bo lich su giao dich cua tai khoan] - formatted_query: [Cho toi xem toan bo lich su giao dich cua tai khoan] - normalized_query: [Cho toi xem toan bo lich su giao dich cua tai khoan]
2025-12-30 17:00:59 | DEBUG    | log:153 | [perform_hybrid_search] BM25 raw scores: min=0.4913, max=8.9745
2025-12-30 17:00:59 | DEBUG    | log:153 | [classify_query_intent] No keyword matches found in: 'Cho toi xem toan bo lich su giao dich cua tai khoa'
2025-12-30 17:00:59 | DEBUG    | log:153 | [normalize_query] 'Xem lich su giao dich cua tai khoan tron...' -> 'Xem lich su giao dich cua tai khoan tron...'
2025-12-30 17:00:59 | DEBUG    | log:153 | [perform_hybrid_search] query_text: [Xem lich su giao dich cua tai khoan trong thang nay] - formatted_query: [Xem lich su giao dich cua tai khoan trong thang nay] - normalized_query: [Xem lich su giao dich cua tai khoan trong thang nay]
2025-12-30 17:00:59 | DEBUG    | log:153 | [perform_hybrid_search] BM25 raw scores: min=0.4800, max=14.9074
2025-12-30 17:00:59 | DEBUG    | log:153 | [get_keyword_boost] Query: 'Xem lich su giao dich cua tai ...' | Doc: Tra cứu lịch sử giao | Boost: 0.25 | Matched: ['nay']
2025-12-30 17:00:59 | DEBUG    | log:153 | [classify_query_intent] Classified: 'Xem lich su giao dich cua tai ...' -> Tra cứu lịch sử giao dịch theo (score=1)
2025-12-30 17:00:59 | DEBUG    | log:153 | [normalize_query] 'Cho toi xem cac giao dich phat sinh gan ...' -> 'Cho toi xem cac giao dich phat sinh gan ...'
2025-12-30 17:00:59 | DEBUG    | log:153 | [perform_hybrid_search] query_text: [Cho toi xem cac giao dich phat sinh gan day] - formatted_query: [Cho toi xem cac giao dich phat sinh gan day] - normalized_query: [Cho toi xem cac giao dich phat sinh gan day]
2025-12-30 17:00:59 | DEBUG    | log:153 | [perform_hybrid_search] BM25 raw scores: min=0.1007, max=18.3398
2025-12-30 17:00:59 | DEBUG    | log:153 | [classify_query_intent] No keyword matches found in: 'Cho toi xem cac giao dich phat sinh gan day'
2025-12-30 17:00:59 | DEBUG    | log:153 | [normalize_query] 'Liet ke cac giao dich cua toi trong 7 ng...' -> 'Liet ke cac giao dich cua toi trong 7 ng...'
2025-12-30 17:00:59 | DEBUG    | log:153 | [perform_hybrid_search] query_text: [Liet ke cac giao dich cua toi trong 7 ngay qua] - formatted_query: [Liet ke cac giao dich cua toi trong 7 ngay qua] - normalized_query: [Liet ke cac giao dich cua toi trong 7 ngay qua]
2025-12-30 17:00:59 | DEBUG    | log:153 | [perform_hybrid_search] BM25 raw scores: min=0.1007, max=13.1902
2025-12-30 17:00:59 | DEBUG    | log:153 | [classify_query_intent] No keyword matches found in: 'Liet ke cac giao dich cua toi trong 7 ngay qua'
2025-12-30 17:00:59 | DEBUG    | log:153 | [normalize_query] 'Xem cac giao dich chuyen khoan cua tai k...' -> 'Xem cac giao dich chuyen khoan cua tai k...'
2025-12-30 17:00:59 | DEBUG    | log:153 | [perform_hybrid_search] query_text: [Xem cac giao dich chuyen khoan cua tai khoan] - formatted_query: [Xem cac giao dich chuyen khoan cua tai khoan] - normalized_query: [Xem cac giao dich chuyen khoan cua tai khoan]
2025-12-30 17:00:59 | DEBUG    | log:153 | [perform_hybrid_search] BM25 raw scores: min=0.4913, max=14.3037
2025-12-30 17:00:59 | DEBUG    | log:153 | [classify_query_intent] No keyword matches found in: 'Xem cac giao dich chuyen khoan cua tai khoan'
2025-12-30 17:00:59 | DEBUG    | log:153 | [normalize_query] 'Kiem tra cac giao dich rut tien gan day...' -> 'Kiem tra cac giao dich rut tien gan day...'
2025-12-30 17:00:59 | DEBUG    | log:153 | [perform_hybrid_search] query_text: [Kiem tra cac giao dich rut tien gan day] - formatted_query: [Kiem tra cac giao dich rut tien gan day] - normalized_query: [Kiem tra cac giao dich rut tien gan day]
2025-12-30 17:00:59 | DEBUG    | log:153 | [perform_hybrid_search] BM25 raw scores: min=0.1678, max=7.0309
2025-12-30 17:00:59 | DEBUG    | log:153 | [classify_query_intent] No keyword matches found in: 'Kiem tra cac giao dich rut tien gan day'
2025-12-30 17:00:59 | DEBUG    | log:153 | [normalize_query] 'Tim cac giao dich co so tien tren 2 trie...' -> 'Tim cac giao dich co so tien tren 2 trie...'
2025-12-30 17:00:59 | DEBUG    | log:153 | [perform_hybrid_search] query_text: [Tim cac giao dich co so tien tren 2 trieu] - formatted_query: [Tim cac giao dich co so tien tren 2 trieu] - normalized_query: [Tim cac giao dich co so tien tren 2 trieu]
2025-12-30 17:00:59 | DEBUG    | log:153 | [perform_hybrid_search] BM25 raw scores: min=0.1678, max=16.9850
2025-12-30 17:00:59 | DEBUG    | log:153 | [classify_query_intent] No keyword matches found in: 'Tim cac giao dich co so tien tren 2 trieu'
2025-12-30 17:00:59 | DEBUG    | log:153 | [normalize_query] 'Xem lich su thu chi cua tai khoan ngan h...' -> 'Xem lich su thu chi cua tai khoan ngan h...'
2025-12-30 17:00:59 | DEBUG    | log:153 | [perform_hybrid_search] query_text: [Xem lich su thu chi cua tai khoan ngan hang] - formatted_query: [Xem lich su thu chi cua tai khoan ngan hang] - normalized_query: [Xem lich su thu chi cua tai khoan ngan hang]
2025-12-30 17:00:59 | DEBUG    | log:153 | [perform_hybrid_search] BM25 raw scores: min=0.4226, max=11.5365
2025-12-30 17:00:59 | DEBUG    | log:153 | [classify_query_intent] No keyword matches found in: 'Xem lich su thu chi cua tai khoan ngan hang'
2025-12-30 17:00:59 | DEBUG    | log:153 | [normalize_query] 'Cho toi xem cac giao dich trong ngay hom...' -> 'Cho toi xem cac giao dich trong ngay hom...'
2025-12-30 17:00:59 | DEBUG    | log:153 | [perform_hybrid_search] query_text: [Cho toi xem cac giao dich trong ngay hom qua] - formatted_query: [Cho toi xem cac giao dich trong ngay hom qua] - normalized_query: [Cho toi xem cac giao dich trong ngay hom qua]
2025-12-30 17:00:59 | DEBUG    | log:153 | [perform_hybrid_search] BM25 raw scores: min=0.1007, max=12.5408
2025-12-30 17:00:59 | DEBUG    | log:153 | [classify_query_intent] No keyword matches found in: 'Cho toi xem cac giao dich trong ngay hom qua'
2025-12-30 17:00:59 | DEBUG    | log:153 | [normalize_query] 'Tra cuu sao ke giao dich cua tai khoan...' -> 'Tra cuu sao ke giao dich cua tai khoan...'
2025-12-30 17:00:59 | DEBUG    | log:153 | [perform_hybrid_search] query_text: [Tra cuu sao ke giao dich cua tai khoan] - formatted_query: [Tra cuu sao ke giao dich cua tai khoan] - normalized_query: [Tra cuu sao ke giao dich cua tai khoan]
2025-12-30 17:00:59 | DEBUG    | log:153 | [perform_hybrid_search] BM25 raw scores: min=0.6260, max=5.6961
2025-12-30 17:00:59 | DEBUG    | log:153 | [classify_query_intent] No keyword matches found in: 'Tra cuu sao ke giao dich cua tai khoan'
2025-12-30 17:00:59 | DEBUG    | log:153 | [normalize_query] 'Xem toan bo lich su giao dich cua toi...' -> 'Xem toan bo lich su giao dich cua toi...'
2025-12-30 17:00:59 | DEBUG    | log:153 | [perform_hybrid_search] query_text: [Xem toan bo lich su giao dich cua toi] - formatted_query: [Xem toan bo lich su giao dich cua toi] - normalized_query: [Xem toan bo lich su giao dich cua toi]
2025-12-30 17:00:59 | DEBUG    | log:153 | [perform_hybrid_search] BM25 raw scores: min=0.1718, max=8.5831
2025-12-30 17:00:59 | DEBUG    | log:153 | [classify_query_intent] No keyword matches found in: 'Xem toan bo lich su giao dich cua toi'
2025-12-30 17:00:59 | DEBUG    | log:153 | [normalize_query] 'Trong tháng trước, lịch sử giao dịch của...' -> 'Trong tháng trước, lịch sử giao dịch của...'
2025-12-30 17:00:59 | DEBUG    | log:153 | [perform_hybrid_search] query_text: [Trong tháng trước, lịch sử giao dịch của tôi] - formatted_query: [Trong tháng trước, lịch sử giao dịch của tôi] - normalized_query: [Trong tháng trước, lịch sử giao dịch của tôi]
2025-12-30 17:00:59 | DEBUG    | log:153 | [perform_hybrid_search] BM25 raw scores: min=0.3127, max=6.2317
2025-12-30 17:00:59 | DEBUG    | log:153 | [get_keyword_boost] Query: 'Trong tháng trước, lịch sử gia...' | Doc: Tra cứu lịch sử giao | Boost: 0.25 | Matched: ['tháng']
2025-12-30 17:00:59 | DEBUG    | log:153 | [classify_query_intent] Classified: 'Trong tháng trước, lịch sử gia...' -> Tra cứu lịch sử giao dịch theo (score=1)
2025-12-30 17:00:59 | DEBUG    | log:153 | [normalize_query] 'Các giao dịch gần đây nhất, cho tôi xem...' -> 'Các giao dịch gần đây nhất, cho tôi xem...'
2025-12-30 17:00:59 | DEBUG    | log:153 | [perform_hybrid_search] query_text: [Các giao dịch gần đây nhất, cho tôi xem] - formatted_query: [Các giao dịch gần đây nhất, cho tôi xem] - normalized_query: [Các giao dịch gần đây nhất, cho tôi xem]
2025-12-30 17:00:59 | DEBUG    | log:153 | [perform_hybrid_search] BM25 raw scores: min=0.1007, max=17.3774
2025-12-30 17:00:59 | DEBUG    | log:153 | [get_keyword_boost] Query: 'Các giao dịch gần đây nhất, ch...' | Doc: Tra cứu lịch sử giao | Boost: 0.25 | Matched: ['gần đây']
2025-12-30 17:00:59 | DEBUG    | log:153 | [classify_query_intent] Classified: 'Các giao dịch gần đây nhất, ch...' -> Tra cứu lịch sử giao dịch theo (score=1)
2025-12-30 17:00:59 | DEBUG    | log:153 | [normalize_query] 'Trong 3 ngày gần nhất, liệt kê giao dịch...' -> 'Trong 3 ngày gần nhất, liệt kê giao dịch...'
2025-12-30 17:00:59 | DEBUG    | log:153 | [perform_hybrid_search] query_text: [Trong 3 ngày gần nhất, liệt kê giao dịch của tôi] - formatted_query: [Trong 3 ngày gần nhất, liệt kê giao dịch của tôi] - normalized_query: [Trong 3 ngày gần nhất, liệt kê giao dịch của tôi]
2025-12-30 17:00:59 | DEBUG    | log:153 | [perform_hybrid_search] BM25 raw scores: min=0.1007, max=31.8631
2025-12-30 17:00:59 | DEBUG    | log:153 | [get_keyword_boost] Query: 'Trong 3 ngày gần nhất, liệt kê...' | Doc: Tra cứu lịch sử giao | Boost: 0.25 | Matched: ['ngày']
2025-12-30 17:00:59 | DEBUG    | log:153 | [classify_query_intent] Classified: 'Trong 3 ngày gần nhất, liệt kê...' -> Tra cứu lịch sử giao dịch theo (score=1)
2025-12-30 17:00:59 | DEBUG    | log:153 | [normalize_query] 'Các giao dịch rút tiền của tôi, cho xem...' -> 'Các giao dịch rút tiền của tôi, cho xem...'
2025-12-30 17:00:59 | DEBUG    | log:153 | [perform_hybrid_search] query_text: [Các giao dịch rút tiền của tôi, cho xem] - formatted_query: [Các giao dịch rút tiền của tôi, cho xem] - normalized_query: [Các giao dịch rút tiền của tôi, cho xem]
2025-12-30 17:00:59 | DEBUG    | log:153 | [perform_hybrid_search] BM25 raw scores: min=0.1342, max=16.0549
2025-12-30 17:00:59 | DEBUG    | log:153 | [get_keyword_boost] Query: 'Các giao dịch rút tiền của tôi...' | Doc: Tra cứu giao dịch th | Boost: 0.25 | Matched: ['rút tiền']
2025-12-30 17:00:59 | DEBUG    | log:153 | [classify_query_intent] Classified: 'Các giao dịch rút tiền của tôi...' -> Tra cứu giao dịch theo loại gi (score=1)
2025-12-30 17:00:59 | DEBUG    | log:153 | [normalize_query] 'Dưới 500 nghìn, tìm các giao dịch...' -> 'Dưới 500 nghìn, tìm các giao dịch...'
2025-12-30 17:00:59 | DEBUG    | log:153 | [perform_hybrid_search] query_text: [Dưới 500 nghìn, tìm các giao dịch] - formatted_query: [Dưới 500 nghìn, tìm các giao dịch] - normalized_query: [Dưới 500 nghìn, tìm các giao dịch]
2025-12-30 17:00:59 | DEBUG    | log:153 | [perform_hybrid_search] BM25 raw scores: min=0.1007, max=20.1513
2025-12-30 17:00:59 | DEBUG    | log:153 | [get_keyword_boost] Query: 'Dưới 500 nghìn, tìm các giao d...' | Doc: Tra cứu giao dịch th | Boost: 0.25 | Matched: ['dưới']
2025-12-30 17:00:59 | DEBUG    | log:153 | [classify_query_intent] Classified: 'Dưới 500 nghìn, tìm các giao d...' -> Tra cứu giao dịch theo số tiền (score=1)
2025-12-30 17:00:59 | DEBUG    | log:153 | [normalize_query] 'Lịch sử thu chi của tài khoản, kiểm tra ...' -> 'Lịch sử thu chi của tài khoản, kiểm tra ...'
2025-12-30 17:00:59 | DEBUG    | log:153 | [perform_hybrid_search] query_text: [Lịch sử thu chi của tài khoản, kiểm tra giúp] - formatted_query: [Lịch sử thu chi của tài khoản, kiểm tra giúp] - normalized_query: [Lịch sử thu chi của tài khoản, kiểm tra giúp]
2025-12-30 17:00:59 | DEBUG    | log:153 | [perform_hybrid_search] BM25 raw scores: min=0.4532, max=7.8813
2025-12-30 17:00:59 | DEBUG    | log:153 | [get_keyword_boost] Query: 'Lịch sử thu chi của tài khoản,...' | Doc: Tra cứu lịch sử giao | Boost: 0.25 | Matched: ['tài khoản']
2025-12-30 17:00:59 | DEBUG    | log:153 | [classify_query_intent] Classified: 'Lịch sử thu chi của tài khoản,...' -> Tra cứu lịch sử giao dịch theo (score=1)
2025-12-30 17:00:59 | DEBUG    | log:153 | [normalize_query] 'Trong ngày hôm nay, các giao dịch phát s...' -> 'Trong ngày hôm nay, các giao dịch phát s...'
2025-12-30 17:00:59 | DEBUG    | log:153 | [perform_hybrid_search] query_text: [Trong ngày hôm nay, các giao dịch phát sinh] - formatted_query: [Trong ngày hôm nay, các giao dịch phát sinh] - normalized_query: [Trong ngày hôm nay, các giao dịch phát sinh]
2025-12-30 17:00:59 | DEBUG    | log:153 | [perform_hybrid_search] BM25 raw scores: min=0.1007, max=27.1010
2025-12-30 17:00:59 | DEBUG    | log:153 | [get_keyword_boost] Query: 'Trong ngày hôm nay, các giao d...' | Doc: Tra cứu lịch sử giao | Boost: 0.50 | Matched: ['ngày', 'nay']
2025-12-30 17:00:59 | DEBUG    | log:153 | [classify_query_intent] Classified: 'Trong ngày hôm nay, các giao d...' -> Tra cứu lịch sử giao dịch theo (score=2)
2025-12-30 17:00:59 | DEBUG    | log:153 | [normalize_query] 'Các giao dịch chuyển khoản của tôi, tra ...' -> 'Các giao dịch chuyển khoản của tôi, tra ...'
2025-12-30 17:00:59 | DEBUG    | log:153 | [perform_hybrid_search] query_text: [Các giao dịch chuyển khoản của tôi, tra cứu] - formatted_query: [Các giao dịch chuyển khoản của tôi, tra cứu] - normalized_query: [Các giao dịch chuyển khoản của tôi, tra cứu]
2025-12-30 17:00:59 | DEBUG    | log:153 | [perform_hybrid_search] BM25 raw scores: min=0.9706, max=11.4123
2025-12-30 17:00:59 | DEBUG    | log:153 | [get_keyword_boost] Query: 'Các giao dịch chuyển khoản của...' | Doc: Tra cứu giao dịch ch | Boost: 0.25 | Matched: ['chuyển khoản']
2025-12-30 17:00:59 | DEBUG    | log:153 | [classify_query_intent] Classified: 'Các giao dịch chuyển khoản của...' -> Tra cứu giao dịch chuyển tiền (score=1)
2025-12-30 17:00:59 | DEBUG    | log:153 | [normalize_query] 'Sao kê tài khoản gần đây, cho tôi xem...' -> 'Sao kê tài khoản gần đây, cho tôi xem...'
2025-12-30 17:00:59 | DEBUG    | log:153 | [perform_hybrid_search] query_text: [Sao kê tài khoản gần đây, cho tôi xem] - formatted_query: [Sao kê tài khoản gần đây, cho tôi xem] - normalized_query: [Sao kê tài khoản gần đây, cho tôi xem]
2025-12-30 17:00:59 | DEBUG    | log:153 | [perform_hybrid_search] BM25 raw scores: min=0.5203, max=24.3953
2025-12-30 17:00:59 | DEBUG    | log:153 | [get_keyword_boost] Query: 'Sao kê tài khoản gần đây, cho ...' | Doc: Tra cứu lịch sử giao | Boost: 0.25 | Matched: ['tài khoản']
2025-12-30 17:00:59 | DEBUG    | log:153 | [get_keyword_boost] Query: 'Sao kê tài khoản gần đây, cho ...' | Doc: Tra cứu lịch sử giao | Boost: 0.25 | Matched: ['gần đây']
2025-12-30 17:00:59 | DEBUG    | log:153 | [classify_query_intent] Ambiguous: 'Sao kê tài khoản gần đây, cho ...' | Scores: {'Tra cứu lịch sử giao dịch theo số tài khoản': 1, 'Tra cứu lịch sử giao dịch theo khoảng thời gian': 1}
2025-12-30 17:00:59 | DEBUG    | log:153 | [normalize_query] 'Toàn bộ lịch sử giao dịch của tài khoản,...' -> 'Toàn bộ lịch sử giao dịch của tài khoản,...'
2025-12-30 17:00:59 | DEBUG    | log:153 | [perform_hybrid_search] query_text: [Toàn bộ lịch sử giao dịch của tài khoản, cho tôi xem] - formatted_query: [Toàn bộ lịch sử giao dịch của tài khoản, cho tôi xem] - normalized_query: [Toàn bộ lịch sử giao dịch của tài khoản, cho tôi xem]
2025-12-30 17:00:59 | DEBUG    | log:153 | [perform_hybrid_search] BM25 raw scores: min=0.8761, max=11.9911
2025-12-30 17:00:59 | DEBUG    | log:153 | [get_keyword_boost] Query: 'Toàn bộ lịch sử giao dịch của ...' | Doc: Tra cứu lịch sử giao | Boost: 0.25 | Matched: ['tài khoản']
2025-12-30 17:00:59 | DEBUG    | log:153 | [classify_query_intent] Classified: 'Toàn bộ lịch sử giao dịch của ...' -> Tra cứu lịch sử giao dịch theo (score=1)
2025-12-30 17:00:59 | DEBUG    | log:153 | [normalize_query] 'Trong tháng này, xem lịch sử giao dịch c...' -> 'Trong tháng này, xem lịch sử giao dịch c...'
2025-12-30 17:00:59 | DEBUG    | log:153 | [perform_hybrid_search] query_text: [Trong tháng này, xem lịch sử giao dịch của tài khoản] - formatted_query: [Trong tháng này, xem lịch sử giao dịch của tài khoản] - normalized_query: [Trong tháng này, xem lịch sử giao dịch của tài khoản]
2025-12-30 17:00:59 | DEBUG    | log:153 | [perform_hybrid_search] BM25 raw scores: min=0.8559, max=14.6557
2025-12-30 17:00:59 | DEBUG    | log:153 | [get_keyword_boost] Query: 'Trong tháng này, xem lịch sử g...' | Doc: Tra cứu lịch sử giao | Boost: 0.25 | Matched: ['tài khoản']
2025-12-30 17:00:59 | DEBUG    | log:153 | [get_keyword_boost] Query: 'Trong tháng này, xem lịch sử g...' | Doc: Tra cứu lịch sử giao | Boost: 0.25 | Matched: ['tháng']
2025-12-30 17:00:59 | DEBUG    | log:153 | [classify_query_intent] Ambiguous: 'Trong tháng này, xem lịch sử g...' | Scores: {'Tra cứu lịch sử giao dịch theo số tài khoản': 1, 'Tra cứu lịch sử giao dịch theo khoảng thời gian': 1}
2025-12-30 17:00:59 | DEBUG    | log:153 | [normalize_query] 'Các giao dịch phát sinh gần đây, cho tôi...' -> 'Các giao dịch phát sinh gần đây, cho tôi...'
2025-12-30 17:00:59 | DEBUG    | log:153 | [perform_hybrid_search] query_text: [Các giao dịch phát sinh gần đây, cho tôi xem] - formatted_query: [Các giao dịch phát sinh gần đây, cho tôi xem] - normalized_query: [Các giao dịch phát sinh gần đây, cho tôi xem]
2025-12-30 17:00:59 | DEBUG    | log:153 | [perform_hybrid_search] BM25 raw scores: min=0.1007, max=27.6080
2025-12-30 17:00:59 | DEBUG    | log:153 | [get_keyword_boost] Query: 'Các giao dịch phát sinh gần đâ...' | Doc: Tra cứu lịch sử giao | Boost: 0.25 | Matched: ['gần đây']
2025-12-30 17:00:59 | DEBUG    | log:153 | [classify_query_intent] Classified: 'Các giao dịch phát sinh gần đâ...' -> Tra cứu lịch sử giao dịch theo (score=1)
2025-12-30 17:00:59 | DEBUG    | log:153 | [normalize_query] 'Trong 7 ngày qua, liệt kê các giao dịch ...' -> 'Trong 7 ngày qua, liệt kê các giao dịch ...'
2025-12-30 17:00:59 | DEBUG    | log:153 | [perform_hybrid_search] query_text: [Trong 7 ngày qua, liệt kê các giao dịch của tôi] - formatted_query: [Trong 7 ngày qua, liệt kê các giao dịch của tôi] - normalized_query: [Trong 7 ngày qua, liệt kê các giao dịch của tôi]
2025-12-30 17:00:59 | DEBUG    | log:153 | [perform_hybrid_search] BM25 raw scores: min=0.1007, max=26.6539
2025-12-30 17:00:59 | DEBUG    | log:153 | [get_keyword_boost] Query: 'Trong 7 ngày qua, liệt kê các ...' | Doc: Tra cứu lịch sử giao | Boost: 0.25 | Matched: ['ngày']
2025-12-30 17:00:59 | DEBUG    | log:153 | [classify_query_intent] Classified: 'Trong 7 ngày qua, liệt kê các ...' -> Tra cứu lịch sử giao dịch theo (score=1)
2025-12-30 17:00:59 | DEBUG    | log:153 | [normalize_query] 'Các giao dịch chuyển khoản của tài khoản...' -> 'Các giao dịch chuyển khoản của tài khoản...'
2025-12-30 17:00:59 | DEBUG    | log:153 | [perform_hybrid_search] query_text: [Các giao dịch chuyển khoản của tài khoản, cho xem] - formatted_query: [Các giao dịch chuyển khoản của tài khoản, cho xem] - normalized_query: [Các giao dịch chuyển khoản của tài khoản, cho xem]
2025-12-30 17:00:59 | DEBUG    | log:153 | [perform_hybrid_search] BM25 raw scores: min=0.9173, max=14.6577
2025-12-30 17:00:59 | DEBUG    | log:153 | [get_keyword_boost] Query: 'Các giao dịch chuyển khoản của...' | Doc: Tra cứu lịch sử giao | Boost: 0.25 | Matched: ['tài khoản']
2025-12-30 17:00:59 | DEBUG    | log:153 | [get_keyword_boost] Query: 'Các giao dịch chuyển khoản của...' | Doc: Tra cứu giao dịch ch | Boost: 0.25 | Matched: ['chuyển khoản']
2025-12-30 17:00:59 | DEBUG    | log:153 | [classify_query_intent] Ambiguous: 'Các giao dịch chuyển khoản của...' | Scores: {'Tra cứu lịch sử giao dịch theo số tài khoản': 1, 'Tra cứu giao dịch chuyển tiền': 1}
2025-12-30 17:00:59 | DEBUG    | log:153 | [normalize_query] 'Các giao dịch rút tiền gần đây, kiểm tra...' -> 'Các giao dịch rút tiền gần đây, kiểm tra...'
2025-12-30 17:00:59 | DEBUG    | log:153 | [perform_hybrid_search] query_text: [Các giao dịch rút tiền gần đây, kiểm tra giúp] - formatted_query: [Các giao dịch rút tiền gần đây, kiểm tra giúp] - normalized_query: [Các giao dịch rút tiền gần đây, kiểm tra giúp]
2025-12-30 17:00:59 | DEBUG    | log:153 | [perform_hybrid_search] BM25 raw scores: min=0.1678, max=16.9834
2025-12-30 17:00:59 | DEBUG    | log:153 | [get_keyword_boost] Query: 'Các giao dịch rút tiền gần đây...' | Doc: Tra cứu lịch sử giao | Boost: 0.25 | Matched: ['gần đây']
2025-12-30 17:00:59 | DEBUG    | log:153 | [get_keyword_boost] Query: 'Các giao dịch rút tiền gần đây...' | Doc: Tra cứu giao dịch th | Boost: 0.25 | Matched: ['rút tiền']
2025-12-30 17:00:59 | DEBUG    | log:153 | [classify_query_intent] Ambiguous: 'Các giao dịch rút tiền gần đây...' | Scores: {'Tra cứu lịch sử giao dịch theo khoảng thời gian': 1, 'Tra cứu giao dịch theo loại giao dịch': 1}
2025-12-30 17:00:59 | DEBUG    | log:153 | [normalize_query] 'Trên 2 triệu, tìm các giao dịch...' -> 'Trên 2 triệu, tìm các giao dịch...'
2025-12-30 17:00:59 | DEBUG    | log:153 | [perform_hybrid_search] query_text: [Trên 2 triệu, tìm các giao dịch] - formatted_query: [Trên 2 triệu, tìm các giao dịch] - normalized_query: [Trên 2 triệu, tìm các giao dịch]
2025-12-30 17:00:59 | DEBUG    | log:153 | [perform_hybrid_search] BM25 raw scores: min=0.1007, max=22.2867
2025-12-30 17:00:59 | DEBUG    | log:153 | [get_keyword_boost] Query: 'Trên 2 triệu, tìm các giao dịc...' | Doc: Tra cứu giao dịch th | Boost: 0.50 | Matched: ['trên', 'triệu']
2025-12-30 17:00:59 | DEBUG    | log:153 | [classify_query_intent] Classified: 'Trên 2 triệu, tìm các giao dịc...' -> Tra cứu giao dịch theo số tiền (score=2)
2025-12-30 17:00:59 | DEBUG    | log:153 | [normalize_query] 'Lịch sử thu chi của tài khoản ngân hàng,...' -> 'Lịch sử thu chi của tài khoản ngân hàng,...'
2025-12-30 17:00:59 | DEBUG    | log:153 | [perform_hybrid_search] query_text: [Lịch sử thu chi của tài khoản ngân hàng, cho xem] - formatted_query: [Lịch sử thu chi của tài khoản ngân hàng, cho xem] - normalized_query: [Lịch sử thu chi của tài khoản ngân hàng, cho xem]
2025-12-30 17:00:59 | DEBUG    | log:153 | [perform_hybrid_search] BM25 raw scores: min=0.7043, max=10.3493
2025-12-30 17:00:59 | DEBUG    | log:153 | [get_keyword_boost] Query: 'Lịch sử thu chi của tài khoản ...' | Doc: Tra cứu lịch sử giao | Boost: 0.25 | Matched: ['tài khoản']
2025-12-30 17:00:59 | DEBUG    | log:153 | [classify_query_intent] Classified: 'Lịch sử thu chi của tài khoản ...' -> Tra cứu lịch sử giao dịch theo (score=1)
2025-12-30 17:00:59 | DEBUG    | log:153 | [normalize_query] 'Trong ngày hôm qua, các giao dịch của tô...' -> 'Trong ngày hôm qua, các giao dịch của tô...'
2025-12-30 17:00:59 | DEBUG    | log:153 | [perform_hybrid_search] query_text: [Trong ngày hôm qua, các giao dịch của tôi] - formatted_query: [Trong ngày hôm qua, các giao dịch của tôi] - normalized_query: [Trong ngày hôm qua, các giao dịch của tôi]
2025-12-30 17:01:00 | DEBUG    | log:153 | [perform_hybrid_search] BM25 raw scores: min=0.1007, max=14.1327
2025-12-30 17:01:00 | DEBUG    | log:153 | [get_keyword_boost] Query: 'Trong ngày hôm qua, các giao d...' | Doc: Tra cứu lịch sử giao | Boost: 0.50 | Matched: ['ngày', 'hôm qua']
2025-12-30 17:01:00 | DEBUG    | log:153 | [classify_query_intent] Classified: 'Trong ngày hôm qua, các giao d...' -> Tra cứu lịch sử giao dịch theo (score=2)
2025-12-30 17:01:00 | DEBUG    | log:153 | [normalize_query] 'Sao kê giao dịch của tài khoản, tra cứu...' -> 'Sao kê giao dịch của tài khoản, tra cứu...'
2025-12-30 17:01:00 | DEBUG    | log:153 | [perform_hybrid_search] query_text: [Sao kê giao dịch của tài khoản, tra cứu] - formatted_query: [Sao kê giao dịch của tài khoản, tra cứu] - normalized_query: [Sao kê giao dịch của tài khoản, tra cứu]
2025-12-30 17:01:00 | DEBUG    | log:153 | [perform_hybrid_search] BM25 raw scores: min=1.1934, max=21.2985
2025-12-30 17:01:00 | DEBUG    | log:153 | [get_keyword_boost] Query: 'Sao kê giao dịch của tài khoản...' | Doc: Tra cứu lịch sử giao | Boost: 0.25 | Matched: ['tài khoản']
2025-12-30 17:01:00 | DEBUG    | log:153 | [classify_query_intent] Classified: 'Sao kê giao dịch của tài khoản...' -> Tra cứu lịch sử giao dịch theo (score=1)
2025-12-30 17:01:00 | DEBUG    | log:153 | [normalize_query] 'Toàn bộ lịch sử giao dịch của tôi, cho x...' -> 'Toàn bộ lịch sử giao dịch của tôi, cho x...'
2025-12-30 17:01:00 | DEBUG    | log:153 | [perform_hybrid_search] query_text: [Toàn bộ lịch sử giao dịch của tôi, cho xem] - formatted_query: [Toàn bộ lịch sử giao dịch của tôi, cho xem] - normalized_query: [Toàn bộ lịch sử giao dịch của tôi, cho xem]
2025-12-30 17:01:00 | DEBUG    | log:153 | [perform_hybrid_search] BM25 raw scores: min=0.3435, max=10.9443
2025-12-30 17:01:00 | DEBUG    | log:153 | [classify_query_intent] No keyword matches found in: 'Toàn bộ lịch sử giao dịch của tôi, cho xem'
2025-12-30 17:01:00 | DEBUG    | log:153 | [normalize_query] 'Xem transaction history của tôi tháng tr...' -> 'Xem transaction history của tôi tháng tr...'
2025-12-30 17:01:00 | DEBUG    | log:153 | [perform_hybrid_search] query_text: [Xem transaction history của tôi tháng trước] - formatted_query: [Xem transaction history của tôi tháng trước] - normalized_query: [Xem transaction history của tôi tháng trước]
2025-12-30 17:01:00 | DEBUG    | log:153 | [perform_hybrid_search] BM25 raw scores: min=0.0000, max=9.5263
2025-12-30 17:01:00 | DEBUG    | log:153 | [get_keyword_boost] Query: 'Xem transaction history của tô...' | Doc: Tra cứu lịch sử giao | Boost: 0.25 | Matched: ['tháng']
2025-12-30 17:01:00 | DEBUG    | log:153 | [classify_query_intent] Classified: 'Xem transaction history của tô...' -> Tra cứu lịch sử giao dịch theo (score=1)
2025-12-30 17:01:00 | DEBUG    | log:153 | [normalize_query] 'Show recent transactions của tôi...' -> 'Show recent transactions của tôi...'
2025-12-30 17:01:00 | DEBUG    | log:153 | [perform_hybrid_search] query_text: [Show recent transactions của tôi] - formatted_query: [Show recent transactions của tôi] - normalized_query: [Show recent transactions của tôi]
2025-12-30 17:01:00 | DEBUG    | log:153 | [perform_hybrid_search] BM25 raw scores: min=0.0000, max=0.0000
2025-12-30 17:01:00 | DEBUG    | log:153 | [classify_query_intent] No keyword matches found in: 'Show recent transactions của tôi'
2025-12-30 17:01:00 | DEBUG    | log:153 | [normalize_query] 'List transactions trong 3 days gần đây...' -> 'List transactions trong 3 days gần đây...'
2025-12-30 17:01:00 | DEBUG    | log:153 | [perform_hybrid_search] query_text: [List transactions trong 3 days gần đây] - formatted_query: [List transactions trong 3 days gần đây] - normalized_query: [List transactions trong 3 days gần đây]
2025-12-30 17:01:00 | DEBUG    | log:153 | [perform_hybrid_search] BM25 raw scores: min=0.0000, max=12.0209
2025-12-30 17:01:00 | DEBUG    | log:153 | [get_keyword_boost] Query: 'List transactions trong 3 days...' | Doc: Tra cứu lịch sử giao | Boost: 0.25 | Matched: ['gần đây']
2025-12-30 17:01:00 | DEBUG    | log:153 | [classify_query_intent] Classified: 'List transactions trong 3 days...' -> Tra cứu lịch sử giao dịch theo (score=1)
2025-12-30 17:01:00 | DEBUG    | log:153 | [normalize_query] 'Xem withdrawal transactions của tôi...' -> 'Xem withdrawal transactions của tôi...'
2025-12-30 17:01:00 | DEBUG    | log:153 | [perform_hybrid_search] query_text: [Xem withdrawal transactions của tôi] - formatted_query: [Xem withdrawal transactions của tôi] - normalized_query: [Xem withdrawal transactions của tôi]
2025-12-30 17:01:00 | DEBUG    | log:153 | [perform_hybrid_search] BM25 raw scores: min=0.0000, max=3.8028
2025-12-30 17:01:00 | DEBUG    | log:153 | [classify_query_intent] No keyword matches found in: 'Xem withdrawal transactions của tôi'
2025-12-30 17:01:00 | DEBUG    | log:153 | [normalize_query] 'Find transactions dưới 500k...' -> 'Find transactions dưới 500k...'
2025-12-30 17:01:00 | DEBUG    | log:153 | [perform_hybrid_search] query_text: [Find transactions dưới 500k] - formatted_query: [Find transactions dưới 500k] - normalized_query: [Find transactions dưới 500k]
2025-12-30 17:01:00 | DEBUG    | log:153 | [perform_hybrid_search] BM25 raw scores: min=0.0000, max=2.9774
2025-12-30 17:01:00 | DEBUG    | log:153 | [get_keyword_boost] Query: 'Find transactions dưới 500k...' | Doc: Tra cứu giao dịch th | Boost: 0.25 | Matched: ['dưới']
2025-12-30 17:01:00 | DEBUG    | log:153 | [classify_query_intent] Classified: 'Find transactions dưới 500k...' -> Tra cứu giao dịch theo số tiền (score=1)
2025-12-30 17:01:00 | DEBUG    | log:153 | [normalize_query] 'Check income expense history của account...' -> 'Check income expense history của account...'
2025-12-30 17:01:00 | DEBUG    | log:153 | [perform_hybrid_search] query_text: [Check income expense history của account] - formatted_query: [Check income expense history của account] - normalized_query: [Check income expense history của account]
2025-12-30 17:01:00 | DEBUG    | log:153 | [perform_hybrid_search] BM25 raw scores: min=0.0000, max=0.0000
2025-12-30 17:01:00 | DEBUG    | log:153 | [get_keyword_boost] Query: 'Check income expense history c...' | Doc: Tra cứu giao dịch ch | Boost: 0.25 | Matched: ['ck']
2025-12-30 17:01:00 | DEBUG    | log:153 | [classify_query_intent] Classified: 'Check income expense history c...' -> Tra cứu giao dịch chuyển tiền (score=1)
2025-12-30 17:01:00 | DEBUG    | log:153 | [normalize_query] 'Show today transactions...' -> 'Show today transactions...'
2025-12-30 17:01:00 | DEBUG    | log:153 | [perform_hybrid_search] query_text: [Show today transactions] - formatted_query: [Show today transactions] - normalized_query: [Show today transactions]
2025-12-30 17:01:00 | DEBUG    | log:153 | [perform_hybrid_search] BM25 raw scores: min=0.0000, max=0.0000
2025-12-30 17:01:00 | DEBUG    | log:153 | [classify_query_intent] No keyword matches found in: 'Show today transactions'
2025-12-30 17:01:00 | DEBUG    | log:153 | [normalize_query] 'Lookup transfer transactions của tôi...' -> 'Lookup transfer transactions của tôi...'
2025-12-30 17:01:00 | DEBUG    | log:153 | [perform_hybrid_search] query_text: [Lookup transfer transactions của tôi] - formatted_query: [Lookup transfer transactions của tôi] - normalized_query: [Lookup transfer transactions của tôi]
2025-12-30 17:01:00 | DEBUG    | log:153 | [perform_hybrid_search] BM25 raw scores: min=0.0000, max=0.0000
2025-12-30 17:01:00 | DEBUG    | log:153 | [classify_query_intent] No keyword matches found in: 'Lookup transfer transactions của tôi'
2025-12-30 17:01:00 | DEBUG    | log:153 | [normalize_query] 'View bank statement gần đây...' -> 'View bank statement gần đây...'
2025-12-30 17:01:00 | DEBUG    | log:153 | [perform_hybrid_search] query_text: [View bank statement gần đây] - formatted_query: [View bank statement gần đây] - normalized_query: [View bank statement gần đây]
2025-12-30 17:01:00 | DEBUG    | log:153 | [perform_hybrid_search] BM25 raw scores: min=0.0000, max=12.0209
2025-12-30 17:01:00 | DEBUG    | log:153 | [get_keyword_boost] Query: 'View bank statement gần đây...' | Doc: Tra cứu lịch sử giao | Boost: 0.25 | Matched: ['gần đây']
2025-12-30 17:01:00 | DEBUG    | log:153 | [classify_query_intent] Classified: 'View bank statement gần đây...' -> Tra cứu lịch sử giao dịch theo (score=1)
2025-12-30 17:01:00 | DEBUG    | log:153 | [normalize_query] 'Show full transaction history của accoun...' -> 'Show full transaction history của accoun...'
2025-12-30 17:01:00 | DEBUG    | log:153 | [perform_hybrid_search] query_text: [Show full transaction history của account] - formatted_query: [Show full transaction history của account] - normalized_query: [Show full transaction history của account]
2025-12-30 17:01:00 | DEBUG    | log:153 | [perform_hybrid_search] BM25 raw scores: min=0.0000, max=0.0000
2025-12-30 17:01:00 | DEBUG    | log:153 | [classify_query_intent] No keyword matches found in: 'Show full transaction history của account'
2025-12-30 17:01:00 | DEBUG    | log:153 | [normalize_query] 'Xem transaction history của account thán...' -> 'Xem transaction history của account thán...'
2025-12-30 17:01:00 | DEBUG    | log:153 | [perform_hybrid_search] query_text: [Xem transaction history của account tháng này] - formatted_query: [Xem transaction history của account tháng này] - normalized_query: [Xem transaction history của account tháng này]
2025-12-30 17:01:00 | DEBUG    | log:153 | [perform_hybrid_search] BM25 raw scores: min=0.0000, max=6.8663
2025-12-30 17:01:00 | DEBUG    | log:153 | [get_keyword_boost] Query: 'Xem transaction history của ac...' | Doc: Tra cứu lịch sử giao | Boost: 0.25 | Matched: ['tháng']
2025-12-30 17:01:00 | DEBUG    | log:153 | [classify_query_intent] Classified: 'Xem transaction history của ac...' -> Tra cứu lịch sử giao dịch theo (score=1)
2025-12-30 17:01:00 | DEBUG    | log:153 | [normalize_query] 'Show recent transactions cho tôi...' -> 'Show recent transactions cho tôi...'
2025-12-30 17:01:00 | DEBUG    | log:153 | [perform_hybrid_search] query_text: [Show recent transactions cho tôi] - formatted_query: [Show recent transactions cho tôi] - normalized_query: [Show recent transactions cho tôi]
2025-12-30 17:01:00 | DEBUG    | log:153 | [perform_hybrid_search] BM25 raw scores: min=0.0000, max=0.0000
2025-12-30 17:01:00 | DEBUG    | log:153 | [classify_query_intent] No keyword matches found in: 'Show recent transactions cho tôi'
2025-12-30 17:01:00 | DEBUG    | log:153 | [normalize_query] 'List transactions của tôi last 7 days...' -> 'List transactions của tôi last 7 days...'
2025-12-30 17:01:00 | DEBUG    | log:153 | [perform_hybrid_search] query_text: [List transactions của tôi last 7 days] - formatted_query: [List transactions của tôi last 7 days] - normalized_query: [List transactions của tôi last 7 days]
2025-12-30 17:01:00 | DEBUG    | log:153 | [perform_hybrid_search] BM25 raw scores: min=0.0000, max=0.0000
2025-12-30 17:01:00 | DEBUG    | log:153 | [classify_query_intent] No keyword matches found in: 'List transactions của tôi last 7 days'
2025-12-30 17:01:00 | DEBUG    | log:153 | [normalize_query] 'View transfer transactions của account...' -> 'View transfer transactions của account...'
2025-12-30 17:01:00 | DEBUG    | log:153 | [perform_hybrid_search] query_text: [View transfer transactions của account] - formatted_query: [View transfer transactions của account] - normalized_query: [View transfer transactions của account]
2025-12-30 17:01:00 | DEBUG    | log:153 | [perform_hybrid_search] BM25 raw scores: min=0.0000, max=0.0000
2025-12-30 17:01:00 | DEBUG    | log:153 | [classify_query_intent] No keyword matches found in: 'View transfer transactions của account'
2025-12-30 17:01:00 | DEBUG    | log:153 | [normalize_query] 'Check withdrawal transactions gần đây...' -> 'Check withdrawal transactions gần đây...'
2025-12-30 17:01:00 | DEBUG    | log:153 | [perform_hybrid_search] query_text: [Check withdrawal transactions gần đây] - formatted_query: [Check withdrawal transactions gần đây] - normalized_query: [Check withdrawal transactions gần đây]
2025-12-30 17:01:00 | DEBUG    | log:153 | [perform_hybrid_search] BM25 raw scores: min=0.0000, max=12.0209
2025-12-30 17:01:00 | DEBUG    | log:153 | [get_keyword_boost] Query: 'Check withdrawal transactions ...' | Doc: Tra cứu lịch sử giao | Boost: 0.25 | Matched: ['gần đây']
2025-12-30 17:01:00 | DEBUG    | log:153 | [get_keyword_boost] Query: 'Check withdrawal transactions ...' | Doc: Tra cứu giao dịch ch | Boost: 0.25 | Matched: ['ck']
2025-12-30 17:01:00 | DEBUG    | log:153 | [classify_query_intent] Ambiguous: 'Check withdrawal transactions ...' | Scores: {'Tra cứu lịch sử giao dịch theo khoảng thời gian': 1, 'Tra cứu giao dịch chuyển tiền': 1}
2025-12-30 17:01:00 | DEBUG    | log:153 | [normalize_query] 'Find transactions over 2M...' -> 'Find transactions over 2m...'
2025-12-30 17:01:00 | DEBUG    | log:153 | [perform_hybrid_search] query_text: [Find transactions over 2M] - formatted_query: [Find transactions over 2m] - normalized_query: [Find transactions over 2m]
2025-12-30 17:01:00 | DEBUG    | log:153 | [perform_hybrid_search] BM25 raw scores: min=0.0000, max=0.0000
2025-12-30 17:01:00 | DEBUG    | log:153 | [classify_query_intent] No keyword matches found in: 'Find transactions over 2m'
2025-12-30 17:01:00 | DEBUG    | log:153 | [normalize_query] 'View income expense history của bank acc...' -> 'View income expense history của bank acc...'
2025-12-30 17:01:00 | DEBUG    | log:153 | [perform_hybrid_search] query_text: [View income expense history của bank account] - formatted_query: [View income expense history của bank account] - normalized_query: [View income expense history của bank account]
2025-12-30 17:01:00 | DEBUG    | log:153 | [perform_hybrid_search] BM25 raw scores: min=0.0000, max=0.0000
2025-12-30 17:01:00 | DEBUG    | log:153 | [classify_query_intent] No keyword matches found in: 'View income expense history của bank account'
2025-12-30 17:01:00 | DEBUG    | log:153 | [normalize_query] 'Show yesterday transactions...' -> 'Show yesterday transactions...'
2025-12-30 17:01:00 | DEBUG    | log:153 | [perform_hybrid_search] query_text: [Show yesterday transactions] - formatted_query: [Show yesterday transactions] - normalized_query: [Show yesterday transactions]
2025-12-30 17:01:00 | DEBUG    | log:153 | [perform_hybrid_search] BM25 raw scores: min=0.0000, max=0.0000
2025-12-30 17:01:00 | DEBUG    | log:153 | [classify_query_intent] No keyword matches found in: 'Show yesterday transactions'
2025-12-30 17:01:00 | DEBUG    | log:153 | [normalize_query] 'Lookup account statement...' -> 'Lookup account statement...'
2025-12-30 17:01:00 | DEBUG    | log:153 | [perform_hybrid_search] query_text: [Lookup account statement] - formatted_query: [Lookup account statement] - normalized_query: [Lookup account statement]
2025-12-30 17:01:00 | DEBUG    | log:153 | [perform_hybrid_search] BM25 raw scores: min=0.0000, max=0.0000
2025-12-30 17:01:00 | DEBUG    | log:153 | [classify_query_intent] No keyword matches found in: 'Lookup account statement'
2025-12-30 17:01:00 | DEBUG    | log:153 | [normalize_query] 'Show full transaction history của tôi...' -> 'Show full transaction history của tôi...'
2025-12-30 17:01:00 | DEBUG    | log:153 | [perform_hybrid_search] query_text: [Show full transaction history của tôi] - formatted_query: [Show full transaction history của tôi] - normalized_query: [Show full transaction history của tôi]
2025-12-30 17:01:00 | DEBUG    | log:153 | [perform_hybrid_search] BM25 raw scores: min=0.0000, max=0.0000
2025-12-30 17:01:00 | DEBUG    | log:153 | [classify_query_intent] No keyword matches found in: 'Show full transaction history của tôi'
2025-12-30 17:01:00 | DEBUG    | log:153 | [normalize_query] 'Cho xem các giao dịch hiện vẫn chưa được...' -> 'Cho xem các giao dịch hiện vẫn chưa được...'
2025-12-30 17:01:00 | DEBUG    | log:153 | [perform_hybrid_search] query_text: [Cho xem các giao dịch hiện vẫn chưa được phê duyệt.] - formatted_query: [Cho xem các giao dịch hiện vẫn chưa được phê duyệt] - normalized_query: [Cho xem các giao dịch hiện vẫn chưa được phê duyệt]
2025-12-30 17:01:00 | DEBUG    | log:153 | [perform_hybrid_search] BM25 raw scores: min=0.1678, max=22.1373
2025-12-30 17:01:00 | DEBUG    | log:153 | [get_keyword_boost] Query: 'Cho xem các giao dịch hiện vẫn...' | Doc: Tra cứu giao dịch th | Boost: 0.25 | Matched: ['phê duyệt']
2025-12-30 17:01:00 | DEBUG    | log:153 | [classify_query_intent] Classified: 'Cho xem các giao dịch hiện vẫn...' -> Tra cứu giao dịch theo trạng t (score=1)
2025-12-30 17:01:00 | DEBUG    | log:153 | [normalize_query] 'Cho xem gd chua duoc phe duyet...' -> 'Cho xem gd chua duoc phe duyet...'
2025-12-30 17:01:00 | DEBUG    | log:153 | [perform_hybrid_search] query_text: [Cho xem gd chua duoc phe duyet] - formatted_query: [Cho xem gd chua duoc phe duyet] - normalized_query: [Cho xem gd chua duoc phe duyet]
2025-12-30 17:01:00 | DEBUG    | log:153 | [perform_hybrid_search] BM25 raw scores: min=0.0000, max=10.4499
2025-12-30 17:01:00 | DEBUG    | log:153 | [classify_query_intent] No keyword matches found in: 'Cho xem gd chua duoc phe duyet'
2025-12-30 17:01:00 | DEBUG    | log:153 | [normalize_query] 'List transaction chưa approval...' -> 'List transaction chưa approval...'
2025-12-30 17:01:00 | DEBUG    | log:153 | [perform_hybrid_search] query_text: [List transaction chưa approval] - formatted_query: [List transaction chưa approval] - normalized_query: [List transaction chưa approval]
2025-12-30 17:01:00 | DEBUG    | log:153 | [perform_hybrid_search] BM25 raw scores: min=0.0000, max=2.5433
2025-12-30 17:01:00 | DEBUG    | log:153 | [classify_query_intent] No keyword matches found in: 'List transaction chưa approval'
2025-12-30 17:01:00 | DEBUG    | log:153 | [normalize_query] 'Các giao dịch chưa approve là gì...' -> 'Các giao dịch chưa approve là gì...'
2025-12-30 17:01:00 | DEBUG    | log:153 | [perform_hybrid_search] query_text: [Các giao dịch chưa approve là gì] - formatted_query: [Các giao dịch chưa approve là gì] - normalized_query: [Các giao dịch chưa approve là gì]
2025-12-30 17:01:00 | DEBUG    | log:153 | [perform_hybrid_search] BM25 raw scores: min=0.1007, max=4.6131
2025-12-30 17:01:00 | DEBUG    | log:153 | [classify_query_intent] No keyword matches found in: 'Các giao dịch chưa approve là gì'
2025-12-30 17:01:00 | DEBUG    | log:153 | [normalize_query] 'Chua duyet giao dich hien tai...' -> 'Chua duyet giao dich hien tai...'
2025-12-30 17:01:00 | DEBUG    | log:153 | [perform_hybrid_search] query_text: [Chua duyet giao dich hien tai] - formatted_query: [Chua duyet giao dich hien tai] - normalized_query: [Chua duyet giao dich hien tai]
2025-12-30 17:01:00 | DEBUG    | log:153 | [perform_hybrid_search] BM25 raw scores: min=0.2048, max=4.6815
2025-12-30 17:01:00 | DEBUG    | log:153 | [classify_query_intent] No keyword matches found in: 'Chua duyet giao dich hien tai'
2025-12-30 17:01:00 | DEBUG    | log:153 | [normalize_query] 'Những giao dịch nào đang nằm trong trạng...' -> 'Những giao dịch nào đang nằm trong trạng...'
2025-12-30 17:01:00 | DEBUG    | log:153 | [perform_hybrid_search] query_text: [Những giao dịch nào đang nằm trong trạng thái chờ xử lý?] - formatted_query: [Những giao dịch nào đang nằm trong trạng thái chờ xử lý] - normalized_query: [Những giao dịch nào đang nằm trong trạng thái chờ xử lý]
2025-12-30 17:01:00 | DEBUG    | log:153 | [perform_hybrid_search] BM25 raw scores: min=0.1007, max=50.8467
2025-12-30 17:01:00 | DEBUG    | log:153 | [get_keyword_boost] Query: 'Những giao dịch nào đang nằm t...' | Doc: Tra cứu giao dịch th | Boost: 0.75 | Matched: ['xử lý', 'trạng thái', 'chờ']
2025-12-30 17:01:00 | DEBUG    | log:153 | [classify_query_intent] Classified: 'Những giao dịch nào đang nằm t...' -> Tra cứu giao dịch theo trạng t (score=3)
2025-12-30 17:01:00 | DEBUG    | log:153 | [normalize_query] 'Giao dich nao dang cho xu ly...' -> 'Giao dich nao dang cho xu ly...'
2025-12-30 17:01:00 | DEBUG    | log:153 | [perform_hybrid_search] query_text: [Giao dich nao dang cho xu ly] - formatted_query: [Giao dich nao dang cho xu ly] - normalized_query: [Giao dich nao dang cho xu ly]
2025-12-30 17:01:00 | DEBUG    | log:153 | [perform_hybrid_search] BM25 raw scores: min=0.1342, max=7.8334
2025-12-30 17:01:00 | DEBUG    | log:153 | [classify_query_intent] No keyword matches found in: 'Giao dich nao dang cho xu ly'
2025-12-30 17:01:00 | DEBUG    | log:153 | [normalize_query] 'Các transaction pending status...' -> 'Các transaction pending status...'
2025-12-30 17:01:00 | DEBUG    | log:153 | [perform_hybrid_search] query_text: [Các transaction pending status] - formatted_query: [Các transaction pending status] - normalized_query: [Các transaction pending status]
2025-12-30 17:01:00 | DEBUG    | log:153 | [perform_hybrid_search] BM25 raw scores: min=0.0000, max=1.4683
2025-12-30 17:01:00 | DEBUG    | log:153 | [classify_query_intent] No keyword matches found in: 'Các transaction pending status'
2025-12-30 17:01:00 | DEBUG    | log:153 | [normalize_query] 'Dang xu ly giao dich nao...' -> 'Dang xu ly giao dich nao...'
2025-12-30 17:01:00 | DEBUG    | log:153 | [perform_hybrid_search] query_text: [Dang xu ly giao dich nao] - formatted_query: [Dang xu ly giao dich nao] - normalized_query: [Dang xu ly giao dich nao]
2025-12-30 17:01:00 | DEBUG    | log:153 | [perform_hybrid_search] BM25 raw scores: min=0.1342, max=7.8334
2025-12-30 17:01:00 | DEBUG    | log:153 | [classify_query_intent] No keyword matches found in: 'Dang xu ly giao dich nao'
2025-12-30 17:01:00 | DEBUG    | log:153 | [normalize_query] 'Pending transaction list...' -> 'Pending transaction list...'
2025-12-30 17:01:00 | DEBUG    | log:153 | [perform_hybrid_search] query_text: [Pending transaction list] - formatted_query: [Pending transaction list] - normalized_query: [Pending transaction list]
2025-12-30 17:01:00 | DEBUG    | log:153 | [perform_hybrid_search] BM25 raw scores: min=0.0000, max=1.4683
2025-12-30 17:01:00 | DEBUG    | log:153 | [classify_query_intent] No keyword matches found in: 'Pending transaction list'
2025-12-30 17:01:00 | DEBUG    | log:153 | [normalize_query] 'Tôi muốn kiểm tra các giao dịch do mình ...' -> 'Tôi muốn kiểm tra các giao dịch do mình ...'
2025-12-30 17:01:00 | DEBUG    | log:153 | [perform_hybrid_search] query_text: [Tôi muốn kiểm tra các giao dịch do mình tạo nhưng chưa hoàn tất.] - formatted_query: [Tôi muốn kiểm tra các giao dịch do mình tạo nhưng chưa hoàn tất] - normalized_query: [Tôi muốn kiểm tra các giao dịch do mình tạo nhưng chưa hoàn tất]
2025-12-30 17:01:00 | DEBUG    | log:153 | [perform_hybrid_search] BM25 raw scores: min=0.1678, max=13.8529
2025-12-30 17:01:00 | DEBUG    | log:153 | [get_keyword_boost] Query: 'Tôi muốn kiểm tra các giao dịc...' | Doc: Tra cứu giao dịch th | Boost: 0.25 | Matched: ['hoàn tất']
2025-12-30 17:01:00 | DEBUG    | log:153 | [classify_query_intent] Classified: 'Tôi muốn kiểm tra các giao dịc...' -> Tra cứu giao dịch theo trạng t (score=1)
2025-12-30 17:01:00 | DEBUG    | log:153 | [normalize_query] 'Check giao dich toi tao chua xong...' -> 'Check giao dich toi tao chua xong...'
2025-12-30 17:01:00 | DEBUG    | log:153 | [perform_hybrid_search] query_text: [Check giao dich toi tao chua xong] - formatted_query: [Check giao dich toi tao chua xong] - normalized_query: [Check giao dich toi tao chua xong]
2025-12-30 17:01:00 | DEBUG    | log:153 | [perform_hybrid_search] BM25 raw scores: min=0.1007, max=2.7221
2025-12-30 17:01:00 | DEBUG    | log:153 | [get_keyword_boost] Query: 'Check giao dich toi tao chua x...' | Doc: Tra cứu giao dịch ch | Boost: 0.25 | Matched: ['ck']
2025-12-30 17:01:00 | DEBUG    | log:153 | [classify_query_intent] Classified: 'Check giao dich toi tao chua x...' -> Tra cứu giao dịch chuyển tiền (score=1)
2025-12-30 17:01:00 | DEBUG    | log:153 | [normalize_query] 'Giao dich maker tao chua hoan tat...' -> 'Giao dich maker tao chua hoan tat...'
2025-12-30 17:01:00 | DEBUG    | log:153 | [perform_hybrid_search] query_text: [Giao dich maker tao chua hoan tat] - formatted_query: [Giao dich maker tao chua hoan tat] - normalized_query: [Giao dich maker tao chua hoan tat]
2025-12-30 17:01:00 | DEBUG    | log:153 | [perform_hybrid_search] BM25 raw scores: min=0.1342, max=5.5371
2025-12-30 17:01:00 | DEBUG    | log:153 | [classify_query_intent] No keyword matches found in: 'Giao dich maker tao chua hoan tat'
2025-12-30 17:01:00 | DEBUG    | log:153 | [normalize_query] 'My created transaction pending...' -> 'My created transaction pending...'
2025-12-30 17:01:00 | DEBUG    | log:153 | [perform_hybrid_search] query_text: [My created transaction pending] - formatted_query: [My created transaction pending] - normalized_query: [My created transaction pending]
2025-12-30 17:01:00 | DEBUG    | log:153 | [perform_hybrid_search] BM25 raw scores: min=0.0000, max=1.4683
2025-12-30 17:01:00 | DEBUG    | log:153 | [classify_query_intent] No keyword matches found in: 'My created transaction pending'
2025-12-30 17:01:00 | DEBUG    | log:153 | [normalize_query] 'Kiem tra gd da tao...' -> 'Kiem tra gd da tao...'
2025-12-30 17:01:00 | DEBUG    | log:153 | [perform_hybrid_search] query_text: [Kiem tra gd da tao] - formatted_query: [Kiem tra gd da tao] - normalized_query: [Kiem tra gd da tao]
2025-12-30 17:01:00 | DEBUG    | log:153 | [perform_hybrid_search] BM25 raw scores: min=0.0336, max=5.7519
2025-12-30 17:01:00 | DEBUG    | log:153 | [classify_query_intent] No keyword matches found in: 'Kiem tra gd da tao'
2025-12-30 17:01:00 | DEBUG    | log:153 | [normalize_query] 'Liệt kê toàn bộ giao dịch đang đợi người...' -> 'Liệt kê toàn bộ giao dịch đang đợi người...'
2025-12-30 17:01:00 | DEBUG    | log:153 | [perform_hybrid_search] query_text: [Liệt kê toàn bộ giao dịch đang đợi người duyệt.] - formatted_query: [Liệt kê toàn bộ giao dịch đang đợi người duyệt] - normalized_query: [Liệt kê toàn bộ giao dịch đang đợi người duyệt]
2025-12-30 17:01:01 | DEBUG    | log:153 | [perform_hybrid_search] BM25 raw scores: min=0.1374, max=24.7128
2025-12-30 17:01:01 | DEBUG    | log:153 | [classify_query_intent] No keyword matches found in: 'Liệt kê toàn bộ giao dịch đang đợi người duyệt'
2025-12-30 17:01:01 | DEBUG    | log:153 | [normalize_query] 'List giao dich doi checker...' -> 'List giao dich doi checker...'
2025-12-30 17:01:01 | DEBUG    | log:153 | [perform_hybrid_search] query_text: [List giao dich doi checker] - formatted_query: [List giao dich doi checker] - normalized_query: [List giao dich doi checker]
2025-12-30 17:01:01 | DEBUG    | log:153 | [perform_hybrid_search] BM25 raw scores: min=0.1007, max=0.2081
2025-12-30 17:01:01 | DEBUG    | log:153 | [get_keyword_boost] Query: 'List giao dich doi checker...' | Doc: Tra cứu giao dịch ch | Boost: 0.25 | Matched: ['ck']
2025-12-30 17:01:01 | DEBUG    | log:153 | [classify_query_intent] Classified: 'List giao dich doi checker...' -> Tra cứu giao dịch chuyển tiền (score=1)
2025-12-30 17:01:01 | DEBUG    | log:153 | [normalize_query] 'Các gd dang cho checker duyet...' -> 'Các gd dang cho checker duyet...'
2025-12-30 17:01:01 | DEBUG    | log:153 | [perform_hybrid_search] query_text: [Các gd dang cho checker duyet] - formatted_query: [Các gd dang cho checker duyet] - normalized_query: [Các gd dang cho checker duyet]
2025-12-30 17:01:01 | DEBUG    | log:153 | [perform_hybrid_search] BM25 raw scores: min=0.0160, max=2.9637
2025-12-30 17:01:01 | DEBUG    | log:153 | [get_keyword_boost] Query: 'Các gd dang cho checker duyet...' | Doc: Tra cứu giao dịch ch | Boost: 0.25 | Matched: ['ck']
2025-12-30 17:01:01 | DEBUG    | log:153 | [classify_query_intent] Classified: 'Các gd dang cho checker duyet...' -> Tra cứu giao dịch chuyển tiền (score=1)
2025-12-30 17:01:01 | DEBUG    | log:153 | [normalize_query] 'Pending for checker approval...' -> 'Pending for checker approval...'
2025-12-30 17:01:01 | DEBUG    | log:153 | [perform_hybrid_search] query_text: [Pending for checker approval] - formatted_query: [Pending for checker approval] - normalized_query: [Pending for checker approval]
2025-12-30 17:01:01 | DEBUG    | log:153 | [perform_hybrid_search] BM25 raw scores: min=0.0000, max=1.4683
2025-12-30 17:01:01 | DEBUG    | log:153 | [get_keyword_boost] Query: 'Pending for checker approval...' | Doc: Tra cứu giao dịch ch | Boost: 0.25 | Matched: ['ck']
2025-12-30 17:01:01 | DEBUG    | log:153 | [classify_query_intent] Classified: 'Pending for checker approval...' -> Tra cứu giao dịch chuyển tiền (score=1)
2025-12-30 17:01:01 | DEBUG    | log:153 | [normalize_query] 'Cho xem gd can duyet...' -> 'Cho xem gd can duyet...'
2025-12-30 17:01:01 | DEBUG    | log:153 | [perform_hybrid_search] query_text: [Cho xem gd can duyet] - formatted_query: [Cho xem gd can duyet] - normalized_query: [Cho xem gd can duyet]
2025-12-30 17:01:01 | DEBUG    | log:153 | [perform_hybrid_search] BM25 raw scores: min=0.0000, max=6.6287
2025-12-30 17:01:01 | DEBUG    | log:153 | [classify_query_intent] No keyword matches found in: 'Cho xem gd can duyet'
2025-12-30 17:01:01 | DEBUG    | log:153 | [normalize_query] 'Có lệnh chuyển tiền nào chưa được xác nh...' -> 'Có lệnh chuyển tiền nào chưa được xác nh...'
2025-12-30 17:01:01 | DEBUG    | log:153 | [perform_hybrid_search] query_text: [Có lệnh chuyển tiền nào chưa được xác nhận không?] - formatted_query: [Có lệnh chuyển tiền nào chưa được xác nhận không] - normalized_query: [Có lệnh chuyển tiền nào chưa được xác nhận không]
2025-12-30 17:01:01 | DEBUG    | log:153 | [perform_hybrid_search] BM25 raw scores: min=0.2569, max=16.3648
2025-12-30 17:01:01 | DEBUG    | log:153 | [get_keyword_boost] Query: 'Có lệnh chuyển tiền nào chưa đ...' | Doc: Tra cứu giao dịch th | Boost: 0.25 | Matched: ['chuyển tiền']
2025-12-30 17:01:01 | DEBUG    | log:153 | [get_keyword_boost] Query: 'Có lệnh chuyển tiền nào chưa đ...' | Doc: Tra cứu giao dịch ch | Boost: 0.25 | Matched: ['chuyển tiền']
2025-12-30 17:01:01 | DEBUG    | log:153 | [get_keyword_boost] Query: 'Có lệnh chuyển tiền nào chưa đ...' | Doc: Tra cứu giao dịch nh | Boost: 0.25 | Matched: ['nhận']
2025-12-30 17:01:01 | DEBUG    | log:153 | [classify_query_intent] Ambiguous: 'Có lệnh chuyển tiền nào chưa đ...' | Scores: {'Tra cứu giao dịch theo loại giao dịch': 1, 'Tra cứu giao dịch chuyển tiền': 1, 'Tra cứu giao dịch nhận tiền': 1}
2025-12-30 17:01:01 | DEBUG    | log:153 | [normalize_query] 'Lenh chuyen tien chua xac nhan...' -> 'Lenh chuyen tien chua xac nhan...'
2025-12-30 17:01:01 | DEBUG    | log:153 | [perform_hybrid_search] query_text: [Lenh chuyen tien chua xac nhan] - formatted_query: [Lenh chuyen tien chua xac nhan] - normalized_query: [Lenh chuyen tien chua xac nhan]
2025-12-30 17:01:01 | DEBUG    | log:153 | [perform_hybrid_search] BM25 raw scores: min=0.2569, max=6.8774
2025-12-30 17:01:01 | DEBUG    | log:153 | [classify_query_intent] No keyword matches found in: 'Lenh chuyen tien chua xac nhan'
2025-12-30 17:01:01 | DEBUG    | log:153 | [normalize_query] 'Any transfer not approved yet...' -> 'Any transfer not approved yet...'
2025-12-30 17:01:01 | DEBUG    | log:153 | [perform_hybrid_search] query_text: [Any transfer not approved yet] - formatted_query: [Any transfer not approved yet] - normalized_query: [Any transfer not approved yet]
2025-12-30 17:01:01 | DEBUG    | log:153 | [perform_hybrid_search] BM25 raw scores: min=0.0000, max=0.0000
2025-12-30 17:01:01 | DEBUG    | log:153 | [classify_query_intent] No keyword matches found in: 'Any transfer not approved yet'
2025-12-30 17:01:01 | DEBUG    | log:153 | [normalize_query] 'Chua confirm lenh chuyen tien...' -> 'Chua confirm lenh chuyen tien...'
2025-12-30 17:01:01 | DEBUG    | log:153 | [perform_hybrid_search] query_text: [Chua confirm lenh chuyen tien] - formatted_query: [Chua confirm lenh chuyen tien] - normalized_query: [Chua confirm lenh chuyen tien]
2025-12-30 17:01:01 | DEBUG    | log:153 | [perform_hybrid_search] BM25 raw scores: min=0.0714, max=2.7850
2025-12-30 17:01:01 | DEBUG    | log:153 | [classify_query_intent] No keyword matches found in: 'Chua confirm lenh chuyen tien'
2025-12-30 17:01:01 | DEBUG    | log:153 | [normalize_query] 'Giao dich chua duyet khong...' -> 'Giao dich chua duyet khong...'
2025-12-30 17:01:01 | DEBUG    | log:153 | [perform_hybrid_search] query_text: [Giao dich chua duyet khong] - formatted_query: [Giao dich chua duyet khong] - normalized_query: [Giao dich chua duyet khong]
2025-12-30 17:01:01 | DEBUG    | log:153 | [perform_hybrid_search] BM25 raw scores: min=0.1007, max=7.5571
2025-12-30 17:01:01 | DEBUG    | log:153 | [classify_query_intent] No keyword matches found in: 'Giao dich chua duyet khong'
2025-12-30 17:01:01 | DEBUG    | log:153 | [normalize_query] 'Danh sách các giao dịch đang trong luồng...' -> 'Danh sách các giao dịch đang trong luồng...'
2025-12-30 17:01:01 | DEBUG    | log:153 | [perform_hybrid_search] query_text: [Danh sách các giao dịch đang trong luồng phê duyệt.] - formatted_query: [Danh sách các giao dịch đang trong luồng phê duyệt] - normalized_query: [Danh sách các giao dịch đang trong luồng phê duyệt]
2025-12-30 17:01:01 | DEBUG    | log:153 | [perform_hybrid_search] BM25 raw scores: min=0.1007, max=32.4008
2025-12-30 17:01:01 | DEBUG    | log:153 | [get_keyword_boost] Query: 'Danh sách các giao dịch đang t...' | Doc: Tra cứu giao dịch th | Boost: 0.25 | Matched: ['phê duyệt']
2025-12-30 17:01:01 | DEBUG    | log:153 | [classify_query_intent] Classified: 'Danh sách các giao dịch đang t...' -> Tra cứu giao dịch theo trạng t (score=1)
2025-12-30 17:01:01 | DEBUG    | log:153 | [normalize_query] 'Giao dich trong approval flow...' -> 'Giao dich trong approval flow...'
2025-12-30 17:01:01 | DEBUG    | log:153 | [perform_hybrid_search] query_text: [Giao dich trong approval flow] - formatted_query: [Giao dich trong approval flow] - normalized_query: [Giao dich trong approval flow]
2025-12-30 17:01:01 | DEBUG    | log:153 | [perform_hybrid_search] BM25 raw scores: min=0.1007, max=0.2081
2025-12-30 17:01:01 | DEBUG    | log:153 | [classify_query_intent] No keyword matches found in: 'Giao dich trong approval flow'
2025-12-30 17:01:01 | DEBUG    | log:153 | [normalize_query] 'Danh sach gd dang phe duyet...' -> 'Danh sach gd dang phe duyet...'
2025-12-30 17:01:01 | DEBUG    | log:153 | [perform_hybrid_search] query_text: [Danh sach gd dang phe duyet] - formatted_query: [Danh sach gd dang phe duyet] - normalized_query: [Danh sach gd dang phe duyet]
2025-12-30 17:01:01 | DEBUG    | log:153 | [perform_hybrid_search] BM25 raw scores: min=0.0177, max=12.3752
2025-12-30 17:01:01 | DEBUG    | log:153 | [classify_query_intent] No keyword matches found in: 'Danh sach gd dang phe duyet'
2025-12-30 17:01:01 | DEBUG    | log:153 | [normalize_query] 'Approval process transaction...' -> 'Approval process transaction...'
2025-12-30 17:01:01 | DEBUG    | log:153 | [perform_hybrid_search] query_text: [Approval process transaction] - formatted_query: [Approval process transaction] - normalized_query: [Approval process transaction]
2025-12-30 17:01:01 | DEBUG    | log:153 | [perform_hybrid_search] BM25 raw scores: min=0.0000, max=0.0000
2025-12-30 17:01:01 | DEBUG    | log:153 | [classify_query_intent] No keyword matches found in: 'Approval process transaction'
2025-12-30 17:01:01 | DEBUG    | log:153 | [normalize_query] 'GD dang trong flow duyet...' -> 'Gd dang trong flow duyet...'
2025-12-30 17:01:01 | DEBUG    | log:153 | [perform_hybrid_search] query_text: [GD dang trong flow duyet] - formatted_query: [Gd dang trong flow duyet] - normalized_query: [Gd dang trong flow duyet]
2025-12-30 17:01:01 | DEBUG    | log:153 | [perform_hybrid_search] BM25 raw scores: min=0.0160, max=2.9637
2025-12-30 17:01:01 | DEBUG    | log:153 | [classify_query_intent] No keyword matches found in: 'Gd dang trong flow duyet'
2025-12-30 17:01:01 | DEBUG    | log:153 | [normalize_query] 'Cho tôi xem các giao dịch có trạng thái ...' -> 'Cho tôi xem các giao dịch có trạng thái ...'
2025-12-30 17:01:01 | DEBUG    | log:153 | [perform_hybrid_search] query_text: [Cho tôi xem các giao dịch có trạng thái bị từ chối hoặc chờ duyệt.] - formatted_query: [Cho tôi xem các giao dịch có trạng thái bị từ chối hoặc chờ duyệt] - normalized_query: [Cho tôi xem các giao dịch có trạng thái bị từ chối hoặc chờ duyệt]
2025-12-30 17:01:01 | DEBUG    | log:153 | [perform_hybrid_search] BM25 raw scores: min=0.1007, max=58.7770
2025-12-30 17:01:01 | DEBUG    | log:153 | [get_keyword_boost] Query: 'Cho tôi xem các giao dịch có t...' | Doc: Tra cứu giao dịch th | Boost: 0.75 | Matched: ['trạng thái', 'chờ', 'từ chối']
2025-12-30 17:01:01 | DEBUG    | log:153 | [classify_query_intent] Classified: 'Cho tôi xem các giao dịch có t...' -> Tra cứu giao dịch theo trạng t (score=3)
2025-12-30 17:01:01 | DEBUG    | log:153 | [normalize_query] 'Giao dich reject va pending...' -> 'Giao dich reject va pending...'
2025-12-30 17:01:01 | DEBUG    | log:153 | [perform_hybrid_search] query_text: [Giao dich reject va pending] - formatted_query: [Giao dich reject va pending] - normalized_query: [Giao dich reject va pending]
2025-12-30 17:01:01 | DEBUG    | log:153 | [perform_hybrid_search] BM25 raw scores: min=0.1007, max=1.6764
2025-12-30 17:01:01 | DEBUG    | log:153 | [classify_query_intent] No keyword matches found in: 'Giao dich reject va pending'
2025-12-30 17:01:01 | DEBUG    | log:153 | [normalize_query] 'Xem gd chua duyet hoac tu choi...' -> 'Xem gd chua duyet hoac tu choi...'
2025-12-30 17:01:01 | DEBUG    | log:153 | [perform_hybrid_search] query_text: [Xem gd chua duyet hoac tu choi] - formatted_query: [Xem gd chua duyet hoac tu choi] - normalized_query: [Xem gd chua duyet hoac tu choi]
2025-12-30 17:01:01 | DEBUG    | log:153 | [perform_hybrid_search] BM25 raw scores: min=0.0000, max=11.9606
2025-12-30 17:01:01 | DEBUG    | log:153 | [classify_query_intent] No keyword matches found in: 'Xem gd chua duyet hoac tu choi'
2025-12-30 17:01:01 | DEBUG    | log:153 | [normalize_query] 'Transaction pending rejected list...' -> 'Transaction pending rejected list...'
2025-12-30 17:01:01 | DEBUG    | log:153 | [perform_hybrid_search] query_text: [Transaction pending rejected list] - formatted_query: [Transaction pending rejected list] - normalized_query: [Transaction pending rejected list]
2025-12-30 17:01:01 | DEBUG    | log:153 | [perform_hybrid_search] BM25 raw scores: min=0.0000, max=1.4683
2025-12-30 17:01:01 | DEBUG    | log:153 | [classify_query_intent] No keyword matches found in: 'Transaction pending rejected list'
2025-12-30 17:01:01 | DEBUG    | log:153 | [normalize_query] 'Trang thai reject pending...' -> 'Trang thai reject pending...'
2025-12-30 17:01:01 | DEBUG    | log:153 | [perform_hybrid_search] query_text: [Trang thai reject pending] - formatted_query: [Trang thai reject pending] - normalized_query: [Trang thai reject pending]
2025-12-30 17:01:01 | DEBUG    | log:153 | [perform_hybrid_search] BM25 raw scores: min=0.0000, max=8.5657
2025-12-30 17:01:01 | DEBUG    | log:153 | [classify_query_intent] No keyword matches found in: 'Trang thai reject pending'
2025-12-30 17:01:01 | DEBUG    | log:153 | [normalize_query] 'Kiểm tra các giao dịch doanh nghiệp chưa...' -> 'Kiểm tra các giao dịch doanh nghiệp chưa...'
2025-12-30 17:01:01 | DEBUG    | log:153 | [perform_hybrid_search] query_text: [Kiểm tra các giao dịch doanh nghiệp chưa hoàn thành.] - formatted_query: [Kiểm tra các giao dịch doanh nghiệp chưa hoàn thành] - normalized_query: [Kiểm tra các giao dịch doanh nghiệp chưa hoàn thành]
2025-12-30 17:01:01 | DEBUG    | log:153 | [perform_hybrid_search] BM25 raw scores: min=0.2405, max=9.8917
2025-12-30 17:01:01 | DEBUG    | log:153 | [get_keyword_boost] Query: 'Kiểm tra các giao dịch doanh n...' | Doc: Tra cứu giao dịch th | Boost: 0.25 | Matched: ['hoàn thành']
2025-12-30 17:01:01 | DEBUG    | log:153 | [classify_query_intent] Classified: 'Kiểm tra các giao dịch doanh n...' -> Tra cứu giao dịch theo trạng t (score=1)
2025-12-30 17:01:01 | DEBUG    | log:153 | [normalize_query] 'Corporate transaction chua xong...' -> 'Corporate transaction chua xong...'
2025-12-30 17:01:01 | DEBUG    | log:153 | [perform_hybrid_search] query_text: [Corporate transaction chua xong] - formatted_query: [Corporate transaction chua xong] - normalized_query: [Corporate transaction chua xong]
2025-12-30 17:01:01 | DEBUG    | log:153 | [perform_hybrid_search] BM25 raw scores: min=0.0000, max=2.5433
2025-12-30 17:01:01 | DEBUG    | log:153 | [classify_query_intent] No keyword matches found in: 'Corporate transaction chua xong'
2025-12-30 17:01:01 | DEBUG    | log:153 | [normalize_query] 'Giao dich doanh nghiep pending...' -> 'Giao dich doanh nghiep pending...'
2025-12-30 17:01:01 | DEBUG    | log:153 | [perform_hybrid_search] query_text: [Giao dich doanh nghiep pending] - formatted_query: [Giao dich doanh nghiep pending] - normalized_query: [Giao dich doanh nghiep pending]
2025-12-30 17:01:01 | DEBUG    | log:153 | [perform_hybrid_search] BM25 raw scores: min=0.1007, max=1.6764
2025-12-30 17:01:01 | DEBUG    | log:153 | [classify_query_intent] No keyword matches found in: 'Giao dich doanh nghiep pending'
2025-12-30 17:01:01 | DEBUG    | log:153 | [normalize_query] 'Check corporate gd...' -> 'Check corporate gd...'
2025-12-30 17:01:01 | DEBUG    | log:153 | [perform_hybrid_search] query_text: [Check corporate gd] - formatted_query: [Check corporate gd] - normalized_query: [Check corporate gd]
2025-12-30 17:01:01 | DEBUG    | log:153 | [perform_hybrid_search] BM25 raw scores: min=0.0000, max=0.0000
2025-12-30 17:01:01 | DEBUG    | log:153 | [get_keyword_boost] Query: 'Check corporate gd...' | Doc: Tra cứu giao dịch ch | Boost: 0.25 | Matched: ['ck']
2025-12-30 17:01:01 | DEBUG    | log:153 | [classify_query_intent] Classified: 'Check corporate gd...' -> Tra cứu giao dịch chuyển tiền (score=1)
2025-12-30 17:01:01 | DEBUG    | log:153 | [normalize_query] 'GD DN chua hoan tat...' -> 'Gd dn chua hoan tat...'
2025-12-30 17:01:01 | DEBUG    | log:153 | [perform_hybrid_search] query_text: [GD DN chua hoan tat] - formatted_query: [Gd dn chua hoan tat] - normalized_query: [Gd dn chua hoan tat]
2025-12-30 17:01:01 | DEBUG    | log:153 | [perform_hybrid_search] BM25 raw scores: min=0.0160, max=5.3290
2025-12-30 17:01:01 | DEBUG    | log:153 | [classify_query_intent] No keyword matches found in: 'Gd dn chua hoan tat'
2025-12-30 17:01:01 | DEBUG    | log:153 | [normalize_query] 'Những giao dịch nào hiện chưa được check...' -> 'Những giao dịch nào hiện chưa được check...'
2025-12-30 17:01:01 | DEBUG    | log:153 | [perform_hybrid_search] query_text: [Những giao dịch nào hiện chưa được checker xác nhận?] - formatted_query: [Những giao dịch nào hiện chưa được checker xác nhận] - normalized_query: [Những giao dịch nào hiện chưa được checker xác nhận]
2025-12-30 17:01:01 | DEBUG    | log:153 | [perform_hybrid_search] BM25 raw scores: min=0.4883, max=13.9208
2025-12-30 17:01:01 | DEBUG    | log:153 | [get_keyword_boost] Query: 'Những giao dịch nào hiện chưa ...' | Doc: Tra cứu giao dịch ch | Boost: 0.25 | Matched: ['ck']
2025-12-30 17:01:01 | DEBUG    | log:153 | [get_keyword_boost] Query: 'Những giao dịch nào hiện chưa ...' | Doc: Tra cứu giao dịch nh | Boost: 0.25 | Matched: ['nhận']
2025-12-30 17:01:01 | DEBUG    | log:153 | [classify_query_intent] Ambiguous: 'Những giao dịch nào hiện chưa ...' | Scores: {'Tra cứu giao dịch chuyển tiền': 1, 'Tra cứu giao dịch nhận tiền': 1}
2025-12-30 17:01:01 | DEBUG    | log:153 | [normalize_query] 'GD chua co checker duyet...' -> 'Gd chua co checker duyet...'
2025-12-30 17:01:01 | DEBUG    | log:153 | [perform_hybrid_search] query_text: [GD chua co checker duyet] - formatted_query: [Gd chua co checker duyet] - normalized_query: [Gd chua co checker duyet]
2025-12-30 17:01:01 | DEBUG    | log:153 | [perform_hybrid_search] BM25 raw scores: min=0.0000, max=6.5195
2025-12-30 17:01:01 | DEBUG    | log:153 | [get_keyword_boost] Query: 'Gd chua co checker duyet...' | Doc: Tra cứu giao dịch ch | Boost: 0.25 | Matched: ['ck']
2025-12-30 17:01:01 | DEBUG    | log:153 | [classify_query_intent] Classified: 'Gd chua co checker duyet...' -> Tra cứu giao dịch chuyển tiền (score=1)
2025-12-30 17:01:01 | DEBUG    | log:153 | [normalize_query] 'Checker chua approve giao dich nao...' -> 'Checker chua approve giao dich nao...'
2025-12-30 17:01:01 | DEBUG    | log:153 | [perform_hybrid_search] query_text: [Checker chua approve giao dich nao] - formatted_query: [Checker chua approve giao dich nao] - normalized_query: [Checker chua approve giao dich nao]
2025-12-30 17:01:01 | DEBUG    | log:153 | [perform_hybrid_search] BM25 raw scores: min=0.1007, max=5.2653
2025-12-30 17:01:01 | DEBUG    | log:153 | [get_keyword_boost] Query: 'Checker chua approve giao dich...' | Doc: Tra cứu giao dịch ch | Boost: 0.25 | Matched: ['ck']
2025-12-30 17:01:01 | DEBUG    | log:153 | [classify_query_intent] Classified: 'Checker chua approve giao dich...' -> Tra cứu giao dịch chuyển tiền (score=1)
2025-12-30 17:01:01 | DEBUG    | log:153 | [normalize_query] 'Unapproved by checker...' -> 'Unapproved by checker...'
2025-12-30 17:01:01 | DEBUG    | log:153 | [perform_hybrid_search] query_text: [Unapproved by checker] - formatted_query: [Unapproved by checker] - normalized_query: [Unapproved by checker]
2025-12-30 17:01:01 | DEBUG    | log:153 | [perform_hybrid_search] BM25 raw scores: min=0.0000, max=0.0000
2025-12-30 17:01:01 | DEBUG    | log:153 | [get_keyword_boost] Query: 'Unapproved by checker...' | Doc: Tra cứu giao dịch ch | Boost: 0.25 | Matched: ['ck']
2025-12-30 17:01:01 | DEBUG    | log:153 | [classify_query_intent] Classified: 'Unapproved by checker...' -> Tra cứu giao dịch chuyển tiền (score=1)
2025-12-30 17:01:01 | DEBUG    | log:153 | [normalize_query] 'Giao dich chua qua checker...' -> 'Giao dich chua qua checker...'
2025-12-30 17:01:01 | DEBUG    | log:153 | [perform_hybrid_search] query_text: [Giao dich chua qua checker] - formatted_query: [Giao dich chua qua checker] - normalized_query: [Giao dich chua qua checker]
2025-12-30 17:01:01 | DEBUG    | log:153 | [perform_hybrid_search] BM25 raw scores: min=0.1007, max=4.6131
2025-12-30 17:01:01 | DEBUG    | log:153 | [get_keyword_boost] Query: 'Giao dich chua qua checker...' | Doc: Tra cứu giao dịch ch | Boost: 0.25 | Matched: ['ck']
2025-12-30 17:01:01 | DEBUG    | log:153 | [classify_query_intent] Classified: 'Giao dich chua qua checker...' -> Tra cứu giao dịch chuyển tiền (score=1)
2025-12-30 17:01:01 | DEBUG    | log:153 | [normalize_query] 'Xem trạng thái xử lý của các lệnh chuyển...' -> 'Xem trạng thái xử lý của các lệnh chuyển...'
2025-12-30 17:01:01 | DEBUG    | log:153 | [perform_hybrid_search] query_text: [Xem trạng thái xử lý của các lệnh chuyển tiền gần đây.] - formatted_query: [Xem trạng thái xử lý của các lệnh chuyển tiền gần đây] - normalized_query: [Xem trạng thái xử lý của các lệnh chuyển tiền gần đây]
2025-12-30 17:01:01 | DEBUG    | log:153 | [perform_hybrid_search] BM25 raw scores: min=0.1342, max=24.3104
2025-12-30 17:01:01 | DEBUG    | log:153 | [get_keyword_boost] Query: 'Xem trạng thái xử lý của các l...' | Doc: Tra cứu lịch sử giao | Boost: 0.25 | Matched: ['gần đây']
2025-12-30 17:01:01 | DEBUG    | log:153 | [get_keyword_boost] Query: 'Xem trạng thái xử lý của các l...' | Doc: Tra cứu giao dịch th | Boost: 0.50 | Matched: ['xử lý', 'trạng thái']
2025-12-30 17:01:01 | DEBUG    | log:153 | [get_keyword_boost] Query: 'Xem trạng thái xử lý của các l...' | Doc: Tra cứu giao dịch th | Boost: 0.25 | Matched: ['chuyển tiền']
2025-12-30 17:01:01 | DEBUG    | log:153 | [get_keyword_boost] Query: 'Xem trạng thái xử lý của các l...' | Doc: Tra cứu giao dịch ch | Boost: 0.25 | Matched: ['chuyển tiền']
2025-12-30 17:01:01 | DEBUG    | log:153 | [classify_query_intent] Classified: 'Xem trạng thái xử lý của các l...' -> Tra cứu giao dịch theo trạng t (score=2)
2025-12-30 17:01:01 | DEBUG    | log:153 | [normalize_query] 'Biến thể:...' -> 'Biến thể...'
2025-12-30 17:01:01 | DEBUG    | log:153 | [perform_hybrid_search] query_text: [Biến thể:] - formatted_query: [Biến thể] - normalized_query: [Biến thể]
2025-12-30 17:01:01 | DEBUG    | log:153 | [perform_hybrid_search] BM25 raw scores: min=0.0000, max=1.8112
2025-12-30 17:01:01 | DEBUG    | log:153 | [classify_query_intent] No keyword matches found in: 'Biến thể'
2025-12-30 17:01:01 | DEBUG    | log:153 | [normalize_query] 'Trang thai lenh chuyen tien gan day...' -> 'Trang thai lenh chuyen tien gan day...'
2025-12-30 17:01:01 | DEBUG    | log:153 | [perform_hybrid_search] query_text: [Trang thai lenh chuyen tien gan day] - formatted_query: [Trang thai lenh chuyen tien gan day] - normalized_query: [Trang thai lenh chuyen tien gan day]
2025-12-30 17:01:01 | DEBUG    | log:153 | [perform_hybrid_search] BM25 raw scores: min=0.0715, max=7.1761
2025-12-30 17:01:01 | DEBUG    | log:153 | [classify_query_intent] No keyword matches found in: 'Trang thai lenh chuyen tien gan day'
2025-12-30 17:01:01 | DEBUG    | log:153 | [normalize_query] 'Check recent transfer status...' -> 'Check recent transfer status...'
2025-12-30 17:01:01 | DEBUG    | log:153 | [perform_hybrid_search] query_text: [Check recent transfer status] - formatted_query: [Check recent transfer status] - normalized_query: [Check recent transfer status]
2025-12-30 17:01:01 | DEBUG    | log:153 | [perform_hybrid_search] BM25 raw scores: min=0.0000, max=0.0000
2025-12-30 17:01:01 | DEBUG    | log:153 | [get_keyword_boost] Query: 'Check recent transfer status...' | Doc: Tra cứu giao dịch ch | Boost: 0.25 | Matched: ['ck']
2025-12-30 17:01:01 | DEBUG    | log:153 | [classify_query_intent] Classified: 'Check recent transfer status...' -> Tra cứu giao dịch chuyển tiền (score=1)
2025-12-30 17:01:01 | DEBUG    | log:153 | [normalize_query] 'Lenh chuyen tien xu ly toi dau...' -> 'Lenh chuyen tien xu ly toi dau...'
2025-12-30 17:01:01 | DEBUG    | log:153 | [perform_hybrid_search] query_text: [Lenh chuyen tien xu ly toi dau] - formatted_query: [Lenh chuyen tien xu ly toi dau] - normalized_query: [Lenh chuyen tien xu ly toi dau]
2025-12-30 17:01:01 | DEBUG    | log:153 | [perform_hybrid_search] BM25 raw scores: min=0.0714, max=5.3315
2025-12-30 17:01:01 | DEBUG    | log:153 | [classify_query_intent] No keyword matches found in: 'Lenh chuyen tien xu ly toi dau'
2025-12-30 17:01:01 | DEBUG    | log:153 | [normalize_query] 'Status giao dich moi...' -> 'Status giao dich moi...'
2025-12-30 17:01:01 | DEBUG    | log:153 | [perform_hybrid_search] query_text: [Status giao dich moi] - formatted_query: [Status giao dich moi] - normalized_query: [Status giao dich moi]
2025-12-30 17:01:01 | DEBUG    | log:153 | [perform_hybrid_search] BM25 raw scores: min=0.1007, max=2.9223
2025-12-30 17:01:01 | DEBUG    | log:153 | [classify_query_intent] No keyword matches found in: 'Status giao dich moi'
2025-12-30 17:01:01 | DEBUG    | log:153 | [normalize_query] 'Cho danh sách giao dịch đang bị treo xử ...' -> 'Cho danh sách giao dịch đang bị treo xử ...'
2025-12-30 17:01:01 | DEBUG    | log:153 | [perform_hybrid_search] query_text: [Cho danh sách giao dịch đang bị treo xử lý.] - formatted_query: [Cho danh sách giao dịch đang bị treo xử lý] - normalized_query: [Cho danh sách giao dịch đang bị treo xử lý]
2025-12-30 17:01:01 | DEBUG    | log:153 | [perform_hybrid_search] BM25 raw scores: min=0.1007, max=35.8477
2025-12-30 17:01:01 | DEBUG    | log:153 | [get_keyword_boost] Query: 'Cho danh sách giao dịch đang b...' | Doc: Tra cứu giao dịch th | Boost: 0.25 | Matched: ['xử lý']
2025-12-30 17:01:01 | DEBUG    | log:153 | [classify_query_intent] Classified: 'Cho danh sách giao dịch đang b...' -> Tra cứu giao dịch theo trạng t (score=1)
2025-12-30 17:01:01 | DEBUG    | log:153 | [normalize_query] 'Giao dich bi treo...' -> 'Giao dich bi treo...'
2025-12-30 17:01:01 | DEBUG    | log:153 | [perform_hybrid_search] query_text: [Giao dich bi treo] - formatted_query: [Giao dich bi treo] - normalized_query: [Giao dich bi treo]
2025-12-30 17:01:02 | DEBUG    | log:153 | [perform_hybrid_search] BM25 raw scores: min=0.1007, max=0.2081
2025-12-30 17:01:02 | DEBUG    | log:153 | [classify_query_intent] No keyword matches found in: 'Giao dich bi treo'
2025-12-30 17:01:02 | DEBUG    | log:153 | [normalize_query] 'Hanging transaction list...' -> 'Hanging transaction list...'
2025-12-30 17:01:02 | DEBUG    | log:153 | [perform_hybrid_search] query_text: [Hanging transaction list] - formatted_query: [Hanging transaction list] - normalized_query: [Hanging transaction list]
2025-12-30 17:01:02 | DEBUG    | log:153 | [perform_hybrid_search] BM25 raw scores: min=0.0000, max=0.0000
2025-12-30 17:01:02 | DEBUG    | log:153 | [classify_query_intent] No keyword matches found in: 'Hanging transaction list'
2025-12-30 17:01:02 | DEBUG    | log:153 | [normalize_query] 'GD dang treo pending...' -> 'Gd dang treo pending...'
2025-12-30 17:01:02 | DEBUG    | log:153 | [perform_hybrid_search] query_text: [GD dang treo pending] - formatted_query: [Gd dang treo pending] - normalized_query: [Gd dang treo pending]
2025-12-30 17:01:02 | DEBUG    | log:153 | [perform_hybrid_search] BM25 raw scores: min=0.0160, max=1.4880
2025-12-30 17:01:02 | DEBUG    | log:153 | [classify_query_intent] No keyword matches found in: 'Gd dang treo pending'
2025-12-30 17:01:02 | DEBUG    | log:153 | [normalize_query] 'Giao dich xu ly tre...' -> 'Giao dich xu ly tre...'
2025-12-30 17:01:02 | DEBUG    | log:153 | [perform_hybrid_search] query_text: [Giao dich xu ly tre] - formatted_query: [Giao dich xu ly tre] - normalized_query: [Giao dich xu ly tre]
2025-12-30 17:01:02 | DEBUG    | log:153 | [perform_hybrid_search] BM25 raw scores: min=0.1007, max=5.4609
2025-12-30 17:01:02 | DEBUG    | log:153 | [classify_query_intent] No keyword matches found in: 'Giao dich xu ly tre'
2025-12-30 17:01:02 | DEBUG    | log:153 | [normalize_query] 'Tôi cần xem các giao dịch chưa được thôn...' -> 'Tôi cần xem các giao dịch chưa được thôn...'
2025-12-30 17:01:02 | DEBUG    | log:153 | [perform_hybrid_search] query_text: [Tôi cần xem các giao dịch chưa được thông qua.] - formatted_query: [Tôi cần xem các giao dịch chưa được thông qua] - normalized_query: [Tôi cần xem các giao dịch chưa được thông qua]
2025-12-30 17:01:02 | DEBUG    | log:153 | [perform_hybrid_search] BM25 raw scores: min=0.1342, max=15.0634
2025-12-30 17:01:02 | DEBUG    | log:153 | [classify_query_intent] No keyword matches found in: 'Tôi cần xem các giao dịch chưa được thông qua'
2025-12-30 17:01:02 | DEBUG    | log:153 | [normalize_query] 'Giao dich chua thong qua...' -> 'Giao dich chua thong qua...'
2025-12-30 17:01:02 | DEBUG    | log:153 | [perform_hybrid_search] query_text: [Giao dich chua thong qua] - formatted_query: [Giao dich chua thong qua] - normalized_query: [Giao dich chua thong qua]
2025-12-30 17:01:02 | DEBUG    | log:153 | [perform_hybrid_search] BM25 raw scores: min=0.1342, max=5.4953
2025-12-30 17:01:02 | DEBUG    | log:153 | [classify_query_intent] No keyword matches found in: 'Giao dich chua thong qua'
2025-12-30 17:01:02 | DEBUG    | log:153 | [normalize_query] 'Transaction not approved...' -> 'Transaction not approved...'
2025-12-30 17:01:02 | DEBUG    | log:153 | [perform_hybrid_search] query_text: [Transaction not approved] - formatted_query: [Transaction not approved] - normalized_query: [Transaction not approved]
2025-12-30 17:01:02 | DEBUG    | log:153 | [perform_hybrid_search] BM25 raw scores: min=0.0000, max=0.0000
2025-12-30 17:01:02 | DEBUG    | log:153 | [classify_query_intent] No keyword matches found in: 'Transaction not approved'
2025-12-30 17:01:02 | DEBUG    | log:153 | [normalize_query] 'GD chua pass duyet...' -> 'Gd chua pass duyet...'
2025-12-30 17:01:02 | DEBUG    | log:153 | [perform_hybrid_search] query_text: [GD chua pass duyet] - formatted_query: [Gd chua pass duyet] - normalized_query: [Gd chua pass duyet]
2025-12-30 17:01:02 | DEBUG    | log:153 | [perform_hybrid_search] BM25 raw scores: min=0.0000, max=4.4124
2025-12-30 17:01:02 | DEBUG    | log:153 | [classify_query_intent] No keyword matches found in: 'Gd chua pass duyet'
2025-12-30 17:01:02 | DEBUG    | log:153 | [normalize_query] 'Chua approve giao dich...' -> 'Chua approve giao dich...'
2025-12-30 17:01:02 | DEBUG    | log:153 | [perform_hybrid_search] query_text: [Chua approve giao dich] - formatted_query: [Chua approve giao dich] - normalized_query: [Chua approve giao dich]
2025-12-30 17:01:02 | DEBUG    | log:153 | [perform_hybrid_search] BM25 raw scores: min=0.1007, max=2.7221
2025-12-30 17:01:02 | DEBUG    | log:153 | [classify_query_intent] No keyword matches found in: 'Chua approve giao dich'
2025-12-30 17:01:02 | DEBUG    | log:153 | [normalize_query] 'Các giao dịch nào vẫn đang chờ phản hồi ...' -> 'Các giao dịch nào vẫn đang chờ phản hồi ...'
2025-12-30 17:01:02 | DEBUG    | log:153 | [perform_hybrid_search] query_text: [Các giao dịch nào vẫn đang chờ phản hồi phê duyệt?] - formatted_query: [Các giao dịch nào vẫn đang chờ phản hồi phê duyệt] - normalized_query: [Các giao dịch nào vẫn đang chờ phản hồi phê duyệt]
2025-12-30 17:01:02 | DEBUG    | log:153 | [perform_hybrid_search] BM25 raw scores: min=0.1678, max=42.9852
2025-12-30 17:01:02 | DEBUG    | log:153 | [get_keyword_boost] Query: 'Các giao dịch nào vẫn đang chờ...' | Doc: Tra cứu giao dịch th | Boost: 0.50 | Matched: ['chờ', 'phê duyệt']
2025-12-30 17:01:02 | DEBUG    | log:153 | [classify_query_intent] Classified: 'Các giao dịch nào vẫn đang chờ...' -> Tra cứu giao dịch theo trạng t (score=2)
2025-12-30 17:01:02 | DEBUG    | log:153 | [normalize_query] 'Dang cho approval response...' -> 'Dang cho approval response...'
2025-12-30 17:01:02 | DEBUG    | log:153 | [perform_hybrid_search] query_text: [Dang cho approval response] - formatted_query: [Dang cho approval response] - normalized_query: [Dang cho approval response]
2025-12-30 17:01:02 | DEBUG    | log:153 | [perform_hybrid_search] BM25 raw scores: min=0.0160, max=1.4880
2025-12-30 17:01:02 | DEBUG    | log:153 | [classify_query_intent] No keyword matches found in: 'Dang cho approval response'
2025-12-30 17:01:02 | DEBUG    | log:153 | [normalize_query] 'Giao dich cho duyet...' -> 'Giao dich cho duyet...'
2025-12-30 17:01:02 | DEBUG    | log:153 | [perform_hybrid_search] query_text: [Giao dich cho duyet] - formatted_query: [Giao dich cho duyet] - normalized_query: [Giao dich cho duyet]
2025-12-30 17:01:02 | DEBUG    | log:153 | [perform_hybrid_search] BM25 raw scores: min=0.1007, max=3.1521
2025-12-30 17:01:02 | DEBUG    | log:153 | [classify_query_intent] No keyword matches found in: 'Giao dich cho duyet'
2025-12-30 17:01:02 | DEBUG    | log:153 | [normalize_query] 'Pending approval response...' -> 'Pending approval response...'
2025-12-30 17:01:02 | DEBUG    | log:153 | [perform_hybrid_search] query_text: [Pending approval response] - formatted_query: [Pending approval response] - normalized_query: [Pending approval response]
2025-12-30 17:01:02 | DEBUG    | log:153 | [perform_hybrid_search] BM25 raw scores: min=0.0000, max=2.9367
2025-12-30 17:01:02 | DEBUG    | log:153 | [classify_query_intent] No keyword matches found in: 'Pending approval response'
2025-12-30 17:01:02 | DEBUG    | log:153 | [normalize_query] 'GD chua co phan hoi...' -> 'Gd chua co phan hoi...'
2025-12-30 17:01:02 | DEBUG    | log:153 | [perform_hybrid_search] query_text: [GD chua co phan hoi] - formatted_query: [Gd chua co phan hoi] - normalized_query: [Gd chua co phan hoi]
2025-12-30 17:01:02 | DEBUG    | log:153 | [perform_hybrid_search] BM25 raw scores: min=0.0000, max=6.5121
2025-12-30 17:01:02 | DEBUG    | log:153 | [classify_query_intent] No keyword matches found in: 'Gd chua co phan hoi'
2025-12-30 17:01:02 | DEBUG    | log:153 | [normalize_query] 'Liệt kê giao dịch theo trạng thái phê du...' -> 'Liệt kê giao dịch theo trạng thái phê du...'
2025-12-30 17:01:02 | DEBUG    | log:153 | [perform_hybrid_search] query_text: [Liệt kê giao dịch theo trạng thái phê duyệt hiện tại.] - formatted_query: [Liệt kê giao dịch theo trạng thái phê duyệt hiện tại] - normalized_query: [Liệt kê giao dịch theo trạng thái phê duyệt hiện tại]
2025-12-30 17:01:02 | DEBUG    | log:153 | [perform_hybrid_search] BM25 raw scores: min=0.1342, max=45.1362
2025-12-30 17:01:02 | DEBUG    | log:153 | [get_keyword_boost] Query: 'Liệt kê giao dịch theo trạng t...' | Doc: Tra cứu giao dịch th | Boost: 0.50 | Matched: ['trạng thái', 'phê duyệt']
2025-12-30 17:01:02 | DEBUG    | log:153 | [classify_query_intent] Classified: 'Liệt kê giao dịch theo trạng t...' -> Tra cứu giao dịch theo trạng t (score=2)
2025-12-30 17:01:02 | DEBUG    | log:153 | [normalize_query] 'List giao dich theo status...' -> 'List giao dich theo status...'
2025-12-30 17:01:02 | DEBUG    | log:153 | [perform_hybrid_search] query_text: [List giao dich theo status] - formatted_query: [List giao dich theo status] - normalized_query: [List giao dich theo status]
2025-12-30 17:01:02 | DEBUG    | log:153 | [perform_hybrid_search] BM25 raw scores: min=0.1342, max=2.6736
2025-12-30 17:01:02 | DEBUG    | log:153 | [classify_query_intent] No keyword matches found in: 'List giao dich theo status'
2025-12-30 17:01:02 | DEBUG    | log:153 | [normalize_query] 'Transaction by approval status...' -> 'Transaction by approval status...'
2025-12-30 17:01:02 | DEBUG    | log:153 | [perform_hybrid_search] query_text: [Transaction by approval status] - formatted_query: [Transaction by approval status] - normalized_query: [Transaction by approval status]
2025-12-30 17:01:02 | DEBUG    | log:153 | [perform_hybrid_search] BM25 raw scores: min=0.0000, max=0.0000
2025-12-30 17:01:02 | DEBUG    | log:153 | [classify_query_intent] No keyword matches found in: 'Transaction by approval status'
2025-12-30 17:01:02 | DEBUG    | log:153 | [normalize_query] 'Loc giao dich theo trang thai...' -> 'Loc giao dich theo trang thai...'
2025-12-30 17:01:02 | DEBUG    | log:153 | [perform_hybrid_search] query_text: [Loc giao dich theo trang thai] - formatted_query: [Loc giao dich theo trang thai] - normalized_query: [Loc giao dich theo trang thai]
2025-12-30 17:01:02 | DEBUG    | log:153 | [perform_hybrid_search] BM25 raw scores: min=0.1678, max=11.5839
2025-12-30 17:01:02 | DEBUG    | log:153 | [classify_query_intent] No keyword matches found in: 'Loc giao dich theo trang thai'
2025-12-30 17:01:02 | DEBUG    | log:153 | [normalize_query] 'Filter gd theo duyet...' -> 'Filter gd theo duyet...'
2025-12-30 17:01:02 | DEBUG    | log:153 | [perform_hybrid_search] query_text: [Filter gd theo duyet] - formatted_query: [Filter gd theo duyet] - normalized_query: [Filter gd theo duyet]
2025-12-30 17:01:02 | DEBUG    | log:153 | [perform_hybrid_search] BM25 raw scores: min=0.0160, max=2.9637
2025-12-30 17:01:02 | DEBUG    | log:153 | [classify_query_intent] No keyword matches found in: 'Filter gd theo duyet'
2025-12-30 17:01:02 | DEBUG    | log:153 | [normalize_query] 'Có giao dịch nào được tạo nhưng chưa xử ...' -> 'Có giao dịch nào được tạo nhưng chưa xử ...'
2025-12-30 17:01:02 | DEBUG    | log:153 | [perform_hybrid_search] query_text: [Có giao dịch nào được tạo nhưng chưa xử lý xong không?] - formatted_query: [Có giao dịch nào được tạo nhưng chưa xử lý xong không] - normalized_query: [Có giao dịch nào được tạo nhưng chưa xử lý xong không]
2025-12-30 17:01:02 | DEBUG    | log:153 | [perform_hybrid_search] BM25 raw scores: min=0.1007, max=28.7517
2025-12-30 17:01:02 | DEBUG    | log:153 | [get_keyword_boost] Query: 'Có giao dịch nào được tạo nhưn...' | Doc: Tra cứu giao dịch th | Boost: 0.25 | Matched: ['xử lý']
2025-12-30 17:01:02 | DEBUG    | log:153 | [classify_query_intent] Classified: 'Có giao dịch nào được tạo nhưn...' -> Tra cứu giao dịch theo trạng t (score=1)
2025-12-30 17:01:02 | DEBUG    | log:153 | [normalize_query] 'GD tao roi chua xu ly...' -> 'Gd tao roi chua xu ly...'
2025-12-30 17:01:02 | DEBUG    | log:153 | [perform_hybrid_search] query_text: [GD tao roi chua xu ly] - formatted_query: [Gd tao roi chua xu ly] - normalized_query: [Gd tao roi chua xu ly]
2025-12-30 17:01:02 | DEBUG    | log:153 | [perform_hybrid_search] BM25 raw scores: min=0.0000, max=6.7211
2025-12-30 17:01:02 | DEBUG    | log:153 | [classify_query_intent] No keyword matches found in: 'Gd tao roi chua xu ly'
2025-12-30 17:01:02 | DEBUG    | log:153 | [normalize_query] 'Created transaction pending...' -> 'Created transaction pending...'
2025-12-30 17:01:02 | DEBUG    | log:153 | [perform_hybrid_search] query_text: [Created transaction pending] - formatted_query: [Created transaction pending] - normalized_query: [Created transaction pending]
2025-12-30 17:01:02 | DEBUG    | log:153 | [perform_hybrid_search] BM25 raw scores: min=0.0000, max=1.4683
2025-12-30 17:01:02 | DEBUG    | log:153 | [classify_query_intent] No keyword matches found in: 'Created transaction pending'
2025-12-30 17:01:02 | DEBUG    | log:153 | [normalize_query] 'Giao dich tao chua xong...' -> 'Giao dich tao chua xong...'
2025-12-30 17:01:02 | DEBUG    | log:153 | [perform_hybrid_search] query_text: [Giao dich tao chua xong] - formatted_query: [Giao dich tao chua xong] - normalized_query: [Giao dich tao chua xong]
2025-12-30 17:01:02 | DEBUG    | log:153 | [perform_hybrid_search] BM25 raw scores: min=0.1007, max=2.7221
2025-12-30 17:01:02 | DEBUG    | log:153 | [classify_query_intent] No keyword matches found in: 'Giao dich tao chua xong'
2025-12-30 17:01:02 | DEBUG    | log:153 | [normalize_query] 'Chua xu ly giao dich da tao...' -> 'Chua xu ly giao dich da tao...'
2025-12-30 17:01:02 | DEBUG    | log:153 | [perform_hybrid_search] query_text: [Chua xu ly giao dich da tao] - formatted_query: [Chua xu ly giao dich da tao] - normalized_query: [Chua xu ly giao dich da tao]
2025-12-30 17:01:02 | DEBUG    | log:153 | [perform_hybrid_search] BM25 raw scores: min=0.1007, max=6.9292
2025-12-30 17:01:02 | DEBUG    | log:153 | [classify_query_intent] No keyword matches found in: 'Chua xu ly giao dich da tao'
2025-12-30 17:01:02 | DEBUG    | log:153 | [normalize_query] 'Xem các giao dịch đang đợi duyệt trong h...' -> 'Xem các giao dịch đang đợi duyệt trong h...'
2025-12-30 17:01:02 | DEBUG    | log:153 | [perform_hybrid_search] query_text: [Xem các giao dịch đang đợi duyệt trong hệ thống.] - formatted_query: [Xem các giao dịch đang đợi duyệt trong hệ thống] - normalized_query: [Xem các giao dịch đang đợi duyệt trong hệ thống]
2025-12-30 17:01:02 | DEBUG    | log:153 | [perform_hybrid_search] BM25 raw scores: min=0.1342, max=26.0803
2025-12-30 17:01:02 | DEBUG    | log:153 | [classify_query_intent] No keyword matches found in: 'Xem các giao dịch đang đợi duyệt trong hệ thống'
2025-12-30 17:01:02 | DEBUG    | log:153 | [normalize_query] 'GD dang doi duyet...' -> 'Gd dang doi duyet...'
2025-12-30 17:01:02 | DEBUG    | log:153 | [perform_hybrid_search] query_text: [GD dang doi duyet] - formatted_query: [Gd dang doi duyet] - normalized_query: [Gd dang doi duyet]
2025-12-30 17:01:02 | DEBUG    | log:153 | [perform_hybrid_search] BM25 raw scores: min=0.0160, max=2.9637
2025-12-30 17:01:02 | DEBUG    | log:153 | [classify_query_intent] No keyword matches found in: 'Gd dang doi duyet'
2025-12-30 17:01:02 | DEBUG    | log:153 | [normalize_query] 'System pending transaction...' -> 'System pending transaction...'
2025-12-30 17:01:02 | DEBUG    | log:153 | [perform_hybrid_search] query_text: [System pending transaction] - formatted_query: [System pending transaction] - normalized_query: [System pending transaction]
2025-12-30 17:01:02 | DEBUG    | log:153 | [perform_hybrid_search] BM25 raw scores: min=0.0000, max=1.4683
2025-12-30 17:01:02 | DEBUG    | log:153 | [classify_query_intent] No keyword matches found in: 'System pending transaction'
2025-12-30 17:01:02 | DEBUG    | log:153 | [normalize_query] 'Giao dich cho approve...' -> 'Giao dich cho approve...'
2025-12-30 17:01:02 | DEBUG    | log:153 | [perform_hybrid_search] query_text: [Giao dich cho approve] - formatted_query: [Giao dich cho approve] - normalized_query: [Giao dich cho approve]
2025-12-30 17:01:02 | DEBUG    | log:153 | [perform_hybrid_search] BM25 raw scores: min=0.1007, max=0.2081
2025-12-30 17:01:02 | DEBUG    | log:153 | [classify_query_intent] No keyword matches found in: 'Giao dich cho approve'
2025-12-30 17:01:02 | DEBUG    | log:153 | [normalize_query] 'Pending trong he thong...' -> 'Pending trong he thong...'
2025-12-30 17:01:02 | DEBUG    | log:153 | [perform_hybrid_search] query_text: [Pending trong he thong] - formatted_query: [Pending trong he thong] - normalized_query: [Pending trong he thong]
2025-12-30 17:01:02 | DEBUG    | log:153 | [perform_hybrid_search] BM25 raw scores: min=0.0160, max=2.9682
2025-12-30 17:01:02 | DEBUG    | log:153 | [classify_query_intent] No keyword matches found in: 'Pending trong he thong'
2025-12-30 17:01:02 | DEBUG    | log:153 | [normalize_query] 'Cho biết các lệnh chuyển tiền đang ở trạ...' -> 'Cho biết các lệnh chuyển tiền đang ở trạ...'
2025-12-30 17:01:02 | DEBUG    | log:153 | [perform_hybrid_search] query_text: [Cho biết các lệnh chuyển tiền đang ở trạng thái chờ.] - formatted_query: [Cho biết các lệnh chuyển tiền đang ở trạng thái chờ] - normalized_query: [Cho biết các lệnh chuyển tiền đang ở trạng thái chờ]
2025-12-30 17:01:02 | DEBUG    | log:153 | [perform_hybrid_search] BM25 raw scores: min=0.1342, max=22.5668
2025-12-30 17:01:02 | DEBUG    | log:153 | [get_keyword_boost] Query: 'Cho biết các lệnh chuyển tiền ...' | Doc: Tra cứu giao dịch th | Boost: 0.50 | Matched: ['trạng thái', 'chờ']
2025-12-30 17:01:02 | DEBUG    | log:153 | [get_keyword_boost] Query: 'Cho biết các lệnh chuyển tiền ...' | Doc: Tra cứu giao dịch th | Boost: 0.25 | Matched: ['chuyển tiền']
2025-12-30 17:01:02 | DEBUG    | log:153 | [get_keyword_boost] Query: 'Cho biết các lệnh chuyển tiền ...' | Doc: Tra cứu giao dịch ch | Boost: 0.25 | Matched: ['chuyển tiền']
2025-12-30 17:01:02 | DEBUG    | log:153 | [classify_query_intent] Classified: 'Cho biết các lệnh chuyển tiền ...' -> Tra cứu giao dịch theo trạng t (score=2)
2025-12-30 17:01:02 | DEBUG    | log:153 | [normalize_query] 'Lenh chuyen tien dang cho...' -> 'Lenh chuyen tien dang cho...'
2025-12-30 17:01:02 | DEBUG    | log:153 | [perform_hybrid_search] query_text: [Lenh chuyen tien dang cho] - formatted_query: [Lenh chuyen tien dang cho] - normalized_query: [Lenh chuyen tien dang cho]
2025-12-30 17:01:02 | DEBUG    | log:153 | [perform_hybrid_search] BM25 raw scores: min=0.0892, max=0.2635
2025-12-30 17:01:02 | DEBUG    | log:153 | [classify_query_intent] No keyword matches found in: 'Lenh chuyen tien dang cho'
2025-12-30 17:01:02 | DEBUG    | log:153 | [normalize_query] 'Transfer pending status...' -> 'Transfer pending status...'
2025-12-30 17:01:02 | DEBUG    | log:153 | [perform_hybrid_search] query_text: [Transfer pending status] - formatted_query: [Transfer pending status] - normalized_query: [Transfer pending status]
2025-12-30 17:01:02 | DEBUG    | log:153 | [perform_hybrid_search] BM25 raw scores: min=0.0000, max=1.4683
2025-12-30 17:01:02 | DEBUG    | log:153 | [classify_query_intent] No keyword matches found in: 'Transfer pending status'
2025-12-30 17:01:02 | DEBUG    | log:153 | [normalize_query] 'GD chuyen tien chua xu ly...' -> 'Gd chuyen tien chua xu ly...'
2025-12-30 17:01:02 | DEBUG    | log:153 | [perform_hybrid_search] query_text: [GD chuyen tien chua xu ly] - formatted_query: [Gd chuyen tien chua xu ly] - normalized_query: [Gd chuyen tien chua xu ly]
2025-12-30 17:01:02 | DEBUG    | log:153 | [perform_hybrid_search] BM25 raw scores: min=0.0714, max=6.7999
2025-12-30 17:01:02 | DEBUG    | log:153 | [classify_query_intent] No keyword matches found in: 'Gd chuyen tien chua xu ly'
2025-12-30 17:01:02 | DEBUG    | log:153 | [normalize_query] 'Pending transfer list...' -> 'Pending transfer list...'
2025-12-30 17:01:02 | DEBUG    | log:153 | [perform_hybrid_search] query_text: [Pending transfer list] - formatted_query: [Pending transfer list] - normalized_query: [Pending transfer list]
2025-12-30 17:01:02 | DEBUG    | log:153 | [perform_hybrid_search] BM25 raw scores: min=0.0000, max=1.4683
2025-12-30 17:01:02 | DEBUG    | log:153 | [classify_query_intent] No keyword matches found in: 'Pending transfer list'
2025-12-30 17:01:02 | DEBUG    | log:153 | [normalize_query] 'Kiểm tra những giao dịch chưa được hoàn ...' -> 'Kiểm tra những giao dịch chưa được hoàn ...'
2025-12-30 17:01:02 | DEBUG    | log:153 | [perform_hybrid_search] query_text: [Kiểm tra những giao dịch chưa được hoàn tất phê duyệt.] - formatted_query: [Kiểm tra những giao dịch chưa được hoàn tất phê duyệt] - normalized_query: [Kiểm tra những giao dịch chưa được hoàn tất phê duyệt]
2025-12-30 17:01:02 | DEBUG    | log:153 | [perform_hybrid_search] BM25 raw scores: min=0.1678, max=26.1683
2025-12-30 17:01:02 | DEBUG    | log:153 | [get_keyword_boost] Query: 'Kiểm tra những giao dịch chưa ...' | Doc: Tra cứu giao dịch th | Boost: 0.50 | Matched: ['phê duyệt', 'hoàn tất']
2025-12-30 17:01:02 | DEBUG    | log:153 | [classify_query_intent] Classified: 'Kiểm tra những giao dịch chưa ...' -> Tra cứu giao dịch theo trạng t (score=2)
2025-12-30 17:01:02 | DEBUG    | log:153 | [normalize_query] 'Chua hoan tat duyet...' -> 'Chua hoan tat duyet...'
2025-12-30 17:01:02 | DEBUG    | log:153 | [perform_hybrid_search] query_text: [Chua hoan tat duyet] - formatted_query: [Chua hoan tat duyet] - normalized_query: [Chua hoan tat duyet]
2025-12-30 17:01:02 | DEBUG    | log:153 | [perform_hybrid_search] BM25 raw scores: min=0.0160, max=8.2731
2025-12-30 17:01:02 | DEBUG    | log:153 | [classify_query_intent] No keyword matches found in: 'Chua hoan tat duyet'
2025-12-30 17:01:02 | DEBUG    | log:153 | [normalize_query] 'Approval not completed...' -> 'Approval not completed...'
2025-12-30 17:01:02 | DEBUG    | log:153 | [perform_hybrid_search] query_text: [Approval not completed] - formatted_query: [Approval not completed] - normalized_query: [Approval not completed]
2025-12-30 17:01:03 | DEBUG    | log:153 | [perform_hybrid_search] BM25 raw scores: min=0.0000, max=2.3529
2025-12-30 17:01:03 | DEBUG    | log:153 | [get_keyword_boost] Query: 'Approval not completed...' | Doc: Tra cứu giao dịch th | Boost: 0.25 | Matched: ['completed']
2025-12-30 17:01:03 | DEBUG    | log:153 | [classify_query_intent] Classified: 'Approval not completed...' -> Tra cứu giao dịch theo trạng t (score=1)
2025-12-30 17:01:03 | DEBUG    | log:153 | [normalize_query] 'GD chua duyet xong...' -> 'Gd chua duyet xong...'
2025-12-30 17:01:03 | DEBUG    | log:153 | [perform_hybrid_search] query_text: [GD chua duyet xong] - formatted_query: [Gd chua duyet xong] - normalized_query: [Gd chua duyet xong]
2025-12-30 17:01:03 | DEBUG    | log:153 | [perform_hybrid_search] BM25 raw scores: min=0.0000, max=4.4124
2025-12-30 17:01:03 | DEBUG    | log:153 | [classify_query_intent] No keyword matches found in: 'Gd chua duyet xong'
2025-12-30 17:01:03 | DEBUG    | log:153 | [normalize_query] 'Dang duyet giao dich...' -> 'Dang duyet giao dich...'
2025-12-30 17:01:03 | DEBUG    | log:153 | [perform_hybrid_search] query_text: [Dang duyet giao dich] - formatted_query: [Dang duyet giao dich] - normalized_query: [Dang duyet giao dich]
2025-12-30 17:01:03 | DEBUG    | log:153 | [perform_hybrid_search] BM25 raw scores: min=0.1342, max=3.1718
2025-12-30 17:01:03 | DEBUG    | log:153 | [classify_query_intent] No keyword matches found in: 'Dang duyet giao dich'
2025-12-30 17:01:03 | DEBUG    | log:153 | [normalize_query] 'Danh sách giao dịch có trạng thái xử lý ...' -> 'Danh sách giao dịch có trạng thái xử lý ...'
2025-12-30 17:01:03 | DEBUG    | log:153 | [perform_hybrid_search] query_text: [Danh sách giao dịch có trạng thái xử lý chưa xong.] - formatted_query: [Danh sách giao dịch có trạng thái xử lý chưa xong] - normalized_query: [Danh sách giao dịch có trạng thái xử lý chưa xong]
2025-12-30 17:01:03 | DEBUG    | log:153 | [perform_hybrid_search] BM25 raw scores: min=0.1007, max=58.5198
2025-12-30 17:01:03 | DEBUG    | log:153 | [get_keyword_boost] Query: 'Danh sách giao dịch có trạng t...' | Doc: Tra cứu giao dịch th | Boost: 0.50 | Matched: ['xử lý', 'trạng thái']
2025-12-30 17:01:03 | DEBUG    | log:153 | [classify_query_intent] Classified: 'Danh sách giao dịch có trạng t...' -> Tra cứu giao dịch theo trạng t (score=2)
2025-12-30 17:01:03 | DEBUG    | log:153 | [normalize_query] 'Giao dich xu ly chua xong...' -> 'Giao dich xu ly chua xong...'
2025-12-30 17:01:03 | DEBUG    | log:153 | [perform_hybrid_search] query_text: [Giao dich xu ly chua xong] - formatted_query: [Giao dich xu ly chua xong] - normalized_query: [Giao dich xu ly chua xong]
2025-12-30 17:01:03 | DEBUG    | log:153 | [perform_hybrid_search] BM25 raw scores: min=0.1007, max=6.9292
2025-12-30 17:01:03 | DEBUG    | log:153 | [classify_query_intent] No keyword matches found in: 'Giao dich xu ly chua xong'
2025-12-30 17:01:03 | DEBUG    | log:153 | [normalize_query] 'Processing transaction list...' -> 'Processing transaction list...'
2025-12-30 17:01:03 | DEBUG    | log:153 | [perform_hybrid_search] query_text: [Processing transaction list] - formatted_query: [Processing transaction list] - normalized_query: [Processing transaction list]
2025-12-30 17:01:03 | DEBUG    | log:153 | [perform_hybrid_search] BM25 raw scores: min=0.0000, max=0.0000
2025-12-30 17:01:03 | DEBUG    | log:153 | [classify_query_intent] No keyword matches found in: 'Processing transaction list'
2025-12-30 17:01:03 | DEBUG    | log:153 | [normalize_query] 'GD dang xu ly...' -> 'Gd dang xu ly...'
2025-12-30 17:01:03 | DEBUG    | log:153 | [perform_hybrid_search] query_text: [GD dang xu ly] - formatted_query: [Gd dang xu ly] - normalized_query: [Gd dang xu ly]
2025-12-30 17:01:03 | DEBUG    | log:153 | [perform_hybrid_search] BM25 raw scores: min=0.0160, max=5.2725
2025-12-30 17:01:03 | DEBUG    | log:153 | [classify_query_intent] No keyword matches found in: 'Gd dang xu ly'
2025-12-30 17:01:03 | DEBUG    | log:153 | [normalize_query] 'Chua complete giao dich...' -> 'Chua complete giao dich...'
2025-12-30 17:01:03 | DEBUG    | log:153 | [perform_hybrid_search] query_text: [Chua complete giao dich] - formatted_query: [Chua complete giao dich] - normalized_query: [Chua complete giao dich]
2025-12-30 17:01:03 | DEBUG    | log:153 | [perform_hybrid_search] BM25 raw scores: min=0.1007, max=2.7221
2025-12-30 17:01:03 | DEBUG    | log:153 | [classify_query_intent] No keyword matches found in: 'Chua complete giao dich'
2025-12-30 17:01:03 | DEBUG    | log:153 | [normalize_query] 'Tôi muốn xem toàn bộ giao dịch đang cần ...' -> 'Tôi muốn xem toàn bộ giao dịch đang cần ...'
2025-12-30 17:01:03 | DEBUG    | log:153 | [perform_hybrid_search] query_text: [Tôi muốn xem toàn bộ giao dịch đang cần được phê duyệt.] - formatted_query: [Tôi muốn xem toàn bộ giao dịch đang cần được phê duyệt] - normalized_query: [Tôi muốn xem toàn bộ giao dịch đang cần được phê duyệt]
2025-12-30 17:01:03 | DEBUG    | log:153 | [perform_hybrid_search] BM25 raw scores: min=0.1031, max=21.9682
2025-12-30 17:01:03 | DEBUG    | log:153 | [get_keyword_boost] Query: 'Tôi muốn xem toàn bộ giao dịch...' | Doc: Tra cứu giao dịch th | Boost: 0.25 | Matched: ['phê duyệt']
2025-12-30 17:01:03 | DEBUG    | log:153 | [classify_query_intent] Classified: 'Tôi muốn xem toàn bộ giao dịch...' -> Tra cứu giao dịch theo trạng t (score=1)
2025-12-30 17:01:03 | DEBUG    | log:153 | [normalize_query] 'Can phe duyet giao dich...' -> 'Can phe duyet giao dich...'
2025-12-30 17:01:03 | DEBUG    | log:153 | [perform_hybrid_search] query_text: [Can phe duyet giao dich] - formatted_query: [Can phe duyet giao dich] - normalized_query: [Can phe duyet giao dich]
2025-12-30 17:01:03 | DEBUG    | log:153 | [perform_hybrid_search] BM25 raw scores: min=0.1007, max=5.5050
2025-12-30 17:01:03 | DEBUG    | log:153 | [classify_query_intent] No keyword matches found in: 'Can phe duyet giao dich'
2025-12-30 17:01:03 | DEBUG    | log:153 | [normalize_query] 'All transaction need approval...' -> 'All transaction need approval...'
2025-12-30 17:01:03 | DEBUG    | log:153 | [perform_hybrid_search] query_text: [All transaction need approval] - formatted_query: [All transaction need approval] - normalized_query: [All transaction need approval]
2025-12-30 17:01:03 | DEBUG    | log:153 | [perform_hybrid_search] BM25 raw scores: min=0.0000, max=0.0000
2025-12-30 17:01:03 | DEBUG    | log:153 | [classify_query_intent] No keyword matches found in: 'All transaction need approval'
2025-12-30 17:01:03 | DEBUG    | log:153 | [normalize_query] 'Tat ca gd can duyet...' -> 'Tat ca gd can duyet...'
2025-12-30 17:01:03 | DEBUG    | log:153 | [perform_hybrid_search] query_text: [Tat ca gd can duyet] - formatted_query: [Tat ca gd can duyet] - normalized_query: [Tat ca gd can duyet]
2025-12-30 17:01:03 | DEBUG    | log:153 | [perform_hybrid_search] BM25 raw scores: min=0.0000, max=5.2969
2025-12-30 17:01:03 | DEBUG    | log:153 | [classify_query_intent] No keyword matches found in: 'Tat ca gd can duyet'
2025-12-30 17:01:03 | DEBUG    | log:153 | [normalize_query] 'Giao dich can approve...' -> 'Giao dich can approve...'
2025-12-30 17:01:03 | DEBUG    | log:153 | [perform_hybrid_search] query_text: [Giao dich can approve] - formatted_query: [Giao dich can approve] - normalized_query: [Giao dich can approve]
2025-12-30 17:01:03 | DEBUG    | log:153 | [perform_hybrid_search] BM25 raw scores: min=0.1007, max=1.5369
2025-12-30 17:01:03 | DEBUG    | log:153 | [classify_query_intent] No keyword matches found in: 'Giao dich can approve'
2025-12-30 17:01:03 | DEBUG    | log:153 | [normalize_query] 'Xem toàn bộ thông tin hồ sơ cá nhân của ...' -> 'Xem toàn bộ thông tin hồ sơ cá nhân của ...'
2025-12-30 17:01:03 | DEBUG    | log:153 | [perform_hybrid_search] query_text: [Xem toàn bộ thông tin hồ sơ cá nhân của tôi.] - formatted_query: [Xem toàn bộ thông tin hồ sơ cá nhân của tôi] - normalized_query: [Xem toàn bộ thông tin hồ sơ cá nhân của tôi]
2025-12-30 17:01:03 | DEBUG    | log:153 | [perform_hybrid_search] BM25 raw scores: min=0.4947, max=15.9963
2025-12-30 17:01:03 | DEBUG    | log:153 | [classify_query_intent] No keyword matches found in: 'Xem toàn bộ thông tin hồ sơ cá nhân của tôi'
2025-12-30 17:01:03 | DEBUG    | log:153 | [normalize_query] 'Xem toan bo thong tin ho so ca nhan cua ...' -> 'Xem toan bo thong tin ho so ca nhan cua ...'
2025-12-30 17:01:03 | DEBUG    | log:153 | [perform_hybrid_search] query_text: [Xem toan bo thong tin ho so ca nhan cua toi] - formatted_query: [Xem toan bo thong tin ho so ca nhan cua toi] - normalized_query: [Xem toan bo thong tin ho so ca nhan cua toi]
2025-12-30 17:01:03 | DEBUG    | log:153 | [perform_hybrid_search] BM25 raw scores: min=0.4947, max=8.6215
2025-12-30 17:01:03 | DEBUG    | log:153 | [classify_query_intent] No keyword matches found in: 'Xem toan bo thong tin ho so ca nhan cua toi'
2025-12-30 17:01:03 | DEBUG    | log:153 | [normalize_query] 'Xem thong tin ho so ca nhna cua toi...' -> 'Xem thong tin ho so ca nhna cua toi...'
2025-12-30 17:01:03 | DEBUG    | log:153 | [perform_hybrid_search] query_text: [Xem thong tin ho so ca nhna cua toi] - formatted_query: [Xem thong tin ho so ca nhna cua toi] - normalized_query: [Xem thong tin ho so ca nhna cua toi]
2025-12-30 17:01:03 | DEBUG    | log:153 | [perform_hybrid_search] BM25 raw scores: min=0.1342, max=6.7428
2025-12-30 17:01:03 | DEBUG    | log:153 | [classify_query_intent] No keyword matches found in: 'Xem thong tin ho so ca nhna cua toi'
2025-12-30 17:01:03 | DEBUG    | log:153 | [normalize_query] 'Cho xem full user profile cua toi...' -> 'Cho xem full user profile cua toi...'
2025-12-30 17:01:03 | DEBUG    | log:153 | [perform_hybrid_search] query_text: [Cho xem full user profile cua toi] - formatted_query: [Cho xem full user profile cua toi] - normalized_query: [Cho xem full user profile cua toi]
2025-12-30 17:01:03 | DEBUG    | log:153 | [perform_hybrid_search] BM25 raw scores: min=0.0000, max=5.3255
2025-12-30 17:01:03 | DEBUG    | log:153 | [classify_query_intent] No keyword matches found in: 'Cho xem full user profile cua toi'
2025-12-30 17:01:03 | DEBUG    | log:153 | [normalize_query] 'Tôi muốn kiểm tra hồ sơ người dùng hiện ...' -> 'Tôi muốn kiểm tra hồ sơ người dùng hiện ...'
2025-12-30 17:01:03 | DEBUG    | log:153 | [perform_hybrid_search] query_text: [Tôi muốn kiểm tra hồ sơ người dùng hiện tại.] - formatted_query: [Tôi muốn kiểm tra hồ sơ người dùng hiện tại] - normalized_query: [Tôi muốn kiểm tra hồ sơ người dùng hiện tại]
2025-12-30 17:01:03 | DEBUG    | log:153 | [perform_hybrid_search] BM25 raw scores: min=0.1282, max=7.9006
2025-12-30 17:01:03 | DEBUG    | log:153 | [classify_query_intent] No keyword matches found in: 'Tôi muốn kiểm tra hồ sơ người dùng hiện tại'
2025-12-30 17:01:03 | DEBUG    | log:153 | [normalize_query] 'Toi muon kiem tra ho so nguoi dung hien ...' -> 'Toi muon kiem tra ho so nguoi dung hien ...'
2025-12-30 17:01:03 | DEBUG    | log:153 | [perform_hybrid_search] query_text: [Toi muon kiem tra ho so nguoi dung hien tai] - formatted_query: [Toi muon kiem tra ho so nguoi dung hien tai] - normalized_query: [Toi muon kiem tra ho so nguoi dung hien tai]
2025-12-30 17:01:03 | DEBUG    | log:153 | [perform_hybrid_search] BM25 raw scores: min=0.1893, max=8.1072
2025-12-30 17:01:03 | DEBUG    | log:153 | [classify_query_intent] No keyword matches found in: 'Toi muon kiem tra ho so nguoi dung hien tai'
2025-12-30 17:01:03 | DEBUG    | log:153 | [normalize_query] 'Tôi muôn kiêm tra ho so nguoi dung...' -> 'Tôi muôn kiêm tra ho so nguoi dung...'
2025-12-30 17:01:03 | DEBUG    | log:153 | [perform_hybrid_search] query_text: [Tôi muôn kiêm tra ho so nguoi dung] - formatted_query: [Tôi muôn kiêm tra ho so nguoi dung] - normalized_query: [Tôi muôn kiêm tra ho so nguoi dung]
2025-12-30 17:01:03 | DEBUG    | log:153 | [perform_hybrid_search] BM25 raw scores: min=0.1244, max=7.0730
2025-12-30 17:01:03 | DEBUG    | log:153 | [classify_query_intent] No keyword matches found in: 'Tôi muôn kiêm tra ho so nguoi dung'
2025-12-30 17:01:03 | DEBUG    | log:153 | [normalize_query] 'Check current user profile giup toi...' -> 'Check current user profile giup toi...'
2025-12-30 17:01:03 | DEBUG    | log:153 | [perform_hybrid_search] query_text: [Check current user profile giup toi] - formatted_query: [Check current user profile giup toi] - normalized_query: [Check current user profile giup toi]
2025-12-30 17:01:03 | DEBUG    | log:153 | [perform_hybrid_search] BM25 raw scores: min=0.0000, max=1.1954
2025-12-30 17:01:03 | DEBUG    | log:153 | [get_keyword_boost] Query: 'Check current user profile giu...' | Doc: Tra cứu giao dịch ch | Boost: 0.25 | Matched: ['ck']
2025-12-30 17:01:03 | DEBUG    | log:153 | [classify_query_intent] Classified: 'Check current user profile giu...' -> Tra cứu giao dịch chuyển tiền (score=1)
2025-12-30 17:01:03 | DEBUG    | log:153 | [normalize_query] 'Thông tin cá nhân tôi đã đăng ký gồm nhữ...' -> 'Thông tin cá nhân tôi đã đăng ký gồm nhữ...'
2025-12-30 17:01:03 | DEBUG    | log:153 | [perform_hybrid_search] query_text: [Thông tin cá nhân tôi đã đăng ký gồm những gì?] - formatted_query: [Thông tin cá nhân tôi đã đăng ký gồm những gì] - normalized_query: [Thông tin cá nhân tôi đã đăng ký gồm những gì]
2025-12-30 17:01:03 | DEBUG    | log:153 | [perform_hybrid_search] BM25 raw scores: min=0.1066, max=5.9913
2025-12-30 17:01:03 | DEBUG    | log:153 | [classify_query_intent] No keyword matches found in: 'Thông tin cá nhân tôi đã đăng ký gồm những gì'
2025-12-30 17:01:03 | DEBUG    | log:153 | [normalize_query] 'Thong tin ca nhan toi da dang ky gom nhu...' -> 'Thong tin ca nhan toi da dang ky gom nhu...'
2025-12-30 17:01:03 | DEBUG    | log:153 | [perform_hybrid_search] query_text: [Thong tin ca nhan toi da dang ky gom nhung gi] - formatted_query: [Thong tin ca nhan toi da dang ky gom nhung gi] - normalized_query: [Thong tin ca nhan toi da dang ky gom nhung gi]
2025-12-30 17:01:03 | DEBUG    | log:153 | [perform_hybrid_search] BM25 raw scores: min=0.1066, max=3.8164
2025-12-30 17:01:03 | DEBUG    | log:153 | [classify_query_intent] No keyword matches found in: 'Thong tin ca nhan toi da dang ky gom nhung gi'
2025-12-30 17:01:03 | DEBUG    | log:153 | [normalize_query] 'Thông tin cá nhna tôi đăng ký gồm gì...' -> 'Thông tin cá nhna tôi đăng ký gồm gì...'
2025-12-30 17:01:03 | DEBUG    | log:153 | [perform_hybrid_search] query_text: [Thông tin cá nhna tôi đăng ký gồm gì] - formatted_query: [Thông tin cá nhna tôi đăng ký gồm gì] - normalized_query: [Thông tin cá nhna tôi đăng ký gồm gì]
2025-12-30 17:01:03 | DEBUG    | log:153 | [perform_hybrid_search] BM25 raw scores: min=0.0802, max=5.8055
2025-12-30 17:01:03 | DEBUG    | log:153 | [classify_query_intent] No keyword matches found in: 'Thông tin cá nhna tôi đăng ký gồm gì'
2025-12-30 17:01:03 | DEBUG    | log:153 | [normalize_query] 'Personal info toi da register la gi...' -> 'Personal info toi da register la gi...'
2025-12-30 17:01:03 | DEBUG    | log:153 | [perform_hybrid_search] query_text: [Personal info toi da register la gi] - formatted_query: [Personal info toi da register la gi] - normalized_query: [Personal info toi da register la gi]
2025-12-30 17:01:03 | DEBUG    | log:153 | [perform_hybrid_search] BM25 raw scores: min=0.0000, max=2.1750
2025-12-30 17:01:03 | DEBUG    | log:153 | [classify_query_intent] No keyword matches found in: 'Personal info toi da register la gi'
2025-12-30 17:01:03 | DEBUG    | log:153 | [normalize_query] 'Cho tôi xem họ tên và email đã đăng ký....' -> 'Cho tôi xem họ tên và email đã đăng ký...'
2025-12-30 17:01:03 | DEBUG    | log:153 | [perform_hybrid_search] query_text: [Cho tôi xem họ tên và email đã đăng ký.] - formatted_query: [Cho tôi xem họ tên và email đã đăng ký] - normalized_query: [Cho tôi xem họ tên và email đã đăng ký]
2025-12-30 17:01:03 | DEBUG    | log:153 | [perform_hybrid_search] BM25 raw scores: min=0.0000, max=9.4204
2025-12-30 17:01:03 | DEBUG    | log:153 | [classify_query_intent] No keyword matches found in: 'Cho tôi xem họ tên và email đã đăng ký'
2025-12-30 17:01:03 | DEBUG    | log:153 | [normalize_query] 'Cho toi xem ho ten va email da dang ky...' -> 'Cho toi xem ho ten va email da dang ky...'
2025-12-30 17:01:03 | DEBUG    | log:153 | [perform_hybrid_search] query_text: [Cho toi xem ho ten va email da dang ky] - formatted_query: [Cho toi xem ho ten va email da dang ky] - normalized_query: [Cho toi xem ho ten va email da dang ky]
2025-12-30 17:01:03 | DEBUG    | log:153 | [perform_hybrid_search] BM25 raw scores: min=0.0336, max=6.3020
2025-12-30 17:01:03 | DEBUG    | log:153 | [classify_query_intent] No keyword matches found in: 'Cho toi xem ho ten va email da dang ky'
2025-12-30 17:01:03 | DEBUG    | log:153 | [normalize_query] 'Cho xem ho ten v email dang ky...' -> 'Cho xem ho ten v email dang ky...'
2025-12-30 17:01:03 | DEBUG    | log:153 | [perform_hybrid_search] query_text: [Cho xem ho ten v email dang ky] - formatted_query: [Cho xem ho ten v email dang ky] - normalized_query: [Cho xem ho ten v email dang ky]
2025-12-30 17:01:03 | DEBUG    | log:153 | [perform_hybrid_search] BM25 raw scores: min=0.0336, max=6.3020
2025-12-30 17:01:03 | DEBUG    | log:153 | [classify_query_intent] No keyword matches found in: 'Cho xem ho ten v email dang ky'
2025-12-30 17:01:03 | DEBUG    | log:153 | [normalize_query] 'Show name & email da register...' -> 'Show name & email da register...'
2025-12-30 17:01:03 | DEBUG    | log:153 | [perform_hybrid_search] query_text: [Show name & email da register] - formatted_query: [Show name & email da register] - normalized_query: [Show name & email da register]
2025-12-30 17:01:03 | DEBUG    | log:153 | [perform_hybrid_search] BM25 raw scores: min=0.0000, max=0.0000
2025-12-30 17:01:03 | DEBUG    | log:153 | [classify_query_intent] No keyword matches found in: 'Show name & email da register'
2025-12-30 17:01:03 | DEBUG    | log:153 | [normalize_query] 'Số điện thoại nào đang gắn với tài khoản...' -> 'Số điện thoại nào đang gắn với tài khoản...'
2025-12-30 17:01:03 | DEBUG    | log:153 | [perform_hybrid_search] query_text: [Số điện thoại nào đang gắn với tài khoản của tôi?] - formatted_query: [Số điện thoại nào đang gắn với tài khoản của tôi] - normalized_query: [Số điện thoại nào đang gắn với tài khoản của tôi]
2025-12-30 17:01:03 | DEBUG    | log:153 | [perform_hybrid_search] BM25 raw scores: min=0.1158, max=10.7704
2025-12-30 17:01:03 | DEBUG    | log:153 | [get_keyword_boost] Query: 'Số điện thoại nào đang gắn với...' | Doc: Tra cứu lịch sử giao | Boost: 0.25 | Matched: ['tài khoản']
2025-12-30 17:01:03 | DEBUG    | log:153 | [classify_query_intent] Classified: 'Số điện thoại nào đang gắn với...' -> Tra cứu lịch sử giao dịch theo (score=1)
2025-12-30 17:01:03 | DEBUG    | log:153 | [normalize_query] 'So dien thoai nao dang gan voi tai khoan...' -> 'So dien thoai nao dang gan voi tai khoan...'
2025-12-30 17:01:03 | DEBUG    | log:153 | [perform_hybrid_search] query_text: [So dien thoai nao dang gan voi tai khoan cua toi] - formatted_query: [So dien thoai nao dang gan voi tai khoan cua toi] - normalized_query: [So dien thoai nao dang gan voi tai khoan cua toi]
2025-12-30 17:01:03 | DEBUG    | log:153 | [perform_hybrid_search] BM25 raw scores: min=0.0762, max=3.8371
2025-12-30 17:01:03 | DEBUG    | log:153 | [classify_query_intent] No keyword matches found in: 'So dien thoai nao dang gan voi tai khoan cua toi'
2025-12-30 17:01:03 | DEBUG    | log:153 | [normalize_query] 'Sô điên thoai nao dang gan tai khoan...' -> 'Sô điên thoai nao dang gan tai khoan...'
2025-12-30 17:01:03 | DEBUG    | log:153 | [perform_hybrid_search] query_text: [Sô điên thoai nao dang gan tai khoan] - formatted_query: [Sô điên thoai nao dang gan tai khoan] - normalized_query: [Sô điên thoai nao dang gan tai khoan]
2025-12-30 17:01:03 | DEBUG    | log:153 | [perform_hybrid_search] BM25 raw scores: min=0.0762, max=6.8848
2025-12-30 17:01:03 | DEBUG    | log:153 | [classify_query_intent] No keyword matches found in: 'Sô điên thoai nao dang gan tai khoan'
2025-12-30 17:01:03 | DEBUG    | log:153 | [normalize_query] 'Phone number link voi account cua toi la...' -> 'Phone number link voi account cua toi la...'
2025-12-30 17:01:03 | DEBUG    | log:153 | [perform_hybrid_search] query_text: [Phone number link voi account cua toi la gi] - formatted_query: [Phone number link voi account cua toi la gi] - normalized_query: [Phone number link voi account cua toi la gi]
2025-12-30 17:01:03 | DEBUG    | log:153 | [perform_hybrid_search] BM25 raw scores: min=0.0000, max=2.1750
2025-12-30 17:01:03 | DEBUG    | log:153 | [classify_query_intent] No keyword matches found in: 'Phone number link voi account cua toi la gi'
2025-12-30 17:01:03 | DEBUG    | log:153 | [normalize_query] 'Tài khoản đăng nhập của tôi đang ở trạng...' -> 'Tài khoản đăng nhập của tôi đang ở trạng...'
2025-12-30 17:01:03 | DEBUG    | log:153 | [perform_hybrid_search] query_text: [Tài khoản đăng nhập của tôi đang ở trạng thái nào?] - formatted_query: [Tài khoản đăng nhập của tôi đang ở trạng thái nào] - normalized_query: [Tài khoản đăng nhập của tôi đang ở trạng thái nào]
2025-12-30 17:01:03 | DEBUG    | log:153 | [perform_hybrid_search] BM25 raw scores: min=0.3214, max=15.4754
2025-12-30 17:01:03 | DEBUG    | log:153 | [get_keyword_boost] Query: 'Tài khoản đăng nhập của tôi đa...' | Doc: Tra cứu lịch sử giao | Boost: 0.25 | Matched: ['tài khoản']
2025-12-30 17:01:03 | DEBUG    | log:153 | [get_keyword_boost] Query: 'Tài khoản đăng nhập của tôi đa...' | Doc: Tra cứu giao dịch th | Boost: 0.25 | Matched: ['trạng thái']
2025-12-30 17:01:03 | DEBUG    | log:153 | [classify_query_intent] Ambiguous: 'Tài khoản đăng nhập của tôi đa...' | Scores: {'Tra cứu lịch sử giao dịch theo số tài khoản': 1, 'Tra cứu giao dịch theo trạng thái': 1}
2025-12-30 17:01:03 | DEBUG    | log:153 | [normalize_query] 'Tai khoan dang nhap cua toi dang o trang...' -> 'Tai khoan dang nhap cua toi dang o trang...'
2025-12-30 17:01:03 | DEBUG    | log:153 | [perform_hybrid_search] query_text: [Tai khoan dang nhap cua toi dang o trang thai nao] - formatted_query: [Tai khoan dang nhap cua toi dang o trang thai nao] - normalized_query: [Tai khoan dang nhap cua toi dang o trang thai nao]
2025-12-30 17:01:03 | DEBUG    | log:153 | [perform_hybrid_search] BM25 raw scores: min=0.2888, max=9.6531
2025-12-30 17:01:03 | DEBUG    | log:153 | [classify_query_intent] No keyword matches found in: 'Tai khoan dang nhap cua toi dang o trang thai nao'
2025-12-30 17:01:03 | DEBUG    | log:153 | [normalize_query] 'Tai khoan dang nhap cua toi ra sao...' -> 'Tai khoan dang nhap cua toi ra sao...'
2025-12-30 17:01:03 | DEBUG    | log:153 | [perform_hybrid_search] query_text: [Tai khoan dang nhap cua toi ra sao] - formatted_query: [Tai khoan dang nhap cua toi ra sao] - normalized_query: [Tai khoan dang nhap cua toi ra sao]
2025-12-30 17:01:03 | DEBUG    | log:153 | [perform_hybrid_search] BM25 raw scores: min=0.0183, max=1.9700
2025-12-30 17:01:03 | DEBUG    | log:153 | [classify_query_intent] No keyword matches found in: 'Tai khoan dang nhap cua toi ra sao'
2025-12-30 17:01:03 | DEBUG    | log:153 | [normalize_query] 'Login account status cua toi la gi...' -> 'Login account status cua toi la gi...'
2025-12-30 17:01:03 | DEBUG    | log:153 | [perform_hybrid_search] query_text: [Login account status cua toi la gi] - formatted_query: [Login account status cua toi la gi] - normalized_query: [Login account status cua toi la gi]
2025-12-30 17:01:03 | DEBUG    | log:153 | [perform_hybrid_search] BM25 raw scores: min=0.0000, max=2.1750
2025-12-30 17:01:03 | DEBUG    | log:153 | [classify_query_intent] No keyword matches found in: 'Login account status cua toi la gi'
2025-12-30 17:01:03 | DEBUG    | log:153 | [normalize_query] 'Kiểm tra thông tin username của tôi....' -> 'Kiểm tra thông tin username của tôi...'
2025-12-30 17:01:03 | DEBUG    | log:153 | [perform_hybrid_search] query_text: [Kiểm tra thông tin username của tôi.] - formatted_query: [Kiểm tra thông tin username của tôi] - normalized_query: [Kiểm tra thông tin username của tôi]
2025-12-30 17:01:03 | DEBUG    | log:153 | [perform_hybrid_search] BM25 raw scores: min=0.0880, max=5.9049
2025-12-30 17:01:03 | DEBUG    | log:153 | [classify_query_intent] No keyword matches found in: 'Kiểm tra thông tin username của tôi'
2025-12-30 17:01:03 | DEBUG    | log:153 | [normalize_query] 'Kiem tra thong tin username cua toi...' -> 'Kiem tra thong tin username cua toi...'
2025-12-30 17:01:03 | DEBUG    | log:153 | [perform_hybrid_search] query_text: [Kiem tra thong tin username cua toi] - formatted_query: [Kiem tra thong tin username cua toi] - normalized_query: [Kiem tra thong tin username cua toi]
2025-12-30 17:01:04 | DEBUG    | log:153 | [perform_hybrid_search] BM25 raw scores: min=0.0897, max=5.9049
2025-12-30 17:01:04 | DEBUG    | log:153 | [classify_query_intent] No keyword matches found in: 'Kiem tra thong tin username cua toi'
2025-12-30 17:01:04 | DEBUG    | log:153 | [normalize_query] 'Kiểm tra usernmae của tôi...' -> 'Kiểm tra usernmae của tôi...'
2025-12-30 17:01:04 | DEBUG    | log:153 | [perform_hybrid_search] query_text: [Kiểm tra usernmae của tôi] - formatted_query: [Kiểm tra usernmae của tôi] - normalized_query: [Kiểm tra usernmae của tôi]
2025-12-30 17:01:04 | DEBUG    | log:153 | [perform_hybrid_search] BM25 raw scores: min=0.0336, max=5.7519
2025-12-30 17:01:04 | DEBUG    | log:153 | [classify_query_intent] No keyword matches found in: 'Kiểm tra usernmae của tôi'
2025-12-30 17:01:04 | DEBUG    | log:153 | [normalize_query] 'Check username info giup toi...' -> 'Check username info giup toi...'
2025-12-30 17:01:04 | DEBUG    | log:153 | [perform_hybrid_search] query_text: [Check username info giup toi] - formatted_query: [Check username info giup toi] - normalized_query: [Check username info giup toi]
2025-12-30 17:01:04 | DEBUG    | log:153 | [perform_hybrid_search] BM25 raw scores: min=0.0000, max=1.1954
2025-12-30 17:01:04 | DEBUG    | log:153 | [get_keyword_boost] Query: 'Check username info giup toi...' | Doc: Tra cứu giao dịch ch | Boost: 0.25 | Matched: ['ck']
2025-12-30 17:01:04 | DEBUG    | log:153 | [classify_query_intent] Classified: 'Check username info giup toi...' -> Tra cứu giao dịch chuyển tiền (score=1)
2025-12-30 17:01:04 | DEBUG    | log:153 | [normalize_query] 'Cho xem các thông tin xác thực của người...' -> 'Cho xem các thông tin xác thực của người...'
2025-12-30 17:01:04 | DEBUG    | log:153 | [perform_hybrid_search] query_text: [Cho xem các thông tin xác thực của người dùng.] - formatted_query: [Cho xem các thông tin xác thực của người dùng] - normalized_query: [Cho xem các thông tin xác thực của người dùng]
2025-12-30 17:01:04 | DEBUG    | log:153 | [perform_hybrid_search] BM25 raw scores: min=1.3371, max=7.4012
2025-12-30 17:01:04 | DEBUG    | log:153 | [classify_query_intent] No keyword matches found in: 'Cho xem các thông tin xác thực của người dùng'
2025-12-30 17:01:04 | DEBUG    | log:153 | [normalize_query] 'Cho xem cac thong tin xac thuc cua nguoi...' -> 'Cho xem cac thong tin xac thuc cua nguoi...'
2025-12-30 17:01:04 | DEBUG    | log:153 | [perform_hybrid_search] query_text: [Cho xem cac thong tin xac thuc cua nguoi dung] - formatted_query: [Cho xem cac thong tin xac thuc cua nguoi dung] - normalized_query: [Cho xem cac thong tin xac thuc cua nguoi dung]
2025-12-30 17:01:04 | DEBUG    | log:153 | [perform_hybrid_search] BM25 raw scores: min=0.7860, max=5.8353
2025-12-30 17:01:04 | DEBUG    | log:153 | [classify_query_intent] No keyword matches found in: 'Cho xem cac thong tin xac thuc cua nguoi dung'
2025-12-30 17:01:04 | DEBUG    | log:153 | [normalize_query] 'Cho xem thong tin xac thuc nguoi dug...' -> 'Cho xem thong tin xac thuc nguoi dug...'
2025-12-30 17:01:04 | DEBUG    | log:153 | [perform_hybrid_search] query_text: [Cho xem thong tin xac thuc nguoi dug] - formatted_query: [Cho xem thong tin xac thuc nguoi dug] - normalized_query: [Cho xem thong tin xac thuc nguoi dug]
2025-12-30 17:01:04 | DEBUG    | log:153 | [perform_hybrid_search] BM25 raw scores: min=0.7189, max=7.0527
2025-12-30 17:01:04 | DEBUG    | log:153 | [classify_query_intent] No keyword matches found in: 'Cho xem thong tin xac thuc nguoi dug'
2025-12-30 17:01:04 | DEBUG    | log:153 | [normalize_query] 'View user authentication info...' -> 'View user authentication info...'
2025-12-30 17:01:04 | DEBUG    | log:153 | [perform_hybrid_search] query_text: [View user authentication info] - formatted_query: [View user authentication info] - normalized_query: [View user authentication info]
2025-12-30 17:01:04 | DEBUG    | log:153 | [perform_hybrid_search] BM25 raw scores: min=0.0000, max=0.0000
2025-12-30 17:01:04 | DEBUG    | log:153 | [classify_query_intent] No keyword matches found in: 'View user authentication info'
2025-12-30 17:01:04 | DEBUG    | log:153 | [normalize_query] 'Tôi đang dùng email nào để đăng nhập?...' -> 'Tôi đang dùng email nào để đăng nhập...'
2025-12-30 17:01:04 | DEBUG    | log:153 | [perform_hybrid_search] query_text: [Tôi đang dùng email nào để đăng nhập?] - formatted_query: [Tôi đang dùng email nào để đăng nhập] - normalized_query: [Tôi đang dùng email nào để đăng nhập]
2025-12-30 17:01:04 | DEBUG    | log:153 | [perform_hybrid_search] BM25 raw scores: min=0.0177, max=10.4454
2025-12-30 17:01:04 | DEBUG    | log:153 | [classify_query_intent] No keyword matches found in: 'Tôi đang dùng email nào để đăng nhập'
2025-12-30 17:01:04 | DEBUG    | log:153 | [normalize_query] 'Toi dang dung email nao de dang nhap...' -> 'Toi dang dung email nao de dang nhap...'
2025-12-30 17:01:04 | DEBUG    | log:153 | [perform_hybrid_search] query_text: [Toi dang dung email nao de dang nhap] - formatted_query: [Toi dang dung email nao de dang nhap] - normalized_query: [Toi dang dung email nao de dang nhap]
2025-12-30 17:01:04 | DEBUG    | log:153 | [perform_hybrid_search] BM25 raw scores: min=0.0353, max=2.5991
2025-12-30 17:01:04 | DEBUG    | log:153 | [classify_query_intent] No keyword matches found in: 'Toi dang dung email nao de dang nhap'
2025-12-30 17:01:04 | DEBUG    | log:153 | [normalize_query] 'Tôi dang dung emial nao dang nhap...' -> 'Tôi dang dung emial nao dang nhap...'
2025-12-30 17:01:04 | DEBUG    | log:153 | [perform_hybrid_search] query_text: [Tôi dang dung emial nao dang nhap] - formatted_query: [Tôi dang dung emial nao dang nhap] - normalized_query: [Tôi dang dung emial nao dang nhap]
2025-12-30 17:01:04 | DEBUG    | log:153 | [perform_hybrid_search] BM25 raw scores: min=0.0353, max=2.5991
2025-12-30 17:01:04 | DEBUG    | log:153 | [classify_query_intent] No keyword matches found in: 'Tôi dang dung emial nao dang nhap'
2025-12-30 17:01:04 | DEBUG    | log:153 | [normalize_query] 'Email login cua toi la gi...' -> 'Email login cua toi la gi...'
2025-12-30 17:01:04 | DEBUG    | log:153 | [perform_hybrid_search] query_text: [Email login cua toi la gi] - formatted_query: [Email login cua toi la gi] - normalized_query: [Email login cua toi la gi]
2025-12-30 17:01:04 | DEBUG    | log:153 | [perform_hybrid_search] BM25 raw scores: min=0.0000, max=2.1750
2025-12-30 17:01:04 | DEBUG    | log:153 | [classify_query_intent] No keyword matches found in: 'Email login cua toi la gi'
2025-12-30 17:01:04 | DEBUG    | log:153 | [normalize_query] 'Xem chi tiết tài khoản người dùng của tô...' -> 'Xem chi tiết tài khoản người dùng của tô...'
2025-12-30 17:01:04 | DEBUG    | log:153 | [perform_hybrid_search] query_text: [Xem chi tiết tài khoản người dùng của tôi.] - formatted_query: [Xem chi tiết tài khoản người dùng của tôi] - normalized_query: [Xem chi tiết tài khoản người dùng của tôi]
2025-12-30 17:01:04 | DEBUG    | log:153 | [perform_hybrid_search] BM25 raw scores: min=0.6356, max=13.1270
2025-12-30 17:01:04 | DEBUG    | log:153 | [get_keyword_boost] Query: 'Xem chi tiết tài khoản người d...' | Doc: Tra cứu lịch sử giao | Boost: 0.25 | Matched: ['tài khoản']
2025-12-30 17:01:04 | DEBUG    | log:153 | [classify_query_intent] Classified: 'Xem chi tiết tài khoản người d...' -> Tra cứu lịch sử giao dịch theo (score=1)
2025-12-30 17:01:04 | DEBUG    | log:153 | [normalize_query] 'Xem chi tiet tai khoan nguoi dung cua to...' -> 'Xem chi tiet tai khoan nguoi dung cua to...'
2025-12-30 17:01:04 | DEBUG    | log:153 | [perform_hybrid_search] query_text: [Xem chi tiet tai khoan nguoi dung cua toi] - formatted_query: [Xem chi tiet tai khoan nguoi dung cua toi] - normalized_query: [Xem chi tiet tai khoan nguoi dung cua toi]
2025-12-30 17:01:04 | DEBUG    | log:153 | [perform_hybrid_search] BM25 raw scores: min=0.4226, max=13.1270
2025-12-30 17:01:04 | DEBUG    | log:153 | [classify_query_intent] No keyword matches found in: 'Xem chi tiet tai khoan nguoi dung cua toi'
2025-12-30 17:01:04 | DEBUG    | log:153 | [normalize_query] 'Xem chi tiêt tai khoan nguoi dung...' -> 'Xem chi tiêt tai khoan nguoi dung...'
2025-12-30 17:01:04 | DEBUG    | log:153 | [perform_hybrid_search] query_text: [Xem chi tiêt tai khoan nguoi dung] - formatted_query: [Xem chi tiêt tai khoan nguoi dung] - normalized_query: [Xem chi tiêt tai khoan nguoi dung]
2025-12-30 17:01:04 | DEBUG    | log:153 | [perform_hybrid_search] BM25 raw scores: min=0.4226, max=13.1270
2025-12-30 17:01:04 | DEBUG    | log:153 | [classify_query_intent] No keyword matches found in: 'Xem chi tiêt tai khoan nguoi dung'
2025-12-30 17:01:04 | DEBUG    | log:153 | [normalize_query] 'View user account detail...' -> 'View user account detail...'
2025-12-30 17:01:04 | DEBUG    | log:153 | [perform_hybrid_search] query_text: [View user account detail] - formatted_query: [View user account detail] - normalized_query: [View user account detail]
2025-12-30 17:01:04 | DEBUG    | log:153 | [perform_hybrid_search] BM25 raw scores: min=0.0000, max=0.0000
2025-12-30 17:01:04 | DEBUG    | log:153 | [classify_query_intent] No keyword matches found in: 'View user account detail'
2025-12-30 17:01:04 | DEBUG    | log:153 | [normalize_query] 'Thông tin hồ sơ của tôi hiện có những gì...' -> 'Thông tin hồ sơ của tôi hiện có những gì...'
2025-12-30 17:01:04 | DEBUG    | log:153 | [perform_hybrid_search] query_text: [Thông tin hồ sơ của tôi hiện có những gì?] - formatted_query: [Thông tin hồ sơ của tôi hiện có những gì] - normalized_query: [Thông tin hồ sơ của tôi hiện có những gì]
2025-12-30 17:01:04 | DEBUG    | log:153 | [perform_hybrid_search] BM25 raw scores: min=0.0868, max=8.2693
2025-12-30 17:01:04 | DEBUG    | log:153 | [classify_query_intent] No keyword matches found in: 'Thông tin hồ sơ của tôi hiện có những gì'
2025-12-30 17:01:04 | DEBUG    | log:153 | [normalize_query] 'Thong tin ho so cua toi hien co nhung gi...' -> 'Thong tin ho so cua toi hien co nhung gi...'
2025-12-30 17:01:04 | DEBUG    | log:153 | [perform_hybrid_search] query_text: [Thong tin ho so cua toi hien co nhung gi] - formatted_query: [Thong tin ho so cua toi hien co nhung gi] - normalized_query: [Thong tin ho so cua toi hien co nhung gi]
2025-12-30 17:01:04 | DEBUG    | log:153 | [perform_hybrid_search] BM25 raw scores: min=0.0868, max=4.6175
2025-12-30 17:01:04 | DEBUG    | log:153 | [classify_query_intent] No keyword matches found in: 'Thong tin ho so cua toi hien co nhung gi'
2025-12-30 17:01:04 | DEBUG    | log:153 | [normalize_query] 'Thông tin hô sơ cua toi hien co gi...' -> 'Thông tin hô sơ cua toi hien co gi...'
2025-12-30 17:01:04 | DEBUG    | log:153 | [perform_hybrid_search] query_text: [Thông tin hô sơ cua toi hien co gi] - formatted_query: [Thông tin hô sơ cua toi hien co gi] - normalized_query: [Thông tin hô sơ cua toi hien co gi]
2025-12-30 17:01:04 | DEBUG    | log:153 | [perform_hybrid_search] BM25 raw scores: min=0.0868, max=4.6175
2025-12-30 17:01:04 | DEBUG    | log:153 | [classify_query_intent] No keyword matches found in: 'Thông tin hô sơ cua toi hien co gi'
2025-12-30 17:01:04 | DEBUG    | log:153 | [normalize_query] 'My profile info gom nhung gi...' -> 'My profile info gom nhung gi...'
2025-12-30 17:01:04 | DEBUG    | log:153 | [perform_hybrid_search] query_text: [My profile info gom nhung gi] - formatted_query: [My profile info gom nhung gi] - normalized_query: [My profile info gom nhung gi]
2025-12-30 17:01:04 | DEBUG    | log:153 | [perform_hybrid_search] BM25 raw scores: min=0.0160, max=2.1928
2025-12-30 17:01:04 | DEBUG    | log:153 | [classify_query_intent] No keyword matches found in: 'My profile info gom nhung gi'
2025-12-30 17:01:04 | DEBUG    | log:153 | [normalize_query] 'Kiểm tra dữ liệu cá nhân đã lưu trong hệ...' -> 'Kiểm tra dữ liệu cá nhân đã lưu trong hệ...'
2025-12-30 17:01:04 | DEBUG    | log:153 | [perform_hybrid_search] query_text: [Kiểm tra dữ liệu cá nhân đã lưu trong hệ thống.] - formatted_query: [Kiểm tra dữ liệu cá nhân đã lưu trong hệ thống] - normalized_query: [Kiểm tra dữ liệu cá nhân đã lưu trong hệ thống]
2025-12-30 17:01:04 | DEBUG    | log:153 | [perform_hybrid_search] BM25 raw scores: min=0.1502, max=7.2554
2025-12-30 17:01:04 | DEBUG    | log:153 | [classify_query_intent] No keyword matches found in: 'Kiểm tra dữ liệu cá nhân đã lưu trong hệ thống'
2025-12-30 17:01:04 | DEBUG    | log:153 | [normalize_query] 'Kiem tra du lieu ca nhan da luu trong he...' -> 'Kiem tra du lieu ca nhan da luu trong he...'
2025-12-30 17:01:04 | DEBUG    | log:153 | [perform_hybrid_search] query_text: [Kiem tra du lieu ca nhan da luu trong he thong] - formatted_query: [Kiem tra du lieu ca nhan da luu trong he thong] - normalized_query: [Kiem tra du lieu ca nhan da luu trong he thong]
2025-12-30 17:01:04 | DEBUG    | log:153 | [perform_hybrid_search] BM25 raw scores: min=0.1502, max=7.2554
2025-12-30 17:01:04 | DEBUG    | log:153 | [classify_query_intent] No keyword matches found in: 'Kiem tra du lieu ca nhan da luu trong he thong'
2025-12-30 17:01:04 | DEBUG    | log:153 | [normalize_query] 'Kiêm tra du lieu ca nhan luu he thong...' -> 'Kiêm tra du lieu ca nhan luu he thong...'
2025-12-30 17:01:04 | DEBUG    | log:153 | [perform_hybrid_search] query_text: [Kiêm tra du lieu ca nhan luu he thong] - formatted_query: [Kiêm tra du lieu ca nhan luu he thong] - normalized_query: [Kiêm tra du lieu ca nhan luu he thong]
2025-12-30 17:01:04 | DEBUG    | log:153 | [perform_hybrid_search] BM25 raw scores: min=0.1502, max=7.2554
2025-12-30 17:01:04 | DEBUG    | log:153 | [classify_query_intent] No keyword matches found in: 'Kiêm tra du lieu ca nhan luu he thong'
2025-12-30 17:01:04 | DEBUG    | log:153 | [normalize_query] 'Check personal data in system...' -> 'Check personal data in system...'
2025-12-30 17:01:04 | DEBUG    | log:153 | [perform_hybrid_search] query_text: [Check personal data in system] - formatted_query: [Check personal data in system] - normalized_query: [Check personal data in system]
2025-12-30 17:01:04 | DEBUG    | log:153 | [perform_hybrid_search] BM25 raw scores: min=0.0000, max=0.0000
2025-12-30 17:01:04 | DEBUG    | log:153 | [get_keyword_boost] Query: 'Check personal data in system...' | Doc: Tra cứu giao dịch ch | Boost: 0.25 | Matched: ['ck']
2025-12-30 17:01:04 | DEBUG    | log:153 | [classify_query_intent] Classified: 'Check personal data in system...' -> Tra cứu giao dịch chuyển tiền (score=1)
2025-12-30 17:01:04 | DEBUG    | log:153 | [normalize_query] 'Cho tôi xem thông tin người dùng đang đă...' -> 'Cho tôi xem thông tin người dùng đang đă...'
2025-12-30 17:01:04 | DEBUG    | log:153 | [perform_hybrid_search] query_text: [Cho tôi xem thông tin người dùng đang đăng nhập.] - formatted_query: [Cho tôi xem thông tin người dùng đang đăng nhập] - normalized_query: [Cho tôi xem thông tin người dùng đang đăng nhập]
2025-12-30 17:01:04 | DEBUG    | log:153 | [perform_hybrid_search] BM25 raw scores: min=0.2014, max=7.1818
2025-12-30 17:01:04 | DEBUG    | log:153 | [classify_query_intent] No keyword matches found in: 'Cho tôi xem thông tin người dùng đang đăng nhập'
2025-12-30 17:01:04 | DEBUG    | log:153 | [normalize_query] 'Cho toi xem thong tin nguoi dung dang da...' -> 'Cho toi xem thong tin nguoi dung dang da...'
2025-12-30 17:01:04 | DEBUG    | log:153 | [perform_hybrid_search] query_text: [Cho toi xem thong tin nguoi dung dang dang nhap] - formatted_query: [Cho toi xem thong tin nguoi dung dang dang nhap] - normalized_query: [Cho toi xem thong tin nguoi dung dang dang nhap]
2025-12-30 17:01:04 | DEBUG    | log:153 | [perform_hybrid_search] BM25 raw scores: min=0.2349, max=6.7809
2025-12-30 17:01:04 | DEBUG    | log:153 | [classify_query_intent] No keyword matches found in: 'Cho toi xem thong tin nguoi dung dang dang nhap'
2025-12-30 17:01:04 | DEBUG    | log:153 | [normalize_query] 'Cho xem thong tin nguoi dung dang login...' -> 'Cho xem thong tin nguoi dung dang login...'
2025-12-30 17:01:04 | DEBUG    | log:153 | [perform_hybrid_search] query_text: [Cho xem thong tin nguoi dung dang login] - formatted_query: [Cho xem thong tin nguoi dung dang login] - normalized_query: [Cho xem thong tin nguoi dung dang login]
2025-12-30 17:01:04 | DEBUG    | log:153 | [perform_hybrid_search] BM25 raw scores: min=0.2349, max=6.7809
2025-12-30 17:01:04 | DEBUG    | log:153 | [classify_query_intent] No keyword matches found in: 'Cho xem thong tin nguoi dung dang login'
2025-12-30 17:01:04 | DEBUG    | log:153 | [normalize_query] 'Show current logged-in user info...' -> 'Show current logged-in user info...'
2025-12-30 17:01:04 | DEBUG    | log:153 | [perform_hybrid_search] query_text: [Show current logged-in user info] - formatted_query: [Show current logged-in user info] - normalized_query: [Show current logged-in user info]
2025-12-30 17:01:04 | DEBUG    | log:153 | [perform_hybrid_search] BM25 raw scores: min=0.0000, max=0.0000
2025-12-30 17:01:04 | DEBUG    | log:153 | [classify_query_intent] No keyword matches found in: 'Show current logged-in user info'
2025-12-30 17:01:04 | DEBUG    | log:153 | [normalize_query] 'Tôi muốn biết hồ sơ tài khoản của mình....' -> 'Tôi muốn biết hồ sơ tài khoản của mình...'
2025-12-30 17:01:04 | DEBUG    | log:153 | [perform_hybrid_search] query_text: [Tôi muốn biết hồ sơ tài khoản của mình.] - formatted_query: [Tôi muốn biết hồ sơ tài khoản của mình] - normalized_query: [Tôi muốn biết hồ sơ tài khoản của mình]
2025-12-30 17:01:04 | DEBUG    | log:153 | [perform_hybrid_search] BM25 raw scores: min=0.5539, max=4.5907
2025-12-30 17:01:04 | DEBUG    | log:153 | [get_keyword_boost] Query: 'Tôi muốn biết hồ sơ tài khoản ...' | Doc: Tra cứu lịch sử giao | Boost: 0.25 | Matched: ['tài khoản']
2025-12-30 17:01:04 | DEBUG    | log:153 | [classify_query_intent] Classified: 'Tôi muốn biết hồ sơ tài khoản ...' -> Tra cứu lịch sử giao dịch theo (score=1)
2025-12-30 17:01:04 | DEBUG    | log:153 | [normalize_query] 'Toi muon biet ho so tai khoan cua minh...' -> 'Toi muon biet ho so tai khoan cua minh...'
2025-12-30 17:01:04 | DEBUG    | log:153 | [perform_hybrid_search] query_text: [Toi muon biet ho so tai khoan cua minh] - formatted_query: [Toi muon biet ho so tai khoan cua minh] - normalized_query: [Toi muon biet ho so tai khoan cua minh]
2025-12-30 17:01:04 | DEBUG    | log:153 | [perform_hybrid_search] BM25 raw scores: min=0.3458, max=4.1775
2025-12-30 17:01:04 | DEBUG    | log:153 | [classify_query_intent] No keyword matches found in: 'Toi muon biet ho so tai khoan cua minh'
2025-12-30 17:01:04 | DEBUG    | log:153 | [normalize_query] 'Tôi muôn bit ho so tai khoan...' -> 'Tôi muôn bit ho so tai khoan...'
2025-12-30 17:01:04 | DEBUG    | log:153 | [perform_hybrid_search] query_text: [Tôi muôn bit ho so tai khoan] - formatted_query: [Tôi muôn bit ho so tai khoan] - normalized_query: [Tôi muôn bit ho so tai khoan]
2025-12-30 17:01:04 | DEBUG    | log:153 | [perform_hybrid_search] BM25 raw scores: min=0.0579, max=2.0025
2025-12-30 17:01:04 | DEBUG    | log:153 | [classify_query_intent] No keyword matches found in: 'Tôi muôn bit ho so tai khoan'
2025-12-30 17:01:04 | DEBUG    | log:153 | [normalize_query] 'I want to see my account profile...' -> 'I want to see my account profile...'
2025-12-30 17:01:04 | DEBUG    | log:153 | [perform_hybrid_search] query_text: [I want to see my account profile] - formatted_query: [I want to see my account profile] - normalized_query: [I want to see my account profile]
2025-12-30 17:01:04 | DEBUG    | log:153 | [perform_hybrid_search] BM25 raw scores: min=0.0000, max=0.0000
2025-12-30 17:01:04 | DEBUG    | log:153 | [classify_query_intent] No keyword matches found in: 'I want to see my account profile'
2025-12-30 17:01:04 | DEBUG    | log:153 | [normalize_query] 'Xem các thông tin đăng ký ban đầu của tô...' -> 'Xem các thông tin đăng ký ban đầu của tô...'
2025-12-30 17:01:04 | DEBUG    | log:153 | [perform_hybrid_search] query_text: [Xem các thông tin đăng ký ban đầu của tôi.] - formatted_query: [Xem các thông tin đăng ký ban đầu của tôi] - normalized_query: [Xem các thông tin đăng ký ban đầu của tôi]
2025-12-30 17:01:04 | DEBUG    | log:153 | [perform_hybrid_search] BM25 raw scores: min=0.1007, max=9.3164
2025-12-30 17:01:04 | DEBUG    | log:153 | [classify_query_intent] No keyword matches found in: 'Xem các thông tin đăng ký ban đầu của tôi'
2025-12-30 17:01:04 | DEBUG    | log:153 | [normalize_query] 'Xem cac thong tin dang ky ban dau cua to...' -> 'Xem cac thong tin dang ky ban dau cua to...'
2025-12-30 17:01:04 | DEBUG    | log:153 | [perform_hybrid_search] query_text: [Xem cac thong tin dang ky ban dau cua toi] - formatted_query: [Xem cac thong tin dang ky ban dau cua toi] - normalized_query: [Xem cac thong tin dang ky ban dau cua toi]
2025-12-30 17:01:04 | DEBUG    | log:153 | [perform_hybrid_search] BM25 raw scores: min=0.1342, max=5.4205
2025-12-30 17:01:04 | DEBUG    | log:153 | [classify_query_intent] No keyword matches found in: 'Xem cac thong tin dang ky ban dau cua toi'
2025-12-30 17:01:04 | DEBUG    | log:153 | [normalize_query] 'Xem thong tin dang ky luc dau...' -> 'Xem thong tin dang ky luc dau...'
2025-12-30 17:01:04 | DEBUG    | log:153 | [perform_hybrid_search] query_text: [Xem thong tin dang ky luc dau] - formatted_query: [Xem thong tin dang ky luc dau] - normalized_query: [Xem thong tin dang ky luc dau]
2025-12-30 17:01:04 | DEBUG    | log:153 | [perform_hybrid_search] BM25 raw scores: min=0.1342, max=6.7032
2025-12-30 17:01:04 | DEBUG    | log:153 | [classify_query_intent] No keyword matches found in: 'Xem thong tin dang ky luc dau'
2025-12-30 17:01:04 | DEBUG    | log:153 | [normalize_query] 'View initial registration info...' -> 'View initial registration info...'
2025-12-30 17:01:04 | DEBUG    | log:153 | [perform_hybrid_search] query_text: [View initial registration info] - formatted_query: [View initial registration info] - normalized_query: [View initial registration info]
2025-12-30 17:01:04 | DEBUG    | log:153 | [perform_hybrid_search] BM25 raw scores: min=0.0000, max=0.0000
2025-12-30 17:01:04 | DEBUG    | log:153 | [classify_query_intent] No keyword matches found in: 'View initial registration info'
2025-12-30 17:01:04 | DEBUG    | log:153 | [normalize_query] 'Thông tin user hiện tại của tôi là gì?...' -> 'Thông tin user hiện tại của tôi là gì...'
2025-12-30 17:01:04 | DEBUG    | log:153 | [perform_hybrid_search] query_text: [Thông tin user hiện tại của tôi là gì?] - formatted_query: [Thông tin user hiện tại của tôi là gì] - normalized_query: [Thông tin user hiện tại của tôi là gì]
2025-12-30 17:01:04 | DEBUG    | log:153 | [perform_hybrid_search] BM25 raw scores: min=0.0530, max=5.2651
2025-12-30 17:01:04 | DEBUG    | log:153 | [classify_query_intent] No keyword matches found in: 'Thông tin user hiện tại của tôi là gì'
2025-12-30 17:01:04 | DEBUG    | log:153 | [normalize_query] 'Thong tin user hien tai cua toi la gi...' -> 'Thong tin user hien tai cua toi la gi...'
2025-12-30 17:01:04 | DEBUG    | log:153 | [perform_hybrid_search] query_text: [Thong tin user hien tai cua toi la gi] - formatted_query: [Thong tin user hien tai cua toi la gi] - normalized_query: [Thong tin user hien tai cua toi la gi]
2025-12-30 17:01:04 | DEBUG    | log:153 | [perform_hybrid_search] BM25 raw scores: min=0.1320, max=3.2967
2025-12-30 17:01:04 | DEBUG    | log:153 | [classify_query_intent] No keyword matches found in: 'Thong tin user hien tai cua toi la gi'
2025-12-30 17:01:04 | DEBUG    | log:153 | [normalize_query] 'Thông tin uesr hien tai la gi...' -> 'Thông tin uesr hien tai la gi...'
2025-12-30 17:01:04 | DEBUG    | log:153 | [perform_hybrid_search] query_text: [Thông tin uesr hien tai la gi] - formatted_query: [Thông tin uesr hien tai la gi] - normalized_query: [Thông tin uesr hien tai la gi]
2025-12-30 17:01:04 | DEBUG    | log:153 | [perform_hybrid_search] BM25 raw scores: min=0.1320, max=3.2967
2025-12-30 17:01:04 | DEBUG    | log:153 | [classify_query_intent] No keyword matches found in: 'Thông tin uesr hien tai la gi'
2025-12-30 17:01:04 | DEBUG    | log:153 | [normalize_query] 'Current user info cua toi...' -> 'Current user info cua toi...'
2025-12-30 17:01:04 | DEBUG    | log:153 | [perform_hybrid_search] query_text: [Current user info cua toi] - formatted_query: [Current user info cua toi] - normalized_query: [Current user info cua toi]
2025-12-30 17:01:05 | DEBUG    | log:153 | [perform_hybrid_search] BM25 raw scores: min=0.0000, max=1.5458
2025-12-30 17:01:05 | DEBUG    | log:153 | [classify_query_intent] No keyword matches found in: 'Current user info cua toi'
2025-12-30 17:01:05 | DEBUG    | log:153 | [normalize_query] 'Tôi cần xem lại hồ sơ cá nhân đã khai bá...' -> 'Tôi cần xem lại hồ sơ cá nhân đã khai bá...'
2025-12-30 17:01:05 | DEBUG    | log:153 | [perform_hybrid_search] query_text: [Tôi cần xem lại hồ sơ cá nhân đã khai báo.] - formatted_query: [Tôi cần xem lại hồ sơ cá nhân đã khai báo] - normalized_query: [Tôi cần xem lại hồ sơ cá nhân đã khai báo]
2025-12-30 17:01:05 | DEBUG    | log:153 | [perform_hybrid_search] BM25 raw scores: min=0.0671, max=7.4320
2025-12-30 17:01:05 | DEBUG    | log:153 | [classify_query_intent] No keyword matches found in: 'Tôi cần xem lại hồ sơ cá nhân đã khai báo'
2025-12-30 17:01:05 | DEBUG    | log:153 | [normalize_query] 'Toi can xem lai ho so ca nhan da khai ba...' -> 'Toi can xem lai ho so ca nhan da khai ba...'
2025-12-30 17:01:05 | DEBUG    | log:153 | [perform_hybrid_search] query_text: [Toi can xem lai ho so ca nhan da khai bao] - formatted_query: [Toi can xem lai ho so ca nhan da khai bao] - normalized_query: [Toi can xem lai ho so ca nhan da khai bao]
2025-12-30 17:01:05 | DEBUG    | log:153 | [perform_hybrid_search] BM25 raw scores: min=0.0671, max=6.0997
2025-12-30 17:01:05 | DEBUG    | log:153 | [classify_query_intent] No keyword matches found in: 'Toi can xem lai ho so ca nhan da khai bao'
2025-12-30 17:01:05 | DEBUG    | log:153 | [normalize_query] 'Tôi cân xem lai hô sơ ca nhan...' -> 'Tôi cân xem lai hô sơ ca nhan...'
2025-12-30 17:01:05 | DEBUG    | log:153 | [perform_hybrid_search] query_text: [Tôi cân xem lai hô sơ ca nhan] - formatted_query: [Tôi cân xem lai hô sơ ca nhan] - normalized_query: [Tôi cân xem lai hô sơ ca nhan]
2025-12-30 17:01:05 | DEBUG    | log:153 | [perform_hybrid_search] BM25 raw scores: min=0.0336, max=6.0818
2025-12-30 17:01:05 | DEBUG    | log:153 | [classify_query_intent] No keyword matches found in: 'Tôi cân xem lai hô sơ ca nhan'
2025-12-30 17:01:05 | DEBUG    | log:153 | [normalize_query] 'Review declared personal profile...' -> 'Review declared personal profile...'
2025-12-30 17:01:05 | DEBUG    | log:153 | [perform_hybrid_search] query_text: [Review declared personal profile] - formatted_query: [Review declared personal profile] - normalized_query: [Review declared personal profile]
2025-12-30 17:01:05 | DEBUG    | log:153 | [perform_hybrid_search] BM25 raw scores: min=0.0000, max=0.0000
2025-12-30 17:01:05 | DEBUG    | log:153 | [classify_query_intent] No keyword matches found in: 'Review declared personal profile'
2025-12-30 17:01:05 | DEBUG    | log:153 | [normalize_query] 'Kiểm tra thông tin liên hệ của tài khoản...' -> 'Kiểm tra thông tin liên hệ của tài khoản...'
2025-12-30 17:01:05 | DEBUG    | log:153 | [perform_hybrid_search] query_text: [Kiểm tra thông tin liên hệ của tài khoản.] - formatted_query: [Kiểm tra thông tin liên hệ của tài khoản] - normalized_query: [Kiểm tra thông tin liên hệ của tài khoản]
2025-12-30 17:01:05 | DEBUG    | log:153 | [perform_hybrid_search] BM25 raw scores: min=0.3849, max=7.6125
2025-12-30 17:01:05 | DEBUG    | log:153 | [get_keyword_boost] Query: 'Kiểm tra thông tin liên hệ của...' | Doc: Tra cứu lịch sử giao | Boost: 0.25 | Matched: ['tài khoản']
2025-12-30 17:01:05 | DEBUG    | log:153 | [classify_query_intent] Classified: 'Kiểm tra thông tin liên hệ của...' -> Tra cứu lịch sử giao dịch theo (score=1)
2025-12-30 17:01:05 | DEBUG    | log:153 | [normalize_query] 'Kiem tra thong tin lien he cua tai khoan...' -> 'Kiem tra thong tin lien he cua tai khoan...'
2025-12-30 17:01:05 | DEBUG    | log:153 | [perform_hybrid_search] query_text: [Kiem tra thong tin lien he cua tai khoan] - formatted_query: [Kiem tra thong tin lien he cua tai khoan] - normalized_query: [Kiem tra thong tin lien he cua tai khoan]
2025-12-30 17:01:05 | DEBUG    | log:153 | [perform_hybrid_search] BM25 raw scores: min=0.2718, max=7.1993
2025-12-30 17:01:05 | DEBUG    | log:153 | [classify_query_intent] No keyword matches found in: 'Kiem tra thong tin lien he cua tai khoan'
2025-12-30 17:01:05 | DEBUG    | log:153 | [normalize_query] 'Kiêm tra thong tin lien hẹ tai khoan...' -> 'Kiêm tra thong tin lien hẹ tai khoan...'
2025-12-30 17:01:05 | DEBUG    | log:153 | [perform_hybrid_search] query_text: [Kiêm tra thong tin lien hẹ tai khoan] - formatted_query: [Kiêm tra thong tin lien hẹ tai khoan] - normalized_query: [Kiêm tra thong tin lien hẹ tai khoan]
2025-12-30 17:01:05 | DEBUG    | log:153 | [perform_hybrid_search] BM25 raw scores: min=0.2718, max=7.1993
2025-12-30 17:01:05 | DEBUG    | log:153 | [classify_query_intent] No keyword matches found in: 'Kiêm tra thong tin lien hẹ tai khoan'
2025-12-30 17:01:05 | DEBUG    | log:153 | [normalize_query] 'Check contact info of account...' -> 'Check contact info of account...'
2025-12-30 17:01:05 | DEBUG    | log:153 | [perform_hybrid_search] query_text: [Check contact info of account] - formatted_query: [Check contact info of account] - normalized_query: [Check contact info of account]
2025-12-30 17:01:05 | DEBUG    | log:153 | [perform_hybrid_search] BM25 raw scores: min=0.0000, max=0.0000
2025-12-30 17:01:05 | DEBUG    | log:153 | [get_keyword_boost] Query: 'Check contact info of account...' | Doc: Tra cứu giao dịch ch | Boost: 0.25 | Matched: ['ck']
2025-12-30 17:01:05 | DEBUG    | log:153 | [classify_query_intent] Classified: 'Check contact info of account...' -> Tra cứu giao dịch chuyển tiền (score=1)
2025-12-30 17:01:05 | DEBUG    | log:153 | [normalize_query] 'Cho xem đầy đủ thông tin user profile....' -> 'Cho xem đầy đủ thông tin user profile...'
2025-12-30 17:01:05 | DEBUG    | log:153 | [perform_hybrid_search] query_text: [Cho xem đầy đủ thông tin user profile.] - formatted_query: [Cho xem đầy đủ thông tin user profile] - normalized_query: [Cho xem đầy đủ thông tin user profile]
2025-12-30 17:01:05 | DEBUG    | log:153 | [perform_hybrid_search] BM25 raw scores: min=0.1007, max=10.7784
2025-12-30 17:01:05 | DEBUG    | log:153 | [classify_query_intent] No keyword matches found in: 'Cho xem đầy đủ thông tin user profile'
2025-12-30 17:01:05 | DEBUG    | log:153 | [normalize_query] 'Cho xem day du thong tin user profile...' -> 'Cho xem day du thong tin user profile...'
2025-12-30 17:01:05 | DEBUG    | log:153 | [perform_hybrid_search] query_text: [Cho xem day du thong tin user profile] - formatted_query: [Cho xem day du thong tin user profile] - normalized_query: [Cho xem day du thong tin user profile]
2025-12-30 17:01:05 | DEBUG    | log:153 | [perform_hybrid_search] BM25 raw scores: min=0.1678, max=3.9924
2025-12-30 17:01:05 | DEBUG    | log:153 | [classify_query_intent] No keyword matches found in: 'Cho xem day du thong tin user profile'
2025-12-30 17:01:05 | DEBUG    | log:153 | [normalize_query] 'Cho xem full thong tin user prfile...' -> 'Cho xem full thong tin user prfile...'
2025-12-30 17:01:05 | DEBUG    | log:153 | [perform_hybrid_search] query_text: [Cho xem full thong tin user prfile] - formatted_query: [Cho xem full thong tin user prfile] - normalized_query: [Cho xem full thong tin user prfile]
2025-12-30 17:01:05 | DEBUG    | log:153 | [perform_hybrid_search] BM25 raw scores: min=0.1007, max=3.9558
2025-12-30 17:01:05 | DEBUG    | log:153 | [classify_query_intent] No keyword matches found in: 'Cho xem full thong tin user prfile'
2025-12-30 17:01:05 | DEBUG    | log:153 | [normalize_query] 'Show full user profile...' -> 'Show full user profile...'
2025-12-30 17:01:05 | DEBUG    | log:153 | [perform_hybrid_search] query_text: [Show full user profile] - formatted_query: [Show full user profile] - normalized_query: [Show full user profile]
2025-12-30 17:01:05 | DEBUG    | log:153 | [perform_hybrid_search] BM25 raw scores: min=0.0000, max=0.0000
2025-12-30 17:01:05 | DEBUG    | log:153 | [classify_query_intent] No keyword matches found in: 'Show full user profile'
2025-12-30 17:01:05 | DEBUG    | log:153 | [normalize_query] 'Tài khoản của tôi đang có những quyền gì...' -> 'Tài khoản của tôi đang có những quyền gì...'
2025-12-30 17:01:05 | DEBUG    | log:153 | [perform_hybrid_search] query_text: [Tài khoản của tôi đang có những quyền gì?] - formatted_query: [Tài khoản của tôi đang có những quyền gì] - normalized_query: [Tài khoản của tôi đang có những quyền gì]
2025-12-30 17:01:05 | DEBUG    | log:153 | [perform_hybrid_search] BM25 raw scores: min=0.2778, max=8.3367
2025-12-30 17:01:05 | DEBUG    | log:153 | [get_keyword_boost] Query: 'Tài khoản của tôi đang có nhữn...' | Doc: Tra cứu lịch sử giao | Boost: 0.25 | Matched: ['tài khoản']
2025-12-30 17:01:05 | DEBUG    | log:153 | [classify_query_intent] Classified: 'Tài khoản của tôi đang có nhữn...' -> Tra cứu lịch sử giao dịch theo (score=1)
2025-12-30 17:01:05 | DEBUG    | log:153 | [normalize_query] 'Tai khoan cua toi dang co nhung quyen gi...' -> 'Tai khoan cua toi dang co nhung quyen gi...'
2025-12-30 17:01:05 | DEBUG    | log:153 | [perform_hybrid_search] query_text: [Tai khoan cua toi dang co nhung quyen gi] - formatted_query: [Tai khoan cua toi dang co nhung quyen gi] - normalized_query: [Tai khoan cua toi dang co nhung quyen gi]
2025-12-30 17:01:05 | DEBUG    | log:153 | [perform_hybrid_search] BM25 raw scores: min=0.1846, max=4.2895
2025-12-30 17:01:05 | DEBUG    | log:153 | [classify_query_intent] No keyword matches found in: 'Tai khoan cua toi dang co nhung quyen gi'
2025-12-30 17:01:05 | DEBUG    | log:153 | [normalize_query] 'Tai khoan cua toi co quyen gi...' -> 'Tai khoan cua toi co quyen gi...'
2025-12-30 17:01:05 | DEBUG    | log:153 | [perform_hybrid_search] query_text: [Tai khoan cua toi co quyen gi] - formatted_query: [Tai khoan cua toi co quyen gi] - normalized_query: [Tai khoan cua toi co quyen gi]
2025-12-30 17:01:05 | DEBUG    | log:153 | [perform_hybrid_search] BM25 raw scores: min=0.1667, max=4.2716
2025-12-30 17:01:05 | DEBUG    | log:153 | [classify_query_intent] No keyword matches found in: 'Tai khoan cua toi co quyen gi'
2025-12-30 17:01:05 | DEBUG    | log:153 | [normalize_query] 'What permissions does my account have...' -> 'What permissions does my account have...'
2025-12-30 17:01:05 | DEBUG    | log:153 | [perform_hybrid_search] query_text: [What permissions does my account have] - formatted_query: [What permissions does my account have] - normalized_query: [What permissions does my account have]
2025-12-30 17:01:05 | DEBUG    | log:153 | [perform_hybrid_search] BM25 raw scores: min=0.0000, max=0.0000
2025-12-30 17:01:05 | DEBUG    | log:153 | [classify_query_intent] No keyword matches found in: 'What permissions does my account have'
2025-12-30 17:01:05 | DEBUG    | log:153 | [normalize_query] 'Xem thông tin phân quyền của người dùng....' -> 'Xem thông tin phân quyền của người dùng...'
2025-12-30 17:01:05 | DEBUG    | log:153 | [perform_hybrid_search] query_text: [Xem thông tin phân quyền của người dùng.] - formatted_query: [Xem thông tin phân quyền của người dùng] - normalized_query: [Xem thông tin phân quyền của người dùng]
2025-12-30 17:01:05 | DEBUG    | log:153 | [perform_hybrid_search] BM25 raw scores: min=0.2014, max=6.7626
2025-12-30 17:01:05 | DEBUG    | log:153 | [classify_query_intent] No keyword matches found in: 'Xem thông tin phân quyền của người dùng'
2025-12-30 17:01:05 | DEBUG    | log:153 | [normalize_query] 'Xem thong tin phan quyen cua nguoi dung...' -> 'Xem thong tin phan quyen cua nguoi dung...'
2025-12-30 17:01:05 | DEBUG    | log:153 | [perform_hybrid_search] query_text: [Xem thong tin phan quyen cua nguoi dung] - formatted_query: [Xem thong tin phan quyen cua nguoi dung] - normalized_query: [Xem thong tin phan quyen cua nguoi dung]
2025-12-30 17:01:05 | DEBUG    | log:153 | [perform_hybrid_search] BM25 raw scores: min=0.2014, max=6.7626
2025-12-30 17:01:05 | DEBUG    | log:153 | [classify_query_intent] No keyword matches found in: 'Xem thong tin phan quyen cua nguoi dung'
2025-12-30 17:01:05 | DEBUG    | log:153 | [normalize_query] 'Xem thong tin phan quyen nguoi dug...' -> 'Xem thong tin phan quyen nguoi dug...'
2025-12-30 17:01:05 | DEBUG    | log:153 | [perform_hybrid_search] query_text: [Xem thong tin phan quyen nguoi dug] - formatted_query: [Xem thong tin phan quyen nguoi dug] - normalized_query: [Xem thong tin phan quyen nguoi dug]
2025-12-30 17:01:05 | DEBUG    | log:153 | [perform_hybrid_search] BM25 raw scores: min=0.1342, max=6.7146
2025-12-30 17:01:05 | DEBUG    | log:153 | [classify_query_intent] No keyword matches found in: 'Xem thong tin phan quyen nguoi dug'
2025-12-30 17:01:05 | DEBUG    | log:153 | [normalize_query] 'View user authorization info...' -> 'View user authorization info...'
2025-12-30 17:01:05 | DEBUG    | log:153 | [perform_hybrid_search] query_text: [View user authorization info] - formatted_query: [View user authorization info] - normalized_query: [View user authorization info]
2025-12-30 17:01:05 | DEBUG    | log:153 | [perform_hybrid_search] BM25 raw scores: min=0.0000, max=0.0000
2025-12-30 17:01:05 | DEBUG    | log:153 | [classify_query_intent] No keyword matches found in: 'View user authorization info'
2025-12-30 17:01:05 | DEBUG    | log:153 | [normalize_query] 'Tôi muốn tra cứu hồ sơ người dùng của mì...' -> 'Tôi muốn tra cứu hồ sơ người dùng của mì...'
2025-12-30 17:01:05 | DEBUG    | log:153 | [perform_hybrid_search] query_text: [Tôi muốn tra cứu hồ sơ người dùng của mình.] - formatted_query: [Tôi muốn tra cứu hồ sơ người dùng của mình] - normalized_query: [Tôi muốn tra cứu hồ sơ người dùng của mình]
2025-12-30 17:01:05 | DEBUG    | log:153 | [perform_hybrid_search] BM25 raw scores: min=0.6238, max=4.7448
2025-12-30 17:01:05 | DEBUG    | log:153 | [classify_query_intent] No keyword matches found in: 'Tôi muốn tra cứu hồ sơ người dùng của mình'
2025-12-30 17:01:05 | DEBUG    | log:153 | [normalize_query] 'Toi muon tra cuu ho so nguoi dung cua mi...' -> 'Toi muon tra cuu ho so nguoi dung cua mi...'
2025-12-30 17:01:05 | DEBUG    | log:153 | [perform_hybrid_search] query_text: [Toi muon tra cuu ho so nguoi dung cua minh] - formatted_query: [Toi muon tra cuu ho so nguoi dung cua minh] - normalized_query: [Toi muon tra cuu ho so nguoi dung cua minh]
2025-12-30 17:01:05 | DEBUG    | log:153 | [perform_hybrid_search] BM25 raw scores: min=0.3144, max=3.0169
2025-12-30 17:01:05 | DEBUG    | log:153 | [classify_query_intent] No keyword matches found in: 'Toi muon tra cuu ho so nguoi dung cua minh'
2025-12-30 17:01:05 | DEBUG    | log:153 | [normalize_query] 'Tôi muôn tra cuu hô sơ nguoi dung...' -> 'Tôi muôn tra cuu hô sơ nguoi dung...'
2025-12-30 17:01:05 | DEBUG    | log:153 | [perform_hybrid_search] query_text: [Tôi muôn tra cuu hô sơ nguoi dung] - formatted_query: [Tôi muôn tra cuu hô sơ nguoi dung] - normalized_query: [Tôi muôn tra cuu hô sơ nguoi dung]
2025-12-30 17:01:05 | DEBUG    | log:153 | [perform_hybrid_search] BM25 raw scores: min=0.3144, max=3.0169
2025-12-30 17:01:05 | DEBUG    | log:153 | [classify_query_intent] No keyword matches found in: 'Tôi muôn tra cuu hô sơ nguoi dung'
2025-12-30 17:01:05 | DEBUG    | log:153 | [normalize_query] 'Lookup my user profile...' -> 'Lookup my user profile...'
2025-12-30 17:01:05 | DEBUG    | log:153 | [perform_hybrid_search] query_text: [Lookup my user profile] - formatted_query: [Lookup my user profile] - normalized_query: [Lookup my user profile]
2025-12-30 17:01:05 | DEBUG    | log:153 | [perform_hybrid_search] BM25 raw scores: min=0.0000, max=0.0000
2025-12-30 17:01:05 | DEBUG    | log:153 | [classify_query_intent] No keyword matches found in: 'Lookup my user profile'
2025-12-30 17:01:05 | INFO     | log:151 | [search_batch_stream] Completed in 13.84s, avg 0.027s/row, saved to Query_teamplate_30-12_192-168-40-210_20251230_170051.xlsx
2025-12-30 17:07:39 | INFO     | log:151 | [upload_documents] Uploading 1 files
2025-12-30 17:07:39 | DEBUG    | log:153 | [get_tables] Getting tables...
2025-12-30 17:07:39 | DEBUG    | log:153 | [get_tables] Returning cached tables
2025-12-30 17:07:39 | DEBUG    | log:153 | [build_search_text] Built search_text (688 chars)
2025-12-30 17:07:39 | DEBUG    | log:153 | [insert_document_with_examples] Inserting doc_id=15, search_text length=688
2025-12-30 17:07:39 | INFO     | log:151 | [insert_document_with_examples] Starting doc_table.insert() for doc_id=15...
2025-12-30 17:07:46 | INFO     | log:151 | [insert_document_with_examples] doc_table.insert() completed in 6.59s for doc_id=15
2025-12-30 17:07:46 | DEBUG    | log:153 | [parse_examples_to_list] Parsed 20 examples
2025-12-30 17:07:46 | DEBUG    | log:153 | [insert_document_with_examples] Inserted 20 examples for doc_id=15
2025-12-30 17:07:46 | INFO     | log:151 | [upload_documents] Inserted 1 docs with 20 examples
2025-12-30 17:07:46 | DEBUG    | log:153 | [invalidate_embeddings_cache] Embeddings cache invalidated
2025-12-30 17:07:46 | DEBUG    | log:153 | [reset_all_caches] All caches invalidated
2025-12-30 17:07:46 | DEBUG    | log:153 | [list_documents] Fetching all documents...
2025-12-30 17:07:46 | DEBUG    | log:153 | [get_tables] Getting tables...
2025-12-30 17:07:46 | DEBUG    | log:153 | [get_tables] Returning cached tables
2025-12-30 17:07:46 | INFO     | log:151 | [list_documents] Found 16 documents
2025-12-30 17:08:10 | DEBUG    | log:153 | [list_documents] Fetching all documents...
2025-12-30 17:08:10 | DEBUG    | log:153 | [get_tables] Getting tables...
2025-12-30 17:08:10 | DEBUG    | log:153 | [get_tables] Returning cached tables
2025-12-30 17:08:10 | INFO     | log:151 | [list_documents] Found 16 documents
2025-12-30 17:09:25 | INFO     | log:151 | [search_single] Searching: 'Cho tôi biết những giao dịch nào chưa được duyệt...' (top_k=10)
2025-12-30 17:09:25 | DEBUG    | log:153 | [get_tables] Getting tables...
2025-12-30 17:09:25 | DEBUG    | log:153 | [get_tables] Returning cached tables
2025-12-30 17:09:25 | DEBUG    | log:153 | [normalize_query] 'Cho tôi biết những giao dịch nào chưa đư...' -> 'Cho tôi biết những giao dịch nào chưa đư...'
2025-12-30 17:09:25 | DEBUG    | log:153 | [perform_hybrid_search] query_text: [Cho tôi biết những giao dịch nào chưa được duyệt] - formatted_query: [Cho tôi biết những giao dịch nào chưa được duyệt] - normalized_query: [Cho tôi biết những giao dịch nào chưa được duyệt]
2025-12-30 17:09:25 | INFO     | log:151 | [build_embeddings_cache] Building embeddings cache...
2025-12-30 17:09:26 | INFO     | log:151 | [build_embeddings_cache] Cache built in 0.81s: 271 examples, 16 docs on GPU (NVIDIA RTX A5000)
2025-12-30 17:09:26 | INFO     | log:151 | [get_corpus_stats] Rebuilding corpus stats cache...
2025-12-30 17:09:26 | DEBUG    | log:153 | [perform_hybrid_search] BM25 raw scores: min=0.0944, max=36.8075
2025-12-30 17:09:26 | DEBUG    | log:153 | [classify_query_intent] No keyword matches found in: 'Cho tôi biết những giao dịch nào chưa được duyệt'
2025-12-30 17:09:26 | INFO     | log:151 | [search_single] Found 10 results
2025-12-30 17:09:26 | DEBUG    | log:153 | [search_single] Top: getTransactionList | Tra cứu toàn bộ giao dịch đang chờ xử lý hoặc chờ duyệt... (score=0.8516, sem=0.9309, bm25=1.0000, boost=0.0000)
2025-12-30 17:11:41 | INFO     | log:151 | [search_batch_stream] Batch stream search from: query_template00.xlsx
2025-12-30 17:11:41 | DEBUG    | log:153 | [get_tables] Getting tables...
2025-12-30 17:11:41 | DEBUG    | log:153 | [get_tables] Returning cached tables
2025-12-30 17:11:41 | DEBUG    | log:153 | [normalize_query] 'Cho tôi xem danh sách các giao dịch đang...' -> 'Cho tôi xem danh sách các giao dịch đang...'
2025-12-30 17:11:41 | DEBUG    | log:153 | [perform_hybrid_search] query_text: [Cho tôi xem danh sách các giao dịch đang chờ duyệt] - formatted_query: [Cho tôi xem danh sách các giao dịch đang chờ duyệt] - normalized_query: [Cho tôi xem danh sách các giao dịch đang chờ duyệt]
2025-12-30 17:11:41 | DEBUG    | log:153 | [perform_hybrid_search] BM25 raw scores: min=0.0944, max=65.9015
2025-12-30 17:11:41 | DEBUG    | log:153 | [get_keyword_boost] Query: 'Cho tôi xem danh sách các giao...' | Doc: Tra cứu giao dịch th | Boost: 0.25 | Matched: ['chờ']
2025-12-30 17:11:41 | DEBUG    | log:153 | [get_keyword_boost] Query: 'Cho tôi xem danh sách các giao...' | Doc: getTransactionList | | Boost: 0.25 | Matched: ['chờ duyệt']
2025-12-30 17:11:41 | DEBUG    | log:153 | [classify_query_intent] Ambiguous: 'Cho tôi xem danh sách các giao...' | Scores: {'Tra cứu giao dịch theo trạng thái': 1, 'getTransactionList | Tra cứu toàn bộ giao dịch đang chờ xử lý hoặc chờ duyệt': 1}
2025-12-30 17:11:41 | DEBUG    | log:153 | [normalize_query] 'Liệt kê toàn bộ giao dịch đang pending...' -> 'Liệt kê toàn bộ giao dịch đang pending...'
2025-12-30 17:11:41 | DEBUG    | log:153 | [perform_hybrid_search] query_text: [Liệt kê toàn bộ giao dịch đang pending] - formatted_query: [Liệt kê toàn bộ giao dịch đang pending] - normalized_query: [Liệt kê toàn bộ giao dịch đang pending]
2025-12-30 17:11:41 | DEBUG    | log:153 | [perform_hybrid_search] BM25 raw scores: min=0.0966, max=59.9712
2025-12-30 17:11:41 | DEBUG    | log:153 | [get_keyword_boost] Query: 'Liệt kê toàn bộ giao dịch đang...' | Doc: getTransactionList | | Boost: 0.25 | Matched: ['pending']
2025-12-30 17:11:41 | DEBUG    | log:153 | [classify_query_intent] Classified: 'Liệt kê toàn bộ giao dịch đang...' -> getTransactionList | Tra cứu t (score=1)
2025-12-30 17:11:41 | DEBUG    | log:153 | [normalize_query] 'Có giao dịch nào đang chờ xử lý không?...' -> 'Có giao dịch nào đang chờ xử lý không...'
2025-12-30 17:11:41 | DEBUG    | log:153 | [perform_hybrid_search] query_text: [Có giao dịch nào đang chờ xử lý không?] - formatted_query: [Có giao dịch nào đang chờ xử lý không] - normalized_query: [Có giao dịch nào đang chờ xử lý không]
2025-12-30 17:11:41 | DEBUG    | log:153 | [perform_hybrid_search] BM25 raw scores: min=0.0944, max=76.0391
2025-12-30 17:11:41 | DEBUG    | log:153 | [get_keyword_boost] Query: 'Có giao dịch nào đang chờ xử l...' | Doc: Tra cứu giao dịch th | Boost: 0.50 | Matched: ['xử lý', 'chờ']
2025-12-30 17:11:41 | DEBUG    | log:153 | [classify_query_intent] Classified: 'Có giao dịch nào đang chờ xử l...' -> Tra cứu giao dịch theo trạng t (score=2)
2025-12-30 17:11:41 | DEBUG    | log:153 | [normalize_query] 'Hiển thị các giao dịch chưa được phê duy...' -> 'Hiển thị các giao dịch chưa được phê duy...'
2025-12-30 17:11:41 | DEBUG    | log:153 | [perform_hybrid_search] query_text: [Hiển thị các giao dịch chưa được phê duyệt] - formatted_query: [Hiển thị các giao dịch chưa được phê duyệt] - normalized_query: [Hiển thị các giao dịch chưa được phê duyệt]
2025-12-30 17:11:41 | DEBUG    | log:153 | [perform_hybrid_search] BM25 raw scores: min=0.0944, max=44.7200
2025-12-30 17:11:41 | DEBUG    | log:153 | [get_keyword_boost] Query: 'Hiển thị các giao dịch chưa đư...' | Doc: Tra cứu giao dịch th | Boost: 0.25 | Matched: ['phê duyệt']
2025-12-30 17:11:41 | DEBUG    | log:153 | [classify_query_intent] Classified: 'Hiển thị các giao dịch chưa đư...' -> Tra cứu giao dịch theo trạng t (score=1)
2025-12-30 17:11:41 | DEBUG    | log:153 | [normalize_query] 'Tôi muốn xem tất cả giao dịch đang ở trạ...' -> 'Tôi muốn xem tất cả giao dịch đang ở trạ...'
2025-12-30 17:11:41 | DEBUG    | log:153 | [perform_hybrid_search] query_text: [Tôi muốn xem tất cả giao dịch đang ở trạng thái pending] - formatted_query: [Tôi muốn xem tất cả giao dịch đang ở trạng thái pending] - normalized_query: [Tôi muốn xem tất cả giao dịch đang ở trạng thái pending]
2025-12-30 17:11:41 | DEBUG    | log:153 | [perform_hybrid_search] BM25 raw scores: min=0.0944, max=73.7246
2025-12-30 17:11:41 | DEBUG    | log:153 | [get_keyword_boost] Query: 'Tôi muốn xem tất cả giao dịch ...' | Doc: Tra cứu giao dịch th | Boost: 0.25 | Matched: ['trạng thái']
2025-12-30 17:11:41 | DEBUG    | log:153 | [get_keyword_boost] Query: 'Tôi muốn xem tất cả giao dịch ...' | Doc: getTransactionList | | Boost: 0.25 | Matched: ['pending']
2025-12-30 17:11:41 | DEBUG    | log:153 | [classify_query_intent] Ambiguous: 'Tôi muốn xem tất cả giao dịch ...' | Scores: {'Tra cứu giao dịch theo trạng thái': 1, 'getTransactionList | Tra cứu toàn bộ giao dịch đang chờ xử lý hoặc chờ duyệt': 1}
2025-12-30 17:11:41 | DEBUG    | log:153 | [normalize_query] 'Các lệnh chuyển tiền nào chưa được duyệt...' -> 'Các lệnh chuyển tiền nào chưa được duyệt...'
2025-12-30 17:11:41 | DEBUG    | log:153 | [perform_hybrid_search] query_text: [Các lệnh chuyển tiền nào chưa được duyệt?] - formatted_query: [Các lệnh chuyển tiền nào chưa được duyệt] - normalized_query: [Các lệnh chuyển tiền nào chưa được duyệt]
2025-12-30 17:11:41 | DEBUG    | log:153 | [perform_hybrid_search] BM25 raw scores: min=0.0667, max=34.5982
2025-12-30 17:11:41 | DEBUG    | log:153 | [get_keyword_boost] Query: 'Các lệnh chuyển tiền nào chưa ...' | Doc: Tra cứu giao dịch th | Boost: 0.25 | Matched: ['chuyển tiền']
2025-12-30 17:11:41 | DEBUG    | log:153 | [get_keyword_boost] Query: 'Các lệnh chuyển tiền nào chưa ...' | Doc: Tra cứu giao dịch ch | Boost: 0.25 | Matched: ['chuyển tiền']
2025-12-30 17:11:41 | DEBUG    | log:153 | [get_keyword_boost] Query: 'Các lệnh chuyển tiền nào chưa ...' | Doc: getTransactionList | | Boost: 0.25 | Matched: ['lệnh chuyển tiền']
2025-12-30 17:11:41 | DEBUG    | log:153 | [classify_query_intent] Ambiguous: 'Các lệnh chuyển tiền nào chưa ...' | Scores: {'Tra cứu giao dịch theo loại giao dịch': 1, 'Tra cứu giao dịch chuyển tiền': 1, 'getTransactionList | Tra cứu toàn bộ giao dịch đang chờ xử lý hoặc chờ duyệt': 1}
2025-12-30 17:11:41 | DEBUG    | log:153 | [normalize_query] 'Cho biết danh sách giao dịch cần checker...' -> 'Cho biết danh sách giao dịch cần checker...'
2025-12-30 17:11:41 | DEBUG    | log:153 | [perform_hybrid_search] query_text: [Cho biết danh sách giao dịch cần checker phê duyệt] - formatted_query: [Cho biết danh sách giao dịch cần checker phê duyệt] - normalized_query: [Cho biết danh sách giao dịch cần checker phê duyệt]
2025-12-30 17:11:41 | DEBUG    | log:153 | [perform_hybrid_search] BM25 raw scores: min=0.0944, max=60.7251
2025-12-30 17:11:41 | DEBUG    | log:153 | [get_keyword_boost] Query: 'Cho biết danh sách giao dịch c...' | Doc: Tra cứu giao dịch th | Boost: 0.25 | Matched: ['phê duyệt']
2025-12-30 17:11:41 | DEBUG    | log:153 | [get_keyword_boost] Query: 'Cho biết danh sách giao dịch c...' | Doc: Tra cứu giao dịch ch | Boost: 0.25 | Matched: ['ck']
2025-12-30 17:11:41 | DEBUG    | log:153 | [classify_query_intent] Ambiguous: 'Cho biết danh sách giao dịch c...' | Scores: {'Tra cứu giao dịch theo trạng thái': 1, 'Tra cứu giao dịch chuyển tiền': 1}
2025-12-30 17:11:41 | DEBUG    | log:153 | [normalize_query] 'Liệt kê các giao dịch đang chờ xử lý tro...' -> 'Liệt kê các giao dịch đang chờ xử lý tro...'
2025-12-30 17:11:41 | DEBUG    | log:153 | [perform_hybrid_search] query_text: [Liệt kê các giao dịch đang chờ xử lý trong hệ thống] - formatted_query: [Liệt kê các giao dịch đang chờ xử lý trong hệ thống] - normalized_query: [Liệt kê các giao dịch đang chờ xử lý trong hệ thống]
2025-12-30 17:11:41 | DEBUG    | log:153 | [perform_hybrid_search] BM25 raw scores: min=0.1258, max=79.7466
2025-12-30 17:11:41 | DEBUG    | log:153 | [get_keyword_boost] Query: 'Liệt kê các giao dịch đang chờ...' | Doc: Tra cứu giao dịch th | Boost: 0.50 | Matched: ['xử lý', 'chờ']
2025-12-30 17:11:41 | DEBUG    | log:153 | [classify_query_intent] Classified: 'Liệt kê các giao dịch đang chờ...' -> Tra cứu giao dịch theo trạng t (score=2)
2025-12-30 17:11:41 | DEBUG    | log:153 | [normalize_query] 'Xem toàn bộ giao dịch chưa hoàn tất...' -> 'Xem toàn bộ giao dịch chưa hoàn tất...'
2025-12-30 17:11:41 | DEBUG    | log:153 | [perform_hybrid_search] query_text: [Xem toàn bộ giao dịch chưa hoàn tất] - formatted_query: [Xem toàn bộ giao dịch chưa hoàn tất] - normalized_query: [Xem toàn bộ giao dịch chưa hoàn tất]
2025-12-30 17:11:41 | DEBUG    | log:153 | [perform_hybrid_search] BM25 raw scores: min=0.1962, max=53.5419
2025-12-30 17:11:41 | DEBUG    | log:153 | [get_keyword_boost] Query: 'Xem toàn bộ giao dịch chưa hoà...' | Doc: Tra cứu giao dịch th | Boost: 0.25 | Matched: ['hoàn tất']
2025-12-30 17:11:41 | DEBUG    | log:153 | [classify_query_intent] Classified: 'Xem toàn bộ giao dịch chưa hoà...' -> Tra cứu giao dịch theo trạng t (score=1)
2025-12-30 17:11:41 | DEBUG    | log:153 | [normalize_query] 'Có giao dịch nào đang ở trạng thái “chờ ...' -> 'Có giao dịch nào đang ở trạng thái “chờ ...'
2025-12-30 17:11:41 | DEBUG    | log:153 | [perform_hybrid_search] query_text: [Có giao dịch nào đang ở trạng thái “chờ duyệt” không?] - formatted_query: [Có giao dịch nào đang ở trạng thái “chờ duyệt” không] - normalized_query: [Có giao dịch nào đang ở trạng thái “chờ duyệt” không]
2025-12-30 17:11:41 | DEBUG    | log:153 | [perform_hybrid_search] BM25 raw scores: min=0.0944, max=76.5070
2025-12-30 17:11:41 | DEBUG    | log:153 | [get_keyword_boost] Query: 'Có giao dịch nào đang ở trạng ...' | Doc: Tra cứu giao dịch th | Boost: 0.50 | Matched: ['trạng thái', 'chờ']
2025-12-30 17:11:41 | DEBUG    | log:153 | [get_keyword_boost] Query: 'Có giao dịch nào đang ở trạng ...' | Doc: getTransactionList | | Boost: 0.25 | Matched: ['chờ duyệt']
2025-12-30 17:11:41 | DEBUG    | log:153 | [classify_query_intent] Classified: 'Có giao dịch nào đang ở trạng ...' -> Tra cứu giao dịch theo trạng t (score=2)
2025-12-30 17:11:41 | DEBUG    | log:153 | [normalize_query] 'Hiển thị danh sách các giao dịch chưa đư...' -> 'Hiển thị danh sách các giao dịch chưa đư...'
2025-12-30 17:11:41 | DEBUG    | log:153 | [perform_hybrid_search] query_text: [Hiển thị danh sách các giao dịch chưa được xử lý] - formatted_query: [Hiển thị danh sách các giao dịch chưa được xử lý] - normalized_query: [Hiển thị danh sách các giao dịch chưa được xử lý]
2025-12-30 17:11:41 | DEBUG    | log:153 | [perform_hybrid_search] BM25 raw scores: min=0.0944, max=65.2694
2025-12-30 17:11:41 | DEBUG    | log:153 | [get_keyword_boost] Query: 'Hiển thị danh sách các giao dị...' | Doc: Tra cứu giao dịch th | Boost: 0.25 | Matched: ['xử lý']
2025-12-30 17:11:41 | DEBUG    | log:153 | [classify_query_intent] Classified: 'Hiển thị danh sách các giao dị...' -> Tra cứu giao dịch theo trạng t (score=1)
2025-12-30 17:11:41 | DEBUG    | log:153 | [normalize_query] 'Tôi muốn kiểm tra các giao dịch đang pen...' -> 'Tôi muốn kiểm tra các giao dịch đang pen...'
2025-12-30 17:11:41 | DEBUG    | log:153 | [perform_hybrid_search] query_text: [Tôi muốn kiểm tra các giao dịch đang pending] - formatted_query: [Tôi muốn kiểm tra các giao dịch đang pending] - normalized_query: [Tôi muốn kiểm tra các giao dịch đang pending]
2025-12-30 17:11:41 | DEBUG    | log:153 | [perform_hybrid_search] BM25 raw scores: min=0.1258, max=34.9826
2025-12-30 17:11:41 | DEBUG    | log:153 | [get_keyword_boost] Query: 'Tôi muốn kiểm tra các giao dịc...' | Doc: getTransactionList | | Boost: 0.25 | Matched: ['pending']
2025-12-30 17:11:41 | DEBUG    | log:153 | [classify_query_intent] Classified: 'Tôi muốn kiểm tra các giao dịc...' -> getTransactionList | Tra cứu t (score=1)
2025-12-30 17:11:41 | DEBUG    | log:153 | [normalize_query] 'Cho tôi biết những giao dịch nào chưa đư...' -> 'Cho tôi biết những giao dịch nào chưa đư...'
2025-12-30 17:11:41 | DEBUG    | log:153 | [perform_hybrid_search] query_text: [Cho tôi biết những giao dịch nào chưa được duyệt] - formatted_query: [Cho tôi biết những giao dịch nào chưa được duyệt] - normalized_query: [Cho tôi biết những giao dịch nào chưa được duyệt]
2025-12-30 17:11:41 | DEBUG    | log:153 | [perform_hybrid_search] BM25 raw scores: min=0.0944, max=36.8075
2025-12-30 17:11:41 | DEBUG    | log:153 | [classify_query_intent] No keyword matches found in: 'Cho tôi biết những giao dịch nào chưa được duyệt'
2025-12-30 17:11:41 | DEBUG    | log:153 | [normalize_query] 'Liệt kê các lệnh đang chờ phê duyệt...' -> 'Liệt kê các lệnh đang chờ phê duyệt...'
2025-12-30 17:11:41 | DEBUG    | log:153 | [perform_hybrid_search] query_text: [Liệt kê các lệnh đang chờ phê duyệt] - formatted_query: [Liệt kê các lệnh đang chờ phê duyệt] - normalized_query: [Liệt kê các lệnh đang chờ phê duyệt]
2025-12-30 17:11:41 | DEBUG    | log:153 | [perform_hybrid_search] BM25 raw scores: min=0.0000, max=57.8492
2025-12-30 17:11:41 | DEBUG    | log:153 | [get_keyword_boost] Query: 'Liệt kê các lệnh đang chờ phê ...' | Doc: Tra cứu giao dịch th | Boost: 0.50 | Matched: ['chờ', 'phê duyệt']
2025-12-30 17:11:41 | DEBUG    | log:153 | [classify_query_intent] Classified: 'Liệt kê các lệnh đang chờ phê ...' -> Tra cứu giao dịch theo trạng t (score=2)
2025-12-30 17:11:41 | DEBUG    | log:153 | [normalize_query] 'Các giao dịch nào hiện tại chưa hoàn tất...' -> 'Các giao dịch nào hiện tại chưa hoàn tất...'
2025-12-30 17:11:41 | DEBUG    | log:153 | [perform_hybrid_search] query_text: [Các giao dịch nào hiện tại chưa hoàn tất?] - formatted_query: [Các giao dịch nào hiện tại chưa hoàn tất] - normalized_query: [Các giao dịch nào hiện tại chưa hoàn tất]
2025-12-30 17:11:42 | DEBUG    | log:153 | [perform_hybrid_search] BM25 raw scores: min=0.1917, max=41.8293
2025-12-30 17:11:42 | DEBUG    | log:153 | [get_keyword_boost] Query: 'Các giao dịch nào hiện tại chư...' | Doc: Tra cứu giao dịch th | Boost: 0.25 | Matched: ['hoàn tất']
2025-12-30 17:11:42 | DEBUG    | log:153 | [classify_query_intent] Classified: 'Các giao dịch nào hiện tại chư...' -> Tra cứu giao dịch theo trạng t (score=1)
2025-12-30 17:11:42 | DEBUG    | log:153 | [normalize_query] 'Xem danh sách giao dịch đang chờ xử lý...' -> 'Xem danh sách giao dịch đang chờ xử lý...'
2025-12-30 17:11:42 | DEBUG    | log:153 | [perform_hybrid_search] query_text: [Xem danh sách giao dịch đang chờ xử lý] - formatted_query: [Xem danh sách giao dịch đang chờ xử lý] - normalized_query: [Xem danh sách giao dịch đang chờ xử lý]
2025-12-30 17:11:42 | DEBUG    | log:153 | [perform_hybrid_search] BM25 raw scores: min=0.0944, max=81.4615
2025-12-30 17:11:42 | DEBUG    | log:153 | [get_keyword_boost] Query: 'Xem danh sách giao dịch đang c...' | Doc: Tra cứu giao dịch th | Boost: 0.50 | Matched: ['xử lý', 'chờ']
2025-12-30 17:11:42 | DEBUG    | log:153 | [classify_query_intent] Classified: 'Xem danh sách giao dịch đang c...' -> Tra cứu giao dịch theo trạng t (score=2)
2025-12-30 17:11:42 | DEBUG    | log:153 | [normalize_query] 'Hiển thị toàn bộ giao dịch chưa được phê...' -> 'Hiển thị toàn bộ giao dịch chưa được phê...'
2025-12-30 17:11:42 | DEBUG    | log:153 | [perform_hybrid_search] query_text: [Hiển thị toàn bộ giao dịch chưa được phê duyệt] - formatted_query: [Hiển thị toàn bộ giao dịch chưa được phê duyệt] - normalized_query: [Hiển thị toàn bộ giao dịch chưa được phê duyệt]
2025-12-30 17:11:42 | DEBUG    | log:153 | [perform_hybrid_search] BM25 raw scores: min=0.0966, max=65.1921
2025-12-30 17:11:42 | DEBUG    | log:153 | [get_keyword_boost] Query: 'Hiển thị toàn bộ giao dịch chư...' | Doc: Tra cứu giao dịch th | Boost: 0.25 | Matched: ['phê duyệt']
2025-12-30 17:11:42 | DEBUG    | log:153 | [classify_query_intent] Classified: 'Hiển thị toàn bộ giao dịch chư...' -> Tra cứu giao dịch theo trạng t (score=1)
2025-12-30 17:11:42 | DEBUG    | log:153 | [normalize_query] 'Có giao dịch nào đang bị treo không?...' -> 'Có giao dịch nào đang bị treo không...'
2025-12-30 17:11:42 | DEBUG    | log:153 | [perform_hybrid_search] query_text: [Có giao dịch nào đang bị treo không?] - formatted_query: [Có giao dịch nào đang bị treo không] - normalized_query: [Có giao dịch nào đang bị treo không]
2025-12-30 17:11:42 | DEBUG    | log:153 | [perform_hybrid_search] BM25 raw scores: min=0.0944, max=44.9172
2025-12-30 17:11:42 | DEBUG    | log:153 | [classify_query_intent] No keyword matches found in: 'Có giao dịch nào đang bị treo không'
2025-12-30 17:11:42 | DEBUG    | log:153 | [normalize_query] 'Cho tôi xem các giao dịch đang ở trạng t...' -> 'Cho tôi xem các giao dịch đang ở trạng t...'
2025-12-30 17:11:42 | DEBUG    | log:153 | [perform_hybrid_search] query_text: [Cho tôi xem các giao dịch đang ở trạng thái pending] - formatted_query: [Cho tôi xem các giao dịch đang ở trạng thái pending] - normalized_query: [Cho tôi xem các giao dịch đang ở trạng thái pending]
2025-12-30 17:11:42 | DEBUG    | log:153 | [perform_hybrid_search] BM25 raw scores: min=0.0944, max=49.8233
2025-12-30 17:11:42 | DEBUG    | log:153 | [get_keyword_boost] Query: 'Cho tôi xem các giao dịch đang...' | Doc: Tra cứu giao dịch th | Boost: 0.25 | Matched: ['trạng thái']
2025-12-30 17:11:42 | DEBUG    | log:153 | [get_keyword_boost] Query: 'Cho tôi xem các giao dịch đang...' | Doc: getTransactionList | | Boost: 0.25 | Matched: ['pending']
2025-12-30 17:11:42 | DEBUG    | log:153 | [classify_query_intent] Ambiguous: 'Cho tôi xem các giao dịch đang...' | Scores: {'Tra cứu giao dịch theo trạng thái': 1, 'getTransactionList | Tra cứu toàn bộ giao dịch đang chờ xử lý hoặc chờ duyệt': 1}
2025-12-30 17:11:42 | DEBUG    | log:153 | [normalize_query] 'Liệt kê tất cả giao dịch cần duyệt trong...' -> 'Liệt kê tất cả giao dịch cần duyệt trong...'
2025-12-30 17:11:42 | DEBUG    | log:153 | [perform_hybrid_search] query_text: [Liệt kê tất cả giao dịch cần duyệt trong hệ thống] - formatted_query: [Liệt kê tất cả giao dịch cần duyệt trong hệ thống] - normalized_query: [Liệt kê tất cả giao dịch cần duyệt trong hệ thống]
2025-12-30 17:11:42 | DEBUG    | log:153 | [perform_hybrid_search] BM25 raw scores: min=0.1258, max=69.4089
2025-12-30 17:11:42 | DEBUG    | log:153 | [get_keyword_boost] Query: 'Liệt kê tất cả giao dịch cần d...' | Doc: getTransactionList | | Boost: 0.25 | Matched: ['cần duyệt']
2025-12-30 17:11:42 | DEBUG    | log:153 | [classify_query_intent] Classified: 'Liệt kê tất cả giao dịch cần d...' -> getTransactionList | Tra cứu t (score=1)
2025-12-30 17:11:42 | INFO     | log:151 | [search_batch_stream] Completed in 0.57s, avg 0.028s/row, saved to query_template00_192-168-40-86_20251230_171141.xlsx
