2025-12-22 18:01:40,950 INFO sqlalchemy.engine.Engine base.py:1846: select pg_catalog.version()
2025-12-22 18:01:40,950 INFO sqlalchemy.engine.Engine base.py:1846: [raw sql] {}
2025-12-22 18:01:40,954 INFO sqlalchemy.engine.Engine base.py:1846: select current_schema()
2025-12-22 18:01:40,954 INFO sqlalchemy.engine.Engine base.py:1846: [raw sql] {}
2025-12-22 18:01:40,955 INFO sqlalchemy.engine.Engine base.py:1846: show standard_conforming_strings
2025-12-22 18:01:40,955 INFO sqlalchemy.engine.Engine base.py:1846: [raw sql] {}
2025-12-22 18:01:40,958 INFO sqlalchemy.engine.Engine base.py:2710: BEGIN (implicit)
2025-12-22 18:01:40,958 INFO sqlalchemy.engine.Engine base.py:1846: SELECT COUNT(*) FROM pg_database WHERE datname = 'pixeltable'
2025-12-22 18:01:40,958 INFO sqlalchemy.engine.Engine base.py:1846: [generated in 0.00012s] {}
2025-12-22 18:01:40,959 INFO sqlalchemy.engine.Engine base.py:2716: COMMIT
2025-12-22 18:01:40,959 INFO pixeltable env.py:499: found database at: postgresql+psycopg://postgres:@/pixeltable?host=/home/javis-ai/Javis_AI_UAT/Javis_AI_DEMO/6804_DDQ/data_models/database/pixeltable/pgdata
2025-12-22 18:01:40,960 INFO pixeltable env.py:582: Created SQLAlchemy engine at: postgresql+psycopg://postgres:@/pixeltable?host=/home/javis-ai/Javis_AI_UAT/Javis_AI_DEMO/6804_DDQ/data_models/database/pixeltable/pgdata
2025-12-22 18:01:40,960 INFO pixeltable env.py:583: Engine dialect: postgresql
2025-12-22 18:01:40,960 INFO pixeltable env.py:584: Engine driver : psycopg
2025-12-22 18:01:40,966 INFO sqlalchemy.engine.Engine base.py:1846: select pg_catalog.version()
2025-12-22 18:01:40,966 INFO sqlalchemy.engine.Engine base.py:1846: [raw sql] {}
2025-12-22 18:01:40,967 INFO sqlalchemy.engine.Engine base.py:1846: select current_schema()
2025-12-22 18:01:40,967 INFO sqlalchemy.engine.Engine base.py:1846: [raw sql] {}
2025-12-22 18:01:40,968 INFO sqlalchemy.engine.Engine base.py:1846: show standard_conforming_strings
2025-12-22 18:01:40,968 INFO sqlalchemy.engine.Engine base.py:1846: [raw sql] {}
2025-12-22 18:01:40,971 INFO sqlalchemy.engine.Engine base.py:2710: BEGIN (implicit)
2025-12-22 18:01:40,972 INFO sqlalchemy.engine.Engine base.py:1846: SHOW TIME ZONE
2025-12-22 18:01:40,972 INFO sqlalchemy.engine.Engine base.py:1846: [generated in 0.00007s] {}
2025-12-22 18:01:40,972 INFO pixeltable env.py:589: Database time zone is now: Asia/Ho_Chi_Minh
2025-12-22 18:01:40,972 INFO sqlalchemy.engine.Engine base.py:2716: COMMIT
2025-12-22 18:01:40,972 INFO sqlalchemy.engine.Engine base.py:2710: BEGIN (implicit)
2025-12-22 18:01:40,976 INFO sqlalchemy.engine.Engine base.py:1846: SELECT pg_catalog.pg_class.relname 
FROM pg_catalog.pg_class JOIN pg_catalog.pg_namespace ON pg_catalog.pg_namespace.oid = pg_catalog.pg_class.relnamespace 
WHERE pg_catalog.pg_class.relname = %(table_name)s::VARCHAR AND pg_catalog.pg_class.relkind = ANY (ARRAY[%(param_1)s::VARCHAR, %(param_2)s::VARCHAR, %(param_3)s::VARCHAR, %(param_4)s::VARCHAR, %(param_5)s::VARCHAR]) AND pg_catalog.pg_table_is_visible(pg_catalog.pg_class.oid) AND pg_catalog.pg_namespace.nspname != %(nspname_1)s::VARCHAR
2025-12-22 18:01:40,976 INFO sqlalchemy.engine.Engine base.py:1846: [generated in 0.00015s] {'table_name': 'systeminfo', 'param_1': 'r', 'param_2': 'p', 'param_3': 'f', 'param_4': 'v', 'param_5': 'm', 'nspname_1': 'pg_catalog'}
2025-12-22 18:01:40,977 INFO sqlalchemy.engine.Engine base.py:1846: SELECT pg_catalog.pg_class.relname 
FROM pg_catalog.pg_class JOIN pg_catalog.pg_namespace ON pg_catalog.pg_namespace.oid = pg_catalog.pg_class.relnamespace 
WHERE pg_catalog.pg_class.relname = %(table_name)s::VARCHAR AND pg_catalog.pg_class.relkind = ANY (ARRAY[%(param_1)s::VARCHAR, %(param_2)s::VARCHAR, %(param_3)s::VARCHAR, %(param_4)s::VARCHAR, %(param_5)s::VARCHAR]) AND pg_catalog.pg_table_is_visible(pg_catalog.pg_class.oid) AND pg_catalog.pg_namespace.nspname != %(nspname_1)s::VARCHAR
2025-12-22 18:01:40,977 INFO sqlalchemy.engine.Engine base.py:1846: [cached since 0.00169s ago] {'table_name': 'dirs', 'param_1': 'r', 'param_2': 'p', 'param_3': 'f', 'param_4': 'v', 'param_5': 'm', 'nspname_1': 'pg_catalog'}
2025-12-22 18:01:40,978 INFO sqlalchemy.engine.Engine base.py:1846: SELECT pg_catalog.pg_class.relname 
FROM pg_catalog.pg_class JOIN pg_catalog.pg_namespace ON pg_catalog.pg_namespace.oid = pg_catalog.pg_class.relnamespace 
WHERE pg_catalog.pg_class.relname = %(table_name)s::VARCHAR AND pg_catalog.pg_class.relkind = ANY (ARRAY[%(param_1)s::VARCHAR, %(param_2)s::VARCHAR, %(param_3)s::VARCHAR, %(param_4)s::VARCHAR, %(param_5)s::VARCHAR]) AND pg_catalog.pg_table_is_visible(pg_catalog.pg_class.oid) AND pg_catalog.pg_namespace.nspname != %(nspname_1)s::VARCHAR
2025-12-22 18:01:40,978 INFO sqlalchemy.engine.Engine base.py:1846: [cached since 0.002094s ago] {'table_name': 'tables', 'param_1': 'r', 'param_2': 'p', 'param_3': 'f', 'param_4': 'v', 'param_5': 'm', 'nspname_1': 'pg_catalog'}
2025-12-22 18:01:40,978 INFO sqlalchemy.engine.Engine base.py:1846: SELECT pg_catalog.pg_class.relname 
FROM pg_catalog.pg_class JOIN pg_catalog.pg_namespace ON pg_catalog.pg_namespace.oid = pg_catalog.pg_class.relnamespace 
WHERE pg_catalog.pg_class.relname = %(table_name)s::VARCHAR AND pg_catalog.pg_class.relkind = ANY (ARRAY[%(param_1)s::VARCHAR, %(param_2)s::VARCHAR, %(param_3)s::VARCHAR, %(param_4)s::VARCHAR, %(param_5)s::VARCHAR]) AND pg_catalog.pg_table_is_visible(pg_catalog.pg_class.oid) AND pg_catalog.pg_namespace.nspname != %(nspname_1)s::VARCHAR
2025-12-22 18:01:40,978 INFO sqlalchemy.engine.Engine base.py:1846: [cached since 0.002442s ago] {'table_name': 'tableversions', 'param_1': 'r', 'param_2': 'p', 'param_3': 'f', 'param_4': 'v', 'param_5': 'm', 'nspname_1': 'pg_catalog'}
2025-12-22 18:01:40,978 INFO sqlalchemy.engine.Engine base.py:1846: SELECT pg_catalog.pg_class.relname 
FROM pg_catalog.pg_class JOIN pg_catalog.pg_namespace ON pg_catalog.pg_namespace.oid = pg_catalog.pg_class.relnamespace 
WHERE pg_catalog.pg_class.relname = %(table_name)s::VARCHAR AND pg_catalog.pg_class.relkind = ANY (ARRAY[%(param_1)s::VARCHAR, %(param_2)s::VARCHAR, %(param_3)s::VARCHAR, %(param_4)s::VARCHAR, %(param_5)s::VARCHAR]) AND pg_catalog.pg_table_is_visible(pg_catalog.pg_class.oid) AND pg_catalog.pg_namespace.nspname != %(nspname_1)s::VARCHAR
2025-12-22 18:01:40,978 INFO sqlalchemy.engine.Engine base.py:1846: [cached since 0.002741s ago] {'table_name': 'tableschemaversions', 'param_1': 'r', 'param_2': 'p', 'param_3': 'f', 'param_4': 'v', 'param_5': 'm', 'nspname_1': 'pg_catalog'}
2025-12-22 18:01:40,978 INFO sqlalchemy.engine.Engine base.py:1846: SELECT pg_catalog.pg_class.relname 
FROM pg_catalog.pg_class JOIN pg_catalog.pg_namespace ON pg_catalog.pg_namespace.oid = pg_catalog.pg_class.relnamespace 
WHERE pg_catalog.pg_class.relname = %(table_name)s::VARCHAR AND pg_catalog.pg_class.relkind = ANY (ARRAY[%(param_1)s::VARCHAR, %(param_2)s::VARCHAR, %(param_3)s::VARCHAR, %(param_4)s::VARCHAR, %(param_5)s::VARCHAR]) AND pg_catalog.pg_table_is_visible(pg_catalog.pg_class.oid) AND pg_catalog.pg_namespace.nspname != %(nspname_1)s::VARCHAR
2025-12-22 18:01:40,979 INFO sqlalchemy.engine.Engine base.py:1846: [cached since 0.003023s ago] {'table_name': 'pendingtableops', 'param_1': 'r', 'param_2': 'p', 'param_3': 'f', 'param_4': 'v', 'param_5': 'm', 'nspname_1': 'pg_catalog'}
2025-12-22 18:01:40,979 INFO sqlalchemy.engine.Engine base.py:1846: SELECT pg_catalog.pg_class.relname 
FROM pg_catalog.pg_class JOIN pg_catalog.pg_namespace ON pg_catalog.pg_namespace.oid = pg_catalog.pg_class.relnamespace 
WHERE pg_catalog.pg_class.relname = %(table_name)s::VARCHAR AND pg_catalog.pg_class.relkind = ANY (ARRAY[%(param_1)s::VARCHAR, %(param_2)s::VARCHAR, %(param_3)s::VARCHAR, %(param_4)s::VARCHAR, %(param_5)s::VARCHAR]) AND pg_catalog.pg_table_is_visible(pg_catalog.pg_class.oid) AND pg_catalog.pg_namespace.nspname != %(nspname_1)s::VARCHAR
2025-12-22 18:01:40,979 INFO sqlalchemy.engine.Engine base.py:1846: [cached since 0.003358s ago] {'table_name': 'functions', 'param_1': 'r', 'param_2': 'p', 'param_3': 'f', 'param_4': 'v', 'param_5': 'm', 'nspname_1': 'pg_catalog'}
2025-12-22 18:01:40,979 INFO sqlalchemy.engine.Engine base.py:2716: COMMIT
2025-12-22 18:01:40,982 INFO sqlalchemy.engine.Engine base.py:2710: BEGIN (implicit)
2025-12-22 18:01:40,984 INFO sqlalchemy.engine.Engine base.py:1846: SELECT count(*) AS count_1 
FROM (SELECT systeminfo.dummy AS systeminfo_dummy, systeminfo.md AS systeminfo_md 
FROM systeminfo) AS anon_1
2025-12-22 18:01:40,984 INFO sqlalchemy.engine.Engine base.py:1846: [generated in 0.00011s] {}
2025-12-22 18:01:40,986 INFO sqlalchemy.engine.Engine base.py:2713: ROLLBACK
2025-12-22 18:01:40,986 INFO pixeltable env.py:507: Connected to Pixeltable database at: postgresql+psycopg://postgres:@/pixeltable?host=/home/javis-ai/Javis_AI_UAT/Javis_AI_DEMO/6804_DDQ/data_models/database/pixeltable/pgdata
2025-12-22 18:01:40,988 INFO sqlalchemy.engine.Engine base.py:2710: BEGIN (implicit)
2025-12-22 18:01:40,989 INFO sqlalchemy.engine.Engine base.py:1846: SELECT systeminfo.dummy AS systeminfo_dummy, systeminfo.md AS systeminfo_md 
FROM systeminfo FOR UPDATE
2025-12-22 18:01:40,989 INFO sqlalchemy.engine.Engine base.py:1846: [generated in 0.00009s] {}
2025-12-22 18:01:40,990 INFO pixeltable __init__.py:62: Current database version: 44, installed version: 44
2025-12-22 18:01:40,990 INFO sqlalchemy.engine.Engine base.py:2713: ROLLBACK
2025-12-22 18:01:40,990 INFO sqlalchemy.engine.Engine base.py:2710: BEGIN (implicit)
2025-12-22 18:01:40,993 INFO sqlalchemy.engine.Engine base.py:1846: SELECT count(*) AS count_1 
FROM (SELECT dirs.id AS dirs_id, dirs.parent_id AS dirs_parent_id, dirs.md AS dirs_md, dirs.additional_md AS dirs_additional_md, dirs.lock_dummy AS dirs_lock_dummy 
FROM dirs 
WHERE (dirs.md ->> %(md_1)s::TEXT) IS NULL) AS anon_1
2025-12-22 18:01:40,993 INFO sqlalchemy.engine.Engine base.py:1846: [generated in 0.00016s] {'md_1': 'user'}
2025-12-22 18:01:40,994 INFO sqlalchemy.engine.Engine base.py:2716: COMMIT
2025-12-22 18:01:40,994 INFO pixeltable catalog.py:2361: Initialized catalog.
2025-12-22 18:01:40,994 INFO sqlalchemy.engine.Engine base.py:2710: BEGIN (implicit)
2025-12-22 18:01:40,995 INFO sqlalchemy.engine.Engine base.py:1846: SELECT dirs.id, dirs.parent_id, dirs.md, dirs.additional_md, dirs.lock_dummy 
FROM dirs 
WHERE dirs.parent_id IS NULL AND (dirs.md ->> %(md_1)s::TEXT) IS NULL
2025-12-22 18:01:40,995 INFO sqlalchemy.engine.Engine base.py:1846: [generated in 0.00010s] {'md_1': 'user'}
2025-12-22 18:01:40,996 INFO sqlalchemy.engine.Engine base.py:1846: SELECT dirs.id, dirs.parent_id, dirs.md, dirs.additional_md, dirs.lock_dummy 
FROM dirs 
WHERE dirs.parent_id = %(parent_id_1)s::UUID AND (dirs.md ->> %(md_1)s::TEXT) = %(param_1)s::VARCHAR AND (dirs.md ->> %(md_2)s::TEXT) IS NULL
2025-12-22 18:01:40,997 INFO sqlalchemy.engine.Engine base.py:1846: [generated in 0.00012s] {'parent_id_1': UUID('a28d586a-8b0d-422d-bb06-2cb6b6ee8695'), 'md_1': 'name', 'param_1': 'knowledge_base_6804', 'md_2': 'user'}
2025-12-22 18:01:40,997 INFO sqlalchemy.engine.Engine base.py:1846: SELECT dirs.id, dirs.parent_id, dirs.md, dirs.additional_md, dirs.lock_dummy 
FROM dirs 
WHERE dirs.parent_id = %(parent_id_1)s::UUID AND (dirs.md ->> %(md_1)s::TEXT) = %(param_1)s::VARCHAR AND (dirs.md ->> %(md_2)s::TEXT) IS NULL
2025-12-22 18:01:40,997 INFO sqlalchemy.engine.Engine base.py:1846: [cached since 0.00106s ago] {'parent_id_1': UUID('ec2ab1e6-9d7a-432b-82d7-0415120641c6'), 'md_1': 'name', 'param_1': 'documents_6804', 'md_2': 'user'}
2025-12-22 18:01:40,999 INFO sqlalchemy.engine.Engine base.py:1846: SELECT tables.id 
FROM tables 
WHERE (tables.md ->> %(md_1)s::TEXT) = %(param_1)s::VARCHAR AND tables.dir_id = %(dir_id_1)s::UUID AND coalesce((tables.md ->> %(md_2)s::TEXT), %(coalesce_1)s::VARCHAR) != %(coalesce_2)s::VARCHAR AND (tables.md ->> %(md_3)s::TEXT) IS NULL
2025-12-22 18:01:40,999 INFO sqlalchemy.engine.Engine base.py:1846: [generated in 0.00013s] {'md_1': 'name', 'param_1': 'documents_6804', 'dir_id_1': UUID('ec2ab1e6-9d7a-432b-82d7-0415120641c6'), 'md_2': 'pending_stmt', 'coalesce_1': '-1', 'coalesce_2': '2', 'md_3': 'user'}
2025-12-22 18:01:41,000 INFO pixeltable catalog.py:1809: Loading table 58414fc9-def7-46ef-b621-51d5e813b57d
2025-12-22 18:01:41,001 INFO sqlalchemy.engine.Engine base.py:1846: SELECT count(*) AS count_1 
FROM pendingtableops 
WHERE pendingtableops.tbl_id = %(tbl_id_1)s::UUID
2025-12-22 18:01:41,001 INFO sqlalchemy.engine.Engine base.py:1846: [generated in 0.00009s] {'tbl_id_1': UUID('58414fc9-def7-46ef-b621-51d5e813b57d')}
2025-12-22 18:01:41,003 INFO sqlalchemy.engine.Engine base.py:1846: SELECT tables.id, tables.dir_id, tables.md, tables.additional_md, tables.lock_dummy, tableschemaversions.tbl_id, tableschemaversions.schema_version, tableschemaversions.md AS md_1, tableschemaversions.additional_md AS additional_md_1 
FROM tables JOIN tableschemaversions ON tables.id = tableschemaversions.tbl_id 
WHERE tables.id = tableschemaversions.tbl_id AND CAST(tables.md[%(md_2)s::TEXT] AS INTEGER) = tableschemaversions.schema_version AND tables.id = %(id_1)s::UUID
2025-12-22 18:01:41,003 INFO sqlalchemy.engine.Engine base.py:1846: [generated in 0.00012s] {'md_2': 'current_schema_version', 'id_1': UUID('58414fc9-def7-46ef-b621-51d5e813b57d')}
2025-12-22 18:01:41,008 INFO sqlalchemy.engine.Engine base.py:1846: SELECT tables.id, tables.dir_id, tables.md, tables.additional_md, tables.lock_dummy, tableversions.tbl_id, tableversions.version, tableversions.md AS md_1, tableversions.additional_md AS additional_md_1, tableschemaversions.tbl_id AS tbl_id_1, tableschemaversions.schema_version, tableschemaversions.md AS md_2, tableschemaversions.additional_md AS additional_md_2 
FROM tables JOIN tableversions ON tables.id = tableversions.tbl_id JOIN tableschemaversions ON tables.id = tableschemaversions.tbl_id 
WHERE tables.id = %(id_1)s::UUID AND tableversions.tbl_id = %(tbl_id_2)s::UUID AND tableschemaversions.tbl_id = %(tbl_id_3)s::UUID AND CAST(tables.md[%(md_3)s::TEXT] AS INTEGER) = tableversions.version AND CAST(tables.md[%(md_4)s::TEXT] AS INTEGER) = tableschemaversions.schema_version
2025-12-22 18:01:41,008 INFO sqlalchemy.engine.Engine base.py:1846: [generated in 0.00013s] {'id_1': UUID('58414fc9-def7-46ef-b621-51d5e813b57d'), 'tbl_id_2': UUID('58414fc9-def7-46ef-b621-51d5e813b57d'), 'tbl_id_3': UUID('58414fc9-def7-46ef-b621-51d5e813b57d'), 'md_3': 'current_version', 'md_4': 'current_schema_version'}
2025-12-22 18:01:41,012 INFO sqlalchemy.engine.Engine base.py:1846: SELECT count(*) AS count_1 
FROM tables JOIN pendingtableops ON tables.id = pendingtableops.tbl_id 
WHERE pendingtableops.tbl_id = %(tbl_id_1)s::UUID AND tables.id = %(id_1)s::UUID
2025-12-22 18:01:41,012 INFO sqlalchemy.engine.Engine base.py:1846: [generated in 0.00011s] {'tbl_id_1': UUID('58414fc9-def7-46ef-b621-51d5e813b57d'), 'id_1': UUID('58414fc9-def7-46ef-b621-51d5e813b57d')}
2025-12-22 18:01:41,014 INFO sqlalchemy.engine.Engine base.py:1846: SELECT tables.id 
FROM tables 
WHERE ((tables.md[%(md_1)s::TEXT][%(param_1)s::TEXT][%(param_2)s::INT]) ->> %(param_3)s::INT) = %(param_4)s::VARCHAR AND ((tables.md[%(md_2)s::TEXT][%(param_5)s::TEXT][%(param_6)s::INT]) ->> %(param_7)s::INT) IS NULL
2025-12-22 18:01:41,014 INFO sqlalchemy.engine.Engine base.py:1846: [generated in 0.00012s] {'md_1': 'view_md', 'param_1': 'base_versions', 'param_2': 0, 'param_3': 0, 'param_4': '58414fc9def746efb62151d5e813b57d', 'md_2': 'view_md', 'param_5': 'base_versions', 'param_6': 0, 'param_7': 1}
2025-12-22 18:01:47,120 INFO sqlalchemy.engine.Engine base.py:1846: SELECT COUNT(*) FROM pg_catalog.pg_tables WHERE schemaname = 'public' AND tablename = 'tbl_58414fc9def746efb62151d5e813b57d'
2025-12-22 18:01:47,120 INFO sqlalchemy.engine.Engine base.py:1846: [generated in 0.00032s] {}
2025-12-22 18:01:47,123 INFO sqlalchemy.engine.Engine base.py:1846: SELECT column_name FROM information_schema.columns WHERE table_name = 'tbl_58414fc9def746efb62151d5e813b57d' ORDER BY ordinal_position
2025-12-22 18:01:47,123 INFO sqlalchemy.engine.Engine base.py:1846: [generated in 0.00008s] {}
2025-12-22 18:01:47,132 INFO sqlalchemy.engine.Engine base.py:2716: COMMIT
2025-12-22 18:01:47,132 INFO sqlalchemy.engine.Engine base.py:2710: BEGIN (implicit)
2025-12-22 18:01:47,133 INFO sqlalchemy.engine.Engine base.py:1846: SELECT dirs.id, dirs.parent_id, dirs.md, dirs.additional_md, dirs.lock_dummy 
FROM dirs 
WHERE dirs.parent_id IS NULL AND (dirs.md ->> %(md_1)s::TEXT) IS NULL
2025-12-22 18:01:47,133 INFO sqlalchemy.engine.Engine base.py:1846: [cached since 6.138s ago] {'md_1': 'user'}
2025-12-22 18:01:47,134 INFO sqlalchemy.engine.Engine base.py:1846: SELECT dirs.id, dirs.parent_id, dirs.md, dirs.additional_md, dirs.lock_dummy 
FROM dirs 
WHERE dirs.parent_id = %(parent_id_1)s::UUID AND (dirs.md ->> %(md_1)s::TEXT) = %(param_1)s::VARCHAR AND (dirs.md ->> %(md_2)s::TEXT) IS NULL
2025-12-22 18:01:47,134 INFO sqlalchemy.engine.Engine base.py:1846: [cached since 6.137s ago] {'parent_id_1': UUID('a28d586a-8b0d-422d-bb06-2cb6b6ee8695'), 'md_1': 'name', 'param_1': 'knowledge_base_6804', 'md_2': 'user'}
2025-12-22 18:01:47,134 INFO sqlalchemy.engine.Engine base.py:1846: SELECT dirs.id, dirs.parent_id, dirs.md, dirs.additional_md, dirs.lock_dummy 
FROM dirs 
WHERE dirs.parent_id = %(parent_id_1)s::UUID AND (dirs.md ->> %(md_1)s::TEXT) = %(param_1)s::VARCHAR AND (dirs.md ->> %(md_2)s::TEXT) IS NULL
2025-12-22 18:01:47,134 INFO sqlalchemy.engine.Engine base.py:1846: [cached since 6.138s ago] {'parent_id_1': UUID('ec2ab1e6-9d7a-432b-82d7-0415120641c6'), 'md_1': 'name', 'param_1': 'examples', 'md_2': 'user'}
2025-12-22 18:01:47,135 INFO sqlalchemy.engine.Engine base.py:1846: SELECT tables.id 
FROM tables 
WHERE (tables.md ->> %(md_1)s::TEXT) = %(param_1)s::VARCHAR AND tables.dir_id = %(dir_id_1)s::UUID AND coalesce((tables.md ->> %(md_2)s::TEXT), %(coalesce_1)s::VARCHAR) != %(coalesce_2)s::VARCHAR AND (tables.md ->> %(md_3)s::TEXT) IS NULL
2025-12-22 18:01:47,135 INFO sqlalchemy.engine.Engine base.py:1846: [cached since 6.136s ago] {'md_1': 'name', 'param_1': 'examples', 'dir_id_1': UUID('ec2ab1e6-9d7a-432b-82d7-0415120641c6'), 'md_2': 'pending_stmt', 'coalesce_1': '-1', 'coalesce_2': '2', 'md_3': 'user'}
2025-12-22 18:01:47,136 INFO pixeltable catalog.py:1809: Loading table ab5ed723-f203-43ff-9b84-e08f5ca571ed
2025-12-22 18:01:47,136 INFO sqlalchemy.engine.Engine base.py:1846: SELECT count(*) AS count_1 
FROM pendingtableops 
WHERE pendingtableops.tbl_id = %(tbl_id_1)s::UUID
2025-12-22 18:01:47,136 INFO sqlalchemy.engine.Engine base.py:1846: [cached since 6.135s ago] {'tbl_id_1': UUID('ab5ed723-f203-43ff-9b84-e08f5ca571ed')}
2025-12-22 18:01:47,136 INFO sqlalchemy.engine.Engine base.py:1846: SELECT tables.id, tables.dir_id, tables.md, tables.additional_md, tables.lock_dummy, tableschemaversions.tbl_id, tableschemaversions.schema_version, tableschemaversions.md AS md_1, tableschemaversions.additional_md AS additional_md_1 
FROM tables JOIN tableschemaversions ON tables.id = tableschemaversions.tbl_id 
WHERE tables.id = tableschemaversions.tbl_id AND CAST(tables.md[%(md_2)s::TEXT] AS INTEGER) = tableschemaversions.schema_version AND tables.id = %(id_1)s::UUID
2025-12-22 18:01:47,136 INFO sqlalchemy.engine.Engine base.py:1846: [cached since 6.134s ago] {'md_2': 'current_schema_version', 'id_1': UUID('ab5ed723-f203-43ff-9b84-e08f5ca571ed')}
2025-12-22 18:01:47,138 INFO sqlalchemy.engine.Engine base.py:1846: SELECT tables.id, tables.dir_id, tables.md, tables.additional_md, tables.lock_dummy, tableversions.tbl_id, tableversions.version, tableversions.md AS md_1, tableversions.additional_md AS additional_md_1, tableschemaversions.tbl_id AS tbl_id_1, tableschemaversions.schema_version, tableschemaversions.md AS md_2, tableschemaversions.additional_md AS additional_md_2 
FROM tables JOIN tableversions ON tables.id = tableversions.tbl_id JOIN tableschemaversions ON tables.id = tableschemaversions.tbl_id 
WHERE tables.id = %(id_1)s::UUID AND tableversions.tbl_id = %(tbl_id_2)s::UUID AND tableschemaversions.tbl_id = %(tbl_id_3)s::UUID AND CAST(tables.md[%(md_3)s::TEXT] AS INTEGER) = tableversions.version AND CAST(tables.md[%(md_4)s::TEXT] AS INTEGER) = tableschemaversions.schema_version
2025-12-22 18:01:47,138 INFO sqlalchemy.engine.Engine base.py:1846: [cached since 6.13s ago] {'id_1': UUID('ab5ed723-f203-43ff-9b84-e08f5ca571ed'), 'tbl_id_2': UUID('ab5ed723-f203-43ff-9b84-e08f5ca571ed'), 'tbl_id_3': UUID('ab5ed723-f203-43ff-9b84-e08f5ca571ed'), 'md_3': 'current_version', 'md_4': 'current_schema_version'}
2025-12-22 18:01:47,140 INFO sqlalchemy.engine.Engine base.py:1846: SELECT count(*) AS count_1 
FROM tables JOIN pendingtableops ON tables.id = pendingtableops.tbl_id 
WHERE pendingtableops.tbl_id = %(tbl_id_1)s::UUID AND tables.id = %(id_1)s::UUID
2025-12-22 18:01:47,141 INFO sqlalchemy.engine.Engine base.py:1846: [cached since 6.128s ago] {'tbl_id_1': UUID('ab5ed723-f203-43ff-9b84-e08f5ca571ed'), 'id_1': UUID('ab5ed723-f203-43ff-9b84-e08f5ca571ed')}
2025-12-22 18:01:47,141 INFO sqlalchemy.engine.Engine base.py:1846: SELECT tables.id 
FROM tables 
WHERE ((tables.md[%(md_1)s::TEXT][%(param_1)s::TEXT][%(param_2)s::INT]) ->> %(param_3)s::INT) = %(param_4)s::VARCHAR AND ((tables.md[%(md_2)s::TEXT][%(param_5)s::TEXT][%(param_6)s::INT]) ->> %(param_7)s::INT) IS NULL
2025-12-22 18:01:47,141 INFO sqlalchemy.engine.Engine base.py:1846: [cached since 6.128s ago] {'md_1': 'view_md', 'param_1': 'base_versions', 'param_2': 0, 'param_3': 0, 'param_4': 'ab5ed723f20343ff9b84e08f5ca571ed', 'md_2': 'view_md', 'param_5': 'base_versions', 'param_6': 0, 'param_7': 1}
2025-12-22 18:01:47,147 INFO sqlalchemy.engine.Engine base.py:1846: SELECT COUNT(*) FROM pg_catalog.pg_tables WHERE schemaname = 'public' AND tablename = 'tbl_ab5ed723f20343ff9b84e08f5ca571ed'
2025-12-22 18:01:47,147 INFO sqlalchemy.engine.Engine base.py:1846: [generated in 0.00010s] {}
2025-12-22 18:01:47,147 INFO sqlalchemy.engine.Engine base.py:1846: SELECT column_name FROM information_schema.columns WHERE table_name = 'tbl_ab5ed723f20343ff9b84e08f5ca571ed' ORDER BY ordinal_position
2025-12-22 18:01:47,147 INFO sqlalchemy.engine.Engine base.py:1846: [generated in 0.00006s] {}
2025-12-22 18:01:47,149 INFO sqlalchemy.engine.Engine base.py:2716: COMMIT
2025-12-22 18:01:47,150 INFO sqlalchemy.engine.Engine base.py:2710: BEGIN (implicit)
2025-12-22 18:01:47,151 INFO sqlalchemy.engine.Engine base.py:1846: SELECT tables.id, tables.dir_id, tables.md, tables.additional_md, tables.lock_dummy 
FROM tables 
WHERE tables.id = %(id_1)s::UUID
2025-12-22 18:01:47,151 INFO sqlalchemy.engine.Engine base.py:1846: [generated in 0.00008s] {'id_1': UUID('58414fc9-def7-46ef-b621-51d5e813b57d')}
2025-12-22 18:01:47,153 INFO sqlalchemy.engine.Engine base.py:1846: SELECT count(*) AS count_1 
FROM pendingtableops 
WHERE pendingtableops.tbl_id = %(tbl_id_1)s::UUID
2025-12-22 18:01:47,153 INFO sqlalchemy.engine.Engine base.py:1846: [cached since 6.152s ago] {'tbl_id_1': UUID('58414fc9-def7-46ef-b621-51d5e813b57d')}
2025-12-22 18:01:47,154 INFO sqlalchemy.engine.Engine base.py:1846: SELECT tables.md 
FROM tables 
WHERE tables.id = %(id_1)s::UUID AND coalesce((tables.md ->> %(md_1)s::TEXT), %(coalesce_1)s::VARCHAR) != %(coalesce_2)s::VARCHAR
2025-12-22 18:01:47,154 INFO sqlalchemy.engine.Engine base.py:1846: [generated in 0.00011s] {'id_1': UUID('58414fc9-def7-46ef-b621-51d5e813b57d'), 'md_1': 'pending_stmt', 'coalesce_1': '-1', 'coalesce_2': '2'}
2025-12-22 18:01:47,155 INFO sqlalchemy.engine.Engine base.py:1846: SELECT tables.md 
FROM tables 
WHERE tables.id = %(id_1)s::UUID AND coalesce((tables.md ->> %(md_1)s::TEXT), %(coalesce_1)s::VARCHAR) != %(coalesce_2)s::VARCHAR
2025-12-22 18:01:47,155 INFO sqlalchemy.engine.Engine base.py:1846: [cached since 0.000899s ago] {'id_1': UUID('58414fc9-def7-46ef-b621-51d5e813b57d'), 'md_1': 'pending_stmt', 'coalesce_1': '-1', 'coalesce_2': '2'}
2025-12-22 18:01:47,155 INFO sqlalchemy.engine.Engine base.py:2716: COMMIT
2025-12-22 18:01:47,156 INFO sqlalchemy.engine.Engine base.py:2710: BEGIN (implicit)
2025-12-22 18:01:47,156 INFO sqlalchemy.engine.Engine base.py:1846: SELECT tables.md 
FROM tables 
WHERE tables.id = %(id_1)s::UUID AND coalesce((tables.md ->> %(md_1)s::TEXT), %(coalesce_1)s::VARCHAR) != %(coalesce_2)s::VARCHAR
2025-12-22 18:01:47,156 INFO sqlalchemy.engine.Engine base.py:1846: [cached since 0.002409s ago] {'id_1': UUID('58414fc9-def7-46ef-b621-51d5e813b57d'), 'md_1': 'pending_stmt', 'coalesce_1': '-1', 'coalesce_2': '2'}
2025-12-22 18:01:47,157 INFO sqlalchemy.engine.Engine base.py:1846: SELECT tables.md 
FROM tables 
WHERE tables.id = %(id_1)s::UUID AND coalesce((tables.md ->> %(md_1)s::TEXT), %(coalesce_1)s::VARCHAR) != %(coalesce_2)s::VARCHAR
2025-12-22 18:01:47,157 INFO sqlalchemy.engine.Engine base.py:1846: [cached since 0.003174s ago] {'id_1': UUID('58414fc9-def7-46ef-b621-51d5e813b57d'), 'md_1': 'pending_stmt', 'coalesce_1': '-1', 'coalesce_2': '2'}
2025-12-22 18:01:47,161 INFO sqlalchemy.engine.Engine base.py:1846: WITH anon_1 AS 
(SELECT tbl_58414fc9def746efb62151d5e813b57d.col_0 AS col_0, tbl_58414fc9def746efb62151d5e813b57d.col_1 AS col_1, tbl_58414fc9def746efb62151d5e813b57d.col_2 AS col_2, tbl_58414fc9def746efb62151d5e813b57d.col_3 AS col_3, tbl_58414fc9def746efb62151d5e813b57d.col_4 AS col_4, tbl_58414fc9def746efb62151d5e813b57d.col_5 AS col_5, tbl_58414fc9def746efb62151d5e813b57d.col_6 AS col_6, tbl_58414fc9def746efb62151d5e813b57d.col_7 AS col_7, tbl_58414fc9def746efb62151d5e813b57d.col_8 AS col_8, tbl_58414fc9def746efb62151d5e813b57d.col_9 AS col_9, tbl_58414fc9def746efb62151d5e813b57d.col_2_cellmd AS col_2_cellmd, tbl_58414fc9def746efb62151d5e813b57d.rowid AS rowid, tbl_58414fc9def746efb62151d5e813b57d.v_min AS v_min 
FROM tbl_58414fc9def746efb62151d5e813b57d 
WHERE tbl_58414fc9def746efb62151d5e813b57d.v_min <= %(v_min_1)s::BIGINT AND tbl_58414fc9def746efb62151d5e813b57d.v_max > %(v_max_1)s::BIGINT)
 SELECT count(*) AS all_count 
FROM anon_1
2025-12-22 18:01:47,161 INFO sqlalchemy.engine.Engine base.py:1846: [generated in 0.00013s] {'v_min_1': 16, 'v_max_1': 16}
2025-12-22 18:01:47,163 INFO sqlalchemy.engine.Engine base.py:2716: COMMIT
2025-12-22 18:01:47,163 INFO sqlalchemy.engine.Engine base.py:2710: BEGIN (implicit)
2025-12-22 18:01:47,163 INFO sqlalchemy.engine.Engine base.py:1846: SELECT tables.id, tables.dir_id, tables.md, tables.additional_md, tables.lock_dummy 
FROM tables 
WHERE tables.id = %(id_1)s::UUID
2025-12-22 18:01:47,163 INFO sqlalchemy.engine.Engine base.py:1846: [cached since 0.01286s ago] {'id_1': UUID('ab5ed723-f203-43ff-9b84-e08f5ca571ed')}
2025-12-22 18:01:47,165 INFO sqlalchemy.engine.Engine base.py:1846: SELECT count(*) AS count_1 
FROM pendingtableops 
WHERE pendingtableops.tbl_id = %(tbl_id_1)s::UUID
2025-12-22 18:01:47,165 INFO sqlalchemy.engine.Engine base.py:1846: [cached since 6.164s ago] {'tbl_id_1': UUID('ab5ed723-f203-43ff-9b84-e08f5ca571ed')}
2025-12-22 18:01:47,165 INFO sqlalchemy.engine.Engine base.py:1846: SELECT tables.md 
FROM tables 
WHERE tables.id = %(id_1)s::UUID AND coalesce((tables.md ->> %(md_1)s::TEXT), %(coalesce_1)s::VARCHAR) != %(coalesce_2)s::VARCHAR
2025-12-22 18:01:47,165 INFO sqlalchemy.engine.Engine base.py:1846: [cached since 0.01149s ago] {'id_1': UUID('ab5ed723-f203-43ff-9b84-e08f5ca571ed'), 'md_1': 'pending_stmt', 'coalesce_1': '-1', 'coalesce_2': '2'}
2025-12-22 18:01:47,166 INFO sqlalchemy.engine.Engine base.py:1846: SELECT tables.md 
FROM tables 
WHERE tables.id = %(id_1)s::UUID AND coalesce((tables.md ->> %(md_1)s::TEXT), %(coalesce_1)s::VARCHAR) != %(coalesce_2)s::VARCHAR
2025-12-22 18:01:47,166 INFO sqlalchemy.engine.Engine base.py:1846: [cached since 0.01216s ago] {'id_1': UUID('ab5ed723-f203-43ff-9b84-e08f5ca571ed'), 'md_1': 'pending_stmt', 'coalesce_1': '-1', 'coalesce_2': '2'}
2025-12-22 18:01:47,167 INFO sqlalchemy.engine.Engine base.py:2716: COMMIT
2025-12-22 18:01:47,167 INFO sqlalchemy.engine.Engine base.py:2710: BEGIN (implicit)
2025-12-22 18:01:47,167 INFO sqlalchemy.engine.Engine base.py:1846: SELECT tables.md 
FROM tables 
WHERE tables.id = %(id_1)s::UUID AND coalesce((tables.md ->> %(md_1)s::TEXT), %(coalesce_1)s::VARCHAR) != %(coalesce_2)s::VARCHAR
2025-12-22 18:01:47,167 INFO sqlalchemy.engine.Engine base.py:1846: [cached since 0.01347s ago] {'id_1': UUID('ab5ed723-f203-43ff-9b84-e08f5ca571ed'), 'md_1': 'pending_stmt', 'coalesce_1': '-1', 'coalesce_2': '2'}
2025-12-22 18:01:47,168 INFO sqlalchemy.engine.Engine base.py:1846: SELECT tables.md 
FROM tables 
WHERE tables.id = %(id_1)s::UUID AND coalesce((tables.md ->> %(md_1)s::TEXT), %(coalesce_1)s::VARCHAR) != %(coalesce_2)s::VARCHAR
2025-12-22 18:01:47,168 INFO sqlalchemy.engine.Engine base.py:1846: [cached since 0.01413s ago] {'id_1': UUID('ab5ed723-f203-43ff-9b84-e08f5ca571ed'), 'md_1': 'pending_stmt', 'coalesce_1': '-1', 'coalesce_2': '2'}
2025-12-22 18:01:47,170 INFO sqlalchemy.engine.Engine base.py:1846: WITH anon_1 AS 
(SELECT tbl_ab5ed723f20343ff9b84e08f5ca571ed.col_0 AS col_0, tbl_ab5ed723f20343ff9b84e08f5ca571ed.col_1 AS col_1, tbl_ab5ed723f20343ff9b84e08f5ca571ed.col_2 AS col_2, tbl_ab5ed723f20343ff9b84e08f5ca571ed.rowid AS rowid, tbl_ab5ed723f20343ff9b84e08f5ca571ed.v_min AS v_min 
FROM tbl_ab5ed723f20343ff9b84e08f5ca571ed 
WHERE tbl_ab5ed723f20343ff9b84e08f5ca571ed.v_min <= %(v_min_1)s::BIGINT AND tbl_ab5ed723f20343ff9b84e08f5ca571ed.v_max > %(v_max_1)s::BIGINT)
 SELECT count(*) AS all_count 
FROM anon_1
2025-12-22 18:01:47,170 INFO sqlalchemy.engine.Engine base.py:1846: [generated in 0.00012s] {'v_min_1': 15, 'v_max_1': 15}
2025-12-22 18:01:47,171 INFO sqlalchemy.engine.Engine base.py:2716: COMMIT
2025-12-22 18:01:52,277 INFO sqlalchemy.engine.Engine base.py:2710: BEGIN (implicit)
2025-12-22 18:01:52,278 INFO sqlalchemy.engine.Engine base.py:1846: SELECT tables.md 
FROM tables 
WHERE tables.id = %(id_1)s::UUID AND coalesce((tables.md ->> %(md_1)s::TEXT), %(coalesce_1)s::VARCHAR) != %(coalesce_2)s::VARCHAR
2025-12-22 18:01:52,278 INFO sqlalchemy.engine.Engine base.py:1846: [cached since 5.124s ago] {'id_1': UUID('ab5ed723-f203-43ff-9b84-e08f5ca571ed'), 'md_1': 'pending_stmt', 'coalesce_1': '-1', 'coalesce_2': '2'}
2025-12-22 18:01:52,279 INFO sqlalchemy.engine.Engine base.py:1846: SELECT tables.md 
FROM tables 
WHERE tables.id = %(id_1)s::UUID AND coalesce((tables.md ->> %(md_1)s::TEXT), %(coalesce_1)s::VARCHAR) != %(coalesce_2)s::VARCHAR
2025-12-22 18:01:52,279 INFO sqlalchemy.engine.Engine base.py:1846: [cached since 5.125s ago] {'id_1': UUID('ab5ed723-f203-43ff-9b84-e08f5ca571ed'), 'md_1': 'pending_stmt', 'coalesce_1': '-1', 'coalesce_2': '2'}
2025-12-22 18:01:52,280 INFO sqlalchemy.engine.Engine base.py:2716: COMMIT
2025-12-22 18:01:52,281 INFO sqlalchemy.engine.Engine base.py:2710: BEGIN (implicit)
2025-12-22 18:01:52,281 INFO sqlalchemy.engine.Engine base.py:1846: SELECT tables.md 
FROM tables 
WHERE tables.id = %(id_1)s::UUID AND coalesce((tables.md ->> %(md_1)s::TEXT), %(coalesce_1)s::VARCHAR) != %(coalesce_2)s::VARCHAR
2025-12-22 18:01:52,281 INFO sqlalchemy.engine.Engine base.py:1846: [cached since 5.127s ago] {'id_1': UUID('ab5ed723-f203-43ff-9b84-e08f5ca571ed'), 'md_1': 'pending_stmt', 'coalesce_1': '-1', 'coalesce_2': '2'}
2025-12-22 18:01:52,282 INFO sqlalchemy.engine.Engine base.py:1846: SELECT tables.md 
FROM tables 
WHERE tables.id = %(id_1)s::UUID AND coalesce((tables.md ->> %(md_1)s::TEXT), %(coalesce_1)s::VARCHAR) != %(coalesce_2)s::VARCHAR
2025-12-22 18:01:52,282 INFO sqlalchemy.engine.Engine base.py:1846: [cached since 5.128s ago] {'id_1': UUID('ab5ed723-f203-43ff-9b84-e08f5ca571ed'), 'md_1': 'pending_stmt', 'coalesce_1': '-1', 'coalesce_2': '2'}
2025-12-22 18:01:52,285 INFO sqlalchemy.engine.Engine base.py:1846: EXPLAIN SELECT tbl_ab5ed723f20343ff9b84e08f5ca571ed.col_0, tbl_ab5ed723f20343ff9b84e08f5ca571ed.col_1, tbl_ab5ed723f20343ff9b84e08f5ca571ed.col_2, tbl_ab5ed723f20343ff9b84e08f5ca571ed.rowid, tbl_ab5ed723f20343ff9b84e08f5ca571ed.v_min 
FROM tbl_ab5ed723f20343ff9b84e08f5ca571ed 
WHERE tbl_ab5ed723f20343ff9b84e08f5ca571ed.v_min <= 15 AND tbl_ab5ed723f20343ff9b84e08f5ca571ed.v_max > 15
2025-12-22 18:01:52,285 INFO sqlalchemy.engine.Engine base.py:1846: [generated in 0.00010s] {}
2025-12-22 18:01:52,286 INFO sqlalchemy.engine.Engine base.py:1846: SELECT tbl_ab5ed723f20343ff9b84e08f5ca571ed.col_0, tbl_ab5ed723f20343ff9b84e08f5ca571ed.col_1, tbl_ab5ed723f20343ff9b84e08f5ca571ed.col_2, tbl_ab5ed723f20343ff9b84e08f5ca571ed.rowid, tbl_ab5ed723f20343ff9b84e08f5ca571ed.v_min 
FROM tbl_ab5ed723f20343ff9b84e08f5ca571ed 
WHERE tbl_ab5ed723f20343ff9b84e08f5ca571ed.v_min <= %(v_min_1)s::BIGINT AND tbl_ab5ed723f20343ff9b84e08f5ca571ed.v_max > %(v_max_1)s::BIGINT
2025-12-22 18:01:52,286 INFO sqlalchemy.engine.Engine base.py:1846: [generated in 0.00008s] {'v_min_1': 15, 'v_max_1': 15}
2025-12-22 18:01:52,289 INFO sqlalchemy.engine.Engine base.py:2716: COMMIT
2025-12-22 18:01:52,785 INFO sqlalchemy.engine.Engine base.py:2710: BEGIN (implicit)
2025-12-22 18:01:52,786 INFO sqlalchemy.engine.Engine base.py:1846: SELECT tables.md 
FROM tables 
WHERE tables.id = %(id_1)s::UUID AND coalesce((tables.md ->> %(md_1)s::TEXT), %(coalesce_1)s::VARCHAR) != %(coalesce_2)s::VARCHAR
2025-12-22 18:01:52,786 INFO sqlalchemy.engine.Engine base.py:1846: [cached since 5.632s ago] {'id_1': UUID('58414fc9-def7-46ef-b621-51d5e813b57d'), 'md_1': 'pending_stmt', 'coalesce_1': '-1', 'coalesce_2': '2'}
2025-12-22 18:01:52,787 INFO sqlalchemy.engine.Engine base.py:1846: SELECT tables.md 
FROM tables 
WHERE tables.id = %(id_1)s::UUID AND coalesce((tables.md ->> %(md_1)s::TEXT), %(coalesce_1)s::VARCHAR) != %(coalesce_2)s::VARCHAR
2025-12-22 18:01:52,787 INFO sqlalchemy.engine.Engine base.py:1846: [cached since 5.633s ago] {'id_1': UUID('58414fc9-def7-46ef-b621-51d5e813b57d'), 'md_1': 'pending_stmt', 'coalesce_1': '-1', 'coalesce_2': '2'}
2025-12-22 18:01:52,788 INFO sqlalchemy.engine.Engine base.py:2716: COMMIT
2025-12-22 18:01:52,789 INFO sqlalchemy.engine.Engine base.py:2710: BEGIN (implicit)
2025-12-22 18:01:52,789 INFO sqlalchemy.engine.Engine base.py:1846: SELECT tables.md 
FROM tables 
WHERE tables.id = %(id_1)s::UUID AND coalesce((tables.md ->> %(md_1)s::TEXT), %(coalesce_1)s::VARCHAR) != %(coalesce_2)s::VARCHAR
2025-12-22 18:01:52,789 INFO sqlalchemy.engine.Engine base.py:1846: [cached since 5.635s ago] {'id_1': UUID('58414fc9-def7-46ef-b621-51d5e813b57d'), 'md_1': 'pending_stmt', 'coalesce_1': '-1', 'coalesce_2': '2'}
2025-12-22 18:01:52,790 INFO sqlalchemy.engine.Engine base.py:1846: SELECT tables.md 
FROM tables 
WHERE tables.id = %(id_1)s::UUID AND coalesce((tables.md ->> %(md_1)s::TEXT), %(coalesce_1)s::VARCHAR) != %(coalesce_2)s::VARCHAR
2025-12-22 18:01:52,790 INFO sqlalchemy.engine.Engine base.py:1846: [cached since 5.636s ago] {'id_1': UUID('58414fc9-def7-46ef-b621-51d5e813b57d'), 'md_1': 'pending_stmt', 'coalesce_1': '-1', 'coalesce_2': '2'}
2025-12-22 18:01:52,793 INFO sqlalchemy.engine.Engine base.py:1846: EXPLAIN SELECT tbl_58414fc9def746efb62151d5e813b57d.col_0, tbl_58414fc9def746efb62151d5e813b57d.col_1, tbl_58414fc9def746efb62151d5e813b57d.col_3, tbl_58414fc9def746efb62151d5e813b57d.col_4, tbl_58414fc9def746efb62151d5e813b57d.col_5, tbl_58414fc9def746efb62151d5e813b57d.col_2, tbl_58414fc9def746efb62151d5e813b57d.col_6, tbl_58414fc9def746efb62151d5e813b57d.col_2_cellmd, tbl_58414fc9def746efb62151d5e813b57d.rowid, tbl_58414fc9def746efb62151d5e813b57d.v_min 
FROM tbl_58414fc9def746efb62151d5e813b57d 
WHERE tbl_58414fc9def746efb62151d5e813b57d.v_min <= 16 AND tbl_58414fc9def746efb62151d5e813b57d.v_max > 16
2025-12-22 18:01:52,793 INFO sqlalchemy.engine.Engine base.py:1846: [generated in 0.00010s] {}
2025-12-22 18:01:52,794 INFO sqlalchemy.engine.Engine base.py:1846: SELECT tbl_58414fc9def746efb62151d5e813b57d.col_0, tbl_58414fc9def746efb62151d5e813b57d.col_1, tbl_58414fc9def746efb62151d5e813b57d.col_3, tbl_58414fc9def746efb62151d5e813b57d.col_4, tbl_58414fc9def746efb62151d5e813b57d.col_5, tbl_58414fc9def746efb62151d5e813b57d.col_2, tbl_58414fc9def746efb62151d5e813b57d.col_6, tbl_58414fc9def746efb62151d5e813b57d.col_2_cellmd, tbl_58414fc9def746efb62151d5e813b57d.rowid, tbl_58414fc9def746efb62151d5e813b57d.v_min 
FROM tbl_58414fc9def746efb62151d5e813b57d 
WHERE tbl_58414fc9def746efb62151d5e813b57d.v_min <= %(v_min_1)s::BIGINT AND tbl_58414fc9def746efb62151d5e813b57d.v_max > %(v_max_1)s::BIGINT
2025-12-22 18:01:52,794 INFO sqlalchemy.engine.Engine base.py:1846: [generated in 0.00009s] {'v_min_1': 16, 'v_max_1': 16}
2025-12-22 18:01:52,795 INFO sqlalchemy.engine.Engine base.py:2716: COMMIT
2025-12-22 18:01:53,005 INFO sqlalchemy.engine.Engine base.py:2710: BEGIN (implicit)
2025-12-22 18:01:53,005 INFO sqlalchemy.engine.Engine base.py:1846: SELECT tables.md 
FROM tables 
WHERE tables.id = %(id_1)s::UUID AND coalesce((tables.md ->> %(md_1)s::TEXT), %(coalesce_1)s::VARCHAR) != %(coalesce_2)s::VARCHAR
2025-12-22 18:01:53,005 INFO sqlalchemy.engine.Engine base.py:1846: [cached since 5.851s ago] {'id_1': UUID('58414fc9-def7-46ef-b621-51d5e813b57d'), 'md_1': 'pending_stmt', 'coalesce_1': '-1', 'coalesce_2': '2'}
2025-12-22 18:01:53,006 INFO sqlalchemy.engine.Engine base.py:1846: SELECT tables.md 
FROM tables 
WHERE tables.id = %(id_1)s::UUID AND coalesce((tables.md ->> %(md_1)s::TEXT), %(coalesce_1)s::VARCHAR) != %(coalesce_2)s::VARCHAR
2025-12-22 18:01:53,006 INFO sqlalchemy.engine.Engine base.py:1846: [cached since 5.852s ago] {'id_1': UUID('58414fc9-def7-46ef-b621-51d5e813b57d'), 'md_1': 'pending_stmt', 'coalesce_1': '-1', 'coalesce_2': '2'}
2025-12-22 18:01:53,009 INFO sqlalchemy.engine.Engine base.py:1846: EXPLAIN SELECT tbl_58414fc9def746efb62151d5e813b57d.col_0, tbl_58414fc9def746efb62151d5e813b57d.col_1, tbl_58414fc9def746efb62151d5e813b57d.col_2, tbl_58414fc9def746efb62151d5e813b57d.col_3, tbl_58414fc9def746efb62151d5e813b57d.col_4, tbl_58414fc9def746efb62151d5e813b57d.col_5, tbl_58414fc9def746efb62151d5e813b57d.col_6, tbl_58414fc9def746efb62151d5e813b57d.col_7, tbl_58414fc9def746efb62151d5e813b57d.col_8, tbl_58414fc9def746efb62151d5e813b57d.col_9, tbl_58414fc9def746efb62151d5e813b57d.col_2_cellmd, tbl_58414fc9def746efb62151d5e813b57d.rowid, tbl_58414fc9def746efb62151d5e813b57d.v_min 
FROM tbl_58414fc9def746efb62151d5e813b57d 
WHERE tbl_58414fc9def746efb62151d5e813b57d.v_min <= 16 AND tbl_58414fc9def746efb62151d5e813b57d.v_max > 16
2025-12-22 18:01:53,009 INFO sqlalchemy.engine.Engine base.py:1846: [generated in 0.00010s] {}
2025-12-22 18:01:53,010 INFO sqlalchemy.engine.Engine base.py:1846: SELECT tbl_58414fc9def746efb62151d5e813b57d.col_0, tbl_58414fc9def746efb62151d5e813b57d.col_1, tbl_58414fc9def746efb62151d5e813b57d.col_2, tbl_58414fc9def746efb62151d5e813b57d.col_3, tbl_58414fc9def746efb62151d5e813b57d.col_4, tbl_58414fc9def746efb62151d5e813b57d.col_5, tbl_58414fc9def746efb62151d5e813b57d.col_6, tbl_58414fc9def746efb62151d5e813b57d.col_7, tbl_58414fc9def746efb62151d5e813b57d.col_8, tbl_58414fc9def746efb62151d5e813b57d.col_9, tbl_58414fc9def746efb62151d5e813b57d.col_2_cellmd, tbl_58414fc9def746efb62151d5e813b57d.rowid, tbl_58414fc9def746efb62151d5e813b57d.v_min 
FROM tbl_58414fc9def746efb62151d5e813b57d 
WHERE tbl_58414fc9def746efb62151d5e813b57d.v_min <= %(v_min_1)s::BIGINT AND tbl_58414fc9def746efb62151d5e813b57d.v_max > %(v_max_1)s::BIGINT
2025-12-22 18:01:53,010 INFO sqlalchemy.engine.Engine base.py:1846: [generated in 0.00009s] {'v_min_1': 16, 'v_max_1': 16}
2025-12-22 18:01:53,012 INFO sqlalchemy.engine.Engine base.py:2716: COMMIT
2025-12-22 18:01:53,013 INFO sqlalchemy.engine.Engine base.py:2710: BEGIN (implicit)
2025-12-22 18:01:53,013 INFO sqlalchemy.engine.Engine base.py:1846: SELECT tables.md 
FROM tables 
WHERE tables.id = %(id_1)s::UUID AND coalesce((tables.md ->> %(md_1)s::TEXT), %(coalesce_1)s::VARCHAR) != %(coalesce_2)s::VARCHAR
2025-12-22 18:01:53,013 INFO sqlalchemy.engine.Engine base.py:1846: [cached since 5.86s ago] {'id_1': UUID('58414fc9-def7-46ef-b621-51d5e813b57d'), 'md_1': 'pending_stmt', 'coalesce_1': '-1', 'coalesce_2': '2'}
2025-12-22 18:01:53,014 INFO sqlalchemy.engine.Engine base.py:1846: SELECT tables.md 
FROM tables 
WHERE tables.id = %(id_1)s::UUID AND coalesce((tables.md ->> %(md_1)s::TEXT), %(coalesce_1)s::VARCHAR) != %(coalesce_2)s::VARCHAR
2025-12-22 18:01:53,014 INFO sqlalchemy.engine.Engine base.py:1846: [cached since 5.86s ago] {'id_1': UUID('58414fc9-def7-46ef-b621-51d5e813b57d'), 'md_1': 'pending_stmt', 'coalesce_1': '-1', 'coalesce_2': '2'}
2025-12-22 18:01:53,015 INFO sqlalchemy.engine.Engine base.py:2716: COMMIT
2025-12-22 18:01:53,016 INFO sqlalchemy.engine.Engine base.py:2710: BEGIN (implicit)
2025-12-22 18:01:53,016 INFO sqlalchemy.engine.Engine base.py:1846: SELECT tables.md 
FROM tables 
WHERE tables.id = %(id_1)s::UUID AND coalesce((tables.md ->> %(md_1)s::TEXT), %(coalesce_1)s::VARCHAR) != %(coalesce_2)s::VARCHAR
2025-12-22 18:01:53,016 INFO sqlalchemy.engine.Engine base.py:1846: [cached since 5.862s ago] {'id_1': UUID('58414fc9-def7-46ef-b621-51d5e813b57d'), 'md_1': 'pending_stmt', 'coalesce_1': '-1', 'coalesce_2': '2'}
2025-12-22 18:01:53,017 INFO sqlalchemy.engine.Engine base.py:1846: SELECT tables.md 
FROM tables 
WHERE tables.id = %(id_1)s::UUID AND coalesce((tables.md ->> %(md_1)s::TEXT), %(coalesce_1)s::VARCHAR) != %(coalesce_2)s::VARCHAR
2025-12-22 18:01:53,017 INFO sqlalchemy.engine.Engine base.py:1846: [cached since 5.863s ago] {'id_1': UUID('58414fc9-def7-46ef-b621-51d5e813b57d'), 'md_1': 'pending_stmt', 'coalesce_1': '-1', 'coalesce_2': '2'}
2025-12-22 18:01:53,019 INFO sqlalchemy.engine.Engine base.py:1846: EXPLAIN SELECT tbl_58414fc9def746efb62151d5e813b57d.col_0, tbl_58414fc9def746efb62151d5e813b57d.col_1, tbl_58414fc9def746efb62151d5e813b57d.col_3, tbl_58414fc9def746efb62151d5e813b57d.col_5, tbl_58414fc9def746efb62151d5e813b57d.rowid, tbl_58414fc9def746efb62151d5e813b57d.v_min 
FROM tbl_58414fc9def746efb62151d5e813b57d 
WHERE tbl_58414fc9def746efb62151d5e813b57d.v_min <= 16 AND tbl_58414fc9def746efb62151d5e813b57d.v_max > 16
2025-12-22 18:01:53,019 INFO sqlalchemy.engine.Engine base.py:1846: [generated in 0.00009s] {}
2025-12-22 18:01:53,020 INFO sqlalchemy.engine.Engine base.py:1846: SELECT tbl_58414fc9def746efb62151d5e813b57d.col_0, tbl_58414fc9def746efb62151d5e813b57d.col_1, tbl_58414fc9def746efb62151d5e813b57d.col_3, tbl_58414fc9def746efb62151d5e813b57d.col_5, tbl_58414fc9def746efb62151d5e813b57d.rowid, tbl_58414fc9def746efb62151d5e813b57d.v_min 
FROM tbl_58414fc9def746efb62151d5e813b57d 
WHERE tbl_58414fc9def746efb62151d5e813b57d.v_min <= %(v_min_1)s::BIGINT AND tbl_58414fc9def746efb62151d5e813b57d.v_max > %(v_max_1)s::BIGINT
2025-12-22 18:01:53,020 INFO sqlalchemy.engine.Engine base.py:1846: [generated in 0.00008s] {'v_min_1': 16, 'v_max_1': 16}
2025-12-22 18:01:53,020 INFO sqlalchemy.engine.Engine base.py:2716: COMMIT
2025-12-22 18:01:53,021 INFO sqlalchemy.engine.Engine base.py:2710: BEGIN (implicit)
2025-12-22 18:01:53,022 INFO sqlalchemy.engine.Engine base.py:1846: SELECT tables.md 
FROM tables 
WHERE tables.id = %(id_1)s::UUID AND coalesce((tables.md ->> %(md_1)s::TEXT), %(coalesce_1)s::VARCHAR) != %(coalesce_2)s::VARCHAR
2025-12-22 18:01:53,022 INFO sqlalchemy.engine.Engine base.py:1846: [cached since 5.868s ago] {'id_1': UUID('ab5ed723-f203-43ff-9b84-e08f5ca571ed'), 'md_1': 'pending_stmt', 'coalesce_1': '-1', 'coalesce_2': '2'}
2025-12-22 18:01:53,022 INFO sqlalchemy.engine.Engine base.py:1846: SELECT tables.md 
FROM tables 
WHERE tables.id = %(id_1)s::UUID AND coalesce((tables.md ->> %(md_1)s::TEXT), %(coalesce_1)s::VARCHAR) != %(coalesce_2)s::VARCHAR
2025-12-22 18:01:53,022 INFO sqlalchemy.engine.Engine base.py:1846: [cached since 5.868s ago] {'id_1': UUID('ab5ed723-f203-43ff-9b84-e08f5ca571ed'), 'md_1': 'pending_stmt', 'coalesce_1': '-1', 'coalesce_2': '2'}
2025-12-22 18:01:53,023 INFO sqlalchemy.engine.Engine base.py:2716: COMMIT
2025-12-22 18:01:53,023 INFO sqlalchemy.engine.Engine base.py:2710: BEGIN (implicit)
2025-12-22 18:01:53,024 INFO sqlalchemy.engine.Engine base.py:1846: SELECT tables.md 
FROM tables 
WHERE tables.id = %(id_1)s::UUID AND coalesce((tables.md ->> %(md_1)s::TEXT), %(coalesce_1)s::VARCHAR) != %(coalesce_2)s::VARCHAR
2025-12-22 18:01:53,024 INFO sqlalchemy.engine.Engine base.py:1846: [cached since 5.87s ago] {'id_1': UUID('ab5ed723-f203-43ff-9b84-e08f5ca571ed'), 'md_1': 'pending_stmt', 'coalesce_1': '-1', 'coalesce_2': '2'}
2025-12-22 18:01:53,024 INFO sqlalchemy.engine.Engine base.py:1846: SELECT tables.md 
FROM tables 
WHERE tables.id = %(id_1)s::UUID AND coalesce((tables.md ->> %(md_1)s::TEXT), %(coalesce_1)s::VARCHAR) != %(coalesce_2)s::VARCHAR
2025-12-22 18:01:53,024 INFO sqlalchemy.engine.Engine base.py:1846: [cached since 5.87s ago] {'id_1': UUID('ab5ed723-f203-43ff-9b84-e08f5ca571ed'), 'md_1': 'pending_stmt', 'coalesce_1': '-1', 'coalesce_2': '2'}
2025-12-22 18:01:53,026 INFO sqlalchemy.engine.Engine base.py:1846: EXPLAIN SELECT tbl_ab5ed723f20343ff9b84e08f5ca571ed.col_0, tbl_ab5ed723f20343ff9b84e08f5ca571ed.col_1, tbl_ab5ed723f20343ff9b84e08f5ca571ed.rowid, tbl_ab5ed723f20343ff9b84e08f5ca571ed.v_min 
FROM tbl_ab5ed723f20343ff9b84e08f5ca571ed 
WHERE tbl_ab5ed723f20343ff9b84e08f5ca571ed.v_min <= 15 AND tbl_ab5ed723f20343ff9b84e08f5ca571ed.v_max > 15
2025-12-22 18:01:53,026 INFO sqlalchemy.engine.Engine base.py:1846: [generated in 0.00010s] {}
2025-12-22 18:01:53,026 INFO sqlalchemy.engine.Engine base.py:1846: SELECT tbl_ab5ed723f20343ff9b84e08f5ca571ed.col_0, tbl_ab5ed723f20343ff9b84e08f5ca571ed.col_1, tbl_ab5ed723f20343ff9b84e08f5ca571ed.rowid, tbl_ab5ed723f20343ff9b84e08f5ca571ed.v_min 
FROM tbl_ab5ed723f20343ff9b84e08f5ca571ed 
WHERE tbl_ab5ed723f20343ff9b84e08f5ca571ed.v_min <= %(v_min_1)s::BIGINT AND tbl_ab5ed723f20343ff9b84e08f5ca571ed.v_max > %(v_max_1)s::BIGINT
2025-12-22 18:01:53,027 INFO sqlalchemy.engine.Engine base.py:1846: [generated in 0.00008s] {'v_min_1': 15, 'v_max_1': 15}
2025-12-22 18:01:53,030 INFO sqlalchemy.engine.Engine base.py:2716: COMMIT
2025-12-23 09:01:03,145 INFO sqlalchemy.engine.Engine base.py:2710: BEGIN (implicit)
2025-12-23 09:01:03,146 INFO sqlalchemy.engine.Engine base.py:1846: SELECT tables.md 
FROM tables 
WHERE tables.id = %(id_1)s::UUID AND coalesce((tables.md ->> %(md_1)s::TEXT), %(coalesce_1)s::VARCHAR) != %(coalesce_2)s::VARCHAR
2025-12-23 09:01:03,146 INFO sqlalchemy.engine.Engine base.py:1846: [cached since 5.396e+04s ago] {'id_1': UUID('58414fc9-def7-46ef-b621-51d5e813b57d'), 'md_1': 'pending_stmt', 'coalesce_1': '-1', 'coalesce_2': '2'}
2025-12-23 09:01:03,148 INFO sqlalchemy.engine.Engine base.py:1846: SELECT tables.md 
FROM tables 
WHERE tables.id = %(id_1)s::UUID AND coalesce((tables.md ->> %(md_1)s::TEXT), %(coalesce_1)s::VARCHAR) != %(coalesce_2)s::VARCHAR
2025-12-23 09:01:03,148 INFO sqlalchemy.engine.Engine base.py:1846: [cached since 5.396e+04s ago] {'id_1': UUID('58414fc9-def7-46ef-b621-51d5e813b57d'), 'md_1': 'pending_stmt', 'coalesce_1': '-1', 'coalesce_2': '2'}
2025-12-23 09:01:03,153 INFO sqlalchemy.engine.Engine base.py:1846: EXPLAIN SELECT tbl_58414fc9def746efb62151d5e813b57d.col_0, tbl_58414fc9def746efb62151d5e813b57d.col_1, tbl_58414fc9def746efb62151d5e813b57d.col_2, tbl_58414fc9def746efb62151d5e813b57d.col_3, tbl_58414fc9def746efb62151d5e813b57d.col_4, tbl_58414fc9def746efb62151d5e813b57d.col_5, tbl_58414fc9def746efb62151d5e813b57d.col_6, tbl_58414fc9def746efb62151d5e813b57d.col_7, tbl_58414fc9def746efb62151d5e813b57d.col_8, tbl_58414fc9def746efb62151d5e813b57d.col_9, tbl_58414fc9def746efb62151d5e813b57d.col_2_cellmd, tbl_58414fc9def746efb62151d5e813b57d.rowid, tbl_58414fc9def746efb62151d5e813b57d.v_min 
FROM tbl_58414fc9def746efb62151d5e813b57d 
WHERE tbl_58414fc9def746efb62151d5e813b57d.v_min <= 16 AND tbl_58414fc9def746efb62151d5e813b57d.v_max > 16
2025-12-23 09:01:03,153 INFO sqlalchemy.engine.Engine base.py:1846: [cached since 5.395e+04s ago] {}
2025-12-23 09:01:03,154 INFO sqlalchemy.engine.Engine base.py:1846: SELECT tbl_58414fc9def746efb62151d5e813b57d.col_0, tbl_58414fc9def746efb62151d5e813b57d.col_1, tbl_58414fc9def746efb62151d5e813b57d.col_2, tbl_58414fc9def746efb62151d5e813b57d.col_3, tbl_58414fc9def746efb62151d5e813b57d.col_4, tbl_58414fc9def746efb62151d5e813b57d.col_5, tbl_58414fc9def746efb62151d5e813b57d.col_6, tbl_58414fc9def746efb62151d5e813b57d.col_7, tbl_58414fc9def746efb62151d5e813b57d.col_8, tbl_58414fc9def746efb62151d5e813b57d.col_9, tbl_58414fc9def746efb62151d5e813b57d.col_2_cellmd, tbl_58414fc9def746efb62151d5e813b57d.rowid, tbl_58414fc9def746efb62151d5e813b57d.v_min 
FROM tbl_58414fc9def746efb62151d5e813b57d 
WHERE tbl_58414fc9def746efb62151d5e813b57d.v_min <= %(v_min_1)s::BIGINT AND tbl_58414fc9def746efb62151d5e813b57d.v_max > %(v_max_1)s::BIGINT
2025-12-23 09:01:03,154 INFO sqlalchemy.engine.Engine base.py:1846: [cached since 5.395e+04s ago] {'v_min_1': 16, 'v_max_1': 16}
2025-12-23 09:01:03,156 INFO sqlalchemy.engine.Engine base.py:2716: COMMIT
2025-12-23 09:01:04,336 INFO sqlalchemy.engine.Engine base.py:2710: BEGIN (implicit)
2025-12-23 09:01:04,338 INFO sqlalchemy.engine.Engine base.py:1846: SELECT tables.md 
FROM tables 
WHERE tables.id = %(id_1)s::UUID AND coalesce((tables.md ->> %(md_1)s::TEXT), %(coalesce_1)s::VARCHAR) != %(coalesce_2)s::VARCHAR
2025-12-23 09:01:04,338 INFO sqlalchemy.engine.Engine base.py:1846: [cached since 5.396e+04s ago] {'id_1': UUID('58414fc9-def7-46ef-b621-51d5e813b57d'), 'md_1': 'pending_stmt', 'coalesce_1': '-1', 'coalesce_2': '2'}
2025-12-23 09:01:04,339 INFO sqlalchemy.engine.Engine base.py:1846: SELECT tables.md 
FROM tables 
WHERE tables.id = %(id_1)s::UUID AND coalesce((tables.md ->> %(md_1)s::TEXT), %(coalesce_1)s::VARCHAR) != %(coalesce_2)s::VARCHAR
2025-12-23 09:01:04,339 INFO sqlalchemy.engine.Engine base.py:1846: [cached since 5.396e+04s ago] {'id_1': UUID('58414fc9-def7-46ef-b621-51d5e813b57d'), 'md_1': 'pending_stmt', 'coalesce_1': '-1', 'coalesce_2': '2'}
2025-12-23 09:01:04,342 INFO sqlalchemy.engine.Engine base.py:1846: EXPLAIN SELECT tbl_58414fc9def746efb62151d5e813b57d.col_0, tbl_58414fc9def746efb62151d5e813b57d.col_1, tbl_58414fc9def746efb62151d5e813b57d.col_2, tbl_58414fc9def746efb62151d5e813b57d.col_3, tbl_58414fc9def746efb62151d5e813b57d.col_4, tbl_58414fc9def746efb62151d5e813b57d.col_5, tbl_58414fc9def746efb62151d5e813b57d.col_6, tbl_58414fc9def746efb62151d5e813b57d.col_7, tbl_58414fc9def746efb62151d5e813b57d.col_8, tbl_58414fc9def746efb62151d5e813b57d.col_9, tbl_58414fc9def746efb62151d5e813b57d.col_2_cellmd, tbl_58414fc9def746efb62151d5e813b57d.rowid, tbl_58414fc9def746efb62151d5e813b57d.v_min 
FROM tbl_58414fc9def746efb62151d5e813b57d 
WHERE tbl_58414fc9def746efb62151d5e813b57d.v_min <= 16 AND tbl_58414fc9def746efb62151d5e813b57d.v_max > 16
2025-12-23 09:01:04,342 INFO sqlalchemy.engine.Engine base.py:1846: [cached since 5.395e+04s ago] {}
2025-12-23 09:01:04,343 INFO sqlalchemy.engine.Engine base.py:1846: SELECT tbl_58414fc9def746efb62151d5e813b57d.col_0, tbl_58414fc9def746efb62151d5e813b57d.col_1, tbl_58414fc9def746efb62151d5e813b57d.col_2, tbl_58414fc9def746efb62151d5e813b57d.col_3, tbl_58414fc9def746efb62151d5e813b57d.col_4, tbl_58414fc9def746efb62151d5e813b57d.col_5, tbl_58414fc9def746efb62151d5e813b57d.col_6, tbl_58414fc9def746efb62151d5e813b57d.col_7, tbl_58414fc9def746efb62151d5e813b57d.col_8, tbl_58414fc9def746efb62151d5e813b57d.col_9, tbl_58414fc9def746efb62151d5e813b57d.col_2_cellmd, tbl_58414fc9def746efb62151d5e813b57d.rowid, tbl_58414fc9def746efb62151d5e813b57d.v_min 
FROM tbl_58414fc9def746efb62151d5e813b57d 
WHERE tbl_58414fc9def746efb62151d5e813b57d.v_min <= %(v_min_1)s::BIGINT AND tbl_58414fc9def746efb62151d5e813b57d.v_max > %(v_max_1)s::BIGINT
2025-12-23 09:01:04,343 INFO sqlalchemy.engine.Engine base.py:1846: [cached since 5.395e+04s ago] {'v_min_1': 16, 'v_max_1': 16}
2025-12-23 09:01:04,344 INFO sqlalchemy.engine.Engine base.py:2716: COMMIT
2025-12-23 10:27:53,084 INFO sqlalchemy.engine.Engine base.py:2710: BEGIN (implicit)
2025-12-23 10:27:53,084 INFO sqlalchemy.engine.Engine base.py:1846: SELECT tables.md 
FROM tables 
WHERE tables.id = %(id_1)s::UUID AND coalesce((tables.md ->> %(md_1)s::TEXT), %(coalesce_1)s::VARCHAR) != %(coalesce_2)s::VARCHAR
2025-12-23 10:27:53,084 INFO sqlalchemy.engine.Engine base.py:1846: [cached since 5.917e+04s ago] {'id_1': UUID('58414fc9-def7-46ef-b621-51d5e813b57d'), 'md_1': 'pending_stmt', 'coalesce_1': '-1', 'coalesce_2': '2'}
2025-12-23 10:27:53,085 INFO sqlalchemy.engine.Engine base.py:1846: SELECT tables.md 
FROM tables 
WHERE tables.id = %(id_1)s::UUID AND coalesce((tables.md ->> %(md_1)s::TEXT), %(coalesce_1)s::VARCHAR) != %(coalesce_2)s::VARCHAR
2025-12-23 10:27:53,085 INFO sqlalchemy.engine.Engine base.py:1846: [cached since 5.917e+04s ago] {'id_1': UUID('58414fc9-def7-46ef-b621-51d5e813b57d'), 'md_1': 'pending_stmt', 'coalesce_1': '-1', 'coalesce_2': '2'}
2025-12-23 10:27:53,089 INFO sqlalchemy.engine.Engine base.py:1846: EXPLAIN SELECT tbl_58414fc9def746efb62151d5e813b57d.col_0, tbl_58414fc9def746efb62151d5e813b57d.col_1, tbl_58414fc9def746efb62151d5e813b57d.col_2, tbl_58414fc9def746efb62151d5e813b57d.col_3, tbl_58414fc9def746efb62151d5e813b57d.col_4, tbl_58414fc9def746efb62151d5e813b57d.col_5, tbl_58414fc9def746efb62151d5e813b57d.col_6, tbl_58414fc9def746efb62151d5e813b57d.col_7, tbl_58414fc9def746efb62151d5e813b57d.col_8, tbl_58414fc9def746efb62151d5e813b57d.col_9, tbl_58414fc9def746efb62151d5e813b57d.col_2_cellmd, tbl_58414fc9def746efb62151d5e813b57d.rowid, tbl_58414fc9def746efb62151d5e813b57d.v_min 
FROM tbl_58414fc9def746efb62151d5e813b57d 
WHERE tbl_58414fc9def746efb62151d5e813b57d.v_min <= 16 AND tbl_58414fc9def746efb62151d5e813b57d.v_max > 16
2025-12-23 10:27:53,089 INFO sqlalchemy.engine.Engine base.py:1846: [cached since 5.916e+04s ago] {}
2025-12-23 10:27:53,090 INFO sqlalchemy.engine.Engine base.py:1846: SELECT tbl_58414fc9def746efb62151d5e813b57d.col_0, tbl_58414fc9def746efb62151d5e813b57d.col_1, tbl_58414fc9def746efb62151d5e813b57d.col_2, tbl_58414fc9def746efb62151d5e813b57d.col_3, tbl_58414fc9def746efb62151d5e813b57d.col_4, tbl_58414fc9def746efb62151d5e813b57d.col_5, tbl_58414fc9def746efb62151d5e813b57d.col_6, tbl_58414fc9def746efb62151d5e813b57d.col_7, tbl_58414fc9def746efb62151d5e813b57d.col_8, tbl_58414fc9def746efb62151d5e813b57d.col_9, tbl_58414fc9def746efb62151d5e813b57d.col_2_cellmd, tbl_58414fc9def746efb62151d5e813b57d.rowid, tbl_58414fc9def746efb62151d5e813b57d.v_min 
FROM tbl_58414fc9def746efb62151d5e813b57d 
WHERE tbl_58414fc9def746efb62151d5e813b57d.v_min <= %(v_min_1)s::BIGINT AND tbl_58414fc9def746efb62151d5e813b57d.v_max > %(v_max_1)s::BIGINT
2025-12-23 10:27:53,090 INFO sqlalchemy.engine.Engine base.py:1846: [cached since 5.916e+04s ago] {'v_min_1': 16, 'v_max_1': 16}
2025-12-23 10:27:53,091 INFO sqlalchemy.engine.Engine base.py:2716: COMMIT
2025-12-23 10:27:53,349 INFO sqlalchemy.engine.Engine base.py:2710: BEGIN (implicit)
2025-12-23 10:27:53,350 INFO sqlalchemy.engine.Engine base.py:1846: SELECT tables.md 
FROM tables 
WHERE tables.id = %(id_1)s::UUID AND coalesce((tables.md ->> %(md_1)s::TEXT), %(coalesce_1)s::VARCHAR) != %(coalesce_2)s::VARCHAR
2025-12-23 10:27:53,350 INFO sqlalchemy.engine.Engine base.py:1846: [cached since 5.917e+04s ago] {'id_1': UUID('58414fc9-def7-46ef-b621-51d5e813b57d'), 'md_1': 'pending_stmt', 'coalesce_1': '-1', 'coalesce_2': '2'}
2025-12-23 10:27:53,351 INFO sqlalchemy.engine.Engine base.py:1846: SELECT tables.md 
FROM tables 
WHERE tables.id = %(id_1)s::UUID AND coalesce((tables.md ->> %(md_1)s::TEXT), %(coalesce_1)s::VARCHAR) != %(coalesce_2)s::VARCHAR
2025-12-23 10:27:53,351 INFO sqlalchemy.engine.Engine base.py:1846: [cached since 5.917e+04s ago] {'id_1': UUID('58414fc9-def7-46ef-b621-51d5e813b57d'), 'md_1': 'pending_stmt', 'coalesce_1': '-1', 'coalesce_2': '2'}
2025-12-23 10:27:53,354 INFO sqlalchemy.engine.Engine base.py:1846: EXPLAIN SELECT tbl_58414fc9def746efb62151d5e813b57d.col_0, tbl_58414fc9def746efb62151d5e813b57d.col_1, tbl_58414fc9def746efb62151d5e813b57d.col_2, tbl_58414fc9def746efb62151d5e813b57d.col_3, tbl_58414fc9def746efb62151d5e813b57d.col_4, tbl_58414fc9def746efb62151d5e813b57d.col_5, tbl_58414fc9def746efb62151d5e813b57d.col_6, tbl_58414fc9def746efb62151d5e813b57d.col_7, tbl_58414fc9def746efb62151d5e813b57d.col_8, tbl_58414fc9def746efb62151d5e813b57d.col_9, tbl_58414fc9def746efb62151d5e813b57d.col_2_cellmd, tbl_58414fc9def746efb62151d5e813b57d.rowid, tbl_58414fc9def746efb62151d5e813b57d.v_min 
FROM tbl_58414fc9def746efb62151d5e813b57d 
WHERE tbl_58414fc9def746efb62151d5e813b57d.v_min <= 16 AND tbl_58414fc9def746efb62151d5e813b57d.v_max > 16
2025-12-23 10:27:53,354 INFO sqlalchemy.engine.Engine base.py:1846: [cached since 5.916e+04s ago] {}
2025-12-23 10:27:53,355 INFO sqlalchemy.engine.Engine base.py:1846: SELECT tbl_58414fc9def746efb62151d5e813b57d.col_0, tbl_58414fc9def746efb62151d5e813b57d.col_1, tbl_58414fc9def746efb62151d5e813b57d.col_2, tbl_58414fc9def746efb62151d5e813b57d.col_3, tbl_58414fc9def746efb62151d5e813b57d.col_4, tbl_58414fc9def746efb62151d5e813b57d.col_5, tbl_58414fc9def746efb62151d5e813b57d.col_6, tbl_58414fc9def746efb62151d5e813b57d.col_7, tbl_58414fc9def746efb62151d5e813b57d.col_8, tbl_58414fc9def746efb62151d5e813b57d.col_9, tbl_58414fc9def746efb62151d5e813b57d.col_2_cellmd, tbl_58414fc9def746efb62151d5e813b57d.rowid, tbl_58414fc9def746efb62151d5e813b57d.v_min 
FROM tbl_58414fc9def746efb62151d5e813b57d 
WHERE tbl_58414fc9def746efb62151d5e813b57d.v_min <= %(v_min_1)s::BIGINT AND tbl_58414fc9def746efb62151d5e813b57d.v_max > %(v_max_1)s::BIGINT
2025-12-23 10:27:53,355 INFO sqlalchemy.engine.Engine base.py:1846: [cached since 5.916e+04s ago] {'v_min_1': 16, 'v_max_1': 16}
2025-12-23 10:27:53,356 INFO sqlalchemy.engine.Engine base.py:2716: COMMIT
2025-12-23 10:27:57,233 INFO sqlalchemy.engine.Engine base.py:2710: BEGIN (implicit)
2025-12-23 10:27:57,235 INFO sqlalchemy.engine.Engine base.py:1846: SELECT tables.md 
FROM tables 
WHERE tables.id = %(id_1)s::UUID AND coalesce((tables.md ->> %(md_1)s::TEXT), %(coalesce_1)s::VARCHAR) != %(coalesce_2)s::VARCHAR
2025-12-23 10:27:57,235 INFO sqlalchemy.engine.Engine base.py:1846: [cached since 5.917e+04s ago] {'id_1': UUID('58414fc9-def7-46ef-b621-51d5e813b57d'), 'md_1': 'pending_stmt', 'coalesce_1': '-1', 'coalesce_2': '2'}
2025-12-23 10:27:57,236 INFO sqlalchemy.engine.Engine base.py:1846: SELECT tables.md 
FROM tables 
WHERE tables.id = %(id_1)s::UUID AND coalesce((tables.md ->> %(md_1)s::TEXT), %(coalesce_1)s::VARCHAR) != %(coalesce_2)s::VARCHAR
2025-12-23 10:27:57,236 INFO sqlalchemy.engine.Engine base.py:1846: [cached since 5.917e+04s ago] {'id_1': UUID('58414fc9-def7-46ef-b621-51d5e813b57d'), 'md_1': 'pending_stmt', 'coalesce_1': '-1', 'coalesce_2': '2'}
2025-12-23 10:27:57,240 INFO sqlalchemy.engine.Engine base.py:1846: EXPLAIN SELECT tbl_58414fc9def746efb62151d5e813b57d.col_0, tbl_58414fc9def746efb62151d5e813b57d.col_1, tbl_58414fc9def746efb62151d5e813b57d.col_2, tbl_58414fc9def746efb62151d5e813b57d.col_3, tbl_58414fc9def746efb62151d5e813b57d.col_4, tbl_58414fc9def746efb62151d5e813b57d.col_5, tbl_58414fc9def746efb62151d5e813b57d.col_6, tbl_58414fc9def746efb62151d5e813b57d.col_7, tbl_58414fc9def746efb62151d5e813b57d.col_8, tbl_58414fc9def746efb62151d5e813b57d.col_9, tbl_58414fc9def746efb62151d5e813b57d.col_2_cellmd, tbl_58414fc9def746efb62151d5e813b57d.rowid, tbl_58414fc9def746efb62151d5e813b57d.v_min 
FROM tbl_58414fc9def746efb62151d5e813b57d 
WHERE tbl_58414fc9def746efb62151d5e813b57d.v_min <= 16 AND tbl_58414fc9def746efb62151d5e813b57d.v_max > 16
2025-12-23 10:27:57,240 INFO sqlalchemy.engine.Engine base.py:1846: [cached since 5.916e+04s ago] {}
2025-12-23 10:27:57,241 INFO sqlalchemy.engine.Engine base.py:1846: SELECT tbl_58414fc9def746efb62151d5e813b57d.col_0, tbl_58414fc9def746efb62151d5e813b57d.col_1, tbl_58414fc9def746efb62151d5e813b57d.col_2, tbl_58414fc9def746efb62151d5e813b57d.col_3, tbl_58414fc9def746efb62151d5e813b57d.col_4, tbl_58414fc9def746efb62151d5e813b57d.col_5, tbl_58414fc9def746efb62151d5e813b57d.col_6, tbl_58414fc9def746efb62151d5e813b57d.col_7, tbl_58414fc9def746efb62151d5e813b57d.col_8, tbl_58414fc9def746efb62151d5e813b57d.col_9, tbl_58414fc9def746efb62151d5e813b57d.col_2_cellmd, tbl_58414fc9def746efb62151d5e813b57d.rowid, tbl_58414fc9def746efb62151d5e813b57d.v_min 
FROM tbl_58414fc9def746efb62151d5e813b57d 
WHERE tbl_58414fc9def746efb62151d5e813b57d.v_min <= %(v_min_1)s::BIGINT AND tbl_58414fc9def746efb62151d5e813b57d.v_max > %(v_max_1)s::BIGINT
2025-12-23 10:27:57,241 INFO sqlalchemy.engine.Engine base.py:1846: [cached since 5.916e+04s ago] {'v_min_1': 16, 'v_max_1': 16}
2025-12-23 10:27:57,242 INFO sqlalchemy.engine.Engine base.py:2716: COMMIT
2025-12-23 10:27:58,260 INFO sqlalchemy.engine.Engine base.py:2710: BEGIN (implicit)
2025-12-23 10:27:58,261 INFO sqlalchemy.engine.Engine base.py:1846: SELECT tables.md 
FROM tables 
WHERE tables.id = %(id_1)s::UUID AND coalesce((tables.md ->> %(md_1)s::TEXT), %(coalesce_1)s::VARCHAR) != %(coalesce_2)s::VARCHAR
2025-12-23 10:27:58,261 INFO sqlalchemy.engine.Engine base.py:1846: [cached since 5.917e+04s ago] {'id_1': UUID('58414fc9-def7-46ef-b621-51d5e813b57d'), 'md_1': 'pending_stmt', 'coalesce_1': '-1', 'coalesce_2': '2'}
2025-12-23 10:27:58,263 INFO sqlalchemy.engine.Engine base.py:1846: SELECT tables.md 
FROM tables 
WHERE tables.id = %(id_1)s::UUID AND coalesce((tables.md ->> %(md_1)s::TEXT), %(coalesce_1)s::VARCHAR) != %(coalesce_2)s::VARCHAR
2025-12-23 10:27:58,263 INFO sqlalchemy.engine.Engine base.py:1846: [cached since 5.917e+04s ago] {'id_1': UUID('58414fc9-def7-46ef-b621-51d5e813b57d'), 'md_1': 'pending_stmt', 'coalesce_1': '-1', 'coalesce_2': '2'}
2025-12-23 10:27:58,266 INFO sqlalchemy.engine.Engine base.py:1846: EXPLAIN SELECT tbl_58414fc9def746efb62151d5e813b57d.col_0, tbl_58414fc9def746efb62151d5e813b57d.col_1, tbl_58414fc9def746efb62151d5e813b57d.col_2, tbl_58414fc9def746efb62151d5e813b57d.col_3, tbl_58414fc9def746efb62151d5e813b57d.col_4, tbl_58414fc9def746efb62151d5e813b57d.col_5, tbl_58414fc9def746efb62151d5e813b57d.col_6, tbl_58414fc9def746efb62151d5e813b57d.col_7, tbl_58414fc9def746efb62151d5e813b57d.col_8, tbl_58414fc9def746efb62151d5e813b57d.col_9, tbl_58414fc9def746efb62151d5e813b57d.col_2_cellmd, tbl_58414fc9def746efb62151d5e813b57d.rowid, tbl_58414fc9def746efb62151d5e813b57d.v_min 
FROM tbl_58414fc9def746efb62151d5e813b57d 
WHERE tbl_58414fc9def746efb62151d5e813b57d.v_min <= 16 AND tbl_58414fc9def746efb62151d5e813b57d.v_max > 16
2025-12-23 10:27:58,266 INFO sqlalchemy.engine.Engine base.py:1846: [cached since 5.917e+04s ago] {}
2025-12-23 10:27:58,266 INFO sqlalchemy.engine.Engine base.py:1846: SELECT tbl_58414fc9def746efb62151d5e813b57d.col_0, tbl_58414fc9def746efb62151d5e813b57d.col_1, tbl_58414fc9def746efb62151d5e813b57d.col_2, tbl_58414fc9def746efb62151d5e813b57d.col_3, tbl_58414fc9def746efb62151d5e813b57d.col_4, tbl_58414fc9def746efb62151d5e813b57d.col_5, tbl_58414fc9def746efb62151d5e813b57d.col_6, tbl_58414fc9def746efb62151d5e813b57d.col_7, tbl_58414fc9def746efb62151d5e813b57d.col_8, tbl_58414fc9def746efb62151d5e813b57d.col_9, tbl_58414fc9def746efb62151d5e813b57d.col_2_cellmd, tbl_58414fc9def746efb62151d5e813b57d.rowid, tbl_58414fc9def746efb62151d5e813b57d.v_min 
FROM tbl_58414fc9def746efb62151d5e813b57d 
WHERE tbl_58414fc9def746efb62151d5e813b57d.v_min <= %(v_min_1)s::BIGINT AND tbl_58414fc9def746efb62151d5e813b57d.v_max > %(v_max_1)s::BIGINT
2025-12-23 10:27:58,266 INFO sqlalchemy.engine.Engine base.py:1846: [cached since 5.917e+04s ago] {'v_min_1': 16, 'v_max_1': 16}
2025-12-23 10:27:58,268 INFO sqlalchemy.engine.Engine base.py:2716: COMMIT
2025-12-23 10:29:52,609 INFO sqlalchemy.engine.Engine base.py:2710: BEGIN (implicit)
2025-12-23 10:29:52,610 INFO sqlalchemy.engine.Engine base.py:1846: SELECT tables.md 
FROM tables 
WHERE tables.id = %(id_1)s::UUID AND coalesce((tables.md ->> %(md_1)s::TEXT), %(coalesce_1)s::VARCHAR) != %(coalesce_2)s::VARCHAR
2025-12-23 10:29:52,610 INFO sqlalchemy.engine.Engine base.py:1846: [cached since 5.929e+04s ago] {'id_1': UUID('58414fc9-def7-46ef-b621-51d5e813b57d'), 'md_1': 'pending_stmt', 'coalesce_1': '-1', 'coalesce_2': '2'}
2025-12-23 10:29:52,612 INFO sqlalchemy.engine.Engine base.py:1846: SELECT tables.md 
FROM tables 
WHERE tables.id = %(id_1)s::UUID AND coalesce((tables.md ->> %(md_1)s::TEXT), %(coalesce_1)s::VARCHAR) != %(coalesce_2)s::VARCHAR
2025-12-23 10:29:52,612 INFO sqlalchemy.engine.Engine base.py:1846: [cached since 5.929e+04s ago] {'id_1': UUID('58414fc9-def7-46ef-b621-51d5e813b57d'), 'md_1': 'pending_stmt', 'coalesce_1': '-1', 'coalesce_2': '2'}
2025-12-23 10:29:52,615 INFO sqlalchemy.engine.Engine base.py:1846: EXPLAIN SELECT tbl_58414fc9def746efb62151d5e813b57d.col_0, tbl_58414fc9def746efb62151d5e813b57d.col_1, tbl_58414fc9def746efb62151d5e813b57d.col_2, tbl_58414fc9def746efb62151d5e813b57d.col_3, tbl_58414fc9def746efb62151d5e813b57d.col_4, tbl_58414fc9def746efb62151d5e813b57d.col_5, tbl_58414fc9def746efb62151d5e813b57d.col_6, tbl_58414fc9def746efb62151d5e813b57d.col_7, tbl_58414fc9def746efb62151d5e813b57d.col_8, tbl_58414fc9def746efb62151d5e813b57d.col_9, tbl_58414fc9def746efb62151d5e813b57d.col_2_cellmd, tbl_58414fc9def746efb62151d5e813b57d.rowid, tbl_58414fc9def746efb62151d5e813b57d.v_min 
FROM tbl_58414fc9def746efb62151d5e813b57d 
WHERE tbl_58414fc9def746efb62151d5e813b57d.v_min <= 16 AND tbl_58414fc9def746efb62151d5e813b57d.v_max > 16
2025-12-23 10:29:52,615 INFO sqlalchemy.engine.Engine base.py:1846: [cached since 5.928e+04s ago] {}
2025-12-23 10:29:52,616 INFO sqlalchemy.engine.Engine base.py:1846: SELECT tbl_58414fc9def746efb62151d5e813b57d.col_0, tbl_58414fc9def746efb62151d5e813b57d.col_1, tbl_58414fc9def746efb62151d5e813b57d.col_2, tbl_58414fc9def746efb62151d5e813b57d.col_3, tbl_58414fc9def746efb62151d5e813b57d.col_4, tbl_58414fc9def746efb62151d5e813b57d.col_5, tbl_58414fc9def746efb62151d5e813b57d.col_6, tbl_58414fc9def746efb62151d5e813b57d.col_7, tbl_58414fc9def746efb62151d5e813b57d.col_8, tbl_58414fc9def746efb62151d5e813b57d.col_9, tbl_58414fc9def746efb62151d5e813b57d.col_2_cellmd, tbl_58414fc9def746efb62151d5e813b57d.rowid, tbl_58414fc9def746efb62151d5e813b57d.v_min 
FROM tbl_58414fc9def746efb62151d5e813b57d 
WHERE tbl_58414fc9def746efb62151d5e813b57d.v_min <= %(v_min_1)s::BIGINT AND tbl_58414fc9def746efb62151d5e813b57d.v_max > %(v_max_1)s::BIGINT
2025-12-23 10:29:52,616 INFO sqlalchemy.engine.Engine base.py:1846: [cached since 5.928e+04s ago] {'v_min_1': 16, 'v_max_1': 16}
2025-12-23 10:29:52,618 INFO sqlalchemy.engine.Engine base.py:2716: COMMIT
2025-12-23 10:30:10,987 INFO sqlalchemy.engine.Engine base.py:2710: BEGIN (implicit)
2025-12-23 10:30:10,987 INFO sqlalchemy.engine.Engine base.py:1846: SELECT tables.md 
FROM tables 
WHERE tables.id = %(id_1)s::UUID AND coalesce((tables.md ->> %(md_1)s::TEXT), %(coalesce_1)s::VARCHAR) != %(coalesce_2)s::VARCHAR
2025-12-23 10:30:10,988 INFO sqlalchemy.engine.Engine base.py:1846: [cached since 5.93e+04s ago] {'id_1': UUID('58414fc9-def7-46ef-b621-51d5e813b57d'), 'md_1': 'pending_stmt', 'coalesce_1': '-1', 'coalesce_2': '2'}
2025-12-23 10:30:10,989 INFO sqlalchemy.engine.Engine base.py:1846: SELECT tables.md 
FROM tables 
WHERE tables.id = %(id_1)s::UUID AND coalesce((tables.md ->> %(md_1)s::TEXT), %(coalesce_1)s::VARCHAR) != %(coalesce_2)s::VARCHAR
2025-12-23 10:30:10,989 INFO sqlalchemy.engine.Engine base.py:1846: [cached since 5.93e+04s ago] {'id_1': UUID('58414fc9-def7-46ef-b621-51d5e813b57d'), 'md_1': 'pending_stmt', 'coalesce_1': '-1', 'coalesce_2': '2'}
2025-12-23 10:30:10,993 INFO sqlalchemy.engine.Engine base.py:1846: EXPLAIN SELECT tbl_58414fc9def746efb62151d5e813b57d.col_0, tbl_58414fc9def746efb62151d5e813b57d.col_1, tbl_58414fc9def746efb62151d5e813b57d.col_2, tbl_58414fc9def746efb62151d5e813b57d.col_3, tbl_58414fc9def746efb62151d5e813b57d.col_4, tbl_58414fc9def746efb62151d5e813b57d.col_5, tbl_58414fc9def746efb62151d5e813b57d.col_6, tbl_58414fc9def746efb62151d5e813b57d.col_7, tbl_58414fc9def746efb62151d5e813b57d.col_8, tbl_58414fc9def746efb62151d5e813b57d.col_9, tbl_58414fc9def746efb62151d5e813b57d.col_2_cellmd, tbl_58414fc9def746efb62151d5e813b57d.rowid, tbl_58414fc9def746efb62151d5e813b57d.v_min 
FROM tbl_58414fc9def746efb62151d5e813b57d 
WHERE tbl_58414fc9def746efb62151d5e813b57d.v_min <= 16 AND tbl_58414fc9def746efb62151d5e813b57d.v_max > 16
2025-12-23 10:30:10,993 INFO sqlalchemy.engine.Engine base.py:1846: [cached since 5.93e+04s ago] {}
2025-12-23 10:30:10,994 INFO sqlalchemy.engine.Engine base.py:1846: SELECT tbl_58414fc9def746efb62151d5e813b57d.col_0, tbl_58414fc9def746efb62151d5e813b57d.col_1, tbl_58414fc9def746efb62151d5e813b57d.col_2, tbl_58414fc9def746efb62151d5e813b57d.col_3, tbl_58414fc9def746efb62151d5e813b57d.col_4, tbl_58414fc9def746efb62151d5e813b57d.col_5, tbl_58414fc9def746efb62151d5e813b57d.col_6, tbl_58414fc9def746efb62151d5e813b57d.col_7, tbl_58414fc9def746efb62151d5e813b57d.col_8, tbl_58414fc9def746efb62151d5e813b57d.col_9, tbl_58414fc9def746efb62151d5e813b57d.col_2_cellmd, tbl_58414fc9def746efb62151d5e813b57d.rowid, tbl_58414fc9def746efb62151d5e813b57d.v_min 
FROM tbl_58414fc9def746efb62151d5e813b57d 
WHERE tbl_58414fc9def746efb62151d5e813b57d.v_min <= %(v_min_1)s::BIGINT AND tbl_58414fc9def746efb62151d5e813b57d.v_max > %(v_max_1)s::BIGINT
2025-12-23 10:30:10,994 INFO sqlalchemy.engine.Engine base.py:1846: [cached since 5.93e+04s ago] {'v_min_1': 16, 'v_max_1': 16}
2025-12-23 10:30:10,995 INFO sqlalchemy.engine.Engine base.py:2716: COMMIT
2025-12-23 10:56:11,129 INFO sqlalchemy.engine.Engine base.py:2710: BEGIN (implicit)
2025-12-23 10:56:11,130 INFO sqlalchemy.engine.Engine base.py:1846: SELECT tables.md 
FROM tables 
WHERE tables.id = %(id_1)s::UUID AND coalesce((tables.md ->> %(md_1)s::TEXT), %(coalesce_1)s::VARCHAR) != %(coalesce_2)s::VARCHAR
2025-12-23 10:56:11,130 INFO sqlalchemy.engine.Engine base.py:1846: [cached since 6.086e+04s ago] {'id_1': UUID('58414fc9-def7-46ef-b621-51d5e813b57d'), 'md_1': 'pending_stmt', 'coalesce_1': '-1', 'coalesce_2': '2'}
2025-12-23 10:56:11,132 INFO sqlalchemy.engine.Engine base.py:1846: SELECT tables.md 
FROM tables 
WHERE tables.id = %(id_1)s::UUID AND coalesce((tables.md ->> %(md_1)s::TEXT), %(coalesce_1)s::VARCHAR) != %(coalesce_2)s::VARCHAR
2025-12-23 10:56:11,132 INFO sqlalchemy.engine.Engine base.py:1846: [cached since 6.086e+04s ago] {'id_1': UUID('58414fc9-def7-46ef-b621-51d5e813b57d'), 'md_1': 'pending_stmt', 'coalesce_1': '-1', 'coalesce_2': '2'}
2025-12-23 10:56:11,136 INFO sqlalchemy.engine.Engine base.py:1846: EXPLAIN SELECT tbl_58414fc9def746efb62151d5e813b57d.col_0, tbl_58414fc9def746efb62151d5e813b57d.col_1, tbl_58414fc9def746efb62151d5e813b57d.col_2, tbl_58414fc9def746efb62151d5e813b57d.col_3, tbl_58414fc9def746efb62151d5e813b57d.col_4, tbl_58414fc9def746efb62151d5e813b57d.col_5, tbl_58414fc9def746efb62151d5e813b57d.col_6, tbl_58414fc9def746efb62151d5e813b57d.col_7, tbl_58414fc9def746efb62151d5e813b57d.col_8, tbl_58414fc9def746efb62151d5e813b57d.col_9, tbl_58414fc9def746efb62151d5e813b57d.col_2_cellmd, tbl_58414fc9def746efb62151d5e813b57d.rowid, tbl_58414fc9def746efb62151d5e813b57d.v_min 
FROM tbl_58414fc9def746efb62151d5e813b57d 
WHERE tbl_58414fc9def746efb62151d5e813b57d.v_min <= 16 AND tbl_58414fc9def746efb62151d5e813b57d.v_max > 16
2025-12-23 10:56:11,136 INFO sqlalchemy.engine.Engine base.py:1846: [cached since 6.086e+04s ago] {}
2025-12-23 10:56:11,137 INFO sqlalchemy.engine.Engine base.py:1846: SELECT tbl_58414fc9def746efb62151d5e813b57d.col_0, tbl_58414fc9def746efb62151d5e813b57d.col_1, tbl_58414fc9def746efb62151d5e813b57d.col_2, tbl_58414fc9def746efb62151d5e813b57d.col_3, tbl_58414fc9def746efb62151d5e813b57d.col_4, tbl_58414fc9def746efb62151d5e813b57d.col_5, tbl_58414fc9def746efb62151d5e813b57d.col_6, tbl_58414fc9def746efb62151d5e813b57d.col_7, tbl_58414fc9def746efb62151d5e813b57d.col_8, tbl_58414fc9def746efb62151d5e813b57d.col_9, tbl_58414fc9def746efb62151d5e813b57d.col_2_cellmd, tbl_58414fc9def746efb62151d5e813b57d.rowid, tbl_58414fc9def746efb62151d5e813b57d.v_min 
FROM tbl_58414fc9def746efb62151d5e813b57d 
WHERE tbl_58414fc9def746efb62151d5e813b57d.v_min <= %(v_min_1)s::BIGINT AND tbl_58414fc9def746efb62151d5e813b57d.v_max > %(v_max_1)s::BIGINT
2025-12-23 10:56:11,137 INFO sqlalchemy.engine.Engine base.py:1846: [cached since 6.086e+04s ago] {'v_min_1': 16, 'v_max_1': 16}
2025-12-23 10:56:11,139 INFO sqlalchemy.engine.Engine base.py:2716: COMMIT
2025-12-23 10:56:32,350 INFO sqlalchemy.engine.Engine base.py:2710: BEGIN (implicit)
2025-12-23 10:56:32,351 INFO sqlalchemy.engine.Engine base.py:1846: SELECT tables.md 
FROM tables 
WHERE tables.id = %(id_1)s::UUID AND coalesce((tables.md ->> %(md_1)s::TEXT), %(coalesce_1)s::VARCHAR) != %(coalesce_2)s::VARCHAR
2025-12-23 10:56:32,351 INFO sqlalchemy.engine.Engine base.py:1846: [cached since 6.089e+04s ago] {'id_1': UUID('58414fc9-def7-46ef-b621-51d5e813b57d'), 'md_1': 'pending_stmt', 'coalesce_1': '-1', 'coalesce_2': '2'}
2025-12-23 10:56:32,352 INFO sqlalchemy.engine.Engine base.py:1846: SELECT tables.md 
FROM tables 
WHERE tables.id = %(id_1)s::UUID AND coalesce((tables.md ->> %(md_1)s::TEXT), %(coalesce_1)s::VARCHAR) != %(coalesce_2)s::VARCHAR
2025-12-23 10:56:32,352 INFO sqlalchemy.engine.Engine base.py:1846: [cached since 6.089e+04s ago] {'id_1': UUID('58414fc9-def7-46ef-b621-51d5e813b57d'), 'md_1': 'pending_stmt', 'coalesce_1': '-1', 'coalesce_2': '2'}
2025-12-23 10:56:32,356 INFO sqlalchemy.engine.Engine base.py:1846: EXPLAIN SELECT tbl_58414fc9def746efb62151d5e813b57d.col_0, tbl_58414fc9def746efb62151d5e813b57d.col_1, tbl_58414fc9def746efb62151d5e813b57d.col_2, tbl_58414fc9def746efb62151d5e813b57d.col_3, tbl_58414fc9def746efb62151d5e813b57d.col_4, tbl_58414fc9def746efb62151d5e813b57d.col_5, tbl_58414fc9def746efb62151d5e813b57d.col_6, tbl_58414fc9def746efb62151d5e813b57d.col_7, tbl_58414fc9def746efb62151d5e813b57d.col_8, tbl_58414fc9def746efb62151d5e813b57d.col_9, tbl_58414fc9def746efb62151d5e813b57d.col_2_cellmd, tbl_58414fc9def746efb62151d5e813b57d.rowid, tbl_58414fc9def746efb62151d5e813b57d.v_min 
FROM tbl_58414fc9def746efb62151d5e813b57d 
WHERE tbl_58414fc9def746efb62151d5e813b57d.v_min <= 16 AND tbl_58414fc9def746efb62151d5e813b57d.v_max > 16
2025-12-23 10:56:32,357 INFO sqlalchemy.engine.Engine base.py:1846: [cached since 6.088e+04s ago] {}
2025-12-23 10:56:32,357 INFO sqlalchemy.engine.Engine base.py:1846: SELECT tbl_58414fc9def746efb62151d5e813b57d.col_0, tbl_58414fc9def746efb62151d5e813b57d.col_1, tbl_58414fc9def746efb62151d5e813b57d.col_2, tbl_58414fc9def746efb62151d5e813b57d.col_3, tbl_58414fc9def746efb62151d5e813b57d.col_4, tbl_58414fc9def746efb62151d5e813b57d.col_5, tbl_58414fc9def746efb62151d5e813b57d.col_6, tbl_58414fc9def746efb62151d5e813b57d.col_7, tbl_58414fc9def746efb62151d5e813b57d.col_8, tbl_58414fc9def746efb62151d5e813b57d.col_9, tbl_58414fc9def746efb62151d5e813b57d.col_2_cellmd, tbl_58414fc9def746efb62151d5e813b57d.rowid, tbl_58414fc9def746efb62151d5e813b57d.v_min 
FROM tbl_58414fc9def746efb62151d5e813b57d 
WHERE tbl_58414fc9def746efb62151d5e813b57d.v_min <= %(v_min_1)s::BIGINT AND tbl_58414fc9def746efb62151d5e813b57d.v_max > %(v_max_1)s::BIGINT
2025-12-23 10:56:32,357 INFO sqlalchemy.engine.Engine base.py:1846: [cached since 6.088e+04s ago] {'v_min_1': 16, 'v_max_1': 16}
2025-12-23 10:56:32,358 INFO sqlalchemy.engine.Engine base.py:2716: COMMIT
2025-12-23 10:56:34,963 INFO sqlalchemy.engine.Engine base.py:2710: BEGIN (implicit)
2025-12-23 10:56:34,964 INFO sqlalchemy.engine.Engine base.py:1846: SELECT tables.md 
FROM tables 
WHERE tables.id = %(id_1)s::UUID AND coalesce((tables.md ->> %(md_1)s::TEXT), %(coalesce_1)s::VARCHAR) != %(coalesce_2)s::VARCHAR
2025-12-23 10:56:34,964 INFO sqlalchemy.engine.Engine base.py:1846: [cached since 6.089e+04s ago] {'id_1': UUID('58414fc9-def7-46ef-b621-51d5e813b57d'), 'md_1': 'pending_stmt', 'coalesce_1': '-1', 'coalesce_2': '2'}
2025-12-23 10:56:34,965 INFO sqlalchemy.engine.Engine base.py:1846: SELECT tables.md 
FROM tables 
WHERE tables.id = %(id_1)s::UUID AND coalesce((tables.md ->> %(md_1)s::TEXT), %(coalesce_1)s::VARCHAR) != %(coalesce_2)s::VARCHAR
2025-12-23 10:56:34,965 INFO sqlalchemy.engine.Engine base.py:1846: [cached since 6.089e+04s ago] {'id_1': UUID('58414fc9-def7-46ef-b621-51d5e813b57d'), 'md_1': 'pending_stmt', 'coalesce_1': '-1', 'coalesce_2': '2'}
2025-12-23 10:56:34,969 INFO sqlalchemy.engine.Engine base.py:1846: EXPLAIN SELECT tbl_58414fc9def746efb62151d5e813b57d.col_0, tbl_58414fc9def746efb62151d5e813b57d.col_1, tbl_58414fc9def746efb62151d5e813b57d.col_2, tbl_58414fc9def746efb62151d5e813b57d.col_3, tbl_58414fc9def746efb62151d5e813b57d.col_4, tbl_58414fc9def746efb62151d5e813b57d.col_5, tbl_58414fc9def746efb62151d5e813b57d.col_6, tbl_58414fc9def746efb62151d5e813b57d.col_7, tbl_58414fc9def746efb62151d5e813b57d.col_8, tbl_58414fc9def746efb62151d5e813b57d.col_9, tbl_58414fc9def746efb62151d5e813b57d.col_2_cellmd, tbl_58414fc9def746efb62151d5e813b57d.rowid, tbl_58414fc9def746efb62151d5e813b57d.v_min 
FROM tbl_58414fc9def746efb62151d5e813b57d 
WHERE tbl_58414fc9def746efb62151d5e813b57d.v_min <= 16 AND tbl_58414fc9def746efb62151d5e813b57d.v_max > 16
2025-12-23 10:56:34,969 INFO sqlalchemy.engine.Engine base.py:1846: [cached since 6.088e+04s ago] {}
2025-12-23 10:56:34,969 INFO sqlalchemy.engine.Engine base.py:1846: SELECT tbl_58414fc9def746efb62151d5e813b57d.col_0, tbl_58414fc9def746efb62151d5e813b57d.col_1, tbl_58414fc9def746efb62151d5e813b57d.col_2, tbl_58414fc9def746efb62151d5e813b57d.col_3, tbl_58414fc9def746efb62151d5e813b57d.col_4, tbl_58414fc9def746efb62151d5e813b57d.col_5, tbl_58414fc9def746efb62151d5e813b57d.col_6, tbl_58414fc9def746efb62151d5e813b57d.col_7, tbl_58414fc9def746efb62151d5e813b57d.col_8, tbl_58414fc9def746efb62151d5e813b57d.col_9, tbl_58414fc9def746efb62151d5e813b57d.col_2_cellmd, tbl_58414fc9def746efb62151d5e813b57d.rowid, tbl_58414fc9def746efb62151d5e813b57d.v_min 
FROM tbl_58414fc9def746efb62151d5e813b57d 
WHERE tbl_58414fc9def746efb62151d5e813b57d.v_min <= %(v_min_1)s::BIGINT AND tbl_58414fc9def746efb62151d5e813b57d.v_max > %(v_max_1)s::BIGINT
2025-12-23 10:56:34,969 INFO sqlalchemy.engine.Engine base.py:1846: [cached since 6.088e+04s ago] {'v_min_1': 16, 'v_max_1': 16}
2025-12-23 10:56:34,970 INFO sqlalchemy.engine.Engine base.py:2716: COMMIT
2025-12-23 11:19:40,386 INFO sqlalchemy.engine.Engine base.py:2710: BEGIN (implicit)
2025-12-23 11:19:40,387 INFO sqlalchemy.engine.Engine base.py:1846: SELECT tables.md 
FROM tables 
WHERE tables.id = %(id_1)s::UUID AND coalesce((tables.md ->> %(md_1)s::TEXT), %(coalesce_1)s::VARCHAR) != %(coalesce_2)s::VARCHAR
2025-12-23 11:19:40,387 INFO sqlalchemy.engine.Engine base.py:1846: [cached since 6.227e+04s ago] {'id_1': UUID('58414fc9-def7-46ef-b621-51d5e813b57d'), 'md_1': 'pending_stmt', 'coalesce_1': '-1', 'coalesce_2': '2'}
2025-12-23 11:19:40,389 INFO sqlalchemy.engine.Engine base.py:1846: SELECT tables.md 
FROM tables 
WHERE tables.id = %(id_1)s::UUID AND coalesce((tables.md ->> %(md_1)s::TEXT), %(coalesce_1)s::VARCHAR) != %(coalesce_2)s::VARCHAR
2025-12-23 11:19:40,389 INFO sqlalchemy.engine.Engine base.py:1846: [cached since 6.227e+04s ago] {'id_1': UUID('58414fc9-def7-46ef-b621-51d5e813b57d'), 'md_1': 'pending_stmt', 'coalesce_1': '-1', 'coalesce_2': '2'}
2025-12-23 11:19:40,394 INFO sqlalchemy.engine.Engine base.py:1846: EXPLAIN SELECT tbl_58414fc9def746efb62151d5e813b57d.col_0, tbl_58414fc9def746efb62151d5e813b57d.col_1, tbl_58414fc9def746efb62151d5e813b57d.col_2, tbl_58414fc9def746efb62151d5e813b57d.col_3, tbl_58414fc9def746efb62151d5e813b57d.col_4, tbl_58414fc9def746efb62151d5e813b57d.col_5, tbl_58414fc9def746efb62151d5e813b57d.col_6, tbl_58414fc9def746efb62151d5e813b57d.col_7, tbl_58414fc9def746efb62151d5e813b57d.col_8, tbl_58414fc9def746efb62151d5e813b57d.col_9, tbl_58414fc9def746efb62151d5e813b57d.col_2_cellmd, tbl_58414fc9def746efb62151d5e813b57d.rowid, tbl_58414fc9def746efb62151d5e813b57d.v_min 
FROM tbl_58414fc9def746efb62151d5e813b57d 
WHERE tbl_58414fc9def746efb62151d5e813b57d.v_min <= 16 AND tbl_58414fc9def746efb62151d5e813b57d.v_max > 16
2025-12-23 11:19:40,394 INFO sqlalchemy.engine.Engine base.py:1846: [cached since 6.227e+04s ago] {}
2025-12-23 11:19:40,395 INFO sqlalchemy.engine.Engine base.py:1846: SELECT tbl_58414fc9def746efb62151d5e813b57d.col_0, tbl_58414fc9def746efb62151d5e813b57d.col_1, tbl_58414fc9def746efb62151d5e813b57d.col_2, tbl_58414fc9def746efb62151d5e813b57d.col_3, tbl_58414fc9def746efb62151d5e813b57d.col_4, tbl_58414fc9def746efb62151d5e813b57d.col_5, tbl_58414fc9def746efb62151d5e813b57d.col_6, tbl_58414fc9def746efb62151d5e813b57d.col_7, tbl_58414fc9def746efb62151d5e813b57d.col_8, tbl_58414fc9def746efb62151d5e813b57d.col_9, tbl_58414fc9def746efb62151d5e813b57d.col_2_cellmd, tbl_58414fc9def746efb62151d5e813b57d.rowid, tbl_58414fc9def746efb62151d5e813b57d.v_min 
FROM tbl_58414fc9def746efb62151d5e813b57d 
WHERE tbl_58414fc9def746efb62151d5e813b57d.v_min <= %(v_min_1)s::BIGINT AND tbl_58414fc9def746efb62151d5e813b57d.v_max > %(v_max_1)s::BIGINT
2025-12-23 11:19:40,395 INFO sqlalchemy.engine.Engine base.py:1846: [cached since 6.227e+04s ago] {'v_min_1': 16, 'v_max_1': 16}
2025-12-23 11:19:40,396 INFO sqlalchemy.engine.Engine base.py:2716: COMMIT
2025-12-23 11:20:12,301 INFO sqlalchemy.engine.Engine base.py:2710: BEGIN (implicit)
2025-12-23 11:20:12,302 INFO sqlalchemy.engine.Engine base.py:1846: SELECT tables.md 
FROM tables 
WHERE tables.id = %(id_1)s::UUID AND coalesce((tables.md ->> %(md_1)s::TEXT), %(coalesce_1)s::VARCHAR) != %(coalesce_2)s::VARCHAR
2025-12-23 11:20:12,302 INFO sqlalchemy.engine.Engine base.py:1846: [cached since 6.231e+04s ago] {'id_1': UUID('58414fc9-def7-46ef-b621-51d5e813b57d'), 'md_1': 'pending_stmt', 'coalesce_1': '-1', 'coalesce_2': '2'}
2025-12-23 11:20:12,304 INFO sqlalchemy.engine.Engine base.py:1846: SELECT tables.md 
FROM tables 
WHERE tables.id = %(id_1)s::UUID AND coalesce((tables.md ->> %(md_1)s::TEXT), %(coalesce_1)s::VARCHAR) != %(coalesce_2)s::VARCHAR
2025-12-23 11:20:12,304 INFO sqlalchemy.engine.Engine base.py:1846: [cached since 6.231e+04s ago] {'id_1': UUID('58414fc9-def7-46ef-b621-51d5e813b57d'), 'md_1': 'pending_stmt', 'coalesce_1': '-1', 'coalesce_2': '2'}
2025-12-23 11:20:12,307 INFO sqlalchemy.engine.Engine base.py:1846: EXPLAIN SELECT tbl_58414fc9def746efb62151d5e813b57d.col_0, tbl_58414fc9def746efb62151d5e813b57d.col_1, tbl_58414fc9def746efb62151d5e813b57d.col_2, tbl_58414fc9def746efb62151d5e813b57d.col_3, tbl_58414fc9def746efb62151d5e813b57d.col_4, tbl_58414fc9def746efb62151d5e813b57d.col_5, tbl_58414fc9def746efb62151d5e813b57d.col_6, tbl_58414fc9def746efb62151d5e813b57d.col_7, tbl_58414fc9def746efb62151d5e813b57d.col_8, tbl_58414fc9def746efb62151d5e813b57d.col_9, tbl_58414fc9def746efb62151d5e813b57d.col_2_cellmd, tbl_58414fc9def746efb62151d5e813b57d.rowid, tbl_58414fc9def746efb62151d5e813b57d.v_min 
FROM tbl_58414fc9def746efb62151d5e813b57d 
WHERE tbl_58414fc9def746efb62151d5e813b57d.v_min <= 16 AND tbl_58414fc9def746efb62151d5e813b57d.v_max > 16
2025-12-23 11:20:12,307 INFO sqlalchemy.engine.Engine base.py:1846: [cached since 6.23e+04s ago] {}
2025-12-23 11:20:12,308 INFO sqlalchemy.engine.Engine base.py:1846: SELECT tbl_58414fc9def746efb62151d5e813b57d.col_0, tbl_58414fc9def746efb62151d5e813b57d.col_1, tbl_58414fc9def746efb62151d5e813b57d.col_2, tbl_58414fc9def746efb62151d5e813b57d.col_3, tbl_58414fc9def746efb62151d5e813b57d.col_4, tbl_58414fc9def746efb62151d5e813b57d.col_5, tbl_58414fc9def746efb62151d5e813b57d.col_6, tbl_58414fc9def746efb62151d5e813b57d.col_7, tbl_58414fc9def746efb62151d5e813b57d.col_8, tbl_58414fc9def746efb62151d5e813b57d.col_9, tbl_58414fc9def746efb62151d5e813b57d.col_2_cellmd, tbl_58414fc9def746efb62151d5e813b57d.rowid, tbl_58414fc9def746efb62151d5e813b57d.v_min 
FROM tbl_58414fc9def746efb62151d5e813b57d 
WHERE tbl_58414fc9def746efb62151d5e813b57d.v_min <= %(v_min_1)s::BIGINT AND tbl_58414fc9def746efb62151d5e813b57d.v_max > %(v_max_1)s::BIGINT
2025-12-23 11:20:12,308 INFO sqlalchemy.engine.Engine base.py:1846: [cached since 6.23e+04s ago] {'v_min_1': 16, 'v_max_1': 16}
2025-12-23 11:20:12,309 INFO sqlalchemy.engine.Engine base.py:2716: COMMIT
2025-12-23 13:18:10,328 INFO sqlalchemy.engine.Engine base.py:2710: BEGIN (implicit)
2025-12-23 13:18:10,329 INFO sqlalchemy.engine.Engine base.py:1846: SELECT tables.md 
FROM tables 
WHERE tables.id = %(id_1)s::UUID AND coalesce((tables.md ->> %(md_1)s::TEXT), %(coalesce_1)s::VARCHAR) != %(coalesce_2)s::VARCHAR
2025-12-23 13:18:10,329 INFO sqlalchemy.engine.Engine base.py:1846: [cached since 6.938e+04s ago] {'id_1': UUID('58414fc9-def7-46ef-b621-51d5e813b57d'), 'md_1': 'pending_stmt', 'coalesce_1': '-1', 'coalesce_2': '2'}
2025-12-23 13:18:10,331 INFO sqlalchemy.engine.Engine base.py:1846: SELECT tables.md 
FROM tables 
WHERE tables.id = %(id_1)s::UUID AND coalesce((tables.md ->> %(md_1)s::TEXT), %(coalesce_1)s::VARCHAR) != %(coalesce_2)s::VARCHAR
2025-12-23 13:18:10,331 INFO sqlalchemy.engine.Engine base.py:1846: [cached since 6.938e+04s ago] {'id_1': UUID('58414fc9-def7-46ef-b621-51d5e813b57d'), 'md_1': 'pending_stmt', 'coalesce_1': '-1', 'coalesce_2': '2'}
2025-12-23 13:18:10,337 INFO sqlalchemy.engine.Engine base.py:1846: EXPLAIN SELECT tbl_58414fc9def746efb62151d5e813b57d.col_0, tbl_58414fc9def746efb62151d5e813b57d.col_1, tbl_58414fc9def746efb62151d5e813b57d.col_2, tbl_58414fc9def746efb62151d5e813b57d.col_3, tbl_58414fc9def746efb62151d5e813b57d.col_4, tbl_58414fc9def746efb62151d5e813b57d.col_5, tbl_58414fc9def746efb62151d5e813b57d.col_6, tbl_58414fc9def746efb62151d5e813b57d.col_7, tbl_58414fc9def746efb62151d5e813b57d.col_8, tbl_58414fc9def746efb62151d5e813b57d.col_9, tbl_58414fc9def746efb62151d5e813b57d.col_2_cellmd, tbl_58414fc9def746efb62151d5e813b57d.rowid, tbl_58414fc9def746efb62151d5e813b57d.v_min 
FROM tbl_58414fc9def746efb62151d5e813b57d 
WHERE tbl_58414fc9def746efb62151d5e813b57d.v_min <= 16 AND tbl_58414fc9def746efb62151d5e813b57d.v_max > 16
2025-12-23 13:18:10,337 INFO sqlalchemy.engine.Engine base.py:1846: [cached since 6.938e+04s ago] {}
2025-12-23 13:18:10,337 INFO sqlalchemy.engine.Engine base.py:1846: SELECT tbl_58414fc9def746efb62151d5e813b57d.col_0, tbl_58414fc9def746efb62151d5e813b57d.col_1, tbl_58414fc9def746efb62151d5e813b57d.col_2, tbl_58414fc9def746efb62151d5e813b57d.col_3, tbl_58414fc9def746efb62151d5e813b57d.col_4, tbl_58414fc9def746efb62151d5e813b57d.col_5, tbl_58414fc9def746efb62151d5e813b57d.col_6, tbl_58414fc9def746efb62151d5e813b57d.col_7, tbl_58414fc9def746efb62151d5e813b57d.col_8, tbl_58414fc9def746efb62151d5e813b57d.col_9, tbl_58414fc9def746efb62151d5e813b57d.col_2_cellmd, tbl_58414fc9def746efb62151d5e813b57d.rowid, tbl_58414fc9def746efb62151d5e813b57d.v_min 
FROM tbl_58414fc9def746efb62151d5e813b57d 
WHERE tbl_58414fc9def746efb62151d5e813b57d.v_min <= %(v_min_1)s::BIGINT AND tbl_58414fc9def746efb62151d5e813b57d.v_max > %(v_max_1)s::BIGINT
2025-12-23 13:18:10,337 INFO sqlalchemy.engine.Engine base.py:1846: [cached since 6.938e+04s ago] {'v_min_1': 16, 'v_max_1': 16}
2025-12-23 13:18:10,339 INFO sqlalchemy.engine.Engine base.py:2716: COMMIT
2025-12-23 13:18:21,844 INFO sqlalchemy.engine.Engine base.py:2710: BEGIN (implicit)
2025-12-23 13:18:21,845 INFO sqlalchemy.engine.Engine base.py:1846: SELECT tables.md 
FROM tables 
WHERE tables.id = %(id_1)s::UUID AND coalesce((tables.md ->> %(md_1)s::TEXT), %(coalesce_1)s::VARCHAR) != %(coalesce_2)s::VARCHAR
2025-12-23 13:18:21,845 INFO sqlalchemy.engine.Engine base.py:1846: [cached since 6.94e+04s ago] {'id_1': UUID('58414fc9-def7-46ef-b621-51d5e813b57d'), 'md_1': 'pending_stmt', 'coalesce_1': '-1', 'coalesce_2': '2'}
2025-12-23 13:18:21,847 INFO sqlalchemy.engine.Engine base.py:1846: SELECT tables.md 
FROM tables 
WHERE tables.id = %(id_1)s::UUID AND coalesce((tables.md ->> %(md_1)s::TEXT), %(coalesce_1)s::VARCHAR) != %(coalesce_2)s::VARCHAR
2025-12-23 13:18:21,847 INFO sqlalchemy.engine.Engine base.py:1846: [cached since 6.94e+04s ago] {'id_1': UUID('58414fc9-def7-46ef-b621-51d5e813b57d'), 'md_1': 'pending_stmt', 'coalesce_1': '-1', 'coalesce_2': '2'}
2025-12-23 13:18:21,850 INFO sqlalchemy.engine.Engine base.py:1846: EXPLAIN SELECT tbl_58414fc9def746efb62151d5e813b57d.col_0, tbl_58414fc9def746efb62151d5e813b57d.col_1, tbl_58414fc9def746efb62151d5e813b57d.col_2, tbl_58414fc9def746efb62151d5e813b57d.col_3, tbl_58414fc9def746efb62151d5e813b57d.col_4, tbl_58414fc9def746efb62151d5e813b57d.col_5, tbl_58414fc9def746efb62151d5e813b57d.col_6, tbl_58414fc9def746efb62151d5e813b57d.col_7, tbl_58414fc9def746efb62151d5e813b57d.col_8, tbl_58414fc9def746efb62151d5e813b57d.col_9, tbl_58414fc9def746efb62151d5e813b57d.col_2_cellmd, tbl_58414fc9def746efb62151d5e813b57d.rowid, tbl_58414fc9def746efb62151d5e813b57d.v_min 
FROM tbl_58414fc9def746efb62151d5e813b57d 
WHERE tbl_58414fc9def746efb62151d5e813b57d.v_min <= 16 AND tbl_58414fc9def746efb62151d5e813b57d.v_max > 16
2025-12-23 13:18:21,850 INFO sqlalchemy.engine.Engine base.py:1846: [cached since 6.939e+04s ago] {}
2025-12-23 13:18:21,851 INFO sqlalchemy.engine.Engine base.py:1846: SELECT tbl_58414fc9def746efb62151d5e813b57d.col_0, tbl_58414fc9def746efb62151d5e813b57d.col_1, tbl_58414fc9def746efb62151d5e813b57d.col_2, tbl_58414fc9def746efb62151d5e813b57d.col_3, tbl_58414fc9def746efb62151d5e813b57d.col_4, tbl_58414fc9def746efb62151d5e813b57d.col_5, tbl_58414fc9def746efb62151d5e813b57d.col_6, tbl_58414fc9def746efb62151d5e813b57d.col_7, tbl_58414fc9def746efb62151d5e813b57d.col_8, tbl_58414fc9def746efb62151d5e813b57d.col_9, tbl_58414fc9def746efb62151d5e813b57d.col_2_cellmd, tbl_58414fc9def746efb62151d5e813b57d.rowid, tbl_58414fc9def746efb62151d5e813b57d.v_min 
FROM tbl_58414fc9def746efb62151d5e813b57d 
WHERE tbl_58414fc9def746efb62151d5e813b57d.v_min <= %(v_min_1)s::BIGINT AND tbl_58414fc9def746efb62151d5e813b57d.v_max > %(v_max_1)s::BIGINT
2025-12-23 13:18:21,851 INFO sqlalchemy.engine.Engine base.py:1846: [cached since 6.939e+04s ago] {'v_min_1': 16, 'v_max_1': 16}
2025-12-23 13:18:21,852 INFO sqlalchemy.engine.Engine base.py:2716: COMMIT
2025-12-23 13:18:27,145 INFO sqlalchemy.engine.Engine base.py:2710: BEGIN (implicit)
2025-12-23 13:18:27,146 INFO sqlalchemy.engine.Engine base.py:1846: SELECT tables.md 
FROM tables 
WHERE tables.id = %(id_1)s::UUID AND coalesce((tables.md ->> %(md_1)s::TEXT), %(coalesce_1)s::VARCHAR) != %(coalesce_2)s::VARCHAR
2025-12-23 13:18:27,146 INFO sqlalchemy.engine.Engine base.py:1846: [cached since 6.94e+04s ago] {'id_1': UUID('58414fc9-def7-46ef-b621-51d5e813b57d'), 'md_1': 'pending_stmt', 'coalesce_1': '-1', 'coalesce_2': '2'}
2025-12-23 13:18:27,147 INFO sqlalchemy.engine.Engine base.py:1846: SELECT tables.md 
FROM tables 
WHERE tables.id = %(id_1)s::UUID AND coalesce((tables.md ->> %(md_1)s::TEXT), %(coalesce_1)s::VARCHAR) != %(coalesce_2)s::VARCHAR
2025-12-23 13:18:27,147 INFO sqlalchemy.engine.Engine base.py:1846: [cached since 6.94e+04s ago] {'id_1': UUID('58414fc9-def7-46ef-b621-51d5e813b57d'), 'md_1': 'pending_stmt', 'coalesce_1': '-1', 'coalesce_2': '2'}
2025-12-23 13:18:27,150 INFO sqlalchemy.engine.Engine base.py:1846: EXPLAIN SELECT tbl_58414fc9def746efb62151d5e813b57d.col_0, tbl_58414fc9def746efb62151d5e813b57d.col_1, tbl_58414fc9def746efb62151d5e813b57d.col_2, tbl_58414fc9def746efb62151d5e813b57d.col_3, tbl_58414fc9def746efb62151d5e813b57d.col_4, tbl_58414fc9def746efb62151d5e813b57d.col_5, tbl_58414fc9def746efb62151d5e813b57d.col_6, tbl_58414fc9def746efb62151d5e813b57d.col_7, tbl_58414fc9def746efb62151d5e813b57d.col_8, tbl_58414fc9def746efb62151d5e813b57d.col_9, tbl_58414fc9def746efb62151d5e813b57d.col_2_cellmd, tbl_58414fc9def746efb62151d5e813b57d.rowid, tbl_58414fc9def746efb62151d5e813b57d.v_min 
FROM tbl_58414fc9def746efb62151d5e813b57d 
WHERE tbl_58414fc9def746efb62151d5e813b57d.v_min <= 16 AND tbl_58414fc9def746efb62151d5e813b57d.v_max > 16
2025-12-23 13:18:27,150 INFO sqlalchemy.engine.Engine base.py:1846: [cached since 6.94e+04s ago] {}
2025-12-23 13:18:27,151 INFO sqlalchemy.engine.Engine base.py:1846: SELECT tbl_58414fc9def746efb62151d5e813b57d.col_0, tbl_58414fc9def746efb62151d5e813b57d.col_1, tbl_58414fc9def746efb62151d5e813b57d.col_2, tbl_58414fc9def746efb62151d5e813b57d.col_3, tbl_58414fc9def746efb62151d5e813b57d.col_4, tbl_58414fc9def746efb62151d5e813b57d.col_5, tbl_58414fc9def746efb62151d5e813b57d.col_6, tbl_58414fc9def746efb62151d5e813b57d.col_7, tbl_58414fc9def746efb62151d5e813b57d.col_8, tbl_58414fc9def746efb62151d5e813b57d.col_9, tbl_58414fc9def746efb62151d5e813b57d.col_2_cellmd, tbl_58414fc9def746efb62151d5e813b57d.rowid, tbl_58414fc9def746efb62151d5e813b57d.v_min 
FROM tbl_58414fc9def746efb62151d5e813b57d 
WHERE tbl_58414fc9def746efb62151d5e813b57d.v_min <= %(v_min_1)s::BIGINT AND tbl_58414fc9def746efb62151d5e813b57d.v_max > %(v_max_1)s::BIGINT
2025-12-23 13:18:27,151 INFO sqlalchemy.engine.Engine base.py:1846: [cached since 6.94e+04s ago] {'v_min_1': 16, 'v_max_1': 16}
2025-12-23 13:18:27,152 INFO sqlalchemy.engine.Engine base.py:2716: COMMIT
2025-12-23 14:14:53,205 INFO sqlalchemy.engine.Engine base.py:2710: BEGIN (implicit)
2025-12-23 14:14:53,207 INFO sqlalchemy.engine.Engine base.py:1846: SELECT tables.md 
FROM tables 
WHERE tables.id = %(id_1)s::UUID AND coalesce((tables.md ->> %(md_1)s::TEXT), %(coalesce_1)s::VARCHAR) != %(coalesce_2)s::VARCHAR
2025-12-23 14:14:53,207 INFO sqlalchemy.engine.Engine base.py:1846: [cached since 7.279e+04s ago] {'id_1': UUID('58414fc9-def7-46ef-b621-51d5e813b57d'), 'md_1': 'pending_stmt', 'coalesce_1': '-1', 'coalesce_2': '2'}
2025-12-23 14:14:53,209 INFO sqlalchemy.engine.Engine base.py:1846: SELECT tables.md 
FROM tables 
WHERE tables.id = %(id_1)s::UUID AND coalesce((tables.md ->> %(md_1)s::TEXT), %(coalesce_1)s::VARCHAR) != %(coalesce_2)s::VARCHAR
2025-12-23 14:14:53,209 INFO sqlalchemy.engine.Engine base.py:1846: [cached since 7.279e+04s ago] {'id_1': UUID('58414fc9-def7-46ef-b621-51d5e813b57d'), 'md_1': 'pending_stmt', 'coalesce_1': '-1', 'coalesce_2': '2'}
2025-12-23 14:14:53,214 INFO sqlalchemy.engine.Engine base.py:1846: EXPLAIN SELECT tbl_58414fc9def746efb62151d5e813b57d.col_0, tbl_58414fc9def746efb62151d5e813b57d.col_1, tbl_58414fc9def746efb62151d5e813b57d.col_2, tbl_58414fc9def746efb62151d5e813b57d.col_3, tbl_58414fc9def746efb62151d5e813b57d.col_4, tbl_58414fc9def746efb62151d5e813b57d.col_5, tbl_58414fc9def746efb62151d5e813b57d.col_6, tbl_58414fc9def746efb62151d5e813b57d.col_7, tbl_58414fc9def746efb62151d5e813b57d.col_8, tbl_58414fc9def746efb62151d5e813b57d.col_9, tbl_58414fc9def746efb62151d5e813b57d.col_2_cellmd, tbl_58414fc9def746efb62151d5e813b57d.rowid, tbl_58414fc9def746efb62151d5e813b57d.v_min 
FROM tbl_58414fc9def746efb62151d5e813b57d 
WHERE tbl_58414fc9def746efb62151d5e813b57d.v_min <= 16 AND tbl_58414fc9def746efb62151d5e813b57d.v_max > 16
2025-12-23 14:14:53,214 INFO sqlalchemy.engine.Engine base.py:1846: [cached since 7.278e+04s ago] {}
2025-12-23 14:14:53,215 INFO sqlalchemy.engine.Engine base.py:1846: SELECT tbl_58414fc9def746efb62151d5e813b57d.col_0, tbl_58414fc9def746efb62151d5e813b57d.col_1, tbl_58414fc9def746efb62151d5e813b57d.col_2, tbl_58414fc9def746efb62151d5e813b57d.col_3, tbl_58414fc9def746efb62151d5e813b57d.col_4, tbl_58414fc9def746efb62151d5e813b57d.col_5, tbl_58414fc9def746efb62151d5e813b57d.col_6, tbl_58414fc9def746efb62151d5e813b57d.col_7, tbl_58414fc9def746efb62151d5e813b57d.col_8, tbl_58414fc9def746efb62151d5e813b57d.col_9, tbl_58414fc9def746efb62151d5e813b57d.col_2_cellmd, tbl_58414fc9def746efb62151d5e813b57d.rowid, tbl_58414fc9def746efb62151d5e813b57d.v_min 
FROM tbl_58414fc9def746efb62151d5e813b57d 
WHERE tbl_58414fc9def746efb62151d5e813b57d.v_min <= %(v_min_1)s::BIGINT AND tbl_58414fc9def746efb62151d5e813b57d.v_max > %(v_max_1)s::BIGINT
2025-12-23 14:14:53,215 INFO sqlalchemy.engine.Engine base.py:1846: [cached since 7.278e+04s ago] {'v_min_1': 16, 'v_max_1': 16}
2025-12-23 14:14:53,217 INFO sqlalchemy.engine.Engine base.py:2716: COMMIT
2025-12-23 14:16:19,351 INFO sqlalchemy.engine.Engine base.py:2710: BEGIN (implicit)
2025-12-23 14:16:19,352 INFO sqlalchemy.engine.Engine base.py:1846: SELECT tables.md 
FROM tables 
WHERE tables.id = %(id_1)s::UUID AND coalesce((tables.md ->> %(md_1)s::TEXT), %(coalesce_1)s::VARCHAR) != %(coalesce_2)s::VARCHAR
2025-12-23 14:16:19,352 INFO sqlalchemy.engine.Engine base.py:1846: [cached since 7.287e+04s ago] {'id_1': UUID('58414fc9-def7-46ef-b621-51d5e813b57d'), 'md_1': 'pending_stmt', 'coalesce_1': '-1', 'coalesce_2': '2'}
2025-12-23 14:16:19,353 INFO sqlalchemy.engine.Engine base.py:1846: SELECT tables.md 
FROM tables 
WHERE tables.id = %(id_1)s::UUID AND coalesce((tables.md ->> %(md_1)s::TEXT), %(coalesce_1)s::VARCHAR) != %(coalesce_2)s::VARCHAR
2025-12-23 14:16:19,353 INFO sqlalchemy.engine.Engine base.py:1846: [cached since 7.287e+04s ago] {'id_1': UUID('58414fc9-def7-46ef-b621-51d5e813b57d'), 'md_1': 'pending_stmt', 'coalesce_1': '-1', 'coalesce_2': '2'}
2025-12-23 14:16:19,357 INFO sqlalchemy.engine.Engine base.py:1846: EXPLAIN SELECT tbl_58414fc9def746efb62151d5e813b57d.col_0, tbl_58414fc9def746efb62151d5e813b57d.col_1, tbl_58414fc9def746efb62151d5e813b57d.col_2, tbl_58414fc9def746efb62151d5e813b57d.col_3, tbl_58414fc9def746efb62151d5e813b57d.col_4, tbl_58414fc9def746efb62151d5e813b57d.col_5, tbl_58414fc9def746efb62151d5e813b57d.col_6, tbl_58414fc9def746efb62151d5e813b57d.col_7, tbl_58414fc9def746efb62151d5e813b57d.col_8, tbl_58414fc9def746efb62151d5e813b57d.col_9, tbl_58414fc9def746efb62151d5e813b57d.col_2_cellmd, tbl_58414fc9def746efb62151d5e813b57d.rowid, tbl_58414fc9def746efb62151d5e813b57d.v_min 
FROM tbl_58414fc9def746efb62151d5e813b57d 
WHERE tbl_58414fc9def746efb62151d5e813b57d.v_min <= 16 AND tbl_58414fc9def746efb62151d5e813b57d.v_max > 16
2025-12-23 14:16:19,357 INFO sqlalchemy.engine.Engine base.py:1846: [cached since 7.287e+04s ago] {}
2025-12-23 14:16:19,357 INFO sqlalchemy.engine.Engine base.py:1846: SELECT tbl_58414fc9def746efb62151d5e813b57d.col_0, tbl_58414fc9def746efb62151d5e813b57d.col_1, tbl_58414fc9def746efb62151d5e813b57d.col_2, tbl_58414fc9def746efb62151d5e813b57d.col_3, tbl_58414fc9def746efb62151d5e813b57d.col_4, tbl_58414fc9def746efb62151d5e813b57d.col_5, tbl_58414fc9def746efb62151d5e813b57d.col_6, tbl_58414fc9def746efb62151d5e813b57d.col_7, tbl_58414fc9def746efb62151d5e813b57d.col_8, tbl_58414fc9def746efb62151d5e813b57d.col_9, tbl_58414fc9def746efb62151d5e813b57d.col_2_cellmd, tbl_58414fc9def746efb62151d5e813b57d.rowid, tbl_58414fc9def746efb62151d5e813b57d.v_min 
FROM tbl_58414fc9def746efb62151d5e813b57d 
WHERE tbl_58414fc9def746efb62151d5e813b57d.v_min <= %(v_min_1)s::BIGINT AND tbl_58414fc9def746efb62151d5e813b57d.v_max > %(v_max_1)s::BIGINT
2025-12-23 14:16:19,357 INFO sqlalchemy.engine.Engine base.py:1846: [cached since 7.287e+04s ago] {'v_min_1': 16, 'v_max_1': 16}
2025-12-23 14:16:19,358 INFO sqlalchemy.engine.Engine base.py:2716: COMMIT
2025-12-23 14:24:09,040 INFO sqlalchemy.engine.Engine base.py:2710: BEGIN (implicit)
2025-12-23 14:24:09,041 INFO sqlalchemy.engine.Engine base.py:1846: SELECT tables.md 
FROM tables 
WHERE tables.id = %(id_1)s::UUID AND coalesce((tables.md ->> %(md_1)s::TEXT), %(coalesce_1)s::VARCHAR) != %(coalesce_2)s::VARCHAR
2025-12-23 14:24:09,041 INFO sqlalchemy.engine.Engine base.py:1846: [cached since 7.334e+04s ago] {'id_1': UUID('58414fc9-def7-46ef-b621-51d5e813b57d'), 'md_1': 'pending_stmt', 'coalesce_1': '-1', 'coalesce_2': '2'}
2025-12-23 14:24:09,043 INFO sqlalchemy.engine.Engine base.py:1846: SELECT tables.md 
FROM tables 
WHERE tables.id = %(id_1)s::UUID AND coalesce((tables.md ->> %(md_1)s::TEXT), %(coalesce_1)s::VARCHAR) != %(coalesce_2)s::VARCHAR
2025-12-23 14:24:09,043 INFO sqlalchemy.engine.Engine base.py:1846: [cached since 7.334e+04s ago] {'id_1': UUID('58414fc9-def7-46ef-b621-51d5e813b57d'), 'md_1': 'pending_stmt', 'coalesce_1': '-1', 'coalesce_2': '2'}
2025-12-23 14:24:09,046 INFO sqlalchemy.engine.Engine base.py:1846: EXPLAIN SELECT tbl_58414fc9def746efb62151d5e813b57d.col_0, tbl_58414fc9def746efb62151d5e813b57d.col_1, tbl_58414fc9def746efb62151d5e813b57d.col_2, tbl_58414fc9def746efb62151d5e813b57d.col_3, tbl_58414fc9def746efb62151d5e813b57d.col_4, tbl_58414fc9def746efb62151d5e813b57d.col_5, tbl_58414fc9def746efb62151d5e813b57d.col_6, tbl_58414fc9def746efb62151d5e813b57d.col_7, tbl_58414fc9def746efb62151d5e813b57d.col_8, tbl_58414fc9def746efb62151d5e813b57d.col_9, tbl_58414fc9def746efb62151d5e813b57d.col_2_cellmd, tbl_58414fc9def746efb62151d5e813b57d.rowid, tbl_58414fc9def746efb62151d5e813b57d.v_min 
FROM tbl_58414fc9def746efb62151d5e813b57d 
WHERE tbl_58414fc9def746efb62151d5e813b57d.v_min <= 16 AND tbl_58414fc9def746efb62151d5e813b57d.v_max > 16
2025-12-23 14:24:09,046 INFO sqlalchemy.engine.Engine base.py:1846: [cached since 7.334e+04s ago] {}
2025-12-23 14:24:09,047 INFO sqlalchemy.engine.Engine base.py:1846: SELECT tbl_58414fc9def746efb62151d5e813b57d.col_0, tbl_58414fc9def746efb62151d5e813b57d.col_1, tbl_58414fc9def746efb62151d5e813b57d.col_2, tbl_58414fc9def746efb62151d5e813b57d.col_3, tbl_58414fc9def746efb62151d5e813b57d.col_4, tbl_58414fc9def746efb62151d5e813b57d.col_5, tbl_58414fc9def746efb62151d5e813b57d.col_6, tbl_58414fc9def746efb62151d5e813b57d.col_7, tbl_58414fc9def746efb62151d5e813b57d.col_8, tbl_58414fc9def746efb62151d5e813b57d.col_9, tbl_58414fc9def746efb62151d5e813b57d.col_2_cellmd, tbl_58414fc9def746efb62151d5e813b57d.rowid, tbl_58414fc9def746efb62151d5e813b57d.v_min 
FROM tbl_58414fc9def746efb62151d5e813b57d 
WHERE tbl_58414fc9def746efb62151d5e813b57d.v_min <= %(v_min_1)s::BIGINT AND tbl_58414fc9def746efb62151d5e813b57d.v_max > %(v_max_1)s::BIGINT
2025-12-23 14:24:09,047 INFO sqlalchemy.engine.Engine base.py:1846: [cached since 7.334e+04s ago] {'v_min_1': 16, 'v_max_1': 16}
2025-12-23 14:24:09,048 INFO sqlalchemy.engine.Engine base.py:2716: COMMIT
2025-12-23 14:27:52,232 INFO sqlalchemy.engine.Engine base.py:2710: BEGIN (implicit)
2025-12-23 14:27:52,234 INFO sqlalchemy.engine.Engine base.py:1846: SELECT tables.md 
FROM tables 
WHERE tables.id = %(id_1)s::UUID AND coalesce((tables.md ->> %(md_1)s::TEXT), %(coalesce_1)s::VARCHAR) != %(coalesce_2)s::VARCHAR
2025-12-23 14:27:52,234 INFO sqlalchemy.engine.Engine base.py:1846: [cached since 7.357e+04s ago] {'id_1': UUID('58414fc9-def7-46ef-b621-51d5e813b57d'), 'md_1': 'pending_stmt', 'coalesce_1': '-1', 'coalesce_2': '2'}
2025-12-23 14:27:52,236 INFO sqlalchemy.engine.Engine base.py:1846: SELECT tables.md 
FROM tables 
WHERE tables.id = %(id_1)s::UUID AND coalesce((tables.md ->> %(md_1)s::TEXT), %(coalesce_1)s::VARCHAR) != %(coalesce_2)s::VARCHAR
2025-12-23 14:27:52,236 INFO sqlalchemy.engine.Engine base.py:1846: [cached since 7.357e+04s ago] {'id_1': UUID('58414fc9-def7-46ef-b621-51d5e813b57d'), 'md_1': 'pending_stmt', 'coalesce_1': '-1', 'coalesce_2': '2'}
2025-12-23 14:27:52,241 INFO sqlalchemy.engine.Engine base.py:1846: EXPLAIN SELECT tbl_58414fc9def746efb62151d5e813b57d.col_0, tbl_58414fc9def746efb62151d5e813b57d.col_1, tbl_58414fc9def746efb62151d5e813b57d.col_2, tbl_58414fc9def746efb62151d5e813b57d.col_3, tbl_58414fc9def746efb62151d5e813b57d.col_4, tbl_58414fc9def746efb62151d5e813b57d.col_5, tbl_58414fc9def746efb62151d5e813b57d.col_6, tbl_58414fc9def746efb62151d5e813b57d.col_7, tbl_58414fc9def746efb62151d5e813b57d.col_8, tbl_58414fc9def746efb62151d5e813b57d.col_9, tbl_58414fc9def746efb62151d5e813b57d.col_2_cellmd, tbl_58414fc9def746efb62151d5e813b57d.rowid, tbl_58414fc9def746efb62151d5e813b57d.v_min 
FROM tbl_58414fc9def746efb62151d5e813b57d 
WHERE tbl_58414fc9def746efb62151d5e813b57d.v_min <= 16 AND tbl_58414fc9def746efb62151d5e813b57d.v_max > 16
2025-12-23 14:27:52,241 INFO sqlalchemy.engine.Engine base.py:1846: [cached since 7.356e+04s ago] {}
2025-12-23 14:27:52,242 INFO sqlalchemy.engine.Engine base.py:1846: SELECT tbl_58414fc9def746efb62151d5e813b57d.col_0, tbl_58414fc9def746efb62151d5e813b57d.col_1, tbl_58414fc9def746efb62151d5e813b57d.col_2, tbl_58414fc9def746efb62151d5e813b57d.col_3, tbl_58414fc9def746efb62151d5e813b57d.col_4, tbl_58414fc9def746efb62151d5e813b57d.col_5, tbl_58414fc9def746efb62151d5e813b57d.col_6, tbl_58414fc9def746efb62151d5e813b57d.col_7, tbl_58414fc9def746efb62151d5e813b57d.col_8, tbl_58414fc9def746efb62151d5e813b57d.col_9, tbl_58414fc9def746efb62151d5e813b57d.col_2_cellmd, tbl_58414fc9def746efb62151d5e813b57d.rowid, tbl_58414fc9def746efb62151d5e813b57d.v_min 
FROM tbl_58414fc9def746efb62151d5e813b57d 
WHERE tbl_58414fc9def746efb62151d5e813b57d.v_min <= %(v_min_1)s::BIGINT AND tbl_58414fc9def746efb62151d5e813b57d.v_max > %(v_max_1)s::BIGINT
2025-12-23 14:27:52,242 INFO sqlalchemy.engine.Engine base.py:1846: [cached since 7.356e+04s ago] {'v_min_1': 16, 'v_max_1': 16}
2025-12-23 14:27:52,243 INFO sqlalchemy.engine.Engine base.py:2716: COMMIT
2025-12-23 14:27:57,419 INFO sqlalchemy.engine.Engine base.py:2710: BEGIN (implicit)
2025-12-23 14:27:57,420 INFO sqlalchemy.engine.Engine base.py:1846: SELECT tables.md 
FROM tables 
WHERE tables.id = %(id_1)s::UUID AND coalesce((tables.md ->> %(md_1)s::TEXT), %(coalesce_1)s::VARCHAR) != %(coalesce_2)s::VARCHAR
2025-12-23 14:27:57,420 INFO sqlalchemy.engine.Engine base.py:1846: [cached since 7.357e+04s ago] {'id_1': UUID('58414fc9-def7-46ef-b621-51d5e813b57d'), 'md_1': 'pending_stmt', 'coalesce_1': '-1', 'coalesce_2': '2'}
2025-12-23 14:27:57,422 INFO sqlalchemy.engine.Engine base.py:1846: SELECT tables.md 
FROM tables 
WHERE tables.id = %(id_1)s::UUID AND coalesce((tables.md ->> %(md_1)s::TEXT), %(coalesce_1)s::VARCHAR) != %(coalesce_2)s::VARCHAR
2025-12-23 14:27:57,422 INFO sqlalchemy.engine.Engine base.py:1846: [cached since 7.357e+04s ago] {'id_1': UUID('58414fc9-def7-46ef-b621-51d5e813b57d'), 'md_1': 'pending_stmt', 'coalesce_1': '-1', 'coalesce_2': '2'}
2025-12-23 14:27:57,425 INFO sqlalchemy.engine.Engine base.py:1846: EXPLAIN SELECT tbl_58414fc9def746efb62151d5e813b57d.col_0, tbl_58414fc9def746efb62151d5e813b57d.col_1, tbl_58414fc9def746efb62151d5e813b57d.col_2, tbl_58414fc9def746efb62151d5e813b57d.col_3, tbl_58414fc9def746efb62151d5e813b57d.col_4, tbl_58414fc9def746efb62151d5e813b57d.col_5, tbl_58414fc9def746efb62151d5e813b57d.col_6, tbl_58414fc9def746efb62151d5e813b57d.col_7, tbl_58414fc9def746efb62151d5e813b57d.col_8, tbl_58414fc9def746efb62151d5e813b57d.col_9, tbl_58414fc9def746efb62151d5e813b57d.col_2_cellmd, tbl_58414fc9def746efb62151d5e813b57d.rowid, tbl_58414fc9def746efb62151d5e813b57d.v_min 
FROM tbl_58414fc9def746efb62151d5e813b57d 
WHERE tbl_58414fc9def746efb62151d5e813b57d.v_min <= 16 AND tbl_58414fc9def746efb62151d5e813b57d.v_max > 16
2025-12-23 14:27:57,425 INFO sqlalchemy.engine.Engine base.py:1846: [cached since 7.357e+04s ago] {}
2025-12-23 14:27:57,426 INFO sqlalchemy.engine.Engine base.py:1846: SELECT tbl_58414fc9def746efb62151d5e813b57d.col_0, tbl_58414fc9def746efb62151d5e813b57d.col_1, tbl_58414fc9def746efb62151d5e813b57d.col_2, tbl_58414fc9def746efb62151d5e813b57d.col_3, tbl_58414fc9def746efb62151d5e813b57d.col_4, tbl_58414fc9def746efb62151d5e813b57d.col_5, tbl_58414fc9def746efb62151d5e813b57d.col_6, tbl_58414fc9def746efb62151d5e813b57d.col_7, tbl_58414fc9def746efb62151d5e813b57d.col_8, tbl_58414fc9def746efb62151d5e813b57d.col_9, tbl_58414fc9def746efb62151d5e813b57d.col_2_cellmd, tbl_58414fc9def746efb62151d5e813b57d.rowid, tbl_58414fc9def746efb62151d5e813b57d.v_min 
FROM tbl_58414fc9def746efb62151d5e813b57d 
WHERE tbl_58414fc9def746efb62151d5e813b57d.v_min <= %(v_min_1)s::BIGINT AND tbl_58414fc9def746efb62151d5e813b57d.v_max > %(v_max_1)s::BIGINT
2025-12-23 14:27:57,426 INFO sqlalchemy.engine.Engine base.py:1846: [cached since 7.357e+04s ago] {'v_min_1': 16, 'v_max_1': 16}
2025-12-23 14:27:57,427 INFO sqlalchemy.engine.Engine base.py:2716: COMMIT
