2025-12-23 16:40:59,917 INFO sqlalchemy.engine.Engine base.py:1846: select pg_catalog.version()
2025-12-23 16:40:59,917 INFO sqlalchemy.engine.Engine base.py:1846: [raw sql] {}
2025-12-23 16:40:59,919 INFO sqlalchemy.engine.Engine base.py:1846: select current_schema()
2025-12-23 16:40:59,919 INFO sqlalchemy.engine.Engine base.py:1846: [raw sql] {}
2025-12-23 16:40:59,919 INFO sqlalchemy.engine.Engine base.py:1846: show standard_conforming_strings
2025-12-23 16:40:59,919 INFO sqlalchemy.engine.Engine base.py:1846: [raw sql] {}
2025-12-23 16:40:59,921 INFO sqlalchemy.engine.Engine base.py:2710: BEGIN (implicit)
2025-12-23 16:40:59,921 INFO sqlalchemy.engine.Engine base.py:1846: SELECT COUNT(*) FROM pg_database WHERE datname = 'pixeltable'
2025-12-23 16:40:59,921 INFO sqlalchemy.engine.Engine base.py:1846: [generated in 0.00011s] {}
2025-12-23 16:40:59,922 INFO sqlalchemy.engine.Engine base.py:2716: COMMIT
2025-12-23 16:40:59,922 INFO pixeltable env.py:499: found database at: postgresql+psycopg://postgres:@/pixeltable?host=/home/javis-ai/Javis_AI_UAT/Javis_AI_DEMO/6804_DDQ/data_models/database/pixeltable/pgdata
2025-12-23 16:40:59,922 INFO pixeltable env.py:582: Created SQLAlchemy engine at: postgresql+psycopg://postgres:@/pixeltable?host=/home/javis-ai/Javis_AI_UAT/Javis_AI_DEMO/6804_DDQ/data_models/database/pixeltable/pgdata
2025-12-23 16:40:59,922 INFO pixeltable env.py:583: Engine dialect: postgresql
2025-12-23 16:40:59,922 INFO pixeltable env.py:584: Engine driver : psycopg
2025-12-23 16:40:59,925 INFO sqlalchemy.engine.Engine base.py:1846: select pg_catalog.version()
2025-12-23 16:40:59,926 INFO sqlalchemy.engine.Engine base.py:1846: [raw sql] {}
2025-12-23 16:40:59,926 INFO sqlalchemy.engine.Engine base.py:1846: select current_schema()
2025-12-23 16:40:59,926 INFO sqlalchemy.engine.Engine base.py:1846: [raw sql] {}
2025-12-23 16:40:59,926 INFO sqlalchemy.engine.Engine base.py:1846: show standard_conforming_strings
2025-12-23 16:40:59,926 INFO sqlalchemy.engine.Engine base.py:1846: [raw sql] {}
2025-12-23 16:40:59,928 INFO sqlalchemy.engine.Engine base.py:2710: BEGIN (implicit)
2025-12-23 16:40:59,928 INFO sqlalchemy.engine.Engine base.py:1846: SHOW TIME ZONE
2025-12-23 16:40:59,928 INFO sqlalchemy.engine.Engine base.py:1846: [generated in 0.00007s] {}
2025-12-23 16:40:59,928 INFO pixeltable env.py:589: Database time zone is now: Asia/Ho_Chi_Minh
2025-12-23 16:40:59,928 INFO sqlalchemy.engine.Engine base.py:2716: COMMIT
2025-12-23 16:40:59,928 INFO sqlalchemy.engine.Engine base.py:2710: BEGIN (implicit)
2025-12-23 16:40:59,932 INFO sqlalchemy.engine.Engine base.py:1846: SELECT pg_catalog.pg_class.relname 
FROM pg_catalog.pg_class JOIN pg_catalog.pg_namespace ON pg_catalog.pg_namespace.oid = pg_catalog.pg_class.relnamespace 
WHERE pg_catalog.pg_class.relname = %(table_name)s::VARCHAR AND pg_catalog.pg_class.relkind = ANY (ARRAY[%(param_1)s::VARCHAR, %(param_2)s::VARCHAR, %(param_3)s::VARCHAR, %(param_4)s::VARCHAR, %(param_5)s::VARCHAR]) AND pg_catalog.pg_table_is_visible(pg_catalog.pg_class.oid) AND pg_catalog.pg_namespace.nspname != %(nspname_1)s::VARCHAR
2025-12-23 16:40:59,932 INFO sqlalchemy.engine.Engine base.py:1846: [generated in 0.00016s] {'table_name': 'systeminfo', 'param_1': 'r', 'param_2': 'p', 'param_3': 'f', 'param_4': 'v', 'param_5': 'm', 'nspname_1': 'pg_catalog'}
2025-12-23 16:40:59,933 INFO sqlalchemy.engine.Engine base.py:1846: SELECT pg_catalog.pg_class.relname 
FROM pg_catalog.pg_class JOIN pg_catalog.pg_namespace ON pg_catalog.pg_namespace.oid = pg_catalog.pg_class.relnamespace 
WHERE pg_catalog.pg_class.relname = %(table_name)s::VARCHAR AND pg_catalog.pg_class.relkind = ANY (ARRAY[%(param_1)s::VARCHAR, %(param_2)s::VARCHAR, %(param_3)s::VARCHAR, %(param_4)s::VARCHAR, %(param_5)s::VARCHAR]) AND pg_catalog.pg_table_is_visible(pg_catalog.pg_class.oid) AND pg_catalog.pg_namespace.nspname != %(nspname_1)s::VARCHAR
2025-12-23 16:40:59,933 INFO sqlalchemy.engine.Engine base.py:1846: [cached since 0.001223s ago] {'table_name': 'dirs', 'param_1': 'r', 'param_2': 'p', 'param_3': 'f', 'param_4': 'v', 'param_5': 'm', 'nspname_1': 'pg_catalog'}
2025-12-23 16:40:59,933 INFO sqlalchemy.engine.Engine base.py:1846: SELECT pg_catalog.pg_class.relname 
FROM pg_catalog.pg_class JOIN pg_catalog.pg_namespace ON pg_catalog.pg_namespace.oid = pg_catalog.pg_class.relnamespace 
WHERE pg_catalog.pg_class.relname = %(table_name)s::VARCHAR AND pg_catalog.pg_class.relkind = ANY (ARRAY[%(param_1)s::VARCHAR, %(param_2)s::VARCHAR, %(param_3)s::VARCHAR, %(param_4)s::VARCHAR, %(param_5)s::VARCHAR]) AND pg_catalog.pg_table_is_visible(pg_catalog.pg_class.oid) AND pg_catalog.pg_namespace.nspname != %(nspname_1)s::VARCHAR
2025-12-23 16:40:59,933 INFO sqlalchemy.engine.Engine base.py:1846: [cached since 0.001623s ago] {'table_name': 'tables', 'param_1': 'r', 'param_2': 'p', 'param_3': 'f', 'param_4': 'v', 'param_5': 'm', 'nspname_1': 'pg_catalog'}
2025-12-23 16:40:59,934 INFO sqlalchemy.engine.Engine base.py:1846: SELECT pg_catalog.pg_class.relname 
FROM pg_catalog.pg_class JOIN pg_catalog.pg_namespace ON pg_catalog.pg_namespace.oid = pg_catalog.pg_class.relnamespace 
WHERE pg_catalog.pg_class.relname = %(table_name)s::VARCHAR AND pg_catalog.pg_class.relkind = ANY (ARRAY[%(param_1)s::VARCHAR, %(param_2)s::VARCHAR, %(param_3)s::VARCHAR, %(param_4)s::VARCHAR, %(param_5)s::VARCHAR]) AND pg_catalog.pg_table_is_visible(pg_catalog.pg_class.oid) AND pg_catalog.pg_namespace.nspname != %(nspname_1)s::VARCHAR
2025-12-23 16:40:59,934 INFO sqlalchemy.engine.Engine base.py:1846: [cached since 0.001974s ago] {'table_name': 'tableversions', 'param_1': 'r', 'param_2': 'p', 'param_3': 'f', 'param_4': 'v', 'param_5': 'm', 'nspname_1': 'pg_catalog'}
2025-12-23 16:40:59,934 INFO sqlalchemy.engine.Engine base.py:1846: SELECT pg_catalog.pg_class.relname 
FROM pg_catalog.pg_class JOIN pg_catalog.pg_namespace ON pg_catalog.pg_namespace.oid = pg_catalog.pg_class.relnamespace 
WHERE pg_catalog.pg_class.relname = %(table_name)s::VARCHAR AND pg_catalog.pg_class.relkind = ANY (ARRAY[%(param_1)s::VARCHAR, %(param_2)s::VARCHAR, %(param_3)s::VARCHAR, %(param_4)s::VARCHAR, %(param_5)s::VARCHAR]) AND pg_catalog.pg_table_is_visible(pg_catalog.pg_class.oid) AND pg_catalog.pg_namespace.nspname != %(nspname_1)s::VARCHAR
2025-12-23 16:40:59,934 INFO sqlalchemy.engine.Engine base.py:1846: [cached since 0.002293s ago] {'table_name': 'tableschemaversions', 'param_1': 'r', 'param_2': 'p', 'param_3': 'f', 'param_4': 'v', 'param_5': 'm', 'nspname_1': 'pg_catalog'}
2025-12-23 16:40:59,934 INFO sqlalchemy.engine.Engine base.py:1846: SELECT pg_catalog.pg_class.relname 
FROM pg_catalog.pg_class JOIN pg_catalog.pg_namespace ON pg_catalog.pg_namespace.oid = pg_catalog.pg_class.relnamespace 
WHERE pg_catalog.pg_class.relname = %(table_name)s::VARCHAR AND pg_catalog.pg_class.relkind = ANY (ARRAY[%(param_1)s::VARCHAR, %(param_2)s::VARCHAR, %(param_3)s::VARCHAR, %(param_4)s::VARCHAR, %(param_5)s::VARCHAR]) AND pg_catalog.pg_table_is_visible(pg_catalog.pg_class.oid) AND pg_catalog.pg_namespace.nspname != %(nspname_1)s::VARCHAR
2025-12-23 16:40:59,934 INFO sqlalchemy.engine.Engine base.py:1846: [cached since 0.002585s ago] {'table_name': 'pendingtableops', 'param_1': 'r', 'param_2': 'p', 'param_3': 'f', 'param_4': 'v', 'param_5': 'm', 'nspname_1': 'pg_catalog'}
2025-12-23 16:40:59,934 INFO sqlalchemy.engine.Engine base.py:1846: SELECT pg_catalog.pg_class.relname 
FROM pg_catalog.pg_class JOIN pg_catalog.pg_namespace ON pg_catalog.pg_namespace.oid = pg_catalog.pg_class.relnamespace 
WHERE pg_catalog.pg_class.relname = %(table_name)s::VARCHAR AND pg_catalog.pg_class.relkind = ANY (ARRAY[%(param_1)s::VARCHAR, %(param_2)s::VARCHAR, %(param_3)s::VARCHAR, %(param_4)s::VARCHAR, %(param_5)s::VARCHAR]) AND pg_catalog.pg_table_is_visible(pg_catalog.pg_class.oid) AND pg_catalog.pg_namespace.nspname != %(nspname_1)s::VARCHAR
2025-12-23 16:40:59,934 INFO sqlalchemy.engine.Engine base.py:1846: [cached since 0.002909s ago] {'table_name': 'functions', 'param_1': 'r', 'param_2': 'p', 'param_3': 'f', 'param_4': 'v', 'param_5': 'm', 'nspname_1': 'pg_catalog'}
2025-12-23 16:40:59,935 INFO sqlalchemy.engine.Engine base.py:2716: COMMIT
2025-12-23 16:40:59,938 INFO sqlalchemy.engine.Engine base.py:2710: BEGIN (implicit)
2025-12-23 16:40:59,940 INFO sqlalchemy.engine.Engine base.py:1846: SELECT count(*) AS count_1 
FROM (SELECT systeminfo.dummy AS systeminfo_dummy, systeminfo.md AS systeminfo_md 
FROM systeminfo) AS anon_1
2025-12-23 16:40:59,940 INFO sqlalchemy.engine.Engine base.py:1846: [generated in 0.00011s] {}
2025-12-23 16:40:59,940 INFO sqlalchemy.engine.Engine base.py:2713: ROLLBACK
2025-12-23 16:40:59,941 INFO pixeltable env.py:507: Connected to Pixeltable database at: postgresql+psycopg://postgres:@/pixeltable?host=/home/javis-ai/Javis_AI_UAT/Javis_AI_DEMO/6804_DDQ/data_models/database/pixeltable/pgdata
2025-12-23 16:40:59,943 INFO sqlalchemy.engine.Engine base.py:2710: BEGIN (implicit)
2025-12-23 16:40:59,944 INFO sqlalchemy.engine.Engine base.py:1846: SELECT systeminfo.dummy AS systeminfo_dummy, systeminfo.md AS systeminfo_md 
FROM systeminfo FOR UPDATE
2025-12-23 16:40:59,944 INFO sqlalchemy.engine.Engine base.py:1846: [generated in 0.00009s] {}
2025-12-23 16:40:59,944 INFO pixeltable __init__.py:62: Current database version: 44, installed version: 44
2025-12-23 16:40:59,944 INFO sqlalchemy.engine.Engine base.py:2713: ROLLBACK
2025-12-23 16:40:59,945 INFO sqlalchemy.engine.Engine base.py:2710: BEGIN (implicit)
2025-12-23 16:40:59,947 INFO sqlalchemy.engine.Engine base.py:1846: SELECT count(*) AS count_1 
FROM (SELECT dirs.id AS dirs_id, dirs.parent_id AS dirs_parent_id, dirs.md AS dirs_md, dirs.additional_md AS dirs_additional_md, dirs.lock_dummy AS dirs_lock_dummy 
FROM dirs 
WHERE (dirs.md ->> %(md_1)s::TEXT) IS NULL) AS anon_1
2025-12-23 16:40:59,947 INFO sqlalchemy.engine.Engine base.py:1846: [generated in 0.00016s] {'md_1': 'user'}
2025-12-23 16:40:59,948 INFO sqlalchemy.engine.Engine base.py:2716: COMMIT
2025-12-23 16:40:59,948 INFO pixeltable catalog.py:2361: Initialized catalog.
2025-12-23 16:40:59,948 INFO sqlalchemy.engine.Engine base.py:2710: BEGIN (implicit)
2025-12-23 16:40:59,949 INFO sqlalchemy.engine.Engine base.py:1846: SELECT dirs.id, dirs.parent_id, dirs.md, dirs.additional_md, dirs.lock_dummy 
FROM dirs 
WHERE dirs.parent_id IS NULL AND (dirs.md ->> %(md_1)s::TEXT) IS NULL
2025-12-23 16:40:59,949 INFO sqlalchemy.engine.Engine base.py:1846: [generated in 0.00010s] {'md_1': 'user'}
2025-12-23 16:40:59,951 INFO sqlalchemy.engine.Engine base.py:1846: SELECT dirs.id, dirs.parent_id, dirs.md, dirs.additional_md, dirs.lock_dummy 
FROM dirs 
WHERE dirs.parent_id = %(parent_id_1)s::UUID AND (dirs.md ->> %(md_1)s::TEXT) = %(param_1)s::VARCHAR AND (dirs.md ->> %(md_2)s::TEXT) IS NULL
2025-12-23 16:40:59,951 INFO sqlalchemy.engine.Engine base.py:1846: [generated in 0.00012s] {'parent_id_1': UUID('a28d586a-8b0d-422d-bb06-2cb6b6ee8695'), 'md_1': 'name', 'param_1': 'knowledge_base_6804', 'md_2': 'user'}
2025-12-23 16:40:59,952 INFO sqlalchemy.engine.Engine base.py:1846: SELECT dirs.id, dirs.parent_id, dirs.md, dirs.additional_md, dirs.lock_dummy 
FROM dirs 
WHERE dirs.parent_id = %(parent_id_1)s::UUID AND (dirs.md ->> %(md_1)s::TEXT) = %(param_1)s::VARCHAR AND (dirs.md ->> %(md_2)s::TEXT) IS NULL
2025-12-23 16:40:59,952 INFO sqlalchemy.engine.Engine base.py:1846: [cached since 0.00115s ago] {'parent_id_1': UUID('ec2ab1e6-9d7a-432b-82d7-0415120641c6'), 'md_1': 'name', 'param_1': 'documents_6804', 'md_2': 'user'}
2025-12-23 16:40:59,954 INFO sqlalchemy.engine.Engine base.py:1846: SELECT tables.id 
FROM tables 
WHERE (tables.md ->> %(md_1)s::TEXT) = %(param_1)s::VARCHAR AND tables.dir_id = %(dir_id_1)s::UUID AND coalesce((tables.md ->> %(md_2)s::TEXT), %(coalesce_1)s::VARCHAR) != %(coalesce_2)s::VARCHAR AND (tables.md ->> %(md_3)s::TEXT) IS NULL
2025-12-23 16:40:59,954 INFO sqlalchemy.engine.Engine base.py:1846: [generated in 0.00013s] {'md_1': 'name', 'param_1': 'documents_6804', 'dir_id_1': UUID('ec2ab1e6-9d7a-432b-82d7-0415120641c6'), 'md_2': 'pending_stmt', 'coalesce_1': '-1', 'coalesce_2': '2', 'md_3': 'user'}
2025-12-23 16:40:59,954 INFO pixeltable catalog.py:1809: Loading table 58414fc9-def7-46ef-b621-51d5e813b57d
2025-12-23 16:40:59,955 INFO sqlalchemy.engine.Engine base.py:1846: SELECT count(*) AS count_1 
FROM pendingtableops 
WHERE pendingtableops.tbl_id = %(tbl_id_1)s::UUID
2025-12-23 16:40:59,955 INFO sqlalchemy.engine.Engine base.py:1846: [generated in 0.00010s] {'tbl_id_1': UUID('58414fc9-def7-46ef-b621-51d5e813b57d')}
2025-12-23 16:40:59,957 INFO sqlalchemy.engine.Engine base.py:1846: SELECT tables.id, tables.dir_id, tables.md, tables.additional_md, tables.lock_dummy, tableschemaversions.tbl_id, tableschemaversions.schema_version, tableschemaversions.md AS md_1, tableschemaversions.additional_md AS additional_md_1 
FROM tables JOIN tableschemaversions ON tables.id = tableschemaversions.tbl_id 
WHERE tables.id = tableschemaversions.tbl_id AND CAST(tables.md[%(md_2)s::TEXT] AS INTEGER) = tableschemaversions.schema_version AND tables.id = %(id_1)s::UUID
2025-12-23 16:40:59,957 INFO sqlalchemy.engine.Engine base.py:1846: [generated in 0.00012s] {'md_2': 'current_schema_version', 'id_1': UUID('58414fc9-def7-46ef-b621-51d5e813b57d')}
2025-12-23 16:40:59,962 INFO sqlalchemy.engine.Engine base.py:1846: SELECT tables.id, tables.dir_id, tables.md, tables.additional_md, tables.lock_dummy, tableversions.tbl_id, tableversions.version, tableversions.md AS md_1, tableversions.additional_md AS additional_md_1, tableschemaversions.tbl_id AS tbl_id_1, tableschemaversions.schema_version, tableschemaversions.md AS md_2, tableschemaversions.additional_md AS additional_md_2 
FROM tables JOIN tableversions ON tables.id = tableversions.tbl_id JOIN tableschemaversions ON tables.id = tableschemaversions.tbl_id 
WHERE tables.id = %(id_1)s::UUID AND tableversions.tbl_id = %(tbl_id_2)s::UUID AND tableschemaversions.tbl_id = %(tbl_id_3)s::UUID AND CAST(tables.md[%(md_3)s::TEXT] AS INTEGER) = tableversions.version AND CAST(tables.md[%(md_4)s::TEXT] AS INTEGER) = tableschemaversions.schema_version
2025-12-23 16:40:59,962 INFO sqlalchemy.engine.Engine base.py:1846: [generated in 0.00014s] {'id_1': UUID('58414fc9-def7-46ef-b621-51d5e813b57d'), 'tbl_id_2': UUID('58414fc9-def7-46ef-b621-51d5e813b57d'), 'tbl_id_3': UUID('58414fc9-def7-46ef-b621-51d5e813b57d'), 'md_3': 'current_version', 'md_4': 'current_schema_version'}
2025-12-23 16:40:59,966 INFO sqlalchemy.engine.Engine base.py:1846: SELECT count(*) AS count_1 
FROM tables JOIN pendingtableops ON tables.id = pendingtableops.tbl_id 
WHERE pendingtableops.tbl_id = %(tbl_id_1)s::UUID AND tables.id = %(id_1)s::UUID
2025-12-23 16:40:59,966 INFO sqlalchemy.engine.Engine base.py:1846: [generated in 0.00012s] {'tbl_id_1': UUID('58414fc9-def7-46ef-b621-51d5e813b57d'), 'id_1': UUID('58414fc9-def7-46ef-b621-51d5e813b57d')}
2025-12-23 16:40:59,967 INFO sqlalchemy.engine.Engine base.py:1846: SELECT tables.id 
FROM tables 
WHERE ((tables.md[%(md_1)s::TEXT][%(param_1)s::TEXT][%(param_2)s::INT]) ->> %(param_3)s::INT) = %(param_4)s::VARCHAR AND ((tables.md[%(md_2)s::TEXT][%(param_5)s::TEXT][%(param_6)s::INT]) ->> %(param_7)s::INT) IS NULL
2025-12-23 16:40:59,967 INFO sqlalchemy.engine.Engine base.py:1846: [generated in 0.00014s] {'md_1': 'view_md', 'param_1': 'base_versions', 'param_2': 0, 'param_3': 0, 'param_4': '58414fc9def746efb62151d5e813b57d', 'md_2': 'view_md', 'param_5': 'base_versions', 'param_6': 0, 'param_7': 1}
2025-12-23 16:41:06,106 INFO sqlalchemy.engine.Engine base.py:1846: SELECT COUNT(*) FROM pg_catalog.pg_tables WHERE schemaname = 'public' AND tablename = 'tbl_58414fc9def746efb62151d5e813b57d'
2025-12-23 16:41:06,106 INFO sqlalchemy.engine.Engine base.py:1846: [generated in 0.00033s] {}
2025-12-23 16:41:06,109 INFO sqlalchemy.engine.Engine base.py:1846: SELECT column_name FROM information_schema.columns WHERE table_name = 'tbl_58414fc9def746efb62151d5e813b57d' ORDER BY ordinal_position
2025-12-23 16:41:06,109 INFO sqlalchemy.engine.Engine base.py:1846: [generated in 0.00008s] {}
2025-12-23 16:41:06,114 INFO sqlalchemy.engine.Engine base.py:2716: COMMIT
2025-12-23 16:41:06,115 INFO sqlalchemy.engine.Engine base.py:2710: BEGIN (implicit)
2025-12-23 16:41:06,115 INFO sqlalchemy.engine.Engine base.py:1846: SELECT dirs.id, dirs.parent_id, dirs.md, dirs.additional_md, dirs.lock_dummy 
FROM dirs 
WHERE dirs.parent_id IS NULL AND (dirs.md ->> %(md_1)s::TEXT) IS NULL
2025-12-23 16:41:06,115 INFO sqlalchemy.engine.Engine base.py:1846: [cached since 6.166s ago] {'md_1': 'user'}
2025-12-23 16:41:06,116 INFO sqlalchemy.engine.Engine base.py:1846: SELECT dirs.id, dirs.parent_id, dirs.md, dirs.additional_md, dirs.lock_dummy 
FROM dirs 
WHERE dirs.parent_id = %(parent_id_1)s::UUID AND (dirs.md ->> %(md_1)s::TEXT) = %(param_1)s::VARCHAR AND (dirs.md ->> %(md_2)s::TEXT) IS NULL
2025-12-23 16:41:06,116 INFO sqlalchemy.engine.Engine base.py:1846: [cached since 6.166s ago] {'parent_id_1': UUID('a28d586a-8b0d-422d-bb06-2cb6b6ee8695'), 'md_1': 'name', 'param_1': 'knowledge_base_6804', 'md_2': 'user'}
2025-12-23 16:41:06,117 INFO sqlalchemy.engine.Engine base.py:1846: SELECT dirs.id, dirs.parent_id, dirs.md, dirs.additional_md, dirs.lock_dummy 
FROM dirs 
WHERE dirs.parent_id = %(parent_id_1)s::UUID AND (dirs.md ->> %(md_1)s::TEXT) = %(param_1)s::VARCHAR AND (dirs.md ->> %(md_2)s::TEXT) IS NULL
2025-12-23 16:41:06,117 INFO sqlalchemy.engine.Engine base.py:1846: [cached since 6.166s ago] {'parent_id_1': UUID('ec2ab1e6-9d7a-432b-82d7-0415120641c6'), 'md_1': 'name', 'param_1': 'examples', 'md_2': 'user'}
2025-12-23 16:41:06,118 INFO sqlalchemy.engine.Engine base.py:1846: SELECT tables.id 
FROM tables 
WHERE (tables.md ->> %(md_1)s::TEXT) = %(param_1)s::VARCHAR AND tables.dir_id = %(dir_id_1)s::UUID AND coalesce((tables.md ->> %(md_2)s::TEXT), %(coalesce_1)s::VARCHAR) != %(coalesce_2)s::VARCHAR AND (tables.md ->> %(md_3)s::TEXT) IS NULL
2025-12-23 16:41:06,118 INFO sqlalchemy.engine.Engine base.py:1846: [cached since 6.164s ago] {'md_1': 'name', 'param_1': 'examples', 'dir_id_1': UUID('ec2ab1e6-9d7a-432b-82d7-0415120641c6'), 'md_2': 'pending_stmt', 'coalesce_1': '-1', 'coalesce_2': '2', 'md_3': 'user'}
2025-12-23 16:41:06,118 INFO pixeltable catalog.py:1809: Loading table ab5ed723-f203-43ff-9b84-e08f5ca571ed
2025-12-23 16:41:06,118 INFO sqlalchemy.engine.Engine base.py:1846: SELECT count(*) AS count_1 
FROM pendingtableops 
WHERE pendingtableops.tbl_id = %(tbl_id_1)s::UUID
2025-12-23 16:41:06,118 INFO sqlalchemy.engine.Engine base.py:1846: [cached since 6.164s ago] {'tbl_id_1': UUID('ab5ed723-f203-43ff-9b84-e08f5ca571ed')}
2025-12-23 16:41:06,119 INFO sqlalchemy.engine.Engine base.py:1846: SELECT tables.id, tables.dir_id, tables.md, tables.additional_md, tables.lock_dummy, tableschemaversions.tbl_id, tableschemaversions.schema_version, tableschemaversions.md AS md_1, tableschemaversions.additional_md AS additional_md_1 
FROM tables JOIN tableschemaversions ON tables.id = tableschemaversions.tbl_id 
WHERE tables.id = tableschemaversions.tbl_id AND CAST(tables.md[%(md_2)s::TEXT] AS INTEGER) = tableschemaversions.schema_version AND tables.id = %(id_1)s::UUID
2025-12-23 16:41:06,119 INFO sqlalchemy.engine.Engine base.py:1846: [cached since 6.162s ago] {'md_2': 'current_schema_version', 'id_1': UUID('ab5ed723-f203-43ff-9b84-e08f5ca571ed')}
2025-12-23 16:41:06,121 INFO sqlalchemy.engine.Engine base.py:1846: SELECT tables.id, tables.dir_id, tables.md, tables.additional_md, tables.lock_dummy, tableversions.tbl_id, tableversions.version, tableversions.md AS md_1, tableversions.additional_md AS additional_md_1, tableschemaversions.tbl_id AS tbl_id_1, tableschemaversions.schema_version, tableschemaversions.md AS md_2, tableschemaversions.additional_md AS additional_md_2 
FROM tables JOIN tableversions ON tables.id = tableversions.tbl_id JOIN tableschemaversions ON tables.id = tableschemaversions.tbl_id 
WHERE tables.id = %(id_1)s::UUID AND tableversions.tbl_id = %(tbl_id_2)s::UUID AND tableschemaversions.tbl_id = %(tbl_id_3)s::UUID AND CAST(tables.md[%(md_3)s::TEXT] AS INTEGER) = tableversions.version AND CAST(tables.md[%(md_4)s::TEXT] AS INTEGER) = tableschemaversions.schema_version
2025-12-23 16:41:06,121 INFO sqlalchemy.engine.Engine base.py:1846: [cached since 6.159s ago] {'id_1': UUID('ab5ed723-f203-43ff-9b84-e08f5ca571ed'), 'tbl_id_2': UUID('ab5ed723-f203-43ff-9b84-e08f5ca571ed'), 'tbl_id_3': UUID('ab5ed723-f203-43ff-9b84-e08f5ca571ed'), 'md_3': 'current_version', 'md_4': 'current_schema_version'}
2025-12-23 16:41:06,123 INFO sqlalchemy.engine.Engine base.py:1846: SELECT count(*) AS count_1 
FROM tables JOIN pendingtableops ON tables.id = pendingtableops.tbl_id 
WHERE pendingtableops.tbl_id = %(tbl_id_1)s::UUID AND tables.id = %(id_1)s::UUID
2025-12-23 16:41:06,123 INFO sqlalchemy.engine.Engine base.py:1846: [cached since 6.158s ago] {'tbl_id_1': UUID('ab5ed723-f203-43ff-9b84-e08f5ca571ed'), 'id_1': UUID('ab5ed723-f203-43ff-9b84-e08f5ca571ed')}
2025-12-23 16:41:06,124 INFO sqlalchemy.engine.Engine base.py:1846: SELECT tables.id 
FROM tables 
WHERE ((tables.md[%(md_1)s::TEXT][%(param_1)s::TEXT][%(param_2)s::INT]) ->> %(param_3)s::INT) = %(param_4)s::VARCHAR AND ((tables.md[%(md_2)s::TEXT][%(param_5)s::TEXT][%(param_6)s::INT]) ->> %(param_7)s::INT) IS NULL
2025-12-23 16:41:06,124 INFO sqlalchemy.engine.Engine base.py:1846: [cached since 6.157s ago] {'md_1': 'view_md', 'param_1': 'base_versions', 'param_2': 0, 'param_3': 0, 'param_4': 'ab5ed723f20343ff9b84e08f5ca571ed', 'md_2': 'view_md', 'param_5': 'base_versions', 'param_6': 0, 'param_7': 1}
2025-12-23 16:41:06,129 INFO sqlalchemy.engine.Engine base.py:1846: SELECT COUNT(*) FROM pg_catalog.pg_tables WHERE schemaname = 'public' AND tablename = 'tbl_ab5ed723f20343ff9b84e08f5ca571ed'
2025-12-23 16:41:06,129 INFO sqlalchemy.engine.Engine base.py:1846: [generated in 0.00011s] {}
2025-12-23 16:41:06,130 INFO sqlalchemy.engine.Engine base.py:1846: SELECT column_name FROM information_schema.columns WHERE table_name = 'tbl_ab5ed723f20343ff9b84e08f5ca571ed' ORDER BY ordinal_position
2025-12-23 16:41:06,130 INFO sqlalchemy.engine.Engine base.py:1846: [generated in 0.00007s] {}
2025-12-23 16:41:06,133 INFO sqlalchemy.engine.Engine base.py:2716: COMMIT
2025-12-23 16:41:06,133 INFO sqlalchemy.engine.Engine base.py:2710: BEGIN (implicit)
2025-12-23 16:41:06,134 INFO sqlalchemy.engine.Engine base.py:1846: SELECT tables.id, tables.dir_id, tables.md, tables.additional_md, tables.lock_dummy 
FROM tables 
WHERE tables.id = %(id_1)s::UUID
2025-12-23 16:41:06,134 INFO sqlalchemy.engine.Engine base.py:1846: [generated in 0.00009s] {'id_1': UUID('58414fc9-def7-46ef-b621-51d5e813b57d')}
2025-12-23 16:41:06,136 INFO sqlalchemy.engine.Engine base.py:1846: SELECT count(*) AS count_1 
FROM pendingtableops 
WHERE pendingtableops.tbl_id = %(tbl_id_1)s::UUID
2025-12-23 16:41:06,136 INFO sqlalchemy.engine.Engine base.py:1846: [cached since 6.182s ago] {'tbl_id_1': UUID('58414fc9-def7-46ef-b621-51d5e813b57d')}
2025-12-23 16:41:06,137 INFO sqlalchemy.engine.Engine base.py:1846: SELECT tables.md 
FROM tables 
WHERE tables.id = %(id_1)s::UUID AND coalesce((tables.md ->> %(md_1)s::TEXT), %(coalesce_1)s::VARCHAR) != %(coalesce_2)s::VARCHAR
2025-12-23 16:41:06,137 INFO sqlalchemy.engine.Engine base.py:1846: [generated in 0.00011s] {'id_1': UUID('58414fc9-def7-46ef-b621-51d5e813b57d'), 'md_1': 'pending_stmt', 'coalesce_1': '-1', 'coalesce_2': '2'}
2025-12-23 16:41:06,138 INFO sqlalchemy.engine.Engine base.py:1846: SELECT tables.md 
FROM tables 
WHERE tables.id = %(id_1)s::UUID AND coalesce((tables.md ->> %(md_1)s::TEXT), %(coalesce_1)s::VARCHAR) != %(coalesce_2)s::VARCHAR
2025-12-23 16:41:06,138 INFO sqlalchemy.engine.Engine base.py:1846: [cached since 0.0009175s ago] {'id_1': UUID('58414fc9-def7-46ef-b621-51d5e813b57d'), 'md_1': 'pending_stmt', 'coalesce_1': '-1', 'coalesce_2': '2'}
2025-12-23 16:41:06,139 INFO sqlalchemy.engine.Engine base.py:2716: COMMIT
2025-12-23 16:41:06,139 INFO sqlalchemy.engine.Engine base.py:2710: BEGIN (implicit)
2025-12-23 16:41:06,140 INFO sqlalchemy.engine.Engine base.py:1846: SELECT tables.md 
FROM tables 
WHERE tables.id = %(id_1)s::UUID AND coalesce((tables.md ->> %(md_1)s::TEXT), %(coalesce_1)s::VARCHAR) != %(coalesce_2)s::VARCHAR
2025-12-23 16:41:06,140 INFO sqlalchemy.engine.Engine base.py:1846: [cached since 0.002497s ago] {'id_1': UUID('58414fc9-def7-46ef-b621-51d5e813b57d'), 'md_1': 'pending_stmt', 'coalesce_1': '-1', 'coalesce_2': '2'}
2025-12-23 16:41:06,141 INFO sqlalchemy.engine.Engine base.py:1846: SELECT tables.md 
FROM tables 
WHERE tables.id = %(id_1)s::UUID AND coalesce((tables.md ->> %(md_1)s::TEXT), %(coalesce_1)s::VARCHAR) != %(coalesce_2)s::VARCHAR
2025-12-23 16:41:06,141 INFO sqlalchemy.engine.Engine base.py:1846: [cached since 0.003288s ago] {'id_1': UUID('58414fc9-def7-46ef-b621-51d5e813b57d'), 'md_1': 'pending_stmt', 'coalesce_1': '-1', 'coalesce_2': '2'}
2025-12-23 16:41:06,144 INFO sqlalchemy.engine.Engine base.py:1846: WITH anon_1 AS 
(SELECT tbl_58414fc9def746efb62151d5e813b57d.col_0 AS col_0, tbl_58414fc9def746efb62151d5e813b57d.col_1 AS col_1, tbl_58414fc9def746efb62151d5e813b57d.col_2 AS col_2, tbl_58414fc9def746efb62151d5e813b57d.col_3 AS col_3, tbl_58414fc9def746efb62151d5e813b57d.col_4 AS col_4, tbl_58414fc9def746efb62151d5e813b57d.col_5 AS col_5, tbl_58414fc9def746efb62151d5e813b57d.col_6 AS col_6, tbl_58414fc9def746efb62151d5e813b57d.col_7 AS col_7, tbl_58414fc9def746efb62151d5e813b57d.col_8 AS col_8, tbl_58414fc9def746efb62151d5e813b57d.col_9 AS col_9, tbl_58414fc9def746efb62151d5e813b57d.col_2_cellmd AS col_2_cellmd, tbl_58414fc9def746efb62151d5e813b57d.rowid AS rowid, tbl_58414fc9def746efb62151d5e813b57d.v_min AS v_min 
FROM tbl_58414fc9def746efb62151d5e813b57d 
WHERE tbl_58414fc9def746efb62151d5e813b57d.v_min <= %(v_min_1)s::BIGINT AND tbl_58414fc9def746efb62151d5e813b57d.v_max > %(v_max_1)s::BIGINT)
 SELECT count(*) AS all_count 
FROM anon_1
2025-12-23 16:41:06,144 INFO sqlalchemy.engine.Engine base.py:1846: [generated in 0.00013s] {'v_min_1': 16, 'v_max_1': 16}
2025-12-23 16:41:06,145 INFO sqlalchemy.engine.Engine base.py:2716: COMMIT
2025-12-23 16:41:06,146 INFO sqlalchemy.engine.Engine base.py:2710: BEGIN (implicit)
2025-12-23 16:41:06,146 INFO sqlalchemy.engine.Engine base.py:1846: SELECT tables.id, tables.dir_id, tables.md, tables.additional_md, tables.lock_dummy 
FROM tables 
WHERE tables.id = %(id_1)s::UUID
2025-12-23 16:41:06,146 INFO sqlalchemy.engine.Engine base.py:1846: [cached since 0.01196s ago] {'id_1': UUID('ab5ed723-f203-43ff-9b84-e08f5ca571ed')}
2025-12-23 16:41:06,147 INFO sqlalchemy.engine.Engine base.py:1846: SELECT count(*) AS count_1 
FROM pendingtableops 
WHERE pendingtableops.tbl_id = %(tbl_id_1)s::UUID
2025-12-23 16:41:06,147 INFO sqlalchemy.engine.Engine base.py:1846: [cached since 6.193s ago] {'tbl_id_1': UUID('ab5ed723-f203-43ff-9b84-e08f5ca571ed')}
2025-12-23 16:41:06,148 INFO sqlalchemy.engine.Engine base.py:1846: SELECT tables.md 
FROM tables 
WHERE tables.id = %(id_1)s::UUID AND coalesce((tables.md ->> %(md_1)s::TEXT), %(coalesce_1)s::VARCHAR) != %(coalesce_2)s::VARCHAR
2025-12-23 16:41:06,148 INFO sqlalchemy.engine.Engine base.py:1846: [cached since 0.01061s ago] {'id_1': UUID('ab5ed723-f203-43ff-9b84-e08f5ca571ed'), 'md_1': 'pending_stmt', 'coalesce_1': '-1', 'coalesce_2': '2'}
2025-12-23 16:41:06,149 INFO sqlalchemy.engine.Engine base.py:1846: SELECT tables.md 
FROM tables 
WHERE tables.id = %(id_1)s::UUID AND coalesce((tables.md ->> %(md_1)s::TEXT), %(coalesce_1)s::VARCHAR) != %(coalesce_2)s::VARCHAR
2025-12-23 16:41:06,149 INFO sqlalchemy.engine.Engine base.py:1846: [cached since 0.01127s ago] {'id_1': UUID('ab5ed723-f203-43ff-9b84-e08f5ca571ed'), 'md_1': 'pending_stmt', 'coalesce_1': '-1', 'coalesce_2': '2'}
2025-12-23 16:41:06,149 INFO sqlalchemy.engine.Engine base.py:2716: COMMIT
2025-12-23 16:41:06,149 INFO sqlalchemy.engine.Engine base.py:2710: BEGIN (implicit)
2025-12-23 16:41:06,150 INFO sqlalchemy.engine.Engine base.py:1846: SELECT tables.md 
FROM tables 
WHERE tables.id = %(id_1)s::UUID AND coalesce((tables.md ->> %(md_1)s::TEXT), %(coalesce_1)s::VARCHAR) != %(coalesce_2)s::VARCHAR
2025-12-23 16:41:06,150 INFO sqlalchemy.engine.Engine base.py:1846: [cached since 0.0126s ago] {'id_1': UUID('ab5ed723-f203-43ff-9b84-e08f5ca571ed'), 'md_1': 'pending_stmt', 'coalesce_1': '-1', 'coalesce_2': '2'}
2025-12-23 16:41:06,150 INFO sqlalchemy.engine.Engine base.py:1846: SELECT tables.md 
FROM tables 
WHERE tables.id = %(id_1)s::UUID AND coalesce((tables.md ->> %(md_1)s::TEXT), %(coalesce_1)s::VARCHAR) != %(coalesce_2)s::VARCHAR
2025-12-23 16:41:06,151 INFO sqlalchemy.engine.Engine base.py:1846: [cached since 0.01325s ago] {'id_1': UUID('ab5ed723-f203-43ff-9b84-e08f5ca571ed'), 'md_1': 'pending_stmt', 'coalesce_1': '-1', 'coalesce_2': '2'}
2025-12-23 16:41:06,153 INFO sqlalchemy.engine.Engine base.py:1846: WITH anon_1 AS 
(SELECT tbl_ab5ed723f20343ff9b84e08f5ca571ed.col_0 AS col_0, tbl_ab5ed723f20343ff9b84e08f5ca571ed.col_1 AS col_1, tbl_ab5ed723f20343ff9b84e08f5ca571ed.col_2 AS col_2, tbl_ab5ed723f20343ff9b84e08f5ca571ed.rowid AS rowid, tbl_ab5ed723f20343ff9b84e08f5ca571ed.v_min AS v_min 
FROM tbl_ab5ed723f20343ff9b84e08f5ca571ed 
WHERE tbl_ab5ed723f20343ff9b84e08f5ca571ed.v_min <= %(v_min_1)s::BIGINT AND tbl_ab5ed723f20343ff9b84e08f5ca571ed.v_max > %(v_max_1)s::BIGINT)
 SELECT count(*) AS all_count 
FROM anon_1
2025-12-23 16:41:06,153 INFO sqlalchemy.engine.Engine base.py:1846: [generated in 0.00012s] {'v_min_1': 15, 'v_max_1': 15}
2025-12-23 16:41:06,153 INFO sqlalchemy.engine.Engine base.py:2716: COMMIT
2025-12-23 16:41:12,864 INFO sqlalchemy.engine.Engine base.py:2710: BEGIN (implicit)
2025-12-23 16:41:12,865 INFO sqlalchemy.engine.Engine base.py:1846: SELECT tables.md 
FROM tables 
WHERE tables.id = %(id_1)s::UUID AND coalesce((tables.md ->> %(md_1)s::TEXT), %(coalesce_1)s::VARCHAR) != %(coalesce_2)s::VARCHAR
2025-12-23 16:41:12,866 INFO sqlalchemy.engine.Engine base.py:1846: [cached since 6.728s ago] {'id_1': UUID('ab5ed723-f203-43ff-9b84-e08f5ca571ed'), 'md_1': 'pending_stmt', 'coalesce_1': '-1', 'coalesce_2': '2'}
2025-12-23 16:41:12,867 INFO sqlalchemy.engine.Engine base.py:1846: SELECT tables.md 
FROM tables 
WHERE tables.id = %(id_1)s::UUID AND coalesce((tables.md ->> %(md_1)s::TEXT), %(coalesce_1)s::VARCHAR) != %(coalesce_2)s::VARCHAR
2025-12-23 16:41:12,867 INFO sqlalchemy.engine.Engine base.py:1846: [cached since 6.73s ago] {'id_1': UUID('ab5ed723-f203-43ff-9b84-e08f5ca571ed'), 'md_1': 'pending_stmt', 'coalesce_1': '-1', 'coalesce_2': '2'}
2025-12-23 16:41:12,869 INFO sqlalchemy.engine.Engine base.py:2716: COMMIT
2025-12-23 16:41:12,869 INFO sqlalchemy.engine.Engine base.py:2710: BEGIN (implicit)
2025-12-23 16:41:12,870 INFO sqlalchemy.engine.Engine base.py:1846: SELECT tables.md 
FROM tables 
WHERE tables.id = %(id_1)s::UUID AND coalesce((tables.md ->> %(md_1)s::TEXT), %(coalesce_1)s::VARCHAR) != %(coalesce_2)s::VARCHAR
2025-12-23 16:41:12,870 INFO sqlalchemy.engine.Engine base.py:1846: [cached since 6.732s ago] {'id_1': UUID('ab5ed723-f203-43ff-9b84-e08f5ca571ed'), 'md_1': 'pending_stmt', 'coalesce_1': '-1', 'coalesce_2': '2'}
2025-12-23 16:41:12,870 INFO sqlalchemy.engine.Engine base.py:1846: SELECT tables.md 
FROM tables 
WHERE tables.id = %(id_1)s::UUID AND coalesce((tables.md ->> %(md_1)s::TEXT), %(coalesce_1)s::VARCHAR) != %(coalesce_2)s::VARCHAR
2025-12-23 16:41:12,870 INFO sqlalchemy.engine.Engine base.py:1846: [cached since 6.733s ago] {'id_1': UUID('ab5ed723-f203-43ff-9b84-e08f5ca571ed'), 'md_1': 'pending_stmt', 'coalesce_1': '-1', 'coalesce_2': '2'}
2025-12-23 16:41:12,875 INFO sqlalchemy.engine.Engine base.py:1846: EXPLAIN SELECT tbl_ab5ed723f20343ff9b84e08f5ca571ed.col_0, tbl_ab5ed723f20343ff9b84e08f5ca571ed.col_1, tbl_ab5ed723f20343ff9b84e08f5ca571ed.col_2, tbl_ab5ed723f20343ff9b84e08f5ca571ed.rowid, tbl_ab5ed723f20343ff9b84e08f5ca571ed.v_min 
FROM tbl_ab5ed723f20343ff9b84e08f5ca571ed 
WHERE tbl_ab5ed723f20343ff9b84e08f5ca571ed.v_min <= 15 AND tbl_ab5ed723f20343ff9b84e08f5ca571ed.v_max > 15
2025-12-23 16:41:12,875 INFO sqlalchemy.engine.Engine base.py:1846: [generated in 0.00019s] {}
2025-12-23 16:41:12,876 INFO sqlalchemy.engine.Engine base.py:1846: SELECT tbl_ab5ed723f20343ff9b84e08f5ca571ed.col_0, tbl_ab5ed723f20343ff9b84e08f5ca571ed.col_1, tbl_ab5ed723f20343ff9b84e08f5ca571ed.col_2, tbl_ab5ed723f20343ff9b84e08f5ca571ed.rowid, tbl_ab5ed723f20343ff9b84e08f5ca571ed.v_min 
FROM tbl_ab5ed723f20343ff9b84e08f5ca571ed 
WHERE tbl_ab5ed723f20343ff9b84e08f5ca571ed.v_min <= %(v_min_1)s::BIGINT AND tbl_ab5ed723f20343ff9b84e08f5ca571ed.v_max > %(v_max_1)s::BIGINT
2025-12-23 16:41:12,877 INFO sqlalchemy.engine.Engine base.py:1846: [generated in 0.00010s] {'v_min_1': 15, 'v_max_1': 15}
2025-12-23 16:41:12,881 INFO sqlalchemy.engine.Engine base.py:2716: COMMIT
2025-12-23 16:41:13,759 INFO sqlalchemy.engine.Engine base.py:2710: BEGIN (implicit)
2025-12-23 16:41:13,760 INFO sqlalchemy.engine.Engine base.py:1846: SELECT tables.md 
FROM tables 
WHERE tables.id = %(id_1)s::UUID AND coalesce((tables.md ->> %(md_1)s::TEXT), %(coalesce_1)s::VARCHAR) != %(coalesce_2)s::VARCHAR
2025-12-23 16:41:13,760 INFO sqlalchemy.engine.Engine base.py:1846: [cached since 7.623s ago] {'id_1': UUID('58414fc9-def7-46ef-b621-51d5e813b57d'), 'md_1': 'pending_stmt', 'coalesce_1': '-1', 'coalesce_2': '2'}
2025-12-23 16:41:13,761 INFO sqlalchemy.engine.Engine base.py:1846: SELECT tables.md 
FROM tables 
WHERE tables.id = %(id_1)s::UUID AND coalesce((tables.md ->> %(md_1)s::TEXT), %(coalesce_1)s::VARCHAR) != %(coalesce_2)s::VARCHAR
2025-12-23 16:41:13,761 INFO sqlalchemy.engine.Engine base.py:1846: [cached since 7.624s ago] {'id_1': UUID('58414fc9-def7-46ef-b621-51d5e813b57d'), 'md_1': 'pending_stmt', 'coalesce_1': '-1', 'coalesce_2': '2'}
2025-12-23 16:41:13,762 INFO sqlalchemy.engine.Engine base.py:2716: COMMIT
2025-12-23 16:41:13,762 INFO sqlalchemy.engine.Engine base.py:2710: BEGIN (implicit)
2025-12-23 16:41:13,763 INFO sqlalchemy.engine.Engine base.py:1846: SELECT tables.md 
FROM tables 
WHERE tables.id = %(id_1)s::UUID AND coalesce((tables.md ->> %(md_1)s::TEXT), %(coalesce_1)s::VARCHAR) != %(coalesce_2)s::VARCHAR
2025-12-23 16:41:13,763 INFO sqlalchemy.engine.Engine base.py:1846: [cached since 7.626s ago] {'id_1': UUID('58414fc9-def7-46ef-b621-51d5e813b57d'), 'md_1': 'pending_stmt', 'coalesce_1': '-1', 'coalesce_2': '2'}
2025-12-23 16:41:13,764 INFO sqlalchemy.engine.Engine base.py:1846: SELECT tables.md 
FROM tables 
WHERE tables.id = %(id_1)s::UUID AND coalesce((tables.md ->> %(md_1)s::TEXT), %(coalesce_1)s::VARCHAR) != %(coalesce_2)s::VARCHAR
2025-12-23 16:41:13,764 INFO sqlalchemy.engine.Engine base.py:1846: [cached since 7.626s ago] {'id_1': UUID('58414fc9-def7-46ef-b621-51d5e813b57d'), 'md_1': 'pending_stmt', 'coalesce_1': '-1', 'coalesce_2': '2'}
2025-12-23 16:41:13,766 INFO sqlalchemy.engine.Engine base.py:1846: EXPLAIN SELECT tbl_58414fc9def746efb62151d5e813b57d.col_0, tbl_58414fc9def746efb62151d5e813b57d.col_1, tbl_58414fc9def746efb62151d5e813b57d.col_3, tbl_58414fc9def746efb62151d5e813b57d.col_4, tbl_58414fc9def746efb62151d5e813b57d.col_5, tbl_58414fc9def746efb62151d5e813b57d.col_2, tbl_58414fc9def746efb62151d5e813b57d.col_6, tbl_58414fc9def746efb62151d5e813b57d.col_2_cellmd, tbl_58414fc9def746efb62151d5e813b57d.rowid, tbl_58414fc9def746efb62151d5e813b57d.v_min 
FROM tbl_58414fc9def746efb62151d5e813b57d 
WHERE tbl_58414fc9def746efb62151d5e813b57d.v_min <= 16 AND tbl_58414fc9def746efb62151d5e813b57d.v_max > 16
2025-12-23 16:41:13,766 INFO sqlalchemy.engine.Engine base.py:1846: [generated in 0.00010s] {}
2025-12-23 16:41:13,767 INFO sqlalchemy.engine.Engine base.py:1846: SELECT tbl_58414fc9def746efb62151d5e813b57d.col_0, tbl_58414fc9def746efb62151d5e813b57d.col_1, tbl_58414fc9def746efb62151d5e813b57d.col_3, tbl_58414fc9def746efb62151d5e813b57d.col_4, tbl_58414fc9def746efb62151d5e813b57d.col_5, tbl_58414fc9def746efb62151d5e813b57d.col_2, tbl_58414fc9def746efb62151d5e813b57d.col_6, tbl_58414fc9def746efb62151d5e813b57d.col_2_cellmd, tbl_58414fc9def746efb62151d5e813b57d.rowid, tbl_58414fc9def746efb62151d5e813b57d.v_min 
FROM tbl_58414fc9def746efb62151d5e813b57d 
WHERE tbl_58414fc9def746efb62151d5e813b57d.v_min <= %(v_min_1)s::BIGINT AND tbl_58414fc9def746efb62151d5e813b57d.v_max > %(v_max_1)s::BIGINT
2025-12-23 16:41:13,767 INFO sqlalchemy.engine.Engine base.py:1846: [generated in 0.00009s] {'v_min_1': 16, 'v_max_1': 16}
2025-12-23 16:41:13,769 INFO sqlalchemy.engine.Engine base.py:2716: COMMIT
2025-12-23 16:41:14,206 INFO sqlalchemy.engine.Engine base.py:2710: BEGIN (implicit)
2025-12-23 16:41:14,206 INFO sqlalchemy.engine.Engine base.py:1846: SELECT tables.md 
FROM tables 
WHERE tables.id = %(id_1)s::UUID AND coalesce((tables.md ->> %(md_1)s::TEXT), %(coalesce_1)s::VARCHAR) != %(coalesce_2)s::VARCHAR
2025-12-23 16:41:14,206 INFO sqlalchemy.engine.Engine base.py:1846: [cached since 8.069s ago] {'id_1': UUID('58414fc9-def7-46ef-b621-51d5e813b57d'), 'md_1': 'pending_stmt', 'coalesce_1': '-1', 'coalesce_2': '2'}
2025-12-23 16:41:14,208 INFO sqlalchemy.engine.Engine base.py:1846: SELECT tables.md 
FROM tables 
WHERE tables.id = %(id_1)s::UUID AND coalesce((tables.md ->> %(md_1)s::TEXT), %(coalesce_1)s::VARCHAR) != %(coalesce_2)s::VARCHAR
2025-12-23 16:41:14,208 INFO sqlalchemy.engine.Engine base.py:1846: [cached since 8.071s ago] {'id_1': UUID('58414fc9-def7-46ef-b621-51d5e813b57d'), 'md_1': 'pending_stmt', 'coalesce_1': '-1', 'coalesce_2': '2'}
2025-12-23 16:41:14,211 INFO sqlalchemy.engine.Engine base.py:1846: EXPLAIN SELECT tbl_58414fc9def746efb62151d5e813b57d.col_0, tbl_58414fc9def746efb62151d5e813b57d.col_1, tbl_58414fc9def746efb62151d5e813b57d.col_2, tbl_58414fc9def746efb62151d5e813b57d.col_3, tbl_58414fc9def746efb62151d5e813b57d.col_4, tbl_58414fc9def746efb62151d5e813b57d.col_5, tbl_58414fc9def746efb62151d5e813b57d.col_6, tbl_58414fc9def746efb62151d5e813b57d.col_7, tbl_58414fc9def746efb62151d5e813b57d.col_8, tbl_58414fc9def746efb62151d5e813b57d.col_9, tbl_58414fc9def746efb62151d5e813b57d.col_2_cellmd, tbl_58414fc9def746efb62151d5e813b57d.rowid, tbl_58414fc9def746efb62151d5e813b57d.v_min 
FROM tbl_58414fc9def746efb62151d5e813b57d 
WHERE tbl_58414fc9def746efb62151d5e813b57d.v_min <= 16 AND tbl_58414fc9def746efb62151d5e813b57d.v_max > 16
2025-12-23 16:41:14,211 INFO sqlalchemy.engine.Engine base.py:1846: [generated in 0.00010s] {}
2025-12-23 16:41:14,212 INFO sqlalchemy.engine.Engine base.py:1846: SELECT tbl_58414fc9def746efb62151d5e813b57d.col_0, tbl_58414fc9def746efb62151d5e813b57d.col_1, tbl_58414fc9def746efb62151d5e813b57d.col_2, tbl_58414fc9def746efb62151d5e813b57d.col_3, tbl_58414fc9def746efb62151d5e813b57d.col_4, tbl_58414fc9def746efb62151d5e813b57d.col_5, tbl_58414fc9def746efb62151d5e813b57d.col_6, tbl_58414fc9def746efb62151d5e813b57d.col_7, tbl_58414fc9def746efb62151d5e813b57d.col_8, tbl_58414fc9def746efb62151d5e813b57d.col_9, tbl_58414fc9def746efb62151d5e813b57d.col_2_cellmd, tbl_58414fc9def746efb62151d5e813b57d.rowid, tbl_58414fc9def746efb62151d5e813b57d.v_min 
FROM tbl_58414fc9def746efb62151d5e813b57d 
WHERE tbl_58414fc9def746efb62151d5e813b57d.v_min <= %(v_min_1)s::BIGINT AND tbl_58414fc9def746efb62151d5e813b57d.v_max > %(v_max_1)s::BIGINT
2025-12-23 16:41:14,212 INFO sqlalchemy.engine.Engine base.py:1846: [generated in 0.00008s] {'v_min_1': 16, 'v_max_1': 16}
2025-12-23 16:41:14,214 INFO sqlalchemy.engine.Engine base.py:2716: COMMIT
2025-12-23 16:41:14,215 INFO sqlalchemy.engine.Engine base.py:2710: BEGIN (implicit)
2025-12-23 16:41:14,215 INFO sqlalchemy.engine.Engine base.py:1846: SELECT tables.md 
FROM tables 
WHERE tables.id = %(id_1)s::UUID AND coalesce((tables.md ->> %(md_1)s::TEXT), %(coalesce_1)s::VARCHAR) != %(coalesce_2)s::VARCHAR
2025-12-23 16:41:14,216 INFO sqlalchemy.engine.Engine base.py:1846: [cached since 8.078s ago] {'id_1': UUID('58414fc9-def7-46ef-b621-51d5e813b57d'), 'md_1': 'pending_stmt', 'coalesce_1': '-1', 'coalesce_2': '2'}
2025-12-23 16:41:14,216 INFO sqlalchemy.engine.Engine base.py:1846: SELECT tables.md 
FROM tables 
WHERE tables.id = %(id_1)s::UUID AND coalesce((tables.md ->> %(md_1)s::TEXT), %(coalesce_1)s::VARCHAR) != %(coalesce_2)s::VARCHAR
2025-12-23 16:41:14,216 INFO sqlalchemy.engine.Engine base.py:1846: [cached since 8.079s ago] {'id_1': UUID('58414fc9-def7-46ef-b621-51d5e813b57d'), 'md_1': 'pending_stmt', 'coalesce_1': '-1', 'coalesce_2': '2'}
2025-12-23 16:41:14,218 INFO sqlalchemy.engine.Engine base.py:2716: COMMIT
2025-12-23 16:41:14,218 INFO sqlalchemy.engine.Engine base.py:2710: BEGIN (implicit)
2025-12-23 16:41:14,218 INFO sqlalchemy.engine.Engine base.py:1846: SELECT tables.md 
FROM tables 
WHERE tables.id = %(id_1)s::UUID AND coalesce((tables.md ->> %(md_1)s::TEXT), %(coalesce_1)s::VARCHAR) != %(coalesce_2)s::VARCHAR
2025-12-23 16:41:14,218 INFO sqlalchemy.engine.Engine base.py:1846: [cached since 8.081s ago] {'id_1': UUID('58414fc9-def7-46ef-b621-51d5e813b57d'), 'md_1': 'pending_stmt', 'coalesce_1': '-1', 'coalesce_2': '2'}
2025-12-23 16:41:14,219 INFO sqlalchemy.engine.Engine base.py:1846: SELECT tables.md 
FROM tables 
WHERE tables.id = %(id_1)s::UUID AND coalesce((tables.md ->> %(md_1)s::TEXT), %(coalesce_1)s::VARCHAR) != %(coalesce_2)s::VARCHAR
2025-12-23 16:41:14,219 INFO sqlalchemy.engine.Engine base.py:1846: [cached since 8.082s ago] {'id_1': UUID('58414fc9-def7-46ef-b621-51d5e813b57d'), 'md_1': 'pending_stmt', 'coalesce_1': '-1', 'coalesce_2': '2'}
2025-12-23 16:41:14,221 INFO sqlalchemy.engine.Engine base.py:1846: EXPLAIN SELECT tbl_58414fc9def746efb62151d5e813b57d.col_0, tbl_58414fc9def746efb62151d5e813b57d.col_1, tbl_58414fc9def746efb62151d5e813b57d.col_3, tbl_58414fc9def746efb62151d5e813b57d.col_5, tbl_58414fc9def746efb62151d5e813b57d.rowid, tbl_58414fc9def746efb62151d5e813b57d.v_min 
FROM tbl_58414fc9def746efb62151d5e813b57d 
WHERE tbl_58414fc9def746efb62151d5e813b57d.v_min <= 16 AND tbl_58414fc9def746efb62151d5e813b57d.v_max > 16
2025-12-23 16:41:14,221 INFO sqlalchemy.engine.Engine base.py:1846: [generated in 0.00009s] {}
2025-12-23 16:41:14,222 INFO sqlalchemy.engine.Engine base.py:1846: SELECT tbl_58414fc9def746efb62151d5e813b57d.col_0, tbl_58414fc9def746efb62151d5e813b57d.col_1, tbl_58414fc9def746efb62151d5e813b57d.col_3, tbl_58414fc9def746efb62151d5e813b57d.col_5, tbl_58414fc9def746efb62151d5e813b57d.rowid, tbl_58414fc9def746efb62151d5e813b57d.v_min 
FROM tbl_58414fc9def746efb62151d5e813b57d 
WHERE tbl_58414fc9def746efb62151d5e813b57d.v_min <= %(v_min_1)s::BIGINT AND tbl_58414fc9def746efb62151d5e813b57d.v_max > %(v_max_1)s::BIGINT
2025-12-23 16:41:14,222 INFO sqlalchemy.engine.Engine base.py:1846: [generated in 0.00008s] {'v_min_1': 16, 'v_max_1': 16}
2025-12-23 16:41:14,223 INFO sqlalchemy.engine.Engine base.py:2716: COMMIT
2025-12-23 16:41:14,223 INFO sqlalchemy.engine.Engine base.py:2710: BEGIN (implicit)
2025-12-23 16:41:14,224 INFO sqlalchemy.engine.Engine base.py:1846: SELECT tables.md 
FROM tables 
WHERE tables.id = %(id_1)s::UUID AND coalesce((tables.md ->> %(md_1)s::TEXT), %(coalesce_1)s::VARCHAR) != %(coalesce_2)s::VARCHAR
2025-12-23 16:41:14,224 INFO sqlalchemy.engine.Engine base.py:1846: [cached since 8.087s ago] {'id_1': UUID('ab5ed723-f203-43ff-9b84-e08f5ca571ed'), 'md_1': 'pending_stmt', 'coalesce_1': '-1', 'coalesce_2': '2'}
2025-12-23 16:41:14,224 INFO sqlalchemy.engine.Engine base.py:1846: SELECT tables.md 
FROM tables 
WHERE tables.id = %(id_1)s::UUID AND coalesce((tables.md ->> %(md_1)s::TEXT), %(coalesce_1)s::VARCHAR) != %(coalesce_2)s::VARCHAR
2025-12-23 16:41:14,225 INFO sqlalchemy.engine.Engine base.py:1846: [cached since 8.087s ago] {'id_1': UUID('ab5ed723-f203-43ff-9b84-e08f5ca571ed'), 'md_1': 'pending_stmt', 'coalesce_1': '-1', 'coalesce_2': '2'}
2025-12-23 16:41:14,225 INFO sqlalchemy.engine.Engine base.py:2716: COMMIT
2025-12-23 16:41:14,225 INFO sqlalchemy.engine.Engine base.py:2710: BEGIN (implicit)
2025-12-23 16:41:14,226 INFO sqlalchemy.engine.Engine base.py:1846: SELECT tables.md 
FROM tables 
WHERE tables.id = %(id_1)s::UUID AND coalesce((tables.md ->> %(md_1)s::TEXT), %(coalesce_1)s::VARCHAR) != %(coalesce_2)s::VARCHAR
2025-12-23 16:41:14,226 INFO sqlalchemy.engine.Engine base.py:1846: [cached since 8.089s ago] {'id_1': UUID('ab5ed723-f203-43ff-9b84-e08f5ca571ed'), 'md_1': 'pending_stmt', 'coalesce_1': '-1', 'coalesce_2': '2'}
2025-12-23 16:41:14,226 INFO sqlalchemy.engine.Engine base.py:1846: SELECT tables.md 
FROM tables 
WHERE tables.id = %(id_1)s::UUID AND coalesce((tables.md ->> %(md_1)s::TEXT), %(coalesce_1)s::VARCHAR) != %(coalesce_2)s::VARCHAR
2025-12-23 16:41:14,226 INFO sqlalchemy.engine.Engine base.py:1846: [cached since 8.089s ago] {'id_1': UUID('ab5ed723-f203-43ff-9b84-e08f5ca571ed'), 'md_1': 'pending_stmt', 'coalesce_1': '-1', 'coalesce_2': '2'}
2025-12-23 16:41:14,228 INFO sqlalchemy.engine.Engine base.py:1846: EXPLAIN SELECT tbl_ab5ed723f20343ff9b84e08f5ca571ed.col_0, tbl_ab5ed723f20343ff9b84e08f5ca571ed.col_1, tbl_ab5ed723f20343ff9b84e08f5ca571ed.rowid, tbl_ab5ed723f20343ff9b84e08f5ca571ed.v_min 
FROM tbl_ab5ed723f20343ff9b84e08f5ca571ed 
WHERE tbl_ab5ed723f20343ff9b84e08f5ca571ed.v_min <= 15 AND tbl_ab5ed723f20343ff9b84e08f5ca571ed.v_max > 15
2025-12-23 16:41:14,228 INFO sqlalchemy.engine.Engine base.py:1846: [generated in 0.00010s] {}
2025-12-23 16:41:14,229 INFO sqlalchemy.engine.Engine base.py:1846: SELECT tbl_ab5ed723f20343ff9b84e08f5ca571ed.col_0, tbl_ab5ed723f20343ff9b84e08f5ca571ed.col_1, tbl_ab5ed723f20343ff9b84e08f5ca571ed.rowid, tbl_ab5ed723f20343ff9b84e08f5ca571ed.v_min 
FROM tbl_ab5ed723f20343ff9b84e08f5ca571ed 
WHERE tbl_ab5ed723f20343ff9b84e08f5ca571ed.v_min <= %(v_min_1)s::BIGINT AND tbl_ab5ed723f20343ff9b84e08f5ca571ed.v_max > %(v_max_1)s::BIGINT
2025-12-23 16:41:14,229 INFO sqlalchemy.engine.Engine base.py:1846: [generated in 0.00009s] {'v_min_1': 15, 'v_max_1': 15}
2025-12-23 16:41:14,234 INFO sqlalchemy.engine.Engine base.py:2716: COMMIT
2025-12-23 16:41:19,142 INFO sqlalchemy.engine.Engine base.py:2710: BEGIN (implicit)
2025-12-23 16:41:19,142 INFO sqlalchemy.engine.Engine base.py:1846: SELECT tables.md 
FROM tables 
WHERE tables.id = %(id_1)s::UUID AND coalesce((tables.md ->> %(md_1)s::TEXT), %(coalesce_1)s::VARCHAR) != %(coalesce_2)s::VARCHAR
2025-12-23 16:41:19,142 INFO sqlalchemy.engine.Engine base.py:1846: [cached since 13.01s ago] {'id_1': UUID('58414fc9-def7-46ef-b621-51d5e813b57d'), 'md_1': 'pending_stmt', 'coalesce_1': '-1', 'coalesce_2': '2'}
2025-12-23 16:41:19,144 INFO sqlalchemy.engine.Engine base.py:1846: SELECT tables.md 
FROM tables 
WHERE tables.id = %(id_1)s::UUID AND coalesce((tables.md ->> %(md_1)s::TEXT), %(coalesce_1)s::VARCHAR) != %(coalesce_2)s::VARCHAR
2025-12-23 16:41:19,144 INFO sqlalchemy.engine.Engine base.py:1846: [cached since 13.01s ago] {'id_1': UUID('58414fc9-def7-46ef-b621-51d5e813b57d'), 'md_1': 'pending_stmt', 'coalesce_1': '-1', 'coalesce_2': '2'}
2025-12-23 16:41:19,147 INFO sqlalchemy.engine.Engine base.py:1846: EXPLAIN SELECT tbl_58414fc9def746efb62151d5e813b57d.col_0, tbl_58414fc9def746efb62151d5e813b57d.col_1, tbl_58414fc9def746efb62151d5e813b57d.col_2, tbl_58414fc9def746efb62151d5e813b57d.col_3, tbl_58414fc9def746efb62151d5e813b57d.col_4, tbl_58414fc9def746efb62151d5e813b57d.col_5, tbl_58414fc9def746efb62151d5e813b57d.col_6, tbl_58414fc9def746efb62151d5e813b57d.col_7, tbl_58414fc9def746efb62151d5e813b57d.col_8, tbl_58414fc9def746efb62151d5e813b57d.col_9, tbl_58414fc9def746efb62151d5e813b57d.col_2_cellmd, tbl_58414fc9def746efb62151d5e813b57d.rowid, tbl_58414fc9def746efb62151d5e813b57d.v_min 
FROM tbl_58414fc9def746efb62151d5e813b57d 
WHERE tbl_58414fc9def746efb62151d5e813b57d.v_min <= 16 AND tbl_58414fc9def746efb62151d5e813b57d.v_max > 16
2025-12-23 16:41:19,147 INFO sqlalchemy.engine.Engine base.py:1846: [cached since 4.936s ago] {}
2025-12-23 16:41:19,148 INFO sqlalchemy.engine.Engine base.py:1846: SELECT tbl_58414fc9def746efb62151d5e813b57d.col_0, tbl_58414fc9def746efb62151d5e813b57d.col_1, tbl_58414fc9def746efb62151d5e813b57d.col_2, tbl_58414fc9def746efb62151d5e813b57d.col_3, tbl_58414fc9def746efb62151d5e813b57d.col_4, tbl_58414fc9def746efb62151d5e813b57d.col_5, tbl_58414fc9def746efb62151d5e813b57d.col_6, tbl_58414fc9def746efb62151d5e813b57d.col_7, tbl_58414fc9def746efb62151d5e813b57d.col_8, tbl_58414fc9def746efb62151d5e813b57d.col_9, tbl_58414fc9def746efb62151d5e813b57d.col_2_cellmd, tbl_58414fc9def746efb62151d5e813b57d.rowid, tbl_58414fc9def746efb62151d5e813b57d.v_min 
FROM tbl_58414fc9def746efb62151d5e813b57d 
WHERE tbl_58414fc9def746efb62151d5e813b57d.v_min <= %(v_min_1)s::BIGINT AND tbl_58414fc9def746efb62151d5e813b57d.v_max > %(v_max_1)s::BIGINT
2025-12-23 16:41:19,148 INFO sqlalchemy.engine.Engine base.py:1846: [cached since 4.936s ago] {'v_min_1': 16, 'v_max_1': 16}
2025-12-23 16:41:19,149 INFO sqlalchemy.engine.Engine base.py:2716: COMMIT
2025-12-23 17:18:29,255 INFO sqlalchemy.engine.Engine base.py:2710: BEGIN (implicit)
2025-12-23 17:18:29,256 INFO sqlalchemy.engine.Engine base.py:1846: SELECT tables.md 
FROM tables 
WHERE tables.id = %(id_1)s::UUID AND coalesce((tables.md ->> %(md_1)s::TEXT), %(coalesce_1)s::VARCHAR) != %(coalesce_2)s::VARCHAR
2025-12-23 17:18:29,257 INFO sqlalchemy.engine.Engine base.py:1846: [cached since 2244s ago] {'id_1': UUID('58414fc9-def7-46ef-b621-51d5e813b57d'), 'md_1': 'pending_stmt', 'coalesce_1': '-1', 'coalesce_2': '2'}
2025-12-23 17:18:29,258 INFO sqlalchemy.engine.Engine base.py:1846: SELECT tables.md 
FROM tables 
WHERE tables.id = %(id_1)s::UUID AND coalesce((tables.md ->> %(md_1)s::TEXT), %(coalesce_1)s::VARCHAR) != %(coalesce_2)s::VARCHAR
2025-12-23 17:18:29,259 INFO sqlalchemy.engine.Engine base.py:1846: [cached since 2244s ago] {'id_1': UUID('58414fc9-def7-46ef-b621-51d5e813b57d'), 'md_1': 'pending_stmt', 'coalesce_1': '-1', 'coalesce_2': '2'}
2025-12-23 17:18:29,262 INFO sqlalchemy.engine.Engine base.py:1846: EXPLAIN SELECT tbl_58414fc9def746efb62151d5e813b57d.col_0, tbl_58414fc9def746efb62151d5e813b57d.col_1, tbl_58414fc9def746efb62151d5e813b57d.col_2, tbl_58414fc9def746efb62151d5e813b57d.col_3, tbl_58414fc9def746efb62151d5e813b57d.col_4, tbl_58414fc9def746efb62151d5e813b57d.col_5, tbl_58414fc9def746efb62151d5e813b57d.col_6, tbl_58414fc9def746efb62151d5e813b57d.col_7, tbl_58414fc9def746efb62151d5e813b57d.col_8, tbl_58414fc9def746efb62151d5e813b57d.col_9, tbl_58414fc9def746efb62151d5e813b57d.col_2_cellmd, tbl_58414fc9def746efb62151d5e813b57d.rowid, tbl_58414fc9def746efb62151d5e813b57d.v_min 
FROM tbl_58414fc9def746efb62151d5e813b57d 
WHERE tbl_58414fc9def746efb62151d5e813b57d.v_min <= 16 AND tbl_58414fc9def746efb62151d5e813b57d.v_max > 16
2025-12-23 17:18:29,262 INFO sqlalchemy.engine.Engine base.py:1846: [cached since 2236s ago] {}
2025-12-23 17:18:29,263 INFO sqlalchemy.engine.Engine base.py:1846: SELECT tbl_58414fc9def746efb62151d5e813b57d.col_0, tbl_58414fc9def746efb62151d5e813b57d.col_1, tbl_58414fc9def746efb62151d5e813b57d.col_2, tbl_58414fc9def746efb62151d5e813b57d.col_3, tbl_58414fc9def746efb62151d5e813b57d.col_4, tbl_58414fc9def746efb62151d5e813b57d.col_5, tbl_58414fc9def746efb62151d5e813b57d.col_6, tbl_58414fc9def746efb62151d5e813b57d.col_7, tbl_58414fc9def746efb62151d5e813b57d.col_8, tbl_58414fc9def746efb62151d5e813b57d.col_9, tbl_58414fc9def746efb62151d5e813b57d.col_2_cellmd, tbl_58414fc9def746efb62151d5e813b57d.rowid, tbl_58414fc9def746efb62151d5e813b57d.v_min 
FROM tbl_58414fc9def746efb62151d5e813b57d 
WHERE tbl_58414fc9def746efb62151d5e813b57d.v_min <= %(v_min_1)s::BIGINT AND tbl_58414fc9def746efb62151d5e813b57d.v_max > %(v_max_1)s::BIGINT
2025-12-23 17:18:29,263 INFO sqlalchemy.engine.Engine base.py:1846: [cached since 2236s ago] {'v_min_1': 16, 'v_max_1': 16}
2025-12-23 17:18:29,265 INFO sqlalchemy.engine.Engine base.py:2716: COMMIT
2025-12-23 17:18:35,148 INFO sqlalchemy.engine.Engine base.py:2710: BEGIN (implicit)
2025-12-23 17:18:35,149 INFO sqlalchemy.engine.Engine base.py:1846: SELECT tables.md 
FROM tables 
WHERE tables.id = %(id_1)s::UUID AND coalesce((tables.md ->> %(md_1)s::TEXT), %(coalesce_1)s::VARCHAR) != %(coalesce_2)s::VARCHAR
2025-12-23 17:18:35,149 INFO sqlalchemy.engine.Engine base.py:1846: [cached since 2250s ago] {'id_1': UUID('58414fc9-def7-46ef-b621-51d5e813b57d'), 'md_1': 'pending_stmt', 'coalesce_1': '-1', 'coalesce_2': '2'}
2025-12-23 17:18:35,150 INFO sqlalchemy.engine.Engine base.py:1846: SELECT tables.md 
FROM tables 
WHERE tables.id = %(id_1)s::UUID AND coalesce((tables.md ->> %(md_1)s::TEXT), %(coalesce_1)s::VARCHAR) != %(coalesce_2)s::VARCHAR
2025-12-23 17:18:35,150 INFO sqlalchemy.engine.Engine base.py:1846: [cached since 2250s ago] {'id_1': UUID('58414fc9-def7-46ef-b621-51d5e813b57d'), 'md_1': 'pending_stmt', 'coalesce_1': '-1', 'coalesce_2': '2'}
2025-12-23 17:18:35,154 INFO sqlalchemy.engine.Engine base.py:1846: EXPLAIN SELECT tbl_58414fc9def746efb62151d5e813b57d.col_0, tbl_58414fc9def746efb62151d5e813b57d.col_1, tbl_58414fc9def746efb62151d5e813b57d.col_2, tbl_58414fc9def746efb62151d5e813b57d.col_3, tbl_58414fc9def746efb62151d5e813b57d.col_4, tbl_58414fc9def746efb62151d5e813b57d.col_5, tbl_58414fc9def746efb62151d5e813b57d.col_6, tbl_58414fc9def746efb62151d5e813b57d.col_7, tbl_58414fc9def746efb62151d5e813b57d.col_8, tbl_58414fc9def746efb62151d5e813b57d.col_9, tbl_58414fc9def746efb62151d5e813b57d.col_2_cellmd, tbl_58414fc9def746efb62151d5e813b57d.rowid, tbl_58414fc9def746efb62151d5e813b57d.v_min 
FROM tbl_58414fc9def746efb62151d5e813b57d 
WHERE tbl_58414fc9def746efb62151d5e813b57d.v_min <= 16 AND tbl_58414fc9def746efb62151d5e813b57d.v_max > 16
2025-12-23 17:18:35,154 INFO sqlalchemy.engine.Engine base.py:1846: [cached since 2241s ago] {}
2025-12-23 17:18:35,155 INFO sqlalchemy.engine.Engine base.py:1846: SELECT tbl_58414fc9def746efb62151d5e813b57d.col_0, tbl_58414fc9def746efb62151d5e813b57d.col_1, tbl_58414fc9def746efb62151d5e813b57d.col_2, tbl_58414fc9def746efb62151d5e813b57d.col_3, tbl_58414fc9def746efb62151d5e813b57d.col_4, tbl_58414fc9def746efb62151d5e813b57d.col_5, tbl_58414fc9def746efb62151d5e813b57d.col_6, tbl_58414fc9def746efb62151d5e813b57d.col_7, tbl_58414fc9def746efb62151d5e813b57d.col_8, tbl_58414fc9def746efb62151d5e813b57d.col_9, tbl_58414fc9def746efb62151d5e813b57d.col_2_cellmd, tbl_58414fc9def746efb62151d5e813b57d.rowid, tbl_58414fc9def746efb62151d5e813b57d.v_min 
FROM tbl_58414fc9def746efb62151d5e813b57d 
WHERE tbl_58414fc9def746efb62151d5e813b57d.v_min <= %(v_min_1)s::BIGINT AND tbl_58414fc9def746efb62151d5e813b57d.v_max > %(v_max_1)s::BIGINT
2025-12-23 17:18:35,155 INFO sqlalchemy.engine.Engine base.py:1846: [cached since 2241s ago] {'v_min_1': 16, 'v_max_1': 16}
2025-12-23 17:18:35,157 INFO sqlalchemy.engine.Engine base.py:2716: COMMIT
2025-12-24 08:31:56,919 INFO sqlalchemy.engine.Engine base.py:2710: BEGIN (implicit)
2025-12-24 08:31:56,921 INFO sqlalchemy.engine.Engine base.py:1846: SELECT tables.md 
FROM tables 
WHERE tables.id = %(id_1)s::UUID AND coalesce((tables.md ->> %(md_1)s::TEXT), %(coalesce_1)s::VARCHAR) != %(coalesce_2)s::VARCHAR
2025-12-24 08:31:56,921 INFO sqlalchemy.engine.Engine base.py:1846: [cached since 5.705e+04s ago] {'id_1': UUID('58414fc9-def7-46ef-b621-51d5e813b57d'), 'md_1': 'pending_stmt', 'coalesce_1': '-1', 'coalesce_2': '2'}
2025-12-24 08:31:56,923 INFO sqlalchemy.engine.Engine base.py:1846: SELECT tables.md 
FROM tables 
WHERE tables.id = %(id_1)s::UUID AND coalesce((tables.md ->> %(md_1)s::TEXT), %(coalesce_1)s::VARCHAR) != %(coalesce_2)s::VARCHAR
2025-12-24 08:31:56,923 INFO sqlalchemy.engine.Engine base.py:1846: [cached since 5.705e+04s ago] {'id_1': UUID('58414fc9-def7-46ef-b621-51d5e813b57d'), 'md_1': 'pending_stmt', 'coalesce_1': '-1', 'coalesce_2': '2'}
2025-12-24 08:31:56,927 INFO sqlalchemy.engine.Engine base.py:1846: EXPLAIN SELECT tbl_58414fc9def746efb62151d5e813b57d.col_0, tbl_58414fc9def746efb62151d5e813b57d.col_1, tbl_58414fc9def746efb62151d5e813b57d.col_2, tbl_58414fc9def746efb62151d5e813b57d.col_3, tbl_58414fc9def746efb62151d5e813b57d.col_4, tbl_58414fc9def746efb62151d5e813b57d.col_5, tbl_58414fc9def746efb62151d5e813b57d.col_6, tbl_58414fc9def746efb62151d5e813b57d.col_7, tbl_58414fc9def746efb62151d5e813b57d.col_8, tbl_58414fc9def746efb62151d5e813b57d.col_9, tbl_58414fc9def746efb62151d5e813b57d.col_2_cellmd, tbl_58414fc9def746efb62151d5e813b57d.rowid, tbl_58414fc9def746efb62151d5e813b57d.v_min 
FROM tbl_58414fc9def746efb62151d5e813b57d 
WHERE tbl_58414fc9def746efb62151d5e813b57d.v_min <= 16 AND tbl_58414fc9def746efb62151d5e813b57d.v_max > 16
2025-12-24 08:31:56,927 INFO sqlalchemy.engine.Engine base.py:1846: [cached since 5.704e+04s ago] {}
2025-12-24 08:31:56,928 INFO sqlalchemy.engine.Engine base.py:1846: SELECT tbl_58414fc9def746efb62151d5e813b57d.col_0, tbl_58414fc9def746efb62151d5e813b57d.col_1, tbl_58414fc9def746efb62151d5e813b57d.col_2, tbl_58414fc9def746efb62151d5e813b57d.col_3, tbl_58414fc9def746efb62151d5e813b57d.col_4, tbl_58414fc9def746efb62151d5e813b57d.col_5, tbl_58414fc9def746efb62151d5e813b57d.col_6, tbl_58414fc9def746efb62151d5e813b57d.col_7, tbl_58414fc9def746efb62151d5e813b57d.col_8, tbl_58414fc9def746efb62151d5e813b57d.col_9, tbl_58414fc9def746efb62151d5e813b57d.col_2_cellmd, tbl_58414fc9def746efb62151d5e813b57d.rowid, tbl_58414fc9def746efb62151d5e813b57d.v_min 
FROM tbl_58414fc9def746efb62151d5e813b57d 
WHERE tbl_58414fc9def746efb62151d5e813b57d.v_min <= %(v_min_1)s::BIGINT AND tbl_58414fc9def746efb62151d5e813b57d.v_max > %(v_max_1)s::BIGINT
2025-12-24 08:31:56,928 INFO sqlalchemy.engine.Engine base.py:1846: [cached since 5.704e+04s ago] {'v_min_1': 16, 'v_max_1': 16}
2025-12-24 08:31:56,929 INFO sqlalchemy.engine.Engine base.py:2716: COMMIT
2025-12-24 08:48:09,214 INFO sqlalchemy.engine.Engine base.py:2710: BEGIN (implicit)
2025-12-24 08:48:09,216 INFO sqlalchemy.engine.Engine base.py:1846: SELECT tables.md 
FROM tables 
WHERE tables.id = %(id_1)s::UUID AND coalesce((tables.md ->> %(md_1)s::TEXT), %(coalesce_1)s::VARCHAR) != %(coalesce_2)s::VARCHAR
2025-12-24 08:48:09,216 INFO sqlalchemy.engine.Engine base.py:1846: [cached since 5.802e+04s ago] {'id_1': UUID('58414fc9-def7-46ef-b621-51d5e813b57d'), 'md_1': 'pending_stmt', 'coalesce_1': '-1', 'coalesce_2': '2'}
2025-12-24 08:48:09,218 INFO sqlalchemy.engine.Engine base.py:1846: SELECT tables.md 
FROM tables 
WHERE tables.id = %(id_1)s::UUID AND coalesce((tables.md ->> %(md_1)s::TEXT), %(coalesce_1)s::VARCHAR) != %(coalesce_2)s::VARCHAR
2025-12-24 08:48:09,218 INFO sqlalchemy.engine.Engine base.py:1846: [cached since 5.802e+04s ago] {'id_1': UUID('58414fc9-def7-46ef-b621-51d5e813b57d'), 'md_1': 'pending_stmt', 'coalesce_1': '-1', 'coalesce_2': '2'}
2025-12-24 08:48:09,221 INFO sqlalchemy.engine.Engine base.py:1846: EXPLAIN SELECT tbl_58414fc9def746efb62151d5e813b57d.col_0, tbl_58414fc9def746efb62151d5e813b57d.col_1, tbl_58414fc9def746efb62151d5e813b57d.col_2, tbl_58414fc9def746efb62151d5e813b57d.col_3, tbl_58414fc9def746efb62151d5e813b57d.col_4, tbl_58414fc9def746efb62151d5e813b57d.col_5, tbl_58414fc9def746efb62151d5e813b57d.col_6, tbl_58414fc9def746efb62151d5e813b57d.col_7, tbl_58414fc9def746efb62151d5e813b57d.col_8, tbl_58414fc9def746efb62151d5e813b57d.col_9, tbl_58414fc9def746efb62151d5e813b57d.col_2_cellmd, tbl_58414fc9def746efb62151d5e813b57d.rowid, tbl_58414fc9def746efb62151d5e813b57d.v_min 
FROM tbl_58414fc9def746efb62151d5e813b57d 
WHERE tbl_58414fc9def746efb62151d5e813b57d.v_min <= 16 AND tbl_58414fc9def746efb62151d5e813b57d.v_max > 16
2025-12-24 08:48:09,221 INFO sqlalchemy.engine.Engine base.py:1846: [cached since 5.802e+04s ago] {}
2025-12-24 08:48:09,222 INFO sqlalchemy.engine.Engine base.py:1846: SELECT tbl_58414fc9def746efb62151d5e813b57d.col_0, tbl_58414fc9def746efb62151d5e813b57d.col_1, tbl_58414fc9def746efb62151d5e813b57d.col_2, tbl_58414fc9def746efb62151d5e813b57d.col_3, tbl_58414fc9def746efb62151d5e813b57d.col_4, tbl_58414fc9def746efb62151d5e813b57d.col_5, tbl_58414fc9def746efb62151d5e813b57d.col_6, tbl_58414fc9def746efb62151d5e813b57d.col_7, tbl_58414fc9def746efb62151d5e813b57d.col_8, tbl_58414fc9def746efb62151d5e813b57d.col_9, tbl_58414fc9def746efb62151d5e813b57d.col_2_cellmd, tbl_58414fc9def746efb62151d5e813b57d.rowid, tbl_58414fc9def746efb62151d5e813b57d.v_min 
FROM tbl_58414fc9def746efb62151d5e813b57d 
WHERE tbl_58414fc9def746efb62151d5e813b57d.v_min <= %(v_min_1)s::BIGINT AND tbl_58414fc9def746efb62151d5e813b57d.v_max > %(v_max_1)s::BIGINT
2025-12-24 08:48:09,222 INFO sqlalchemy.engine.Engine base.py:1846: [cached since 5.802e+04s ago] {'v_min_1': 16, 'v_max_1': 16}
2025-12-24 08:48:09,223 INFO sqlalchemy.engine.Engine base.py:2716: COMMIT
2025-12-24 08:48:10,785 INFO sqlalchemy.engine.Engine base.py:2710: BEGIN (implicit)
2025-12-24 08:48:10,786 INFO sqlalchemy.engine.Engine base.py:1846: SELECT tables.md 
FROM tables 
WHERE tables.id = %(id_1)s::UUID AND coalesce((tables.md ->> %(md_1)s::TEXT), %(coalesce_1)s::VARCHAR) != %(coalesce_2)s::VARCHAR
2025-12-24 08:48:10,786 INFO sqlalchemy.engine.Engine base.py:1846: [cached since 5.803e+04s ago] {'id_1': UUID('58414fc9-def7-46ef-b621-51d5e813b57d'), 'md_1': 'pending_stmt', 'coalesce_1': '-1', 'coalesce_2': '2'}
2025-12-24 08:48:10,789 INFO sqlalchemy.engine.Engine base.py:1846: SELECT tables.md 
FROM tables 
WHERE tables.id = %(id_1)s::UUID AND coalesce((tables.md ->> %(md_1)s::TEXT), %(coalesce_1)s::VARCHAR) != %(coalesce_2)s::VARCHAR
2025-12-24 08:48:10,789 INFO sqlalchemy.engine.Engine base.py:1846: [cached since 5.803e+04s ago] {'id_1': UUID('58414fc9-def7-46ef-b621-51d5e813b57d'), 'md_1': 'pending_stmt', 'coalesce_1': '-1', 'coalesce_2': '2'}
2025-12-24 08:48:10,793 INFO sqlalchemy.engine.Engine base.py:1846: EXPLAIN SELECT tbl_58414fc9def746efb62151d5e813b57d.col_0, tbl_58414fc9def746efb62151d5e813b57d.col_1, tbl_58414fc9def746efb62151d5e813b57d.col_2, tbl_58414fc9def746efb62151d5e813b57d.col_3, tbl_58414fc9def746efb62151d5e813b57d.col_4, tbl_58414fc9def746efb62151d5e813b57d.col_5, tbl_58414fc9def746efb62151d5e813b57d.col_6, tbl_58414fc9def746efb62151d5e813b57d.col_7, tbl_58414fc9def746efb62151d5e813b57d.col_8, tbl_58414fc9def746efb62151d5e813b57d.col_9, tbl_58414fc9def746efb62151d5e813b57d.col_2_cellmd, tbl_58414fc9def746efb62151d5e813b57d.rowid, tbl_58414fc9def746efb62151d5e813b57d.v_min 
FROM tbl_58414fc9def746efb62151d5e813b57d 
WHERE tbl_58414fc9def746efb62151d5e813b57d.v_min <= 16 AND tbl_58414fc9def746efb62151d5e813b57d.v_max > 16
2025-12-24 08:48:10,793 INFO sqlalchemy.engine.Engine base.py:1846: [cached since 5.802e+04s ago] {}
2025-12-24 08:48:10,793 INFO sqlalchemy.engine.Engine base.py:1846: SELECT tbl_58414fc9def746efb62151d5e813b57d.col_0, tbl_58414fc9def746efb62151d5e813b57d.col_1, tbl_58414fc9def746efb62151d5e813b57d.col_2, tbl_58414fc9def746efb62151d5e813b57d.col_3, tbl_58414fc9def746efb62151d5e813b57d.col_4, tbl_58414fc9def746efb62151d5e813b57d.col_5, tbl_58414fc9def746efb62151d5e813b57d.col_6, tbl_58414fc9def746efb62151d5e813b57d.col_7, tbl_58414fc9def746efb62151d5e813b57d.col_8, tbl_58414fc9def746efb62151d5e813b57d.col_9, tbl_58414fc9def746efb62151d5e813b57d.col_2_cellmd, tbl_58414fc9def746efb62151d5e813b57d.rowid, tbl_58414fc9def746efb62151d5e813b57d.v_min 
FROM tbl_58414fc9def746efb62151d5e813b57d 
WHERE tbl_58414fc9def746efb62151d5e813b57d.v_min <= %(v_min_1)s::BIGINT AND tbl_58414fc9def746efb62151d5e813b57d.v_max > %(v_max_1)s::BIGINT
2025-12-24 08:48:10,793 INFO sqlalchemy.engine.Engine base.py:1846: [cached since 5.802e+04s ago] {'v_min_1': 16, 'v_max_1': 16}
2025-12-24 08:48:10,795 INFO sqlalchemy.engine.Engine base.py:2716: COMMIT
2025-12-24 08:49:40,546 INFO sqlalchemy.engine.Engine base.py:2710: BEGIN (implicit)
2025-12-24 08:49:40,547 INFO sqlalchemy.engine.Engine base.py:1846: SELECT tables.md 
FROM tables 
WHERE tables.id = %(id_1)s::UUID AND coalesce((tables.md ->> %(md_1)s::TEXT), %(coalesce_1)s::VARCHAR) != %(coalesce_2)s::VARCHAR
2025-12-24 08:49:40,547 INFO sqlalchemy.engine.Engine base.py:1846: [cached since 5.811e+04s ago] {'id_1': UUID('58414fc9-def7-46ef-b621-51d5e813b57d'), 'md_1': 'pending_stmt', 'coalesce_1': '-1', 'coalesce_2': '2'}
2025-12-24 08:49:40,548 INFO sqlalchemy.engine.Engine base.py:1846: SELECT tables.md 
FROM tables 
WHERE tables.id = %(id_1)s::UUID AND coalesce((tables.md ->> %(md_1)s::TEXT), %(coalesce_1)s::VARCHAR) != %(coalesce_2)s::VARCHAR
2025-12-24 08:49:40,548 INFO sqlalchemy.engine.Engine base.py:1846: [cached since 5.811e+04s ago] {'id_1': UUID('58414fc9-def7-46ef-b621-51d5e813b57d'), 'md_1': 'pending_stmt', 'coalesce_1': '-1', 'coalesce_2': '2'}
2025-12-24 08:49:40,552 INFO sqlalchemy.engine.Engine base.py:1846: EXPLAIN SELECT tbl_58414fc9def746efb62151d5e813b57d.col_0, tbl_58414fc9def746efb62151d5e813b57d.col_1, tbl_58414fc9def746efb62151d5e813b57d.col_2, tbl_58414fc9def746efb62151d5e813b57d.col_3, tbl_58414fc9def746efb62151d5e813b57d.col_4, tbl_58414fc9def746efb62151d5e813b57d.col_5, tbl_58414fc9def746efb62151d5e813b57d.col_6, tbl_58414fc9def746efb62151d5e813b57d.col_7, tbl_58414fc9def746efb62151d5e813b57d.col_8, tbl_58414fc9def746efb62151d5e813b57d.col_9, tbl_58414fc9def746efb62151d5e813b57d.col_2_cellmd, tbl_58414fc9def746efb62151d5e813b57d.rowid, tbl_58414fc9def746efb62151d5e813b57d.v_min 
FROM tbl_58414fc9def746efb62151d5e813b57d 
WHERE tbl_58414fc9def746efb62151d5e813b57d.v_min <= 16 AND tbl_58414fc9def746efb62151d5e813b57d.v_max > 16
2025-12-24 08:49:40,552 INFO sqlalchemy.engine.Engine base.py:1846: [cached since 5.811e+04s ago] {}
2025-12-24 08:49:40,552 INFO sqlalchemy.engine.Engine base.py:1846: SELECT tbl_58414fc9def746efb62151d5e813b57d.col_0, tbl_58414fc9def746efb62151d5e813b57d.col_1, tbl_58414fc9def746efb62151d5e813b57d.col_2, tbl_58414fc9def746efb62151d5e813b57d.col_3, tbl_58414fc9def746efb62151d5e813b57d.col_4, tbl_58414fc9def746efb62151d5e813b57d.col_5, tbl_58414fc9def746efb62151d5e813b57d.col_6, tbl_58414fc9def746efb62151d5e813b57d.col_7, tbl_58414fc9def746efb62151d5e813b57d.col_8, tbl_58414fc9def746efb62151d5e813b57d.col_9, tbl_58414fc9def746efb62151d5e813b57d.col_2_cellmd, tbl_58414fc9def746efb62151d5e813b57d.rowid, tbl_58414fc9def746efb62151d5e813b57d.v_min 
FROM tbl_58414fc9def746efb62151d5e813b57d 
WHERE tbl_58414fc9def746efb62151d5e813b57d.v_min <= %(v_min_1)s::BIGINT AND tbl_58414fc9def746efb62151d5e813b57d.v_max > %(v_max_1)s::BIGINT
2025-12-24 08:49:40,552 INFO sqlalchemy.engine.Engine base.py:1846: [cached since 5.811e+04s ago] {'v_min_1': 16, 'v_max_1': 16}
2025-12-24 08:49:40,554 INFO sqlalchemy.engine.Engine base.py:2716: COMMIT
2025-12-24 08:56:27,597 INFO sqlalchemy.engine.Engine base.py:2710: BEGIN (implicit)
2025-12-24 08:56:27,599 INFO sqlalchemy.engine.Engine base.py:1846: SELECT tables.md 
FROM tables 
WHERE tables.id = %(id_1)s::UUID AND coalesce((tables.md ->> %(md_1)s::TEXT), %(coalesce_1)s::VARCHAR) != %(coalesce_2)s::VARCHAR
2025-12-24 08:56:27,599 INFO sqlalchemy.engine.Engine base.py:1846: [cached since 5.852e+04s ago] {'id_1': UUID('58414fc9-def7-46ef-b621-51d5e813b57d'), 'md_1': 'pending_stmt', 'coalesce_1': '-1', 'coalesce_2': '2'}
2025-12-24 08:56:27,600 INFO sqlalchemy.engine.Engine base.py:1846: SELECT tables.md 
FROM tables 
WHERE tables.id = %(id_1)s::UUID AND coalesce((tables.md ->> %(md_1)s::TEXT), %(coalesce_1)s::VARCHAR) != %(coalesce_2)s::VARCHAR
2025-12-24 08:56:27,600 INFO sqlalchemy.engine.Engine base.py:1846: [cached since 5.852e+04s ago] {'id_1': UUID('58414fc9-def7-46ef-b621-51d5e813b57d'), 'md_1': 'pending_stmt', 'coalesce_1': '-1', 'coalesce_2': '2'}
2025-12-24 08:56:27,605 INFO sqlalchemy.engine.Engine base.py:1846: EXPLAIN SELECT tbl_58414fc9def746efb62151d5e813b57d.col_0, tbl_58414fc9def746efb62151d5e813b57d.col_1, tbl_58414fc9def746efb62151d5e813b57d.col_2, tbl_58414fc9def746efb62151d5e813b57d.col_3, tbl_58414fc9def746efb62151d5e813b57d.col_4, tbl_58414fc9def746efb62151d5e813b57d.col_5, tbl_58414fc9def746efb62151d5e813b57d.col_6, tbl_58414fc9def746efb62151d5e813b57d.col_7, tbl_58414fc9def746efb62151d5e813b57d.col_8, tbl_58414fc9def746efb62151d5e813b57d.col_9, tbl_58414fc9def746efb62151d5e813b57d.col_2_cellmd, tbl_58414fc9def746efb62151d5e813b57d.rowid, tbl_58414fc9def746efb62151d5e813b57d.v_min 
FROM tbl_58414fc9def746efb62151d5e813b57d 
WHERE tbl_58414fc9def746efb62151d5e813b57d.v_min <= 16 AND tbl_58414fc9def746efb62151d5e813b57d.v_max > 16
2025-12-24 08:56:27,605 INFO sqlalchemy.engine.Engine base.py:1846: [cached since 5.851e+04s ago] {}
2025-12-24 08:56:27,605 INFO sqlalchemy.engine.Engine base.py:1846: SELECT tbl_58414fc9def746efb62151d5e813b57d.col_0, tbl_58414fc9def746efb62151d5e813b57d.col_1, tbl_58414fc9def746efb62151d5e813b57d.col_2, tbl_58414fc9def746efb62151d5e813b57d.col_3, tbl_58414fc9def746efb62151d5e813b57d.col_4, tbl_58414fc9def746efb62151d5e813b57d.col_5, tbl_58414fc9def746efb62151d5e813b57d.col_6, tbl_58414fc9def746efb62151d5e813b57d.col_7, tbl_58414fc9def746efb62151d5e813b57d.col_8, tbl_58414fc9def746efb62151d5e813b57d.col_9, tbl_58414fc9def746efb62151d5e813b57d.col_2_cellmd, tbl_58414fc9def746efb62151d5e813b57d.rowid, tbl_58414fc9def746efb62151d5e813b57d.v_min 
FROM tbl_58414fc9def746efb62151d5e813b57d 
WHERE tbl_58414fc9def746efb62151d5e813b57d.v_min <= %(v_min_1)s::BIGINT AND tbl_58414fc9def746efb62151d5e813b57d.v_max > %(v_max_1)s::BIGINT
2025-12-24 08:56:27,605 INFO sqlalchemy.engine.Engine base.py:1846: [cached since 5.851e+04s ago] {'v_min_1': 16, 'v_max_1': 16}
2025-12-24 08:56:27,607 INFO sqlalchemy.engine.Engine base.py:2716: COMMIT
2025-12-24 08:56:50,437 INFO sqlalchemy.engine.Engine base.py:2710: BEGIN (implicit)
2025-12-24 08:56:50,439 INFO sqlalchemy.engine.Engine base.py:1846: SELECT tables.md 
FROM tables 
WHERE tables.id = %(id_1)s::UUID AND coalesce((tables.md ->> %(md_1)s::TEXT), %(coalesce_1)s::VARCHAR) != %(coalesce_2)s::VARCHAR
2025-12-24 08:56:50,439 INFO sqlalchemy.engine.Engine base.py:1846: [cached since 5.854e+04s ago] {'id_1': UUID('58414fc9-def7-46ef-b621-51d5e813b57d'), 'md_1': 'pending_stmt', 'coalesce_1': '-1', 'coalesce_2': '2'}
2025-12-24 08:56:50,441 INFO sqlalchemy.engine.Engine base.py:1846: SELECT tables.md 
FROM tables 
WHERE tables.id = %(id_1)s::UUID AND coalesce((tables.md ->> %(md_1)s::TEXT), %(coalesce_1)s::VARCHAR) != %(coalesce_2)s::VARCHAR
2025-12-24 08:56:50,441 INFO sqlalchemy.engine.Engine base.py:1846: [cached since 5.854e+04s ago] {'id_1': UUID('58414fc9-def7-46ef-b621-51d5e813b57d'), 'md_1': 'pending_stmt', 'coalesce_1': '-1', 'coalesce_2': '2'}
2025-12-24 08:56:50,445 INFO sqlalchemy.engine.Engine base.py:1846: EXPLAIN SELECT tbl_58414fc9def746efb62151d5e813b57d.col_0, tbl_58414fc9def746efb62151d5e813b57d.col_1, tbl_58414fc9def746efb62151d5e813b57d.col_2, tbl_58414fc9def746efb62151d5e813b57d.col_3, tbl_58414fc9def746efb62151d5e813b57d.col_4, tbl_58414fc9def746efb62151d5e813b57d.col_5, tbl_58414fc9def746efb62151d5e813b57d.col_6, tbl_58414fc9def746efb62151d5e813b57d.col_7, tbl_58414fc9def746efb62151d5e813b57d.col_8, tbl_58414fc9def746efb62151d5e813b57d.col_9, tbl_58414fc9def746efb62151d5e813b57d.col_2_cellmd, tbl_58414fc9def746efb62151d5e813b57d.rowid, tbl_58414fc9def746efb62151d5e813b57d.v_min 
FROM tbl_58414fc9def746efb62151d5e813b57d 
WHERE tbl_58414fc9def746efb62151d5e813b57d.v_min <= 16 AND tbl_58414fc9def746efb62151d5e813b57d.v_max > 16
2025-12-24 08:56:50,445 INFO sqlalchemy.engine.Engine base.py:1846: [cached since 5.854e+04s ago] {}
2025-12-24 08:56:50,445 INFO sqlalchemy.engine.Engine base.py:1846: SELECT tbl_58414fc9def746efb62151d5e813b57d.col_0, tbl_58414fc9def746efb62151d5e813b57d.col_1, tbl_58414fc9def746efb62151d5e813b57d.col_2, tbl_58414fc9def746efb62151d5e813b57d.col_3, tbl_58414fc9def746efb62151d5e813b57d.col_4, tbl_58414fc9def746efb62151d5e813b57d.col_5, tbl_58414fc9def746efb62151d5e813b57d.col_6, tbl_58414fc9def746efb62151d5e813b57d.col_7, tbl_58414fc9def746efb62151d5e813b57d.col_8, tbl_58414fc9def746efb62151d5e813b57d.col_9, tbl_58414fc9def746efb62151d5e813b57d.col_2_cellmd, tbl_58414fc9def746efb62151d5e813b57d.rowid, tbl_58414fc9def746efb62151d5e813b57d.v_min 
FROM tbl_58414fc9def746efb62151d5e813b57d 
WHERE tbl_58414fc9def746efb62151d5e813b57d.v_min <= %(v_min_1)s::BIGINT AND tbl_58414fc9def746efb62151d5e813b57d.v_max > %(v_max_1)s::BIGINT
2025-12-24 08:56:50,445 INFO sqlalchemy.engine.Engine base.py:1846: [cached since 5.854e+04s ago] {'v_min_1': 16, 'v_max_1': 16}
2025-12-24 08:56:50,447 INFO sqlalchemy.engine.Engine base.py:2716: COMMIT
2025-12-24 08:56:53,050 INFO sqlalchemy.engine.Engine base.py:2710: BEGIN (implicit)
2025-12-24 08:56:53,052 INFO sqlalchemy.engine.Engine base.py:1846: SELECT tables.md 
FROM tables 
WHERE tables.id = %(id_1)s::UUID AND coalesce((tables.md ->> %(md_1)s::TEXT), %(coalesce_1)s::VARCHAR) != %(coalesce_2)s::VARCHAR
2025-12-24 08:56:53,052 INFO sqlalchemy.engine.Engine base.py:1846: [cached since 5.855e+04s ago] {'id_1': UUID('58414fc9-def7-46ef-b621-51d5e813b57d'), 'md_1': 'pending_stmt', 'coalesce_1': '-1', 'coalesce_2': '2'}
2025-12-24 08:56:53,054 INFO sqlalchemy.engine.Engine base.py:1846: SELECT tables.md 
FROM tables 
WHERE tables.id = %(id_1)s::UUID AND coalesce((tables.md ->> %(md_1)s::TEXT), %(coalesce_1)s::VARCHAR) != %(coalesce_2)s::VARCHAR
2025-12-24 08:56:53,054 INFO sqlalchemy.engine.Engine base.py:1846: [cached since 5.855e+04s ago] {'id_1': UUID('58414fc9-def7-46ef-b621-51d5e813b57d'), 'md_1': 'pending_stmt', 'coalesce_1': '-1', 'coalesce_2': '2'}
2025-12-24 08:56:53,060 INFO sqlalchemy.engine.Engine base.py:1846: EXPLAIN SELECT tbl_58414fc9def746efb62151d5e813b57d.col_0, tbl_58414fc9def746efb62151d5e813b57d.col_1, tbl_58414fc9def746efb62151d5e813b57d.col_2, tbl_58414fc9def746efb62151d5e813b57d.col_3, tbl_58414fc9def746efb62151d5e813b57d.col_4, tbl_58414fc9def746efb62151d5e813b57d.col_5, tbl_58414fc9def746efb62151d5e813b57d.col_6, tbl_58414fc9def746efb62151d5e813b57d.col_7, tbl_58414fc9def746efb62151d5e813b57d.col_8, tbl_58414fc9def746efb62151d5e813b57d.col_9, tbl_58414fc9def746efb62151d5e813b57d.col_2_cellmd, tbl_58414fc9def746efb62151d5e813b57d.rowid, tbl_58414fc9def746efb62151d5e813b57d.v_min 
FROM tbl_58414fc9def746efb62151d5e813b57d 
WHERE tbl_58414fc9def746efb62151d5e813b57d.v_min <= 16 AND tbl_58414fc9def746efb62151d5e813b57d.v_max > 16
2025-12-24 08:56:53,060 INFO sqlalchemy.engine.Engine base.py:1846: [cached since 5.854e+04s ago] {}
2025-12-24 08:56:53,060 INFO sqlalchemy.engine.Engine base.py:1846: SELECT tbl_58414fc9def746efb62151d5e813b57d.col_0, tbl_58414fc9def746efb62151d5e813b57d.col_1, tbl_58414fc9def746efb62151d5e813b57d.col_2, tbl_58414fc9def746efb62151d5e813b57d.col_3, tbl_58414fc9def746efb62151d5e813b57d.col_4, tbl_58414fc9def746efb62151d5e813b57d.col_5, tbl_58414fc9def746efb62151d5e813b57d.col_6, tbl_58414fc9def746efb62151d5e813b57d.col_7, tbl_58414fc9def746efb62151d5e813b57d.col_8, tbl_58414fc9def746efb62151d5e813b57d.col_9, tbl_58414fc9def746efb62151d5e813b57d.col_2_cellmd, tbl_58414fc9def746efb62151d5e813b57d.rowid, tbl_58414fc9def746efb62151d5e813b57d.v_min 
FROM tbl_58414fc9def746efb62151d5e813b57d 
WHERE tbl_58414fc9def746efb62151d5e813b57d.v_min <= %(v_min_1)s::BIGINT AND tbl_58414fc9def746efb62151d5e813b57d.v_max > %(v_max_1)s::BIGINT
2025-12-24 08:56:53,060 INFO sqlalchemy.engine.Engine base.py:1846: [cached since 5.854e+04s ago] {'v_min_1': 16, 'v_max_1': 16}
2025-12-24 08:56:53,062 INFO sqlalchemy.engine.Engine base.py:2716: COMMIT
2025-12-24 08:58:55,365 INFO sqlalchemy.engine.Engine base.py:2710: BEGIN (implicit)
2025-12-24 08:58:55,366 INFO sqlalchemy.engine.Engine base.py:1846: SELECT tables.md 
FROM tables 
WHERE tables.id = %(id_1)s::UUID AND coalesce((tables.md ->> %(md_1)s::TEXT), %(coalesce_1)s::VARCHAR) != %(coalesce_2)s::VARCHAR
2025-12-24 08:58:55,366 INFO sqlalchemy.engine.Engine base.py:1846: [cached since 5.867e+04s ago] {'id_1': UUID('58414fc9-def7-46ef-b621-51d5e813b57d'), 'md_1': 'pending_stmt', 'coalesce_1': '-1', 'coalesce_2': '2'}
2025-12-24 08:58:55,368 INFO sqlalchemy.engine.Engine base.py:1846: SELECT tables.md 
FROM tables 
WHERE tables.id = %(id_1)s::UUID AND coalesce((tables.md ->> %(md_1)s::TEXT), %(coalesce_1)s::VARCHAR) != %(coalesce_2)s::VARCHAR
2025-12-24 08:58:55,368 INFO sqlalchemy.engine.Engine base.py:1846: [cached since 5.867e+04s ago] {'id_1': UUID('58414fc9-def7-46ef-b621-51d5e813b57d'), 'md_1': 'pending_stmt', 'coalesce_1': '-1', 'coalesce_2': '2'}
2025-12-24 08:58:55,371 INFO sqlalchemy.engine.Engine base.py:1846: EXPLAIN SELECT tbl_58414fc9def746efb62151d5e813b57d.col_0, tbl_58414fc9def746efb62151d5e813b57d.col_1, tbl_58414fc9def746efb62151d5e813b57d.col_2, tbl_58414fc9def746efb62151d5e813b57d.col_3, tbl_58414fc9def746efb62151d5e813b57d.col_4, tbl_58414fc9def746efb62151d5e813b57d.col_5, tbl_58414fc9def746efb62151d5e813b57d.col_6, tbl_58414fc9def746efb62151d5e813b57d.col_7, tbl_58414fc9def746efb62151d5e813b57d.col_8, tbl_58414fc9def746efb62151d5e813b57d.col_9, tbl_58414fc9def746efb62151d5e813b57d.col_2_cellmd, tbl_58414fc9def746efb62151d5e813b57d.rowid, tbl_58414fc9def746efb62151d5e813b57d.v_min 
FROM tbl_58414fc9def746efb62151d5e813b57d 
WHERE tbl_58414fc9def746efb62151d5e813b57d.v_min <= 16 AND tbl_58414fc9def746efb62151d5e813b57d.v_max > 16
2025-12-24 08:58:55,371 INFO sqlalchemy.engine.Engine base.py:1846: [cached since 5.866e+04s ago] {}
2025-12-24 08:58:55,372 INFO sqlalchemy.engine.Engine base.py:1846: SELECT tbl_58414fc9def746efb62151d5e813b57d.col_0, tbl_58414fc9def746efb62151d5e813b57d.col_1, tbl_58414fc9def746efb62151d5e813b57d.col_2, tbl_58414fc9def746efb62151d5e813b57d.col_3, tbl_58414fc9def746efb62151d5e813b57d.col_4, tbl_58414fc9def746efb62151d5e813b57d.col_5, tbl_58414fc9def746efb62151d5e813b57d.col_6, tbl_58414fc9def746efb62151d5e813b57d.col_7, tbl_58414fc9def746efb62151d5e813b57d.col_8, tbl_58414fc9def746efb62151d5e813b57d.col_9, tbl_58414fc9def746efb62151d5e813b57d.col_2_cellmd, tbl_58414fc9def746efb62151d5e813b57d.rowid, tbl_58414fc9def746efb62151d5e813b57d.v_min 
FROM tbl_58414fc9def746efb62151d5e813b57d 
WHERE tbl_58414fc9def746efb62151d5e813b57d.v_min <= %(v_min_1)s::BIGINT AND tbl_58414fc9def746efb62151d5e813b57d.v_max > %(v_max_1)s::BIGINT
2025-12-24 08:58:55,372 INFO sqlalchemy.engine.Engine base.py:1846: [cached since 5.866e+04s ago] {'v_min_1': 16, 'v_max_1': 16}
2025-12-24 08:58:55,374 INFO sqlalchemy.engine.Engine base.py:2716: COMMIT
2025-12-24 09:14:31,110 INFO sqlalchemy.engine.Engine base.py:2710: BEGIN (implicit)
2025-12-24 09:14:31,112 INFO sqlalchemy.engine.Engine base.py:1846: SELECT tables.md 
FROM tables 
WHERE tables.id = %(id_1)s::UUID AND coalesce((tables.md ->> %(md_1)s::TEXT), %(coalesce_1)s::VARCHAR) != %(coalesce_2)s::VARCHAR
2025-12-24 09:14:31,112 INFO sqlalchemy.engine.Engine base.py:1846: [cached since 5.961e+04s ago] {'id_1': UUID('58414fc9-def7-46ef-b621-51d5e813b57d'), 'md_1': 'pending_stmt', 'coalesce_1': '-1', 'coalesce_2': '2'}
2025-12-24 09:14:31,114 INFO sqlalchemy.engine.Engine base.py:1846: SELECT tables.md 
FROM tables 
WHERE tables.id = %(id_1)s::UUID AND coalesce((tables.md ->> %(md_1)s::TEXT), %(coalesce_1)s::VARCHAR) != %(coalesce_2)s::VARCHAR
2025-12-24 09:14:31,114 INFO sqlalchemy.engine.Engine base.py:1846: [cached since 5.961e+04s ago] {'id_1': UUID('58414fc9-def7-46ef-b621-51d5e813b57d'), 'md_1': 'pending_stmt', 'coalesce_1': '-1', 'coalesce_2': '2'}
2025-12-24 09:14:31,119 INFO sqlalchemy.engine.Engine base.py:1846: EXPLAIN SELECT tbl_58414fc9def746efb62151d5e813b57d.col_0, tbl_58414fc9def746efb62151d5e813b57d.col_1, tbl_58414fc9def746efb62151d5e813b57d.col_2, tbl_58414fc9def746efb62151d5e813b57d.col_3, tbl_58414fc9def746efb62151d5e813b57d.col_4, tbl_58414fc9def746efb62151d5e813b57d.col_5, tbl_58414fc9def746efb62151d5e813b57d.col_6, tbl_58414fc9def746efb62151d5e813b57d.col_7, tbl_58414fc9def746efb62151d5e813b57d.col_8, tbl_58414fc9def746efb62151d5e813b57d.col_9, tbl_58414fc9def746efb62151d5e813b57d.col_2_cellmd, tbl_58414fc9def746efb62151d5e813b57d.rowid, tbl_58414fc9def746efb62151d5e813b57d.v_min 
FROM tbl_58414fc9def746efb62151d5e813b57d 
WHERE tbl_58414fc9def746efb62151d5e813b57d.v_min <= 16 AND tbl_58414fc9def746efb62151d5e813b57d.v_max > 16
2025-12-24 09:14:31,119 INFO sqlalchemy.engine.Engine base.py:1846: [cached since 5.96e+04s ago] {}
2025-12-24 09:14:31,120 INFO sqlalchemy.engine.Engine base.py:1846: SELECT tbl_58414fc9def746efb62151d5e813b57d.col_0, tbl_58414fc9def746efb62151d5e813b57d.col_1, tbl_58414fc9def746efb62151d5e813b57d.col_2, tbl_58414fc9def746efb62151d5e813b57d.col_3, tbl_58414fc9def746efb62151d5e813b57d.col_4, tbl_58414fc9def746efb62151d5e813b57d.col_5, tbl_58414fc9def746efb62151d5e813b57d.col_6, tbl_58414fc9def746efb62151d5e813b57d.col_7, tbl_58414fc9def746efb62151d5e813b57d.col_8, tbl_58414fc9def746efb62151d5e813b57d.col_9, tbl_58414fc9def746efb62151d5e813b57d.col_2_cellmd, tbl_58414fc9def746efb62151d5e813b57d.rowid, tbl_58414fc9def746efb62151d5e813b57d.v_min 
FROM tbl_58414fc9def746efb62151d5e813b57d 
WHERE tbl_58414fc9def746efb62151d5e813b57d.v_min <= %(v_min_1)s::BIGINT AND tbl_58414fc9def746efb62151d5e813b57d.v_max > %(v_max_1)s::BIGINT
2025-12-24 09:14:31,120 INFO sqlalchemy.engine.Engine base.py:1846: [cached since 5.96e+04s ago] {'v_min_1': 16, 'v_max_1': 16}
2025-12-24 09:14:31,121 INFO sqlalchemy.engine.Engine base.py:2716: COMMIT
2025-12-24 09:14:32,489 INFO sqlalchemy.engine.Engine base.py:2710: BEGIN (implicit)
2025-12-24 09:14:32,490 INFO sqlalchemy.engine.Engine base.py:1846: SELECT tables.md 
FROM tables 
WHERE tables.id = %(id_1)s::UUID AND coalesce((tables.md ->> %(md_1)s::TEXT), %(coalesce_1)s::VARCHAR) != %(coalesce_2)s::VARCHAR
2025-12-24 09:14:32,490 INFO sqlalchemy.engine.Engine base.py:1846: [cached since 5.961e+04s ago] {'id_1': UUID('58414fc9-def7-46ef-b621-51d5e813b57d'), 'md_1': 'pending_stmt', 'coalesce_1': '-1', 'coalesce_2': '2'}
2025-12-24 09:14:32,492 INFO sqlalchemy.engine.Engine base.py:1846: SELECT tables.md 
FROM tables 
WHERE tables.id = %(id_1)s::UUID AND coalesce((tables.md ->> %(md_1)s::TEXT), %(coalesce_1)s::VARCHAR) != %(coalesce_2)s::VARCHAR
2025-12-24 09:14:32,492 INFO sqlalchemy.engine.Engine base.py:1846: [cached since 5.961e+04s ago] {'id_1': UUID('58414fc9-def7-46ef-b621-51d5e813b57d'), 'md_1': 'pending_stmt', 'coalesce_1': '-1', 'coalesce_2': '2'}
2025-12-24 09:14:32,495 INFO sqlalchemy.engine.Engine base.py:1846: EXPLAIN SELECT tbl_58414fc9def746efb62151d5e813b57d.col_0, tbl_58414fc9def746efb62151d5e813b57d.col_1, tbl_58414fc9def746efb62151d5e813b57d.col_2, tbl_58414fc9def746efb62151d5e813b57d.col_3, tbl_58414fc9def746efb62151d5e813b57d.col_4, tbl_58414fc9def746efb62151d5e813b57d.col_5, tbl_58414fc9def746efb62151d5e813b57d.col_6, tbl_58414fc9def746efb62151d5e813b57d.col_7, tbl_58414fc9def746efb62151d5e813b57d.col_8, tbl_58414fc9def746efb62151d5e813b57d.col_9, tbl_58414fc9def746efb62151d5e813b57d.col_2_cellmd, tbl_58414fc9def746efb62151d5e813b57d.rowid, tbl_58414fc9def746efb62151d5e813b57d.v_min 
FROM tbl_58414fc9def746efb62151d5e813b57d 
WHERE tbl_58414fc9def746efb62151d5e813b57d.v_min <= 16 AND tbl_58414fc9def746efb62151d5e813b57d.v_max > 16
2025-12-24 09:14:32,495 INFO sqlalchemy.engine.Engine base.py:1846: [cached since 5.96e+04s ago] {}
2025-12-24 09:14:32,496 INFO sqlalchemy.engine.Engine base.py:1846: SELECT tbl_58414fc9def746efb62151d5e813b57d.col_0, tbl_58414fc9def746efb62151d5e813b57d.col_1, tbl_58414fc9def746efb62151d5e813b57d.col_2, tbl_58414fc9def746efb62151d5e813b57d.col_3, tbl_58414fc9def746efb62151d5e813b57d.col_4, tbl_58414fc9def746efb62151d5e813b57d.col_5, tbl_58414fc9def746efb62151d5e813b57d.col_6, tbl_58414fc9def746efb62151d5e813b57d.col_7, tbl_58414fc9def746efb62151d5e813b57d.col_8, tbl_58414fc9def746efb62151d5e813b57d.col_9, tbl_58414fc9def746efb62151d5e813b57d.col_2_cellmd, tbl_58414fc9def746efb62151d5e813b57d.rowid, tbl_58414fc9def746efb62151d5e813b57d.v_min 
FROM tbl_58414fc9def746efb62151d5e813b57d 
WHERE tbl_58414fc9def746efb62151d5e813b57d.v_min <= %(v_min_1)s::BIGINT AND tbl_58414fc9def746efb62151d5e813b57d.v_max > %(v_max_1)s::BIGINT
2025-12-24 09:14:32,496 INFO sqlalchemy.engine.Engine base.py:1846: [cached since 5.96e+04s ago] {'v_min_1': 16, 'v_max_1': 16}
2025-12-24 09:14:32,497 INFO sqlalchemy.engine.Engine base.py:2716: COMMIT
2025-12-24 09:16:46,885 INFO sqlalchemy.engine.Engine base.py:2710: BEGIN (implicit)
2025-12-24 09:16:46,886 INFO sqlalchemy.engine.Engine base.py:1846: SELECT tables.md 
FROM tables 
WHERE tables.id = %(id_1)s::UUID AND coalesce((tables.md ->> %(md_1)s::TEXT), %(coalesce_1)s::VARCHAR) != %(coalesce_2)s::VARCHAR
2025-12-24 09:16:46,886 INFO sqlalchemy.engine.Engine base.py:1846: [cached since 5.974e+04s ago] {'id_1': UUID('58414fc9-def7-46ef-b621-51d5e813b57d'), 'md_1': 'pending_stmt', 'coalesce_1': '-1', 'coalesce_2': '2'}
2025-12-24 09:16:46,888 INFO sqlalchemy.engine.Engine base.py:1846: SELECT tables.md 
FROM tables 
WHERE tables.id = %(id_1)s::UUID AND coalesce((tables.md ->> %(md_1)s::TEXT), %(coalesce_1)s::VARCHAR) != %(coalesce_2)s::VARCHAR
2025-12-24 09:16:46,888 INFO sqlalchemy.engine.Engine base.py:1846: [cached since 5.974e+04s ago] {'id_1': UUID('58414fc9-def7-46ef-b621-51d5e813b57d'), 'md_1': 'pending_stmt', 'coalesce_1': '-1', 'coalesce_2': '2'}
2025-12-24 09:16:46,891 INFO sqlalchemy.engine.Engine base.py:1846: EXPLAIN SELECT tbl_58414fc9def746efb62151d5e813b57d.col_0, tbl_58414fc9def746efb62151d5e813b57d.col_1, tbl_58414fc9def746efb62151d5e813b57d.col_2, tbl_58414fc9def746efb62151d5e813b57d.col_3, tbl_58414fc9def746efb62151d5e813b57d.col_4, tbl_58414fc9def746efb62151d5e813b57d.col_5, tbl_58414fc9def746efb62151d5e813b57d.col_6, tbl_58414fc9def746efb62151d5e813b57d.col_7, tbl_58414fc9def746efb62151d5e813b57d.col_8, tbl_58414fc9def746efb62151d5e813b57d.col_9, tbl_58414fc9def746efb62151d5e813b57d.col_2_cellmd, tbl_58414fc9def746efb62151d5e813b57d.rowid, tbl_58414fc9def746efb62151d5e813b57d.v_min 
FROM tbl_58414fc9def746efb62151d5e813b57d 
WHERE tbl_58414fc9def746efb62151d5e813b57d.v_min <= 16 AND tbl_58414fc9def746efb62151d5e813b57d.v_max > 16
2025-12-24 09:16:46,891 INFO sqlalchemy.engine.Engine base.py:1846: [cached since 5.973e+04s ago] {}
2025-12-24 09:16:46,892 INFO sqlalchemy.engine.Engine base.py:1846: SELECT tbl_58414fc9def746efb62151d5e813b57d.col_0, tbl_58414fc9def746efb62151d5e813b57d.col_1, tbl_58414fc9def746efb62151d5e813b57d.col_2, tbl_58414fc9def746efb62151d5e813b57d.col_3, tbl_58414fc9def746efb62151d5e813b57d.col_4, tbl_58414fc9def746efb62151d5e813b57d.col_5, tbl_58414fc9def746efb62151d5e813b57d.col_6, tbl_58414fc9def746efb62151d5e813b57d.col_7, tbl_58414fc9def746efb62151d5e813b57d.col_8, tbl_58414fc9def746efb62151d5e813b57d.col_9, tbl_58414fc9def746efb62151d5e813b57d.col_2_cellmd, tbl_58414fc9def746efb62151d5e813b57d.rowid, tbl_58414fc9def746efb62151d5e813b57d.v_min 
FROM tbl_58414fc9def746efb62151d5e813b57d 
WHERE tbl_58414fc9def746efb62151d5e813b57d.v_min <= %(v_min_1)s::BIGINT AND tbl_58414fc9def746efb62151d5e813b57d.v_max > %(v_max_1)s::BIGINT
2025-12-24 09:16:46,892 INFO sqlalchemy.engine.Engine base.py:1846: [cached since 5.973e+04s ago] {'v_min_1': 16, 'v_max_1': 16}
2025-12-24 09:16:46,894 INFO sqlalchemy.engine.Engine base.py:2716: COMMIT
2025-12-24 09:19:38,925 INFO sqlalchemy.engine.Engine base.py:2710: BEGIN (implicit)
2025-12-24 09:19:38,926 INFO sqlalchemy.engine.Engine base.py:1846: SELECT tables.md 
FROM tables 
WHERE tables.id = %(id_1)s::UUID AND coalesce((tables.md ->> %(md_1)s::TEXT), %(coalesce_1)s::VARCHAR) != %(coalesce_2)s::VARCHAR
2025-12-24 09:19:38,926 INFO sqlalchemy.engine.Engine base.py:1846: [cached since 5.991e+04s ago] {'id_1': UUID('58414fc9-def7-46ef-b621-51d5e813b57d'), 'md_1': 'pending_stmt', 'coalesce_1': '-1', 'coalesce_2': '2'}
2025-12-24 09:19:38,928 INFO sqlalchemy.engine.Engine base.py:1846: SELECT tables.md 
FROM tables 
WHERE tables.id = %(id_1)s::UUID AND coalesce((tables.md ->> %(md_1)s::TEXT), %(coalesce_1)s::VARCHAR) != %(coalesce_2)s::VARCHAR
2025-12-24 09:19:38,928 INFO sqlalchemy.engine.Engine base.py:1846: [cached since 5.991e+04s ago] {'id_1': UUID('58414fc9-def7-46ef-b621-51d5e813b57d'), 'md_1': 'pending_stmt', 'coalesce_1': '-1', 'coalesce_2': '2'}
2025-12-24 09:19:38,932 INFO sqlalchemy.engine.Engine base.py:1846: EXPLAIN SELECT tbl_58414fc9def746efb62151d5e813b57d.col_0, tbl_58414fc9def746efb62151d5e813b57d.col_1, tbl_58414fc9def746efb62151d5e813b57d.col_2, tbl_58414fc9def746efb62151d5e813b57d.col_3, tbl_58414fc9def746efb62151d5e813b57d.col_4, tbl_58414fc9def746efb62151d5e813b57d.col_5, tbl_58414fc9def746efb62151d5e813b57d.col_6, tbl_58414fc9def746efb62151d5e813b57d.col_7, tbl_58414fc9def746efb62151d5e813b57d.col_8, tbl_58414fc9def746efb62151d5e813b57d.col_9, tbl_58414fc9def746efb62151d5e813b57d.col_2_cellmd, tbl_58414fc9def746efb62151d5e813b57d.rowid, tbl_58414fc9def746efb62151d5e813b57d.v_min 
FROM tbl_58414fc9def746efb62151d5e813b57d 
WHERE tbl_58414fc9def746efb62151d5e813b57d.v_min <= 16 AND tbl_58414fc9def746efb62151d5e813b57d.v_max > 16
2025-12-24 09:19:38,932 INFO sqlalchemy.engine.Engine base.py:1846: [cached since 5.991e+04s ago] {}
2025-12-24 09:19:38,933 INFO sqlalchemy.engine.Engine base.py:1846: SELECT tbl_58414fc9def746efb62151d5e813b57d.col_0, tbl_58414fc9def746efb62151d5e813b57d.col_1, tbl_58414fc9def746efb62151d5e813b57d.col_2, tbl_58414fc9def746efb62151d5e813b57d.col_3, tbl_58414fc9def746efb62151d5e813b57d.col_4, tbl_58414fc9def746efb62151d5e813b57d.col_5, tbl_58414fc9def746efb62151d5e813b57d.col_6, tbl_58414fc9def746efb62151d5e813b57d.col_7, tbl_58414fc9def746efb62151d5e813b57d.col_8, tbl_58414fc9def746efb62151d5e813b57d.col_9, tbl_58414fc9def746efb62151d5e813b57d.col_2_cellmd, tbl_58414fc9def746efb62151d5e813b57d.rowid, tbl_58414fc9def746efb62151d5e813b57d.v_min 
FROM tbl_58414fc9def746efb62151d5e813b57d 
WHERE tbl_58414fc9def746efb62151d5e813b57d.v_min <= %(v_min_1)s::BIGINT AND tbl_58414fc9def746efb62151d5e813b57d.v_max > %(v_max_1)s::BIGINT
2025-12-24 09:19:38,933 INFO sqlalchemy.engine.Engine base.py:1846: [cached since 5.991e+04s ago] {'v_min_1': 16, 'v_max_1': 16}
2025-12-24 09:19:38,934 INFO sqlalchemy.engine.Engine base.py:2716: COMMIT
2025-12-24 09:19:56,541 INFO sqlalchemy.engine.Engine base.py:2710: BEGIN (implicit)
2025-12-24 09:19:56,541 INFO sqlalchemy.engine.Engine base.py:1846: SELECT tables.md 
FROM tables 
WHERE tables.id = %(id_1)s::UUID AND coalesce((tables.md ->> %(md_1)s::TEXT), %(coalesce_1)s::VARCHAR) != %(coalesce_2)s::VARCHAR
2025-12-24 09:19:56,541 INFO sqlalchemy.engine.Engine base.py:1846: [cached since 5.993e+04s ago] {'id_1': UUID('58414fc9-def7-46ef-b621-51d5e813b57d'), 'md_1': 'pending_stmt', 'coalesce_1': '-1', 'coalesce_2': '2'}
2025-12-24 09:19:56,543 INFO sqlalchemy.engine.Engine base.py:1846: SELECT tables.md 
FROM tables 
WHERE tables.id = %(id_1)s::UUID AND coalesce((tables.md ->> %(md_1)s::TEXT), %(coalesce_1)s::VARCHAR) != %(coalesce_2)s::VARCHAR
2025-12-24 09:19:56,543 INFO sqlalchemy.engine.Engine base.py:1846: [cached since 5.993e+04s ago] {'id_1': UUID('58414fc9-def7-46ef-b621-51d5e813b57d'), 'md_1': 'pending_stmt', 'coalesce_1': '-1', 'coalesce_2': '2'}
2025-12-24 09:19:56,546 INFO sqlalchemy.engine.Engine base.py:1846: EXPLAIN SELECT tbl_58414fc9def746efb62151d5e813b57d.col_0, tbl_58414fc9def746efb62151d5e813b57d.col_1, tbl_58414fc9def746efb62151d5e813b57d.col_2, tbl_58414fc9def746efb62151d5e813b57d.col_3, tbl_58414fc9def746efb62151d5e813b57d.col_4, tbl_58414fc9def746efb62151d5e813b57d.col_5, tbl_58414fc9def746efb62151d5e813b57d.col_6, tbl_58414fc9def746efb62151d5e813b57d.col_7, tbl_58414fc9def746efb62151d5e813b57d.col_8, tbl_58414fc9def746efb62151d5e813b57d.col_9, tbl_58414fc9def746efb62151d5e813b57d.col_2_cellmd, tbl_58414fc9def746efb62151d5e813b57d.rowid, tbl_58414fc9def746efb62151d5e813b57d.v_min 
FROM tbl_58414fc9def746efb62151d5e813b57d 
WHERE tbl_58414fc9def746efb62151d5e813b57d.v_min <= 16 AND tbl_58414fc9def746efb62151d5e813b57d.v_max > 16
2025-12-24 09:19:56,546 INFO sqlalchemy.engine.Engine base.py:1846: [cached since 5.992e+04s ago] {}
2025-12-24 09:19:56,547 INFO sqlalchemy.engine.Engine base.py:1846: SELECT tbl_58414fc9def746efb62151d5e813b57d.col_0, tbl_58414fc9def746efb62151d5e813b57d.col_1, tbl_58414fc9def746efb62151d5e813b57d.col_2, tbl_58414fc9def746efb62151d5e813b57d.col_3, tbl_58414fc9def746efb62151d5e813b57d.col_4, tbl_58414fc9def746efb62151d5e813b57d.col_5, tbl_58414fc9def746efb62151d5e813b57d.col_6, tbl_58414fc9def746efb62151d5e813b57d.col_7, tbl_58414fc9def746efb62151d5e813b57d.col_8, tbl_58414fc9def746efb62151d5e813b57d.col_9, tbl_58414fc9def746efb62151d5e813b57d.col_2_cellmd, tbl_58414fc9def746efb62151d5e813b57d.rowid, tbl_58414fc9def746efb62151d5e813b57d.v_min 
FROM tbl_58414fc9def746efb62151d5e813b57d 
WHERE tbl_58414fc9def746efb62151d5e813b57d.v_min <= %(v_min_1)s::BIGINT AND tbl_58414fc9def746efb62151d5e813b57d.v_max > %(v_max_1)s::BIGINT
2025-12-24 09:19:56,547 INFO sqlalchemy.engine.Engine base.py:1846: [cached since 5.992e+04s ago] {'v_min_1': 16, 'v_max_1': 16}
2025-12-24 09:19:56,548 INFO sqlalchemy.engine.Engine base.py:2716: COMMIT
2025-12-24 09:40:35,897 INFO sqlalchemy.engine.Engine base.py:2710: BEGIN (implicit)
2025-12-24 09:40:35,898 INFO sqlalchemy.engine.Engine base.py:1846: SELECT tables.md 
FROM tables 
WHERE tables.id = %(id_1)s::UUID AND coalesce((tables.md ->> %(md_1)s::TEXT), %(coalesce_1)s::VARCHAR) != %(coalesce_2)s::VARCHAR
2025-12-24 09:40:35,898 INFO sqlalchemy.engine.Engine base.py:1846: [cached since 6.117e+04s ago] {'id_1': UUID('58414fc9-def7-46ef-b621-51d5e813b57d'), 'md_1': 'pending_stmt', 'coalesce_1': '-1', 'coalesce_2': '2'}
2025-12-24 09:40:35,902 INFO sqlalchemy.engine.Engine base.py:1846: SELECT tables.md 
FROM tables 
WHERE tables.id = %(id_1)s::UUID AND coalesce((tables.md ->> %(md_1)s::TEXT), %(coalesce_1)s::VARCHAR) != %(coalesce_2)s::VARCHAR
2025-12-24 09:40:35,902 INFO sqlalchemy.engine.Engine base.py:1846: [cached since 6.117e+04s ago] {'id_1': UUID('58414fc9-def7-46ef-b621-51d5e813b57d'), 'md_1': 'pending_stmt', 'coalesce_1': '-1', 'coalesce_2': '2'}
2025-12-24 09:40:35,906 INFO sqlalchemy.engine.Engine base.py:1846: EXPLAIN SELECT tbl_58414fc9def746efb62151d5e813b57d.col_0, tbl_58414fc9def746efb62151d5e813b57d.col_1, tbl_58414fc9def746efb62151d5e813b57d.col_2, tbl_58414fc9def746efb62151d5e813b57d.col_3, tbl_58414fc9def746efb62151d5e813b57d.col_4, tbl_58414fc9def746efb62151d5e813b57d.col_5, tbl_58414fc9def746efb62151d5e813b57d.col_6, tbl_58414fc9def746efb62151d5e813b57d.col_7, tbl_58414fc9def746efb62151d5e813b57d.col_8, tbl_58414fc9def746efb62151d5e813b57d.col_9, tbl_58414fc9def746efb62151d5e813b57d.col_2_cellmd, tbl_58414fc9def746efb62151d5e813b57d.rowid, tbl_58414fc9def746efb62151d5e813b57d.v_min 
FROM tbl_58414fc9def746efb62151d5e813b57d 
WHERE tbl_58414fc9def746efb62151d5e813b57d.v_min <= 16 AND tbl_58414fc9def746efb62151d5e813b57d.v_max > 16
2025-12-24 09:40:35,906 INFO sqlalchemy.engine.Engine base.py:1846: [cached since 6.116e+04s ago] {}
2025-12-24 09:40:35,907 INFO sqlalchemy.engine.Engine base.py:1846: SELECT tbl_58414fc9def746efb62151d5e813b57d.col_0, tbl_58414fc9def746efb62151d5e813b57d.col_1, tbl_58414fc9def746efb62151d5e813b57d.col_2, tbl_58414fc9def746efb62151d5e813b57d.col_3, tbl_58414fc9def746efb62151d5e813b57d.col_4, tbl_58414fc9def746efb62151d5e813b57d.col_5, tbl_58414fc9def746efb62151d5e813b57d.col_6, tbl_58414fc9def746efb62151d5e813b57d.col_7, tbl_58414fc9def746efb62151d5e813b57d.col_8, tbl_58414fc9def746efb62151d5e813b57d.col_9, tbl_58414fc9def746efb62151d5e813b57d.col_2_cellmd, tbl_58414fc9def746efb62151d5e813b57d.rowid, tbl_58414fc9def746efb62151d5e813b57d.v_min 
FROM tbl_58414fc9def746efb62151d5e813b57d 
WHERE tbl_58414fc9def746efb62151d5e813b57d.v_min <= %(v_min_1)s::BIGINT AND tbl_58414fc9def746efb62151d5e813b57d.v_max > %(v_max_1)s::BIGINT
2025-12-24 09:40:35,907 INFO sqlalchemy.engine.Engine base.py:1846: [cached since 6.116e+04s ago] {'v_min_1': 16, 'v_max_1': 16}
2025-12-24 09:40:35,908 INFO sqlalchemy.engine.Engine base.py:2716: COMMIT
2025-12-24 09:40:37,661 INFO sqlalchemy.engine.Engine base.py:2710: BEGIN (implicit)
2025-12-24 09:40:37,662 INFO sqlalchemy.engine.Engine base.py:1846: SELECT tables.md 
FROM tables 
WHERE tables.id = %(id_1)s::UUID AND coalesce((tables.md ->> %(md_1)s::TEXT), %(coalesce_1)s::VARCHAR) != %(coalesce_2)s::VARCHAR
2025-12-24 09:40:37,662 INFO sqlalchemy.engine.Engine base.py:1846: [cached since 6.117e+04s ago] {'id_1': UUID('58414fc9-def7-46ef-b621-51d5e813b57d'), 'md_1': 'pending_stmt', 'coalesce_1': '-1', 'coalesce_2': '2'}
2025-12-24 09:40:37,664 INFO sqlalchemy.engine.Engine base.py:1846: SELECT tables.md 
FROM tables 
WHERE tables.id = %(id_1)s::UUID AND coalesce((tables.md ->> %(md_1)s::TEXT), %(coalesce_1)s::VARCHAR) != %(coalesce_2)s::VARCHAR
2025-12-24 09:40:37,664 INFO sqlalchemy.engine.Engine base.py:1846: [cached since 6.117e+04s ago] {'id_1': UUID('58414fc9-def7-46ef-b621-51d5e813b57d'), 'md_1': 'pending_stmt', 'coalesce_1': '-1', 'coalesce_2': '2'}
2025-12-24 09:40:37,667 INFO sqlalchemy.engine.Engine base.py:1846: EXPLAIN SELECT tbl_58414fc9def746efb62151d5e813b57d.col_0, tbl_58414fc9def746efb62151d5e813b57d.col_1, tbl_58414fc9def746efb62151d5e813b57d.col_2, tbl_58414fc9def746efb62151d5e813b57d.col_3, tbl_58414fc9def746efb62151d5e813b57d.col_4, tbl_58414fc9def746efb62151d5e813b57d.col_5, tbl_58414fc9def746efb62151d5e813b57d.col_6, tbl_58414fc9def746efb62151d5e813b57d.col_7, tbl_58414fc9def746efb62151d5e813b57d.col_8, tbl_58414fc9def746efb62151d5e813b57d.col_9, tbl_58414fc9def746efb62151d5e813b57d.col_2_cellmd, tbl_58414fc9def746efb62151d5e813b57d.rowid, tbl_58414fc9def746efb62151d5e813b57d.v_min 
FROM tbl_58414fc9def746efb62151d5e813b57d 
WHERE tbl_58414fc9def746efb62151d5e813b57d.v_min <= 16 AND tbl_58414fc9def746efb62151d5e813b57d.v_max > 16
2025-12-24 09:40:37,667 INFO sqlalchemy.engine.Engine base.py:1846: [cached since 6.116e+04s ago] {}
2025-12-24 09:40:37,668 INFO sqlalchemy.engine.Engine base.py:1846: SELECT tbl_58414fc9def746efb62151d5e813b57d.col_0, tbl_58414fc9def746efb62151d5e813b57d.col_1, tbl_58414fc9def746efb62151d5e813b57d.col_2, tbl_58414fc9def746efb62151d5e813b57d.col_3, tbl_58414fc9def746efb62151d5e813b57d.col_4, tbl_58414fc9def746efb62151d5e813b57d.col_5, tbl_58414fc9def746efb62151d5e813b57d.col_6, tbl_58414fc9def746efb62151d5e813b57d.col_7, tbl_58414fc9def746efb62151d5e813b57d.col_8, tbl_58414fc9def746efb62151d5e813b57d.col_9, tbl_58414fc9def746efb62151d5e813b57d.col_2_cellmd, tbl_58414fc9def746efb62151d5e813b57d.rowid, tbl_58414fc9def746efb62151d5e813b57d.v_min 
FROM tbl_58414fc9def746efb62151d5e813b57d 
WHERE tbl_58414fc9def746efb62151d5e813b57d.v_min <= %(v_min_1)s::BIGINT AND tbl_58414fc9def746efb62151d5e813b57d.v_max > %(v_max_1)s::BIGINT
2025-12-24 09:40:37,668 INFO sqlalchemy.engine.Engine base.py:1846: [cached since 6.116e+04s ago] {'v_min_1': 16, 'v_max_1': 16}
2025-12-24 09:40:37,669 INFO sqlalchemy.engine.Engine base.py:2716: COMMIT
2025-12-24 09:41:11,618 INFO sqlalchemy.engine.Engine base.py:2710: BEGIN (implicit)
2025-12-24 09:41:11,619 INFO sqlalchemy.engine.Engine base.py:1846: SELECT tables.md 
FROM tables 
WHERE tables.id = %(id_1)s::UUID AND coalesce((tables.md ->> %(md_1)s::TEXT), %(coalesce_1)s::VARCHAR) != %(coalesce_2)s::VARCHAR
2025-12-24 09:41:11,619 INFO sqlalchemy.engine.Engine base.py:1846: [cached since 6.121e+04s ago] {'id_1': UUID('58414fc9-def7-46ef-b621-51d5e813b57d'), 'md_1': 'pending_stmt', 'coalesce_1': '-1', 'coalesce_2': '2'}
2025-12-24 09:41:11,620 INFO sqlalchemy.engine.Engine base.py:1846: SELECT tables.md 
FROM tables 
WHERE tables.id = %(id_1)s::UUID AND coalesce((tables.md ->> %(md_1)s::TEXT), %(coalesce_1)s::VARCHAR) != %(coalesce_2)s::VARCHAR
2025-12-24 09:41:11,620 INFO sqlalchemy.engine.Engine base.py:1846: [cached since 6.121e+04s ago] {'id_1': UUID('58414fc9-def7-46ef-b621-51d5e813b57d'), 'md_1': 'pending_stmt', 'coalesce_1': '-1', 'coalesce_2': '2'}
2025-12-24 09:41:11,624 INFO sqlalchemy.engine.Engine base.py:1846: EXPLAIN SELECT tbl_58414fc9def746efb62151d5e813b57d.col_0, tbl_58414fc9def746efb62151d5e813b57d.col_1, tbl_58414fc9def746efb62151d5e813b57d.col_2, tbl_58414fc9def746efb62151d5e813b57d.col_3, tbl_58414fc9def746efb62151d5e813b57d.col_4, tbl_58414fc9def746efb62151d5e813b57d.col_5, tbl_58414fc9def746efb62151d5e813b57d.col_6, tbl_58414fc9def746efb62151d5e813b57d.col_7, tbl_58414fc9def746efb62151d5e813b57d.col_8, tbl_58414fc9def746efb62151d5e813b57d.col_9, tbl_58414fc9def746efb62151d5e813b57d.col_2_cellmd, tbl_58414fc9def746efb62151d5e813b57d.rowid, tbl_58414fc9def746efb62151d5e813b57d.v_min 
FROM tbl_58414fc9def746efb62151d5e813b57d 
WHERE tbl_58414fc9def746efb62151d5e813b57d.v_min <= 16 AND tbl_58414fc9def746efb62151d5e813b57d.v_max > 16
2025-12-24 09:41:11,624 INFO sqlalchemy.engine.Engine base.py:1846: [cached since 6.12e+04s ago] {}
2025-12-24 09:41:11,624 INFO sqlalchemy.engine.Engine base.py:1846: SELECT tbl_58414fc9def746efb62151d5e813b57d.col_0, tbl_58414fc9def746efb62151d5e813b57d.col_1, tbl_58414fc9def746efb62151d5e813b57d.col_2, tbl_58414fc9def746efb62151d5e813b57d.col_3, tbl_58414fc9def746efb62151d5e813b57d.col_4, tbl_58414fc9def746efb62151d5e813b57d.col_5, tbl_58414fc9def746efb62151d5e813b57d.col_6, tbl_58414fc9def746efb62151d5e813b57d.col_7, tbl_58414fc9def746efb62151d5e813b57d.col_8, tbl_58414fc9def746efb62151d5e813b57d.col_9, tbl_58414fc9def746efb62151d5e813b57d.col_2_cellmd, tbl_58414fc9def746efb62151d5e813b57d.rowid, tbl_58414fc9def746efb62151d5e813b57d.v_min 
FROM tbl_58414fc9def746efb62151d5e813b57d 
WHERE tbl_58414fc9def746efb62151d5e813b57d.v_min <= %(v_min_1)s::BIGINT AND tbl_58414fc9def746efb62151d5e813b57d.v_max > %(v_max_1)s::BIGINT
2025-12-24 09:41:11,624 INFO sqlalchemy.engine.Engine base.py:1846: [cached since 6.12e+04s ago] {'v_min_1': 16, 'v_max_1': 16}
2025-12-24 09:41:11,626 INFO sqlalchemy.engine.Engine base.py:2716: COMMIT
2025-12-24 09:43:16,168 INFO sqlalchemy.engine.Engine base.py:2710: BEGIN (implicit)
2025-12-24 09:43:16,169 INFO sqlalchemy.engine.Engine base.py:1846: SELECT tables.md 
FROM tables 
WHERE tables.id = %(id_1)s::UUID AND coalesce((tables.md ->> %(md_1)s::TEXT), %(coalesce_1)s::VARCHAR) != %(coalesce_2)s::VARCHAR
2025-12-24 09:43:16,169 INFO sqlalchemy.engine.Engine base.py:1846: [cached since 6.133e+04s ago] {'id_1': UUID('58414fc9-def7-46ef-b621-51d5e813b57d'), 'md_1': 'pending_stmt', 'coalesce_1': '-1', 'coalesce_2': '2'}
2025-12-24 09:43:16,171 INFO sqlalchemy.engine.Engine base.py:1846: SELECT tables.md 
FROM tables 
WHERE tables.id = %(id_1)s::UUID AND coalesce((tables.md ->> %(md_1)s::TEXT), %(coalesce_1)s::VARCHAR) != %(coalesce_2)s::VARCHAR
2025-12-24 09:43:16,171 INFO sqlalchemy.engine.Engine base.py:1846: [cached since 6.133e+04s ago] {'id_1': UUID('58414fc9-def7-46ef-b621-51d5e813b57d'), 'md_1': 'pending_stmt', 'coalesce_1': '-1', 'coalesce_2': '2'}
2025-12-24 09:43:16,175 INFO sqlalchemy.engine.Engine base.py:1846: EXPLAIN SELECT tbl_58414fc9def746efb62151d5e813b57d.col_0, tbl_58414fc9def746efb62151d5e813b57d.col_1, tbl_58414fc9def746efb62151d5e813b57d.col_2, tbl_58414fc9def746efb62151d5e813b57d.col_3, tbl_58414fc9def746efb62151d5e813b57d.col_4, tbl_58414fc9def746efb62151d5e813b57d.col_5, tbl_58414fc9def746efb62151d5e813b57d.col_6, tbl_58414fc9def746efb62151d5e813b57d.col_7, tbl_58414fc9def746efb62151d5e813b57d.col_8, tbl_58414fc9def746efb62151d5e813b57d.col_9, tbl_58414fc9def746efb62151d5e813b57d.col_2_cellmd, tbl_58414fc9def746efb62151d5e813b57d.rowid, tbl_58414fc9def746efb62151d5e813b57d.v_min 
FROM tbl_58414fc9def746efb62151d5e813b57d 
WHERE tbl_58414fc9def746efb62151d5e813b57d.v_min <= 16 AND tbl_58414fc9def746efb62151d5e813b57d.v_max > 16
2025-12-24 09:43:16,175 INFO sqlalchemy.engine.Engine base.py:1846: [cached since 6.132e+04s ago] {}
2025-12-24 09:43:16,175 INFO sqlalchemy.engine.Engine base.py:1846: SELECT tbl_58414fc9def746efb62151d5e813b57d.col_0, tbl_58414fc9def746efb62151d5e813b57d.col_1, tbl_58414fc9def746efb62151d5e813b57d.col_2, tbl_58414fc9def746efb62151d5e813b57d.col_3, tbl_58414fc9def746efb62151d5e813b57d.col_4, tbl_58414fc9def746efb62151d5e813b57d.col_5, tbl_58414fc9def746efb62151d5e813b57d.col_6, tbl_58414fc9def746efb62151d5e813b57d.col_7, tbl_58414fc9def746efb62151d5e813b57d.col_8, tbl_58414fc9def746efb62151d5e813b57d.col_9, tbl_58414fc9def746efb62151d5e813b57d.col_2_cellmd, tbl_58414fc9def746efb62151d5e813b57d.rowid, tbl_58414fc9def746efb62151d5e813b57d.v_min 
FROM tbl_58414fc9def746efb62151d5e813b57d 
WHERE tbl_58414fc9def746efb62151d5e813b57d.v_min <= %(v_min_1)s::BIGINT AND tbl_58414fc9def746efb62151d5e813b57d.v_max > %(v_max_1)s::BIGINT
2025-12-24 09:43:16,175 INFO sqlalchemy.engine.Engine base.py:1846: [cached since 6.132e+04s ago] {'v_min_1': 16, 'v_max_1': 16}
2025-12-24 09:43:16,177 INFO sqlalchemy.engine.Engine base.py:2716: COMMIT
2025-12-24 09:43:40,782 INFO sqlalchemy.engine.Engine base.py:2710: BEGIN (implicit)
2025-12-24 09:43:40,784 INFO sqlalchemy.engine.Engine base.py:1846: SELECT tables.md 
FROM tables 
WHERE tables.id = %(id_1)s::UUID AND coalesce((tables.md ->> %(md_1)s::TEXT), %(coalesce_1)s::VARCHAR) != %(coalesce_2)s::VARCHAR
2025-12-24 09:43:40,784 INFO sqlalchemy.engine.Engine base.py:1846: [cached since 6.136e+04s ago] {'id_1': UUID('58414fc9-def7-46ef-b621-51d5e813b57d'), 'md_1': 'pending_stmt', 'coalesce_1': '-1', 'coalesce_2': '2'}
2025-12-24 09:43:40,785 INFO sqlalchemy.engine.Engine base.py:1846: SELECT tables.md 
FROM tables 
WHERE tables.id = %(id_1)s::UUID AND coalesce((tables.md ->> %(md_1)s::TEXT), %(coalesce_1)s::VARCHAR) != %(coalesce_2)s::VARCHAR
2025-12-24 09:43:40,785 INFO sqlalchemy.engine.Engine base.py:1846: [cached since 6.136e+04s ago] {'id_1': UUID('58414fc9-def7-46ef-b621-51d5e813b57d'), 'md_1': 'pending_stmt', 'coalesce_1': '-1', 'coalesce_2': '2'}
2025-12-24 09:43:40,789 INFO sqlalchemy.engine.Engine base.py:1846: EXPLAIN SELECT tbl_58414fc9def746efb62151d5e813b57d.col_0, tbl_58414fc9def746efb62151d5e813b57d.col_1, tbl_58414fc9def746efb62151d5e813b57d.col_2, tbl_58414fc9def746efb62151d5e813b57d.col_3, tbl_58414fc9def746efb62151d5e813b57d.col_4, tbl_58414fc9def746efb62151d5e813b57d.col_5, tbl_58414fc9def746efb62151d5e813b57d.col_6, tbl_58414fc9def746efb62151d5e813b57d.col_7, tbl_58414fc9def746efb62151d5e813b57d.col_8, tbl_58414fc9def746efb62151d5e813b57d.col_9, tbl_58414fc9def746efb62151d5e813b57d.col_2_cellmd, tbl_58414fc9def746efb62151d5e813b57d.rowid, tbl_58414fc9def746efb62151d5e813b57d.v_min 
FROM tbl_58414fc9def746efb62151d5e813b57d 
WHERE tbl_58414fc9def746efb62151d5e813b57d.v_min <= 16 AND tbl_58414fc9def746efb62151d5e813b57d.v_max > 16
2025-12-24 09:43:40,789 INFO sqlalchemy.engine.Engine base.py:1846: [cached since 6.135e+04s ago] {}
2025-12-24 09:43:40,789 INFO sqlalchemy.engine.Engine base.py:1846: SELECT tbl_58414fc9def746efb62151d5e813b57d.col_0, tbl_58414fc9def746efb62151d5e813b57d.col_1, tbl_58414fc9def746efb62151d5e813b57d.col_2, tbl_58414fc9def746efb62151d5e813b57d.col_3, tbl_58414fc9def746efb62151d5e813b57d.col_4, tbl_58414fc9def746efb62151d5e813b57d.col_5, tbl_58414fc9def746efb62151d5e813b57d.col_6, tbl_58414fc9def746efb62151d5e813b57d.col_7, tbl_58414fc9def746efb62151d5e813b57d.col_8, tbl_58414fc9def746efb62151d5e813b57d.col_9, tbl_58414fc9def746efb62151d5e813b57d.col_2_cellmd, tbl_58414fc9def746efb62151d5e813b57d.rowid, tbl_58414fc9def746efb62151d5e813b57d.v_min 
FROM tbl_58414fc9def746efb62151d5e813b57d 
WHERE tbl_58414fc9def746efb62151d5e813b57d.v_min <= %(v_min_1)s::BIGINT AND tbl_58414fc9def746efb62151d5e813b57d.v_max > %(v_max_1)s::BIGINT
2025-12-24 09:43:40,789 INFO sqlalchemy.engine.Engine base.py:1846: [cached since 6.135e+04s ago] {'v_min_1': 16, 'v_max_1': 16}
2025-12-24 09:43:40,791 INFO sqlalchemy.engine.Engine base.py:2716: COMMIT
2025-12-24 10:41:13,563 INFO sqlalchemy.engine.Engine base.py:2710: BEGIN (implicit)
2025-12-24 10:41:13,564 INFO sqlalchemy.engine.Engine base.py:1846: SELECT tables.md 
FROM tables 
WHERE tables.id = %(id_1)s::UUID AND coalesce((tables.md ->> %(md_1)s::TEXT), %(coalesce_1)s::VARCHAR) != %(coalesce_2)s::VARCHAR
2025-12-24 10:41:13,564 INFO sqlalchemy.engine.Engine base.py:1846: [cached since 6.481e+04s ago] {'id_1': UUID('58414fc9-def7-46ef-b621-51d5e813b57d'), 'md_1': 'pending_stmt', 'coalesce_1': '-1', 'coalesce_2': '2'}
2025-12-24 10:41:13,566 INFO sqlalchemy.engine.Engine base.py:1846: SELECT tables.md 
FROM tables 
WHERE tables.id = %(id_1)s::UUID AND coalesce((tables.md ->> %(md_1)s::TEXT), %(coalesce_1)s::VARCHAR) != %(coalesce_2)s::VARCHAR
2025-12-24 10:41:13,566 INFO sqlalchemy.engine.Engine base.py:1846: [cached since 6.481e+04s ago] {'id_1': UUID('58414fc9-def7-46ef-b621-51d5e813b57d'), 'md_1': 'pending_stmt', 'coalesce_1': '-1', 'coalesce_2': '2'}
2025-12-24 10:41:13,570 INFO sqlalchemy.engine.Engine base.py:1846: EXPLAIN SELECT tbl_58414fc9def746efb62151d5e813b57d.col_0, tbl_58414fc9def746efb62151d5e813b57d.col_1, tbl_58414fc9def746efb62151d5e813b57d.col_2, tbl_58414fc9def746efb62151d5e813b57d.col_3, tbl_58414fc9def746efb62151d5e813b57d.col_4, tbl_58414fc9def746efb62151d5e813b57d.col_5, tbl_58414fc9def746efb62151d5e813b57d.col_6, tbl_58414fc9def746efb62151d5e813b57d.col_7, tbl_58414fc9def746efb62151d5e813b57d.col_8, tbl_58414fc9def746efb62151d5e813b57d.col_9, tbl_58414fc9def746efb62151d5e813b57d.col_2_cellmd, tbl_58414fc9def746efb62151d5e813b57d.rowid, tbl_58414fc9def746efb62151d5e813b57d.v_min 
FROM tbl_58414fc9def746efb62151d5e813b57d 
WHERE tbl_58414fc9def746efb62151d5e813b57d.v_min <= 16 AND tbl_58414fc9def746efb62151d5e813b57d.v_max > 16
2025-12-24 10:41:13,570 INFO sqlalchemy.engine.Engine base.py:1846: [cached since 6.48e+04s ago] {}
2025-12-24 10:41:13,571 INFO sqlalchemy.engine.Engine base.py:1846: SELECT tbl_58414fc9def746efb62151d5e813b57d.col_0, tbl_58414fc9def746efb62151d5e813b57d.col_1, tbl_58414fc9def746efb62151d5e813b57d.col_2, tbl_58414fc9def746efb62151d5e813b57d.col_3, tbl_58414fc9def746efb62151d5e813b57d.col_4, tbl_58414fc9def746efb62151d5e813b57d.col_5, tbl_58414fc9def746efb62151d5e813b57d.col_6, tbl_58414fc9def746efb62151d5e813b57d.col_7, tbl_58414fc9def746efb62151d5e813b57d.col_8, tbl_58414fc9def746efb62151d5e813b57d.col_9, tbl_58414fc9def746efb62151d5e813b57d.col_2_cellmd, tbl_58414fc9def746efb62151d5e813b57d.rowid, tbl_58414fc9def746efb62151d5e813b57d.v_min 
FROM tbl_58414fc9def746efb62151d5e813b57d 
WHERE tbl_58414fc9def746efb62151d5e813b57d.v_min <= %(v_min_1)s::BIGINT AND tbl_58414fc9def746efb62151d5e813b57d.v_max > %(v_max_1)s::BIGINT
2025-12-24 10:41:13,571 INFO sqlalchemy.engine.Engine base.py:1846: [cached since 6.48e+04s ago] {'v_min_1': 16, 'v_max_1': 16}
2025-12-24 10:41:13,572 INFO sqlalchemy.engine.Engine base.py:2716: COMMIT
