2026-01-05 10:23:46 | DEBUG    | log:153 | [list_documents] Fetching all documents...
2026-01-05 10:23:46 | DEBUG    | log:153 | [get_tables] Getting tables...
2026-01-05 10:23:46 | DEBUG    | log:153 | [get_tables] Returning cached tables
2026-01-05 10:23:46 | INFO     | log:151 | [list_documents] Found 20 documents
2026-01-05 10:24:13 | DEBUG    | log:153 | [index] Serving web UI
2026-01-05 10:24:13 | DEBUG    | log:153 | [list_documents] Fetching all documents...
2026-01-05 10:24:13 | DEBUG    | log:153 | [get_tables] Getting tables...
2026-01-05 10:24:13 | DEBUG    | log:153 | [get_tables] Returning cached tables
2026-01-05 10:24:13 | INFO     | log:151 | [list_documents] Found 20 documents
2026-01-05 10:24:17 | DEBUG    | log:153 | [list_documents] Fetching all documents...
2026-01-05 10:24:17 | DEBUG    | log:153 | [get_tables] Getting tables...
2026-01-05 10:24:17 | DEBUG    | log:153 | [get_tables] Returning cached tables
2026-01-05 10:24:17 | INFO     | log:151 | [list_documents] Found 20 documents
2026-01-05 10:24:21 | INFO     | log:151 | [export_all_documents] Exporting all documents...
2026-01-05 10:24:21 | DEBUG    | log:153 | [get_tables] Getting tables...
2026-01-05 10:24:21 | DEBUG    | log:153 | [get_tables] Returning cached tables
2026-01-05 10:24:21 | INFO     | log:151 | [export_all_documents] Exported 20 documents to kb_backup_all_20260105_102421.xlsx
2026-01-05 10:36:50 | DEBUG    | log:153 | [list_documents] Fetching all documents...
2026-01-05 10:36:50 | DEBUG    | log:153 | [get_tables] Getting tables...
2026-01-05 10:36:50 | DEBUG    | log:153 | [get_tables] Returning cached tables
2026-01-05 10:36:50 | INFO     | log:151 | [list_documents] Found 20 documents
2026-01-05 10:36:55 | DEBUG    | log:153 | [list_documents] Fetching all documents...
2026-01-05 10:36:55 | DEBUG    | log:153 | [get_tables] Getting tables...
2026-01-05 10:36:55 | DEBUG    | log:153 | [get_tables] Returning cached tables
2026-01-05 10:36:55 | INFO     | log:151 | [list_documents] Found 20 documents
2026-01-05 10:38:10 | DEBUG    | log:153 | [index] Serving web UI
2026-01-05 10:38:11 | DEBUG    | log:153 | [list_documents] Fetching all documents...
2026-01-05 10:38:11 | DEBUG    | log:153 | [get_tables] Getting tables...
2026-01-05 10:38:11 | DEBUG    | log:153 | [get_tables] Returning cached tables
2026-01-05 10:38:11 | INFO     | log:151 | [list_documents] Found 20 documents
2026-01-05 10:38:17 | DEBUG    | log:153 | [list_documents] Fetching all documents...
2026-01-05 10:38:17 | DEBUG    | log:153 | [get_tables] Getting tables...
2026-01-05 10:38:17 | DEBUG    | log:153 | [get_tables] Returning cached tables
2026-01-05 10:38:17 | INFO     | log:151 | [list_documents] Found 20 documents
2026-01-05 10:39:47 | DEBUG    | log:153 | [index] Serving web UI
2026-01-05 10:39:47 | DEBUG    | log:153 | [list_documents] Fetching all documents...
2026-01-05 10:39:47 | DEBUG    | log:153 | [get_tables] Getting tables...
2026-01-05 10:39:47 | DEBUG    | log:153 | [get_tables] Returning cached tables
2026-01-05 10:39:47 | INFO     | log:151 | [list_documents] Found 20 documents
2026-01-05 10:39:53 | DEBUG    | log:153 | [list_documents] Fetching all documents...
2026-01-05 10:39:53 | DEBUG    | log:153 | [get_tables] Getting tables...
2026-01-05 10:39:53 | DEBUG    | log:153 | [get_tables] Returning cached tables
2026-01-05 10:39:53 | INFO     | log:151 | [list_documents] Found 20 documents
2026-01-05 10:41:55 | INFO     | log:151 | [search_batch_stream] Batch stream search from: Test_getTransactionList.xlsx
2026-01-05 10:41:55 | DEBUG    | log:153 | [get_tables] Getting tables...
2026-01-05 10:41:55 | DEBUG    | log:153 | [get_tables] Returning cached tables
2026-01-05 10:41:55 | INFO     | log:151 | [get_corpus_stats] Rebuilding corpus stats cache...
2026-01-05 10:41:55 | DEBUG    | log:153 | [normalize_query] 'Hệ thống còn giao dịch nào đang treo chư...' -> 'Hệ thống còn giao dịch nào đang treo chư...'
2026-01-05 10:41:55 | DEBUG    | log:153 | [perform_hybrid_search] query_text: [Hệ thống còn giao dịch nào đang treo chưa đi không?] - formatted_query: [Hệ thống còn giao dịch nào đang treo chưa đi không] - normalized_query: [Hệ thống còn giao dịch nào đang treo chưa đi không]
2026-01-05 10:41:55 | INFO     | log:151 | [build_embeddings_cache] Building embeddings cache...
2026-01-05 10:41:56 | INFO     | log:151 | [build_embeddings_cache] Cache built in 0.74s: 351 examples, 20 docs on GPU (NVIDIA RTX A5000)
2026-01-05 10:41:56 | DEBUG    | log:153 | [perform_hybrid_search] BM25 raw scores: min=0.1072, max=44.5830
2026-01-05 10:41:56 | DEBUG    | log:153 | [classify_query_intent] No keyword matches found in: 'Hệ thống còn giao dịch nào đang treo chưa đi không'
2026-01-05 10:41:56 | DEBUG    | log:153 | [normalize_query] 'Kiểm tra xem có lệnh nào sót chưa duyệt ...' -> 'Kiểm tra xem có lệnh nào sót chưa duyệt ...'
2026-01-05 10:41:56 | DEBUG    | log:153 | [perform_hybrid_search] query_text: [Kiểm tra xem có lệnh nào sót chưa duyệt không?] - formatted_query: [Kiểm tra xem có lệnh nào sót chưa duyệt không] - normalized_query: [Kiểm tra xem có lệnh nào sót chưa duyệt không]
2026-01-05 10:41:56 | DEBUG    | log:153 | [perform_hybrid_search] BM25 raw scores: min=0.0262, max=37.6084
2026-01-05 10:41:56 | DEBUG    | log:153 | [classify_query_intent] No keyword matches found in: 'Kiểm tra xem có lệnh nào sót chưa duyệt không'
2026-01-05 10:41:56 | DEBUG    | log:153 | [normalize_query] 'Có khoản chuyển tiền nào đang ở trạng th...' -> 'Có khoản chuyển tiền nào đang ở trạng th...'
2026-01-05 10:41:56 | DEBUG    | log:153 | [perform_hybrid_search] query_text: [Có khoản chuyển tiền nào đang ở trạng thái pending không?] - formatted_query: [Có khoản chuyển tiền nào đang ở trạng thái pending không] - normalized_query: [Có khoản chuyển tiền nào đang ở trạng thái pending không]
2026-01-05 10:41:56 | DEBUG    | log:153 | [perform_hybrid_search] BM25 raw scores: min=0.5126, max=43.6678
2026-01-05 10:41:56 | DEBUG    | log:153 | [get_keyword_boost] Query: 'Có khoản chuyển tiền nào đang ...' | Doc: Tra cứu giao dịch th | Boost: 0.25 | Matched: ['trạng thái']
2026-01-05 10:41:56 | DEBUG    | log:153 | [get_keyword_boost] Query: 'Có khoản chuyển tiền nào đang ...' | Doc: Tra cứu giao dịch th | Boost: 0.25 | Matched: ['chuyển tiền']
2026-01-05 10:41:56 | DEBUG    | log:153 | [get_keyword_boost] Query: 'Có khoản chuyển tiền nào đang ...' | Doc: Tra cứu giao dịch ch | Boost: 0.25 | Matched: ['chuyển tiền']
2026-01-05 10:41:56 | DEBUG    | log:153 | [get_keyword_boost] Query: 'Có khoản chuyển tiền nào đang ...' | Doc: getTransactionList | | Boost: 0.25 | Matched: ['pending']
2026-01-05 10:41:56 | DEBUG    | log:153 | [get_keyword_boost] Query: 'Có khoản chuyển tiền nào đang ...' | Doc: getTransactionList | | Boost: 0.25 | Matched: ['pending']
2026-01-05 10:41:56 | DEBUG    | log:153 | [get_keyword_boost] Query: 'Có khoản chuyển tiền nào đang ...' | Doc: getTransactionList | | Boost: 0.25 | Matched: ['pending']
2026-01-05 10:41:56 | DEBUG    | log:153 | [get_keyword_boost] Query: 'Có khoản chuyển tiền nào đang ...' | Doc: getTransactionList | | Boost: 0.50 | Matched: ['pending', 'chuyển tiền']
2026-01-05 10:41:56 | DEBUG    | log:153 | [get_keyword_boost] Query: 'Có khoản chuyển tiền nào đang ...' | Doc: getTransactionList | | Boost: 0.25 | Matched: ['pending']
2026-01-05 10:41:56 | DEBUG    | log:153 | [classify_query_intent] Classified: 'Có khoản chuyển tiền nào đang ...' -> getTransactionList | Tra cứu g (score=2)
2026-01-05 10:41:56 | DEBUG    | log:153 | [normalize_query] 'Hiện tại danh sách chờ duyệt có trống kh...' -> 'Hiện tại danh sách chờ duyệt có trống kh...'
2026-01-05 10:41:56 | DEBUG    | log:153 | [perform_hybrid_search] query_text: [Hiện tại danh sách chờ duyệt có trống không?] - formatted_query: [Hiện tại danh sách chờ duyệt có trống không] - normalized_query: [Hiện tại danh sách chờ duyệt có trống không]
2026-01-05 10:41:56 | DEBUG    | log:153 | [perform_hybrid_search] BM25 raw scores: min=0.0000, max=26.2009
2026-01-05 10:41:56 | DEBUG    | log:153 | [get_keyword_boost] Query: 'Hiện tại danh sách chờ duyệt c...' | Doc: Tra cứu giao dịch th | Boost: 0.25 | Matched: ['chờ']
2026-01-05 10:41:56 | DEBUG    | log:153 | [get_keyword_boost] Query: 'Hiện tại danh sách chờ duyệt c...' | Doc: getTransactionList | | Boost: 0.25 | Matched: ['chờ duyệt']
2026-01-05 10:41:56 | DEBUG    | log:153 | [get_keyword_boost] Query: 'Hiện tại danh sách chờ duyệt c...' | Doc: getTransactionList | | Boost: 0.25 | Matched: ['chờ duyệt']
2026-01-05 10:41:56 | DEBUG    | log:153 | [get_keyword_boost] Query: 'Hiện tại danh sách chờ duyệt c...' | Doc: getTransactionList | | Boost: 0.25 | Matched: ['chờ duyệt']
2026-01-05 10:41:56 | DEBUG    | log:153 | [get_keyword_boost] Query: 'Hiện tại danh sách chờ duyệt c...' | Doc: getTransactionList | | Boost: 0.25 | Matched: ['chờ duyệt']
2026-01-05 10:41:56 | DEBUG    | log:153 | [get_keyword_boost] Query: 'Hiện tại danh sách chờ duyệt c...' | Doc: getTransactionList | | Boost: 0.25 | Matched: ['chờ duyệt']
2026-01-05 10:41:56 | DEBUG    | log:153 | [classify_query_intent] Ambiguous: 'Hiện tại danh sách chờ duyệt c...' | Scores: {'Tra cứu giao dịch theo trạng thái': 1, 'getTransactionList | Tra cứu giao dịch đang chờ xử lý hoặc chờ duyệt': 1, 'getTransactionList | Tra cứu giao dịch chờ duyệt theo số tài khoản nguồn': 1, 'getTransactionList | Tra cứu giao dịch chờ duyệt theo khoảng thời gian': 1, 'getTransactionList | Tra cứu giao dịch chờ duyệt theo loại giao dịch': 1, 'getTransactionList | Tra cứu giao dịch chờ duyệt theo số tiền hoặc hạn mức': 1}
2026-01-05 10:41:56 | DEBUG    | log:153 | [normalize_query] 'Check giúp tôi các giao dịch đang đợi xử...' -> 'Check giúp tôi các giao dịch đang đợi xử...'
2026-01-05 10:41:56 | DEBUG    | log:153 | [perform_hybrid_search] query_text: [Check giúp tôi các giao dịch đang đợi xử lý.] - formatted_query: [Check giúp tôi các giao dịch đang đợi xử lý] - normalized_query: [Check giúp tôi các giao dịch đang đợi xử lý]
2026-01-05 10:41:56 | DEBUG    | log:153 | [perform_hybrid_search] BM25 raw scores: min=0.0786, max=15.7122
2026-01-05 10:41:56 | DEBUG    | log:153 | [get_keyword_boost] Query: 'Check giúp tôi các giao dịch đ...' | Doc: Tra cứu giao dịch th | Boost: 0.25 | Matched: ['xử lý']
2026-01-05 10:41:56 | DEBUG    | log:153 | [get_keyword_boost] Query: 'Check giúp tôi các giao dịch đ...' | Doc: Tra cứu giao dịch ch | Boost: 0.25 | Matched: ['ck']
2026-01-05 10:41:56 | DEBUG    | log:153 | [classify_query_intent] Ambiguous: 'Check giúp tôi các giao dịch đ...' | Scores: {'Tra cứu giao dịch theo trạng thái': 1, 'Tra cứu giao dịch chuyển tiền': 1}
2026-01-05 10:41:56 | DEBUG    | log:153 | [normalize_query] 'Show cho tôi các lệnh đang chờ phê duyệt...' -> 'Show cho tôi các lệnh đang chờ phê duyệt...'
2026-01-05 10:41:56 | DEBUG    | log:153 | [perform_hybrid_search] query_text: [Show cho tôi các lệnh đang chờ phê duyệt.] - formatted_query: [Show cho tôi các lệnh đang chờ phê duyệt] - normalized_query: [Show cho tôi các lệnh đang chờ phê duyệt]
2026-01-05 10:41:56 | DEBUG    | log:153 | [perform_hybrid_search] BM25 raw scores: min=0.0000, max=25.4238
2026-01-05 10:41:56 | DEBUG    | log:153 | [get_keyword_boost] Query: 'Show cho tôi các lệnh đang chờ...' | Doc: Tra cứu giao dịch th | Boost: 0.50 | Matched: ['chờ', 'phê duyệt']
2026-01-05 10:41:56 | DEBUG    | log:153 | [get_keyword_boost] Query: 'Show cho tôi các lệnh đang chờ...' | Doc: getTransactionList | | Boost: 0.50 | Matched: ['chờ phê duyệt', 'đang chờ']
2026-01-05 10:41:56 | DEBUG    | log:153 | [classify_query_intent] Ambiguous: 'Show cho tôi các lệnh đang chờ...' | Scores: {'Tra cứu giao dịch theo trạng thái': 2, 'getTransactionList | Tra cứu giao dịch đang chờ xử lý hoặc chờ duyệt': 2}
2026-01-05 10:41:56 | DEBUG    | log:153 | [normalize_query] 'Lọc ra toàn bộ các giao dịch có trạng th...' -> 'Lọc ra toàn bộ các giao dịch có trạng th...'
2026-01-05 10:41:56 | DEBUG    | log:153 | [perform_hybrid_search] query_text: [Lọc ra toàn bộ các giao dịch có trạng thái pending.] - formatted_query: [Lọc ra toàn bộ các giao dịch có trạng thái pending] - normalized_query: [Lọc ra toàn bộ các giao dịch có trạng thái pending]
2026-01-05 10:41:56 | DEBUG    | log:153 | [perform_hybrid_search] BM25 raw scores: min=0.1850, max=37.2209
2026-01-05 10:41:56 | DEBUG    | log:153 | [get_keyword_boost] Query: 'Lọc ra toàn bộ các giao dịch c...' | Doc: Tra cứu giao dịch th | Boost: 0.25 | Matched: ['trạng thái']
2026-01-05 10:41:56 | DEBUG    | log:153 | [get_keyword_boost] Query: 'Lọc ra toàn bộ các giao dịch c...' | Doc: getTransactionList | | Boost: 0.50 | Matched: ['pending', 'toàn bộ']
2026-01-05 10:41:56 | DEBUG    | log:153 | [get_keyword_boost] Query: 'Lọc ra toàn bộ các giao dịch c...' | Doc: getTransactionList | | Boost: 0.25 | Matched: ['pending']
2026-01-05 10:41:56 | DEBUG    | log:153 | [get_keyword_boost] Query: 'Lọc ra toàn bộ các giao dịch c...' | Doc: getTransactionList | | Boost: 0.25 | Matched: ['pending']
2026-01-05 10:41:56 | DEBUG    | log:153 | [get_keyword_boost] Query: 'Lọc ra toàn bộ các giao dịch c...' | Doc: getTransactionList | | Boost: 0.25 | Matched: ['pending']
2026-01-05 10:41:56 | DEBUG    | log:153 | [get_keyword_boost] Query: 'Lọc ra toàn bộ các giao dịch c...' | Doc: getTransactionList | | Boost: 0.25 | Matched: ['pending']
2026-01-05 10:41:56 | DEBUG    | log:153 | [classify_query_intent] Classified: 'Lọc ra toàn bộ các giao dịch c...' -> getTransactionList | Tra cứu g (score=2)
2026-01-05 10:41:56 | DEBUG    | log:153 | [normalize_query] 'Danh sách những giao dịch nào chưa được ...' -> 'Danh sách những giao dịch nào chưa được ...'
2026-01-05 10:41:56 | DEBUG    | log:153 | [perform_hybrid_search] query_text: [Danh sách những giao dịch nào chưa được checker thông qua?] - formatted_query: [Danh sách những giao dịch nào chưa được checker thông qua] - normalized_query: [Danh sách những giao dịch nào chưa được checker thông qua]
2026-01-05 10:41:56 | DEBUG    | log:153 | [perform_hybrid_search] BM25 raw scores: min=0.1049, max=48.0408
2026-01-05 10:41:56 | DEBUG    | log:153 | [get_keyword_boost] Query: 'Danh sách những giao dịch nào ...' | Doc: Tra cứu giao dịch ch | Boost: 0.25 | Matched: ['ck']
2026-01-05 10:41:56 | DEBUG    | log:153 | [classify_query_intent] Classified: 'Danh sách những giao dịch nào ...' -> Tra cứu giao dịch chuyển tiền (score=1)
2026-01-05 10:41:56 | DEBUG    | log:153 | [normalize_query] 'Tổng hợp các lệnh chuyển tiền đang chờ x...' -> 'Tổng hợp các lệnh chuyển tiền đang chờ x...'
2026-01-05 10:41:56 | DEBUG    | log:153 | [perform_hybrid_search] query_text: [Tổng hợp các lệnh chuyển tiền đang chờ xử lý.] - formatted_query: [Tổng hợp các lệnh chuyển tiền đang chờ xử lý] - normalized_query: [Tổng hợp các lệnh chuyển tiền đang chờ xử lý]
2026-01-05 10:41:56 | DEBUG    | log:153 | [perform_hybrid_search] BM25 raw scores: min=0.3667, max=32.5035
2026-01-05 10:41:56 | DEBUG    | log:153 | [get_keyword_boost] Query: 'Tổng hợp các lệnh chuyển tiền ...' | Doc: Tra cứu giao dịch th | Boost: 0.50 | Matched: ['xử lý', 'chờ']
2026-01-05 10:41:56 | DEBUG    | log:153 | [get_keyword_boost] Query: 'Tổng hợp các lệnh chuyển tiền ...' | Doc: Tra cứu giao dịch th | Boost: 0.25 | Matched: ['chuyển tiền']
2026-01-05 10:41:56 | DEBUG    | log:153 | [get_keyword_boost] Query: 'Tổng hợp các lệnh chuyển tiền ...' | Doc: Tổng hợp số tiền gia | Boost: 0.25 | Matched: ['tổng']
2026-01-05 10:41:56 | DEBUG    | log:153 | [get_keyword_boost] Query: 'Tổng hợp các lệnh chuyển tiền ...' | Doc: Tra cứu giao dịch ch | Boost: 0.25 | Matched: ['chuyển tiền']
2026-01-05 10:41:56 | DEBUG    | log:153 | [get_keyword_boost] Query: 'Tổng hợp các lệnh chuyển tiền ...' | Doc: Thống kê giao dịch t | Boost: 0.25 | Matched: ['tổng hợp']
2026-01-05 10:41:56 | DEBUG    | log:153 | [get_keyword_boost] Query: 'Tổng hợp các lệnh chuyển tiền ...' | Doc: getTransactionList | | Boost: 0.50 | Matched: ['chờ xử lý', 'đang chờ']
2026-01-05 10:41:56 | DEBUG    | log:153 | [get_keyword_boost] Query: 'Tổng hợp các lệnh chuyển tiền ...' | Doc: getTransactionList | | Boost: 0.25 | Matched: ['chờ xử lý']
2026-01-05 10:41:56 | DEBUG    | log:153 | [get_keyword_boost] Query: 'Tổng hợp các lệnh chuyển tiền ...' | Doc: getTransactionList | | Boost: 0.25 | Matched: ['chờ xử lý']
2026-01-05 10:41:56 | DEBUG    | log:153 | [get_keyword_boost] Query: 'Tổng hợp các lệnh chuyển tiền ...' | Doc: getTransactionList | | Boost: 0.50 | Matched: ['chờ xử lý', 'chuyển tiền']
2026-01-05 10:41:56 | DEBUG    | log:153 | [get_keyword_boost] Query: 'Tổng hợp các lệnh chuyển tiền ...' | Doc: getTransactionList | | Boost: 0.25 | Matched: ['chờ xử lý']
2026-01-05 10:41:56 | DEBUG    | log:153 | [classify_query_intent] Ambiguous: 'Tổng hợp các lệnh chuyển tiền ...' | Scores: {'Tra cứu giao dịch theo trạng thái': 2, 'Tra cứu giao dịch theo loại giao dịch': 1, 'Tổng hợp số tiền giao dịch': 1, 'Tra cứu giao dịch chuyển tiền': 1, 'Thống kê giao dịch theo nhóm': 1, 'getTransactionList | Tra cứu giao dịch đang chờ xử lý hoặc chờ duyệt': 2, 'getTransactionList | Tra cứu giao dịch chờ duyệt theo số tài khoản nguồn': 1, 'getTransactionList | Tra cứu giao dịch chờ duyệt theo khoảng thời gian': 1, 'getTransactionList | Tra cứu giao dịch chờ duyệt theo loại giao dịch': 2, 'getTransactionList | Tra cứu giao dịch chờ duyệt theo số tiền hoặc hạn mức': 1}
2026-01-05 10:41:56 | DEBUG    | log:153 | [normalize_query] 'Mở danh sách các giao dịch cần duyệt nga...' -> 'Mở danh sách các giao dịch cần duyệt nga...'
2026-01-05 10:41:56 | DEBUG    | log:153 | [perform_hybrid_search] query_text: [Mở danh sách các giao dịch cần duyệt ngay bây giờ.] - formatted_query: [Mở danh sách các giao dịch cần duyệt ngay bây giờ] - normalized_query: [Mở danh sách các giao dịch cần duyệt ngay bây giờ]
2026-01-05 10:41:56 | DEBUG    | log:153 | [perform_hybrid_search] BM25 raw scores: min=0.0786, max=36.6188
2026-01-05 10:41:56 | DEBUG    | log:153 | [get_keyword_boost] Query: 'Mở danh sách các giao dịch cần...' | Doc: getTransactionList | | Boost: 0.25 | Matched: ['cần duyệt']
2026-01-05 10:41:56 | DEBUG    | log:153 | [classify_query_intent] Classified: 'Mở danh sách các giao dịch cần...' -> getTransactionList | Tra cứu g (score=1)
2026-01-05 10:41:56 | DEBUG    | log:153 | [normalize_query] 'Tôi muốn nhìn thấy list các giao dịch ch...' -> 'Tôi muốn nhìn thấy list các giao dịch ch...'
2026-01-05 10:41:56 | DEBUG    | log:153 | [perform_hybrid_search] query_text: [Tôi muốn nhìn thấy list các giao dịch chưa hoàn tất.] - formatted_query: [Tôi muốn nhìn thấy list các giao dịch chưa hoàn tất] - normalized_query: [Tôi muốn nhìn thấy list các giao dịch chưa hoàn tất]
2026-01-05 10:41:56 | DEBUG    | log:153 | [perform_hybrid_search] BM25 raw scores: min=0.3148, max=27.3882
2026-01-05 10:41:56 | DEBUG    | log:153 | [get_keyword_boost] Query: 'Tôi muốn nhìn thấy list các gi...' | Doc: Tra cứu giao dịch th | Boost: 0.25 | Matched: ['hoàn tất']
2026-01-05 10:41:56 | DEBUG    | log:153 | [classify_query_intent] Classified: 'Tôi muốn nhìn thấy list các gi...' -> Tra cứu giao dịch theo trạng t (score=1)
2026-01-05 10:41:56 | DEBUG    | log:153 | [normalize_query] 'Liệt kê danh sách các giao dịch doanh ng...' -> 'Liệt kê danh sách các giao dịch doanh ng...'
2026-01-05 10:41:56 | DEBUG    | log:153 | [perform_hybrid_search] query_text: [Liệt kê danh sách các giao dịch doanh nghiệp đang chờ duyệt.] - formatted_query: [Liệt kê danh sách các giao dịch doanh nghiệp đang chờ duyệt] - normalized_query: [Liệt kê danh sách các giao dịch doanh nghiệp đang chờ duyệt]
2026-01-05 10:41:56 | DEBUG    | log:153 | [perform_hybrid_search] BM25 raw scores: min=0.0786, max=50.6407
2026-01-05 10:41:56 | DEBUG    | log:153 | [get_keyword_boost] Query: 'Liệt kê danh sách các giao dịc...' | Doc: Tra cứu giao dịch th | Boost: 0.25 | Matched: ['chờ']
2026-01-05 10:41:56 | DEBUG    | log:153 | [get_keyword_boost] Query: 'Liệt kê danh sách các giao dịc...' | Doc: getTransactionList | | Boost: 0.50 | Matched: ['chờ duyệt', 'đang chờ']
2026-01-05 10:41:56 | DEBUG    | log:153 | [get_keyword_boost] Query: 'Liệt kê danh sách các giao dịc...' | Doc: getTransactionList | | Boost: 0.25 | Matched: ['chờ duyệt']
2026-01-05 10:41:56 | DEBUG    | log:153 | [get_keyword_boost] Query: 'Liệt kê danh sách các giao dịc...' | Doc: getTransactionList | | Boost: 0.25 | Matched: ['chờ duyệt']
2026-01-05 10:41:56 | DEBUG    | log:153 | [get_keyword_boost] Query: 'Liệt kê danh sách các giao dịc...' | Doc: getTransactionList | | Boost: 0.25 | Matched: ['chờ duyệt']
2026-01-05 10:41:56 | DEBUG    | log:153 | [get_keyword_boost] Query: 'Liệt kê danh sách các giao dịc...' | Doc: getTransactionList | | Boost: 0.25 | Matched: ['chờ duyệt']
2026-01-05 10:41:56 | DEBUG    | log:153 | [classify_query_intent] Classified: 'Liệt kê danh sách các giao dịc...' -> getTransactionList | Tra cứu g (score=2)
2026-01-05 10:41:56 | DEBUG    | log:153 | [normalize_query] 'Hiển thị những lệnh chuyển tiền chưa đượ...' -> 'Hiển thị những lệnh chuyển tiền chưa đượ...'
2026-01-05 10:41:56 | DEBUG    | log:153 | [perform_hybrid_search] query_text: [Hiển thị những lệnh chuyển tiền chưa được xử lý.] - formatted_query: [Hiển thị những lệnh chuyển tiền chưa được xử lý] - normalized_query: [Hiển thị những lệnh chuyển tiền chưa được xử lý]
2026-01-05 10:41:56 | DEBUG    | log:153 | [perform_hybrid_search] BM25 raw scores: min=0.4454, max=41.3408
2026-01-05 10:41:56 | DEBUG    | log:153 | [get_keyword_boost] Query: 'Hiển thị những lệnh chuyển tiề...' | Doc: Tra cứu giao dịch th | Boost: 0.25 | Matched: ['xử lý']
2026-01-05 10:41:56 | DEBUG    | log:153 | [get_keyword_boost] Query: 'Hiển thị những lệnh chuyển tiề...' | Doc: Tra cứu giao dịch th | Boost: 0.25 | Matched: ['chuyển tiền']
2026-01-05 10:41:56 | DEBUG    | log:153 | [get_keyword_boost] Query: 'Hiển thị những lệnh chuyển tiề...' | Doc: Tra cứu giao dịch ch | Boost: 0.25 | Matched: ['chuyển tiền']
2026-01-05 10:41:56 | DEBUG    | log:153 | [get_keyword_boost] Query: 'Hiển thị những lệnh chuyển tiề...' | Doc: getTransactionList | | Boost: 0.25 | Matched: ['chuyển tiền']
2026-01-05 10:41:56 | DEBUG    | log:153 | [classify_query_intent] Ambiguous: 'Hiển thị những lệnh chuyển tiề...' | Scores: {'Tra cứu giao dịch theo trạng thái': 1, 'Tra cứu giao dịch theo loại giao dịch': 1, 'Tra cứu giao dịch chuyển tiền': 1, 'getTransactionList | Tra cứu giao dịch chờ duyệt theo loại giao dịch': 1}
2026-01-05 10:41:56 | DEBUG    | log:153 | [normalize_query] 'Xuất danh sách các giao dịch đang pendin...' -> 'Xuất danh sách các giao dịch đang pendin...'
2026-01-05 10:41:56 | DEBUG    | log:153 | [perform_hybrid_search] query_text: [Xuất danh sách các giao dịch đang pending.] - formatted_query: [Xuất danh sách các giao dịch đang pending] - normalized_query: [Xuất danh sách các giao dịch đang pending]
2026-01-05 10:41:56 | DEBUG    | log:153 | [perform_hybrid_search] BM25 raw scores: min=0.0786, max=36.6733
2026-01-05 10:41:56 | DEBUG    | log:153 | [get_keyword_boost] Query: 'Xuất danh sách các giao dịch đ...' | Doc: getTransactionList | | Boost: 0.25 | Matched: ['pending']
2026-01-05 10:41:56 | DEBUG    | log:153 | [get_keyword_boost] Query: 'Xuất danh sách các giao dịch đ...' | Doc: getTransactionList | | Boost: 0.25 | Matched: ['pending']
2026-01-05 10:41:56 | DEBUG    | log:153 | [get_keyword_boost] Query: 'Xuất danh sách các giao dịch đ...' | Doc: getTransactionList | | Boost: 0.25 | Matched: ['pending']
2026-01-05 10:41:56 | DEBUG    | log:153 | [get_keyword_boost] Query: 'Xuất danh sách các giao dịch đ...' | Doc: getTransactionList | | Boost: 0.25 | Matched: ['pending']
2026-01-05 10:41:56 | DEBUG    | log:153 | [get_keyword_boost] Query: 'Xuất danh sách các giao dịch đ...' | Doc: getTransactionList | | Boost: 0.25 | Matched: ['pending']
2026-01-05 10:41:56 | DEBUG    | log:153 | [classify_query_intent] Ambiguous: 'Xuất danh sách các giao dịch đ...' | Scores: {'getTransactionList | Tra cứu giao dịch đang chờ xử lý hoặc chờ duyệt': 1, 'getTransactionList | Tra cứu giao dịch chờ duyệt theo số tài khoản nguồn': 1, 'getTransactionList | Tra cứu giao dịch chờ duyệt theo khoảng thời gian': 1, 'getTransactionList | Tra cứu giao dịch chờ duyệt theo loại giao dịch': 1, 'getTransactionList | Tra cứu giao dịch chờ duyệt theo số tiền hoặc hạn mức': 1}
2026-01-05 10:41:56 | DEBUG    | log:153 | [normalize_query] 'Những giao dịch nào đang nằm trong hàng ...' -> 'Những giao dịch nào đang nằm trong hàng ...'
2026-01-05 10:41:56 | DEBUG    | log:153 | [perform_hybrid_search] query_text: [Những giao dịch nào đang nằm trong hàng đợi phê duyệt?] - formatted_query: [Những giao dịch nào đang nằm trong hàng đợi phê duyệt] - normalized_query: [Những giao dịch nào đang nằm trong hàng đợi phê duyệt]
2026-01-05 10:41:56 | DEBUG    | log:153 | [perform_hybrid_search] BM25 raw scores: min=0.0786, max=33.0933
2026-01-05 10:41:56 | DEBUG    | log:153 | [get_keyword_boost] Query: 'Những giao dịch nào đang nằm t...' | Doc: Tra cứu giao dịch th | Boost: 0.25 | Matched: ['phê duyệt']
2026-01-05 10:41:56 | DEBUG    | log:153 | [get_keyword_boost] Query: 'Những giao dịch nào đang nằm t...' | Doc: getTransactionList | | Boost: 0.25 | Matched: ['trong']
2026-01-05 10:41:56 | DEBUG    | log:153 | [classify_query_intent] Ambiguous: 'Những giao dịch nào đang nằm t...' | Scores: {'Tra cứu giao dịch theo trạng thái': 1, 'getTransactionList | Tra cứu giao dịch chờ duyệt theo khoảng thời gian': 1}
2026-01-05 10:41:56 | DEBUG    | log:153 | [normalize_query] 'Các giao dịch nào đang ở trạng thái 'Chờ...' -> 'Các giao dịch nào đang ở trạng thái 'chờ...'
2026-01-05 10:41:56 | DEBUG    | log:153 | [perform_hybrid_search] query_text: [Các giao dịch nào đang ở trạng thái 'Chờ duyệt'?] - formatted_query: [Các giao dịch nào đang ở trạng thái 'chờ duyệt'] - normalized_query: [Các giao dịch nào đang ở trạng thái 'chờ duyệt']
2026-01-05 10:41:56 | DEBUG    | log:153 | [perform_hybrid_search] BM25 raw scores: min=0.0786, max=54.2099
2026-01-05 10:41:56 | DEBUG    | log:153 | [get_keyword_boost] Query: 'Các giao dịch nào đang ở trạng...' | Doc: Tra cứu giao dịch th | Boost: 0.50 | Matched: ['trạng thái', 'chờ']
2026-01-05 10:41:56 | DEBUG    | log:153 | [get_keyword_boost] Query: 'Các giao dịch nào đang ở trạng...' | Doc: getTransactionList | | Boost: 0.25 | Matched: ['chờ duyệt']
2026-01-05 10:41:56 | DEBUG    | log:153 | [get_keyword_boost] Query: 'Các giao dịch nào đang ở trạng...' | Doc: getTransactionList | | Boost: 0.25 | Matched: ['chờ duyệt']
2026-01-05 10:41:56 | DEBUG    | log:153 | [get_keyword_boost] Query: 'Các giao dịch nào đang ở trạng...' | Doc: getTransactionList | | Boost: 0.25 | Matched: ['chờ duyệt']
2026-01-05 10:41:56 | DEBUG    | log:153 | [get_keyword_boost] Query: 'Các giao dịch nào đang ở trạng...' | Doc: getTransactionList | | Boost: 0.25 | Matched: ['chờ duyệt']
2026-01-05 10:41:56 | DEBUG    | log:153 | [get_keyword_boost] Query: 'Các giao dịch nào đang ở trạng...' | Doc: getTransactionList | | Boost: 0.25 | Matched: ['chờ duyệt']
2026-01-05 10:41:56 | DEBUG    | log:153 | [classify_query_intent] Classified: 'Các giao dịch nào đang ở trạng...' -> Tra cứu giao dịch theo trạng t (score=2)
2026-01-05 10:41:56 | DEBUG    | log:153 | [normalize_query] 'Tìm các giao dịch chưa chuyển tiền thành...' -> 'Tìm các giao dịch chưa chuyển tiền thành...'
2026-01-05 10:41:56 | DEBUG    | log:153 | [perform_hybrid_search] query_text: [Tìm các giao dịch chưa chuyển tiền thành công do chờ duyệt.] - formatted_query: [Tìm các giao dịch chưa chuyển tiền thành công do chờ duyệt] - normalized_query: [Tìm các giao dịch chưa chuyển tiền thành công do chờ duyệt]
2026-01-05 10:41:56 | DEBUG    | log:153 | [perform_hybrid_search] BM25 raw scores: min=1.0494, max=34.1579
2026-01-05 10:41:56 | DEBUG    | log:153 | [get_keyword_boost] Query: 'Tìm các giao dịch chưa chuyển ...' | Doc: Tra cứu giao dịch th | Boost: 0.50 | Matched: ['thành công', 'chờ']
2026-01-05 10:41:56 | DEBUG    | log:153 | [get_keyword_boost] Query: 'Tìm các giao dịch chưa chuyển ...' | Doc: Tra cứu giao dịch th | Boost: 0.25 | Matched: ['chuyển tiền']
2026-01-05 10:41:56 | DEBUG    | log:153 | [get_keyword_boost] Query: 'Tìm các giao dịch chưa chuyển ...' | Doc: Tra cứu giao dịch ch | Boost: 0.25 | Matched: ['chuyển tiền']
2026-01-05 10:41:56 | DEBUG    | log:153 | [get_keyword_boost] Query: 'Tìm các giao dịch chưa chuyển ...' | Doc: getTransactionList | | Boost: 0.25 | Matched: ['chờ duyệt']
2026-01-05 10:41:56 | DEBUG    | log:153 | [get_keyword_boost] Query: 'Tìm các giao dịch chưa chuyển ...' | Doc: getTransactionList | | Boost: 0.25 | Matched: ['chờ duyệt']
2026-01-05 10:41:56 | DEBUG    | log:153 | [get_keyword_boost] Query: 'Tìm các giao dịch chưa chuyển ...' | Doc: getTransactionList | | Boost: 0.25 | Matched: ['chờ duyệt']
2026-01-05 10:41:56 | DEBUG    | log:153 | [get_keyword_boost] Query: 'Tìm các giao dịch chưa chuyển ...' | Doc: getTransactionList | | Boost: 0.50 | Matched: ['chờ duyệt', 'chuyển tiền']
2026-01-05 10:41:56 | DEBUG    | log:153 | [get_keyword_boost] Query: 'Tìm các giao dịch chưa chuyển ...' | Doc: getTransactionList | | Boost: 0.25 | Matched: ['chờ duyệt']
2026-01-05 10:41:56 | DEBUG    | log:153 | [classify_query_intent] Ambiguous: 'Tìm các giao dịch chưa chuyển ...' | Scores: {'Tra cứu giao dịch theo trạng thái': 2, 'Tra cứu giao dịch theo loại giao dịch': 1, 'Tra cứu giao dịch chuyển tiền': 1, 'getTransactionList | Tra cứu giao dịch đang chờ xử lý hoặc chờ duyệt': 1, 'getTransactionList | Tra cứu giao dịch chờ duyệt theo số tài khoản nguồn': 1, 'getTransactionList | Tra cứu giao dịch chờ duyệt theo khoảng thời gian': 1, 'getTransactionList | Tra cứu giao dịch chờ duyệt theo loại giao dịch': 2, 'getTransactionList | Tra cứu giao dịch chờ duyệt theo số tiền hoặc hạn mức': 1}
2026-01-05 10:41:56 | DEBUG    | log:153 | [normalize_query] 'Những lệnh nào vẫn đang ở bước phê duyệt...' -> 'Những lệnh nào vẫn đang ở bước phê duyệt...'
2026-01-05 10:41:57 | DEBUG    | log:153 | [perform_hybrid_search] query_text: [Những lệnh nào vẫn đang ở bước phê duyệt?] - formatted_query: [Những lệnh nào vẫn đang ở bước phê duyệt] - normalized_query: [Những lệnh nào vẫn đang ở bước phê duyệt]
2026-01-05 10:41:57 | DEBUG    | log:153 | [perform_hybrid_search] BM25 raw scores: min=0.0281, max=22.9854
2026-01-05 10:41:57 | DEBUG    | log:153 | [get_keyword_boost] Query: 'Những lệnh nào vẫn đang ở bước...' | Doc: Tra cứu giao dịch th | Boost: 0.25 | Matched: ['phê duyệt']
2026-01-05 10:41:57 | DEBUG    | log:153 | [classify_query_intent] Classified: 'Những lệnh nào vẫn đang ở bước...' -> Tra cứu giao dịch theo trạng t (score=1)
2026-01-05 10:41:57 | DEBUG    | log:153 | [normalize_query] 'Giao dịch nào chưa qua bước checker?...' -> 'Giao dịch nào chưa qua bước checker...'
2026-01-05 10:41:57 | DEBUG    | log:153 | [perform_hybrid_search] query_text: [Giao dịch nào chưa qua bước checker?] - formatted_query: [Giao dịch nào chưa qua bước checker] - normalized_query: [Giao dịch nào chưa qua bước checker]
2026-01-05 10:41:57 | DEBUG    | log:153 | [perform_hybrid_search] BM25 raw scores: min=0.0786, max=26.6294
2026-01-05 10:41:57 | DEBUG    | log:153 | [get_keyword_boost] Query: 'Giao dịch nào chưa qua bước ch...' | Doc: Tra cứu giao dịch ch | Boost: 0.25 | Matched: ['ck']
2026-01-05 10:41:57 | DEBUG    | log:153 | [classify_query_intent] Classified: 'Giao dịch nào chưa qua bước ch...' -> Tra cứu giao dịch chuyển tiền (score=1)
2026-01-05 10:41:57 | DEBUG    | log:153 | [normalize_query] 'Liệt kê các yêu cầu thanh toán đang chờ ...' -> 'Liệt kê các yêu cầu thanh toán đang chờ ...'
2026-01-05 10:41:57 | DEBUG    | log:153 | [perform_hybrid_search] query_text: [Liệt kê các yêu cầu thanh toán đang chờ xử lý.] - formatted_query: [Liệt kê các yêu cầu thanh toán đang chờ xử lý] - normalized_query: [Liệt kê các yêu cầu thanh toán đang chờ xử lý]
2026-01-05 10:41:57 | DEBUG    | log:153 | [perform_hybrid_search] BM25 raw scores: min=0.2683, max=44.1074
2026-01-05 10:41:57 | DEBUG    | log:153 | [get_keyword_boost] Query: 'Liệt kê các yêu cầu thanh toán...' | Doc: Tra cứu giao dịch th | Boost: 0.50 | Matched: ['xử lý', 'chờ']
2026-01-05 10:41:57 | DEBUG    | log:153 | [get_keyword_boost] Query: 'Liệt kê các yêu cầu thanh toán...' | Doc: Tra cứu giao dịch th | Boost: 0.25 | Matched: ['thanh toán']
2026-01-05 10:41:57 | DEBUG    | log:153 | [get_keyword_boost] Query: 'Liệt kê các yêu cầu thanh toán...' | Doc: Tra cứu giao dịch th | Boost: 0.25 | Matched: ['thanh toán']
2026-01-05 10:41:57 | DEBUG    | log:153 | [get_keyword_boost] Query: 'Liệt kê các yêu cầu thanh toán...' | Doc: getTransactionList | | Boost: 0.50 | Matched: ['chờ xử lý', 'đang chờ']
2026-01-05 10:41:57 | DEBUG    | log:153 | [get_keyword_boost] Query: 'Liệt kê các yêu cầu thanh toán...' | Doc: getTransactionList | | Boost: 0.25 | Matched: ['chờ xử lý']
2026-01-05 10:41:57 | DEBUG    | log:153 | [get_keyword_boost] Query: 'Liệt kê các yêu cầu thanh toán...' | Doc: getTransactionList | | Boost: 0.25 | Matched: ['chờ xử lý']
2026-01-05 10:41:57 | DEBUG    | log:153 | [get_keyword_boost] Query: 'Liệt kê các yêu cầu thanh toán...' | Doc: getTransactionList | | Boost: 0.50 | Matched: ['chờ xử lý', 'thanh toán']
2026-01-05 10:41:57 | DEBUG    | log:153 | [get_keyword_boost] Query: 'Liệt kê các yêu cầu thanh toán...' | Doc: getTransactionList | | Boost: 0.25 | Matched: ['chờ xử lý']
2026-01-05 10:41:57 | DEBUG    | log:153 | [classify_query_intent] Ambiguous: 'Liệt kê các yêu cầu thanh toán...' | Scores: {'Tra cứu giao dịch theo trạng thái': 2, 'Tra cứu giao dịch theo loại giao dịch': 1, 'Tra cứu giao dịch thanh toán hóa đơn': 1, 'getTransactionList | Tra cứu giao dịch đang chờ xử lý hoặc chờ duyệt': 2, 'getTransactionList | Tra cứu giao dịch chờ duyệt theo số tài khoản nguồn': 1, 'getTransactionList | Tra cứu giao dịch chờ duyệt theo khoảng thời gian': 1, 'getTransactionList | Tra cứu giao dịch chờ duyệt theo loại giao dịch': 2, 'getTransactionList | Tra cứu giao dịch chờ duyệt theo số tiền hoặc hạn mức': 1}
2026-01-05 10:41:57 | DEBUG    | log:153 | [normalize_query] 'Check giùm còn cái trans nào đang pendin...' -> 'Check giùm còn cái trans nào đang pendin...'
2026-01-05 10:41:57 | DEBUG    | log:153 | [perform_hybrid_search] query_text: [Check giùm còn cái trans nào đang pending ko?] - formatted_query: [Check giùm còn cái trans nào đang pending ko] - normalized_query: [Check giùm còn cái trans nào đang pending ko]
2026-01-05 10:41:57 | DEBUG    | log:153 | [perform_hybrid_search] BM25 raw scores: min=0.0000, max=19.0696
2026-01-05 10:41:57 | DEBUG    | log:153 | [get_keyword_boost] Query: 'Check giùm còn cái trans nào đ...' | Doc: Tra cứu giao dịch ch | Boost: 0.25 | Matched: ['ck']
2026-01-05 10:41:57 | DEBUG    | log:153 | [get_keyword_boost] Query: 'Check giùm còn cái trans nào đ...' | Doc: getTransactionList | | Boost: 0.25 | Matched: ['pending']
2026-01-05 10:41:57 | DEBUG    | log:153 | [get_keyword_boost] Query: 'Check giùm còn cái trans nào đ...' | Doc: getTransactionList | | Boost: 0.25 | Matched: ['pending']
2026-01-05 10:41:57 | DEBUG    | log:153 | [get_keyword_boost] Query: 'Check giùm còn cái trans nào đ...' | Doc: getTransactionList | | Boost: 0.25 | Matched: ['pending']
2026-01-05 10:41:57 | DEBUG    | log:153 | [get_keyword_boost] Query: 'Check giùm còn cái trans nào đ...' | Doc: getTransactionList | | Boost: 0.25 | Matched: ['pending']
2026-01-05 10:41:57 | DEBUG    | log:153 | [get_keyword_boost] Query: 'Check giùm còn cái trans nào đ...' | Doc: getTransactionList | | Boost: 0.25 | Matched: ['pending']
2026-01-05 10:41:57 | DEBUG    | log:153 | [classify_query_intent] Ambiguous: 'Check giùm còn cái trans nào đ...' | Scores: {'Tra cứu giao dịch chuyển tiền': 1, 'getTransactionList | Tra cứu giao dịch đang chờ xử lý hoặc chờ duyệt': 1, 'getTransactionList | Tra cứu giao dịch chờ duyệt theo số tài khoản nguồn': 1, 'getTransactionList | Tra cứu giao dịch chờ duyệt theo khoảng thời gian': 1, 'getTransactionList | Tra cứu giao dịch chờ duyệt theo loại giao dịch': 1, 'getTransactionList | Tra cứu giao dịch chờ duyệt theo số tiền hoặc hạn mức': 1}
2026-01-05 10:41:57 | DEBUG    | log:153 | [normalize_query] 'Show list các lệnh waiting for approval ...' -> 'Show list các lệnh waiting for approval ...'
2026-01-05 10:41:57 | DEBUG    | log:153 | [perform_hybrid_search] query_text: [Show list các lệnh waiting for approval nhé.] - formatted_query: [Show list các lệnh waiting for approval nhé] - normalized_query: [Show list các lệnh waiting for approval nhé]
2026-01-05 10:41:57 | DEBUG    | log:153 | [perform_hybrid_search] BM25 raw scores: min=0.0000, max=3.2891
2026-01-05 10:41:57 | DEBUG    | log:153 | [classify_query_intent] No keyword matches found in: 'Show list các lệnh waiting for approval nhé'
2026-01-05 10:41:57 | DEBUG    | log:153 | [normalize_query] 'Có transaction nào status đang là chờ du...' -> 'Có transaction nào status đang là chờ du...'
2026-01-05 10:41:57 | DEBUG    | log:153 | [perform_hybrid_search] query_text: [Có transaction nào status đang là chờ duyệt không?] - formatted_query: [Có transaction nào status đang là chờ duyệt không] - normalized_query: [Có transaction nào status đang là chờ duyệt không]
2026-01-05 10:41:57 | DEBUG    | log:153 | [perform_hybrid_search] BM25 raw scores: min=0.0000, max=30.4802
2026-01-05 10:41:57 | DEBUG    | log:153 | [get_keyword_boost] Query: 'Có transaction nào status đang...' | Doc: Tra cứu giao dịch th | Boost: 0.25 | Matched: ['chờ']
2026-01-05 10:41:57 | DEBUG    | log:153 | [get_keyword_boost] Query: 'Có transaction nào status đang...' | Doc: getTransactionList | | Boost: 0.25 | Matched: ['chờ duyệt']
2026-01-05 10:41:57 | DEBUG    | log:153 | [get_keyword_boost] Query: 'Có transaction nào status đang...' | Doc: getTransactionList | | Boost: 0.25 | Matched: ['chờ duyệt']
2026-01-05 10:41:57 | DEBUG    | log:153 | [get_keyword_boost] Query: 'Có transaction nào status đang...' | Doc: getTransactionList | | Boost: 0.25 | Matched: ['chờ duyệt']
2026-01-05 10:41:57 | DEBUG    | log:153 | [get_keyword_boost] Query: 'Có transaction nào status đang...' | Doc: getTransactionList | | Boost: 0.25 | Matched: ['chờ duyệt']
2026-01-05 10:41:57 | DEBUG    | log:153 | [get_keyword_boost] Query: 'Có transaction nào status đang...' | Doc: getTransactionList | | Boost: 0.25 | Matched: ['chờ duyệt']
2026-01-05 10:41:57 | DEBUG    | log:153 | [classify_query_intent] Ambiguous: 'Có transaction nào status đang...' | Scores: {'Tra cứu giao dịch theo trạng thái': 1, 'getTransactionList | Tra cứu giao dịch đang chờ xử lý hoặc chờ duyệt': 1, 'getTransactionList | Tra cứu giao dịch chờ duyệt theo số tài khoản nguồn': 1, 'getTransactionList | Tra cứu giao dịch chờ duyệt theo khoảng thời gian': 1, 'getTransactionList | Tra cứu giao dịch chờ duyệt theo loại giao dịch': 1, 'getTransactionList | Tra cứu giao dịch chờ duyệt theo số tiền hoặc hạn mức': 1}
2026-01-05 10:41:57 | DEBUG    | log:153 | [normalize_query] 'Lọc mấy cái giao dịch chưa được approve....' -> 'Lọc mấy cái giao dịch chưa được approve...'
2026-01-05 10:41:57 | DEBUG    | log:153 | [perform_hybrid_search] query_text: [Lọc mấy cái giao dịch chưa được approve.] - formatted_query: [Lọc mấy cái giao dịch chưa được approve] - normalized_query: [Lọc mấy cái giao dịch chưa được approve]
2026-01-05 10:41:57 | DEBUG    | log:153 | [perform_hybrid_search] BM25 raw scores: min=0.1311, max=9.6253
2026-01-05 10:41:57 | DEBUG    | log:153 | [classify_query_intent] No keyword matches found in: 'Lọc mấy cái giao dịch chưa được approve'
2026-01-05 10:41:57 | DEBUG    | log:153 | [normalize_query] 'Hệ thống còn lệnh nào waiting checker kh...' -> 'Hệ thống còn lệnh nào waiting checker kh...'
2026-01-05 10:41:57 | DEBUG    | log:153 | [perform_hybrid_search] query_text: [Hệ thống còn lệnh nào waiting checker không?] - formatted_query: [Hệ thống còn lệnh nào waiting checker không] - normalized_query: [Hệ thống còn lệnh nào waiting checker không]
2026-01-05 10:41:57 | DEBUG    | log:153 | [perform_hybrid_search] BM25 raw scores: min=0.0141, max=23.7027
2026-01-05 10:41:57 | DEBUG    | log:153 | [get_keyword_boost] Query: 'Hệ thống còn lệnh nào waiting ...' | Doc: Tra cứu giao dịch ch | Boost: 0.25 | Matched: ['ck']
2026-01-05 10:41:57 | DEBUG    | log:153 | [classify_query_intent] Classified: 'Hệ thống còn lệnh nào waiting ...' -> Tra cứu giao dịch chuyển tiền (score=1)
2026-01-05 10:41:57 | DEBUG    | log:153 | [normalize_query] 'View danh sách pending transactions....' -> 'View danh sách pending transactions...'
2026-01-05 10:41:57 | DEBUG    | log:153 | [perform_hybrid_search] query_text: [View danh sách pending transactions.] - formatted_query: [View danh sách pending transactions] - normalized_query: [View danh sách pending transactions]
2026-01-05 10:41:57 | DEBUG    | log:153 | [perform_hybrid_search] BM25 raw scores: min=0.0000, max=13.7203
2026-01-05 10:41:57 | DEBUG    | log:153 | [get_keyword_boost] Query: 'View danh sách pending transac...' | Doc: getTransactionList | | Boost: 0.25 | Matched: ['pending']
2026-01-05 10:41:57 | DEBUG    | log:153 | [get_keyword_boost] Query: 'View danh sách pending transac...' | Doc: getTransactionList | | Boost: 0.25 | Matched: ['pending']
2026-01-05 10:41:57 | DEBUG    | log:153 | [get_keyword_boost] Query: 'View danh sách pending transac...' | Doc: getTransactionList | | Boost: 0.25 | Matched: ['pending']
2026-01-05 10:41:57 | DEBUG    | log:153 | [get_keyword_boost] Query: 'View danh sách pending transac...' | Doc: getTransactionList | | Boost: 0.25 | Matched: ['pending']
2026-01-05 10:41:57 | DEBUG    | log:153 | [get_keyword_boost] Query: 'View danh sách pending transac...' | Doc: getTransactionList | | Boost: 0.25 | Matched: ['pending']
2026-01-05 10:41:57 | DEBUG    | log:153 | [classify_query_intent] Ambiguous: 'View danh sách pending transac...' | Scores: {'getTransactionList | Tra cứu giao dịch đang chờ xử lý hoặc chờ duyệt': 1, 'getTransactionList | Tra cứu giao dịch chờ duyệt theo số tài khoản nguồn': 1, 'getTransactionList | Tra cứu giao dịch chờ duyệt theo khoảng thời gian': 1, 'getTransactionList | Tra cứu giao dịch chờ duyệt theo loại giao dịch': 1, 'getTransactionList | Tra cứu giao dịch chờ duyệt theo số tiền hoặc hạn mức': 1}
2026-01-05 10:41:57 | DEBUG    | log:153 | [normalize_query] 'Mấy lệnh transfer money nào chưa process...' -> 'Mấy lệnh transfer money nào chưa process...'
2026-01-05 10:41:57 | DEBUG    | log:153 | [perform_hybrid_search] query_text: [Mấy lệnh transfer money nào chưa process xong?] - formatted_query: [Mấy lệnh transfer money nào chưa process xong] - normalized_query: [Mấy lệnh transfer money nào chưa process xong]
2026-01-05 10:41:57 | DEBUG    | log:153 | [perform_hybrid_search] BM25 raw scores: min=0.0000, max=16.8931
2026-01-05 10:41:57 | DEBUG    | log:153 | [classify_query_intent] No keyword matches found in: 'Mấy lệnh transfer money nào chưa process xong'
2026-01-05 10:41:57 | DEBUG    | log:153 | [normalize_query] 'List ra các request thanh toán đang chờ ...' -> 'List ra các request thanh toán đang chờ ...'
2026-01-05 10:41:57 | DEBUG    | log:153 | [perform_hybrid_search] query_text: [List ra các request thanh toán đang chờ xử lý.] - formatted_query: [List ra các request thanh toán đang chờ xử lý] - normalized_query: [List ra các request thanh toán đang chờ xử lý]
2026-01-05 10:41:57 | DEBUG    | log:153 | [perform_hybrid_search] BM25 raw scores: min=0.1280, max=30.5975
2026-01-05 10:41:57 | DEBUG    | log:153 | [get_keyword_boost] Query: 'List ra các request thanh toán...' | Doc: Tra cứu giao dịch th | Boost: 0.50 | Matched: ['xử lý', 'chờ']
2026-01-05 10:41:57 | DEBUG    | log:153 | [get_keyword_boost] Query: 'List ra các request thanh toán...' | Doc: Tra cứu giao dịch th | Boost: 0.25 | Matched: ['thanh toán']
2026-01-05 10:41:57 | DEBUG    | log:153 | [get_keyword_boost] Query: 'List ra các request thanh toán...' | Doc: Tra cứu giao dịch th | Boost: 0.25 | Matched: ['thanh toán']
2026-01-05 10:41:57 | DEBUG    | log:153 | [get_keyword_boost] Query: 'List ra các request thanh toán...' | Doc: getTransactionList | | Boost: 0.50 | Matched: ['chờ xử lý', 'đang chờ']
2026-01-05 10:41:57 | DEBUG    | log:153 | [get_keyword_boost] Query: 'List ra các request thanh toán...' | Doc: getTransactionList | | Boost: 0.25 | Matched: ['chờ xử lý']
2026-01-05 10:41:57 | DEBUG    | log:153 | [get_keyword_boost] Query: 'List ra các request thanh toán...' | Doc: getTransactionList | | Boost: 0.25 | Matched: ['chờ xử lý']
2026-01-05 10:41:57 | DEBUG    | log:153 | [get_keyword_boost] Query: 'List ra các request thanh toán...' | Doc: getTransactionList | | Boost: 0.50 | Matched: ['chờ xử lý', 'thanh toán']
2026-01-05 10:41:57 | DEBUG    | log:153 | [get_keyword_boost] Query: 'List ra các request thanh toán...' | Doc: getTransactionList | | Boost: 0.25 | Matched: ['chờ xử lý']
2026-01-05 10:41:57 | DEBUG    | log:153 | [classify_query_intent] Ambiguous: 'List ra các request thanh toán...' | Scores: {'Tra cứu giao dịch theo trạng thái': 2, 'Tra cứu giao dịch theo loại giao dịch': 1, 'Tra cứu giao dịch thanh toán hóa đơn': 1, 'getTransactionList | Tra cứu giao dịch đang chờ xử lý hoặc chờ duyệt': 2, 'getTransactionList | Tra cứu giao dịch chờ duyệt theo số tài khoản nguồn': 1, 'getTransactionList | Tra cứu giao dịch chờ duyệt theo khoảng thời gian': 1, 'getTransactionList | Tra cứu giao dịch chờ duyệt theo loại giao dịch': 2, 'getTransactionList | Tra cứu giao dịch chờ duyệt theo số tiền hoặc hạn mức': 1}
2026-01-05 10:41:57 | DEBUG    | log:153 | [normalize_query] 'Check xem queue duyệt còn trống hay có l...' -> 'Check xem queue duyệt còn trống hay có l...'
2026-01-05 10:41:57 | DEBUG    | log:153 | [perform_hybrid_search] query_text: [Check xem queue duyệt còn trống hay có lệnh?] - formatted_query: [Check xem queue duyệt còn trống hay có lệnh] - normalized_query: [Check xem queue duyệt còn trống hay có lệnh]
2026-01-05 10:41:57 | DEBUG    | log:153 | [perform_hybrid_search] BM25 raw scores: min=0.0000, max=11.9594
2026-01-05 10:41:57 | DEBUG    | log:153 | [get_keyword_boost] Query: 'Check xem queue duyệt còn trốn...' | Doc: Tra cứu giao dịch ch | Boost: 0.25 | Matched: ['ck']
2026-01-05 10:41:57 | DEBUG    | log:153 | [classify_query_intent] Classified: 'Check xem queue duyệt còn trốn...' -> Tra cứu giao dịch chuyển tiền (score=1)
2026-01-05 10:41:57 | DEBUG    | log:153 | [normalize_query] 'Export list các giao dịch corporate đang...' -> 'Export list các giao dịch corporate đang...'
2026-01-05 10:41:57 | DEBUG    | log:153 | [perform_hybrid_search] query_text: [Export list các giao dịch corporate đang pending.] - formatted_query: [Export list các giao dịch corporate đang pending] - normalized_query: [Export list các giao dịch corporate đang pending]
2026-01-05 10:41:57 | DEBUG    | log:153 | [perform_hybrid_search] BM25 raw scores: min=0.0786, max=7.1727
2026-01-05 10:41:57 | DEBUG    | log:153 | [get_keyword_boost] Query: 'Export list các giao dịch corp...' | Doc: getTransactionList | | Boost: 0.25 | Matched: ['pending']
2026-01-05 10:41:57 | DEBUG    | log:153 | [get_keyword_boost] Query: 'Export list các giao dịch corp...' | Doc: getTransactionList | | Boost: 0.25 | Matched: ['pending']
2026-01-05 10:41:57 | DEBUG    | log:153 | [get_keyword_boost] Query: 'Export list các giao dịch corp...' | Doc: getTransactionList | | Boost: 0.25 | Matched: ['pending']
2026-01-05 10:41:57 | DEBUG    | log:153 | [get_keyword_boost] Query: 'Export list các giao dịch corp...' | Doc: getTransactionList | | Boost: 0.25 | Matched: ['pending']
2026-01-05 10:41:57 | DEBUG    | log:153 | [get_keyword_boost] Query: 'Export list các giao dịch corp...' | Doc: getTransactionList | | Boost: 0.25 | Matched: ['pending']
2026-01-05 10:41:57 | DEBUG    | log:153 | [classify_query_intent] Ambiguous: 'Export list các giao dịch corp...' | Scores: {'getTransactionList | Tra cứu giao dịch đang chờ xử lý hoặc chờ duyệt': 1, 'getTransactionList | Tra cứu giao dịch chờ duyệt theo số tài khoản nguồn': 1, 'getTransactionList | Tra cứu giao dịch chờ duyệt theo khoảng thời gian': 1, 'getTransactionList | Tra cứu giao dịch chờ duyệt theo loại giao dịch': 1, 'getTransactionList | Tra cứu giao dịch chờ duyệt theo số tiền hoặc hạn mức': 1}
2026-01-05 10:41:57 | DEBUG    | log:153 | [normalize_query] 'Còn gd nào treo chưa đi k?...' -> 'Còn gd nào treo chưa đi k...'
2026-01-05 10:41:57 | DEBUG    | log:153 | [perform_hybrid_search] query_text: [Còn gd nào treo chưa đi k?] - formatted_query: [Còn gd nào treo chưa đi k] - normalized_query: [Còn gd nào treo chưa đi k]
2026-01-05 10:41:57 | DEBUG    | log:153 | [perform_hybrid_search] BM25 raw scores: min=0.0000, max=12.5581
2026-01-05 10:41:57 | DEBUG    | log:153 | [classify_query_intent] No keyword matches found in: 'Còn gd nào treo chưa đi k'
2026-01-05 10:41:57 | DEBUG    | log:153 | [normalize_query] 'Ktra xem có lệnh nào sót chưa duyệt k....' -> 'Ktra xem có lệnh nào sót chưa duyệt k...'
2026-01-05 10:41:57 | DEBUG    | log:153 | [perform_hybrid_search] query_text: [Ktra xem có lệnh nào sót chưa duyệt k.] - formatted_query: [Ktra xem có lệnh nào sót chưa duyệt k] - normalized_query: [Ktra xem có lệnh nào sót chưa duyệt k]
2026-01-05 10:41:57 | DEBUG    | log:153 | [perform_hybrid_search] BM25 raw scores: min=0.0000, max=28.7065
2026-01-05 10:41:57 | DEBUG    | log:153 | [classify_query_intent] No keyword matches found in: 'Ktra xem có lệnh nào sót chưa duyệt k'
2026-01-05 10:41:57 | DEBUG    | log:153 | [normalize_query] 'Có khoản ck nào đang pending k ad?...' -> 'Có khoản ck nào đang pending k ad...'
2026-01-05 10:41:57 | DEBUG    | log:153 | [perform_hybrid_search] query_text: [Có khoản ck nào đang pending k ad?] - formatted_query: [Có khoản ck nào đang pending k ad] - normalized_query: [Có khoản ck nào đang pending k ad]
2026-01-05 10:41:57 | DEBUG    | log:153 | [perform_hybrid_search] BM25 raw scores: min=0.0877, max=21.2897
2026-01-05 10:41:57 | DEBUG    | log:153 | [get_keyword_boost] Query: 'Có khoản ck nào đang pending k...' | Doc: Tra cứu giao dịch ch | Boost: 0.25 | Matched: ['ck']
2026-01-05 10:41:57 | DEBUG    | log:153 | [get_keyword_boost] Query: 'Có khoản ck nào đang pending k...' | Doc: getTransactionList | | Boost: 0.25 | Matched: ['pending']
2026-01-05 10:41:57 | DEBUG    | log:153 | [get_keyword_boost] Query: 'Có khoản ck nào đang pending k...' | Doc: getTransactionList | | Boost: 0.25 | Matched: ['pending']
2026-01-05 10:41:57 | DEBUG    | log:153 | [get_keyword_boost] Query: 'Có khoản ck nào đang pending k...' | Doc: getTransactionList | | Boost: 0.25 | Matched: ['pending']
2026-01-05 10:41:57 | DEBUG    | log:153 | [get_keyword_boost] Query: 'Có khoản ck nào đang pending k...' | Doc: getTransactionList | | Boost: 0.25 | Matched: ['pending']
2026-01-05 10:41:57 | DEBUG    | log:153 | [get_keyword_boost] Query: 'Có khoản ck nào đang pending k...' | Doc: getTransactionList | | Boost: 0.25 | Matched: ['pending']
2026-01-05 10:41:57 | DEBUG    | log:153 | [classify_query_intent] Ambiguous: 'Có khoản ck nào đang pending k...' | Scores: {'Tra cứu giao dịch chuyển tiền': 1, 'getTransactionList | Tra cứu giao dịch đang chờ xử lý hoặc chờ duyệt': 1, 'getTransactionList | Tra cứu giao dịch chờ duyệt theo số tài khoản nguồn': 1, 'getTransactionList | Tra cứu giao dịch chờ duyệt theo khoảng thời gian': 1, 'getTransactionList | Tra cứu giao dịch chờ duyệt theo loại giao dịch': 1, 'getTransactionList | Tra cứu giao dịch chờ duyệt theo số tiền hoặc hạn mức': 1}
2026-01-05 10:41:57 | DEBUG    | log:153 | [normalize_query] 'Ds chờ duyệt hnay có trống k?...' -> 'Ds chờ duyệt hnay có trống k...'
2026-01-05 10:41:57 | DEBUG    | log:153 | [perform_hybrid_search] query_text: [Ds chờ duyệt hnay có trống k?] - formatted_query: [Ds chờ duyệt hnay có trống k] - normalized_query: [Ds chờ duyệt hnay có trống k]
2026-01-05 10:41:57 | DEBUG    | log:153 | [perform_hybrid_search] BM25 raw scores: min=0.0000, max=9.8124
2026-01-05 10:41:57 | DEBUG    | log:153 | [get_keyword_boost] Query: 'Ds chờ duyệt hnay có trống k...' | Doc: Tra cứu lịch sử giao | Boost: 0.25 | Matched: ['nay']
2026-01-05 10:41:57 | DEBUG    | log:153 | [get_keyword_boost] Query: 'Ds chờ duyệt hnay có trống k...' | Doc: Tra cứu giao dịch th | Boost: 0.25 | Matched: ['chờ']
2026-01-05 10:41:57 | DEBUG    | log:153 | [get_keyword_boost] Query: 'Ds chờ duyệt hnay có trống k...' | Doc: getTransactionList | | Boost: 0.25 | Matched: ['chờ duyệt']
2026-01-05 10:41:57 | DEBUG    | log:153 | [get_keyword_boost] Query: 'Ds chờ duyệt hnay có trống k...' | Doc: getTransactionList | | Boost: 0.25 | Matched: ['chờ duyệt']
2026-01-05 10:41:57 | DEBUG    | log:153 | [get_keyword_boost] Query: 'Ds chờ duyệt hnay có trống k...' | Doc: getTransactionList | | Boost: 0.25 | Matched: ['chờ duyệt']
2026-01-05 10:41:57 | DEBUG    | log:153 | [get_keyword_boost] Query: 'Ds chờ duyệt hnay có trống k...' | Doc: getTransactionList | | Boost: 0.25 | Matched: ['chờ duyệt']
2026-01-05 10:41:57 | DEBUG    | log:153 | [get_keyword_boost] Query: 'Ds chờ duyệt hnay có trống k...' | Doc: getTransactionList | | Boost: 0.25 | Matched: ['chờ duyệt']
2026-01-05 10:41:57 | DEBUG    | log:153 | [classify_query_intent] Ambiguous: 'Ds chờ duyệt hnay có trống k...' | Scores: {'Tra cứu lịch sử giao dịch theo khoảng thời gian': 1, 'Tra cứu giao dịch theo trạng thái': 1, 'getTransactionList | Tra cứu giao dịch đang chờ xử lý hoặc chờ duyệt': 1, 'getTransactionList | Tra cứu giao dịch chờ duyệt theo số tài khoản nguồn': 1, 'getTransactionList | Tra cứu giao dịch chờ duyệt theo khoảng thời gian': 1, 'getTransactionList | Tra cứu giao dịch chờ duyệt theo loại giao dịch': 1, 'getTransactionList | Tra cứu giao dịch chờ duyệt theo số tiền hoặc hạn mức': 1}
2026-01-05 10:41:57 | DEBUG    | log:153 | [normalize_query] 'Check giúp t các gd đang đợi xl....' -> 'Check giúp t các gd đang đợi xl...'
2026-01-05 10:41:57 | DEBUG    | log:153 | [perform_hybrid_search] query_text: [Check giúp t các gd đang đợi xl.] - formatted_query: [Check giúp t các gd đang đợi xl] - normalized_query: [Check giúp t các gd đang đợi xl]
2026-01-05 10:41:57 | DEBUG    | log:153 | [perform_hybrid_search] BM25 raw scores: min=0.0000, max=2.6043
2026-01-05 10:41:57 | DEBUG    | log:153 | [get_keyword_boost] Query: 'Check giúp t các gd đang đợi x...' | Doc: Tra cứu giao dịch ch | Boost: 0.25 | Matched: ['ck']
2026-01-05 10:41:57 | DEBUG    | log:153 | [classify_query_intent] Classified: 'Check giúp t các gd đang đợi x...' -> Tra cứu giao dịch chuyển tiền (score=1)
2026-01-05 10:41:57 | DEBUG    | log:153 | [normalize_query] 'Show t các lệnh đang chờ duyệt....' -> 'Show t các lệnh đang chờ duyệt...'
2026-01-05 10:41:57 | DEBUG    | log:153 | [perform_hybrid_search] query_text: [Show t các lệnh đang chờ duyệt.] - formatted_query: [Show t các lệnh đang chờ duyệt] - normalized_query: [Show t các lệnh đang chờ duyệt]
2026-01-05 10:41:57 | DEBUG    | log:153 | [perform_hybrid_search] BM25 raw scores: min=0.0000, max=18.3651
2026-01-05 10:41:57 | DEBUG    | log:153 | [get_keyword_boost] Query: 'Show t các lệnh đang chờ duyệt...' | Doc: Tra cứu giao dịch th | Boost: 0.25 | Matched: ['chờ']
2026-01-05 10:41:57 | DEBUG    | log:153 | [get_keyword_boost] Query: 'Show t các lệnh đang chờ duyệt...' | Doc: getTransactionList | | Boost: 0.50 | Matched: ['chờ duyệt', 'đang chờ']
2026-01-05 10:41:57 | DEBUG    | log:153 | [get_keyword_boost] Query: 'Show t các lệnh đang chờ duyệt...' | Doc: getTransactionList | | Boost: 0.25 | Matched: ['chờ duyệt']
2026-01-05 10:41:57 | DEBUG    | log:153 | [get_keyword_boost] Query: 'Show t các lệnh đang chờ duyệt...' | Doc: getTransactionList | | Boost: 0.25 | Matched: ['chờ duyệt']
2026-01-05 10:41:57 | DEBUG    | log:153 | [get_keyword_boost] Query: 'Show t các lệnh đang chờ duyệt...' | Doc: getTransactionList | | Boost: 0.25 | Matched: ['chờ duyệt']
2026-01-05 10:41:57 | DEBUG    | log:153 | [get_keyword_boost] Query: 'Show t các lệnh đang chờ duyệt...' | Doc: getTransactionList | | Boost: 0.25 | Matched: ['chờ duyệt']
2026-01-05 10:41:57 | DEBUG    | log:153 | [classify_query_intent] Classified: 'Show t các lệnh đang chờ duyệt...' -> getTransactionList | Tra cứu g (score=2)
2026-01-05 10:41:57 | DEBUG    | log:153 | [normalize_query] 'Lọc hết mấy gd status pending ra....' -> 'Lọc hết mấy gd status pending ra...'
2026-01-05 10:41:57 | DEBUG    | log:153 | [perform_hybrid_search] query_text: [Lọc hết mấy gd status pending ra.] - formatted_query: [Lọc hết mấy gd status pending ra] - normalized_query: [Lọc hết mấy gd status pending ra]
2026-01-05 10:41:57 | DEBUG    | log:153 | [perform_hybrid_search] BM25 raw scores: min=0.0256, max=4.3276
2026-01-05 10:41:57 | DEBUG    | log:153 | [get_keyword_boost] Query: 'Lọc hết mấy gd status pending ...' | Doc: getTransactionList | | Boost: 0.25 | Matched: ['pending']
2026-01-05 10:41:57 | DEBUG    | log:153 | [get_keyword_boost] Query: 'Lọc hết mấy gd status pending ...' | Doc: getTransactionList | | Boost: 0.25 | Matched: ['pending']
2026-01-05 10:41:57 | DEBUG    | log:153 | [get_keyword_boost] Query: 'Lọc hết mấy gd status pending ...' | Doc: getTransactionList | | Boost: 0.25 | Matched: ['pending']
2026-01-05 10:41:57 | DEBUG    | log:153 | [get_keyword_boost] Query: 'Lọc hết mấy gd status pending ...' | Doc: getTransactionList | | Boost: 0.25 | Matched: ['pending']
2026-01-05 10:41:57 | DEBUG    | log:153 | [get_keyword_boost] Query: 'Lọc hết mấy gd status pending ...' | Doc: getTransactionList | | Boost: 0.25 | Matched: ['pending']
2026-01-05 10:41:57 | DEBUG    | log:153 | [classify_query_intent] Ambiguous: 'Lọc hết mấy gd status pending ...' | Scores: {'getTransactionList | Tra cứu giao dịch đang chờ xử lý hoặc chờ duyệt': 1, 'getTransactionList | Tra cứu giao dịch chờ duyệt theo số tài khoản nguồn': 1, 'getTransactionList | Tra cứu giao dịch chờ duyệt theo khoảng thời gian': 1, 'getTransactionList | Tra cứu giao dịch chờ duyệt theo loại giao dịch': 1, 'getTransactionList | Tra cứu giao dịch chờ duyệt theo số tiền hoặc hạn mức': 1}
2026-01-05 10:41:57 | DEBUG    | log:153 | [normalize_query] 'Ds những gd nào chưa dc checker thông qu...' -> 'Ds những gd nào chưa dc checker thông qu...'
2026-01-05 10:41:57 | DEBUG    | log:153 | [perform_hybrid_search] query_text: [Ds những gd nào chưa dc checker thông qua?] - formatted_query: [Ds những gd nào chưa dc checker thông qua] - normalized_query: [Ds những gd nào chưa dc checker thông qua]
2026-01-05 10:41:57 | DEBUG    | log:153 | [perform_hybrid_search] BM25 raw scores: min=0.0150, max=16.1908
2026-01-05 10:41:57 | DEBUG    | log:153 | [get_keyword_boost] Query: 'Ds những gd nào chưa dc checke...' | Doc: Tra cứu giao dịch ch | Boost: 0.25 | Matched: ['ck']
2026-01-05 10:41:57 | DEBUG    | log:153 | [classify_query_intent] Classified: 'Ds những gd nào chưa dc checke...' -> Tra cứu giao dịch chuyển tiền (score=1)
2026-01-05 10:41:57 | DEBUG    | log:153 | [normalize_query] 'Tổng hợp các lệnh ck đang chờ xl....' -> 'Tổng hợp các lệnh ck đang chờ xl...'
2026-01-05 10:41:57 | DEBUG    | log:153 | [perform_hybrid_search] query_text: [Tổng hợp các lệnh ck đang chờ xl.] - formatted_query: [Tổng hợp các lệnh ck đang chờ xl] - normalized_query: [Tổng hợp các lệnh ck đang chờ xl]
2026-01-05 10:41:57 | DEBUG    | log:153 | [perform_hybrid_search] BM25 raw scores: min=0.0000, max=10.4593
2026-01-05 10:41:57 | DEBUG    | log:153 | [get_keyword_boost] Query: 'Tổng hợp các lệnh ck đang chờ ...' | Doc: Tra cứu giao dịch th | Boost: 0.25 | Matched: ['chờ']
2026-01-05 10:41:57 | DEBUG    | log:153 | [get_keyword_boost] Query: 'Tổng hợp các lệnh ck đang chờ ...' | Doc: Tổng hợp số tiền gia | Boost: 0.25 | Matched: ['tổng']
2026-01-05 10:41:57 | DEBUG    | log:153 | [get_keyword_boost] Query: 'Tổng hợp các lệnh ck đang chờ ...' | Doc: Tra cứu giao dịch ch | Boost: 0.25 | Matched: ['ck']
2026-01-05 10:41:57 | DEBUG    | log:153 | [get_keyword_boost] Query: 'Tổng hợp các lệnh ck đang chờ ...' | Doc: Thống kê giao dịch t | Boost: 0.25 | Matched: ['tổng hợp']
2026-01-05 10:41:57 | DEBUG    | log:153 | [get_keyword_boost] Query: 'Tổng hợp các lệnh ck đang chờ ...' | Doc: getTransactionList | | Boost: 0.25 | Matched: ['đang chờ']
2026-01-05 10:41:57 | DEBUG    | log:153 | [classify_query_intent] Ambiguous: 'Tổng hợp các lệnh ck đang chờ ...' | Scores: {'Tra cứu giao dịch theo trạng thái': 1, 'Tổng hợp số tiền giao dịch': 1, 'Tra cứu giao dịch chuyển tiền': 1, 'Thống kê giao dịch theo nhóm': 1, 'getTransactionList | Tra cứu giao dịch đang chờ xử lý hoặc chờ duyệt': 1}
2026-01-05 10:41:57 | DEBUG    | log:153 | [normalize_query] 'Mở ds gd cần duyệt gấp....' -> 'Mở ds gd cần duyệt gấp...'
2026-01-05 10:41:57 | DEBUG    | log:153 | [perform_hybrid_search] query_text: [Mở ds gd cần duyệt gấp.] - formatted_query: [Mở ds gd cần duyệt gấp] - normalized_query: [Mở ds gd cần duyệt gấp]
2026-01-05 10:41:57 | DEBUG    | log:153 | [perform_hybrid_search] BM25 raw scores: min=0.0000, max=7.7346
2026-01-05 10:41:57 | DEBUG    | log:153 | [get_keyword_boost] Query: 'Mở ds gd cần duyệt gấp...' | Doc: getTransactionList | | Boost: 0.25 | Matched: ['cần duyệt']
2026-01-05 10:41:57 | DEBUG    | log:153 | [classify_query_intent] Classified: 'Mở ds gd cần duyệt gấp...' -> getTransactionList | Tra cứu g (score=1)
2026-01-05 10:41:57 | DEBUG    | log:153 | [normalize_query] 'T muốn xem list gd chưa hoàn tất....' -> 'T muốn xem list gd chưa hoàn tất...'
2026-01-05 10:41:57 | DEBUG    | log:153 | [perform_hybrid_search] query_text: [T muốn xem list gd chưa hoàn tất.] - formatted_query: [T muốn xem list gd chưa hoàn tất] - normalized_query: [T muốn xem list gd chưa hoàn tất]
2026-01-05 10:41:57 | DEBUG    | log:153 | [perform_hybrid_search] BM25 raw scores: min=0.3304, max=24.0451
2026-01-05 10:41:57 | DEBUG    | log:153 | [get_keyword_boost] Query: 'T muốn xem list gd chưa hoàn t...' | Doc: Tra cứu giao dịch th | Boost: 0.25 | Matched: ['hoàn tất']
2026-01-05 10:41:57 | DEBUG    | log:153 | [classify_query_intent] Classified: 'T muốn xem list gd chưa hoàn t...' -> Tra cứu giao dịch theo trạng t (score=1)
2026-01-05 10:41:57 | DEBUG    | log:153 | [normalize_query] 'Liệt kê ds gd dn đang chờ duyệt....' -> 'Liệt kê ds gd dn đang chờ duyệt...'
2026-01-05 10:41:57 | DEBUG    | log:153 | [perform_hybrid_search] query_text: [Liệt kê ds gd dn đang chờ duyệt.] - formatted_query: [Liệt kê ds gd dn đang chờ duyệt] - normalized_query: [Liệt kê ds gd dn đang chờ duyệt]
2026-01-05 10:41:57 | DEBUG    | log:153 | [perform_hybrid_search] BM25 raw scores: min=0.0000, max=28.1015
2026-01-05 10:41:57 | DEBUG    | log:153 | [get_keyword_boost] Query: 'Liệt kê ds gd dn đang chờ duyệ...' | Doc: Tra cứu giao dịch th | Boost: 0.25 | Matched: ['chờ']
2026-01-05 10:41:57 | DEBUG    | log:153 | [get_keyword_boost] Query: 'Liệt kê ds gd dn đang chờ duyệ...' | Doc: getTransactionList | | Boost: 0.50 | Matched: ['chờ duyệt', 'đang chờ']
2026-01-05 10:41:57 | DEBUG    | log:153 | [get_keyword_boost] Query: 'Liệt kê ds gd dn đang chờ duyệ...' | Doc: getTransactionList | | Boost: 0.25 | Matched: ['chờ duyệt']
2026-01-05 10:41:57 | DEBUG    | log:153 | [get_keyword_boost] Query: 'Liệt kê ds gd dn đang chờ duyệ...' | Doc: getTransactionList | | Boost: 0.25 | Matched: ['chờ duyệt']
2026-01-05 10:41:57 | DEBUG    | log:153 | [get_keyword_boost] Query: 'Liệt kê ds gd dn đang chờ duyệ...' | Doc: getTransactionList | | Boost: 0.25 | Matched: ['chờ duyệt']
2026-01-05 10:41:57 | DEBUG    | log:153 | [get_keyword_boost] Query: 'Liệt kê ds gd dn đang chờ duyệ...' | Doc: getTransactionList | | Boost: 0.25 | Matched: ['chờ duyệt']
2026-01-05 10:41:57 | DEBUG    | log:153 | [classify_query_intent] Classified: 'Liệt kê ds gd dn đang chờ duyệ...' -> getTransactionList | Tra cứu g (score=2)
2026-01-05 10:41:57 | DEBUG    | log:153 | [normalize_query] 'Hien thi nhung lenh ck chua dc xu ly....' -> 'Hien thi nhung lenh ck chua dc xu ly...'
2026-01-05 10:41:57 | DEBUG    | log:153 | [perform_hybrid_search] query_text: [Hien thi nhung lenh ck chua dc xu ly.] - formatted_query: [Hien thi nhung lenh ck chua dc xu ly] - normalized_query: [Hien thi nhung lenh ck chua dc xu ly]
2026-01-05 10:41:57 | DEBUG    | log:153 | [perform_hybrid_search] BM25 raw scores: min=0.0000, max=12.9757
2026-01-05 10:41:57 | DEBUG    | log:153 | [get_keyword_boost] Query: 'Hien thi nhung lenh ck chua dc...' | Doc: Tra cứu giao dịch ch | Boost: 0.25 | Matched: ['ck']
2026-01-05 10:41:57 | DEBUG    | log:153 | [classify_query_intent] Classified: 'Hien thi nhung lenh ck chua dc...' -> Tra cứu giao dịch chuyển tiền (score=1)
2026-01-05 10:41:57 | DEBUG    | log:153 | [normalize_query] 'Những gd nào đang nằm trong hàng đợi duy...' -> 'Những gd nào đang nằm trong hàng đợi duy...'
2026-01-05 10:41:57 | DEBUG    | log:153 | [perform_hybrid_search] query_text: [Những gd nào đang nằm trong hàng đợi duyệt vậy?] - formatted_query: [Những gd nào đang nằm trong hàng đợi duyệt vậy] - normalized_query: [Những gd nào đang nằm trong hàng đợi duyệt vậy]
2026-01-05 10:41:57 | DEBUG    | log:153 | [perform_hybrid_search] BM25 raw scores: min=0.0000, max=16.2557
2026-01-05 10:41:57 | DEBUG    | log:153 | [get_keyword_boost] Query: 'Những gd nào đang nằm trong hà...' | Doc: getTransactionList | | Boost: 0.25 | Matched: ['trong']
2026-01-05 10:41:57 | DEBUG    | log:153 | [classify_query_intent] Classified: 'Những gd nào đang nằm trong hà...' -> getTransactionList | Tra cứu g (score=1)
2026-01-05 10:41:57 | DEBUG    | log:153 | [normalize_query] 'Tìm gd chưa ck xong do đợi duyệt....' -> 'Tìm gd chưa ck xong do đợi duyệt...'
2026-01-05 10:41:57 | DEBUG    | log:153 | [perform_hybrid_search] query_text: [Tìm gd chưa ck xong do đợi duyệt.] - formatted_query: [Tìm gd chưa ck xong do đợi duyệt] - normalized_query: [Tìm gd chưa ck xong do đợi duyệt]
2026-01-05 10:41:57 | DEBUG    | log:153 | [perform_hybrid_search] BM25 raw scores: min=0.0000, max=10.0774
2026-01-05 10:41:57 | DEBUG    | log:153 | [get_keyword_boost] Query: 'Tìm gd chưa ck xong do đợi duy...' | Doc: Tra cứu giao dịch ch | Boost: 0.25 | Matched: ['ck']
2026-01-05 10:41:57 | DEBUG    | log:153 | [classify_query_intent] Classified: 'Tìm gd chưa ck xong do đợi duy...' -> Tra cứu giao dịch chuyển tiền (score=1)
2026-01-05 10:41:57 | DEBUG    | log:153 | [normalize_query] 'He thong con giao dich nao dang treo chu...' -> 'He thong con giao dich nao dang treo chu...'
2026-01-05 10:41:57 | DEBUG    | log:153 | [perform_hybrid_search] query_text: [He thong con giao dich nao dang treo chua di khong] - formatted_query: [He thong con giao dich nao dang treo chua di khong] - normalized_query: [He thong con giao dich nao dang treo chua di khong]
2026-01-05 10:41:57 | DEBUG    | log:153 | [perform_hybrid_search] BM25 raw scores: min=0.1311, max=14.1215
2026-01-05 10:41:57 | DEBUG    | log:153 | [classify_query_intent] No keyword matches found in: 'He thong con giao dich nao dang treo chua di khong'
2026-01-05 10:41:57 | DEBUG    | log:153 | [normalize_query] 'Kiem tra xem co lenh nao sot chua duyet ...' -> 'Kiem tra xem co lenh nao sot chua duyet ...'
2026-01-05 10:41:57 | DEBUG    | log:153 | [perform_hybrid_search] query_text: [Kiem tra xem co lenh nao sot chua duyet ko] - formatted_query: [Kiem tra xem co lenh nao sot chua duyet ko] - normalized_query: [Kiem tra xem co lenh nao sot chua duyet ko]
2026-01-05 10:41:57 | DEBUG    | log:153 | [perform_hybrid_search] BM25 raw scores: min=0.0262, max=23.6318
2026-01-05 10:41:57 | DEBUG    | log:153 | [classify_query_intent] No keyword matches found in: 'Kiem tra xem co lenh nao sot chua duyet ko'
2026-01-05 10:41:57 | DEBUG    | log:153 | [normalize_query] 'Co khoan chuyen tien nao dang o trang th...' -> 'Co khoan chuyen tien nao dang o trang th...'
2026-01-05 10:41:57 | DEBUG    | log:153 | [perform_hybrid_search] query_text: [Co khoan chuyen tien nao dang o trang thai pending ko] - formatted_query: [Co khoan chuyen tien nao dang o trang thai pending ko] - normalized_query: [Co khoan chuyen tien nao dang o trang thai pending ko]
2026-01-05 10:41:57 | DEBUG    | log:153 | [perform_hybrid_search] BM25 raw scores: min=0.5268, max=15.8668
2026-01-05 10:41:57 | DEBUG    | log:153 | [get_keyword_boost] Query: 'Co khoan chuyen tien nao dang ...' | Doc: getTransactionList | | Boost: 0.25 | Matched: ['pending']
2026-01-05 10:41:57 | DEBUG    | log:153 | [get_keyword_boost] Query: 'Co khoan chuyen tien nao dang ...' | Doc: getTransactionList | | Boost: 0.25 | Matched: ['pending']
2026-01-05 10:41:57 | DEBUG    | log:153 | [get_keyword_boost] Query: 'Co khoan chuyen tien nao dang ...' | Doc: getTransactionList | | Boost: 0.25 | Matched: ['pending']
2026-01-05 10:41:57 | DEBUG    | log:153 | [get_keyword_boost] Query: 'Co khoan chuyen tien nao dang ...' | Doc: getTransactionList | | Boost: 0.25 | Matched: ['pending']
2026-01-05 10:41:57 | DEBUG    | log:153 | [get_keyword_boost] Query: 'Co khoan chuyen tien nao dang ...' | Doc: getTransactionList | | Boost: 0.25 | Matched: ['pending']
2026-01-05 10:41:57 | DEBUG    | log:153 | [classify_query_intent] Ambiguous: 'Co khoan chuyen tien nao dang ...' | Scores: {'getTransactionList | Tra cứu giao dịch đang chờ xử lý hoặc chờ duyệt': 1, 'getTransactionList | Tra cứu giao dịch chờ duyệt theo số tài khoản nguồn': 1, 'getTransactionList | Tra cứu giao dịch chờ duyệt theo khoảng thời gian': 1, 'getTransactionList | Tra cứu giao dịch chờ duyệt theo loại giao dịch': 1, 'getTransactionList | Tra cứu giao dịch chờ duyệt theo số tiền hoặc hạn mức': 1}
2026-01-05 10:41:57 | DEBUG    | log:153 | [normalize_query] 'Hien tai danh sach cho duyet co trong kh...' -> 'Hien tai danh sach cho duyet co trong kh...'
2026-01-05 10:41:57 | DEBUG    | log:153 | [perform_hybrid_search] query_text: [Hien tai danh sach cho duyet co trong khong] - formatted_query: [Hien tai danh sach cho duyet co trong khong] - normalized_query: [Hien tai danh sach cho duyet co trong khong]
2026-01-05 10:41:57 | DEBUG    | log:153 | [perform_hybrid_search] BM25 raw scores: min=0.0806, max=19.6799
2026-01-05 10:41:57 | DEBUG    | log:153 | [get_keyword_boost] Query: 'Hien tai danh sach cho duyet c...' | Doc: getTransactionList | | Boost: 0.25 | Matched: ['trong']
2026-01-05 10:41:57 | DEBUG    | log:153 | [classify_query_intent] Classified: 'Hien tai danh sach cho duyet c...' -> getTransactionList | Tra cứu g (score=1)
2026-01-05 10:41:57 | DEBUG    | log:153 | [normalize_query] 'Check gup toi cac giao dich dang doi xu ...' -> 'Check gup toi cac giao dich dang doi xu ...'
2026-01-05 10:41:57 | DEBUG    | log:153 | [perform_hybrid_search] query_text: [Check gup toi cac giao dich dang doi xu ly] - formatted_query: [Check gup toi cac giao dich dang doi xu ly] - normalized_query: [Check gup toi cac giao dich dang doi xu ly]
2026-01-05 10:41:57 | DEBUG    | log:153 | [perform_hybrid_search] BM25 raw scores: min=0.1049, max=3.4321
2026-01-05 10:41:57 | DEBUG    | log:153 | [get_keyword_boost] Query: 'Check gup toi cac giao dich da...' | Doc: Tra cứu giao dịch ch | Boost: 0.25 | Matched: ['ck']
2026-01-05 10:41:57 | DEBUG    | log:153 | [classify_query_intent] Classified: 'Check gup toi cac giao dich da...' -> Tra cứu giao dịch chuyển tiền (score=1)
2026-01-05 10:41:57 | DEBUG    | log:153 | [normalize_query] 'Show cho toi cac lenh dang cho phe duyet...' -> 'Show cho toi cac lenh dang cho phe duyet...'
2026-01-05 10:41:57 | DEBUG    | log:153 | [perform_hybrid_search] query_text: [Show cho toi cac lenh dang cho phe duyet] - formatted_query: [Show cho toi cac lenh dang cho phe duyet] - normalized_query: [Show cho toi cac lenh dang cho phe duyet]
2026-01-05 10:41:57 | DEBUG    | log:153 | [perform_hybrid_search] BM25 raw scores: min=0.0141, max=6.7576
2026-01-05 10:41:57 | DEBUG    | log:153 | [classify_query_intent] No keyword matches found in: 'Show cho toi cac lenh dang cho phe duyet'
2026-01-05 10:41:57 | DEBUG    | log:153 | [normalize_query] 'Loc ra toan bo cac giao dich co trang th...' -> 'Loc ra toan bo cac giao dich co trang th...'
2026-01-05 10:41:57 | DEBUG    | log:153 | [perform_hybrid_search] query_text: [Loc ra toan bo cac giao dich co trang thai pending] - formatted_query: [Loc ra toan bo cac giao dich co trang thai pending] - normalized_query: [Loc ra toan bo cac giao dich co trang thai pending]
2026-01-05 10:41:57 | DEBUG    | log:153 | [perform_hybrid_search] BM25 raw scores: min=0.1708, max=15.9403
2026-01-05 10:41:57 | DEBUG    | log:153 | [get_keyword_boost] Query: 'Loc ra toan bo cac giao dich c...' | Doc: getTransactionList | | Boost: 0.25 | Matched: ['pending']
2026-01-05 10:41:57 | DEBUG    | log:153 | [get_keyword_boost] Query: 'Loc ra toan bo cac giao dich c...' | Doc: getTransactionList | | Boost: 0.25 | Matched: ['pending']
2026-01-05 10:41:57 | DEBUG    | log:153 | [get_keyword_boost] Query: 'Loc ra toan bo cac giao dich c...' | Doc: getTransactionList | | Boost: 0.25 | Matched: ['pending']
2026-01-05 10:41:57 | DEBUG    | log:153 | [get_keyword_boost] Query: 'Loc ra toan bo cac giao dich c...' | Doc: getTransactionList | | Boost: 0.25 | Matched: ['pending']
2026-01-05 10:41:57 | DEBUG    | log:153 | [get_keyword_boost] Query: 'Loc ra toan bo cac giao dich c...' | Doc: getTransactionList | | Boost: 0.25 | Matched: ['pending']
2026-01-05 10:41:57 | DEBUG    | log:153 | [classify_query_intent] Ambiguous: 'Loc ra toan bo cac giao dich c...' | Scores: {'getTransactionList | Tra cứu giao dịch đang chờ xử lý hoặc chờ duyệt': 1, 'getTransactionList | Tra cứu giao dịch chờ duyệt theo số tài khoản nguồn': 1, 'getTransactionList | Tra cứu giao dịch chờ duyệt theo khoảng thời gian': 1, 'getTransactionList | Tra cứu giao dịch chờ duyệt theo loại giao dịch': 1, 'getTransactionList | Tra cứu giao dịch chờ duyệt theo số tiền hoặc hạn mức': 1}
2026-01-05 10:41:57 | DEBUG    | log:153 | [normalize_query] 'Danh sach nhung giao dich nao chua duoc ...' -> 'Danh sach nhung giao dich nao chua duoc ...'
2026-01-05 10:41:57 | DEBUG    | log:153 | [perform_hybrid_search] query_text: [Danh sach nhung giao dich nao chua duoc checker thong qua] - formatted_query: [Danh sach nhung giao dich nao chua duoc checker thong qua] - normalized_query: [Danh sach nhung giao dich nao chua duoc checker thong qua]
2026-01-05 10:41:58 | DEBUG    | log:153 | [perform_hybrid_search] BM25 raw scores: min=0.1049, max=19.9448
2026-01-05 10:41:58 | DEBUG    | log:153 | [get_keyword_boost] Query: 'Danh sach nhung giao dich nao ...' | Doc: Tra cứu giao dịch ch | Boost: 0.25 | Matched: ['ck']
2026-01-05 10:41:58 | DEBUG    | log:153 | [classify_query_intent] Classified: 'Danh sach nhung giao dich nao ...' -> Tra cứu giao dịch chuyển tiền (score=1)
2026-01-05 10:41:58 | DEBUG    | log:153 | [normalize_query] 'Tong hop cac lenh chuyen tien dang cho x...' -> 'Tong hop cac lenh chuyen tien dang cho x...'
2026-01-05 10:41:58 | DEBUG    | log:153 | [perform_hybrid_search] query_text: [Tong hop cac lenh chuyen tien dang cho xu ly] - formatted_query: [Tong hop cac lenh chuyen tien dang cho xu ly] - normalized_query: [Tong hop cac lenh chuyen tien dang cho xu ly]
2026-01-05 10:41:58 | DEBUG    | log:153 | [perform_hybrid_search] BM25 raw scores: min=0.3795, max=12.2089
2026-01-05 10:41:58 | DEBUG    | log:153 | [classify_query_intent] No keyword matches found in: 'Tong hop cac lenh chuyen tien dang cho xu ly'
2026-01-05 10:41:58 | DEBUG    | log:153 | [normalize_query] 'Mo danh sach cac giao dich can duyet nga...' -> 'Mo danh sach cac giao dich can duyet nga...'
2026-01-05 10:41:58 | DEBUG    | log:153 | [perform_hybrid_search] query_text: [Mo danh sach cac giao dich can duyet ngay bay gio] - formatted_query: [Mo danh sach cac giao dich can duyet ngay bay gio] - normalized_query: [Mo danh sach cac giao dich can duyet ngay bay gio]
2026-01-05 10:41:58 | DEBUG    | log:153 | [perform_hybrid_search] BM25 raw scores: min=0.0786, max=15.6330
2026-01-05 10:41:58 | DEBUG    | log:153 | [classify_query_intent] No keyword matches found in: 'Mo danh sach cac giao dich can duyet ngay bay gio'
2026-01-05 10:41:58 | DEBUG    | log:153 | [normalize_query] 'Xem list cac giao dich chua hoan tat...' -> 'Xem list cac giao dich chua hoan tat...'
2026-01-05 10:41:58 | DEBUG    | log:153 | [perform_hybrid_search] query_text: [Xem list cac giao dich chua hoan tat] - formatted_query: [Xem list cac giao dich chua hoan tat] - normalized_query: [Xem list cac giao dich chua hoan tat]
2026-01-05 10:41:58 | DEBUG    | log:153 | [perform_hybrid_search] BM25 raw scores: min=0.4090, max=20.8600
2026-01-05 10:41:58 | DEBUG    | log:153 | [classify_query_intent] No keyword matches found in: 'Xem list cac giao dich chua hoan tat'
2026-01-05 10:41:58 | DEBUG    | log:153 | [normalize_query] 'Liet ke danh sach cac giao dich doanh ng...' -> 'Liet ke danh sach cac giao dich doanh ng...'
2026-01-05 10:41:58 | DEBUG    | log:153 | [perform_hybrid_search] query_text: [Liet ke danh sach cac giao dich doanh nghiep dang cho duyet] - formatted_query: [Liet ke danh sach cac giao dich doanh nghiep dang cho duyet] - normalized_query: [Liet ke danh sach cac giao dich doanh nghiep dang cho duyet]
2026-01-05 10:41:58 | DEBUG    | log:153 | [perform_hybrid_search] BM25 raw scores: min=0.1049, max=21.1851
2026-01-05 10:41:58 | DEBUG    | log:153 | [classify_query_intent] No keyword matches found in: 'Liet ke danh sach cac giao dich doanh nghiep dang '
2026-01-05 10:41:58 | DEBUG    | log:153 | [normalize_query] 'Hien thi nhung lenh chuyen tien chua duo...' -> 'Hien thi nhung lenh chuyen tien chua duo...'
2026-01-05 10:41:58 | DEBUG    | log:153 | [perform_hybrid_search] query_text: [Hien thi nhung lenh chuyen tien chua duoc xu ly] - formatted_query: [Hien thi nhung lenh chuyen tien chua duoc xu ly] - normalized_query: [Hien thi nhung lenh chuyen tien chua duoc xu ly]
2026-01-05 10:41:58 | DEBUG    | log:153 | [perform_hybrid_search] BM25 raw scores: min=0.4454, max=23.6832
2026-01-05 10:41:58 | DEBUG    | log:153 | [classify_query_intent] No keyword matches found in: 'Hien thi nhung lenh chuyen tien chua duoc xu ly'
2026-01-05 10:41:58 | DEBUG    | log:153 | [normalize_query] 'Xuat danh sach cac giao dich dang pendin...' -> 'Xuat danh sach cac giao dich dang pendin...'
2026-01-05 10:41:58 | DEBUG    | log:153 | [perform_hybrid_search] query_text: [Xuat danh sach cac giao dich dang pending] - formatted_query: [Xuat danh sach cac giao dich dang pending] - normalized_query: [Xuat danh sach cac giao dich dang pending]
2026-01-05 10:41:58 | DEBUG    | log:153 | [perform_hybrid_search] BM25 raw scores: min=0.1049, max=13.8881
2026-01-05 10:41:58 | DEBUG    | log:153 | [get_keyword_boost] Query: 'Xuat danh sach cac giao dich d...' | Doc: getTransactionList | | Boost: 0.25 | Matched: ['pending']
2026-01-05 10:41:58 | DEBUG    | log:153 | [get_keyword_boost] Query: 'Xuat danh sach cac giao dich d...' | Doc: getTransactionList | | Boost: 0.25 | Matched: ['pending']
2026-01-05 10:41:58 | DEBUG    | log:153 | [get_keyword_boost] Query: 'Xuat danh sach cac giao dich d...' | Doc: getTransactionList | | Boost: 0.25 | Matched: ['pending']
2026-01-05 10:41:58 | DEBUG    | log:153 | [get_keyword_boost] Query: 'Xuat danh sach cac giao dich d...' | Doc: getTransactionList | | Boost: 0.25 | Matched: ['pending']
2026-01-05 10:41:58 | DEBUG    | log:153 | [get_keyword_boost] Query: 'Xuat danh sach cac giao dich d...' | Doc: getTransactionList | | Boost: 0.25 | Matched: ['pending']
2026-01-05 10:41:58 | DEBUG    | log:153 | [classify_query_intent] Ambiguous: 'Xuat danh sach cac giao dich d...' | Scores: {'getTransactionList | Tra cứu giao dịch đang chờ xử lý hoặc chờ duyệt': 1, 'getTransactionList | Tra cứu giao dịch chờ duyệt theo số tài khoản nguồn': 1, 'getTransactionList | Tra cứu giao dịch chờ duyệt theo khoảng thời gian': 1, 'getTransactionList | Tra cứu giao dịch chờ duyệt theo loại giao dịch': 1, 'getTransactionList | Tra cứu giao dịch chờ duyệt theo số tiền hoặc hạn mức': 1}
2026-01-05 10:41:58 | DEBUG    | log:153 | [normalize_query] 'Nhung giao dich nao dang nam trong hang ...' -> 'Nhung giao dich nao dang nam trong hang ...'
2026-01-05 10:41:58 | DEBUG    | log:153 | [perform_hybrid_search] query_text: [Nhung giao dich nao dang nam trong hang doi phe duyet] - formatted_query: [Nhung giao dich nao dang nam trong hang doi phe duyet] - normalized_query: [Nhung giao dich nao dang nam trong hang doi phe duyet]
2026-01-05 10:41:58 | DEBUG    | log:153 | [perform_hybrid_search] BM25 raw scores: min=0.1049, max=9.2033
2026-01-05 10:41:58 | DEBUG    | log:153 | [get_keyword_boost] Query: 'Nhung giao dich nao dang nam t...' | Doc: getTransactionList | | Boost: 0.25 | Matched: ['trong']
2026-01-05 10:41:58 | DEBUG    | log:153 | [classify_query_intent] Classified: 'Nhung giao dich nao dang nam t...' -> getTransactionList | Tra cứu g (score=1)
2026-01-05 10:41:58 | DEBUG    | log:153 | [normalize_query] 'Chưa đi còn giao dịch nào đang treo khôn...' -> 'Chưa đi còn giao dịch nào đang treo khôn...'
2026-01-05 10:41:58 | DEBUG    | log:153 | [perform_hybrid_search] query_text: [Chưa đi còn giao dịch nào đang treo không hệ thống?] - formatted_query: [Chưa đi còn giao dịch nào đang treo không hệ thống] - normalized_query: [Chưa đi còn giao dịch nào đang treo không hệ thống]
2026-01-05 10:41:58 | DEBUG    | log:153 | [perform_hybrid_search] BM25 raw scores: min=0.1072, max=47.5592
2026-01-05 10:41:58 | DEBUG    | log:153 | [classify_query_intent] No keyword matches found in: 'Chưa đi còn giao dịch nào đang treo không hệ thống'
2026-01-05 10:41:58 | DEBUG    | log:153 | [normalize_query] 'Sót lệnh nào chưa duyệt không kiểm tra x...' -> 'Sót lệnh nào chưa duyệt không kiểm tra x...'
2026-01-05 10:41:58 | DEBUG    | log:153 | [perform_hybrid_search] query_text: [Sót lệnh nào chưa duyệt không kiểm tra xem.] - formatted_query: [Sót lệnh nào chưa duyệt không kiểm tra xem] - normalized_query: [Sót lệnh nào chưa duyệt không kiểm tra xem]
2026-01-05 10:41:58 | DEBUG    | log:153 | [perform_hybrid_search] BM25 raw scores: min=0.0262, max=36.9445
2026-01-05 10:41:58 | DEBUG    | log:153 | [classify_query_intent] No keyword matches found in: 'Sót lệnh nào chưa duyệt không kiểm tra xem'
2026-01-05 10:41:58 | DEBUG    | log:153 | [normalize_query] 'Pending ấy, có khoản chuyển tiền nào đan...' -> 'Pending ấy, có khoản chuyển tiền nào đan...'
2026-01-05 10:41:58 | DEBUG    | log:153 | [perform_hybrid_search] query_text: [Pending ấy, có khoản chuyển tiền nào đang ở trạng thái đó không?] - formatted_query: [Pending ấy, có khoản chuyển tiền nào đang ở trạng thái đó không] - normalized_query: [Pending ấy, có khoản chuyển tiền nào đang ở trạng thái đó không]
2026-01-05 10:41:58 | DEBUG    | log:153 | [perform_hybrid_search] BM25 raw scores: min=0.5126, max=38.8109
2026-01-05 10:41:58 | DEBUG    | log:153 | [get_keyword_boost] Query: 'Pending ấy, có khoản chuyển ti...' | Doc: Tra cứu giao dịch th | Boost: 0.25 | Matched: ['trạng thái']
2026-01-05 10:41:58 | DEBUG    | log:153 | [get_keyword_boost] Query: 'Pending ấy, có khoản chuyển ti...' | Doc: Tra cứu giao dịch th | Boost: 0.25 | Matched: ['chuyển tiền']
2026-01-05 10:41:58 | DEBUG    | log:153 | [get_keyword_boost] Query: 'Pending ấy, có khoản chuyển ti...' | Doc: Tra cứu giao dịch ch | Boost: 0.25 | Matched: ['chuyển tiền']
2026-01-05 10:41:58 | DEBUG    | log:153 | [get_keyword_boost] Query: 'Pending ấy, có khoản chuyển ti...' | Doc: getTransactionList | | Boost: 0.25 | Matched: ['pending']
2026-01-05 10:41:58 | DEBUG    | log:153 | [get_keyword_boost] Query: 'Pending ấy, có khoản chuyển ti...' | Doc: getTransactionList | | Boost: 0.25 | Matched: ['pending']
2026-01-05 10:41:58 | DEBUG    | log:153 | [get_keyword_boost] Query: 'Pending ấy, có khoản chuyển ti...' | Doc: getTransactionList | | Boost: 0.25 | Matched: ['pending']
2026-01-05 10:41:58 | DEBUG    | log:153 | [get_keyword_boost] Query: 'Pending ấy, có khoản chuyển ti...' | Doc: getTransactionList | | Boost: 0.50 | Matched: ['pending', 'chuyển tiền']
2026-01-05 10:41:58 | DEBUG    | log:153 | [get_keyword_boost] Query: 'Pending ấy, có khoản chuyển ti...' | Doc: getTransactionList | | Boost: 0.25 | Matched: ['pending']
2026-01-05 10:41:58 | DEBUG    | log:153 | [classify_query_intent] Classified: 'Pending ấy, có khoản chuyển ti...' -> getTransactionList | Tra cứu g (score=2)
2026-01-05 10:41:58 | DEBUG    | log:153 | [normalize_query] 'Trống không danh sách chờ duyệt hiện tại...' -> 'Trống không danh sách chờ duyệt hiện tại...'
2026-01-05 10:41:58 | DEBUG    | log:153 | [perform_hybrid_search] query_text: [Trống không danh sách chờ duyệt hiện tại?] - formatted_query: [Trống không danh sách chờ duyệt hiện tại] - normalized_query: [Trống không danh sách chờ duyệt hiện tại]
2026-01-05 10:41:58 | DEBUG    | log:153 | [perform_hybrid_search] BM25 raw scores: min=0.0000, max=24.0668
2026-01-05 10:41:58 | DEBUG    | log:153 | [get_keyword_boost] Query: 'Trống không danh sách chờ duyệ...' | Doc: Tra cứu giao dịch th | Boost: 0.25 | Matched: ['chờ']
2026-01-05 10:41:58 | DEBUG    | log:153 | [get_keyword_boost] Query: 'Trống không danh sách chờ duyệ...' | Doc: getTransactionList | | Boost: 0.25 | Matched: ['chờ duyệt']
2026-01-05 10:41:58 | DEBUG    | log:153 | [get_keyword_boost] Query: 'Trống không danh sách chờ duyệ...' | Doc: getTransactionList | | Boost: 0.25 | Matched: ['chờ duyệt']
2026-01-05 10:41:58 | DEBUG    | log:153 | [get_keyword_boost] Query: 'Trống không danh sách chờ duyệ...' | Doc: getTransactionList | | Boost: 0.25 | Matched: ['chờ duyệt']
2026-01-05 10:41:58 | DEBUG    | log:153 | [get_keyword_boost] Query: 'Trống không danh sách chờ duyệ...' | Doc: getTransactionList | | Boost: 0.25 | Matched: ['chờ duyệt']
2026-01-05 10:41:58 | DEBUG    | log:153 | [get_keyword_boost] Query: 'Trống không danh sách chờ duyệ...' | Doc: getTransactionList | | Boost: 0.25 | Matched: ['chờ duyệt']
2026-01-05 10:41:58 | DEBUG    | log:153 | [classify_query_intent] Ambiguous: 'Trống không danh sách chờ duyệ...' | Scores: {'Tra cứu giao dịch theo trạng thái': 1, 'getTransactionList | Tra cứu giao dịch đang chờ xử lý hoặc chờ duyệt': 1, 'getTransactionList | Tra cứu giao dịch chờ duyệt theo số tài khoản nguồn': 1, 'getTransactionList | Tra cứu giao dịch chờ duyệt theo khoảng thời gian': 1, 'getTransactionList | Tra cứu giao dịch chờ duyệt theo loại giao dịch': 1, 'getTransactionList | Tra cứu giao dịch chờ duyệt theo số tiền hoặc hạn mức': 1}
2026-01-05 10:41:58 | DEBUG    | log:153 | [normalize_query] 'Đang đợi xử lý, check giúp tôi các giao ...' -> 'Đang đợi xử lý, check giúp tôi các giao ...'
2026-01-05 10:41:58 | DEBUG    | log:153 | [perform_hybrid_search] query_text: [Đang đợi xử lý, check giúp tôi các giao dịch này.] - formatted_query: [Đang đợi xử lý, check giúp tôi các giao dịch này] - normalized_query: [Đang đợi xử lý, check giúp tôi các giao dịch này]
2026-01-05 10:41:58 | DEBUG    | log:153 | [perform_hybrid_search] BM25 raw scores: min=0.0786, max=11.0251
2026-01-05 10:41:58 | DEBUG    | log:153 | [get_keyword_boost] Query: 'Đang đợi xử lý, check giúp tôi...' | Doc: Tra cứu giao dịch th | Boost: 0.25 | Matched: ['xử lý']
2026-01-05 10:41:58 | DEBUG    | log:153 | [get_keyword_boost] Query: 'Đang đợi xử lý, check giúp tôi...' | Doc: Tra cứu giao dịch ch | Boost: 0.25 | Matched: ['ck']
2026-01-05 10:41:58 | DEBUG    | log:153 | [classify_query_intent] Ambiguous: 'Đang đợi xử lý, check giúp tôi...' | Scores: {'Tra cứu giao dịch theo trạng thái': 1, 'Tra cứu giao dịch chuyển tiền': 1}
2026-01-05 10:41:58 | DEBUG    | log:153 | [normalize_query] 'Chờ phê duyệt, show cho tôi các lệnh đó....' -> 'Chờ phê duyệt, show cho tôi các lệnh đó...'
2026-01-05 10:41:58 | DEBUG    | log:153 | [perform_hybrid_search] query_text: [Chờ phê duyệt, show cho tôi các lệnh đó.] - formatted_query: [Chờ phê duyệt, show cho tôi các lệnh đó] - normalized_query: [Chờ phê duyệt, show cho tôi các lệnh đó]
2026-01-05 10:41:58 | DEBUG    | log:153 | [perform_hybrid_search] BM25 raw scores: min=0.0000, max=15.2846
2026-01-05 10:41:58 | DEBUG    | log:153 | [get_keyword_boost] Query: 'Chờ phê duyệt, show cho tôi cá...' | Doc: Tra cứu giao dịch th | Boost: 0.50 | Matched: ['chờ', 'phê duyệt']
2026-01-05 10:41:58 | DEBUG    | log:153 | [get_keyword_boost] Query: 'Chờ phê duyệt, show cho tôi cá...' | Doc: getTransactionList | | Boost: 0.25 | Matched: ['chờ phê duyệt']
2026-01-05 10:41:58 | DEBUG    | log:153 | [classify_query_intent] Classified: 'Chờ phê duyệt, show cho tôi cá...' -> Tra cứu giao dịch theo trạng t (score=2)
2026-01-05 10:41:58 | DEBUG    | log:153 | [normalize_query] 'Trạng thái pending, lọc ra toàn bộ các g...' -> 'Trạng thái pending, lọc ra toàn bộ các g...'
2026-01-05 10:41:58 | DEBUG    | log:153 | [perform_hybrid_search] query_text: [Trạng thái pending, lọc ra toàn bộ các giao dịch.] - formatted_query: [Trạng thái pending, lọc ra toàn bộ các giao dịch] - normalized_query: [Trạng thái pending, lọc ra toàn bộ các giao dịch]
2026-01-05 10:41:58 | DEBUG    | log:153 | [perform_hybrid_search] BM25 raw scores: min=0.1721, max=31.4978
2026-01-05 10:41:58 | DEBUG    | log:153 | [get_keyword_boost] Query: 'Trạng thái pending, lọc ra toà...' | Doc: Tra cứu giao dịch th | Boost: 0.25 | Matched: ['trạng thái']
2026-01-05 10:41:58 | DEBUG    | log:153 | [get_keyword_boost] Query: 'Trạng thái pending, lọc ra toà...' | Doc: getTransactionList | | Boost: 0.50 | Matched: ['pending', 'toàn bộ']
2026-01-05 10:41:58 | DEBUG    | log:153 | [get_keyword_boost] Query: 'Trạng thái pending, lọc ra toà...' | Doc: getTransactionList | | Boost: 0.25 | Matched: ['pending']
2026-01-05 10:41:58 | DEBUG    | log:153 | [get_keyword_boost] Query: 'Trạng thái pending, lọc ra toà...' | Doc: getTransactionList | | Boost: 0.25 | Matched: ['pending']
2026-01-05 10:41:58 | DEBUG    | log:153 | [get_keyword_boost] Query: 'Trạng thái pending, lọc ra toà...' | Doc: getTransactionList | | Boost: 0.25 | Matched: ['pending']
2026-01-05 10:41:58 | DEBUG    | log:153 | [get_keyword_boost] Query: 'Trạng thái pending, lọc ra toà...' | Doc: getTransactionList | | Boost: 0.25 | Matched: ['pending']
2026-01-05 10:41:58 | DEBUG    | log:153 | [classify_query_intent] Classified: 'Trạng thái pending, lọc ra toà...' -> getTransactionList | Tra cứu g (score=2)
2026-01-05 10:41:58 | DEBUG    | log:153 | [normalize_query] 'Chưa được checker thông qua là danh sách...' -> 'Chưa được checker thông qua là danh sách...'
2026-01-05 10:41:58 | DEBUG    | log:153 | [perform_hybrid_search] query_text: [Chưa được checker thông qua là danh sách những giao dịch nào?] - formatted_query: [Chưa được checker thông qua là danh sách những giao dịch nào] - normalized_query: [Chưa được checker thông qua là danh sách những giao dịch nào]
2026-01-05 10:41:58 | DEBUG    | log:153 | [perform_hybrid_search] BM25 raw scores: min=0.1049, max=43.1840
2026-01-05 10:41:58 | DEBUG    | log:153 | [get_keyword_boost] Query: 'Chưa được checker thông qua là...' | Doc: Tra cứu giao dịch ch | Boost: 0.25 | Matched: ['ck']
2026-01-05 10:41:58 | DEBUG    | log:153 | [classify_query_intent] Classified: 'Chưa được checker thông qua là...' -> Tra cứu giao dịch chuyển tiền (score=1)
2026-01-05 10:41:58 | DEBUG    | log:153 | [normalize_query] 'Đang chờ xử lý, tổng hợp các lệnh chuyển...' -> 'Đang chờ xử lý, tổng hợp các lệnh chuyển...'
2026-01-05 10:41:58 | DEBUG    | log:153 | [perform_hybrid_search] query_text: [Đang chờ xử lý, tổng hợp các lệnh chuyển tiền giúp.] - formatted_query: [Đang chờ xử lý, tổng hợp các lệnh chuyển tiền giúp] - normalized_query: [Đang chờ xử lý, tổng hợp các lệnh chuyển tiền giúp]
2026-01-05 10:41:58 | DEBUG    | log:153 | [perform_hybrid_search] BM25 raw scores: min=0.3667, max=28.3917
2026-01-05 10:41:58 | DEBUG    | log:153 | [get_keyword_boost] Query: 'Đang chờ xử lý, tổng hợp các l...' | Doc: Tra cứu giao dịch th | Boost: 0.50 | Matched: ['xử lý', 'chờ']
2026-01-05 10:41:58 | DEBUG    | log:153 | [get_keyword_boost] Query: 'Đang chờ xử lý, tổng hợp các l...' | Doc: Tra cứu giao dịch th | Boost: 0.25 | Matched: ['chuyển tiền']
2026-01-05 10:41:58 | DEBUG    | log:153 | [get_keyword_boost] Query: 'Đang chờ xử lý, tổng hợp các l...' | Doc: Tổng hợp số tiền gia | Boost: 0.25 | Matched: ['tổng']
2026-01-05 10:41:58 | DEBUG    | log:153 | [get_keyword_boost] Query: 'Đang chờ xử lý, tổng hợp các l...' | Doc: Tra cứu giao dịch ch | Boost: 0.25 | Matched: ['chuyển tiền']
2026-01-05 10:41:58 | DEBUG    | log:153 | [get_keyword_boost] Query: 'Đang chờ xử lý, tổng hợp các l...' | Doc: Thống kê giao dịch t | Boost: 0.25 | Matched: ['tổng hợp']
2026-01-05 10:41:58 | DEBUG    | log:153 | [get_keyword_boost] Query: 'Đang chờ xử lý, tổng hợp các l...' | Doc: getTransactionList | | Boost: 0.50 | Matched: ['chờ xử lý', 'đang chờ']
2026-01-05 10:41:58 | DEBUG    | log:153 | [get_keyword_boost] Query: 'Đang chờ xử lý, tổng hợp các l...' | Doc: getTransactionList | | Boost: 0.25 | Matched: ['chờ xử lý']
2026-01-05 10:41:58 | DEBUG    | log:153 | [get_keyword_boost] Query: 'Đang chờ xử lý, tổng hợp các l...' | Doc: getTransactionList | | Boost: 0.25 | Matched: ['chờ xử lý']
2026-01-05 10:41:58 | DEBUG    | log:153 | [get_keyword_boost] Query: 'Đang chờ xử lý, tổng hợp các l...' | Doc: getTransactionList | | Boost: 0.50 | Matched: ['chờ xử lý', 'chuyển tiền']
2026-01-05 10:41:58 | DEBUG    | log:153 | [get_keyword_boost] Query: 'Đang chờ xử lý, tổng hợp các l...' | Doc: getTransactionList | | Boost: 0.25 | Matched: ['chờ xử lý']
2026-01-05 10:41:58 | DEBUG    | log:153 | [classify_query_intent] Ambiguous: 'Đang chờ xử lý, tổng hợp các l...' | Scores: {'Tra cứu giao dịch theo trạng thái': 2, 'Tra cứu giao dịch theo loại giao dịch': 1, 'Tổng hợp số tiền giao dịch': 1, 'Tra cứu giao dịch chuyển tiền': 1, 'Thống kê giao dịch theo nhóm': 1, 'getTransactionList | Tra cứu giao dịch đang chờ xử lý hoặc chờ duyệt': 2, 'getTransactionList | Tra cứu giao dịch chờ duyệt theo số tài khoản nguồn': 1, 'getTransactionList | Tra cứu giao dịch chờ duyệt theo khoảng thời gian': 1, 'getTransactionList | Tra cứu giao dịch chờ duyệt theo loại giao dịch': 2, 'getTransactionList | Tra cứu giao dịch chờ duyệt theo số tiền hoặc hạn mức': 1}
2026-01-05 10:41:58 | DEBUG    | log:153 | [normalize_query] 'Ngay bây giờ mở danh sách các giao dịch ...' -> 'Ngay bây giờ mở danh sách các giao dịch ...'
2026-01-05 10:41:58 | DEBUG    | log:153 | [perform_hybrid_search] query_text: [Ngay bây giờ mở danh sách các giao dịch cần duyệt đi.] - formatted_query: [Ngay bây giờ mở danh sách các giao dịch cần duyệt đi] - normalized_query: [Ngay bây giờ mở danh sách các giao dịch cần duyệt đi]
2026-01-05 10:41:58 | DEBUG    | log:153 | [perform_hybrid_search] BM25 raw scores: min=0.0804, max=36.6188
2026-01-05 10:41:58 | DEBUG    | log:153 | [get_keyword_boost] Query: 'Ngay bây giờ mở danh sách các ...' | Doc: getTransactionList | | Boost: 0.25 | Matched: ['cần duyệt']
2026-01-05 10:41:58 | DEBUG    | log:153 | [classify_query_intent] Classified: 'Ngay bây giờ mở danh sách các ...' -> getTransactionList | Tra cứu g (score=1)
2026-01-05 10:41:58 | DEBUG    | log:153 | [normalize_query] 'Chưa hoàn tất, tôi muốn nhìn thấy list c...' -> 'Chưa hoàn tất, tôi muốn nhìn thấy list c...'
2026-01-05 10:41:58 | DEBUG    | log:153 | [perform_hybrid_search] query_text: [Chưa hoàn tất, tôi muốn nhìn thấy list các giao dịch.] - formatted_query: [Chưa hoàn tất, tôi muốn nhìn thấy list các giao dịch] - normalized_query: [Chưa hoàn tất, tôi muốn nhìn thấy list các giao dịch]
2026-01-05 10:41:58 | DEBUG    | log:153 | [perform_hybrid_search] BM25 raw scores: min=0.3148, max=18.7998
2026-01-05 10:41:58 | DEBUG    | log:153 | [get_keyword_boost] Query: 'Chưa hoàn tất, tôi muốn nhìn t...' | Doc: Tra cứu giao dịch th | Boost: 0.25 | Matched: ['hoàn tất']
2026-01-05 10:41:58 | DEBUG    | log:153 | [classify_query_intent] Classified: 'Chưa hoàn tất, tôi muốn nhìn t...' -> Tra cứu giao dịch theo trạng t (score=1)
2026-01-05 10:41:58 | DEBUG    | log:153 | [normalize_query] 'Doanh nghiệp đang chờ duyệt, liệt kê dan...' -> 'Doanh nghiệp đang chờ duyệt, liệt kê dan...'
2026-01-05 10:41:58 | DEBUG    | log:153 | [perform_hybrid_search] query_text: [Doanh nghiệp đang chờ duyệt, liệt kê danh sách các giao dịch.] - formatted_query: [Doanh nghiệp đang chờ duyệt, liệt kê danh sách các giao dịch] - normalized_query: [Doanh nghiệp đang chờ duyệt, liệt kê danh sách các giao dịch]
2026-01-05 10:41:58 | DEBUG    | log:153 | [perform_hybrid_search] BM25 raw scores: min=0.0786, max=50.6407
2026-01-05 10:41:58 | DEBUG    | log:153 | [get_keyword_boost] Query: 'Doanh nghiệp đang chờ duyệt, l...' | Doc: Tra cứu giao dịch th | Boost: 0.25 | Matched: ['chờ']
2026-01-05 10:41:58 | DEBUG    | log:153 | [get_keyword_boost] Query: 'Doanh nghiệp đang chờ duyệt, l...' | Doc: getTransactionList | | Boost: 0.50 | Matched: ['chờ duyệt', 'đang chờ']
2026-01-05 10:41:58 | DEBUG    | log:153 | [get_keyword_boost] Query: 'Doanh nghiệp đang chờ duyệt, l...' | Doc: getTransactionList | | Boost: 0.25 | Matched: ['chờ duyệt']
2026-01-05 10:41:58 | DEBUG    | log:153 | [get_keyword_boost] Query: 'Doanh nghiệp đang chờ duyệt, l...' | Doc: getTransactionList | | Boost: 0.25 | Matched: ['chờ duyệt']
2026-01-05 10:41:58 | DEBUG    | log:153 | [get_keyword_boost] Query: 'Doanh nghiệp đang chờ duyệt, l...' | Doc: getTransactionList | | Boost: 0.25 | Matched: ['chờ duyệt']
2026-01-05 10:41:58 | DEBUG    | log:153 | [get_keyword_boost] Query: 'Doanh nghiệp đang chờ duyệt, l...' | Doc: getTransactionList | | Boost: 0.25 | Matched: ['chờ duyệt']
2026-01-05 10:41:58 | DEBUG    | log:153 | [classify_query_intent] Classified: 'Doanh nghiệp đang chờ duyệt, l...' -> getTransactionList | Tra cứu g (score=2)
2026-01-05 10:41:58 | DEBUG    | log:153 | [normalize_query] 'Chưa được xử lý, hiển thị những lệnh chu...' -> 'Chưa được xử lý, hiển thị những lệnh chu...'
2026-01-05 10:41:58 | DEBUG    | log:153 | [perform_hybrid_search] query_text: [Chưa được xử lý, hiển thị những lệnh chuyển tiền đó.] - formatted_query: [Chưa được xử lý, hiển thị những lệnh chuyển tiền đó] - normalized_query: [Chưa được xử lý, hiển thị những lệnh chuyển tiền đó]
2026-01-05 10:41:58 | DEBUG    | log:153 | [perform_hybrid_search] BM25 raw scores: min=0.4454, max=36.8014
2026-01-05 10:41:58 | DEBUG    | log:153 | [get_keyword_boost] Query: 'Chưa được xử lý, hiển thị nhữn...' | Doc: Tra cứu giao dịch th | Boost: 0.25 | Matched: ['xử lý']
2026-01-05 10:41:58 | DEBUG    | log:153 | [get_keyword_boost] Query: 'Chưa được xử lý, hiển thị nhữn...' | Doc: Tra cứu giao dịch th | Boost: 0.25 | Matched: ['chuyển tiền']
2026-01-05 10:41:58 | DEBUG    | log:153 | [get_keyword_boost] Query: 'Chưa được xử lý, hiển thị nhữn...' | Doc: Tra cứu giao dịch ch | Boost: 0.25 | Matched: ['chuyển tiền']
2026-01-05 10:41:58 | DEBUG    | log:153 | [get_keyword_boost] Query: 'Chưa được xử lý, hiển thị nhữn...' | Doc: getTransactionList | | Boost: 0.25 | Matched: ['chuyển tiền']
2026-01-05 10:41:58 | DEBUG    | log:153 | [classify_query_intent] Ambiguous: 'Chưa được xử lý, hiển thị nhữn...' | Scores: {'Tra cứu giao dịch theo trạng thái': 1, 'Tra cứu giao dịch theo loại giao dịch': 1, 'Tra cứu giao dịch chuyển tiền': 1, 'getTransactionList | Tra cứu giao dịch chờ duyệt theo loại giao dịch': 1}
2026-01-05 10:41:58 | DEBUG    | log:153 | [normalize_query] 'Đang pending, xuất danh sách các giao dị...' -> 'Đang pending, xuất danh sách các giao dị...'
2026-01-05 10:41:58 | DEBUG    | log:153 | [perform_hybrid_search] query_text: [Đang pending, xuất danh sách các giao dịch ra.] - formatted_query: [Đang pending, xuất danh sách các giao dịch ra] - normalized_query: [Đang pending, xuất danh sách các giao dịch ra]
2026-01-05 10:41:58 | DEBUG    | log:153 | [perform_hybrid_search] BM25 raw scores: min=0.0786, max=29.5577
2026-01-05 10:41:58 | DEBUG    | log:153 | [get_keyword_boost] Query: 'Đang pending, xuất danh sách c...' | Doc: getTransactionList | | Boost: 0.25 | Matched: ['pending']
2026-01-05 10:41:58 | DEBUG    | log:153 | [get_keyword_boost] Query: 'Đang pending, xuất danh sách c...' | Doc: getTransactionList | | Boost: 0.25 | Matched: ['pending']
2026-01-05 10:41:58 | DEBUG    | log:153 | [get_keyword_boost] Query: 'Đang pending, xuất danh sách c...' | Doc: getTransactionList | | Boost: 0.25 | Matched: ['pending']
2026-01-05 10:41:58 | DEBUG    | log:153 | [get_keyword_boost] Query: 'Đang pending, xuất danh sách c...' | Doc: getTransactionList | | Boost: 0.25 | Matched: ['pending']
2026-01-05 10:41:58 | DEBUG    | log:153 | [get_keyword_boost] Query: 'Đang pending, xuất danh sách c...' | Doc: getTransactionList | | Boost: 0.25 | Matched: ['pending']
2026-01-05 10:41:58 | DEBUG    | log:153 | [classify_query_intent] Ambiguous: 'Đang pending, xuất danh sách c...' | Scores: {'getTransactionList | Tra cứu giao dịch đang chờ xử lý hoặc chờ duyệt': 1, 'getTransactionList | Tra cứu giao dịch chờ duyệt theo số tài khoản nguồn': 1, 'getTransactionList | Tra cứu giao dịch chờ duyệt theo khoảng thời gian': 1, 'getTransactionList | Tra cứu giao dịch chờ duyệt theo loại giao dịch': 1, 'getTransactionList | Tra cứu giao dịch chờ duyệt theo số tiền hoặc hạn mức': 1}
2026-01-05 10:41:58 | DEBUG    | log:153 | [normalize_query] 'Hàng đợi phê duyệt, những giao dịch nào ...' -> 'Hàng đợi phê duyệt, những giao dịch nào ...'
2026-01-05 10:41:58 | DEBUG    | log:153 | [perform_hybrid_search] query_text: [Hàng đợi phê duyệt, những giao dịch nào đang nằm trong đó?] - formatted_query: [Hàng đợi phê duyệt, những giao dịch nào đang nằm trong đó] - normalized_query: [Hàng đợi phê duyệt, những giao dịch nào đang nằm trong đó]
2026-01-05 10:41:58 | DEBUG    | log:153 | [perform_hybrid_search] BM25 raw scores: min=0.0786, max=33.0933
2026-01-05 10:41:58 | DEBUG    | log:153 | [get_keyword_boost] Query: 'Hàng đợi phê duyệt, những giao...' | Doc: Tra cứu giao dịch th | Boost: 0.25 | Matched: ['phê duyệt']
2026-01-05 10:41:58 | DEBUG    | log:153 | [get_keyword_boost] Query: 'Hàng đợi phê duyệt, những giao...' | Doc: getTransactionList | | Boost: 0.25 | Matched: ['trong']
2026-01-05 10:41:58 | DEBUG    | log:153 | [classify_query_intent] Ambiguous: 'Hàng đợi phê duyệt, những giao...' | Scores: {'Tra cứu giao dịch theo trạng thái': 1, 'getTransactionList | Tra cứu giao dịch chờ duyệt theo khoảng thời gian': 1}
2026-01-05 10:41:58 | DEBUG    | log:153 | [normalize_query] 'Tra cứu các giao dịch doanh nghiệp hiện ...' -> 'Tra cứu các giao dịch doanh nghiệp hiện ...'
2026-01-05 10:41:58 | DEBUG    | log:153 | [perform_hybrid_search] query_text: [Tra cứu các giao dịch doanh nghiệp hiện chưa được phê duyệt] - formatted_query: [Tra cứu các giao dịch doanh nghiệp hiện chưa được phê duyệt] - normalized_query: [Tra cứu các giao dịch doanh nghiệp hiện chưa được phê duyệt]
2026-01-05 10:41:58 | DEBUG    | log:153 | [perform_hybrid_search] BM25 raw scores: min=0.5331, max=20.2791
2026-01-05 10:41:58 | DEBUG    | log:153 | [get_keyword_boost] Query: 'Tra cứu các giao dịch doanh ng...' | Doc: Tra cứu giao dịch th | Boost: 0.25 | Matched: ['phê duyệt']
2026-01-05 10:41:58 | DEBUG    | log:153 | [get_keyword_boost] Query: 'Tra cứu các giao dịch doanh ng...' | Doc: getTransactionList | | Boost: 0.25 | Matched: ['chưa được phê duyệt']
2026-01-05 10:41:58 | DEBUG    | log:153 | [classify_query_intent] Ambiguous: 'Tra cứu các giao dịch doanh ng...' | Scores: {'Tra cứu giao dịch theo trạng thái': 1, 'getTransactionList | Tra cứu giao dịch đang chờ xử lý hoặc chờ duyệt': 1}
2026-01-05 10:41:58 | DEBUG    | log:153 | [normalize_query] 'Tôi cần kiểm tra danh sách giao dịch côn...' -> 'Tôi cần kiểm tra danh sách giao dịch côn...'
2026-01-05 10:41:58 | DEBUG    | log:153 | [perform_hybrid_search] query_text: [Tôi cần kiểm tra danh sách giao dịch công ty đang đợi duyệt] - formatted_query: [Tôi cần kiểm tra danh sách giao dịch công ty đang đợi duyệt] - normalized_query: [Tôi cần kiểm tra danh sách giao dịch công ty đang đợi duyệt]
2026-01-05 10:41:58 | DEBUG    | log:153 | [perform_hybrid_search] BM25 raw scores: min=0.1049, max=34.3600
2026-01-05 10:41:58 | DEBUG    | log:153 | [classify_query_intent] No keyword matches found in: 'Tôi cần kiểm tra danh sách giao dịch công ty đang '
2026-01-05 10:41:58 | DEBUG    | log:153 | [normalize_query] 'Cho phép tôi xem các giao dịch doanh ngh...' -> 'Cho phép tôi xem các giao dịch doanh ngh...'
2026-01-05 10:41:58 | DEBUG    | log:153 | [perform_hybrid_search] query_text: [Cho phép tôi xem các giao dịch doanh nghiệp còn đang treo] - formatted_query: [Cho phép tôi xem các giao dịch doanh nghiệp còn đang treo] - normalized_query: [Cho phép tôi xem các giao dịch doanh nghiệp còn đang treo]
2026-01-05 10:41:58 | DEBUG    | log:153 | [perform_hybrid_search] BM25 raw scores: min=0.0786, max=14.0209
2026-01-05 10:41:58 | DEBUG    | log:153 | [classify_query_intent] No keyword matches found in: 'Cho phép tôi xem các giao dịch doanh nghiệp còn đa'
2026-01-05 10:41:58 | DEBUG    | log:153 | [normalize_query] 'Tình trạng các giao dịch doanh nghiệp đa...' -> 'Tình trạng các giao dịch doanh nghiệp đa...'
2026-01-05 10:41:58 | DEBUG    | log:153 | [perform_hybrid_search] query_text: [Tình trạng các giao dịch doanh nghiệp đang xử lý như thế nào] - formatted_query: [Tình trạng các giao dịch doanh nghiệp đang xử lý như thế nào] - normalized_query: [Tình trạng các giao dịch doanh nghiệp đang xử lý như thế nào]
2026-01-05 10:41:58 | DEBUG    | log:153 | [perform_hybrid_search] BM25 raw scores: min=0.0786, max=20.6343
2026-01-05 10:41:58 | DEBUG    | log:153 | [get_keyword_boost] Query: 'Tình trạng các giao dịch doanh...' | Doc: Tra cứu giao dịch th | Boost: 0.25 | Matched: ['xử lý']
2026-01-05 10:41:58 | DEBUG    | log:153 | [classify_query_intent] Classified: 'Tình trạng các giao dịch doanh...' -> Tra cứu giao dịch theo trạng t (score=1)
2026-01-05 10:41:58 | DEBUG    | log:153 | [normalize_query] 'Xem những giao dịch doanh nghiệp vẫn chư...' -> 'Xem những giao dịch doanh nghiệp vẫn chư...'
2026-01-05 10:41:58 | DEBUG    | log:153 | [perform_hybrid_search] query_text: [Xem những giao dịch doanh nghiệp vẫn chưa hoàn thành phê duyệt] - formatted_query: [Xem những giao dịch doanh nghiệp vẫn chưa hoàn thành phê duyệt] - normalized_query: [Xem những giao dịch doanh nghiệp vẫn chưa hoàn thành phê duyệt]
2026-01-05 10:41:58 | DEBUG    | log:153 | [perform_hybrid_search] BM25 raw scores: min=1.0780, max=26.0354
2026-01-05 10:41:58 | DEBUG    | log:153 | [get_keyword_boost] Query: 'Xem những giao dịch doanh nghi...' | Doc: Tra cứu giao dịch th | Boost: 0.50 | Matched: ['hoàn thành', 'phê duyệt']
2026-01-05 10:41:58 | DEBUG    | log:153 | [classify_query_intent] Classified: 'Xem những giao dịch doanh nghi...' -> Tra cứu giao dịch theo trạng t (score=2)
2026-01-05 10:41:58 | DEBUG    | log:153 | [normalize_query] 'Kiểm tra các lệnh chuyển tiền doanh nghi...' -> 'Kiểm tra các lệnh chuyển tiền doanh nghi...'
2026-01-05 10:41:58 | DEBUG    | log:153 | [perform_hybrid_search] query_text: [Kiểm tra các lệnh chuyển tiền doanh nghiệp đang chờ xác nhận] - formatted_query: [Kiểm tra các lệnh chuyển tiền doanh nghiệp đang chờ xác nhận] - normalized_query: [Kiểm tra các lệnh chuyển tiền doanh nghiệp đang chờ xác nhận]
2026-01-05 10:41:58 | DEBUG    | log:153 | [perform_hybrid_search] BM25 raw scores: min=0.7177, max=20.3794
2026-01-05 10:41:58 | DEBUG    | log:153 | [get_keyword_boost] Query: 'Kiểm tra các lệnh chuyển tiền ...' | Doc: Tra cứu giao dịch th | Boost: 0.25 | Matched: ['chờ']
2026-01-05 10:41:58 | DEBUG    | log:153 | [get_keyword_boost] Query: 'Kiểm tra các lệnh chuyển tiền ...' | Doc: Tra cứu giao dịch th | Boost: 0.25 | Matched: ['chuyển tiền']
2026-01-05 10:41:58 | DEBUG    | log:153 | [get_keyword_boost] Query: 'Kiểm tra các lệnh chuyển tiền ...' | Doc: Tra cứu giao dịch ch | Boost: 0.25 | Matched: ['chuyển tiền']
2026-01-05 10:41:58 | DEBUG    | log:153 | [get_keyword_boost] Query: 'Kiểm tra các lệnh chuyển tiền ...' | Doc: Tra cứu giao dịch nh | Boost: 0.25 | Matched: ['nhận']
2026-01-05 10:41:58 | DEBUG    | log:153 | [get_keyword_boost] Query: 'Kiểm tra các lệnh chuyển tiền ...' | Doc: getTransactionList | | Boost: 0.25 | Matched: ['đang chờ']
2026-01-05 10:41:58 | DEBUG    | log:153 | [get_keyword_boost] Query: 'Kiểm tra các lệnh chuyển tiền ...' | Doc: getTransactionList | | Boost: 0.25 | Matched: ['chuyển tiền']
2026-01-05 10:41:58 | DEBUG    | log:153 | [classify_query_intent] Ambiguous: 'Kiểm tra các lệnh chuyển tiền ...' | Scores: {'Tra cứu giao dịch theo trạng thái': 1, 'Tra cứu giao dịch theo loại giao dịch': 1, 'Tra cứu giao dịch chuyển tiền': 1, 'Tra cứu giao dịch nhận tiền': 1, 'getTransactionList | Tra cứu giao dịch đang chờ xử lý hoặc chờ duyệt': 1, 'getTransactionList | Tra cứu giao dịch chờ duyệt theo loại giao dịch': 1}
2026-01-05 10:41:58 | DEBUG    | log:153 | [normalize_query] 'Danh sách giao dịch công ty chưa được th...' -> 'Danh sách giao dịch công ty chưa được th...'
2026-01-05 10:41:58 | DEBUG    | log:153 | [perform_hybrid_search] query_text: [Danh sách giao dịch công ty chưa được thông qua] - formatted_query: [Danh sách giao dịch công ty chưa được thông qua] - normalized_query: [Danh sách giao dịch công ty chưa được thông qua]
2026-01-05 10:41:58 | DEBUG    | log:153 | [perform_hybrid_search] BM25 raw scores: min=0.1049, max=27.4075
2026-01-05 10:41:58 | DEBUG    | log:153 | [classify_query_intent] No keyword matches found in: 'Danh sách giao dịch công ty chưa được thông qua'
2026-01-05 10:41:58 | DEBUG    | log:153 | [normalize_query] 'Tôi muốn rà soát các giao dịch doanh ngh...' -> 'Tôi muốn rà soát các giao dịch doanh ngh...'
2026-01-05 10:41:58 | DEBUG    | log:153 | [perform_hybrid_search] query_text: [Tôi muốn rà soát các giao dịch doanh nghiệp chưa duyệt] - formatted_query: [Tôi muốn rà soát các giao dịch doanh nghiệp chưa duyệt] - normalized_query: [Tôi muốn rà soát các giao dịch doanh nghiệp chưa duyệt]
2026-01-05 10:41:58 | DEBUG    | log:153 | [perform_hybrid_search] BM25 raw scores: min=0.0786, max=10.5150
2026-01-05 10:41:58 | DEBUG    | log:153 | [classify_query_intent] No keyword matches found in: 'Tôi muốn rà soát các giao dịch doanh nghiệp chưa d'
2026-01-05 10:41:58 | DEBUG    | log:153 | [normalize_query] 'Giao dịch doanh nghiệp nào hiện vẫn đang...' -> 'Giao dịch doanh nghiệp nào hiện vẫn đang...'
2026-01-05 10:41:58 | DEBUG    | log:153 | [perform_hybrid_search] query_text: [Giao dịch doanh nghiệp nào hiện vẫn đang bị giữ lại] - formatted_query: [Giao dịch doanh nghiệp nào hiện vẫn đang bị giữ lại] - normalized_query: [Giao dịch doanh nghiệp nào hiện vẫn đang bị giữ lại]
2026-01-05 10:41:58 | DEBUG    | log:153 | [perform_hybrid_search] BM25 raw scores: min=0.1311, max=14.2439
2026-01-05 10:41:58 | DEBUG    | log:153 | [classify_query_intent] No keyword matches found in: 'Giao dịch doanh nghiệp nào hiện vẫn đang bị giữ lạ'
2026-01-05 10:41:58 | DEBUG    | log:153 | [normalize_query] 'Xem trạng thái phê duyệt của các giao dị...' -> 'Xem trạng thái phê duyệt của các giao dị...'
2026-01-05 10:41:58 | DEBUG    | log:153 | [perform_hybrid_search] query_text: [Xem trạng thái phê duyệt của các giao dịch doanh nghiệp] - formatted_query: [Xem trạng thái phê duyệt của các giao dịch doanh nghiệp] - normalized_query: [Xem trạng thái phê duyệt của các giao dịch doanh nghiệp]
2026-01-05 10:41:58 | DEBUG    | log:153 | [perform_hybrid_search] BM25 raw scores: min=0.0786, max=17.3792
2026-01-05 10:41:58 | DEBUG    | log:153 | [get_keyword_boost] Query: 'Xem trạng thái phê duyệt của c...' | Doc: Tra cứu giao dịch th | Boost: 0.50 | Matched: ['trạng thái', 'phê duyệt']
2026-01-05 10:41:58 | DEBUG    | log:153 | [classify_query_intent] Classified: 'Xem trạng thái phê duyệt của c...' -> Tra cứu giao dịch theo trạng t (score=2)
2026-01-05 10:41:58 | DEBUG    | log:153 | [normalize_query] 'Liệt kê các khoản chuyển tiền doanh nghi...' -> 'Liệt kê các khoản chuyển tiền doanh nghi...'
2026-01-05 10:41:58 | DEBUG    | log:153 | [perform_hybrid_search] query_text: [Liệt kê các khoản chuyển tiền doanh nghiệp chưa được xử lý] - formatted_query: [Liệt kê các khoản chuyển tiền doanh nghiệp chưa được xử lý] - normalized_query: [Liệt kê các khoản chuyển tiền doanh nghiệp chưa được xử lý]
2026-01-05 10:41:58 | DEBUG    | log:153 | [perform_hybrid_search] BM25 raw scores: min=0.8465, max=28.0943
2026-01-05 10:41:58 | DEBUG    | log:153 | [get_keyword_boost] Query: 'Liệt kê các khoản chuyển tiền ...' | Doc: Tra cứu giao dịch th | Boost: 0.25 | Matched: ['xử lý']
2026-01-05 10:41:58 | DEBUG    | log:153 | [get_keyword_boost] Query: 'Liệt kê các khoản chuyển tiền ...' | Doc: Tra cứu giao dịch th | Boost: 0.25 | Matched: ['chuyển tiền']
2026-01-05 10:41:58 | DEBUG    | log:153 | [get_keyword_boost] Query: 'Liệt kê các khoản chuyển tiền ...' | Doc: Tra cứu giao dịch ch | Boost: 0.25 | Matched: ['chuyển tiền']
2026-01-05 10:41:58 | DEBUG    | log:153 | [get_keyword_boost] Query: 'Liệt kê các khoản chuyển tiền ...' | Doc: getTransactionList | | Boost: 0.25 | Matched: ['chuyển tiền']
2026-01-05 10:41:58 | DEBUG    | log:153 | [classify_query_intent] Ambiguous: 'Liệt kê các khoản chuyển tiền ...' | Scores: {'Tra cứu giao dịch theo trạng thái': 1, 'Tra cứu giao dịch theo loại giao dịch': 1, 'Tra cứu giao dịch chuyển tiền': 1, 'getTransactionList | Tra cứu giao dịch chờ duyệt theo loại giao dịch': 1}
2026-01-05 10:41:58 | DEBUG    | log:153 | [normalize_query] 'Kiểm tra các giao dịch doanh nghiệp đang...' -> 'Kiểm tra các giao dịch doanh nghiệp đang...'
2026-01-05 10:41:58 | DEBUG    | log:153 | [perform_hybrid_search] query_text: [Kiểm tra các giao dịch doanh nghiệp đang trong quy trình duyệt] - formatted_query: [Kiểm tra các giao dịch doanh nghiệp đang trong quy trình duyệt] - normalized_query: [Kiểm tra các giao dịch doanh nghiệp đang trong quy trình duyệt]
2026-01-05 10:41:58 | DEBUG    | log:153 | [perform_hybrid_search] BM25 raw scores: min=0.1049, max=13.7045
2026-01-05 10:41:58 | DEBUG    | log:153 | [get_keyword_boost] Query: 'Kiểm tra các giao dịch doanh n...' | Doc: getTransactionList | | Boost: 0.25 | Matched: ['trong']
2026-01-05 10:41:58 | DEBUG    | log:153 | [classify_query_intent] Classified: 'Kiểm tra các giao dịch doanh n...' -> getTransactionList | Tra cứu g (score=1)
2026-01-05 10:41:58 | DEBUG    | log:153 | [normalize_query] 'Cho tôi biết giao dịch doanh nghiệp nào ...' -> 'Cho tôi biết giao dịch doanh nghiệp nào ...'
2026-01-05 10:41:58 | DEBUG    | log:153 | [perform_hybrid_search] query_text: [Cho tôi biết giao dịch doanh nghiệp nào còn pending] - formatted_query: [Cho tôi biết giao dịch doanh nghiệp nào còn pending] - normalized_query: [Cho tôi biết giao dịch doanh nghiệp nào còn pending]
2026-01-05 10:41:59 | DEBUG    | log:153 | [perform_hybrid_search] BM25 raw scores: min=0.0786, max=17.3370
2026-01-05 10:41:59 | DEBUG    | log:153 | [get_keyword_boost] Query: 'Cho tôi biết giao dịch doanh n...' | Doc: getTransactionList | | Boost: 0.25 | Matched: ['pending']
2026-01-05 10:41:59 | DEBUG    | log:153 | [get_keyword_boost] Query: 'Cho tôi biết giao dịch doanh n...' | Doc: getTransactionList | | Boost: 0.25 | Matched: ['pending']
2026-01-05 10:41:59 | DEBUG    | log:153 | [get_keyword_boost] Query: 'Cho tôi biết giao dịch doanh n...' | Doc: getTransactionList | | Boost: 0.25 | Matched: ['pending']
2026-01-05 10:41:59 | DEBUG    | log:153 | [get_keyword_boost] Query: 'Cho tôi biết giao dịch doanh n...' | Doc: getTransactionList | | Boost: 0.25 | Matched: ['pending']
2026-01-05 10:41:59 | DEBUG    | log:153 | [get_keyword_boost] Query: 'Cho tôi biết giao dịch doanh n...' | Doc: getTransactionList | | Boost: 0.25 | Matched: ['pending']
2026-01-05 10:41:59 | DEBUG    | log:153 | [classify_query_intent] Ambiguous: 'Cho tôi biết giao dịch doanh n...' | Scores: {'getTransactionList | Tra cứu giao dịch đang chờ xử lý hoặc chờ duyệt': 1, 'getTransactionList | Tra cứu giao dịch chờ duyệt theo số tài khoản nguồn': 1, 'getTransactionList | Tra cứu giao dịch chờ duyệt theo khoảng thời gian': 1, 'getTransactionList | Tra cứu giao dịch chờ duyệt theo loại giao dịch': 1, 'getTransactionList | Tra cứu giao dịch chờ duyệt theo số tiền hoặc hạn mức': 1}
2026-01-05 10:41:59 | DEBUG    | log:153 | [normalize_query] 'Tra cứu các giao dịch công ty đang chờ p...' -> 'Tra cứu các giao dịch công ty đang chờ p...'
2026-01-05 10:41:59 | DEBUG    | log:153 | [perform_hybrid_search] query_text: [Tra cứu các giao dịch công ty đang chờ phê chuẩn] - formatted_query: [Tra cứu các giao dịch công ty đang chờ phê chuẩn] - normalized_query: [Tra cứu các giao dịch công ty đang chờ phê chuẩn]
2026-01-05 10:41:59 | DEBUG    | log:153 | [perform_hybrid_search] BM25 raw scores: min=0.7741, max=16.8371
2026-01-05 10:41:59 | DEBUG    | log:153 | [get_keyword_boost] Query: 'Tra cứu các giao dịch công ty ...' | Doc: Tra cứu giao dịch th | Boost: 0.25 | Matched: ['chờ']
2026-01-05 10:41:59 | DEBUG    | log:153 | [get_keyword_boost] Query: 'Tra cứu các giao dịch công ty ...' | Doc: getTransactionList | | Boost: 0.25 | Matched: ['đang chờ']
2026-01-05 10:41:59 | DEBUG    | log:153 | [classify_query_intent] Ambiguous: 'Tra cứu các giao dịch công ty ...' | Scores: {'Tra cứu giao dịch theo trạng thái': 1, 'getTransactionList | Tra cứu giao dịch đang chờ xử lý hoặc chờ duyệt': 1}
2026-01-05 10:41:59 | DEBUG    | log:153 | [normalize_query] 'Xem các giao dịch doanh nghiệp chưa có x...' -> 'Xem các giao dịch doanh nghiệp chưa có x...'
2026-01-05 10:41:59 | DEBUG    | log:153 | [perform_hybrid_search] query_text: [Xem các giao dịch doanh nghiệp chưa có xác nhận cuối] - formatted_query: [Xem các giao dịch doanh nghiệp chưa có xác nhận cuối] - normalized_query: [Xem các giao dịch doanh nghiệp chưa có xác nhận cuối]
2026-01-05 10:41:59 | DEBUG    | log:153 | [perform_hybrid_search] BM25 raw scores: min=1.5868, max=19.3866
2026-01-05 10:41:59 | DEBUG    | log:153 | [get_keyword_boost] Query: 'Xem các giao dịch doanh nghiệp...' | Doc: Tra cứu giao dịch nh | Boost: 0.25 | Matched: ['nhận']
2026-01-05 10:41:59 | DEBUG    | log:153 | [classify_query_intent] Classified: 'Xem các giao dịch doanh nghiệp...' -> Tra cứu giao dịch nhận tiền (score=1)
2026-01-05 10:41:59 | DEBUG    | log:153 | [normalize_query] 'Danh sách các giao dịch doanh nghiệp cần...' -> 'Danh sách các giao dịch doanh nghiệp cần...'
2026-01-05 10:41:59 | DEBUG    | log:153 | [perform_hybrid_search] query_text: [Danh sách các giao dịch doanh nghiệp cần được duyệt tiếp] - formatted_query: [Danh sách các giao dịch doanh nghiệp cần được duyệt tiếp] - normalized_query: [Danh sách các giao dịch doanh nghiệp cần được duyệt tiếp]
2026-01-05 10:41:59 | DEBUG    | log:153 | [perform_hybrid_search] BM25 raw scores: min=0.0786, max=30.2738
2026-01-05 10:41:59 | DEBUG    | log:153 | [classify_query_intent] No keyword matches found in: 'Danh sách các giao dịch doanh nghiệp cần được duyệ'
2026-01-05 10:41:59 | DEBUG    | log:153 | [normalize_query] 'Kiểm tra tình trạng các lệnh chuyển tiền...' -> 'Kiểm tra tình trạng các lệnh chuyển tiền...'
2026-01-05 10:41:59 | DEBUG    | log:153 | [perform_hybrid_search] query_text: [Kiểm tra tình trạng các lệnh chuyển tiền của doanh nghiệp] - formatted_query: [Kiểm tra tình trạng các lệnh chuyển tiền của doanh nghiệp] - normalized_query: [Kiểm tra tình trạng các lệnh chuyển tiền của doanh nghiệp]
2026-01-05 10:41:59 | DEBUG    | log:153 | [perform_hybrid_search] BM25 raw scores: min=0.3980, max=13.1446
2026-01-05 10:41:59 | DEBUG    | log:153 | [get_keyword_boost] Query: 'Kiểm tra tình trạng các lệnh c...' | Doc: Tra cứu giao dịch th | Boost: 0.25 | Matched: ['chuyển tiền']
2026-01-05 10:41:59 | DEBUG    | log:153 | [get_keyword_boost] Query: 'Kiểm tra tình trạng các lệnh c...' | Doc: Tra cứu giao dịch ch | Boost: 0.25 | Matched: ['chuyển tiền']
2026-01-05 10:41:59 | DEBUG    | log:153 | [get_keyword_boost] Query: 'Kiểm tra tình trạng các lệnh c...' | Doc: getTransactionList | | Boost: 0.25 | Matched: ['chuyển tiền']
2026-01-05 10:41:59 | DEBUG    | log:153 | [classify_query_intent] Ambiguous: 'Kiểm tra tình trạng các lệnh c...' | Scores: {'Tra cứu giao dịch theo loại giao dịch': 1, 'Tra cứu giao dịch chuyển tiền': 1, 'getTransactionList | Tra cứu giao dịch chờ duyệt theo loại giao dịch': 1}
2026-01-05 10:41:59 | DEBUG    | log:153 | [normalize_query] 'Các giao dịch doanh nghiệp nào đang tạm ...' -> 'Các giao dịch doanh nghiệp nào đang tạm ...'
2026-01-05 10:41:59 | DEBUG    | log:153 | [perform_hybrid_search] query_text: [Các giao dịch doanh nghiệp nào đang tạm thời bị treo] - formatted_query: [Các giao dịch doanh nghiệp nào đang tạm thời bị treo] - normalized_query: [Các giao dịch doanh nghiệp nào đang tạm thời bị treo]
2026-01-05 10:41:59 | DEBUG    | log:153 | [perform_hybrid_search] BM25 raw scores: min=0.1049, max=15.4739
2026-01-05 10:41:59 | DEBUG    | log:153 | [classify_query_intent] No keyword matches found in: 'Các giao dịch doanh nghiệp nào đang tạm thời bị tr'
2026-01-05 10:41:59 | DEBUG    | log:153 | [normalize_query] 'Xem các giao dịch công ty chưa hoàn tất ...' -> 'Xem các giao dịch công ty chưa hoàn tất ...'
2026-01-05 10:41:59 | DEBUG    | log:153 | [perform_hybrid_search] query_text: [Xem các giao dịch công ty chưa hoàn tất quy trình duyệt] - formatted_query: [Xem các giao dịch công ty chưa hoàn tất quy trình duyệt] - normalized_query: [Xem các giao dịch công ty chưa hoàn tất quy trình duyệt]
2026-01-05 10:41:59 | DEBUG    | log:153 | [perform_hybrid_search] BM25 raw scores: min=0.4090, max=29.2138
2026-01-05 10:41:59 | DEBUG    | log:153 | [get_keyword_boost] Query: 'Xem các giao dịch công ty chưa...' | Doc: Tra cứu giao dịch th | Boost: 0.25 | Matched: ['hoàn tất']
2026-01-05 10:41:59 | DEBUG    | log:153 | [classify_query_intent] Classified: 'Xem các giao dịch công ty chưa...' -> Tra cứu giao dịch theo trạng t (score=1)
2026-01-05 10:41:59 | DEBUG    | log:153 | [normalize_query] 'Tôi muốn theo dõi các giao dịch doanh ng...' -> 'Tôi muốn theo dõi các giao dịch doanh ng...'
2026-01-05 10:41:59 | DEBUG    | log:153 | [perform_hybrid_search] query_text: [Tôi muốn theo dõi các giao dịch doanh nghiệp đang xử lý] - formatted_query: [Tôi muốn theo dõi các giao dịch doanh nghiệp đang xử lý] - normalized_query: [Tôi muốn theo dõi các giao dịch doanh nghiệp đang xử lý]
2026-01-05 10:41:59 | DEBUG    | log:153 | [perform_hybrid_search] BM25 raw scores: min=0.1049, max=13.4671
2026-01-05 10:41:59 | DEBUG    | log:153 | [get_keyword_boost] Query: 'Tôi muốn theo dõi các giao dịc...' | Doc: Tra cứu giao dịch th | Boost: 0.25 | Matched: ['xử lý']
2026-01-05 10:41:59 | DEBUG    | log:153 | [classify_query_intent] Classified: 'Tôi muốn theo dõi các giao dịc...' -> Tra cứu giao dịch theo trạng t (score=1)
2026-01-05 10:41:59 | DEBUG    | log:153 | [normalize_query] 'Kiểm tra những giao dịch doanh nghiệp ch...' -> 'Kiểm tra những giao dịch doanh nghiệp ch...'
2026-01-05 10:41:59 | DEBUG    | log:153 | [perform_hybrid_search] query_text: [Kiểm tra những giao dịch doanh nghiệp chưa có quyết định duyệt] - formatted_query: [Kiểm tra những giao dịch doanh nghiệp chưa có quyết định duyệt] - normalized_query: [Kiểm tra những giao dịch doanh nghiệp chưa có quyết định duyệt]
2026-01-05 10:41:59 | DEBUG    | log:153 | [perform_hybrid_search] BM25 raw scores: min=0.1311, max=15.2026
2026-01-05 10:41:59 | DEBUG    | log:153 | [classify_query_intent] No keyword matches found in: 'Kiểm tra những giao dịch doanh nghiệp chưa có quyế'
2026-01-05 10:41:59 | DEBUG    | log:153 | [normalize_query] 'Cho xem các giao dịch doanh nghiệp chưa ...' -> 'Cho xem các giao dịch doanh nghiệp chưa ...'
2026-01-05 10:41:59 | DEBUG    | log:153 | [perform_hybrid_search] query_text: [Cho xem các giao dịch doanh nghiệp chưa được thông qua hệ thống] - formatted_query: [Cho xem các giao dịch doanh nghiệp chưa được thông qua hệ thống] - normalized_query: [Cho xem các giao dịch doanh nghiệp chưa được thông qua hệ thống]
2026-01-05 10:41:59 | DEBUG    | log:153 | [perform_hybrid_search] BM25 raw scores: min=0.1049, max=18.6430
2026-01-05 10:41:59 | DEBUG    | log:153 | [classify_query_intent] No keyword matches found in: 'Cho xem các giao dịch doanh nghiệp chưa được thông'
2026-01-05 10:41:59 | DEBUG    | log:153 | [normalize_query] 'Danh sách giao dịch doanh nghiệp còn chờ...' -> 'Danh sách giao dịch doanh nghiệp còn chờ...'
2026-01-05 10:41:59 | DEBUG    | log:153 | [perform_hybrid_search] query_text: [Danh sách giao dịch doanh nghiệp còn chờ xác nhận] - formatted_query: [Danh sách giao dịch doanh nghiệp còn chờ xác nhận] - normalized_query: [Danh sách giao dịch doanh nghiệp còn chờ xác nhận]
2026-01-05 10:41:59 | DEBUG    | log:153 | [perform_hybrid_search] BM25 raw scores: min=0.7144, max=26.4732
2026-01-05 10:41:59 | DEBUG    | log:153 | [get_keyword_boost] Query: 'Danh sách giao dịch doanh nghi...' | Doc: Tra cứu giao dịch th | Boost: 0.25 | Matched: ['chờ']
2026-01-05 10:41:59 | DEBUG    | log:153 | [get_keyword_boost] Query: 'Danh sách giao dịch doanh nghi...' | Doc: Tra cứu giao dịch nh | Boost: 0.25 | Matched: ['nhận']
2026-01-05 10:41:59 | DEBUG    | log:153 | [classify_query_intent] Ambiguous: 'Danh sách giao dịch doanh nghi...' | Scores: {'Tra cứu giao dịch theo trạng thái': 1, 'Tra cứu giao dịch nhận tiền': 1}
2026-01-05 10:41:59 | DEBUG    | log:153 | [normalize_query] 'Tra cứu các giao dịch công ty đang trong...' -> 'Tra cứu các giao dịch công ty đang trong...'
2026-01-05 10:41:59 | DEBUG    | log:153 | [perform_hybrid_search] query_text: [Tra cứu các giao dịch công ty đang trong trạng thái chờ] - formatted_query: [Tra cứu các giao dịch công ty đang trong trạng thái chờ] - normalized_query: [Tra cứu các giao dịch công ty đang trong trạng thái chờ]
2026-01-05 10:41:59 | DEBUG    | log:153 | [perform_hybrid_search] BM25 raw scores: min=0.7576, max=17.6462
2026-01-05 10:41:59 | DEBUG    | log:153 | [get_keyword_boost] Query: 'Tra cứu các giao dịch công ty ...' | Doc: Tra cứu giao dịch th | Boost: 0.50 | Matched: ['trạng thái', 'chờ']
2026-01-05 10:41:59 | DEBUG    | log:153 | [get_keyword_boost] Query: 'Tra cứu các giao dịch công ty ...' | Doc: getTransactionList | | Boost: 0.25 | Matched: ['trong']
2026-01-05 10:41:59 | DEBUG    | log:153 | [classify_query_intent] Classified: 'Tra cứu các giao dịch công ty ...' -> Tra cứu giao dịch theo trạng t (score=2)
2026-01-05 10:41:59 | DEBUG    | log:153 | [normalize_query] 'Xem các khoản chuyển tiền doanh nghiệp c...' -> 'Xem các khoản chuyển tiền doanh nghiệp c...'
2026-01-05 10:41:59 | DEBUG    | log:153 | [perform_hybrid_search] query_text: [Xem các khoản chuyển tiền doanh nghiệp chưa được chấp thuận] - formatted_query: [Xem các khoản chuyển tiền doanh nghiệp chưa được chấp thuận] - normalized_query: [Xem các khoản chuyển tiền doanh nghiệp chưa được chấp thuận]
2026-01-05 10:41:59 | DEBUG    | log:153 | [perform_hybrid_search] BM25 raw scores: min=0.8465, max=7.4677
2026-01-05 10:41:59 | DEBUG    | log:153 | [get_keyword_boost] Query: 'Xem các khoản chuyển tiền doan...' | Doc: Tra cứu giao dịch th | Boost: 0.25 | Matched: ['chuyển tiền']
2026-01-05 10:41:59 | DEBUG    | log:153 | [get_keyword_boost] Query: 'Xem các khoản chuyển tiền doan...' | Doc: Tra cứu giao dịch ch | Boost: 0.25 | Matched: ['chuyển tiền']
2026-01-05 10:41:59 | DEBUG    | log:153 | [get_keyword_boost] Query: 'Xem các khoản chuyển tiền doan...' | Doc: getTransactionList | | Boost: 0.25 | Matched: ['chuyển tiền']
2026-01-05 10:41:59 | DEBUG    | log:153 | [classify_query_intent] Ambiguous: 'Xem các khoản chuyển tiền doan...' | Scores: {'Tra cứu giao dịch theo loại giao dịch': 1, 'Tra cứu giao dịch chuyển tiền': 1, 'getTransactionList | Tra cứu giao dịch chờ duyệt theo loại giao dịch': 1}
2026-01-05 10:41:59 | DEBUG    | log:153 | [normalize_query] 'Giao dịch doanh nghiệp nào đang chờ phản...' -> 'Giao dịch doanh nghiệp nào đang chờ phản...'
2026-01-05 10:41:59 | DEBUG    | log:153 | [perform_hybrid_search] query_text: [Giao dịch doanh nghiệp nào đang chờ phản hồi phê duyệt] - formatted_query: [Giao dịch doanh nghiệp nào đang chờ phản hồi phê duyệt] - normalized_query: [Giao dịch doanh nghiệp nào đang chờ phản hồi phê duyệt]
2026-01-05 10:41:59 | DEBUG    | log:153 | [perform_hybrid_search] BM25 raw scores: min=0.0786, max=35.2591
2026-01-05 10:41:59 | DEBUG    | log:153 | [get_keyword_boost] Query: 'Giao dịch doanh nghiệp nào đan...' | Doc: Tra cứu giao dịch th | Boost: 0.50 | Matched: ['chờ', 'phê duyệt']
2026-01-05 10:41:59 | DEBUG    | log:153 | [get_keyword_boost] Query: 'Giao dịch doanh nghiệp nào đan...' | Doc: getTransactionList | | Boost: 0.25 | Matched: ['đang chờ']
2026-01-05 10:41:59 | DEBUG    | log:153 | [classify_query_intent] Classified: 'Giao dịch doanh nghiệp nào đan...' -> Tra cứu giao dịch theo trạng t (score=2)
2026-01-05 10:41:59 | DEBUG    | log:153 | [normalize_query] 'Kiểm tra các giao dịch doanh nghiệp đang...' -> 'Kiểm tra các giao dịch doanh nghiệp đang...'
2026-01-05 10:41:59 | DEBUG    | log:153 | [perform_hybrid_search] query_text: [Kiểm tra các giao dịch doanh nghiệp đang bị pending] - formatted_query: [Kiểm tra các giao dịch doanh nghiệp đang bị pending] - normalized_query: [Kiểm tra các giao dịch doanh nghiệp đang bị pending]
2026-01-05 10:41:59 | DEBUG    | log:153 | [perform_hybrid_search] BM25 raw scores: min=0.1049, max=15.5473
2026-01-05 10:41:59 | DEBUG    | log:153 | [get_keyword_boost] Query: 'Kiểm tra các giao dịch doanh n...' | Doc: getTransactionList | | Boost: 0.25 | Matched: ['pending']
2026-01-05 10:41:59 | DEBUG    | log:153 | [get_keyword_boost] Query: 'Kiểm tra các giao dịch doanh n...' | Doc: getTransactionList | | Boost: 0.25 | Matched: ['pending']
2026-01-05 10:41:59 | DEBUG    | log:153 | [get_keyword_boost] Query: 'Kiểm tra các giao dịch doanh n...' | Doc: getTransactionList | | Boost: 0.25 | Matched: ['pending']
2026-01-05 10:41:59 | DEBUG    | log:153 | [get_keyword_boost] Query: 'Kiểm tra các giao dịch doanh n...' | Doc: getTransactionList | | Boost: 0.25 | Matched: ['pending']
2026-01-05 10:41:59 | DEBUG    | log:153 | [get_keyword_boost] Query: 'Kiểm tra các giao dịch doanh n...' | Doc: getTransactionList | | Boost: 0.25 | Matched: ['pending']
2026-01-05 10:41:59 | DEBUG    | log:153 | [classify_query_intent] Ambiguous: 'Kiểm tra các giao dịch doanh n...' | Scores: {'getTransactionList | Tra cứu giao dịch đang chờ xử lý hoặc chờ duyệt': 1, 'getTransactionList | Tra cứu giao dịch chờ duyệt theo số tài khoản nguồn': 1, 'getTransactionList | Tra cứu giao dịch chờ duyệt theo khoảng thời gian': 1, 'getTransactionList | Tra cứu giao dịch chờ duyệt theo loại giao dịch': 1, 'getTransactionList | Tra cứu giao dịch chờ duyệt theo số tiền hoặc hạn mức': 1}
2026-01-05 10:41:59 | DEBUG    | log:153 | [normalize_query] 'Danh sách giao dịch doanh nghiệp chưa xử...' -> 'Danh sách giao dịch doanh nghiệp chưa xử...'
2026-01-05 10:41:59 | DEBUG    | log:153 | [perform_hybrid_search] query_text: [Danh sách giao dịch doanh nghiệp chưa xử lý xong] - formatted_query: [Danh sách giao dịch doanh nghiệp chưa xử lý xong] - normalized_query: [Danh sách giao dịch doanh nghiệp chưa xử lý xong]
2026-01-05 10:41:59 | DEBUG    | log:153 | [perform_hybrid_search] BM25 raw scores: min=0.0786, max=35.6151
2026-01-05 10:41:59 | DEBUG    | log:153 | [get_keyword_boost] Query: 'Danh sách giao dịch doanh nghi...' | Doc: Tra cứu giao dịch th | Boost: 0.25 | Matched: ['xử lý']
2026-01-05 10:41:59 | DEBUG    | log:153 | [classify_query_intent] Classified: 'Danh sách giao dịch doanh nghi...' -> Tra cứu giao dịch theo trạng t (score=1)
2026-01-05 10:41:59 | DEBUG    | log:153 | [normalize_query] 'Tôi cần xem các giao dịch doanh nghiệp c...' -> 'Tôi cần xem các giao dịch doanh nghiệp c...'
2026-01-05 10:41:59 | DEBUG    | log:153 | [perform_hybrid_search] query_text: [Tôi cần xem các giao dịch doanh nghiệp còn đang chờ quyết định] - formatted_query: [Tôi cần xem các giao dịch doanh nghiệp còn đang chờ quyết định] - normalized_query: [Tôi cần xem các giao dịch doanh nghiệp còn đang chờ quyết định]
2026-01-05 10:41:59 | DEBUG    | log:153 | [perform_hybrid_search] BM25 raw scores: min=0.1049, max=19.1775
2026-01-05 10:41:59 | DEBUG    | log:153 | [get_keyword_boost] Query: 'Tôi cần xem các giao dịch doan...' | Doc: Tra cứu giao dịch th | Boost: 0.25 | Matched: ['chờ']
2026-01-05 10:41:59 | DEBUG    | log:153 | [get_keyword_boost] Query: 'Tôi cần xem các giao dịch doan...' | Doc: getTransactionList | | Boost: 0.25 | Matched: ['đang chờ']
2026-01-05 10:41:59 | DEBUG    | log:153 | [classify_query_intent] Ambiguous: 'Tôi cần xem các giao dịch doan...' | Scores: {'Tra cứu giao dịch theo trạng thái': 1, 'getTransactionList | Tra cứu giao dịch đang chờ xử lý hoặc chờ duyệt': 1}
2026-01-05 10:41:59 | DEBUG    | log:153 | [normalize_query] 'Hiển thị các giao dịch doanh nghiệp chưa...' -> 'Hiển thị các giao dịch doanh nghiệp chưa...'
2026-01-05 10:41:59 | DEBUG    | log:153 | [perform_hybrid_search] query_text: [Hiển thị các giao dịch doanh nghiệp chưa được phê chuẩn] - formatted_query: [Hiển thị các giao dịch doanh nghiệp chưa được phê chuẩn] - normalized_query: [Hiển thị các giao dịch doanh nghiệp chưa được phê chuẩn]
2026-01-05 10:41:59 | DEBUG    | log:153 | [perform_hybrid_search] BM25 raw scores: min=0.1049, max=24.3355
2026-01-05 10:41:59 | DEBUG    | log:153 | [classify_query_intent] No keyword matches found in: 'Hiển thị các giao dịch doanh nghiệp chưa được phê '
2026-01-05 10:41:59 | DEBUG    | log:153 | [normalize_query] 'Tra cứu tình trạng các giao dịch chuyển ...' -> 'Tra cứu tình trạng các giao dịch chuyển ...'
2026-01-05 10:41:59 | DEBUG    | log:153 | [perform_hybrid_search] query_text: [Tra cứu tình trạng các giao dịch chuyển tiền doanh nghiệp] - formatted_query: [Tra cứu tình trạng các giao dịch chuyển tiền doanh nghiệp] - normalized_query: [Tra cứu tình trạng các giao dịch chuyển tiền doanh nghiệp]
2026-01-05 10:41:59 | DEBUG    | log:153 | [perform_hybrid_search] BM25 raw scores: min=1.0251, max=13.7894
2026-01-05 10:41:59 | DEBUG    | log:153 | [get_keyword_boost] Query: 'Tra cứu tình trạng các giao dị...' | Doc: Tra cứu giao dịch th | Boost: 0.25 | Matched: ['chuyển tiền']
2026-01-05 10:41:59 | DEBUG    | log:153 | [get_keyword_boost] Query: 'Tra cứu tình trạng các giao dị...' | Doc: Tra cứu giao dịch ch | Boost: 0.25 | Matched: ['chuyển tiền']
2026-01-05 10:41:59 | DEBUG    | log:153 | [get_keyword_boost] Query: 'Tra cứu tình trạng các giao dị...' | Doc: getTransactionList | | Boost: 0.25 | Matched: ['chuyển tiền']
2026-01-05 10:41:59 | DEBUG    | log:153 | [classify_query_intent] Ambiguous: 'Tra cứu tình trạng các giao dị...' | Scores: {'Tra cứu giao dịch theo loại giao dịch': 1, 'Tra cứu giao dịch chuyển tiền': 1, 'getTransactionList | Tra cứu giao dịch chờ duyệt theo loại giao dịch': 1}
2026-01-05 10:41:59 | DEBUG    | log:153 | [normalize_query] 'Kiểm tra các giao dịch doanh nghiệp đang...' -> 'Kiểm tra các giao dịch doanh nghiệp đang...'
2026-01-05 10:41:59 | DEBUG    | log:153 | [perform_hybrid_search] query_text: [Kiểm tra các giao dịch doanh nghiệp đang ở bước duyệt] - formatted_query: [Kiểm tra các giao dịch doanh nghiệp đang ở bước duyệt] - normalized_query: [Kiểm tra các giao dịch doanh nghiệp đang ở bước duyệt]
2026-01-05 10:41:59 | DEBUG    | log:153 | [perform_hybrid_search] BM25 raw scores: min=0.1049, max=16.3920
2026-01-05 10:41:59 | DEBUG    | log:153 | [classify_query_intent] No keyword matches found in: 'Kiểm tra các giao dịch doanh nghiệp đang ở bước du'
2026-01-05 10:41:59 | DEBUG    | log:153 | [normalize_query] 'Các giao dịch doanh nghiệp nào vẫn chưa ...' -> 'Các giao dịch doanh nghiệp nào vẫn chưa ...'
2026-01-05 10:41:59 | DEBUG    | log:153 | [perform_hybrid_search] query_text: [Các giao dịch doanh nghiệp nào vẫn chưa được xác nhận] - formatted_query: [Các giao dịch doanh nghiệp nào vẫn chưa được xác nhận] - normalized_query: [Các giao dịch doanh nghiệp nào vẫn chưa được xác nhận]
2026-01-05 10:41:59 | DEBUG    | log:153 | [perform_hybrid_search] BM25 raw scores: min=0.5382, max=11.9775
2026-01-05 10:41:59 | DEBUG    | log:153 | [get_keyword_boost] Query: 'Các giao dịch doanh nghiệp nào...' | Doc: Tra cứu giao dịch nh | Boost: 0.25 | Matched: ['nhận']
2026-01-05 10:41:59 | DEBUG    | log:153 | [classify_query_intent] Classified: 'Các giao dịch doanh nghiệp nào...' -> Tra cứu giao dịch nhận tiền (score=1)
2026-01-05 10:41:59 | DEBUG    | log:153 | [normalize_query] 'Xem danh sách các giao dịch doanh nghiệp...' -> 'Xem danh sách các giao dịch doanh nghiệp...'
2026-01-05 10:41:59 | DEBUG    | log:153 | [perform_hybrid_search] query_text: [Xem danh sách các giao dịch doanh nghiệp đang bị treo xử lý] - formatted_query: [Xem danh sách các giao dịch doanh nghiệp đang bị treo xử lý] - normalized_query: [Xem danh sách các giao dịch doanh nghiệp đang bị treo xử lý]
2026-01-05 10:41:59 | DEBUG    | log:153 | [perform_hybrid_search] BM25 raw scores: min=0.0786, max=44.8994
2026-01-05 10:41:59 | DEBUG    | log:153 | [get_keyword_boost] Query: 'Xem danh sách các giao dịch do...' | Doc: Tra cứu giao dịch th | Boost: 0.25 | Matched: ['xử lý']
2026-01-05 10:41:59 | DEBUG    | log:153 | [classify_query_intent] Classified: 'Xem danh sách các giao dịch do...' -> Tra cứu giao dịch theo trạng t (score=1)
2026-01-05 10:41:59 | DEBUG    | log:153 | [normalize_query] 'Cho biết các giao dịch doanh nghiệp chưa...' -> 'Cho biết các giao dịch doanh nghiệp chưa...'
2026-01-05 10:41:59 | DEBUG    | log:153 | [perform_hybrid_search] query_text: [Cho biết các giao dịch doanh nghiệp chưa hoàn tất phê duyệt] - formatted_query: [Cho biết các giao dịch doanh nghiệp chưa hoàn tất phê duyệt] - normalized_query: [Cho biết các giao dịch doanh nghiệp chưa hoàn tất phê duyệt]
2026-01-05 10:41:59 | DEBUG    | log:153 | [perform_hybrid_search] BM25 raw scores: min=0.4090, max=29.1729
2026-01-05 10:41:59 | DEBUG    | log:153 | [get_keyword_boost] Query: 'Cho biết các giao dịch doanh n...' | Doc: Tra cứu giao dịch th | Boost: 0.50 | Matched: ['phê duyệt', 'hoàn tất']
2026-01-05 10:41:59 | DEBUG    | log:153 | [classify_query_intent] Classified: 'Cho biết các giao dịch doanh n...' -> Tra cứu giao dịch theo trạng t (score=2)
2026-01-05 10:41:59 | DEBUG    | log:153 | [normalize_query] 'Kiểm tra các khoản giao dịch doanh nghiệ...' -> 'Kiểm tra các khoản giao dịch doanh nghiệ...'
2026-01-05 10:41:59 | DEBUG    | log:153 | [perform_hybrid_search] query_text: [Kiểm tra các khoản giao dịch doanh nghiệp đang chờ duyệt] - formatted_query: [Kiểm tra các khoản giao dịch doanh nghiệp đang chờ duyệt] - normalized_query: [Kiểm tra các khoản giao dịch doanh nghiệp đang chờ duyệt]
2026-01-05 10:41:59 | DEBUG    | log:153 | [perform_hybrid_search] BM25 raw scores: min=0.2661, max=18.0490
2026-01-05 10:41:59 | DEBUG    | log:153 | [get_keyword_boost] Query: 'Kiểm tra các khoản giao dịch d...' | Doc: Tra cứu giao dịch th | Boost: 0.25 | Matched: ['chờ']
2026-01-05 10:41:59 | DEBUG    | log:153 | [get_keyword_boost] Query: 'Kiểm tra các khoản giao dịch d...' | Doc: getTransactionList | | Boost: 0.50 | Matched: ['chờ duyệt', 'đang chờ']
2026-01-05 10:41:59 | DEBUG    | log:153 | [get_keyword_boost] Query: 'Kiểm tra các khoản giao dịch d...' | Doc: getTransactionList | | Boost: 0.25 | Matched: ['chờ duyệt']
2026-01-05 10:41:59 | DEBUG    | log:153 | [get_keyword_boost] Query: 'Kiểm tra các khoản giao dịch d...' | Doc: getTransactionList | | Boost: 0.25 | Matched: ['chờ duyệt']
2026-01-05 10:41:59 | DEBUG    | log:153 | [get_keyword_boost] Query: 'Kiểm tra các khoản giao dịch d...' | Doc: getTransactionList | | Boost: 0.25 | Matched: ['chờ duyệt']
2026-01-05 10:41:59 | DEBUG    | log:153 | [get_keyword_boost] Query: 'Kiểm tra các khoản giao dịch d...' | Doc: getTransactionList | | Boost: 0.25 | Matched: ['chờ duyệt']
2026-01-05 10:41:59 | DEBUG    | log:153 | [classify_query_intent] Classified: 'Kiểm tra các khoản giao dịch d...' -> getTransactionList | Tra cứu g (score=2)
2026-01-05 10:41:59 | DEBUG    | log:153 | [normalize_query] 'Giao dịch doanh nghiệp nào hiện chưa đượ...' -> 'Giao dịch doanh nghiệp nào hiện chưa đượ...'
2026-01-05 10:41:59 | DEBUG    | log:153 | [perform_hybrid_search] query_text: [Giao dịch doanh nghiệp nào hiện chưa được hệ thống duyệt] - formatted_query: [Giao dịch doanh nghiệp nào hiện chưa được hệ thống duyệt] - normalized_query: [Giao dịch doanh nghiệp nào hiện chưa được hệ thống duyệt]
2026-01-05 10:41:59 | DEBUG    | log:153 | [perform_hybrid_search] BM25 raw scores: min=0.1049, max=28.3721
2026-01-05 10:41:59 | DEBUG    | log:153 | [classify_query_intent] No keyword matches found in: 'Giao dịch doanh nghiệp nào hiện chưa được hệ thống'
2026-01-05 10:41:59 | DEBUG    | log:153 | [normalize_query] 'Xem các giao dịch công ty đang chờ phê d...' -> 'Xem các giao dịch công ty đang chờ phê d...'
2026-01-05 10:41:59 | DEBUG    | log:153 | [perform_hybrid_search] query_text: [Xem các giao dịch công ty đang chờ phê duyệt nội bộ] - formatted_query: [Xem các giao dịch công ty đang chờ phê duyệt nội bộ] - normalized_query: [Xem các giao dịch công ty đang chờ phê duyệt nội bộ]
2026-01-05 10:41:59 | DEBUG    | log:153 | [perform_hybrid_search] BM25 raw scores: min=0.0786, max=32.8222
2026-01-05 10:41:59 | DEBUG    | log:153 | [get_keyword_boost] Query: 'Xem các giao dịch công ty đang...' | Doc: Tra cứu giao dịch th | Boost: 0.50 | Matched: ['chờ', 'phê duyệt']
2026-01-05 10:41:59 | DEBUG    | log:153 | [get_keyword_boost] Query: 'Xem các giao dịch công ty đang...' | Doc: Tra cứu giao dịch th | Boost: 0.25 | Matched: ['nội bộ']
2026-01-05 10:41:59 | DEBUG    | log:153 | [get_keyword_boost] Query: 'Xem các giao dịch công ty đang...' | Doc: getTransactionList | | Boost: 0.50 | Matched: ['chờ phê duyệt', 'đang chờ']
2026-01-05 10:41:59 | DEBUG    | log:153 | [get_keyword_boost] Query: 'Xem các giao dịch công ty đang...' | Doc: getTransactionList | | Boost: 0.25 | Matched: ['nội bộ']
2026-01-05 10:41:59 | DEBUG    | log:153 | [classify_query_intent] Ambiguous: 'Xem các giao dịch công ty đang...' | Scores: {'Tra cứu giao dịch theo trạng thái': 2, 'Tra cứu giao dịch theo loại giao dịch': 1, 'getTransactionList | Tra cứu giao dịch đang chờ xử lý hoặc chờ duyệt': 2, 'getTransactionList | Tra cứu giao dịch chờ duyệt theo loại giao dịch': 1}
2026-01-05 10:41:59 | DEBUG    | log:153 | [normalize_query] 'Tra cứu các giao dịch doanh nghiệp chưa ...' -> 'Tra cứu các giao dịch doanh nghiệp chưa ...'
2026-01-05 10:41:59 | DEBUG    | log:153 | [perform_hybrid_search] query_text: [Tra cứu các giao dịch doanh nghiệp chưa được approve] - formatted_query: [Tra cứu các giao dịch doanh nghiệp chưa được approve] - normalized_query: [Tra cứu các giao dịch doanh nghiệp chưa được approve]
2026-01-05 10:41:59 | DEBUG    | log:153 | [perform_hybrid_search] BM25 raw scores: min=0.5331, max=3.8622
2026-01-05 10:41:59 | DEBUG    | log:153 | [classify_query_intent] No keyword matches found in: 'Tra cứu các giao dịch doanh nghiệp chưa được appro'
2026-01-05 10:41:59 | DEBUG    | log:153 | [normalize_query] 'Danh sách giao dịch doanh nghiệp đang pe...' -> 'Danh sách giao dịch doanh nghiệp đang pe...'
2026-01-05 10:41:59 | DEBUG    | log:153 | [perform_hybrid_search] query_text: [Danh sách giao dịch doanh nghiệp đang pending xử lý] - formatted_query: [Danh sách giao dịch doanh nghiệp đang pending xử lý] - normalized_query: [Danh sách giao dịch doanh nghiệp đang pending xử lý]
2026-01-05 10:41:59 | DEBUG    | log:153 | [perform_hybrid_search] BM25 raw scores: min=0.0786, max=37.8243
2026-01-05 10:41:59 | DEBUG    | log:153 | [get_keyword_boost] Query: 'Danh sách giao dịch doanh nghi...' | Doc: Tra cứu giao dịch th | Boost: 0.25 | Matched: ['xử lý']
2026-01-05 10:41:59 | DEBUG    | log:153 | [get_keyword_boost] Query: 'Danh sách giao dịch doanh nghi...' | Doc: getTransactionList | | Boost: 0.25 | Matched: ['pending']
2026-01-05 10:41:59 | DEBUG    | log:153 | [get_keyword_boost] Query: 'Danh sách giao dịch doanh nghi...' | Doc: getTransactionList | | Boost: 0.25 | Matched: ['pending']
2026-01-05 10:41:59 | DEBUG    | log:153 | [get_keyword_boost] Query: 'Danh sách giao dịch doanh nghi...' | Doc: getTransactionList | | Boost: 0.25 | Matched: ['pending']
2026-01-05 10:41:59 | DEBUG    | log:153 | [get_keyword_boost] Query: 'Danh sách giao dịch doanh nghi...' | Doc: getTransactionList | | Boost: 0.25 | Matched: ['pending']
2026-01-05 10:41:59 | DEBUG    | log:153 | [get_keyword_boost] Query: 'Danh sách giao dịch doanh nghi...' | Doc: getTransactionList | | Boost: 0.25 | Matched: ['pending']
2026-01-05 10:41:59 | DEBUG    | log:153 | [classify_query_intent] Ambiguous: 'Danh sách giao dịch doanh nghi...' | Scores: {'Tra cứu giao dịch theo trạng thái': 1, 'getTransactionList | Tra cứu giao dịch đang chờ xử lý hoặc chờ duyệt': 1, 'getTransactionList | Tra cứu giao dịch chờ duyệt theo số tài khoản nguồn': 1, 'getTransactionList | Tra cứu giao dịch chờ duyệt theo khoảng thời gian': 1, 'getTransactionList | Tra cứu giao dịch chờ duyệt theo loại giao dịch': 1, 'getTransactionList | Tra cứu giao dịch chờ duyệt theo số tiền hoặc hạn mức': 1}
2026-01-05 10:41:59 | DEBUG    | log:153 | [normalize_query] 'Tôi muốn kiểm tra các giao dịch doanh ng...' -> 'Tôi muốn kiểm tra các giao dịch doanh ng...'
2026-01-05 10:41:59 | DEBUG    | log:153 | [perform_hybrid_search] query_text: [Tôi muốn kiểm tra các giao dịch doanh nghiệp còn tồn đọng] - formatted_query: [Tôi muốn kiểm tra các giao dịch doanh nghiệp còn tồn đọng] - normalized_query: [Tôi muốn kiểm tra các giao dịch doanh nghiệp còn tồn đọng]
2026-01-05 10:41:59 | DEBUG    | log:153 | [perform_hybrid_search] BM25 raw scores: min=0.1049, max=13.9335
2026-01-05 10:41:59 | DEBUG    | log:153 | [classify_query_intent] No keyword matches found in: 'Tôi muốn kiểm tra các giao dịch doanh nghiệp còn t'
2026-01-05 10:41:59 | DEBUG    | log:153 | [normalize_query] 'Kiểm tra tình trạng duyệt của các lệnh d...' -> 'Kiểm tra tình trạng duyệt của các lệnh d...'
2026-01-05 10:41:59 | DEBUG    | log:153 | [perform_hybrid_search] query_text: [Kiểm tra tình trạng duyệt của các lệnh doanh nghiệp] - formatted_query: [Kiểm tra tình trạng duyệt của các lệnh doanh nghiệp] - normalized_query: [Kiểm tra tình trạng duyệt của các lệnh doanh nghiệp]
2026-01-05 10:41:59 | DEBUG    | log:153 | [perform_hybrid_search] BM25 raw scores: min=0.0262, max=9.5877
2026-01-05 10:41:59 | DEBUG    | log:153 | [classify_query_intent] No keyword matches found in: 'Kiểm tra tình trạng duyệt của các lệnh doanh nghiệ'
2026-01-05 10:41:59 | DEBUG    | log:153 | [normalize_query] 'Xem các giao dịch doanh nghiệp chưa có t...' -> 'Xem các giao dịch doanh nghiệp chưa có t...'
2026-01-05 10:41:59 | DEBUG    | log:153 | [perform_hybrid_search] query_text: [Xem các giao dịch doanh nghiệp chưa có trạng thái hoàn tất] - formatted_query: [Xem các giao dịch doanh nghiệp chưa có trạng thái hoàn tất] - normalized_query: [Xem các giao dịch doanh nghiệp chưa có trạng thái hoàn tất]
2026-01-05 10:41:59 | DEBUG    | log:153 | [perform_hybrid_search] BM25 raw scores: min=0.4090, max=30.8643
2026-01-05 10:41:59 | DEBUG    | log:153 | [get_keyword_boost] Query: 'Xem các giao dịch doanh nghiệp...' | Doc: Tra cứu giao dịch th | Boost: 0.50 | Matched: ['trạng thái', 'hoàn tất']
2026-01-05 10:41:59 | DEBUG    | log:153 | [classify_query_intent] Classified: 'Xem các giao dịch doanh nghiệp...' -> Tra cứu giao dịch theo trạng t (score=2)
2026-01-05 10:41:59 | DEBUG    | log:153 | [normalize_query] 'Cho xem những giao dịch doanh nghiệp đan...' -> 'Cho xem những giao dịch doanh nghiệp đan...'
2026-01-05 10:41:59 | DEBUG    | log:153 | [perform_hybrid_search] query_text: [Cho xem những giao dịch doanh nghiệp đang đợi duyệt] - formatted_query: [Cho xem những giao dịch doanh nghiệp đang đợi duyệt] - normalized_query: [Cho xem những giao dịch doanh nghiệp đang đợi duyệt]
2026-01-05 10:41:59 | DEBUG    | log:153 | [perform_hybrid_search] BM25 raw scores: min=0.0786, max=15.5242
2026-01-05 10:41:59 | DEBUG    | log:153 | [classify_query_intent] No keyword matches found in: 'Cho xem những giao dịch doanh nghiệp đang đợi duyệ'
2026-01-05 10:41:59 | DEBUG    | log:153 | [normalize_query] 'Tra cứu các giao dịch doanh nghiệp chưa ...' -> 'Tra cứu các giao dịch doanh nghiệp chưa ...'
2026-01-05 10:41:59 | DEBUG    | log:153 | [perform_hybrid_search] query_text: [Tra cứu các giao dịch doanh nghiệp chưa được chấp nhận] - formatted_query: [Tra cứu các giao dịch doanh nghiệp chưa được chấp nhận] - normalized_query: [Tra cứu các giao dịch doanh nghiệp chưa được chấp nhận]
2026-01-05 10:41:59 | DEBUG    | log:153 | [perform_hybrid_search] BM25 raw scores: min=1.0727, max=4.6195
2026-01-05 10:41:59 | DEBUG    | log:153 | [get_keyword_boost] Query: 'Tra cứu các giao dịch doanh ng...' | Doc: Tra cứu giao dịch nh | Boost: 0.25 | Matched: ['nhận']
2026-01-05 10:41:59 | DEBUG    | log:153 | [classify_query_intent] Classified: 'Tra cứu các giao dịch doanh ng...' -> Tra cứu giao dịch nhận tiền (score=1)
2026-01-05 10:41:59 | DEBUG    | log:153 | [normalize_query] 'Danh sách các giao dịch doanh nghiệp đan...' -> 'Danh sách các giao dịch doanh nghiệp đan...'
2026-01-05 10:41:59 | DEBUG    | log:153 | [perform_hybrid_search] query_text: [Danh sách các giao dịch doanh nghiệp đang chờ xử lý nội bộ] - formatted_query: [Danh sách các giao dịch doanh nghiệp đang chờ xử lý nội bộ] - normalized_query: [Danh sách các giao dịch doanh nghiệp đang chờ xử lý nội bộ]
2026-01-05 10:41:59 | DEBUG    | log:153 | [perform_hybrid_search] BM25 raw scores: min=0.0786, max=49.7020
2026-01-05 10:41:59 | DEBUG    | log:153 | [get_keyword_boost] Query: 'Danh sách các giao dịch doanh ...' | Doc: Tra cứu giao dịch th | Boost: 0.50 | Matched: ['xử lý', 'chờ']
2026-01-05 10:41:59 | DEBUG    | log:153 | [get_keyword_boost] Query: 'Danh sách các giao dịch doanh ...' | Doc: Tra cứu giao dịch th | Boost: 0.25 | Matched: ['nội bộ']
2026-01-05 10:41:59 | DEBUG    | log:153 | [get_keyword_boost] Query: 'Danh sách các giao dịch doanh ...' | Doc: getTransactionList | | Boost: 0.50 | Matched: ['chờ xử lý', 'đang chờ']
2026-01-05 10:41:59 | DEBUG    | log:153 | [get_keyword_boost] Query: 'Danh sách các giao dịch doanh ...' | Doc: getTransactionList | | Boost: 0.25 | Matched: ['chờ xử lý']
2026-01-05 10:41:59 | DEBUG    | log:153 | [get_keyword_boost] Query: 'Danh sách các giao dịch doanh ...' | Doc: getTransactionList | | Boost: 0.25 | Matched: ['chờ xử lý']
2026-01-05 10:41:59 | DEBUG    | log:153 | [get_keyword_boost] Query: 'Danh sách các giao dịch doanh ...' | Doc: getTransactionList | | Boost: 0.50 | Matched: ['chờ xử lý', 'nội bộ']
2026-01-05 10:41:59 | DEBUG    | log:153 | [get_keyword_boost] Query: 'Danh sách các giao dịch doanh ...' | Doc: getTransactionList | | Boost: 0.25 | Matched: ['chờ xử lý']
2026-01-05 10:41:59 | DEBUG    | log:153 | [classify_query_intent] Ambiguous: 'Danh sách các giao dịch doanh ...' | Scores: {'Tra cứu giao dịch theo trạng thái': 2, 'Tra cứu giao dịch theo loại giao dịch': 1, 'getTransactionList | Tra cứu giao dịch đang chờ xử lý hoặc chờ duyệt': 2, 'getTransactionList | Tra cứu giao dịch chờ duyệt theo số tài khoản nguồn': 1, 'getTransactionList | Tra cứu giao dịch chờ duyệt theo khoảng thời gian': 1, 'getTransactionList | Tra cứu giao dịch chờ duyệt theo loại giao dịch': 2, 'getTransactionList | Tra cứu giao dịch chờ duyệt theo số tiền hoặc hạn mức': 1}
2026-01-05 10:41:59 | DEBUG    | log:153 | [normalize_query] 'Kiểm tra các giao dịch doanh nghiệp còn ...' -> 'Kiểm tra các giao dịch doanh nghiệp còn ...'
2026-01-05 10:41:59 | DEBUG    | log:153 | [perform_hybrid_search] query_text: [Kiểm tra các giao dịch doanh nghiệp còn đang pending duyệt] - formatted_query: [Kiểm tra các giao dịch doanh nghiệp còn đang pending duyệt] - normalized_query: [Kiểm tra các giao dịch doanh nghiệp còn đang pending duyệt]
2026-01-05 10:41:59 | DEBUG    | log:153 | [perform_hybrid_search] BM25 raw scores: min=0.1049, max=18.4852
2026-01-05 10:41:59 | DEBUG    | log:153 | [get_keyword_boost] Query: 'Kiểm tra các giao dịch doanh n...' | Doc: getTransactionList | | Boost: 0.25 | Matched: ['pending']
2026-01-05 10:41:59 | DEBUG    | log:153 | [get_keyword_boost] Query: 'Kiểm tra các giao dịch doanh n...' | Doc: getTransactionList | | Boost: 0.25 | Matched: ['pending']
2026-01-05 10:41:59 | DEBUG    | log:153 | [get_keyword_boost] Query: 'Kiểm tra các giao dịch doanh n...' | Doc: getTransactionList | | Boost: 0.25 | Matched: ['pending']
2026-01-05 10:41:59 | DEBUG    | log:153 | [get_keyword_boost] Query: 'Kiểm tra các giao dịch doanh n...' | Doc: getTransactionList | | Boost: 0.25 | Matched: ['pending']
2026-01-05 10:41:59 | DEBUG    | log:153 | [get_keyword_boost] Query: 'Kiểm tra các giao dịch doanh n...' | Doc: getTransactionList | | Boost: 0.25 | Matched: ['pending']
2026-01-05 10:41:59 | DEBUG    | log:153 | [classify_query_intent] Ambiguous: 'Kiểm tra các giao dịch doanh n...' | Scores: {'getTransactionList | Tra cứu giao dịch đang chờ xử lý hoặc chờ duyệt': 1, 'getTransactionList | Tra cứu giao dịch chờ duyệt theo số tài khoản nguồn': 1, 'getTransactionList | Tra cứu giao dịch chờ duyệt theo khoảng thời gian': 1, 'getTransactionList | Tra cứu giao dịch chờ duyệt theo loại giao dịch': 1, 'getTransactionList | Tra cứu giao dịch chờ duyệt theo số tiền hoặc hạn mức': 1}
2026-01-05 10:41:59 | DEBUG    | log:153 | [normalize_query] 'Xem các lệnh giao dịch doanh nghiệp chưa...' -> 'Xem các lệnh giao dịch doanh nghiệp chưa...'
2026-01-05 10:41:59 | DEBUG    | log:153 | [perform_hybrid_search] query_text: [Xem các lệnh giao dịch doanh nghiệp chưa hoàn thành] - formatted_query: [Xem các lệnh giao dịch doanh nghiệp chưa hoàn thành] - normalized_query: [Xem các lệnh giao dịch doanh nghiệp chưa hoàn thành]
2026-01-05 10:42:00 | DEBUG    | log:153 | [perform_hybrid_search] BM25 raw scores: min=1.0243, max=11.6194
2026-01-05 10:42:00 | DEBUG    | log:153 | [get_keyword_boost] Query: 'Xem các lệnh giao dịch doanh n...' | Doc: Tra cứu giao dịch th | Boost: 0.25 | Matched: ['hoàn thành']
2026-01-05 10:42:00 | DEBUG    | log:153 | [classify_query_intent] Classified: 'Xem các lệnh giao dịch doanh n...' -> Tra cứu giao dịch theo trạng t (score=1)
2026-01-05 10:42:00 | DEBUG    | log:153 | [normalize_query] 'Tôi cần xem các giao dịch doanh nghiệp c...' -> 'Tôi cần xem các giao dịch doanh nghiệp c...'
2026-01-05 10:42:00 | DEBUG    | log:153 | [perform_hybrid_search] query_text: [Tôi cần xem các giao dịch doanh nghiệp chưa được duyệt xong] - formatted_query: [Tôi cần xem các giao dịch doanh nghiệp chưa được duyệt xong] - normalized_query: [Tôi cần xem các giao dịch doanh nghiệp chưa được duyệt xong]
2026-01-05 10:42:00 | DEBUG    | log:153 | [perform_hybrid_search] BM25 raw scores: min=0.0786, max=18.8320
2026-01-05 10:42:00 | DEBUG    | log:153 | [get_keyword_boost] Query: 'Tôi cần xem các giao dịch doan...' | Doc: getTransactionList | | Boost: 0.25 | Matched: ['chưa được duyệt']
2026-01-05 10:42:00 | DEBUG    | log:153 | [classify_query_intent] Classified: 'Tôi cần xem các giao dịch doan...' -> getTransactionList | Tra cứu g (score=1)
2026-01-05 10:42:00 | DEBUG    | log:153 | [normalize_query] 'Tra cứu toàn bộ giao dịch doanh nghiệp đ...' -> 'Tra cứu toàn bộ giao dịch doanh nghiệp đ...'
2026-01-05 10:42:00 | DEBUG    | log:153 | [perform_hybrid_search] query_text: [Tra cứu toàn bộ giao dịch doanh nghiệp đang chờ phê duyệt] - formatted_query: [Tra cứu toàn bộ giao dịch doanh nghiệp đang chờ phê duyệt] - normalized_query: [Tra cứu toàn bộ giao dịch doanh nghiệp đang chờ phê duyệt]
2026-01-05 10:42:00 | DEBUG    | log:153 | [perform_hybrid_search] BM25 raw scores: min=0.5302, max=46.6383
2026-01-05 10:42:00 | DEBUG    | log:153 | [get_keyword_boost] Query: 'Tra cứu toàn bộ giao dịch doan...' | Doc: Tra cứu giao dịch th | Boost: 0.50 | Matched: ['chờ', 'phê duyệt']
2026-01-05 10:42:00 | DEBUG    | log:153 | [get_keyword_boost] Query: 'Tra cứu toàn bộ giao dịch doan...' | Doc: getTransactionList | | Boost: 0.75 | Matched: ['chờ phê duyệt', 'đang chờ', 'toàn bộ']
2026-01-05 10:42:00 | DEBUG    | log:153 | [classify_query_intent] Classified: 'Tra cứu toàn bộ giao dịch doan...' -> getTransactionList | Tra cứu g (score=3)
2026-01-05 10:42:00 | DEBUG    | log:153 | [normalize_query] 'tra cuu cac giao dich doanh nghiep hien ...' -> 'Tra cuu cac giao dich doanh nghiep hien ...'
2026-01-05 10:42:00 | DEBUG    | log:153 | [perform_hybrid_search] query_text: [tra cuu cac giao dich doanh nghiep hien chua duoc phe duyet] - formatted_query: [Tra cuu cac giao dich doanh nghiep hien chua duoc phe duyet] - normalized_query: [Tra cuu cac giao dich doanh nghiep hien chua duoc phe duyet]
2026-01-05 10:42:00 | DEBUG    | log:153 | [perform_hybrid_search] BM25 raw scores: min=0.2428, max=9.5777
2026-01-05 10:42:00 | DEBUG    | log:153 | [classify_query_intent] No keyword matches found in: 'Tra cuu cac giao dich doanh nghiep hien chua duoc '
2026-01-05 10:42:00 | DEBUG    | log:153 | [normalize_query] 'Tra cuu cac giao dich doanh nghiep chua ...' -> 'Tra cuu cac giao dich doanh nghiep chua ...'
2026-01-05 10:42:00 | DEBUG    | log:153 | [perform_hybrid_search] query_text: [Tra cuu cac giao dich doanh nghiep chua duoc phe duyet] - formatted_query: [Tra cuu cac giao dich doanh nghiep chua duoc phe duyet] - normalized_query: [Tra cuu cac giao dich doanh nghiep chua duoc phe duyet]
2026-01-05 10:42:00 | DEBUG    | log:153 | [perform_hybrid_search] BM25 raw scores: min=0.2428, max=6.6176
2026-01-05 10:42:00 | DEBUG    | log:153 | [classify_query_intent] No keyword matches found in: 'Tra cuu cac giao dich doanh nghiep chua duoc phe d'
2026-01-05 10:42:00 | DEBUG    | log:153 | [normalize_query] 'Kiem tra danh sach giao dich cong ty dan...' -> 'Kiem tra danh sach giao dich cong ty dan...'
2026-01-05 10:42:00 | DEBUG    | log:153 | [perform_hybrid_search] query_text: [Kiem tra danh sach giao dich cong ty dang cho duyet] - formatted_query: [Kiem tra danh sach giao dich cong ty dang cho duyet] - normalized_query: [Kiem tra danh sach giao dich cong ty dang cho duyet]
2026-01-05 10:42:00 | DEBUG    | log:153 | [perform_hybrid_search] BM25 raw scores: min=0.1311, max=28.9922
2026-01-05 10:42:00 | DEBUG    | log:153 | [classify_query_intent] No keyword matches found in: 'Kiem tra danh sach giao dich cong ty dang cho duye'
2026-01-05 10:42:00 | DEBUG    | log:153 | [normalize_query] 'Xem cac lenh chuyen tien doanh nghiep ch...' -> 'Xem cac lenh chuyen tien doanh nghiep ch...'
2026-01-05 10:42:00 | DEBUG    | log:153 | [perform_hybrid_search] query_text: [Xem cac lenh chuyen tien doanh nghiep chua duyet] - formatted_query: [Xem cac lenh chuyen tien doanh nghiep chua duyet] - normalized_query: [Xem cac lenh chuyen tien doanh nghiep chua duyet]
2026-01-05 10:42:00 | DEBUG    | log:153 | [perform_hybrid_search] BM25 raw scores: min=0.6853, max=20.9119
2026-01-05 10:42:00 | DEBUG    | log:153 | [classify_query_intent] No keyword matches found in: 'Xem cac lenh chuyen tien doanh nghiep chua duyet'
2026-01-05 10:42:00 | DEBUG    | log:153 | [normalize_query] 'Danh sach giao dich doanh nghiep dang pe...' -> 'Danh sach giao dich doanh nghiep dang pe...'
2026-01-05 10:42:00 | DEBUG    | log:153 | [perform_hybrid_search] query_text: [Danh sach giao dich doanh nghiep dang pending] - formatted_query: [Danh sach giao dich doanh nghiep dang pending] - normalized_query: [Danh sach giao dich doanh nghiep dang pending]
2026-01-05 10:42:00 | DEBUG    | log:153 | [perform_hybrid_search] BM25 raw scores: min=0.1049, max=24.5386
2026-01-05 10:42:00 | DEBUG    | log:153 | [get_keyword_boost] Query: 'Danh sach giao dich doanh nghi...' | Doc: getTransactionList | | Boost: 0.25 | Matched: ['pending']
2026-01-05 10:42:00 | DEBUG    | log:153 | [get_keyword_boost] Query: 'Danh sach giao dich doanh nghi...' | Doc: getTransactionList | | Boost: 0.25 | Matched: ['pending']
2026-01-05 10:42:00 | DEBUG    | log:153 | [get_keyword_boost] Query: 'Danh sach giao dich doanh nghi...' | Doc: getTransactionList | | Boost: 0.25 | Matched: ['pending']
2026-01-05 10:42:00 | DEBUG    | log:153 | [get_keyword_boost] Query: 'Danh sach giao dich doanh nghi...' | Doc: getTransactionList | | Boost: 0.25 | Matched: ['pending']
2026-01-05 10:42:00 | DEBUG    | log:153 | [get_keyword_boost] Query: 'Danh sach giao dich doanh nghi...' | Doc: getTransactionList | | Boost: 0.25 | Matched: ['pending']
2026-01-05 10:42:00 | DEBUG    | log:153 | [classify_query_intent] Ambiguous: 'Danh sach giao dich doanh nghi...' | Scores: {'getTransactionList | Tra cứu giao dịch đang chờ xử lý hoặc chờ duyệt': 1, 'getTransactionList | Tra cứu giao dịch chờ duyệt theo số tài khoản nguồn': 1, 'getTransactionList | Tra cứu giao dịch chờ duyệt theo khoảng thời gian': 1, 'getTransactionList | Tra cứu giao dịch chờ duyệt theo loại giao dịch': 1, 'getTransactionList | Tra cứu giao dịch chờ duyệt theo số tiền hoặc hạn mức': 1}
2026-01-05 10:42:00 | DEBUG    | log:153 | [normalize_query] 'Giao dich doanh nghiep nao chua duoc xu ...' -> 'Giao dich doanh nghiep nao chua duoc xu ...'
2026-01-05 10:42:00 | DEBUG    | log:153 | [perform_hybrid_search] query_text: [Giao dich doanh nghiep nao chua duoc xu ly] - formatted_query: [Giao dich doanh nghiep nao chua duoc xu ly] - normalized_query: [Giao dich doanh nghiep nao chua duoc xu ly]
2026-01-05 10:42:00 | DEBUG    | log:153 | [perform_hybrid_search] BM25 raw scores: min=0.0786, max=10.0851
2026-01-05 10:42:00 | DEBUG    | log:153 | [classify_query_intent] No keyword matches found in: 'Giao dich doanh nghiep nao chua duoc xu ly'
2026-01-05 10:42:00 | DEBUG    | log:153 | [normalize_query] 'toi can kiem tra danh sach giao dich con...' -> 'Toi can kiem tra danh sach giao dich con...'
2026-01-05 10:42:00 | DEBUG    | log:153 | [perform_hybrid_search] query_text: [toi can kiem tra danh sach giao dich cong ty dang doi duyet] - formatted_query: [Toi can kiem tra danh sach giao dich cong ty dang doi duyet] - normalized_query: [Toi can kiem tra danh sach giao dich cong ty dang doi duyet]
2026-01-05 10:42:00 | DEBUG    | log:153 | [perform_hybrid_search] BM25 raw scores: min=0.1311, max=30.2074
2026-01-05 10:42:00 | DEBUG    | log:153 | [classify_query_intent] No keyword matches found in: 'Toi can kiem tra danh sach giao dich cong ty dang '
2026-01-05 10:42:00 | DEBUG    | log:153 | [normalize_query] 'cho phep toi xem cac giao dich doanh ngh...' -> 'Cho phep toi xem cac giao dich doanh ngh...'
2026-01-05 10:42:00 | DEBUG    | log:153 | [perform_hybrid_search] query_text: [cho phep toi xem cac giao dich doanh nghiep con dang treo] - formatted_query: [Cho phep toi xem cac giao dich doanh nghiep con dang treo] - normalized_query: [Cho phep toi xem cac giao dich doanh nghiep con dang treo]
2026-01-05 10:42:00 | DEBUG    | log:153 | [perform_hybrid_search] BM25 raw scores: min=0.1049, max=5.6449
2026-01-05 10:42:00 | DEBUG    | log:153 | [classify_query_intent] No keyword matches found in: 'Cho phep toi xem cac giao dich doanh nghiep con da'
2026-01-05 10:42:00 | DEBUG    | log:153 | [normalize_query] 'tinh trang cac giao dich doanh nghiep da...' -> 'Tinh trang cac giao dich doanh nghiep da...'
2026-01-05 10:42:00 | DEBUG    | log:153 | [perform_hybrid_search] query_text: [tinh trang cac giao dich doanh nghiep dang xu ly nhu the nao] - formatted_query: [Tinh trang cac giao dich doanh nghiep dang xu ly nhu the nao] - normalized_query: [Tinh trang cac giao dich doanh nghiep dang xu ly nhu the nao]
2026-01-05 10:42:00 | DEBUG    | log:153 | [perform_hybrid_search] BM25 raw scores: min=0.1049, max=8.8450
2026-01-05 10:42:00 | DEBUG    | log:153 | [classify_query_intent] No keyword matches found in: 'Tinh trang cac giao dich doanh nghiep dang xu ly n'
2026-01-05 10:42:00 | DEBUG    | log:153 | [normalize_query] 'xem nhung giao dich doanh nghiep van chu...' -> 'Xem nhung giao dich doanh nghiep van chu...'
2026-01-05 10:42:00 | DEBUG    | log:153 | [perform_hybrid_search] query_text: [xem nhung giao dich doanh nghiep van chua hoan thanh phe duyet] - formatted_query: [Xem nhung giao dich doanh nghiep van chua hoan thanh phe duyet] - normalized_query: [Xem nhung giao dich doanh nghiep van chua hoan thanh phe duyet]
2026-01-05 10:42:00 | DEBUG    | log:153 | [perform_hybrid_search] BM25 raw scores: min=1.0780, max=13.0650
2026-01-05 10:42:00 | DEBUG    | log:153 | [classify_query_intent] No keyword matches found in: 'Xem nhung giao dich doanh nghiep van chua hoan tha'
2026-01-05 10:42:00 | DEBUG    | log:153 | [normalize_query] 'kiem tra cac lenh chuyen tien doanh nghi...' -> 'Kiem tra cac lenh chuyen tien doanh nghi...'
2026-01-05 10:42:00 | DEBUG    | log:153 | [perform_hybrid_search] query_text: [kiem tra cac lenh chuyen tien doanh nghiep dang cho xac nhan] - formatted_query: [Kiem tra cac lenh chuyen tien doanh nghiep dang cho xac nhan] - normalized_query: [Kiem tra cac lenh chuyen tien doanh nghiep dang cho xac nhan]
2026-01-05 10:42:00 | DEBUG    | log:153 | [perform_hybrid_search] BM25 raw scores: min=0.7305, max=13.0474
2026-01-05 10:42:00 | DEBUG    | log:153 | [classify_query_intent] No keyword matches found in: 'Kiem tra cac lenh chuyen tien doanh nghiep dang ch'
2026-01-05 10:42:00 | DEBUG    | log:153 | [normalize_query] 'danh sach giao dich cong ty chua duoc th...' -> 'Danh sach giao dich cong ty chua duoc th...'
2026-01-05 10:42:00 | DEBUG    | log:153 | [perform_hybrid_search] query_text: [danh sach giao dich cong ty chua duoc thong qua] - formatted_query: [Danh sach giao dich cong ty chua duoc thong qua] - normalized_query: [Danh sach giao dich cong ty chua duoc thong qua]
2026-01-05 10:42:00 | DEBUG    | log:153 | [perform_hybrid_search] BM25 raw scores: min=0.1049, max=27.4075
2026-01-05 10:42:00 | DEBUG    | log:153 | [classify_query_intent] No keyword matches found in: 'Danh sach giao dich cong ty chua duoc thong qua'
2026-01-05 10:42:00 | DEBUG    | log:153 | [normalize_query] 'toi muon ra soat cac giao dich doanh ngh...' -> 'Toi muon ra soat cac giao dich doanh ngh...'
2026-01-05 10:42:00 | DEBUG    | log:153 | [perform_hybrid_search] query_text: [toi muon ra soat cac giao dich doanh nghiep chua duyet] - formatted_query: [Toi muon ra soat cac giao dich doanh nghiep chua duyet] - normalized_query: [Toi muon ra soat cac giao dich doanh nghiep chua duyet]
2026-01-05 10:42:00 | DEBUG    | log:153 | [perform_hybrid_search] BM25 raw scores: min=0.0786, max=10.5150
2026-01-05 10:42:00 | DEBUG    | log:153 | [classify_query_intent] No keyword matches found in: 'Toi muon ra soat cac giao dich doanh nghiep chua d'
2026-01-05 10:42:00 | DEBUG    | log:153 | [normalize_query] 'giao dich doanh nghiep nao hien van dang...' -> 'Giao dich doanh nghiep nao hien van dang...'
2026-01-05 10:42:00 | DEBUG    | log:153 | [perform_hybrid_search] query_text: [giao dich doanh nghiep nao hien van dang bi giu lai] - formatted_query: [Giao dich doanh nghiep nao hien van dang bi giu lai] - normalized_query: [Giao dich doanh nghiep nao hien van dang bi giu lai]
2026-01-05 10:42:00 | DEBUG    | log:153 | [perform_hybrid_search] BM25 raw scores: min=0.1573, max=5.9688
2026-01-05 10:42:00 | DEBUG    | log:153 | [classify_query_intent] No keyword matches found in: 'Giao dich doanh nghiep nao hien van dang bi giu la'
2026-01-05 10:42:00 | DEBUG    | log:153 | [normalize_query] 'xem trang thai phe duyet cua cac giao di...' -> 'Xem trang thai phe duyet cua cac giao di...'
2026-01-05 10:42:00 | DEBUG    | log:153 | [perform_hybrid_search] query_text: [xem trang thai phe duyet cua cac giao dich doanh nghiep] - formatted_query: [Xem trang thai phe duyet cua cac giao dich doanh nghiep] - normalized_query: [Xem trang thai phe duyet cua cac giao dich doanh nghiep]
2026-01-05 10:42:00 | DEBUG    | log:153 | [perform_hybrid_search] BM25 raw scores: min=0.0786, max=11.6365
2026-01-05 10:42:00 | DEBUG    | log:153 | [classify_query_intent] No keyword matches found in: 'Xem trang thai phe duyet cua cac giao dich doanh n'
2026-01-05 10:42:00 | DEBUG    | log:153 | [normalize_query] 'kiemr tra giao dich doanh nghiep dang ch...' -> 'Kiemr tra giao dich doanh nghiep dang ch...'
2026-01-05 10:42:00 | DEBUG    | log:153 | [perform_hybrid_search] query_text: [kiemr tra giao dich doanh nghiep dang cho duyet] - formatted_query: [Kiemr tra giao dich doanh nghiep dang cho duyet] - normalized_query: [Kiemr tra giao dich doanh nghiep dang cho duyet]
2026-01-05 10:42:00 | DEBUG    | log:153 | [perform_hybrid_search] BM25 raw scores: min=0.1311, max=5.3486
2026-01-05 10:42:00 | DEBUG    | log:153 | [classify_query_intent] No keyword matches found in: 'Kiemr tra giao dich doanh nghiep dang cho duyet'
2026-01-05 10:42:00 | DEBUG    | log:153 | [normalize_query] 'xem cac giao dich cty chua duoc phe duye...' -> 'Xem cac giao dich cty chua duoc phe duye...'
2026-01-05 10:42:00 | DEBUG    | log:153 | [perform_hybrid_search] query_text: [xem cac giao dich cty chua duoc phe duyeet] - formatted_query: [Xem cac giao dich cty chua duoc phe duyeet] - normalized_query: [Xem cac giao dich cty chua duoc phe duyeet]
2026-01-05 10:42:00 | DEBUG    | log:153 | [perform_hybrid_search] BM25 raw scores: min=0.0786, max=8.1475
2026-01-05 10:42:00 | DEBUG    | log:153 | [classify_query_intent] No keyword matches found in: 'Xem cac giao dich cty chua duoc phe duyeet'
2026-01-05 10:42:00 | DEBUG    | log:153 | [normalize_query] 'Tra cứu các giao djch doanh nghiep chưa ...' -> 'Tra cứu các giao djch doanh nghiep chưa ...'
2026-01-05 10:42:00 | DEBUG    | log:153 | [perform_hybrid_search] query_text: [Tra cứu các giao djch doanh nghiep chưa đươc phe duyet] - formatted_query: [Tra cứu các giao djch doanh nghiep chưa đươc phe duyet] - normalized_query: [Tra cứu các giao djch doanh nghiep chưa đươc phe duyet]
2026-01-05 10:42:00 | DEBUG    | log:153 | [perform_hybrid_search] BM25 raw scores: min=0.4369, max=7.0345
2026-01-05 10:42:00 | DEBUG    | log:153 | [classify_query_intent] No keyword matches found in: 'Tra cứu các giao djch doanh nghiep chưa đươc phe d'
2026-01-05 10:42:00 | DEBUG    | log:153 | [normalize_query] 'Kiêm tra danh sánh giao dich cong ty dan...' -> 'Kiêm tra danh sánh giao dich cong ty dan...'
2026-01-05 10:42:00 | DEBUG    | log:153 | [perform_hybrid_search] query_text: [Kiêm tra danh sánh giao dich cong ty dang cho duyêt] - formatted_query: [Kiêm tra danh sánh giao dich cong ty dang cho duyêt] - normalized_query: [Kiêm tra danh sánh giao dich cong ty dang cho duyêt]
2026-01-05 10:42:00 | DEBUG    | log:153 | [perform_hybrid_search] BM25 raw scores: min=0.1311, max=19.5663
2026-01-05 10:42:00 | DEBUG    | log:153 | [classify_query_intent] No keyword matches found in: 'Kiêm tra danh sánh giao dich cong ty dang cho duyê'
2026-01-05 10:42:00 | DEBUG    | log:153 | [normalize_query] 'Xem cac giao dich doanh nghiep dang bi t...' -> 'Xem cac giao dich doanh nghiep dang bi t...'
2026-01-05 10:42:00 | DEBUG    | log:153 | [perform_hybrid_search] query_text: [Xem cac giao dich doanh nghiep dang bi treo xư ly] - formatted_query: [Xem cac giao dich doanh nghiep dang bi treo xư ly] - normalized_query: [Xem cac giao dich doanh nghiep dang bi treo xư ly]
2026-01-05 10:42:00 | DEBUG    | log:153 | [perform_hybrid_search] BM25 raw scores: min=0.1049, max=8.5764
2026-01-05 10:42:00 | DEBUG    | log:153 | [classify_query_intent] No keyword matches found in: 'Xem cac giao dich doanh nghiep dang bi treo xư ly'
2026-01-05 10:42:00 | DEBUG    | log:153 | [normalize_query] 'Danh sác giao dich doanh nghiep chua xu ...' -> 'Danh sác giao dich doanh nghiep chua xu ...'
2026-01-05 10:42:00 | DEBUG    | log:153 | [perform_hybrid_search] query_text: [Danh sác giao dich doanh nghiep chua xu ly xong] - formatted_query: [Danh sác giao dich doanh nghiep chua xu ly xong] - normalized_query: [Danh sác giao dich doanh nghiep chua xu ly xong]
2026-01-05 10:42:00 | DEBUG    | log:153 | [perform_hybrid_search] BM25 raw scores: min=0.0786, max=9.6735
2026-01-05 10:42:00 | DEBUG    | log:153 | [classify_query_intent] No keyword matches found in: 'Danh sác giao dich doanh nghiep chua xu ly xong'
2026-01-05 10:42:00 | DEBUG    | log:153 | [normalize_query] 'Giao dich doanh nghiep nao hien chua duy...' -> 'Giao dich doanh nghiep nao hien chua duy...'
2026-01-05 10:42:00 | DEBUG    | log:153 | [perform_hybrid_search] query_text: [Giao dich doanh nghiep nao hien chua duyet] - formatted_query: [Giao dich doanh nghiep nao hien chua duyet] - normalized_query: [Giao dich doanh nghiep nao hien chua duyet]
2026-01-05 10:42:00 | DEBUG    | log:153 | [perform_hybrid_search] BM25 raw scores: min=0.0786, max=16.7582
2026-01-05 10:42:00 | DEBUG    | log:153 | [classify_query_intent] No keyword matches found in: 'Giao dich doanh nghiep nao hien chua duyet'
2026-01-05 10:42:00 | DEBUG    | log:153 | [normalize_query] 'tra cuu giao dich doanh ngiep dang doi...' -> 'Tra cuu giao dich doanh ngiep dang doi...'
2026-01-05 10:42:00 | DEBUG    | log:153 | [perform_hybrid_search] query_text: [tra cuu giao dich doanh ngiep dang doi] - formatted_query: [Tra cuu giao dich doanh ngiep dang doi] - normalized_query: [Tra cuu giao dich doanh ngiep dang doi]
2026-01-05 10:42:00 | DEBUG    | log:153 | [perform_hybrid_search] BM25 raw scores: min=0.2332, max=0.4150
2026-01-05 10:42:00 | DEBUG    | log:153 | [classify_query_intent] No keyword matches found in: 'Tra cuu giao dich doanh ngiep dang doi'
2026-01-05 10:42:00 | DEBUG    | log:153 | [normalize_query] 'danh sach giao dich chua dc duyet...' -> 'Danh sach giao dich chua dc duyet...'
2026-01-05 10:42:00 | DEBUG    | log:153 | [perform_hybrid_search] query_text: [danh sach giao dich chua dc duyet] - formatted_query: [Danh sach giao dich chua dc duyet] - normalized_query: [Danh sach giao dich chua dc duyet]
2026-01-05 10:42:00 | DEBUG    | log:153 | [perform_hybrid_search] BM25 raw scores: min=0.0786, max=34.1655
2026-01-05 10:42:00 | DEBUG    | log:153 | [classify_query_intent] No keyword matches found in: 'Danh sach giao dich chua dc duyet'
2026-01-05 10:42:00 | DEBUG    | log:153 | [normalize_query] 'kiem tra lenh chuyen tien doanh nghiep d...' -> 'Kiem tra lenh chuyen tien doanh nghiep d...'
2026-01-05 10:42:00 | DEBUG    | log:153 | [perform_hybrid_search] query_text: [kiem tra lenh chuyen tien doanh nghiep dang cho xu ly] - formatted_query: [Kiem tra lenh chuyen tien doanh nghiep dang cho xu ly] - normalized_query: [Kiem tra lenh chuyen tien doanh nghiep dang cho xu ly]
2026-01-05 10:42:00 | DEBUG    | log:153 | [perform_hybrid_search] BM25 raw scores: min=0.4107, max=15.8108
2026-01-05 10:42:00 | DEBUG    | log:153 | [classify_query_intent] No keyword matches found in: 'Kiem tra lenh chuyen tien doanh nghiep dang cho xu'
2026-01-05 10:42:00 | DEBUG    | log:153 | [normalize_query] 'giao dich doanh nghiep nao dang bi treoo...' -> 'Giao dich doanh nghiep nao dang bi treoo...'
2026-01-05 10:42:00 | DEBUG    | log:153 | [perform_hybrid_search] query_text: [giao dich doanh nghiep nao dang bi treoo] - formatted_query: [Giao dich doanh nghiep nao dang bi treoo] - normalized_query: [Giao dich doanh nghiep nao dang bi treoo]
2026-01-05 10:42:00 | DEBUG    | log:153 | [perform_hybrid_search] BM25 raw scores: min=0.1049, max=4.4325
2026-01-05 10:42:00 | DEBUG    | log:153 | [classify_query_intent] No keyword matches found in: 'Giao dich doanh nghiep nao dang bi treoo'
2026-01-05 10:42:00 | DEBUG    | log:153 | [normalize_query] 'xem nhung giao dich chue hoan thanh phe ...' -> 'Xem nhung giao dich chue hoan thanh phe ...'
2026-01-05 10:42:00 | DEBUG    | log:153 | [perform_hybrid_search] query_text: [xem nhung giao dich chue hoan thanh phe duyet] - formatted_query: [Xem nhung giao dich chue hoan thanh phe duyet] - normalized_query: [Xem nhung giao dich chue hoan thanh phe duyet]
2026-01-05 10:42:00 | DEBUG    | log:153 | [perform_hybrid_search] BM25 raw scores: min=1.0243, max=8.2982
2026-01-05 10:42:00 | DEBUG    | log:153 | [classify_query_intent] No keyword matches found in: 'Xem nhung giao dich chue hoan thanh phe duyet'
2026-01-05 10:42:00 | DEBUG    | log:153 | [normalize_query] 'ra soat cac khoan chuyen tien chua dc du...' -> 'Ra soat cac khoan chuyen tien chua dc du...'
2026-01-05 10:42:00 | DEBUG    | log:153 | [perform_hybrid_search] query_text: [ra soat cac khoan chuyen tien chua dc duyet] - formatted_query: [Ra soat cac khoan chuyen tien chua dc duyet] - normalized_query: [Ra soat cac khoan chuyen tien chua dc duyet]
2026-01-05 10:42:00 | DEBUG    | log:153 | [perform_hybrid_search] BM25 raw scores: min=0.4686, max=10.4413
2026-01-05 10:42:00 | DEBUG    | log:153 | [classify_query_intent] No keyword matches found in: 'Ra soat cac khoan chuyen tien chua dc duyet'
2026-01-05 10:42:00 | DEBUG    | log:153 | [normalize_query] 'giao dich nao dang cho duyet cua doanh n...' -> 'Giao dich nao dang cho duyet cua doanh n...'
2026-01-05 10:42:00 | DEBUG    | log:153 | [perform_hybrid_search] query_text: [giao dich nao dang cho duyet cua doanh nghiep] - formatted_query: [Giao dich nao dang cho duyet cua doanh nghiep] - normalized_query: [Giao dich nao dang cho duyet cua doanh nghiep]
2026-01-05 10:42:00 | DEBUG    | log:153 | [perform_hybrid_search] BM25 raw scores: min=0.1049, max=6.6095
2026-01-05 10:42:00 | DEBUG    | log:153 | [classify_query_intent] No keyword matches found in: 'Giao dich nao dang cho duyet cua doanh nghiep'
2026-01-05 10:42:00 | DEBUG    | log:153 | [normalize_query] 'kiem tra tinh trang cac giao dich chua t...' -> 'Kiem tra tinh trang cac giao dich chua t...'
2026-01-05 10:42:00 | DEBUG    | log:153 | [perform_hybrid_search] query_text: [kiem tra tinh trang cac giao dich chua thong qoa] - formatted_query: [Kiem tra tinh trang cac giao dich chua thong qoa] - normalized_query: [Kiem tra tinh trang cac giao dich chua thong qoa]
2026-01-05 10:42:00 | DEBUG    | log:153 | [perform_hybrid_search] BM25 raw scores: min=0.1311, max=14.7533
2026-01-05 10:42:00 | DEBUG    | log:153 | [classify_query_intent] No keyword matches found in: 'Kiem tra tinh trang cac giao dich chua thong qoa'
2026-01-05 10:42:00 | DEBUG    | log:153 | [normalize_query] 'Check các transaction doanh nghiệp đang ...' -> 'Check các transaction doanh nghiệp đang ...'
2026-01-05 10:42:00 | DEBUG    | log:153 | [perform_hybrid_search] query_text: [Check các transaction doanh nghiệp đang pending] - formatted_query: [Check các transaction doanh nghiệp đang pending] - normalized_query: [Check các transaction doanh nghiệp đang pending]
2026-01-05 10:42:00 | DEBUG    | log:153 | [perform_hybrid_search] BM25 raw scores: min=0.0000, max=7.0185
2026-01-05 10:42:00 | DEBUG    | log:153 | [get_keyword_boost] Query: 'Check các transaction doanh ng...' | Doc: Tra cứu giao dịch ch | Boost: 0.25 | Matched: ['ck']
2026-01-05 10:42:00 | DEBUG    | log:153 | [get_keyword_boost] Query: 'Check các transaction doanh ng...' | Doc: getTransactionList | | Boost: 0.25 | Matched: ['pending']
2026-01-05 10:42:00 | DEBUG    | log:153 | [get_keyword_boost] Query: 'Check các transaction doanh ng...' | Doc: getTransactionList | | Boost: 0.25 | Matched: ['pending']
2026-01-05 10:42:00 | DEBUG    | log:153 | [get_keyword_boost] Query: 'Check các transaction doanh ng...' | Doc: getTransactionList | | Boost: 0.25 | Matched: ['pending']
2026-01-05 10:42:00 | DEBUG    | log:153 | [get_keyword_boost] Query: 'Check các transaction doanh ng...' | Doc: getTransactionList | | Boost: 0.25 | Matched: ['pending']
2026-01-05 10:42:00 | DEBUG    | log:153 | [get_keyword_boost] Query: 'Check các transaction doanh ng...' | Doc: getTransactionList | | Boost: 0.25 | Matched: ['pending']
2026-01-05 10:42:00 | DEBUG    | log:153 | [classify_query_intent] Ambiguous: 'Check các transaction doanh ng...' | Scores: {'Tra cứu giao dịch chuyển tiền': 1, 'getTransactionList | Tra cứu giao dịch đang chờ xử lý hoặc chờ duyệt': 1, 'getTransactionList | Tra cứu giao dịch chờ duyệt theo số tài khoản nguồn': 1, 'getTransactionList | Tra cứu giao dịch chờ duyệt theo khoảng thời gian': 1, 'getTransactionList | Tra cứu giao dịch chờ duyệt theo loại giao dịch': 1, 'getTransactionList | Tra cứu giao dịch chờ duyệt theo số tiền hoặc hạn mức': 1}
2026-01-05 10:42:00 | DEBUG    | log:153 | [normalize_query] 'List các giao dịch company chưa được app...' -> 'List các giao dịch company chưa được app...'
2026-01-05 10:42:00 | DEBUG    | log:153 | [perform_hybrid_search] query_text: [List các giao dịch company chưa được approve] - formatted_query: [List các giao dịch company chưa được approve] - normalized_query: [List các giao dịch company chưa được approve]
2026-01-05 10:42:00 | DEBUG    | log:153 | [perform_hybrid_search] BM25 raw scores: min=0.0786, max=2.6908
2026-01-05 10:42:00 | DEBUG    | log:153 | [classify_query_intent] No keyword matches found in: 'List các giao dịch company chưa được approve'
2026-01-05 10:42:00 | DEBUG    | log:153 | [normalize_query] 'Xem status mấy cái deal doanh nghiệp wai...' -> 'Xem status mấy cái deal doanh nghiệp wai...'
2026-01-05 10:42:00 | DEBUG    | log:153 | [perform_hybrid_search] query_text: [Xem status mấy cái deal doanh nghiệp waiting for approval] - formatted_query: [Xem status mấy cái deal doanh nghiệp waiting for approval] - normalized_query: [Xem status mấy cái deal doanh nghiệp waiting for approval]
2026-01-05 10:42:00 | DEBUG    | log:153 | [perform_hybrid_search] BM25 raw scores: min=0.0000, max=6.7061
2026-01-05 10:42:00 | DEBUG    | log:153 | [classify_query_intent] No keyword matches found in: 'Xem status mấy cái deal doanh nghiệp waiting for a'
2026-01-05 10:42:00 | DEBUG    | log:153 | [normalize_query] 'Kiểm tra money transfer của doanh nghiệp...' -> 'Kiểm tra money transfer của doanh nghiệp...'
2026-01-05 10:42:00 | DEBUG    | log:153 | [perform_hybrid_search] query_text: [Kiểm tra money transfer của doanh nghiệp còn đang queue] - formatted_query: [Kiểm tra money transfer của doanh nghiệp còn đang queue] - normalized_query: [Kiểm tra money transfer của doanh nghiệp còn đang queue]
2026-01-05 10:42:01 | DEBUG    | log:153 | [perform_hybrid_search] BM25 raw scores: min=0.0262, max=6.7551
2026-01-05 10:42:01 | DEBUG    | log:153 | [classify_query_intent] No keyword matches found in: 'Kiểm tra money transfer của doanh nghiệp còn đang '
2026-01-05 10:42:01 | DEBUG    | log:153 | [normalize_query] 'Check các giao dịch doanh nghiệp đang pe...' -> 'Check các giao dịch doanh nghiệp đang pe...'
2026-01-05 10:42:01 | DEBUG    | log:153 | [perform_hybrid_search] query_text: [Check các giao dịch doanh nghiệp đang pending] - formatted_query: [Check các giao dịch doanh nghiệp đang pending] - normalized_query: [Check các giao dịch doanh nghiệp đang pending]
2026-01-05 10:42:01 | DEBUG    | log:153 | [perform_hybrid_search] BM25 raw scores: min=0.0786, max=7.1727
2026-01-05 10:42:01 | DEBUG    | log:153 | [get_keyword_boost] Query: 'Check các giao dịch doanh nghi...' | Doc: Tra cứu giao dịch ch | Boost: 0.25 | Matched: ['ck']
2026-01-05 10:42:01 | DEBUG    | log:153 | [get_keyword_boost] Query: 'Check các giao dịch doanh nghi...' | Doc: getTransactionList | | Boost: 0.25 | Matched: ['pending']
2026-01-05 10:42:01 | DEBUG    | log:153 | [get_keyword_boost] Query: 'Check các giao dịch doanh nghi...' | Doc: getTransactionList | | Boost: 0.25 | Matched: ['pending']
2026-01-05 10:42:01 | DEBUG    | log:153 | [get_keyword_boost] Query: 'Check các giao dịch doanh nghi...' | Doc: getTransactionList | | Boost: 0.25 | Matched: ['pending']
2026-01-05 10:42:01 | DEBUG    | log:153 | [get_keyword_boost] Query: 'Check các giao dịch doanh nghi...' | Doc: getTransactionList | | Boost: 0.25 | Matched: ['pending']
2026-01-05 10:42:01 | DEBUG    | log:153 | [get_keyword_boost] Query: 'Check các giao dịch doanh nghi...' | Doc: getTransactionList | | Boost: 0.25 | Matched: ['pending']
2026-01-05 10:42:01 | DEBUG    | log:153 | [classify_query_intent] Ambiguous: 'Check các giao dịch doanh nghi...' | Scores: {'Tra cứu giao dịch chuyển tiền': 1, 'getTransactionList | Tra cứu giao dịch đang chờ xử lý hoặc chờ duyệt': 1, 'getTransactionList | Tra cứu giao dịch chờ duyệt theo số tài khoản nguồn': 1, 'getTransactionList | Tra cứu giao dịch chờ duyệt theo khoảng thời gian': 1, 'getTransactionList | Tra cứu giao dịch chờ duyệt theo loại giao dịch': 1, 'getTransactionList | Tra cứu giao dịch chờ duyệt theo số tiền hoặc hạn mức': 1}
2026-01-05 10:42:01 | DEBUG    | log:153 | [normalize_query] 'List giao dịch doanh nghiệp chưa approve...' -> 'List giao dịch doanh nghiệp chưa approve...'
2026-01-05 10:42:01 | DEBUG    | log:153 | [perform_hybrid_search] query_text: [List giao dịch doanh nghiệp chưa approve] - formatted_query: [List giao dịch doanh nghiệp chưa approve] - normalized_query: [List giao dịch doanh nghiệp chưa approve]
2026-01-05 10:42:01 | DEBUG    | log:153 | [perform_hybrid_search] BM25 raw scores: min=0.0786, max=2.6908
2026-01-05 10:42:01 | DEBUG    | log:153 | [classify_query_intent] No keyword matches found in: 'List giao dịch doanh nghiệp chưa approve'
2026-01-05 10:42:01 | DEBUG    | log:153 | [normalize_query] 'Show các corporate transactions đang chờ...' -> 'Show các corporate transactions đang chờ...'
2026-01-05 10:42:01 | DEBUG    | log:153 | [perform_hybrid_search] query_text: [Show các corporate transactions đang chờ duyệt] - formatted_query: [Show các corporate transactions đang chờ duyệt] - normalized_query: [Show các corporate transactions đang chờ duyệt]
2026-01-05 10:42:01 | DEBUG    | log:153 | [perform_hybrid_search] BM25 raw scores: min=0.0000, max=13.9009
2026-01-05 10:42:01 | DEBUG    | log:153 | [get_keyword_boost] Query: 'Show các corporate transaction...' | Doc: Tra cứu giao dịch th | Boost: 0.25 | Matched: ['chờ']
2026-01-05 10:42:01 | DEBUG    | log:153 | [get_keyword_boost] Query: 'Show các corporate transaction...' | Doc: getTransactionList | | Boost: 0.50 | Matched: ['chờ duyệt', 'đang chờ']
2026-01-05 10:42:01 | DEBUG    | log:153 | [get_keyword_boost] Query: 'Show các corporate transaction...' | Doc: getTransactionList | | Boost: 0.25 | Matched: ['chờ duyệt']
2026-01-05 10:42:01 | DEBUG    | log:153 | [get_keyword_boost] Query: 'Show các corporate transaction...' | Doc: getTransactionList | | Boost: 0.25 | Matched: ['chờ duyệt']
2026-01-05 10:42:01 | DEBUG    | log:153 | [get_keyword_boost] Query: 'Show các corporate transaction...' | Doc: getTransactionList | | Boost: 0.25 | Matched: ['chờ duyệt']
2026-01-05 10:42:01 | DEBUG    | log:153 | [get_keyword_boost] Query: 'Show các corporate transaction...' | Doc: getTransactionList | | Boost: 0.25 | Matched: ['chờ duyệt']
2026-01-05 10:42:01 | DEBUG    | log:153 | [classify_query_intent] Classified: 'Show các corporate transaction...' -> getTransactionList | Tra cứu g (score=2)
2026-01-05 10:42:01 | DEBUG    | log:153 | [normalize_query] 'Kiểm tra status giao dịch doanh nghiệp...' -> 'Kiểm tra status giao dịch doanh nghiệp...'
2026-01-05 10:42:01 | DEBUG    | log:153 | [perform_hybrid_search] query_text: [Kiểm tra status giao dịch doanh nghiệp] - formatted_query: [Kiểm tra status giao dịch doanh nghiệp] - normalized_query: [Kiểm tra status giao dịch doanh nghiệp]
2026-01-05 10:42:01 | DEBUG    | log:153 | [perform_hybrid_search] BM25 raw scores: min=0.1049, max=6.9124
2026-01-05 10:42:01 | DEBUG    | log:153 | [classify_query_intent] No keyword matches found in: 'Kiểm tra status giao dịch doanh nghiệp'
2026-01-05 10:42:01 | DEBUG    | log:153 | [normalize_query] 'Có corporate transaction nào pending khô...' -> 'Có corporate transaction nào pending khô...'
2026-01-05 10:42:01 | DEBUG    | log:153 | [perform_hybrid_search] query_text: [Có corporate transaction nào pending không] - formatted_query: [Có corporate transaction nào pending không] - normalized_query: [Có corporate transaction nào pending không]
2026-01-05 10:42:01 | DEBUG    | log:153 | [perform_hybrid_search] BM25 raw scores: min=0.0000, max=17.4612
2026-01-05 10:42:01 | DEBUG    | log:153 | [get_keyword_boost] Query: 'Có corporate transaction nào p...' | Doc: getTransactionList | | Boost: 0.25 | Matched: ['pending']
2026-01-05 10:42:01 | DEBUG    | log:153 | [get_keyword_boost] Query: 'Có corporate transaction nào p...' | Doc: getTransactionList | | Boost: 0.25 | Matched: ['pending']
2026-01-05 10:42:01 | DEBUG    | log:153 | [get_keyword_boost] Query: 'Có corporate transaction nào p...' | Doc: getTransactionList | | Boost: 0.25 | Matched: ['pending']
2026-01-05 10:42:01 | DEBUG    | log:153 | [get_keyword_boost] Query: 'Có corporate transaction nào p...' | Doc: getTransactionList | | Boost: 0.25 | Matched: ['pending']
2026-01-05 10:42:01 | DEBUG    | log:153 | [get_keyword_boost] Query: 'Có corporate transaction nào p...' | Doc: getTransactionList | | Boost: 0.25 | Matched: ['pending']
2026-01-05 10:42:01 | DEBUG    | log:153 | [classify_query_intent] Ambiguous: 'Có corporate transaction nào p...' | Scores: {'getTransactionList | Tra cứu giao dịch đang chờ xử lý hoặc chờ duyệt': 1, 'getTransactionList | Tra cứu giao dịch chờ duyệt theo số tài khoản nguồn': 1, 'getTransactionList | Tra cứu giao dịch chờ duyệt theo khoảng thời gian': 1, 'getTransactionList | Tra cứu giao dịch chờ duyệt theo loại giao dịch': 1, 'getTransactionList | Tra cứu giao dịch chờ duyệt theo số tiền hoặc hạn mức': 1}
2026-01-05 10:42:01 | DEBUG    | log:153 | [normalize_query] 'Các giao dịch business nào chưa confirm ...' -> 'Các giao dịch business nào chưa confirm ...'
2026-01-05 10:42:01 | DEBUG    | log:153 | [perform_hybrid_search] query_text: [Các giao dịch business nào chưa confirm xong] - formatted_query: [Các giao dịch business nào chưa confirm xong] - normalized_query: [Các giao dịch business nào chưa confirm xong]
2026-01-05 10:42:01 | DEBUG    | log:153 | [perform_hybrid_search] BM25 raw scores: min=0.0786, max=14.1373
2026-01-05 10:42:01 | DEBUG    | log:153 | [classify_query_intent] No keyword matches found in: 'Các giao dịch business nào chưa confirm xong'
2026-01-05 10:42:01 | DEBUG    | log:153 | [normalize_query] 'Review lại list giao dịch doanh nghiệp c...' -> 'Review lại list giao dịch doanh nghiệp c...'
2026-01-05 10:42:01 | DEBUG    | log:153 | [perform_hybrid_search] query_text: [Review lại list giao dịch doanh nghiệp chưa pass] - formatted_query: [Review lại list giao dịch doanh nghiệp chưa pass] - normalized_query: [Review lại list giao dịch doanh nghiệp chưa pass]
2026-01-05 10:42:01 | DEBUG    | log:153 | [perform_hybrid_search] BM25 raw scores: min=0.0786, max=2.6908
2026-01-05 10:42:01 | DEBUG    | log:153 | [classify_query_intent] No keyword matches found in: 'Review lại list giao dịch doanh nghiệp chưa pass'
2026-01-05 10:42:01 | DEBUG    | log:153 | [normalize_query] 'Check dùm lệnh chuyển tiền corporate đan...' -> 'Check dùm lệnh chuyển tiền corporate đan...'
2026-01-05 10:42:01 | DEBUG    | log:153 | [perform_hybrid_search] query_text: [Check dùm lệnh chuyển tiền corporate đang wait] - formatted_query: [Check dùm lệnh chuyển tiền corporate đang wait] - normalized_query: [Check dùm lệnh chuyển tiền corporate đang wait]
2026-01-05 10:42:01 | DEBUG    | log:153 | [perform_hybrid_search] BM25 raw scores: min=0.3667, max=11.3411
2026-01-05 10:42:01 | DEBUG    | log:153 | [get_keyword_boost] Query: 'Check dùm lệnh chuyển tiền cor...' | Doc: Tra cứu giao dịch th | Boost: 0.25 | Matched: ['chuyển tiền']
2026-01-05 10:42:01 | DEBUG    | log:153 | [get_keyword_boost] Query: 'Check dùm lệnh chuyển tiền cor...' | Doc: Tra cứu giao dịch ch | Boost: 0.50 | Matched: ['chuyển tiền', 'ck']
2026-01-05 10:42:01 | DEBUG    | log:153 | [get_keyword_boost] Query: 'Check dùm lệnh chuyển tiền cor...' | Doc: getTransactionList | | Boost: 0.25 | Matched: ['chuyển tiền']
2026-01-05 10:42:01 | DEBUG    | log:153 | [classify_query_intent] Classified: 'Check dùm lệnh chuyển tiền cor...' -> Tra cứu giao dịch chuyển tiền (score=2)
2026-01-05 10:42:01 | DEBUG    | log:153 | [normalize_query] 'Cho xem các giao dịch doanh nghiệp not a...' -> 'Cho xem các giao dịch doanh nghiệp not a...'
2026-01-05 10:42:01 | DEBUG    | log:153 | [perform_hybrid_search] query_text: [Cho xem các giao dịch doanh nghiệp not approved yet] - formatted_query: [Cho xem các giao dịch doanh nghiệp not approved yet] - normalized_query: [Cho xem các giao dịch doanh nghiệp not approved yet]
2026-01-05 10:42:01 | DEBUG    | log:153 | [perform_hybrid_search] BM25 raw scores: min=0.0786, max=12.0653
2026-01-05 10:42:01 | DEBUG    | log:153 | [classify_query_intent] No keyword matches found in: 'Cho xem các giao dịch doanh nghiệp not approved ye'
2026-01-05 10:42:01 | DEBUG    | log:153 | [normalize_query] 'Tra cứu transaction doanh nghiệp đang in...' -> 'Tra cứu transaction doanh nghiệp đang in...'
2026-01-05 10:42:01 | DEBUG    | log:153 | [perform_hybrid_search] query_text: [Tra cứu transaction doanh nghiệp đang in progress] - formatted_query: [Tra cứu transaction doanh nghiệp đang in progress] - normalized_query: [Tra cứu transaction doanh nghiệp đang in progress]
2026-01-05 10:42:01 | DEBUG    | log:153 | [perform_hybrid_search] BM25 raw scores: min=0.3888, max=2.8409
2026-01-05 10:42:01 | DEBUG    | log:153 | [classify_query_intent] No keyword matches found in: 'Tra cứu transaction doanh nghiệp đang in progress'
2026-01-05 10:42:01 | DEBUG    | log:153 | [normalize_query] 'Giao dịch nào đang pending approval vậy...' -> 'Giao dịch nào đang pending approval vậy...'
2026-01-05 10:42:01 | DEBUG    | log:153 | [perform_hybrid_search] query_text: [Giao dịch nào đang pending approval vậy] - formatted_query: [Giao dịch nào đang pending approval vậy] - normalized_query: [Giao dịch nào đang pending approval vậy]
2026-01-05 10:42:01 | DEBUG    | log:153 | [perform_hybrid_search] BM25 raw scores: min=0.0786, max=30.1106
2026-01-05 10:42:01 | DEBUG    | log:153 | [get_keyword_boost] Query: 'Giao dịch nào đang pending app...' | Doc: getTransactionList | | Boost: 0.25 | Matched: ['pending']
2026-01-05 10:42:01 | DEBUG    | log:153 | [get_keyword_boost] Query: 'Giao dịch nào đang pending app...' | Doc: getTransactionList | | Boost: 0.25 | Matched: ['pending']
2026-01-05 10:42:01 | DEBUG    | log:153 | [get_keyword_boost] Query: 'Giao dịch nào đang pending app...' | Doc: getTransactionList | | Boost: 0.25 | Matched: ['pending']
2026-01-05 10:42:01 | DEBUG    | log:153 | [get_keyword_boost] Query: 'Giao dịch nào đang pending app...' | Doc: getTransactionList | | Boost: 0.25 | Matched: ['pending']
2026-01-05 10:42:01 | DEBUG    | log:153 | [get_keyword_boost] Query: 'Giao dịch nào đang pending app...' | Doc: getTransactionList | | Boost: 0.25 | Matched: ['pending']
2026-01-05 10:42:01 | DEBUG    | log:153 | [classify_query_intent] Ambiguous: 'Giao dịch nào đang pending app...' | Scores: {'getTransactionList | Tra cứu giao dịch đang chờ xử lý hoặc chờ duyệt': 1, 'getTransactionList | Tra cứu giao dịch chờ duyệt theo số tài khoản nguồn': 1, 'getTransactionList | Tra cứu giao dịch chờ duyệt theo khoảng thời gian': 1, 'getTransactionList | Tra cứu giao dịch chờ duyệt theo loại giao dịch': 1, 'getTransactionList | Tra cứu giao dịch chờ duyệt theo số tiền hoặc hạn mức': 1}
2026-01-05 10:42:01 | DEBUG    | log:153 | [normalize_query] 'check gd dn chưa duyệt với...' -> 'Check gd dn chưa duyệt với...'
2026-01-05 10:42:01 | DEBUG    | log:153 | [perform_hybrid_search] query_text: [check gd dn chưa duyệt với] - formatted_query: [Check gd dn chưa duyệt với] - normalized_query: [Check gd dn chưa duyệt với]
2026-01-05 10:42:01 | DEBUG    | log:153 | [perform_hybrid_search] BM25 raw scores: min=0.0000, max=8.0962
2026-01-05 10:42:01 | DEBUG    | log:153 | [get_keyword_boost] Query: 'Check gd dn chưa duyệt với...' | Doc: Tra cứu giao dịch ch | Boost: 0.25 | Matched: ['ck']
2026-01-05 10:42:01 | DEBUG    | log:153 | [classify_query_intent] Classified: 'Check gd dn chưa duyệt với...' -> Tra cứu giao dịch chuyển tiền (score=1)
2026-01-05 10:42:01 | DEBUG    | log:153 | [normalize_query] 'xem list gd cty đang treo nhé...' -> 'Xem list gd cty đang treo nhé...'
2026-01-05 10:42:01 | DEBUG    | log:153 | [perform_hybrid_search] query_text: [xem list gd cty đang treo nhé] - formatted_query: [Xem list gd cty đang treo nhé] - normalized_query: [Xem list gd cty đang treo nhé]
2026-01-05 10:42:01 | DEBUG    | log:153 | [perform_hybrid_search] BM25 raw scores: min=0.0000, max=9.2367
2026-01-05 10:42:01 | DEBUG    | log:153 | [classify_query_intent] No keyword matches found in: 'Xem list gd cty đang treo nhé'
2026-01-05 10:42:01 | DEBUG    | log:153 | [normalize_query] 'Bên công ty còn giao dịch nào chưa duyệt...' -> 'Bên công ty còn giao dịch nào chưa duyệt...'
2026-01-05 10:42:01 | DEBUG    | log:153 | [perform_hybrid_search] query_text: [Bên công ty còn giao dịch nào chưa duyệt không] - formatted_query: [Bên công ty còn giao dịch nào chưa duyệt không] - normalized_query: [Bên công ty còn giao dịch nào chưa duyệt không]
2026-01-05 10:42:01 | DEBUG    | log:153 | [perform_hybrid_search] BM25 raw scores: min=0.0786, max=36.3916
2026-01-05 10:42:01 | DEBUG    | log:153 | [classify_query_intent] No keyword matches found in: 'Bên công ty còn giao dịch nào chưa duyệt không'
2026-01-05 10:42:01 | DEBUG    | log:153 | [normalize_query] 'Cho mình coi mấy giao dịch DN đang treo...' -> 'Cho mình coi mấy giao dịch dn đang treo...'
2026-01-05 10:42:01 | DEBUG    | log:153 | [perform_hybrid_search] query_text: [Cho mình coi mấy giao dịch DN đang treo] - formatted_query: [Cho mình coi mấy giao dịch dn đang treo] - normalized_query: [Cho mình coi mấy giao dịch dn đang treo]
2026-01-05 10:42:01 | DEBUG    | log:153 | [perform_hybrid_search] BM25 raw scores: min=0.0786, max=5.4795
2026-01-05 10:42:01 | DEBUG    | log:153 | [classify_query_intent] No keyword matches found in: 'Cho mình coi mấy giao dịch dn đang treo'
2026-01-05 10:42:01 | DEBUG    | log:153 | [normalize_query] 'Có lệnh chuyển tiền nào chưa được duyệt ...' -> 'Có lệnh chuyển tiền nào chưa được duyệt ...'
2026-01-05 10:42:01 | DEBUG    | log:153 | [perform_hybrid_search] query_text: [Có lệnh chuyển tiền nào chưa được duyệt chưa vậy] - formatted_query: [Có lệnh chuyển tiền nào chưa được duyệt chưa vậy] - normalized_query: [Có lệnh chuyển tiền nào chưa được duyệt chưa vậy]
2026-01-05 10:42:01 | DEBUG    | log:153 | [perform_hybrid_search] BM25 raw scores: min=0.3712, max=37.0275
2026-01-05 10:42:01 | DEBUG    | log:153 | [get_keyword_boost] Query: 'Có lệnh chuyển tiền nào chưa đ...' | Doc: Tra cứu giao dịch th | Boost: 0.25 | Matched: ['chuyển tiền']
2026-01-05 10:42:01 | DEBUG    | log:153 | [get_keyword_boost] Query: 'Có lệnh chuyển tiền nào chưa đ...' | Doc: Tra cứu giao dịch ch | Boost: 0.25 | Matched: ['chuyển tiền']
2026-01-05 10:42:01 | DEBUG    | log:153 | [get_keyword_boost] Query: 'Có lệnh chuyển tiền nào chưa đ...' | Doc: getTransactionList | | Boost: 0.25 | Matched: ['chưa được duyệt']
2026-01-05 10:42:01 | DEBUG    | log:153 | [get_keyword_boost] Query: 'Có lệnh chuyển tiền nào chưa đ...' | Doc: getTransactionList | | Boost: 0.25 | Matched: ['chuyển tiền']
2026-01-05 10:42:01 | DEBUG    | log:153 | [classify_query_intent] Ambiguous: 'Có lệnh chuyển tiền nào chưa đ...' | Scores: {'Tra cứu giao dịch theo loại giao dịch': 1, 'Tra cứu giao dịch chuyển tiền': 1, 'getTransactionList | Tra cứu giao dịch đang chờ xử lý hoặc chờ duyệt': 1, 'getTransactionList | Tra cứu giao dịch chờ duyệt theo loại giao dịch': 1}
2026-01-05 10:42:01 | DEBUG    | log:153 | [normalize_query] 'Mấy giao dịch công ty còn pending hả...' -> 'Mấy giao dịch công ty còn pending hả...'
2026-01-05 10:42:01 | DEBUG    | log:153 | [perform_hybrid_search] query_text: [Mấy giao dịch công ty còn pending hả] - formatted_query: [Mấy giao dịch công ty còn pending hả] - normalized_query: [Mấy giao dịch công ty còn pending hả]
2026-01-05 10:42:01 | DEBUG    | log:153 | [perform_hybrid_search] BM25 raw scores: min=0.0786, max=14.5905
2026-01-05 10:42:01 | DEBUG    | log:153 | [get_keyword_boost] Query: 'Mấy giao dịch công ty còn pend...' | Doc: getTransactionList | | Boost: 0.25 | Matched: ['pending']
2026-01-05 10:42:01 | DEBUG    | log:153 | [get_keyword_boost] Query: 'Mấy giao dịch công ty còn pend...' | Doc: getTransactionList | | Boost: 0.25 | Matched: ['pending']
2026-01-05 10:42:01 | DEBUG    | log:153 | [get_keyword_boost] Query: 'Mấy giao dịch công ty còn pend...' | Doc: getTransactionList | | Boost: 0.25 | Matched: ['pending']
2026-01-05 10:42:01 | DEBUG    | log:153 | [get_keyword_boost] Query: 'Mấy giao dịch công ty còn pend...' | Doc: getTransactionList | | Boost: 0.25 | Matched: ['pending']
2026-01-05 10:42:01 | DEBUG    | log:153 | [get_keyword_boost] Query: 'Mấy giao dịch công ty còn pend...' | Doc: getTransactionList | | Boost: 0.25 | Matched: ['pending']
2026-01-05 10:42:01 | DEBUG    | log:153 | [classify_query_intent] Ambiguous: 'Mấy giao dịch công ty còn pend...' | Scores: {'getTransactionList | Tra cứu giao dịch đang chờ xử lý hoặc chờ duyệt': 1, 'getTransactionList | Tra cứu giao dịch chờ duyệt theo số tài khoản nguồn': 1, 'getTransactionList | Tra cứu giao dịch chờ duyệt theo khoảng thời gian': 1, 'getTransactionList | Tra cứu giao dịch chờ duyệt theo loại giao dịch': 1, 'getTransactionList | Tra cứu giao dịch chờ duyệt theo số tiền hoặc hạn mức': 1}
2026-01-05 10:42:01 | DEBUG    | log:153 | [normalize_query] 'Xem giúp tôi giao dịch doanh nghiệp nào ...' -> 'Xem giúp tôi giao dịch doanh nghiệp nào ...'
2026-01-05 10:42:01 | DEBUG    | log:153 | [perform_hybrid_search] query_text: [Xem giúp tôi giao dịch doanh nghiệp nào chưa xong] - formatted_query: [Xem giúp tôi giao dịch doanh nghiệp nào chưa xong] - normalized_query: [Xem giúp tôi giao dịch doanh nghiệp nào chưa xong]
2026-01-05 10:42:01 | DEBUG    | log:153 | [perform_hybrid_search] BM25 raw scores: min=0.0786, max=17.8802
2026-01-05 10:42:01 | DEBUG    | log:153 | [classify_query_intent] No keyword matches found in: 'Xem giúp tôi giao dịch doanh nghiệp nào chưa xong'
2026-01-05 10:42:01 | DEBUG    | log:153 | [normalize_query] 'có gd nào đang đợi duyệt k...' -> 'Có gd nào đang đợi duyệt k...'
2026-01-05 10:42:01 | DEBUG    | log:153 | [perform_hybrid_search] query_text: [có gd nào đang đợi duyệt k] - formatted_query: [Có gd nào đang đợi duyệt k] - normalized_query: [Có gd nào đang đợi duyệt k]
2026-01-05 10:42:01 | DEBUG    | log:153 | [perform_hybrid_search] BM25 raw scores: min=0.0000, max=18.3898
2026-01-05 10:42:01 | DEBUG    | log:153 | [classify_query_intent] No keyword matches found in: 'Có gd nào đang đợi duyệt k'
2026-01-05 10:42:01 | DEBUG    | log:153 | [normalize_query] 'soát lại mấy cái lệnh chuyển tiền chưa x...' -> 'Soát lại mấy cái lệnh chuyển tiền chưa x...'
2026-01-05 10:42:01 | DEBUG    | log:153 | [perform_hybrid_search] query_text: [soát lại mấy cái lệnh chuyển tiền chưa xong] - formatted_query: [Soát lại mấy cái lệnh chuyển tiền chưa xong] - normalized_query: [Soát lại mấy cái lệnh chuyển tiền chưa xong]
2026-01-05 10:42:01 | DEBUG    | log:153 | [perform_hybrid_search] BM25 raw scores: min=0.3667, max=16.1540
2026-01-05 10:42:01 | DEBUG    | log:153 | [get_keyword_boost] Query: 'Soát lại mấy cái lệnh chuyển t...' | Doc: Tra cứu giao dịch th | Boost: 0.25 | Matched: ['chuyển tiền']
2026-01-05 10:42:01 | DEBUG    | log:153 | [get_keyword_boost] Query: 'Soát lại mấy cái lệnh chuyển t...' | Doc: Tra cứu giao dịch ch | Boost: 0.25 | Matched: ['chuyển tiền']
2026-01-05 10:42:01 | DEBUG    | log:153 | [get_keyword_boost] Query: 'Soát lại mấy cái lệnh chuyển t...' | Doc: getTransactionList | | Boost: 0.25 | Matched: ['chuyển tiền']
2026-01-05 10:42:01 | DEBUG    | log:153 | [classify_query_intent] Ambiguous: 'Soát lại mấy cái lệnh chuyển t...' | Scores: {'Tra cứu giao dịch theo loại giao dịch': 1, 'Tra cứu giao dịch chuyển tiền': 1, 'getTransactionList | Tra cứu giao dịch chờ duyệt theo loại giao dịch': 1}
2026-01-05 10:42:01 | DEBUG    | log:153 | [normalize_query] 'check dùm gd dn nào chưa dc duyệt...' -> 'Check dùm gd dn nào chưa dc duyệt...'
2026-01-05 10:42:01 | DEBUG    | log:153 | [perform_hybrid_search] query_text: [check dùm gd dn nào chưa dc duyệt] - formatted_query: [Check dùm gd dn nào chưa dc duyệt] - normalized_query: [Check dùm gd dn nào chưa dc duyệt]
2026-01-05 10:42:01 | DEBUG    | log:153 | [perform_hybrid_search] BM25 raw scores: min=0.0000, max=16.1652
2026-01-05 10:42:01 | DEBUG    | log:153 | [get_keyword_boost] Query: 'Check dùm gd dn nào chưa dc du...' | Doc: Tra cứu giao dịch ch | Boost: 0.25 | Matched: ['ck']
2026-01-05 10:42:01 | DEBUG    | log:153 | [classify_query_intent] Classified: 'Check dùm gd dn nào chưa dc du...' -> Tra cứu giao dịch chuyển tiền (score=1)
2026-01-05 10:42:01 | DEBUG    | log:153 | [normalize_query] 'cho xem gd dn đang xử lý vs...' -> 'Cho xem gd dn đang xử lý vs...'
2026-01-05 10:42:01 | DEBUG    | log:153 | [perform_hybrid_search] query_text: [cho xem gd dn đang xử lý vs] - formatted_query: [Cho xem gd dn đang xử lý vs] - normalized_query: [Cho xem gd dn đang xử lý vs]
2026-01-05 10:42:01 | DEBUG    | log:153 | [perform_hybrid_search] BM25 raw scores: min=0.0000, max=16.7335
2026-01-05 10:42:01 | DEBUG    | log:153 | [get_keyword_boost] Query: 'Cho xem gd dn đang xử lý vs...' | Doc: Tra cứu giao dịch th | Boost: 0.25 | Matched: ['xử lý']
2026-01-05 10:42:01 | DEBUG    | log:153 | [classify_query_intent] Classified: 'Cho xem gd dn đang xử lý vs...' -> Tra cứu giao dịch theo trạng t (score=1)
2026-01-05 10:42:01 | DEBUG    | log:153 | [normalize_query] 'mấy gd doanh nghiệp chưa duyệt đâu r...' -> 'Mấy gd doanh nghiệp chưa duyệt đâu r...'
2026-01-05 10:42:01 | DEBUG    | log:153 | [perform_hybrid_search] query_text: [mấy gd doanh nghiệp chưa duyệt đâu r] - formatted_query: [Mấy gd doanh nghiệp chưa duyệt đâu r] - normalized_query: [Mấy gd doanh nghiệp chưa duyệt đâu r]
2026-01-05 10:42:01 | DEBUG    | log:153 | [perform_hybrid_search] BM25 raw scores: min=0.0000, max=8.0962
2026-01-05 10:42:01 | DEBUG    | log:153 | [classify_query_intent] No keyword matches found in: 'Mấy gd doanh nghiệp chưa duyệt đâu r'
2026-01-05 10:42:01 | DEBUG    | log:153 | [normalize_query] 'list gd dn chờ confirm...' -> 'List gd dn chờ confirm...'
2026-01-05 10:42:01 | DEBUG    | log:153 | [perform_hybrid_search] query_text: [list gd dn chờ confirm] - formatted_query: [List gd dn chờ confirm] - normalized_query: [List gd dn chờ confirm]
2026-01-05 10:42:01 | DEBUG    | log:153 | [perform_hybrid_search] BM25 raw scores: min=0.0000, max=3.9339
2026-01-05 10:42:01 | DEBUG    | log:153 | [get_keyword_boost] Query: 'List gd dn chờ confirm...' | Doc: Tra cứu giao dịch th | Boost: 0.25 | Matched: ['chờ']
2026-01-05 10:42:01 | DEBUG    | log:153 | [classify_query_intent] Classified: 'List gd dn chờ confirm...' -> Tra cứu giao dịch theo trạng t (score=1)
2026-01-05 10:42:01 | DEBUG    | log:153 | [normalize_query] 'xem gd nào đang bị hold lại...' -> 'Xem gd nào đang bị hold lại...'
2026-01-05 10:42:01 | DEBUG    | log:153 | [perform_hybrid_search] query_text: [xem gd nào đang bị hold lại] - formatted_query: [Xem gd nào đang bị hold lại] - normalized_query: [Xem gd nào đang bị hold lại]
2026-01-05 10:42:01 | DEBUG    | log:153 | [perform_hybrid_search] BM25 raw scores: min=0.0000, max=17.9847
2026-01-05 10:42:01 | DEBUG    | log:153 | [classify_query_intent] No keyword matches found in: 'Xem gd nào đang bị hold lại'
2026-01-05 10:42:01 | DEBUG    | log:153 | [normalize_query] 'kiểm tra nhanh mấy gd dn chưa ok...' -> 'Kiểm tra nhanh mấy gd dn chưa ok...'
2026-01-05 10:42:01 | DEBUG    | log:153 | [perform_hybrid_search] query_text: [kiểm tra nhanh mấy gd dn chưa ok] - formatted_query: [Kiểm tra nhanh mấy gd dn chưa ok] - normalized_query: [Kiểm tra nhanh mấy gd dn chưa ok]
2026-01-05 10:42:01 | DEBUG    | log:153 | [perform_hybrid_search] BM25 raw scores: min=0.0262, max=6.7551
2026-01-05 10:42:01 | DEBUG    | log:153 | [classify_query_intent] No keyword matches found in: 'Kiểm tra nhanh mấy gd dn chưa ok'
2026-01-05 10:42:01 | DEBUG    | log:153 | [normalize_query] 'Doanh nghiệp giao dịch chưa duyệt xem ở ...' -> 'Doanh nghiệp giao dịch chưa duyệt xem ở ...'
2026-01-05 10:42:01 | DEBUG    | log:153 | [perform_hybrid_search] query_text: [Doanh nghiệp giao dịch chưa duyệt xem ở đâu] - formatted_query: [Doanh nghiệp giao dịch chưa duyệt xem ở đâu] - normalized_query: [Doanh nghiệp giao dịch chưa duyệt xem ở đâu]
2026-01-05 10:42:01 | DEBUG    | log:153 | [perform_hybrid_search] BM25 raw scores: min=0.0786, max=19.1589
2026-01-05 10:42:01 | DEBUG    | log:153 | [classify_query_intent] No keyword matches found in: 'Doanh nghiệp giao dịch chưa duyệt xem ở đâu'
2026-01-05 10:42:01 | DEBUG    | log:153 | [normalize_query] 'Chưa được phê duyệt các giao dịch doanh ...' -> 'Chưa được phê duyệt các giao dịch doanh ...'
2026-01-05 10:42:01 | DEBUG    | log:153 | [perform_hybrid_search] query_text: [Chưa được phê duyệt các giao dịch doanh nghiệp danh sách] - formatted_query: [Chưa được phê duyệt các giao dịch doanh nghiệp danh sách] - normalized_query: [Chưa được phê duyệt các giao dịch doanh nghiệp danh sách]
2026-01-05 10:42:01 | DEBUG    | log:153 | [perform_hybrid_search] BM25 raw scores: min=0.0786, max=27.7822
2026-01-05 10:42:01 | DEBUG    | log:153 | [get_keyword_boost] Query: 'Chưa được phê duyệt các giao d...' | Doc: Tra cứu giao dịch th | Boost: 0.25 | Matched: ['phê duyệt']
2026-01-05 10:42:01 | DEBUG    | log:153 | [get_keyword_boost] Query: 'Chưa được phê duyệt các giao d...' | Doc: getTransactionList | | Boost: 0.25 | Matched: ['chưa được phê duyệt']
2026-01-05 10:42:01 | DEBUG    | log:153 | [classify_query_intent] Ambiguous: 'Chưa được phê duyệt các giao d...' | Scores: {'Tra cứu giao dịch theo trạng thái': 1, 'getTransactionList | Tra cứu giao dịch đang chờ xử lý hoặc chờ duyệt': 1}
2026-01-05 10:42:01 | DEBUG    | log:153 | [normalize_query] 'Đang đợi duyệt giao dịch công ty kiểm tr...' -> 'Đang đợi duyệt giao dịch công ty kiểm tr...'
2026-01-05 10:42:01 | DEBUG    | log:153 | [perform_hybrid_search] query_text: [Đang đợi duyệt giao dịch công ty kiểm tra] - formatted_query: [Đang đợi duyệt giao dịch công ty kiểm tra] - normalized_query: [Đang đợi duyệt giao dịch công ty kiểm tra]
2026-01-05 10:42:01 | DEBUG    | log:153 | [perform_hybrid_search] BM25 raw scores: min=0.1049, max=17.6639
2026-01-05 10:42:01 | DEBUG    | log:153 | [classify_query_intent] No keyword matches found in: 'Đang đợi duyệt giao dịch công ty kiểm tra'
2026-01-05 10:42:01 | DEBUG    | log:153 | [normalize_query] 'Các lệnh chuyển tiền chờ xác nhận doanh ...' -> 'Các lệnh chuyển tiền chờ xác nhận doanh ...'
2026-01-05 10:42:01 | DEBUG    | log:153 | [perform_hybrid_search] query_text: [Các lệnh chuyển tiền chờ xác nhận doanh nghiệp] - formatted_query: [Các lệnh chuyển tiền chờ xác nhận doanh nghiệp] - normalized_query: [Các lệnh chuyển tiền chờ xác nhận doanh nghiệp]
2026-01-05 10:42:01 | DEBUG    | log:153 | [perform_hybrid_search] BM25 raw scores: min=0.6864, max=12.7946
2026-01-05 10:42:01 | DEBUG    | log:153 | [get_keyword_boost] Query: 'Các lệnh chuyển tiền chờ xác n...' | Doc: Tra cứu giao dịch th | Boost: 0.25 | Matched: ['chờ']
2026-01-05 10:42:01 | DEBUG    | log:153 | [get_keyword_boost] Query: 'Các lệnh chuyển tiền chờ xác n...' | Doc: Tra cứu giao dịch th | Boost: 0.25 | Matched: ['chuyển tiền']
2026-01-05 10:42:01 | DEBUG    | log:153 | [get_keyword_boost] Query: 'Các lệnh chuyển tiền chờ xác n...' | Doc: Tra cứu giao dịch ch | Boost: 0.25 | Matched: ['chuyển tiền']
2026-01-05 10:42:01 | DEBUG    | log:153 | [get_keyword_boost] Query: 'Các lệnh chuyển tiền chờ xác n...' | Doc: Tra cứu giao dịch nh | Boost: 0.25 | Matched: ['nhận']
2026-01-05 10:42:01 | DEBUG    | log:153 | [get_keyword_boost] Query: 'Các lệnh chuyển tiền chờ xác n...' | Doc: getTransactionList | | Boost: 0.25 | Matched: ['chuyển tiền']
2026-01-05 10:42:01 | DEBUG    | log:153 | [classify_query_intent] Ambiguous: 'Các lệnh chuyển tiền chờ xác n...' | Scores: {'Tra cứu giao dịch theo trạng thái': 1, 'Tra cứu giao dịch theo loại giao dịch': 1, 'Tra cứu giao dịch chuyển tiền': 1, 'Tra cứu giao dịch nhận tiền': 1, 'getTransactionList | Tra cứu giao dịch chờ duyệt theo loại giao dịch': 1}
2026-01-05 10:42:01 | DEBUG    | log:153 | [normalize_query] 'Phê duyệt chưa xong giao dịch doanh nghi...' -> 'Phê duyệt chưa xong giao dịch doanh nghi...'
2026-01-05 10:42:01 | DEBUG    | log:153 | [perform_hybrid_search] query_text: [Phê duyệt chưa xong giao dịch doanh nghiệp nào] - formatted_query: [Phê duyệt chưa xong giao dịch doanh nghiệp nào] - normalized_query: [Phê duyệt chưa xong giao dịch doanh nghiệp nào]
2026-01-05 10:42:01 | DEBUG    | log:153 | [perform_hybrid_search] BM25 raw scores: min=0.0786, max=19.7753
2026-01-05 10:42:01 | DEBUG    | log:153 | [get_keyword_boost] Query: 'Phê duyệt chưa xong giao dịch ...' | Doc: Tra cứu giao dịch th | Boost: 0.25 | Matched: ['phê duyệt']
2026-01-05 10:42:01 | DEBUG    | log:153 | [classify_query_intent] Classified: 'Phê duyệt chưa xong giao dịch ...' -> Tra cứu giao dịch theo trạng t (score=1)
2026-01-05 10:42:01 | DEBUG    | log:153 | [normalize_query] 'Tình trạng xử lý giao dịch doanh nghiệp ...' -> 'Tình trạng xử lý giao dịch doanh nghiệp ...'
2026-01-05 10:42:01 | DEBUG    | log:153 | [perform_hybrid_search] query_text: [Tình trạng xử lý giao dịch doanh nghiệp xem] - formatted_query: [Tình trạng xử lý giao dịch doanh nghiệp xem] - normalized_query: [Tình trạng xử lý giao dịch doanh nghiệp xem]
2026-01-05 10:42:01 | DEBUG    | log:153 | [perform_hybrid_search] BM25 raw scores: min=0.0786, max=13.5491
2026-01-05 10:42:01 | DEBUG    | log:153 | [get_keyword_boost] Query: 'Tình trạng xử lý giao dịch doa...' | Doc: Tra cứu giao dịch th | Boost: 0.25 | Matched: ['xử lý']
2026-01-05 10:42:01 | DEBUG    | log:153 | [classify_query_intent] Classified: 'Tình trạng xử lý giao dịch doa...' -> Tra cứu giao dịch theo trạng t (score=1)
2026-01-05 10:42:01 | DEBUG    | log:153 | [normalize_query] 'Doanh nghiệp chuyển tiền chưa duyệt liệt...' -> 'Doanh nghiệp chuyển tiền chưa duyệt liệt...'
2026-01-05 10:42:01 | DEBUG    | log:153 | [perform_hybrid_search] query_text: [Doanh nghiệp chuyển tiền chưa duyệt liệt kê] - formatted_query: [Doanh nghiệp chuyển tiền chưa duyệt liệt kê] - normalized_query: [Doanh nghiệp chuyển tiền chưa duyệt liệt kê]
2026-01-05 10:42:01 | DEBUG    | log:153 | [perform_hybrid_search] BM25 raw scores: min=0.6853, max=28.5095
2026-01-05 10:42:01 | DEBUG    | log:153 | [get_keyword_boost] Query: 'Doanh nghiệp chuyển tiền chưa ...' | Doc: Tra cứu giao dịch th | Boost: 0.25 | Matched: ['chuyển tiền']
2026-01-05 10:42:01 | DEBUG    | log:153 | [get_keyword_boost] Query: 'Doanh nghiệp chuyển tiền chưa ...' | Doc: Tra cứu giao dịch ch | Boost: 0.25 | Matched: ['chuyển tiền']
2026-01-05 10:42:01 | DEBUG    | log:153 | [get_keyword_boost] Query: 'Doanh nghiệp chuyển tiền chưa ...' | Doc: getTransactionList | | Boost: 0.25 | Matched: ['chuyển tiền']
2026-01-05 10:42:01 | DEBUG    | log:153 | [classify_query_intent] Ambiguous: 'Doanh nghiệp chuyển tiền chưa ...' | Scores: {'Tra cứu giao dịch theo loại giao dịch': 1, 'Tra cứu giao dịch chuyển tiền': 1, 'getTransactionList | Tra cứu giao dịch chờ duyệt theo loại giao dịch': 1}
2026-01-05 10:42:01 | DEBUG    | log:153 | [normalize_query] 'Giao dịch treo doanh nghiệp cần xem...' -> 'Giao dịch treo doanh nghiệp cần xem...'
2026-01-05 10:42:01 | DEBUG    | log:153 | [perform_hybrid_search] query_text: [Giao dịch treo doanh nghiệp cần xem] - formatted_query: [Giao dịch treo doanh nghiệp cần xem] - normalized_query: [Giao dịch treo doanh nghiệp cần xem]
2026-01-05 10:42:01 | DEBUG    | log:153 | [perform_hybrid_search] BM25 raw scores: min=0.0786, max=10.3659
2026-01-05 10:42:01 | DEBUG    | log:153 | [classify_query_intent] No keyword matches found in: 'Giao dịch treo doanh nghiệp cần xem'
2026-01-05 10:42:01 | DEBUG    | log:153 | [normalize_query] 'Chưa hoàn thành phê duyệt các giao dịch...' -> 'Chưa hoàn thành phê duyệt các giao dịch...'
2026-01-05 10:42:01 | DEBUG    | log:153 | [perform_hybrid_search] query_text: [Chưa hoàn thành phê duyệt các giao dịch] - formatted_query: [Chưa hoàn thành phê duyệt các giao dịch] - normalized_query: [Chưa hoàn thành phê duyệt các giao dịch]
2026-01-05 10:42:02 | DEBUG    | log:153 | [perform_hybrid_search] BM25 raw scores: min=0.6041, max=14.0979
2026-01-05 10:42:02 | DEBUG    | log:153 | [get_keyword_boost] Query: 'Chưa hoàn thành phê duyệt các ...' | Doc: Tra cứu giao dịch th | Boost: 0.50 | Matched: ['hoàn thành', 'phê duyệt']
2026-01-05 10:42:02 | DEBUG    | log:153 | [classify_query_intent] Classified: 'Chưa hoàn thành phê duyệt các ...' -> Tra cứu giao dịch theo trạng t (score=2)
2026-01-05 10:42:02 | DEBUG    | log:153 | [normalize_query] 'Danh sách đợi duyệt giao dịch doanh nghi...' -> 'Danh sách đợi duyệt giao dịch doanh nghi...'
2026-01-05 10:42:02 | DEBUG    | log:153 | [perform_hybrid_search] query_text: [Danh sách đợi duyệt giao dịch doanh nghiệp cho tôi xem] - formatted_query: [Danh sách đợi duyệt giao dịch doanh nghiệp cho tôi xem] - normalized_query: [Danh sách đợi duyệt giao dịch doanh nghiệp cho tôi xem]
2026-01-05 10:42:02 | DEBUG    | log:153 | [perform_hybrid_search] BM25 raw scores: min=0.0786, max=17.9827
2026-01-05 10:42:02 | DEBUG    | log:153 | [classify_query_intent] No keyword matches found in: 'Danh sách đợi duyệt giao dịch doanh nghiệp cho tôi'
2026-01-05 10:42:02 | DEBUG    | log:153 | [normalize_query] 'check list gd dn dang pending approval d...' -> 'Check list gd dn dang pending approval d...'
2026-01-05 10:42:02 | DEBUG    | log:153 | [perform_hybrid_search] query_text: [check list gd dn dang pending approval dum] - formatted_query: [Check list gd dn dang pending approval dum] - normalized_query: [Check list gd dn dang pending approval dum]
2026-01-05 10:42:02 | DEBUG    | log:153 | [perform_hybrid_search] BM25 raw scores: min=0.0128, max=1.9993
2026-01-05 10:42:02 | DEBUG    | log:153 | [get_keyword_boost] Query: 'Check list gd dn dang pending ...' | Doc: Tra cứu giao dịch ch | Boost: 0.25 | Matched: ['ck']
2026-01-05 10:42:02 | DEBUG    | log:153 | [get_keyword_boost] Query: 'Check list gd dn dang pending ...' | Doc: getTransactionList | | Boost: 0.25 | Matched: ['pending']
2026-01-05 10:42:02 | DEBUG    | log:153 | [get_keyword_boost] Query: 'Check list gd dn dang pending ...' | Doc: getTransactionList | | Boost: 0.25 | Matched: ['pending']
2026-01-05 10:42:02 | DEBUG    | log:153 | [get_keyword_boost] Query: 'Check list gd dn dang pending ...' | Doc: getTransactionList | | Boost: 0.25 | Matched: ['pending']
2026-01-05 10:42:02 | DEBUG    | log:153 | [get_keyword_boost] Query: 'Check list gd dn dang pending ...' | Doc: getTransactionList | | Boost: 0.25 | Matched: ['pending']
2026-01-05 10:42:02 | DEBUG    | log:153 | [get_keyword_boost] Query: 'Check list gd dn dang pending ...' | Doc: getTransactionList | | Boost: 0.25 | Matched: ['pending']
2026-01-05 10:42:02 | DEBUG    | log:153 | [classify_query_intent] Ambiguous: 'Check list gd dn dang pending ...' | Scores: {'Tra cứu giao dịch chuyển tiền': 1, 'getTransactionList | Tra cứu giao dịch đang chờ xử lý hoặc chờ duyệt': 1, 'getTransactionList | Tra cứu giao dịch chờ duyệt theo số tài khoản nguồn': 1, 'getTransactionList | Tra cứu giao dịch chờ duyệt theo khoảng thời gian': 1, 'getTransactionList | Tra cứu giao dịch chờ duyệt theo loại giao dịch': 1, 'getTransactionList | Tra cứu giao dịch chờ duyệt theo số tiền hoặc hạn mức': 1}
2026-01-05 10:42:02 | DEBUG    | log:153 | [normalize_query] 'xem transaction cty nao chua dc duyet...' -> 'Xem transaction cty nao chua dc duyet...'
2026-01-05 10:42:02 | DEBUG    | log:153 | [perform_hybrid_search] query_text: [xem transaction cty nao chua dc duyet] - formatted_query: [Xem transaction cty nao chua dc duyet] - normalized_query: [Xem transaction cty nao chua dc duyet]
2026-01-05 10:42:02 | DEBUG    | log:153 | [perform_hybrid_search] BM25 raw scores: min=0.0000, max=12.7324
2026-01-05 10:42:02 | DEBUG    | log:153 | [classify_query_intent] No keyword matches found in: 'Xem transaction cty nao chua dc duyet'
2026-01-05 10:42:02 | DEBUG    | log:153 | [normalize_query] 'giao dich doanh nghiep chua confirm chec...' -> 'Giao dich doanh nghiep chua confirm chec...'
2026-01-05 10:42:02 | DEBUG    | log:153 | [perform_hybrid_search] query_text: [giao dich doanh nghiep chua confirm check o dau] - formatted_query: [Giao dich doanh nghiep chua confirm check o dau] - normalized_query: [Giao dich doanh nghiep chua confirm check o dau]
2026-01-05 10:42:02 | DEBUG    | log:153 | [perform_hybrid_search] BM25 raw scores: min=0.0786, max=2.6908
2026-01-05 10:42:02 | DEBUG    | log:153 | [get_keyword_boost] Query: 'Giao dich doanh nghiep chua co...' | Doc: Tra cứu giao dịch ch | Boost: 0.25 | Matched: ['ck']
2026-01-05 10:42:02 | DEBUG    | log:153 | [classify_query_intent] Classified: 'Giao dich doanh nghiep chua co...' -> Tra cứu giao dịch chuyển tiền (score=1)
2026-01-05 10:42:02 | DEBUG    | log:153 | [normalize_query] 'kiem tra may cai lenh chuyen tien dang w...' -> 'Kiem tra may cai lenh chuyen tien dang w...'
2026-01-05 10:42:02 | DEBUG    | log:153 | [perform_hybrid_search] query_text: [kiem tra may cai lenh chuyen tien dang wait] - formatted_query: [Kiem tra may cai lenh chuyen tien dang wait] - normalized_query: [Kiem tra may cai lenh chuyen tien dang wait]
2026-01-05 10:42:02 | DEBUG    | log:153 | [perform_hybrid_search] BM25 raw scores: min=0.4107, max=12.6874
2026-01-05 10:42:02 | DEBUG    | log:153 | [classify_query_intent] No keyword matches found in: 'Kiem tra may cai lenh chuyen tien dang wait'
2026-01-05 10:42:02 | DEBUG    | log:153 | [normalize_query] 'list gd dn chua approve gủi t xem...' -> 'List gd dn chua approve gủi t xem...'
2026-01-05 10:42:02 | DEBUG    | log:153 | [perform_hybrid_search] query_text: [list gd dn chua approve gủi t xem] - formatted_query: [List gd dn chua approve gủi t xem] - normalized_query: [List gd dn chua approve gủi t xem]
2026-01-05 10:42:02 | DEBUG    | log:153 | [perform_hybrid_search] BM25 raw scores: min=0.0000, max=6.7333
2026-01-05 10:42:02 | DEBUG    | log:153 | [classify_query_intent] No keyword matches found in: 'List gd dn chua approve gủi t xem'
2026-01-05 10:42:02 | DEBUG    | log:153 | [normalize_query] 'trang thai gd dn dang pending la sao...' -> 'Trang thai gd dn dang pending la sao...'
2026-01-05 10:42:02 | DEBUG    | log:153 | [perform_hybrid_search] query_text: [trang thai gd dn dang pending la sao] - formatted_query: [Trang thai gd dn dang pending la sao] - normalized_query: [Trang thai gd dn dang pending la sao]
2026-01-05 10:42:02 | DEBUG    | log:153 | [perform_hybrid_search] BM25 raw scores: min=0.0128, max=5.6495
2026-01-05 10:42:02 | DEBUG    | log:153 | [get_keyword_boost] Query: 'Trang thai gd dn dang pending ...' | Doc: getTransactionList | | Boost: 0.25 | Matched: ['pending']
2026-01-05 10:42:02 | DEBUG    | log:153 | [get_keyword_boost] Query: 'Trang thai gd dn dang pending ...' | Doc: getTransactionList | | Boost: 0.25 | Matched: ['pending']
2026-01-05 10:42:02 | DEBUG    | log:153 | [get_keyword_boost] Query: 'Trang thai gd dn dang pending ...' | Doc: getTransactionList | | Boost: 0.25 | Matched: ['pending']
2026-01-05 10:42:02 | DEBUG    | log:153 | [get_keyword_boost] Query: 'Trang thai gd dn dang pending ...' | Doc: getTransactionList | | Boost: 0.25 | Matched: ['pending']
2026-01-05 10:42:02 | DEBUG    | log:153 | [get_keyword_boost] Query: 'Trang thai gd dn dang pending ...' | Doc: getTransactionList | | Boost: 0.25 | Matched: ['pending']
2026-01-05 10:42:02 | DEBUG    | log:153 | [classify_query_intent] Ambiguous: 'Trang thai gd dn dang pending ...' | Scores: {'getTransactionList | Tra cứu giao dịch đang chờ xử lý hoặc chờ duyệt': 1, 'getTransactionList | Tra cứu giao dịch chờ duyệt theo số tài khoản nguồn': 1, 'getTransactionList | Tra cứu giao dịch chờ duyệt theo khoảng thời gian': 1, 'getTransactionList | Tra cứu giao dịch chờ duyệt theo loại giao dịch': 1, 'getTransactionList | Tra cứu giao dịch chờ duyệt theo số tiền hoặc hạn mức': 1}
2026-01-05 10:42:02 | DEBUG    | log:153 | [normalize_query] 'check gd business nao chua xong...' -> 'Check gd business nao chua xong...'
2026-01-05 10:42:02 | DEBUG    | log:153 | [perform_hybrid_search] query_text: [check gd business nao chua xong] - formatted_query: [Check gd business nao chua xong] - normalized_query: [Check gd business nao chua xong]
2026-01-05 10:42:02 | DEBUG    | log:153 | [perform_hybrid_search] BM25 raw scores: min=0.0000, max=6.8125
2026-01-05 10:42:02 | DEBUG    | log:153 | [get_keyword_boost] Query: 'Check gd business nao chua xon...' | Doc: Tra cứu giao dịch ch | Boost: 0.25 | Matched: ['ck']
2026-01-05 10:42:02 | DEBUG    | log:153 | [classify_query_intent] Classified: 'Check gd business nao chua xon...' -> Tra cứu giao dịch chuyển tiền (score=1)
2026-01-05 10:42:02 | DEBUG    | log:153 | [normalize_query] 'cho xem cac gd doanh nghiep dang cho xu ...' -> 'Cho xem cac gd doanh nghiep dang cho xu ...'
2026-01-05 10:42:02 | DEBUG    | log:153 | [perform_hybrid_search] query_text: [cho xem cac gd doanh nghiep dang cho xu ly vs] - formatted_query: [Cho xem cac gd doanh nghiep dang cho xu ly vs] - normalized_query: [Cho xem cac gd doanh nghiep dang cho xu ly vs]
2026-01-05 10:42:02 | DEBUG    | log:153 | [perform_hybrid_search] BM25 raw scores: min=0.0262, max=7.1893
2026-01-05 10:42:02 | DEBUG    | log:153 | [classify_query_intent] No keyword matches found in: 'Cho xem cac gd doanh nghiep dang cho xu ly vs'
2026-01-05 10:42:02 | DEBUG    | log:153 | [normalize_query] 'tra cuu transaction dn chua dc phe duyet...' -> 'Tra cuu transaction dn chua dc phe duyet...'
2026-01-05 10:42:02 | DEBUG    | log:153 | [perform_hybrid_search] query_text: [tra cuu transaction dn chua dc phe duyet] - formatted_query: [Tra cuu transaction dn chua dc phe duyet] - normalized_query: [Tra cuu transaction dn chua dc phe duyet]
2026-01-05 10:42:02 | DEBUG    | log:153 | [perform_hybrid_search] BM25 raw scores: min=0.1488, max=6.4685
2026-01-05 10:42:02 | DEBUG    | log:153 | [classify_query_intent] No keyword matches found in: 'Tra cuu transaction dn chua dc phe duyet'
2026-01-05 10:42:02 | DEBUG    | log:153 | [normalize_query] 'gd dn nao dang bi treo vay check gap...' -> 'Gd dn nao dang bi treo vay check gap...'
2026-01-05 10:42:02 | DEBUG    | log:153 | [perform_hybrid_search] query_text: [gd dn nao dang bi treo vay check gap] - formatted_query: [Gd dn nao dang bi treo vay check gap] - normalized_query: [Gd dn nao dang bi treo vay check gap]
2026-01-05 10:42:02 | DEBUG    | log:153 | [perform_hybrid_search] BM25 raw scores: min=0.0141, max=5.7581
2026-01-05 10:42:02 | DEBUG    | log:153 | [get_keyword_boost] Query: 'Gd dn nao dang bi treo vay che...' | Doc: Tra cứu giao dịch ch | Boost: 0.25 | Matched: ['ck']
2026-01-05 10:42:02 | DEBUG    | log:153 | [classify_query_intent] Classified: 'Gd dn nao dang bi treo vay che...' -> Tra cứu giao dịch chuyển tiền (score=1)
2026-01-05 10:42:02 | DEBUG    | log:153 | [normalize_query] 'Các giao dịch doanh nghiệp chưa duyệt ch...' -> 'Các giao dịch doanh nghiệp chưa duyệt ch...'
2026-01-05 10:42:02 | DEBUG    | log:153 | [perform_hybrid_search] query_text: [Các giao dịch doanh nghiệp chưa duyệt cho tôi xem] - formatted_query: [Các giao dịch doanh nghiệp chưa duyệt cho tôi xem] - normalized_query: [Các giao dịch doanh nghiệp chưa duyệt cho tôi xem]
2026-01-05 10:42:02 | DEBUG    | log:153 | [perform_hybrid_search] BM25 raw scores: min=0.0786, max=11.9881
2026-01-05 10:42:02 | DEBUG    | log:153 | [classify_query_intent] No keyword matches found in: 'Các giao dịch doanh nghiệp chưa duyệt cho tôi xem'
2026-01-05 10:42:02 | DEBUG    | log:153 | [normalize_query] 'Đang chờ duyệt các giao dịch doanh nghiệ...' -> 'Đang chờ duyệt các giao dịch doanh nghiệ...'
2026-01-05 10:42:02 | DEBUG    | log:153 | [perform_hybrid_search] query_text: [Đang chờ duyệt các giao dịch doanh nghiệp nào] - formatted_query: [Đang chờ duyệt các giao dịch doanh nghiệp nào] - normalized_query: [Đang chờ duyệt các giao dịch doanh nghiệp nào]
2026-01-05 10:42:02 | DEBUG    | log:153 | [perform_hybrid_search] BM25 raw scores: min=0.0786, max=22.4476
2026-01-05 10:42:02 | DEBUG    | log:153 | [get_keyword_boost] Query: 'Đang chờ duyệt các giao dịch d...' | Doc: Tra cứu giao dịch th | Boost: 0.25 | Matched: ['chờ']
2026-01-05 10:42:02 | DEBUG    | log:153 | [get_keyword_boost] Query: 'Đang chờ duyệt các giao dịch d...' | Doc: getTransactionList | | Boost: 0.50 | Matched: ['chờ duyệt', 'đang chờ']
2026-01-05 10:42:02 | DEBUG    | log:153 | [get_keyword_boost] Query: 'Đang chờ duyệt các giao dịch d...' | Doc: getTransactionList | | Boost: 0.25 | Matched: ['chờ duyệt']
2026-01-05 10:42:02 | DEBUG    | log:153 | [get_keyword_boost] Query: 'Đang chờ duyệt các giao dịch d...' | Doc: getTransactionList | | Boost: 0.25 | Matched: ['chờ duyệt']
2026-01-05 10:42:02 | DEBUG    | log:153 | [get_keyword_boost] Query: 'Đang chờ duyệt các giao dịch d...' | Doc: getTransactionList | | Boost: 0.25 | Matched: ['chờ duyệt']
2026-01-05 10:42:02 | DEBUG    | log:153 | [get_keyword_boost] Query: 'Đang chờ duyệt các giao dịch d...' | Doc: getTransactionList | | Boost: 0.25 | Matched: ['chờ duyệt']
2026-01-05 10:42:02 | DEBUG    | log:153 | [classify_query_intent] Classified: 'Đang chờ duyệt các giao dịch d...' -> getTransactionList | Tra cứu g (score=2)
2026-01-05 10:42:02 | DEBUG    | log:153 | [normalize_query] 'Chưa được phê duyệt giao dịch doanh nghi...' -> 'Chưa được phê duyệt giao dịch doanh nghi...'
2026-01-05 10:42:02 | DEBUG    | log:153 | [perform_hybrid_search] query_text: [Chưa được phê duyệt giao dịch doanh nghiệp nào] - formatted_query: [Chưa được phê duyệt giao dịch doanh nghiệp nào] - normalized_query: [Chưa được phê duyệt giao dịch doanh nghiệp nào]
2026-01-05 10:42:02 | DEBUG    | log:153 | [perform_hybrid_search] BM25 raw scores: min=0.0786, max=25.1540
2026-01-05 10:42:02 | DEBUG    | log:153 | [get_keyword_boost] Query: 'Chưa được phê duyệt giao dịch ...' | Doc: Tra cứu giao dịch th | Boost: 0.25 | Matched: ['phê duyệt']
2026-01-05 10:42:02 | DEBUG    | log:153 | [get_keyword_boost] Query: 'Chưa được phê duyệt giao dịch ...' | Doc: getTransactionList | | Boost: 0.25 | Matched: ['chưa được phê duyệt']
2026-01-05 10:42:02 | DEBUG    | log:153 | [classify_query_intent] Ambiguous: 'Chưa được phê duyệt giao dịch ...' | Scores: {'Tra cứu giao dịch theo trạng thái': 1, 'getTransactionList | Tra cứu giao dịch đang chờ xử lý hoặc chờ duyệt': 1}
2026-01-05 10:42:02 | DEBUG    | log:153 | [normalize_query] 'Doanh nghiệp có giao dịch nào đang chờ d...' -> 'Doanh nghiệp có giao dịch nào đang chờ d...'
2026-01-05 10:42:02 | DEBUG    | log:153 | [perform_hybrid_search] query_text: [Doanh nghiệp có giao dịch nào đang chờ duyệt không] - formatted_query: [Doanh nghiệp có giao dịch nào đang chờ duyệt không] - normalized_query: [Doanh nghiệp có giao dịch nào đang chờ duyệt không]
2026-01-05 10:42:02 | DEBUG    | log:153 | [perform_hybrid_search] BM25 raw scores: min=0.0786, max=52.8209
2026-01-05 10:42:02 | DEBUG    | log:153 | [get_keyword_boost] Query: 'Doanh nghiệp có giao dịch nào ...' | Doc: Tra cứu giao dịch th | Boost: 0.25 | Matched: ['chờ']
2026-01-05 10:42:02 | DEBUG    | log:153 | [get_keyword_boost] Query: 'Doanh nghiệp có giao dịch nào ...' | Doc: getTransactionList | | Boost: 0.50 | Matched: ['chờ duyệt', 'đang chờ']
2026-01-05 10:42:02 | DEBUG    | log:153 | [get_keyword_boost] Query: 'Doanh nghiệp có giao dịch nào ...' | Doc: getTransactionList | | Boost: 0.25 | Matched: ['chờ duyệt']
2026-01-05 10:42:02 | DEBUG    | log:153 | [get_keyword_boost] Query: 'Doanh nghiệp có giao dịch nào ...' | Doc: getTransactionList | | Boost: 0.25 | Matched: ['chờ duyệt']
2026-01-05 10:42:02 | DEBUG    | log:153 | [get_keyword_boost] Query: 'Doanh nghiệp có giao dịch nào ...' | Doc: getTransactionList | | Boost: 0.25 | Matched: ['chờ duyệt']
2026-01-05 10:42:02 | DEBUG    | log:153 | [get_keyword_boost] Query: 'Doanh nghiệp có giao dịch nào ...' | Doc: getTransactionList | | Boost: 0.25 | Matched: ['chờ duyệt']
2026-01-05 10:42:02 | DEBUG    | log:153 | [classify_query_intent] Classified: 'Doanh nghiệp có giao dịch nào ...' -> getTransactionList | Tra cứu g (score=2)
2026-01-05 10:42:02 | DEBUG    | log:153 | [normalize_query] 'Các lệnh doanh nghiệp chuyển tiền chưa d...' -> 'Các lệnh doanh nghiệp chuyển tiền chưa d...'
2026-01-05 10:42:02 | DEBUG    | log:153 | [perform_hybrid_search] query_text: [Các lệnh doanh nghiệp chuyển tiền chưa duyệt là gì] - formatted_query: [Các lệnh doanh nghiệp chuyển tiền chưa duyệt là gì] - normalized_query: [Các lệnh doanh nghiệp chuyển tiền chưa duyệt là gì]
2026-01-05 10:42:02 | DEBUG    | log:153 | [perform_hybrid_search] BM25 raw scores: min=0.3667, max=17.9045
2026-01-05 10:42:02 | DEBUG    | log:153 | [get_keyword_boost] Query: 'Các lệnh doanh nghiệp chuyển t...' | Doc: Tra cứu giao dịch th | Boost: 0.25 | Matched: ['chuyển tiền']
2026-01-05 10:42:02 | DEBUG    | log:153 | [get_keyword_boost] Query: 'Các lệnh doanh nghiệp chuyển t...' | Doc: Tra cứu giao dịch ch | Boost: 0.25 | Matched: ['chuyển tiền']
2026-01-05 10:42:02 | DEBUG    | log:153 | [get_keyword_boost] Query: 'Các lệnh doanh nghiệp chuyển t...' | Doc: getTransactionList | | Boost: 0.25 | Matched: ['chuyển tiền']
2026-01-05 10:42:02 | DEBUG    | log:153 | [classify_query_intent] Ambiguous: 'Các lệnh doanh nghiệp chuyển t...' | Scores: {'Tra cứu giao dịch theo loại giao dịch': 1, 'Tra cứu giao dịch chuyển tiền': 1, 'getTransactionList | Tra cứu giao dịch chờ duyệt theo loại giao dịch': 1}
2026-01-05 10:42:02 | DEBUG    | log:153 | [normalize_query] 'Kiểm tra giúp tôi các giao dịch pending ...' -> 'Kiểm tra giúp tôi các giao dịch pending ...'
2026-01-05 10:42:02 | DEBUG    | log:153 | [perform_hybrid_search] query_text: [Kiểm tra giúp tôi các giao dịch pending của số tài khoản 190345678.] - formatted_query: [Kiểm tra giúp tôi các giao dịch pending của số tài khoản 190345678] - normalized_query: [Kiểm tra giúp tôi các giao dịch pending của số tài khoản 190345678]
2026-01-05 10:42:02 | DEBUG    | log:153 | [perform_hybrid_search] BM25 raw scores: min=0.4367, max=14.3036
2026-01-05 10:42:02 | DEBUG    | log:153 | [get_keyword_boost] Query: 'Kiểm tra giúp tôi các giao dịc...' | Doc: Tra cứu lịch sử giao | Boost: 0.25 | Matched: ['tài khoản']
2026-01-05 10:42:02 | DEBUG    | log:153 | [get_keyword_boost] Query: 'Kiểm tra giúp tôi các giao dịc...' | Doc: getTransactionList | | Boost: 0.25 | Matched: ['pending']
2026-01-05 10:42:02 | DEBUG    | log:153 | [get_keyword_boost] Query: 'Kiểm tra giúp tôi các giao dịc...' | Doc: getTransactionList | | Boost: 0.75 | Matched: ['pending', 'tài khoản', 'số tài khoản']
2026-01-05 10:42:02 | DEBUG    | log:153 | [get_keyword_boost] Query: 'Kiểm tra giúp tôi các giao dịc...' | Doc: getTransactionList | | Boost: 0.25 | Matched: ['pending']
2026-01-05 10:42:02 | DEBUG    | log:153 | [get_keyword_boost] Query: 'Kiểm tra giúp tôi các giao dịc...' | Doc: getTransactionList | | Boost: 0.25 | Matched: ['pending']
2026-01-05 10:42:02 | DEBUG    | log:153 | [get_keyword_boost] Query: 'Kiểm tra giúp tôi các giao dịc...' | Doc: getTransactionList | | Boost: 0.25 | Matched: ['pending']
2026-01-05 10:42:02 | DEBUG    | log:153 | [classify_query_intent] Classified: 'Kiểm tra giúp tôi các giao dịc...' -> getTransactionList | Tra cứu g (score=3)
2026-01-05 10:42:02 | DEBUG    | log:153 | [normalize_query] 'Liệt kê những lệnh chờ duyệt từ tài khoả...' -> 'Liệt kê những lệnh chờ duyệt từ tài khoả...'
2026-01-05 10:42:02 | DEBUG    | log:153 | [perform_hybrid_search] query_text: [Liệt kê những lệnh chờ duyệt từ tài khoản nguồn 88889999.] - formatted_query: [Liệt kê những lệnh chờ duyệt từ tài khoản nguồn 88889999] - normalized_query: [Liệt kê những lệnh chờ duyệt từ tài khoản nguồn 88889999]
2026-01-05 10:42:02 | DEBUG    | log:153 | [perform_hybrid_search] BM25 raw scores: min=0.4122, max=44.1172
2026-01-05 10:42:02 | DEBUG    | log:153 | [get_keyword_boost] Query: 'Liệt kê những lệnh chờ duyệt t...' | Doc: Tra cứu lịch sử giao | Boost: 0.25 | Matched: ['tài khoản']
2026-01-05 10:42:02 | DEBUG    | log:153 | [get_keyword_boost] Query: 'Liệt kê những lệnh chờ duyệt t...' | Doc: Tra cứu giao dịch th | Boost: 0.25 | Matched: ['chờ']
2026-01-05 10:42:02 | DEBUG    | log:153 | [get_keyword_boost] Query: 'Liệt kê những lệnh chờ duyệt t...' | Doc: getTransactionList | | Boost: 0.25 | Matched: ['chờ duyệt']
2026-01-05 10:42:02 | DEBUG    | log:153 | [get_keyword_boost] Query: 'Liệt kê những lệnh chờ duyệt t...' | Doc: getTransactionList | | Boost: 1.00 | Matched: ['chờ duyệt', 'tài khoản', 'tài khoản nguồn']
2026-01-05 10:42:02 | DEBUG    | log:153 | [get_keyword_boost] Query: 'Liệt kê những lệnh chờ duyệt t...' | Doc: getTransactionList | | Boost: 0.25 | Matched: ['chờ duyệt']
2026-01-05 10:42:02 | DEBUG    | log:153 | [get_keyword_boost] Query: 'Liệt kê những lệnh chờ duyệt t...' | Doc: getTransactionList | | Boost: 0.25 | Matched: ['chờ duyệt']
2026-01-05 10:42:02 | DEBUG    | log:153 | [get_keyword_boost] Query: 'Liệt kê những lệnh chờ duyệt t...' | Doc: getTransactionList | | Boost: 0.50 | Matched: ['chờ duyệt', 'từ']
2026-01-05 10:42:02 | DEBUG    | log:153 | [classify_query_intent] Classified: 'Liệt kê những lệnh chờ duyệt t...' -> getTransactionList | Tra cứu g (score=4)
2026-01-05 10:42:02 | DEBUG    | log:153 | [normalize_query] 'Xem trạng thái các lệnh chuyển tiền chưa...' -> 'Xem trạng thái các lệnh chuyển tiền chưa...'
2026-01-05 10:42:02 | DEBUG    | log:153 | [perform_hybrid_search] query_text: [Xem trạng thái các lệnh chuyển tiền chưa hoàn tất của STK 0011223344.] - formatted_query: [Xem trạng thái các lệnh chuyển tiền chưa hoàn tất của stk 0011223344] - normalized_query: [Xem trạng thái các lệnh chuyển tiền chưa hoàn tất của stk 0011223344]
2026-01-05 10:42:02 | DEBUG    | log:153 | [perform_hybrid_search] BM25 raw scores: min=1.2780, max=30.4751
2026-01-05 10:42:02 | DEBUG    | log:153 | [get_keyword_boost] Query: 'Xem trạng thái các lệnh chuyển...' | Doc: Tra cứu lịch sử giao | Boost: 0.50 | Matched: ['tk', 'stk']
2026-01-05 10:42:02 | DEBUG    | log:153 | [get_keyword_boost] Query: 'Xem trạng thái các lệnh chuyển...' | Doc: Tra cứu giao dịch th | Boost: 0.50 | Matched: ['trạng thái', 'hoàn tất']
2026-01-05 10:42:02 | DEBUG    | log:153 | [get_keyword_boost] Query: 'Xem trạng thái các lệnh chuyển...' | Doc: Tra cứu giao dịch th | Boost: 0.25 | Matched: ['chuyển tiền']
2026-01-05 10:42:02 | DEBUG    | log:153 | [get_keyword_boost] Query: 'Xem trạng thái các lệnh chuyển...' | Doc: Tra cứu giao dịch ch | Boost: 0.25 | Matched: ['chuyển tiền']
2026-01-05 10:42:02 | DEBUG    | log:153 | [get_keyword_boost] Query: 'Xem trạng thái các lệnh chuyển...' | Doc: getTransactionList | | Boost: 0.25 | Matched: ['stk']
2026-01-05 10:42:02 | DEBUG    | log:153 | [get_keyword_boost] Query: 'Xem trạng thái các lệnh chuyển...' | Doc: getTransactionList | | Boost: 0.25 | Matched: ['chuyển tiền']
2026-01-05 10:42:02 | DEBUG    | log:153 | [classify_query_intent] Ambiguous: 'Xem trạng thái các lệnh chuyển...' | Scores: {'Tra cứu lịch sử giao dịch theo số tài khoản': 2, 'Tra cứu giao dịch theo trạng thái': 2, 'Tra cứu giao dịch theo loại giao dịch': 1, 'Tra cứu giao dịch chuyển tiền': 1, 'getTransactionList | Tra cứu giao dịch chờ duyệt theo số tài khoản nguồn': 1, 'getTransactionList | Tra cứu giao dịch chờ duyệt theo loại giao dịch': 1}
2026-01-05 10:42:02 | DEBUG    | log:153 | [normalize_query] 'Có giao dịch nào đang treo trên tài khoả...' -> 'Có giao dịch nào đang treo trên tài khoả...'
2026-01-05 10:42:02 | DEBUG    | log:153 | [perform_hybrid_search] query_text: [Có giao dịch nào đang treo trên tài khoản 123456789 không?] - formatted_query: [Có giao dịch nào đang treo trên tài khoản 123456789 không] - normalized_query: [Có giao dịch nào đang treo trên tài khoản 123456789 không]
2026-01-05 10:42:02 | DEBUG    | log:153 | [perform_hybrid_search] BM25 raw scores: min=0.3726, max=41.4780
2026-01-05 10:42:02 | DEBUG    | log:153 | [get_keyword_boost] Query: 'Có giao dịch nào đang treo trê...' | Doc: Tra cứu lịch sử giao | Boost: 0.25 | Matched: ['tài khoản']
2026-01-05 10:42:02 | DEBUG    | log:153 | [get_keyword_boost] Query: 'Có giao dịch nào đang treo trê...' | Doc: Tra cứu giao dịch th | Boost: 0.25 | Matched: ['trên']
2026-01-05 10:42:02 | DEBUG    | log:153 | [get_keyword_boost] Query: 'Có giao dịch nào đang treo trê...' | Doc: getTransactionList | | Boost: 0.25 | Matched: ['tài khoản']
2026-01-05 10:42:02 | DEBUG    | log:153 | [get_keyword_boost] Query: 'Có giao dịch nào đang treo trê...' | Doc: getTransactionList | | Boost: 0.25 | Matched: ['trên']
2026-01-05 10:42:02 | DEBUG    | log:153 | [classify_query_intent] Ambiguous: 'Có giao dịch nào đang treo trê...' | Scores: {'Tra cứu lịch sử giao dịch theo số tài khoản': 1, 'Tra cứu giao dịch theo số tiền': 1, 'getTransactionList | Tra cứu giao dịch chờ duyệt theo số tài khoản nguồn': 1, 'getTransactionList | Tra cứu giao dịch chờ duyệt theo số tiền hoặc hạn mức': 1}
2026-01-05 10:42:02 | DEBUG    | log:153 | [normalize_query] 'Hiển thị danh sách cần phê duyệt của tài...' -> 'Hiển thị danh sách cần phê duyệt của tài...'
2026-01-05 10:42:02 | DEBUG    | log:153 | [perform_hybrid_search] query_text: [Hiển thị danh sách cần phê duyệt của tài khoản 987654321.] - formatted_query: [Hiển thị danh sách cần phê duyệt của tài khoản 987654321] - normalized_query: [Hiển thị danh sách cần phê duyệt của tài khoản 987654321]
2026-01-05 10:42:02 | DEBUG    | log:153 | [perform_hybrid_search] BM25 raw scores: min=0.4031, max=39.2462
2026-01-05 10:42:02 | DEBUG    | log:153 | [get_keyword_boost] Query: 'Hiển thị danh sách cần phê duy...' | Doc: Tra cứu lịch sử giao | Boost: 0.25 | Matched: ['tài khoản']
2026-01-05 10:42:02 | DEBUG    | log:153 | [get_keyword_boost] Query: 'Hiển thị danh sách cần phê duy...' | Doc: Tra cứu giao dịch th | Boost: 0.25 | Matched: ['phê duyệt']
2026-01-05 10:42:02 | DEBUG    | log:153 | [get_keyword_boost] Query: 'Hiển thị danh sách cần phê duy...' | Doc: getTransactionList | | Boost: 0.50 | Matched: ['tài khoản', 'của tài khoản']
2026-01-05 10:42:02 | DEBUG    | log:153 | [classify_query_intent] Classified: 'Hiển thị danh sách cần phê duy...' -> getTransactionList | Tra cứu g (score=2)
2026-01-05 10:42:02 | DEBUG    | log:153 | [normalize_query] 'Tôi muốn xem các khoản chi chưa được duy...' -> 'Tôi muốn xem các khoản chi chưa được duy...'
2026-01-05 10:42:02 | DEBUG    | log:153 | [perform_hybrid_search] query_text: [Tôi muốn xem các khoản chi chưa được duyệt từ tài khoản 112233.] - formatted_query: [Tôi muốn xem các khoản chi chưa được duyệt từ tài khoản 112233] - normalized_query: [Tôi muốn xem các khoản chi chưa được duyệt từ tài khoản 112233]
2026-01-05 10:42:02 | DEBUG    | log:153 | [perform_hybrid_search] BM25 raw scores: min=0.4122, max=33.8308
2026-01-05 10:42:02 | DEBUG    | log:153 | [get_keyword_boost] Query: 'Tôi muốn xem các khoản chi chư...' | Doc: Tra cứu lịch sử giao | Boost: 0.25 | Matched: ['tài khoản']
2026-01-05 10:42:02 | DEBUG    | log:153 | [get_keyword_boost] Query: 'Tôi muốn xem các khoản chi chư...' | Doc: getTransactionList | | Boost: 0.25 | Matched: ['chưa được duyệt']
2026-01-05 10:42:02 | DEBUG    | log:153 | [get_keyword_boost] Query: 'Tôi muốn xem các khoản chi chư...' | Doc: getTransactionList | | Boost: 0.50 | Matched: ['tài khoản', 'từ tài khoản']
2026-01-05 10:42:02 | DEBUG    | log:153 | [get_keyword_boost] Query: 'Tôi muốn xem các khoản chi chư...' | Doc: getTransactionList | | Boost: 0.25 | Matched: ['từ']
2026-01-05 10:42:02 | DEBUG    | log:153 | [classify_query_intent] Classified: 'Tôi muốn xem các khoản chi chư...' -> getTransactionList | Tra cứu g (score=2)
2026-01-05 10:42:02 | DEBUG    | log:153 | [normalize_query] 'Danh sách giao dịch chờ xử lý của số tài...' -> 'Danh sách giao dịch chờ xử lý của số tài...'
2026-01-05 10:42:02 | DEBUG    | log:153 | [perform_hybrid_search] query_text: [Danh sách giao dịch chờ xử lý của số tài khoản 09090909 là gì?] - formatted_query: [Danh sách giao dịch chờ xử lý của số tài khoản 09090909 là gì] - normalized_query: [Danh sách giao dịch chờ xử lý của số tài khoản 09090909 là gì]
2026-01-05 10:42:02 | DEBUG    | log:153 | [perform_hybrid_search] BM25 raw scores: min=0.5342, max=40.0914
2026-01-05 10:42:02 | DEBUG    | log:153 | [get_keyword_boost] Query: 'Danh sách giao dịch chờ xử lý ...' | Doc: Tra cứu lịch sử giao | Boost: 0.25 | Matched: ['tài khoản']
2026-01-05 10:42:02 | DEBUG    | log:153 | [get_keyword_boost] Query: 'Danh sách giao dịch chờ xử lý ...' | Doc: Tra cứu giao dịch th | Boost: 0.50 | Matched: ['xử lý', 'chờ']
2026-01-05 10:42:02 | DEBUG    | log:153 | [get_keyword_boost] Query: 'Danh sách giao dịch chờ xử lý ...' | Doc: getTransactionList | | Boost: 0.25 | Matched: ['chờ xử lý']
2026-01-05 10:42:02 | DEBUG    | log:153 | [get_keyword_boost] Query: 'Danh sách giao dịch chờ xử lý ...' | Doc: getTransactionList | | Boost: 0.75 | Matched: ['chờ xử lý', 'tài khoản', 'số tài khoản']
2026-01-05 10:42:02 | DEBUG    | log:153 | [get_keyword_boost] Query: 'Danh sách giao dịch chờ xử lý ...' | Doc: getTransactionList | | Boost: 0.25 | Matched: ['chờ xử lý']
2026-01-05 10:42:02 | DEBUG    | log:153 | [get_keyword_boost] Query: 'Danh sách giao dịch chờ xử lý ...' | Doc: getTransactionList | | Boost: 0.25 | Matched: ['chờ xử lý']
2026-01-05 10:42:02 | DEBUG    | log:153 | [get_keyword_boost] Query: 'Danh sách giao dịch chờ xử lý ...' | Doc: getTransactionList | | Boost: 0.25 | Matched: ['chờ xử lý']
2026-01-05 10:42:02 | DEBUG    | log:153 | [classify_query_intent] Classified: 'Danh sách giao dịch chờ xử lý ...' -> getTransactionList | Tra cứu g (score=3)
2026-01-05 10:42:02 | DEBUG    | log:153 | [normalize_query] 'Tài khoản 55667788 có lệnh nào đang đợi ...' -> 'Tài khoản 55667788 có lệnh nào đang đợi ...'
2026-01-05 10:42:02 | DEBUG    | log:153 | [perform_hybrid_search] query_text: [Tài khoản 55667788 có lệnh nào đang đợi checker không?] - formatted_query: [Tài khoản 55667788 có lệnh nào đang đợi checker không] - normalized_query: [Tài khoản 55667788 có lệnh nào đang đợi checker không]
2026-01-05 10:42:02 | DEBUG    | log:153 | [perform_hybrid_search] BM25 raw scores: min=0.2193, max=23.0304
2026-01-05 10:42:02 | DEBUG    | log:153 | [get_keyword_boost] Query: 'Tài khoản 55667788 có lệnh nào...' | Doc: Tra cứu lịch sử giao | Boost: 0.25 | Matched: ['tài khoản']
2026-01-05 10:42:02 | DEBUG    | log:153 | [get_keyword_boost] Query: 'Tài khoản 55667788 có lệnh nào...' | Doc: Tra cứu giao dịch ch | Boost: 0.25 | Matched: ['ck']
2026-01-05 10:42:02 | DEBUG    | log:153 | [get_keyword_boost] Query: 'Tài khoản 55667788 có lệnh nào...' | Doc: getTransactionList | | Boost: 0.25 | Matched: ['tài khoản']
2026-01-05 10:42:02 | DEBUG    | log:153 | [classify_query_intent] Ambiguous: 'Tài khoản 55667788 có lệnh nào...' | Scores: {'Tra cứu lịch sử giao dịch theo số tài khoản': 1, 'Tra cứu giao dịch chuyển tiền': 1, 'getTransactionList | Tra cứu giao dịch chờ duyệt theo số tài khoản nguồn': 1}
2026-01-05 10:42:02 | DEBUG    | log:153 | [normalize_query] 'Tra cứu các giao dịch chưa chuyển đi của...' -> 'Tra cứu các giao dịch chưa chuyển đi của...'
2026-01-05 10:42:02 | DEBUG    | log:153 | [perform_hybrid_search] query_text: [Tra cứu các giao dịch chưa chuyển đi của STK 333222111.] - formatted_query: [Tra cứu các giao dịch chưa chuyển đi của stk 333222111] - normalized_query: [Tra cứu các giao dịch chưa chuyển đi của stk 333222111]
2026-01-05 10:42:02 | DEBUG    | log:153 | [perform_hybrid_search] BM25 raw scores: min=1.5979, max=11.4697
2026-01-05 10:42:02 | DEBUG    | log:153 | [get_keyword_boost] Query: 'Tra cứu các giao dịch chưa chu...' | Doc: Tra cứu lịch sử giao | Boost: 0.50 | Matched: ['tk', 'stk']
2026-01-05 10:42:02 | DEBUG    | log:153 | [get_keyword_boost] Query: 'Tra cứu các giao dịch chưa chu...' | Doc: getTransactionList | | Boost: 0.25 | Matched: ['stk']
2026-01-05 10:42:02 | DEBUG    | log:153 | [classify_query_intent] Classified: 'Tra cứu các giao dịch chưa chu...' -> Tra cứu lịch sử giao dịch theo (score=2)
2026-01-05 10:42:02 | DEBUG    | log:153 | [normalize_query] 'Những giao dịch nào từ tài khoản 7777888...' -> 'Những giao dịch nào từ tài khoản 7777888...'
2026-01-05 10:42:02 | DEBUG    | log:153 | [perform_hybrid_search] query_text: [Những giao dịch nào từ tài khoản 77778888 đang ở trạng thái chờ?] - formatted_query: [Những giao dịch nào từ tài khoản 77778888 đang ở trạng thái chờ] - normalized_query: [Những giao dịch nào từ tài khoản 77778888 đang ở trạng thái chờ]
2026-01-05 10:42:02 | DEBUG    | log:153 | [perform_hybrid_search] BM25 raw scores: min=0.4818, max=54.1416
2026-01-05 10:42:02 | DEBUG    | log:153 | [get_keyword_boost] Query: 'Những giao dịch nào từ tài kho...' | Doc: Tra cứu lịch sử giao | Boost: 0.25 | Matched: ['tài khoản']
2026-01-05 10:42:02 | DEBUG    | log:153 | [get_keyword_boost] Query: 'Những giao dịch nào từ tài kho...' | Doc: Tra cứu giao dịch th | Boost: 0.50 | Matched: ['trạng thái', 'chờ']
2026-01-05 10:42:02 | DEBUG    | log:153 | [get_keyword_boost] Query: 'Những giao dịch nào từ tài kho...' | Doc: getTransactionList | | Boost: 0.50 | Matched: ['tài khoản', 'từ tài khoản']
2026-01-05 10:42:02 | DEBUG    | log:153 | [get_keyword_boost] Query: 'Những giao dịch nào từ tài kho...' | Doc: getTransactionList | | Boost: 0.25 | Matched: ['từ']
2026-01-05 10:42:02 | DEBUG    | log:153 | [classify_query_intent] Ambiguous: 'Những giao dịch nào từ tài kho...' | Scores: {'Tra cứu lịch sử giao dịch theo số tài khoản': 1, 'Tra cứu giao dịch theo trạng thái': 2, 'getTransactionList | Tra cứu giao dịch chờ duyệt theo số tài khoản nguồn': 2, 'getTransactionList | Tra cứu giao dịch chờ duyệt theo số tiền hoặc hạn mức': 1}
2026-01-05 10:42:02 | DEBUG    | log:153 | [normalize_query] 'Check pending trans của acc 01230123 nhé...' -> 'Check pending trans của acc 01230123 nhé...'
2026-01-05 10:42:02 | DEBUG    | log:153 | [perform_hybrid_search] query_text: [Check pending trans của acc 01230123 nhé.] - formatted_query: [Check pending trans của acc 01230123 nhé] - normalized_query: [Check pending trans của acc 01230123 nhé]
2026-01-05 10:42:02 | DEBUG    | log:153 | [perform_hybrid_search] BM25 raw scores: min=0.0000, max=1.9858
2026-01-05 10:42:02 | DEBUG    | log:153 | [get_keyword_boost] Query: 'Check pending trans của acc 01...' | Doc: Tra cứu giao dịch ch | Boost: 0.25 | Matched: ['ck']
2026-01-05 10:42:02 | DEBUG    | log:153 | [get_keyword_boost] Query: 'Check pending trans của acc 01...' | Doc: getTransactionList | | Boost: 0.25 | Matched: ['pending']
2026-01-05 10:42:02 | DEBUG    | log:153 | [get_keyword_boost] Query: 'Check pending trans của acc 01...' | Doc: getTransactionList | | Boost: 0.25 | Matched: ['pending']
2026-01-05 10:42:02 | DEBUG    | log:153 | [get_keyword_boost] Query: 'Check pending trans của acc 01...' | Doc: getTransactionList | | Boost: 0.25 | Matched: ['pending']
2026-01-05 10:42:02 | DEBUG    | log:153 | [get_keyword_boost] Query: 'Check pending trans của acc 01...' | Doc: getTransactionList | | Boost: 0.25 | Matched: ['pending']
2026-01-05 10:42:02 | DEBUG    | log:153 | [get_keyword_boost] Query: 'Check pending trans của acc 01...' | Doc: getTransactionList | | Boost: 0.25 | Matched: ['pending']
2026-01-05 10:42:02 | DEBUG    | log:153 | [classify_query_intent] Ambiguous: 'Check pending trans của acc 01...' | Scores: {'Tra cứu giao dịch chuyển tiền': 1, 'getTransactionList | Tra cứu giao dịch đang chờ xử lý hoặc chờ duyệt': 1, 'getTransactionList | Tra cứu giao dịch chờ duyệt theo số tài khoản nguồn': 1, 'getTransactionList | Tra cứu giao dịch chờ duyệt theo khoảng thời gian': 1, 'getTransactionList | Tra cứu giao dịch chờ duyệt theo loại giao dịch': 1, 'getTransactionList | Tra cứu giao dịch chờ duyệt theo số tiền hoặc hạn mức': 1}
2026-01-05 10:42:02 | DEBUG    | log:153 | [normalize_query] 'List cho tôi các lệnh waiting approval t...' -> 'List cho tôi các lệnh waiting approval t...'
2026-01-05 10:42:02 | DEBUG    | log:153 | [perform_hybrid_search] query_text: [List cho tôi các lệnh waiting approval từ tk 456456456.] - formatted_query: [List cho tôi các lệnh waiting approval từ tk 456456456] - normalized_query: [List cho tôi các lệnh waiting approval từ tk 456456456]
2026-01-05 10:42:02 | DEBUG    | log:153 | [perform_hybrid_search] BM25 raw scores: min=0.0000, max=6.7425
2026-01-05 10:42:02 | DEBUG    | log:153 | [get_keyword_boost] Query: 'List cho tôi các lệnh waiting ...' | Doc: Tra cứu lịch sử giao | Boost: 0.25 | Matched: ['tk']
2026-01-05 10:42:02 | DEBUG    | log:153 | [get_keyword_boost] Query: 'List cho tôi các lệnh waiting ...' | Doc: getTransactionList | | Boost: 0.25 | Matched: ['từ']
2026-01-05 10:42:02 | DEBUG    | log:153 | [classify_query_intent] Ambiguous: 'List cho tôi các lệnh waiting ...' | Scores: {'Tra cứu lịch sử giao dịch theo số tài khoản': 1, 'getTransactionList | Tra cứu giao dịch chờ duyệt theo số tiền hoặc hạn mức': 1}
2026-01-05 10:42:02 | DEBUG    | log:153 | [normalize_query] 'Account 789789 có transaction nào chưa d...' -> 'Account 789789 có transaction nào chưa d...'
2026-01-05 10:42:02 | DEBUG    | log:153 | [perform_hybrid_search] query_text: [Account 789789 có transaction nào chưa done status không?] - formatted_query: [Account 789789 có transaction nào chưa done status không] - normalized_query: [Account 789789 có transaction nào chưa done status không]
2026-01-05 10:42:02 | DEBUG    | log:153 | [perform_hybrid_search] BM25 raw scores: min=0.0000, max=18.9234
2026-01-05 10:42:02 | DEBUG    | log:153 | [classify_query_intent] No keyword matches found in: 'Account 789789 có transaction nào chưa done status'
2026-01-05 10:42:02 | DEBUG    | log:153 | [normalize_query] 'View list các giao dịch đang pending của...' -> 'View list các giao dịch đang pending của...'
2026-01-05 10:42:02 | DEBUG    | log:153 | [perform_hybrid_search] query_text: [View list các giao dịch đang pending của account number 11112222.] - formatted_query: [View list các giao dịch đang pending của account number 11112222] - normalized_query: [View list các giao dịch đang pending của account number 11112222]
2026-01-05 10:42:02 | DEBUG    | log:153 | [perform_hybrid_search] BM25 raw scores: min=0.0786, max=14.2883
2026-01-05 10:42:02 | DEBUG    | log:153 | [get_keyword_boost] Query: 'View list các giao dịch đang p...' | Doc: getTransactionList | | Boost: 0.25 | Matched: ['pending']
2026-01-05 10:42:02 | DEBUG    | log:153 | [get_keyword_boost] Query: 'View list các giao dịch đang p...' | Doc: getTransactionList | | Boost: 0.25 | Matched: ['pending']
2026-01-05 10:42:02 | DEBUG    | log:153 | [get_keyword_boost] Query: 'View list các giao dịch đang p...' | Doc: getTransactionList | | Boost: 0.25 | Matched: ['pending']
2026-01-05 10:42:02 | DEBUG    | log:153 | [get_keyword_boost] Query: 'View list các giao dịch đang p...' | Doc: getTransactionList | | Boost: 0.25 | Matched: ['pending']
2026-01-05 10:42:02 | DEBUG    | log:153 | [get_keyword_boost] Query: 'View list các giao dịch đang p...' | Doc: getTransactionList | | Boost: 0.25 | Matched: ['pending']
2026-01-05 10:42:02 | DEBUG    | log:153 | [classify_query_intent] Ambiguous: 'View list các giao dịch đang p...' | Scores: {'getTransactionList | Tra cứu giao dịch đang chờ xử lý hoặc chờ duyệt': 1, 'getTransactionList | Tra cứu giao dịch chờ duyệt theo số tài khoản nguồn': 1, 'getTransactionList | Tra cứu giao dịch chờ duyệt theo khoảng thời gian': 1, 'getTransactionList | Tra cứu giao dịch chờ duyệt theo loại giao dịch': 1, 'getTransactionList | Tra cứu giao dịch chờ duyệt theo số tiền hoặc hạn mức': 1}
2026-01-05 10:42:02 | DEBUG    | log:153 | [normalize_query] 'Có trans nào của acc 99990000 đang chờ a...' -> 'Có trans nào của acc 99990000 đang chờ a...'
2026-01-05 10:42:02 | DEBUG    | log:153 | [perform_hybrid_search] query_text: [Có trans nào của acc 99990000 đang chờ approve không?] - formatted_query: [Có trans nào của acc 99990000 đang chờ approve không] - normalized_query: [Có trans nào của acc 99990000 đang chờ approve không]
2026-01-05 10:42:02 | DEBUG    | log:153 | [perform_hybrid_search] BM25 raw scores: min=0.0000, max=22.2716
2026-01-05 10:42:02 | DEBUG    | log:153 | [get_keyword_boost] Query: 'Có trans nào của acc 99990000 ...' | Doc: Tra cứu giao dịch th | Boost: 0.25 | Matched: ['chờ']
2026-01-05 10:42:02 | DEBUG    | log:153 | [get_keyword_boost] Query: 'Có trans nào của acc 99990000 ...' | Doc: getTransactionList | | Boost: 0.25 | Matched: ['đang chờ']
2026-01-05 10:42:02 | DEBUG    | log:153 | [classify_query_intent] Ambiguous: 'Có trans nào của acc 99990000 ...' | Scores: {'Tra cứu giao dịch theo trạng thái': 1, 'getTransactionList | Tra cứu giao dịch đang chờ xử lý hoặc chờ duyệt': 1}
2026-01-05 10:42:02 | DEBUG    | log:153 | [normalize_query] 'Check status mấy lệnh chuyển tiền từ tk ...' -> 'Check status mấy lệnh chuyển tiền từ tk ...'
2026-01-05 10:42:02 | DEBUG    | log:153 | [perform_hybrid_search] query_text: [Check status mấy lệnh chuyển tiền từ tk 123123 xem có cái nào pending k?] - formatted_query: [Check status mấy lệnh chuyển tiền từ tk 123123 xem có cái nào pending k] - normalized_query: [Check status mấy lệnh chuyển tiền từ tk 123123 xem có cái nào pending k]
2026-01-05 10:42:02 | DEBUG    | log:153 | [perform_hybrid_search] BM25 raw scores: min=0.6853, max=29.6807
2026-01-05 10:42:02 | DEBUG    | log:153 | [get_keyword_boost] Query: 'Check status mấy lệnh chuyển t...' | Doc: Tra cứu lịch sử giao | Boost: 0.25 | Matched: ['tk']
2026-01-05 10:42:02 | DEBUG    | log:153 | [get_keyword_boost] Query: 'Check status mấy lệnh chuyển t...' | Doc: Tra cứu giao dịch th | Boost: 0.25 | Matched: ['chuyển tiền']
2026-01-05 10:42:02 | DEBUG    | log:153 | [get_keyword_boost] Query: 'Check status mấy lệnh chuyển t...' | Doc: Tra cứu giao dịch ch | Boost: 0.50 | Matched: ['chuyển tiền', 'ck']
2026-01-05 10:42:02 | DEBUG    | log:153 | [get_keyword_boost] Query: 'Check status mấy lệnh chuyển t...' | Doc: getTransactionList | | Boost: 0.25 | Matched: ['pending']
2026-01-05 10:42:02 | DEBUG    | log:153 | [get_keyword_boost] Query: 'Check status mấy lệnh chuyển t...' | Doc: getTransactionList | | Boost: 0.25 | Matched: ['pending']
2026-01-05 10:42:02 | DEBUG    | log:153 | [get_keyword_boost] Query: 'Check status mấy lệnh chuyển t...' | Doc: getTransactionList | | Boost: 0.25 | Matched: ['pending']
2026-01-05 10:42:02 | DEBUG    | log:153 | [get_keyword_boost] Query: 'Check status mấy lệnh chuyển t...' | Doc: getTransactionList | | Boost: 0.50 | Matched: ['pending', 'chuyển tiền']
2026-01-05 10:42:02 | DEBUG    | log:153 | [get_keyword_boost] Query: 'Check status mấy lệnh chuyển t...' | Doc: getTransactionList | | Boost: 0.50 | Matched: ['pending', 'từ']
2026-01-05 10:42:02 | DEBUG    | log:153 | [classify_query_intent] Ambiguous: 'Check status mấy lệnh chuyển t...' | Scores: {'Tra cứu lịch sử giao dịch theo số tài khoản': 1, 'Tra cứu giao dịch theo loại giao dịch': 1, 'Tra cứu giao dịch chuyển tiền': 2, 'getTransactionList | Tra cứu giao dịch đang chờ xử lý hoặc chờ duyệt': 1, 'getTransactionList | Tra cứu giao dịch chờ duyệt theo số tài khoản nguồn': 1, 'getTransactionList | Tra cứu giao dịch chờ duyệt theo khoảng thời gian': 1, 'getTransactionList | Tra cứu giao dịch chờ duyệt theo loại giao dịch': 2, 'getTransactionList | Tra cứu giao dịch chờ duyệt theo số tiền hoặc hạn mức': 2}
2026-01-05 10:42:02 | DEBUG    | log:153 | [normalize_query] 'Filter các giao dịch waiting của số tk 5...' -> 'Filter các giao dịch waiting của số tk 5...'
2026-01-05 10:42:02 | DEBUG    | log:153 | [perform_hybrid_search] query_text: [Filter các giao dịch waiting của số tk 567567.] - formatted_query: [Filter các giao dịch waiting của số tk 567567] - normalized_query: [Filter các giao dịch waiting của số tk 567567]
2026-01-05 10:42:02 | DEBUG    | log:153 | [perform_hybrid_search] BM25 raw scores: min=0.1311, max=2.7557
2026-01-05 10:42:02 | DEBUG    | log:153 | [get_keyword_boost] Query: 'Filter các giao dịch waiting c...' | Doc: Tra cứu lịch sử giao | Boost: 0.25 | Matched: ['tk']
2026-01-05 10:42:02 | DEBUG    | log:153 | [classify_query_intent] Classified: 'Filter các giao dịch waiting c...' -> Tra cứu lịch sử giao dịch theo (score=1)
2026-01-05 10:42:02 | DEBUG    | log:153 | [normalize_query] 'Acc 888888 còn lệnh nào chưa process khô...' -> 'Acc 888888 còn lệnh nào chưa process khô...'
2026-01-05 10:42:02 | DEBUG    | log:153 | [perform_hybrid_search] query_text: [Acc 888888 còn lệnh nào chưa process không?] - formatted_query: [Acc 888888 còn lệnh nào chưa process không] - normalized_query: [Acc 888888 còn lệnh nào chưa process không]
2026-01-05 10:42:02 | DEBUG    | log:153 | [perform_hybrid_search] BM25 raw scores: min=0.0000, max=20.8785
2026-01-05 10:42:02 | DEBUG    | log:153 | [classify_query_intent] No keyword matches found in: 'Acc 888888 còn lệnh nào chưa process không'
2026-01-05 10:42:02 | DEBUG    | log:153 | [normalize_query] 'Show các transaction đang hang (treo) củ...' -> 'Show các transaction đang hang (treo) củ...'
2026-01-05 10:42:02 | DEBUG    | log:153 | [perform_hybrid_search] query_text: [Show các transaction đang hang (treo) của stk 321321.] - formatted_query: [Show các transaction đang hang (treo) của stk 321321] - normalized_query: [Show các transaction đang hang (treo) của stk 321321]
2026-01-05 10:42:03 | DEBUG    | log:153 | [perform_hybrid_search] BM25 raw scores: min=0.1280, max=4.6734
2026-01-05 10:42:03 | DEBUG    | log:153 | [get_keyword_boost] Query: 'Show các transaction đang hang...' | Doc: Tra cứu lịch sử giao | Boost: 0.50 | Matched: ['tk', 'stk']
2026-01-05 10:42:03 | DEBUG    | log:153 | [get_keyword_boost] Query: 'Show các transaction đang hang...' | Doc: getTransactionList | | Boost: 0.25 | Matched: ['stk']
2026-01-05 10:42:03 | DEBUG    | log:153 | [classify_query_intent] Classified: 'Show các transaction đang hang...' -> Tra cứu lịch sử giao dịch theo (score=2)
2026-01-05 10:42:03 | DEBUG    | log:153 | [normalize_query] 'Kiểm tra queue duyệt của account 1234567...' -> 'Kiểm tra queue duyệt của account 1234567...'
2026-01-05 10:42:03 | DEBUG    | log:153 | [perform_hybrid_search] query_text: [Kiểm tra queue duyệt của account 1234567890.] - formatted_query: [Kiểm tra queue duyệt của account 1234567890] - normalized_query: [Kiểm tra queue duyệt của account 1234567890]
2026-01-05 10:42:03 | DEBUG    | log:153 | [perform_hybrid_search] BM25 raw scores: min=0.0262, max=6.7551
2026-01-05 10:42:03 | DEBUG    | log:153 | [classify_query_intent] No keyword matches found in: 'Kiểm tra queue duyệt của account 1234567890'
2026-01-05 10:42:03 | DEBUG    | log:153 | [normalize_query] 'Xem gd chờ duyệt của stk 112233....' -> 'Xem gd chờ duyệt của stk 112233...'
2026-01-05 10:42:03 | DEBUG    | log:153 | [perform_hybrid_search] query_text: [Xem gd chờ duyệt của stk 112233.] - formatted_query: [Xem gd chờ duyệt của stk 112233] - normalized_query: [Xem gd chờ duyệt của stk 112233]
2026-01-05 10:42:03 | DEBUG    | log:153 | [perform_hybrid_search] BM25 raw scores: min=0.2624, max=12.5603
2026-01-05 10:42:03 | DEBUG    | log:153 | [get_keyword_boost] Query: 'Xem gd chờ duyệt của stk 11223...' | Doc: Tra cứu lịch sử giao | Boost: 0.50 | Matched: ['tk', 'stk']
2026-01-05 10:42:03 | DEBUG    | log:153 | [get_keyword_boost] Query: 'Xem gd chờ duyệt của stk 11223...' | Doc: Tra cứu giao dịch th | Boost: 0.25 | Matched: ['chờ']
2026-01-05 10:42:03 | DEBUG    | log:153 | [get_keyword_boost] Query: 'Xem gd chờ duyệt của stk 11223...' | Doc: getTransactionList | | Boost: 0.25 | Matched: ['chờ duyệt']
2026-01-05 10:42:03 | DEBUG    | log:153 | [get_keyword_boost] Query: 'Xem gd chờ duyệt của stk 11223...' | Doc: getTransactionList | | Boost: 0.50 | Matched: ['chờ duyệt', 'stk']
2026-01-05 10:42:03 | DEBUG    | log:153 | [get_keyword_boost] Query: 'Xem gd chờ duyệt của stk 11223...' | Doc: getTransactionList | | Boost: 0.25 | Matched: ['chờ duyệt']
2026-01-05 10:42:03 | DEBUG    | log:153 | [get_keyword_boost] Query: 'Xem gd chờ duyệt của stk 11223...' | Doc: getTransactionList | | Boost: 0.25 | Matched: ['chờ duyệt']
2026-01-05 10:42:03 | DEBUG    | log:153 | [get_keyword_boost] Query: 'Xem gd chờ duyệt của stk 11223...' | Doc: getTransactionList | | Boost: 0.25 | Matched: ['chờ duyệt']
2026-01-05 10:42:03 | DEBUG    | log:153 | [classify_query_intent] Ambiguous: 'Xem gd chờ duyệt của stk 11223...' | Scores: {'Tra cứu lịch sử giao dịch theo số tài khoản': 2, 'Tra cứu giao dịch theo trạng thái': 1, 'getTransactionList | Tra cứu giao dịch đang chờ xử lý hoặc chờ duyệt': 1, 'getTransactionList | Tra cứu giao dịch chờ duyệt theo số tài khoản nguồn': 2, 'getTransactionList | Tra cứu giao dịch chờ duyệt theo khoảng thời gian': 1, 'getTransactionList | Tra cứu giao dịch chờ duyệt theo loại giao dịch': 1, 'getTransactionList | Tra cứu giao dịch chờ duyệt theo số tiền hoặc hạn mức': 1}
2026-01-05 10:42:03 | DEBUG    | log:153 | [normalize_query] 'Ktra tk 445566 có lệnh nào treo k?...' -> 'Ktra tk 445566 có lệnh nào treo k...'
2026-01-05 10:42:03 | DEBUG    | log:153 | [perform_hybrid_search] query_text: [Ktra tk 445566 có lệnh nào treo k?] - formatted_query: [Ktra tk 445566 có lệnh nào treo k] - normalized_query: [Ktra tk 445566 có lệnh nào treo k]
2026-01-05 10:42:03 | DEBUG    | log:153 | [perform_hybrid_search] BM25 raw scores: min=0.0000, max=19.0159
2026-01-05 10:42:03 | DEBUG    | log:153 | [get_keyword_boost] Query: 'Ktra tk 445566 có lệnh nào tre...' | Doc: Tra cứu lịch sử giao | Boost: 0.25 | Matched: ['tk']
2026-01-05 10:42:03 | DEBUG    | log:153 | [classify_query_intent] Classified: 'Ktra tk 445566 có lệnh nào tre...' -> Tra cứu lịch sử giao dịch theo (score=1)
2026-01-05 10:42:03 | DEBUG    | log:153 | [normalize_query] 'List gd pending từ tk 998877....' -> 'List gd pending từ tk 998877...'
2026-01-05 10:42:03 | DEBUG    | log:153 | [perform_hybrid_search] query_text: [List gd pending từ tk 998877.] - formatted_query: [List gd pending từ tk 998877] - normalized_query: [List gd pending từ tk 998877]
2026-01-05 10:42:03 | DEBUG    | log:153 | [perform_hybrid_search] BM25 raw scores: min=0.0000, max=6.4365
2026-01-05 10:42:03 | DEBUG    | log:153 | [get_keyword_boost] Query: 'List gd pending từ tk 998877...' | Doc: Tra cứu lịch sử giao | Boost: 0.25 | Matched: ['tk']
2026-01-05 10:42:03 | DEBUG    | log:153 | [get_keyword_boost] Query: 'List gd pending từ tk 998877...' | Doc: getTransactionList | | Boost: 0.25 | Matched: ['pending']
2026-01-05 10:42:03 | DEBUG    | log:153 | [get_keyword_boost] Query: 'List gd pending từ tk 998877...' | Doc: getTransactionList | | Boost: 0.25 | Matched: ['pending']
2026-01-05 10:42:03 | DEBUG    | log:153 | [get_keyword_boost] Query: 'List gd pending từ tk 998877...' | Doc: getTransactionList | | Boost: 0.25 | Matched: ['pending']
2026-01-05 10:42:03 | DEBUG    | log:153 | [get_keyword_boost] Query: 'List gd pending từ tk 998877...' | Doc: getTransactionList | | Boost: 0.25 | Matched: ['pending']
2026-01-05 10:42:03 | DEBUG    | log:153 | [get_keyword_boost] Query: 'List gd pending từ tk 998877...' | Doc: getTransactionList | | Boost: 0.50 | Matched: ['pending', 'từ']
2026-01-05 10:42:03 | DEBUG    | log:153 | [classify_query_intent] Classified: 'List gd pending từ tk 998877...' -> getTransactionList | Tra cứu g (score=2)
2026-01-05 10:42:03 | DEBUG    | log:153 | [normalize_query] 'Stk 000111 có khoản ck nào chưa đi k ad?...' -> 'Stk 000111 có khoản ck nào chưa đi k ad...'
2026-01-05 10:42:03 | DEBUG    | log:153 | [perform_hybrid_search] query_text: [Stk 000111 có khoản ck nào chưa đi k ad?] - formatted_query: [Stk 000111 có khoản ck nào chưa đi k ad] - normalized_query: [Stk 000111 có khoản ck nào chưa đi k ad]
2026-01-05 10:42:03 | DEBUG    | log:153 | [perform_hybrid_search] BM25 raw scores: min=0.4920, max=16.2082
2026-01-05 10:42:03 | DEBUG    | log:153 | [get_keyword_boost] Query: 'Stk 000111 có khoản ck nào chư...' | Doc: Tra cứu lịch sử giao | Boost: 0.50 | Matched: ['tk', 'stk']
2026-01-05 10:42:03 | DEBUG    | log:153 | [get_keyword_boost] Query: 'Stk 000111 có khoản ck nào chư...' | Doc: Tra cứu giao dịch ch | Boost: 0.25 | Matched: ['ck']
2026-01-05 10:42:03 | DEBUG    | log:153 | [get_keyword_boost] Query: 'Stk 000111 có khoản ck nào chư...' | Doc: getTransactionList | | Boost: 0.25 | Matched: ['stk']
2026-01-05 10:42:03 | DEBUG    | log:153 | [classify_query_intent] Classified: 'Stk 000111 có khoản ck nào chư...' -> Tra cứu lịch sử giao dịch theo (score=2)
2026-01-05 10:42:03 | DEBUG    | log:153 | [normalize_query] 'Check giúp t mấy cái gd chưa duyệt của t...' -> 'Check giúp t mấy cái gd chưa duyệt của t...'
2026-01-05 10:42:03 | DEBUG    | log:153 | [perform_hybrid_search] query_text: [Check giúp t mấy cái gd chưa duyệt của tk 222333.] - formatted_query: [Check giúp t mấy cái gd chưa duyệt của tk 222333] - normalized_query: [Check giúp t mấy cái gd chưa duyệt của tk 222333]
2026-01-05 10:42:03 | DEBUG    | log:153 | [perform_hybrid_search] BM25 raw scores: min=0.0000, max=8.0962
2026-01-05 10:42:03 | DEBUG    | log:153 | [get_keyword_boost] Query: 'Check giúp t mấy cái gd chưa d...' | Doc: Tra cứu lịch sử giao | Boost: 0.25 | Matched: ['tk']
2026-01-05 10:42:03 | DEBUG    | log:153 | [get_keyword_boost] Query: 'Check giúp t mấy cái gd chưa d...' | Doc: Tra cứu giao dịch ch | Boost: 0.25 | Matched: ['ck']
2026-01-05 10:42:03 | DEBUG    | log:153 | [classify_query_intent] Ambiguous: 'Check giúp t mấy cái gd chưa d...' | Scores: {'Tra cứu lịch sử giao dịch theo số tài khoản': 1, 'Tra cứu giao dịch chuyển tiền': 1}
2026-01-05 10:42:03 | DEBUG    | log:153 | [normalize_query] 'Có lệnh nào của số 121212 đang đợi k?...' -> 'Có lệnh nào của số 121212 đang đợi k...'
2026-01-05 10:42:03 | DEBUG    | log:153 | [perform_hybrid_search] query_text: [Có lệnh nào của số 121212 đang đợi k?] - formatted_query: [Có lệnh nào của số 121212 đang đợi k] - normalized_query: [Có lệnh nào của số 121212 đang đợi k]
2026-01-05 10:42:03 | DEBUG    | log:153 | [perform_hybrid_search] BM25 raw scores: min=0.0284, max=19.4927
2026-01-05 10:42:03 | DEBUG    | log:153 | [classify_query_intent] No keyword matches found in: 'Có lệnh nào của số 121212 đang đợi k'
2026-01-05 10:42:03 | DEBUG    | log:153 | [normalize_query] 'Ds gd chờ xl của tk 343434....' -> 'Ds gd chờ xl của tk 343434...'
2026-01-05 10:42:03 | DEBUG    | log:153 | [perform_hybrid_search] query_text: [Ds gd chờ xl của tk 343434.] - formatted_query: [Ds gd chờ xl của tk 343434] - normalized_query: [Ds gd chờ xl của tk 343434]
2026-01-05 10:42:03 | DEBUG    | log:153 | [perform_hybrid_search] BM25 raw scores: min=0.0000, max=3.9339
2026-01-05 10:42:03 | DEBUG    | log:153 | [get_keyword_boost] Query: 'Ds gd chờ xl của tk 343434...' | Doc: Tra cứu lịch sử giao | Boost: 0.25 | Matched: ['tk']
2026-01-05 10:42:03 | DEBUG    | log:153 | [get_keyword_boost] Query: 'Ds gd chờ xl của tk 343434...' | Doc: Tra cứu giao dịch th | Boost: 0.25 | Matched: ['chờ']
2026-01-05 10:42:03 | DEBUG    | log:153 | [classify_query_intent] Ambiguous: 'Ds gd chờ xl của tk 343434...' | Scores: {'Tra cứu lịch sử giao dịch theo số tài khoản': 1, 'Tra cứu giao dịch theo trạng thái': 1}
2026-01-05 10:42:03 | DEBUG    | log:153 | [normalize_query] 'Mở list pending của stk 565656 ra xem....' -> 'Mở list pending của stk 565656 ra xem...'
2026-01-05 10:42:03 | DEBUG    | log:153 | [perform_hybrid_search] query_text: [Mở list pending của stk 565656 ra xem.] - formatted_query: [Mở list pending của stk 565656 ra xem] - normalized_query: [Mở list pending của stk 565656 ra xem]
2026-01-05 10:42:03 | DEBUG    | log:153 | [perform_hybrid_search] BM25 raw scores: min=0.2624, max=5.8973
2026-01-05 10:42:03 | DEBUG    | log:153 | [get_keyword_boost] Query: 'Mở list pending của stk 565656...' | Doc: Tra cứu lịch sử giao | Boost: 0.50 | Matched: ['tk', 'stk']
2026-01-05 10:42:03 | DEBUG    | log:153 | [get_keyword_boost] Query: 'Mở list pending của stk 565656...' | Doc: getTransactionList | | Boost: 0.25 | Matched: ['pending']
2026-01-05 10:42:03 | DEBUG    | log:153 | [get_keyword_boost] Query: 'Mở list pending của stk 565656...' | Doc: getTransactionList | | Boost: 0.50 | Matched: ['pending', 'stk']
2026-01-05 10:42:03 | DEBUG    | log:153 | [get_keyword_boost] Query: 'Mở list pending của stk 565656...' | Doc: getTransactionList | | Boost: 0.25 | Matched: ['pending']
2026-01-05 10:42:03 | DEBUG    | log:153 | [get_keyword_boost] Query: 'Mở list pending của stk 565656...' | Doc: getTransactionList | | Boost: 0.25 | Matched: ['pending']
2026-01-05 10:42:03 | DEBUG    | log:153 | [get_keyword_boost] Query: 'Mở list pending của stk 565656...' | Doc: getTransactionList | | Boost: 0.25 | Matched: ['pending']
2026-01-05 10:42:03 | DEBUG    | log:153 | [classify_query_intent] Ambiguous: 'Mở list pending của stk 565656...' | Scores: {'Tra cứu lịch sử giao dịch theo số tài khoản': 2, 'getTransactionList | Tra cứu giao dịch đang chờ xử lý hoặc chờ duyệt': 1, 'getTransactionList | Tra cứu giao dịch chờ duyệt theo số tài khoản nguồn': 2, 'getTransactionList | Tra cứu giao dịch chờ duyệt theo khoảng thời gian': 1, 'getTransactionList | Tra cứu giao dịch chờ duyệt theo loại giao dịch': 1, 'getTransactionList | Tra cứu giao dịch chờ duyệt theo số tiền hoặc hạn mức': 1}
2026-01-05 10:42:03 | DEBUG    | log:153 | [normalize_query] 'Tk 787878 còn gd nào chưa xong k?...' -> 'Tk 787878 còn gd nào chưa xong k...'
2026-01-05 10:42:03 | DEBUG    | log:153 | [perform_hybrid_search] query_text: [Tk 787878 còn gd nào chưa xong k?] - formatted_query: [Tk 787878 còn gd nào chưa xong k] - normalized_query: [Tk 787878 còn gd nào chưa xong k]
2026-01-05 10:42:03 | DEBUG    | log:153 | [perform_hybrid_search] BM25 raw scores: min=0.0000, max=13.9882
2026-01-05 10:42:03 | DEBUG    | log:153 | [get_keyword_boost] Query: 'Tk 787878 còn gd nào chưa xong...' | Doc: Tra cứu lịch sử giao | Boost: 0.25 | Matched: ['tk']
2026-01-05 10:42:03 | DEBUG    | log:153 | [classify_query_intent] Classified: 'Tk 787878 còn gd nào chưa xong...' -> Tra cứu lịch sử giao dịch theo (score=1)
2026-01-05 10:42:03 | DEBUG    | log:153 | [normalize_query] 'Lọc gd chờ của số 909090....' -> 'Lọc gd chờ của số 909090...'
2026-01-05 10:42:03 | DEBUG    | log:153 | [perform_hybrid_search] query_text: [Lọc gd chờ của số 909090.] - formatted_query: [Lọc gd chờ của số 909090] - normalized_query: [Lọc gd chờ của số 909090]
2026-01-05 10:42:03 | DEBUG    | log:153 | [perform_hybrid_search] BM25 raw scores: min=0.0568, max=3.9883
2026-01-05 10:42:03 | DEBUG    | log:153 | [get_keyword_boost] Query: 'Lọc gd chờ của số 909090...' | Doc: Tra cứu giao dịch th | Boost: 0.25 | Matched: ['chờ']
2026-01-05 10:42:03 | DEBUG    | log:153 | [classify_query_intent] Classified: 'Lọc gd chờ của số 909090...' -> Tra cứu giao dịch theo trạng t (score=1)
2026-01-05 10:42:03 | DEBUG    | log:153 | [normalize_query] 'tai khoan 123123 con lenh nao chua duyet...' -> 'Tai khoan 123123 con lenh nao chua duyet...'
2026-01-05 10:42:03 | DEBUG    | log:153 | [perform_hybrid_search] query_text: [tai khoan 123123 con lenh nao chua duyet ko] - formatted_query: [Tai khoan 123123 con lenh nao chua duyet ko] - normalized_query: [Tai khoan 123123 con lenh nao chua duyet ko]
2026-01-05 10:42:03 | DEBUG    | log:153 | [perform_hybrid_search] BM25 raw scores: min=0.0000, max=15.7734
2026-01-05 10:42:03 | DEBUG    | log:153 | [classify_query_intent] No keyword matches found in: 'Tai khoan 123123 con lenh nao chua duyet ko'
2026-01-05 10:42:03 | DEBUG    | log:153 | [normalize_query] 'xem cac gd dang pendinh cua stk 09123456...' -> 'Xem cac gd dang pendinh cua stk 09123456...'
2026-01-05 10:42:03 | DEBUG    | log:153 | [perform_hybrid_search] query_text: [xem cac gd dang pendinh cua stk 09123456] - formatted_query: [Xem cac gd dang pendinh cua stk 09123456] - normalized_query: [Xem cac gd dang pendinh cua stk 09123456]
2026-01-05 10:42:03 | DEBUG    | log:153 | [perform_hybrid_search] BM25 raw scores: min=0.2886, max=6.2875
2026-01-05 10:42:03 | DEBUG    | log:153 | [get_keyword_boost] Query: 'Xem cac gd dang pendinh cua st...' | Doc: Tra cứu lịch sử giao | Boost: 0.50 | Matched: ['tk', 'stk']
2026-01-05 10:42:03 | DEBUG    | log:153 | [get_keyword_boost] Query: 'Xem cac gd dang pendinh cua st...' | Doc: getTransactionList | | Boost: 0.25 | Matched: ['stk']
2026-01-05 10:42:03 | DEBUG    | log:153 | [classify_query_intent] Classified: 'Xem cac gd dang pendinh cua st...' -> Tra cứu lịch sử giao dịch theo (score=2)
2026-01-05 10:42:03 | DEBUG    | log:153 | [normalize_query] 'kiem tra giao dich cho xu ly tk 5555...' -> 'Kiem tra giao dich cho xu ly tk 5555...'
2026-01-05 10:42:03 | DEBUG    | log:153 | [perform_hybrid_search] query_text: [kiem tra giao dich cho xu ly tk 5555] - formatted_query: [Kiem tra giao dich cho xu ly tk 5555] - normalized_query: [Kiem tra giao dich cho xu ly tk 5555]
2026-01-05 10:42:03 | DEBUG    | log:153 | [perform_hybrid_search] BM25 raw scores: min=0.1049, max=13.9772
2026-01-05 10:42:03 | DEBUG    | log:153 | [get_keyword_boost] Query: 'Kiem tra giao dich cho xu ly t...' | Doc: Tra cứu lịch sử giao | Boost: 0.25 | Matched: ['tk']
2026-01-05 10:42:03 | DEBUG    | log:153 | [classify_query_intent] Classified: 'Kiem tra giao dich cho xu ly t...' -> Tra cứu lịch sử giao dịch theo (score=1)
2026-01-05 10:42:03 | DEBUG    | log:153 | [normalize_query] 'liet ke cac lenh chuyen tien chua duoc d...' -> 'Liet ke cac lenh chuyen tien chua duoc d...'
2026-01-05 10:42:03 | DEBUG    | log:153 | [perform_hybrid_search] query_text: [liet ke cac lenh chuyen tien chua duoc duyet cua so 1111] - formatted_query: [Liet ke cac lenh chuyen tien chua duoc duyet cua so 1111] - normalized_query: [Liet ke cac lenh chuyen tien chua duoc duyet cua so 1111]
2026-01-05 10:42:03 | DEBUG    | log:153 | [perform_hybrid_search] BM25 raw scores: min=0.7115, max=25.0985
2026-01-05 10:42:03 | DEBUG    | log:153 | [classify_query_intent] No keyword matches found in: 'Liet ke cac lenh chuyen tien chua duoc duyet cua s'
2026-01-05 10:42:03 | DEBUG    | log:153 | [normalize_query] 'stk 2222 co giao dich nao dang bi treo k...' -> 'Stk 2222 co giao dich nao dang bi treo k...'
2026-01-05 10:42:03 | DEBUG    | log:153 | [perform_hybrid_search] query_text: [stk 2222 co giao dich nao dang bi treo khong] - formatted_query: [Stk 2222 co giao dich nao dang bi treo khong] - normalized_query: [Stk 2222 co giao dich nao dang bi treo khong]
2026-01-05 10:42:03 | DEBUG    | log:153 | [perform_hybrid_search] BM25 raw scores: min=0.3103, max=11.2286
2026-01-05 10:42:03 | DEBUG    | log:153 | [get_keyword_boost] Query: 'Stk 2222 co giao dich nao dang...' | Doc: Tra cứu lịch sử giao | Boost: 0.50 | Matched: ['tk', 'stk']
2026-01-05 10:42:03 | DEBUG    | log:153 | [get_keyword_boost] Query: 'Stk 2222 co giao dich nao dang...' | Doc: getTransactionList | | Boost: 0.25 | Matched: ['stk']
2026-01-05 10:42:03 | DEBUG    | log:153 | [classify_query_intent] Classified: 'Stk 2222 co giao dich nao dang...' -> Tra cứu lịch sử giao dịch theo (score=2)
2026-01-05 10:42:03 | DEBUG    | log:153 | [normalize_query] 'hien thi danh sach cho duyet cua tai kho...' -> 'Hien thi danh sach cho duyet cua tai kho...'
2026-01-05 10:42:03 | DEBUG    | log:153 | [perform_hybrid_search] query_text: [hien thi danh sach cho duyet cua tai khoan 3333] - formatted_query: [Hien thi danh sach cho duyet cua tai khoan 3333] - normalized_query: [Hien thi danh sach cho duyet cua tai khoan 3333]
2026-01-05 10:42:03 | DEBUG    | log:153 | [perform_hybrid_search] BM25 raw scores: min=0.2419, max=18.6964
2026-01-05 10:42:03 | DEBUG    | log:153 | [classify_query_intent] No keyword matches found in: 'Hien thi danh sach cho duyet cua tai khoan 3333'
2026-01-05 10:42:03 | DEBUG    | log:153 | [normalize_query] 'check giup gd pending tk 4444...' -> 'Check giup gd pending tk 4444...'
2026-01-05 10:42:03 | DEBUG    | log:153 | [perform_hybrid_search] query_text: [check giup gd pending tk 4444] - formatted_query: [Check giup gd pending tk 4444] - normalized_query: [Check giup gd pending tk 4444]
2026-01-05 10:42:03 | DEBUG    | log:153 | [perform_hybrid_search] BM25 raw scores: min=0.0000, max=2.5208
2026-01-05 10:42:03 | DEBUG    | log:153 | [get_keyword_boost] Query: 'Check giup gd pending tk 4444...' | Doc: Tra cứu lịch sử giao | Boost: 0.25 | Matched: ['tk']
2026-01-05 10:42:03 | DEBUG    | log:153 | [get_keyword_boost] Query: 'Check giup gd pending tk 4444...' | Doc: Tra cứu giao dịch ch | Boost: 0.25 | Matched: ['ck']
2026-01-05 10:42:03 | DEBUG    | log:153 | [get_keyword_boost] Query: 'Check giup gd pending tk 4444...' | Doc: getTransactionList | | Boost: 0.25 | Matched: ['pending']
2026-01-05 10:42:03 | DEBUG    | log:153 | [get_keyword_boost] Query: 'Check giup gd pending tk 4444...' | Doc: getTransactionList | | Boost: 0.25 | Matched: ['pending']
2026-01-05 10:42:03 | DEBUG    | log:153 | [get_keyword_boost] Query: 'Check giup gd pending tk 4444...' | Doc: getTransactionList | | Boost: 0.25 | Matched: ['pending']
2026-01-05 10:42:03 | DEBUG    | log:153 | [get_keyword_boost] Query: 'Check giup gd pending tk 4444...' | Doc: getTransactionList | | Boost: 0.25 | Matched: ['pending']
2026-01-05 10:42:03 | DEBUG    | log:153 | [get_keyword_boost] Query: 'Check giup gd pending tk 4444...' | Doc: getTransactionList | | Boost: 0.25 | Matched: ['pending']
2026-01-05 10:42:03 | DEBUG    | log:153 | [classify_query_intent] Ambiguous: 'Check giup gd pending tk 4444...' | Scores: {'Tra cứu lịch sử giao dịch theo số tài khoản': 1, 'Tra cứu giao dịch chuyển tiền': 1, 'getTransactionList | Tra cứu giao dịch đang chờ xử lý hoặc chờ duyệt': 1, 'getTransactionList | Tra cứu giao dịch chờ duyệt theo số tài khoản nguồn': 1, 'getTransactionList | Tra cứu giao dịch chờ duyệt theo khoảng thời gian': 1, 'getTransactionList | Tra cứu giao dịch chờ duyệt theo loại giao dịch': 1, 'getTransactionList | Tra cứu giao dịch chờ duyệt theo số tiền hoặc hạn mức': 1}
2026-01-05 10:42:03 | DEBUG    | log:153 | [normalize_query] 'co khoan nao tu acc 6666 chua chuyen di ...' -> 'Co khoan nao tu acc 6666 chua chuyen di ...'
2026-01-05 10:42:03 | DEBUG    | log:153 | [perform_hybrid_search] query_text: [co khoan nao tu acc 6666 chua chuyen di ko] - formatted_query: [Co khoan nao tu acc 6666 chua chuyen di ko] - normalized_query: [Co khoan nao tu acc 6666 chua chuyen di ko]
2026-01-05 10:42:03 | DEBUG    | log:153 | [perform_hybrid_search] BM25 raw scores: min=0.3036, max=10.0551
2026-01-05 10:42:03 | DEBUG    | log:153 | [classify_query_intent] No keyword matches found in: 'Co khoan nao tu acc 6666 chua chuyen di ko'
2026-01-05 10:42:03 | DEBUG    | log:153 | [normalize_query] 'xem list pending cua so tai khoan 7777...' -> 'Xem list pending cua so tai khoan 7777...'
2026-01-05 10:42:03 | DEBUG    | log:153 | [perform_hybrid_search] query_text: [xem list pending cua so tai khoan 7777] - formatted_query: [Xem list pending cua so tai khoan 7777] - normalized_query: [Xem list pending cua so tai khoan 7777]
2026-01-05 10:42:03 | DEBUG    | log:153 | [perform_hybrid_search] BM25 raw scores: min=0.2681, max=6.2746
2026-01-05 10:42:03 | DEBUG    | log:153 | [get_keyword_boost] Query: 'Xem list pending cua so tai kh...' | Doc: getTransactionList | | Boost: 0.25 | Matched: ['pending']
2026-01-05 10:42:03 | DEBUG    | log:153 | [get_keyword_boost] Query: 'Xem list pending cua so tai kh...' | Doc: getTransactionList | | Boost: 0.25 | Matched: ['pending']
2026-01-05 10:42:03 | DEBUG    | log:153 | [get_keyword_boost] Query: 'Xem list pending cua so tai kh...' | Doc: getTransactionList | | Boost: 0.25 | Matched: ['pending']
2026-01-05 10:42:03 | DEBUG    | log:153 | [get_keyword_boost] Query: 'Xem list pending cua so tai kh...' | Doc: getTransactionList | | Boost: 0.25 | Matched: ['pending']
2026-01-05 10:42:03 | DEBUG    | log:153 | [get_keyword_boost] Query: 'Xem list pending cua so tai kh...' | Doc: getTransactionList | | Boost: 0.25 | Matched: ['pending']
2026-01-05 10:42:03 | DEBUG    | log:153 | [classify_query_intent] Ambiguous: 'Xem list pending cua so tai kh...' | Scores: {'getTransactionList | Tra cứu giao dịch đang chờ xử lý hoặc chờ duyệt': 1, 'getTransactionList | Tra cứu giao dịch chờ duyệt theo số tài khoản nguồn': 1, 'getTransactionList | Tra cứu giao dịch chờ duyệt theo khoảng thời gian': 1, 'getTransactionList | Tra cứu giao dịch chờ duyệt theo loại giao dịch': 1, 'getTransactionList | Tra cứu giao dịch chờ duyệt theo số tiền hoặc hạn mức': 1}
2026-01-05 10:42:03 | DEBUG    | log:153 | [normalize_query] 'giao dich cua tk 8888 cai nao chua xong...' -> 'Giao dich cua tk 8888 cai nao chua xong...'
2026-01-05 10:42:03 | DEBUG    | log:153 | [perform_hybrid_search] query_text: [giao dich cua tk 8888 cai nao chua xong] - formatted_query: [Giao dich cua tk 8888 cai nao chua xong] - normalized_query: [Giao dich cua tk 8888 cai nao chua xong]
2026-01-05 10:42:03 | DEBUG    | log:153 | [perform_hybrid_search] BM25 raw scores: min=0.0786, max=6.9616
2026-01-05 10:42:03 | DEBUG    | log:153 | [get_keyword_boost] Query: 'Giao dich cua tk 8888 cai nao ...' | Doc: Tra cứu lịch sử giao | Boost: 0.25 | Matched: ['tk']
2026-01-05 10:42:03 | DEBUG    | log:153 | [classify_query_intent] Classified: 'Giao dich cua tk 8888 cai nao ...' -> Tra cứu lịch sử giao dịch theo (score=1)
2026-01-05 10:42:03 | DEBUG    | log:153 | [normalize_query] 'cho toi xem cac giao dich dang cho duyet...' -> 'Cho toi xem cac giao dich dang cho duyet...'
2026-01-05 10:42:03 | DEBUG    | log:153 | [perform_hybrid_search] query_text: [cho toi xem cac giao dich dang cho duyet cua tai khoan 123456789] - formatted_query: [Cho toi xem cac giao dich dang cho duyet cua tai khoan 123456789] - normalized_query: [Cho toi xem cac giao dich dang cho duyet cua tai khoan 123456789]
2026-01-05 10:42:03 | DEBUG    | log:153 | [perform_hybrid_search] BM25 raw scores: min=0.3467, max=6.4246
2026-01-05 10:42:03 | DEBUG    | log:153 | [classify_query_intent] No keyword matches found in: 'Cho toi xem cac giao dich dang cho duyet cua tai k'
2026-01-05 10:42:03 | DEBUG    | log:153 | [normalize_query] 'liet ke giao dich pending tu so tai khoa...' -> 'Liet ke giao dich pending tu so tai khoa...'
2026-01-05 10:42:03 | DEBUG    | log:153 | [perform_hybrid_search] query_text: [liet ke giao dich pending tu so tai khoan 987654321] - formatted_query: [Liet ke giao dich pending tu so tai khoan 987654321] - normalized_query: [Liet ke giao dich pending tu so tai khoan 987654321]
2026-01-05 10:42:03 | DEBUG    | log:153 | [perform_hybrid_search] BM25 raw scores: min=0.3467, max=15.9638
2026-01-05 10:42:03 | DEBUG    | log:153 | [get_keyword_boost] Query: 'Liet ke giao dich pending tu s...' | Doc: getTransactionList | | Boost: 0.25 | Matched: ['pending']
2026-01-05 10:42:03 | DEBUG    | log:153 | [get_keyword_boost] Query: 'Liet ke giao dich pending tu s...' | Doc: getTransactionList | | Boost: 0.25 | Matched: ['pending']
2026-01-05 10:42:03 | DEBUG    | log:153 | [get_keyword_boost] Query: 'Liet ke giao dich pending tu s...' | Doc: getTransactionList | | Boost: 0.25 | Matched: ['pending']
2026-01-05 10:42:03 | DEBUG    | log:153 | [get_keyword_boost] Query: 'Liet ke giao dich pending tu s...' | Doc: getTransactionList | | Boost: 0.25 | Matched: ['pending']
2026-01-05 10:42:03 | DEBUG    | log:153 | [get_keyword_boost] Query: 'Liet ke giao dich pending tu s...' | Doc: getTransactionList | | Boost: 0.25 | Matched: ['pending']
2026-01-05 10:42:03 | DEBUG    | log:153 | [classify_query_intent] Ambiguous: 'Liet ke giao dich pending tu s...' | Scores: {'getTransactionList | Tra cứu giao dịch đang chờ xử lý hoặc chờ duyệt': 1, 'getTransactionList | Tra cứu giao dịch chờ duyệt theo số tài khoản nguồn': 1, 'getTransactionList | Tra cứu giao dịch chờ duyệt theo khoảng thời gian': 1, 'getTransactionList | Tra cứu giao dịch chờ duyệt theo loại giao dịch': 1, 'getTransactionList | Tra cứu giao dịch chờ duyệt theo số tiền hoặc hạn mức': 1}
2026-01-05 10:42:03 | DEBUG    | log:153 | [normalize_query] 'tai khoan 11223344 co lenh nao chua duoc...' -> 'Tai khoan 11223344 co lenh nao chua duoc...'
2026-01-05 10:42:03 | DEBUG    | log:153 | [perform_hybrid_search] query_text: [tai khoan 11223344 co lenh nao chua duoc duyet khong] - formatted_query: [Tai khoan 11223344 co lenh nao chua duoc duyet khong] - normalized_query: [Tai khoan 11223344 co lenh nao chua duoc duyet khong]
2026-01-05 10:42:03 | DEBUG    | log:153 | [perform_hybrid_search] BM25 raw scores: min=0.1316, max=17.6043
2026-01-05 10:42:03 | DEBUG    | log:153 | [classify_query_intent] No keyword matches found in: 'Tai khoan 11223344 co lenh nao chua duoc duyet kho'
2026-01-05 10:42:03 | DEBUG    | log:153 | [normalize_query] 'hien thi danh sach giao dich cho xu ly c...' -> 'Hien thi danh sach giao dich cho xu ly c...'
2026-01-05 10:42:03 | DEBUG    | log:153 | [perform_hybrid_search] query_text: [hien thi danh sach giao dich cho xu ly cua tai khoan 55667788] - formatted_query: [Hien thi danh sach giao dich cho xu ly cua tai khoan 55667788] - normalized_query: [Hien thi danh sach giao dich cho xu ly cua tai khoan 55667788]
2026-01-05 10:42:03 | DEBUG    | log:153 | [perform_hybrid_search] BM25 raw scores: min=0.3205, max=30.5829
2026-01-05 10:42:03 | DEBUG    | log:153 | [classify_query_intent] No keyword matches found in: 'Hien thi danh sach giao dich cho xu ly cua tai kho'
2026-01-05 10:42:03 | DEBUG    | log:153 | [normalize_query] 'toi muon kiem tra cac giao dich chua hoa...' -> 'Toi muon kiem tra cac giao dich chua hoa...'
2026-01-05 10:42:03 | DEBUG    | log:153 | [perform_hybrid_search] query_text: [toi muon kiem tra cac giao dich chua hoan tat tu tai khoan 99887766] - formatted_query: [Toi muon kiem tra cac giao dich chua hoan tat tu tai khoan 99887766] - normalized_query: [Toi muon kiem tra cac giao dich chua hoan tat tu tai khoan 99887766]
2026-01-05 10:42:03 | DEBUG    | log:153 | [perform_hybrid_search] BM25 raw scores: min=0.5013, max=26.8988
2026-01-05 10:42:03 | DEBUG    | log:153 | [classify_query_intent] No keyword matches found in: 'Toi muon kiem tra cac giao dich chua hoan tat tu t'
2026-01-05 10:42:03 | DEBUG    | log:153 | [normalize_query] 'cac lenh chuyen tien tu tai khoan 001122...' -> 'Cac lenh chuyen tien tu tai khoan 001122...'
2026-01-05 10:42:03 | DEBUG    | log:153 | [perform_hybrid_search] query_text: [cac lenh chuyen tien tu tai khoan 00112233 dang o trang thai nao] - formatted_query: [Cac lenh chuyen tien tu tai khoan 00112233 dang o trang thai nao] - normalized_query: [Cac lenh chuyen tien tu tai khoan 00112233 dang o trang thai nao]
2026-01-05 10:42:03 | DEBUG    | log:153 | [perform_hybrid_search] BM25 raw scores: min=0.9533, max=16.9287
2026-01-05 10:42:03 | DEBUG    | log:153 | [classify_query_intent] No keyword matches found in: 'Cac lenh chuyen tien tu tai khoan 00112233 dang o '
2026-01-05 10:42:03 | DEBUG    | log:153 | [normalize_query] 'cho biet giao dich nao tu tai khoan 4455...' -> 'Cho biet giao dich nao tu tai khoan 4455...'
2026-01-05 10:42:03 | DEBUG    | log:153 | [perform_hybrid_search] query_text: [cho biet giao dich nao tu tai khoan 445566 chua duoc phe duyet] - formatted_query: [Cho biet giao dich nao tu tai khoan 445566 chua duoc phe duyet] - normalized_query: [Cho biet giao dich nao tu tai khoan 445566 chua duoc phe duyet]
2026-01-05 10:42:03 | DEBUG    | log:153 | [perform_hybrid_search] BM25 raw scores: min=0.3205, max=18.8921
2026-01-05 10:42:03 | DEBUG    | log:153 | [classify_query_intent] No keyword matches found in: 'Cho biet giao dich nao tu tai khoan 445566 chua du'
2026-01-05 10:42:03 | DEBUG    | log:153 | [normalize_query] 'liet ke cac giao dich bi treo cua tai kh...' -> 'Liet ke cac giao dich bi treo cua tai kh...'
2026-01-05 10:42:03 | DEBUG    | log:153 | [perform_hybrid_search] query_text: [liet ke cac giao dich bi treo cua tai khoan 778899] - formatted_query: [Liet ke cac giao dich bi treo cua tai khoan 778899] - normalized_query: [Liet ke cac giao dich bi treo cua tai khoan 778899]
2026-01-05 10:42:03 | DEBUG    | log:153 | [perform_hybrid_search] BM25 raw scores: min=0.3205, max=10.0250
2026-01-05 10:42:03 | DEBUG    | log:153 | [classify_query_intent] No keyword matches found in: 'Liet ke cac giao dich bi treo cua tai khoan 778899'
2026-01-05 10:42:03 | DEBUG    | log:153 | [normalize_query] 'xem toan bo giao dich chua duyet tu so t...' -> 'Xem toan bo giao dich chua duyet tu so t...'
2026-01-05 10:42:03 | DEBUG    | log:153 | [perform_hybrid_search] query_text: [xem toan bo giao dich chua duyet tu so tai khoan 123123123] - formatted_query: [Xem toan bo giao dich chua duyet tu so tai khoan 123123123] - normalized_query: [Xem toan bo giao dich chua duyet tu so tai khoan 123123123]
2026-01-05 10:42:03 | DEBUG    | log:153 | [perform_hybrid_search] BM25 raw scores: min=0.3545, max=25.2867
2026-01-05 10:42:03 | DEBUG    | log:153 | [classify_query_intent] No keyword matches found in: 'Xem toan bo giao dich chua duyet tu so tai khoan 1'
2026-01-05 10:42:03 | DEBUG    | log:153 | [normalize_query] 'co giao dich nao tu tai khoan 456456456 ...' -> 'Co giao dich nao tu tai khoan 456456456 ...'
2026-01-05 10:42:03 | DEBUG    | log:153 | [perform_hybrid_search] query_text: [co giao dich nao tu tai khoan 456456456 dang pending khong] - formatted_query: [Co giao dich nao tu tai khoan 456456456 dang pending khong] - normalized_query: [Co giao dich nao tu tai khoan 456456456 dang pending khong]
2026-01-05 10:42:03 | DEBUG    | log:153 | [perform_hybrid_search] BM25 raw scores: min=0.2991, max=13.3268
2026-01-05 10:42:03 | DEBUG    | log:153 | [get_keyword_boost] Query: 'Co giao dich nao tu tai khoan ...' | Doc: getTransactionList | | Boost: 0.25 | Matched: ['pending']
2026-01-05 10:42:03 | DEBUG    | log:153 | [get_keyword_boost] Query: 'Co giao dich nao tu tai khoan ...' | Doc: getTransactionList | | Boost: 0.25 | Matched: ['pending']
2026-01-05 10:42:03 | DEBUG    | log:153 | [get_keyword_boost] Query: 'Co giao dich nao tu tai khoan ...' | Doc: getTransactionList | | Boost: 0.25 | Matched: ['pending']
2026-01-05 10:42:03 | DEBUG    | log:153 | [get_keyword_boost] Query: 'Co giao dich nao tu tai khoan ...' | Doc: getTransactionList | | Boost: 0.25 | Matched: ['pending']
2026-01-05 10:42:03 | DEBUG    | log:153 | [get_keyword_boost] Query: 'Co giao dich nao tu tai khoan ...' | Doc: getTransactionList | | Boost: 0.25 | Matched: ['pending']
2026-01-05 10:42:03 | DEBUG    | log:153 | [classify_query_intent] Ambiguous: 'Co giao dich nao tu tai khoan ...' | Scores: {'getTransactionList | Tra cứu giao dịch đang chờ xử lý hoặc chờ duyệt': 1, 'getTransactionList | Tra cứu giao dịch chờ duyệt theo số tài khoản nguồn': 1, 'getTransactionList | Tra cứu giao dịch chờ duyệt theo khoảng thời gian': 1, 'getTransactionList | Tra cứu giao dịch chờ duyệt theo loại giao dịch': 1, 'getTransactionList | Tra cứu giao dịch chờ duyệt theo số tiền hoặc hạn mức': 1}
2026-01-05 10:42:03 | DEBUG    | log:153 | [normalize_query] 'hien thi cac lenh chua duoc xu ly cua ta...' -> 'Hien thi cac lenh chua duoc xu ly cua ta...'
2026-01-05 10:42:03 | DEBUG    | log:153 | [perform_hybrid_search] query_text: [hien thi cac lenh chua duoc xu ly cua tai khoan 789789789] - formatted_query: [Hien thi cac lenh chua duoc xu ly cua tai khoan 789789789] - normalized_query: [Hien thi cac lenh chua duoc xu ly cua tai khoan 789789789]
2026-01-05 10:42:03 | DEBUG    | log:153 | [perform_hybrid_search] BM25 raw scores: min=0.2419, max=14.5420
2026-01-05 10:42:03 | DEBUG    | log:153 | [classify_query_intent] No keyword matches found in: 'Hien thi cac lenh chua duoc xu ly cua tai khoan 78'
2026-01-05 10:42:03 | DEBUG    | log:153 | [normalize_query] 'toi muon tra cuu giao dich cho duyet cua...' -> 'Toi muon tra cuu giao dich cho duyet cua...'
2026-01-05 10:42:03 | DEBUG    | log:153 | [perform_hybrid_search] query_text: [toi muon tra cuu giao dich cho duyet cua stk 111222333] - formatted_query: [Toi muon tra cuu giao dich cho duyet cua stk 111222333] - normalized_query: [Toi muon tra cuu giao dich cho duyet cua stk 111222333]
2026-01-05 10:42:03 | DEBUG    | log:153 | [perform_hybrid_search] BM25 raw scores: min=0.4339, max=6.0718
2026-01-05 10:42:03 | DEBUG    | log:153 | [get_keyword_boost] Query: 'Toi muon tra cuu giao dich cho...' | Doc: Tra cứu lịch sử giao | Boost: 0.50 | Matched: ['tk', 'stk']
2026-01-05 10:42:03 | DEBUG    | log:153 | [get_keyword_boost] Query: 'Toi muon tra cuu giao dich cho...' | Doc: getTransactionList | | Boost: 0.25 | Matched: ['stk']
2026-01-05 10:42:03 | DEBUG    | log:153 | [classify_query_intent] Classified: 'Toi muon tra cuu giao dich cho...' -> Tra cứu lịch sử giao dịch theo (score=2)
2026-01-05 10:42:03 | DEBUG    | log:153 | [normalize_query] 'cho toi biet nhung giao dich nao tu tai ...' -> 'Cho toi biet nhung giao dich nao tu tai ...'
2026-01-05 10:42:03 | DEBUG    | log:153 | [perform_hybrid_search] query_text: [cho toi biet nhung giao dich nao tu tai khoan 444555666 chua hoan tat] - formatted_query: [Cho toi biet nhung giao dich nao tu tai khoan 444555666 chua hoan tat] - normalized_query: [Cho toi biet nhung giao dich nao tu tai khoan 444555666 chua hoan tat]
2026-01-05 10:42:03 | DEBUG    | log:153 | [perform_hybrid_search] BM25 raw scores: min=0.6509, max=15.8833
2026-01-05 10:42:03 | DEBUG    | log:153 | [classify_query_intent] No keyword matches found in: 'Cho toi biet nhung giao dich nao tu tai khoan 4445'
2026-01-05 10:42:03 | DEBUG    | log:153 | [normalize_query] 'liet ke cac lenh chuyen tien chua duyet ...' -> 'Liet ke cac lenh chuyen tien chua duyet ...'
2026-01-05 10:42:03 | DEBUG    | log:153 | [perform_hybrid_search] query_text: [liet ke cac lenh chuyen tien chua duyet tu tai khoan 777888999] - formatted_query: [Liet ke cac lenh chuyen tien chua duyet tu tai khoan 777888999] - normalized_query: [Liet ke cac lenh chuyen tien chua duyet tu tai khoan 777888999]
2026-01-05 10:42:03 | DEBUG    | log:153 | [perform_hybrid_search] BM25 raw scores: min=0.9271, max=30.5319
2026-01-05 10:42:03 | DEBUG    | log:153 | [classify_query_intent] No keyword matches found in: 'Liet ke cac lenh chuyen tien chua duyet tu tai kho'
2026-01-05 10:42:03 | DEBUG    | log:153 | [normalize_query] 'cac giao dich nao tu tai khoan 000111222...' -> 'Cac giao dich nao tu tai khoan 000111222...'
2026-01-05 10:42:03 | DEBUG    | log:153 | [perform_hybrid_search] query_text: [cac giao dich nao tu tai khoan 000111222 hien tai chua duoc duyet] - formatted_query: [Cac giao dich nao tu tai khoan 000111222 hien tai chua duoc duyet] - normalized_query: [Cac giao dich nao tu tai khoan 000111222 hien tai chua duoc duyet]
2026-01-05 10:42:04 | DEBUG    | log:153 | [perform_hybrid_search] BM25 raw scores: min=0.3205, max=12.5296
2026-01-05 10:42:04 | DEBUG    | log:153 | [classify_query_intent] No keyword matches found in: 'Cac giao dich nao tu tai khoan 000111222 hien tai '
2026-01-05 10:42:04 | DEBUG    | log:153 | [normalize_query] 'xem danh sach giao dich pending cua tai ...' -> 'Xem danh sach giao dich pending cua tai ...'
2026-01-05 10:42:04 | DEBUG    | log:153 | [perform_hybrid_search] query_text: [xem danh sach giao dich pending cua tai khoan 333222111] - formatted_query: [Xem danh sach giao dich pending cua tai khoan 333222111] - normalized_query: [Xem danh sach giao dich pending cua tai khoan 333222111]
2026-01-05 10:42:04 | DEBUG    | log:153 | [perform_hybrid_search] BM25 raw scores: min=0.3205, max=33.4187
2026-01-05 10:42:04 | DEBUG    | log:153 | [get_keyword_boost] Query: 'Xem danh sach giao dich pendin...' | Doc: getTransactionList | | Boost: 0.25 | Matched: ['pending']
2026-01-05 10:42:04 | DEBUG    | log:153 | [get_keyword_boost] Query: 'Xem danh sach giao dich pendin...' | Doc: getTransactionList | | Boost: 0.25 | Matched: ['pending']
2026-01-05 10:42:04 | DEBUG    | log:153 | [get_keyword_boost] Query: 'Xem danh sach giao dich pendin...' | Doc: getTransactionList | | Boost: 0.25 | Matched: ['pending']
2026-01-05 10:42:04 | DEBUG    | log:153 | [get_keyword_boost] Query: 'Xem danh sach giao dich pendin...' | Doc: getTransactionList | | Boost: 0.25 | Matched: ['pending']
2026-01-05 10:42:04 | DEBUG    | log:153 | [get_keyword_boost] Query: 'Xem danh sach giao dich pendin...' | Doc: getTransactionList | | Boost: 0.25 | Matched: ['pending']
2026-01-05 10:42:04 | DEBUG    | log:153 | [classify_query_intent] Ambiguous: 'Xem danh sach giao dich pendin...' | Scores: {'getTransactionList | Tra cứu giao dịch đang chờ xử lý hoặc chờ duyệt': 1, 'getTransactionList | Tra cứu giao dịch chờ duyệt theo số tài khoản nguồn': 1, 'getTransactionList | Tra cứu giao dịch chờ duyệt theo khoảng thời gian': 1, 'getTransactionList | Tra cứu giao dịch chờ duyệt theo loại giao dịch': 1, 'getTransactionList | Tra cứu giao dịch chờ duyệt theo số tiền hoặc hạn mức': 1}
2026-01-05 10:42:04 | DEBUG    | log:153 | [normalize_query] 'hien thi toan bo giao dich chua phe duye...' -> 'Hien thi toan bo giao dich chua phe duye...'
2026-01-05 10:42:04 | DEBUG    | log:153 | [perform_hybrid_search] query_text: [hien thi toan bo giao dich chua phe duyet tu tai khoan 654321] - formatted_query: [Hien thi toan bo giao dich chua phe duyet tu tai khoan 654321] - normalized_query: [Hien thi toan bo giao dich chua phe duyet tu tai khoan 654321]
2026-01-05 10:42:04 | DEBUG    | log:153 | [perform_hybrid_search] BM25 raw scores: min=0.3277, max=23.0208
2026-01-05 10:42:04 | DEBUG    | log:153 | [classify_query_intent] No keyword matches found in: 'Hien thi toan bo giao dich chua phe duyet tu tai k'
2026-01-05 10:42:04 | DEBUG    | log:153 | [normalize_query] 'co giao dich nao tu tai khoan 987654 dan...' -> 'Co giao dich nao tu tai khoan 987654 dan...'
2026-01-05 10:42:04 | DEBUG    | log:153 | [perform_hybrid_search] query_text: [co giao dich nao tu tai khoan 987654 dang bi treo khong] - formatted_query: [Co giao dich nao tu tai khoan 987654 dang bi treo khong] - normalized_query: [Co giao dich nao tu tai khoan 987654 dang bi treo khong]
2026-01-05 10:42:04 | DEBUG    | log:153 | [perform_hybrid_search] BM25 raw scores: min=0.2991, max=13.0877
2026-01-05 10:42:04 | DEBUG    | log:153 | [classify_query_intent] No keyword matches found in: 'Co giao dich nao tu tai khoan 987654 dang bi treo '
2026-01-05 10:42:04 | DEBUG    | log:153 | [normalize_query] 'cho toi xem cac giao dich chua xu ly cua...' -> 'Cho toi xem cac giao dich chua xu ly cua...'
2026-01-05 10:42:04 | DEBUG    | log:153 | [perform_hybrid_search] query_text: [cho toi xem cac giao dich chua xu ly cua tai khoan 12345] - formatted_query: [Cho toi xem cac giao dich chua xu ly cua tai khoan 12345] - normalized_query: [Cho toi xem cac giao dich chua xu ly cua tai khoan 12345]
2026-01-05 10:42:04 | DEBUG    | log:153 | [perform_hybrid_search] BM25 raw scores: min=0.3205, max=16.8992
2026-01-05 10:42:04 | DEBUG    | log:153 | [classify_query_intent] No keyword matches found in: 'Cho toi xem cac giao dich chua xu ly cua tai khoan'
2026-01-05 10:42:04 | DEBUG    | log:153 | [normalize_query] 'liet ke tat ca giao dich can duyet tu ta...' -> 'Liet ke tat ca giao dich can duyet tu ta...'
2026-01-05 10:42:04 | DEBUG    | log:153 | [perform_hybrid_search] query_text: [liet ke tat ca giao dich can duyet tu tai khoan 67890] - formatted_query: [Liet ke tat ca giao dich can duyet tu tai khoan 67890] - normalized_query: [Liet ke tat ca giao dich can duyet tu tai khoan 67890]
2026-01-05 10:42:04 | DEBUG    | log:153 | [perform_hybrid_search] BM25 raw scores: min=0.3205, max=17.8650
2026-01-05 10:42:04 | DEBUG    | log:153 | [classify_query_intent] No keyword matches found in: 'Liet ke tat ca giao dich can duyet tu tai khoan 67'
2026-01-05 10:42:04 | DEBUG    | log:153 | [normalize_query] 'Số tài khoản 111222, còn lệnh nào chờ du...' -> 'Số tài khoản 111222, còn lệnh nào chờ du...'
2026-01-05 10:42:04 | DEBUG    | log:153 | [perform_hybrid_search] query_text: [Số tài khoản 111222, còn lệnh nào chờ duyệt không?] - formatted_query: [Số tài khoản 111222, còn lệnh nào chờ duyệt không] - normalized_query: [Số tài khoản 111222, còn lệnh nào chờ duyệt không]
2026-01-05 10:42:04 | DEBUG    | log:153 | [perform_hybrid_search] BM25 raw scores: min=0.0893, max=28.2064
2026-01-05 10:42:04 | DEBUG    | log:153 | [get_keyword_boost] Query: 'Số tài khoản 111222, còn lệnh ...' | Doc: Tra cứu lịch sử giao | Boost: 0.25 | Matched: ['tài khoản']
2026-01-05 10:42:04 | DEBUG    | log:153 | [get_keyword_boost] Query: 'Số tài khoản 111222, còn lệnh ...' | Doc: Tra cứu giao dịch th | Boost: 0.25 | Matched: ['chờ']
2026-01-05 10:42:04 | DEBUG    | log:153 | [get_keyword_boost] Query: 'Số tài khoản 111222, còn lệnh ...' | Doc: getTransactionList | | Boost: 0.25 | Matched: ['chờ duyệt']
2026-01-05 10:42:04 | DEBUG    | log:153 | [get_keyword_boost] Query: 'Số tài khoản 111222, còn lệnh ...' | Doc: getTransactionList | | Boost: 0.75 | Matched: ['chờ duyệt', 'tài khoản', 'số tài khoản']
2026-01-05 10:42:04 | DEBUG    | log:153 | [get_keyword_boost] Query: 'Số tài khoản 111222, còn lệnh ...' | Doc: getTransactionList | | Boost: 0.25 | Matched: ['chờ duyệt']
2026-01-05 10:42:04 | DEBUG    | log:153 | [get_keyword_boost] Query: 'Số tài khoản 111222, còn lệnh ...' | Doc: getTransactionList | | Boost: 0.25 | Matched: ['chờ duyệt']
2026-01-05 10:42:04 | DEBUG    | log:153 | [get_keyword_boost] Query: 'Số tài khoản 111222, còn lệnh ...' | Doc: getTransactionList | | Boost: 0.25 | Matched: ['chờ duyệt']
2026-01-05 10:42:04 | DEBUG    | log:153 | [classify_query_intent] Classified: 'Số tài khoản 111222, còn lệnh ...' -> getTransactionList | Tra cứu g (score=3)
2026-01-05 10:42:04 | DEBUG    | log:153 | [normalize_query] 'Cái tk 333444 ấy, liệt kê mấy giao dịch ...' -> 'Cái tk 333444 ấy, liệt kê mấy giao dịch ...'
2026-01-05 10:42:04 | DEBUG    | log:153 | [perform_hybrid_search] query_text: [Cái tk 333444 ấy, liệt kê mấy giao dịch chưa đi xem nào.] - formatted_query: [Cái tk 333444 ấy, liệt kê mấy giao dịch chưa đi xem nào] - normalized_query: [Cái tk 333444 ấy, liệt kê mấy giao dịch chưa đi xem nào]
2026-01-05 10:42:04 | DEBUG    | log:153 | [perform_hybrid_search] BM25 raw scores: min=0.0804, max=36.1027
2026-01-05 10:42:04 | DEBUG    | log:153 | [get_keyword_boost] Query: 'Cái tk 333444 ấy, liệt kê mấy ...' | Doc: Tra cứu lịch sử giao | Boost: 0.25 | Matched: ['tk']
2026-01-05 10:42:04 | DEBUG    | log:153 | [classify_query_intent] Classified: 'Cái tk 333444 ấy, liệt kê mấy ...' -> Tra cứu lịch sử giao dịch theo (score=1)
2026-01-05 10:42:04 | DEBUG    | log:153 | [normalize_query] 'Của STK 555666, có giao dịch nào đang pe...' -> 'Của stk 555666, có giao dịch nào đang pe...'
2026-01-05 10:42:04 | DEBUG    | log:153 | [perform_hybrid_search] query_text: [Của STK 555666, có giao dịch nào đang pending không?] - formatted_query: [Của stk 555666, có giao dịch nào đang pending không] - normalized_query: [Của stk 555666, có giao dịch nào đang pending không]
2026-01-05 10:42:04 | DEBUG    | log:153 | [perform_hybrid_search] BM25 raw scores: min=0.2960, max=41.4742
2026-01-05 10:42:04 | DEBUG    | log:153 | [get_keyword_boost] Query: 'Của stk 555666, có giao dịch n...' | Doc: Tra cứu lịch sử giao | Boost: 0.50 | Matched: ['tk', 'stk']
2026-01-05 10:42:04 | DEBUG    | log:153 | [get_keyword_boost] Query: 'Của stk 555666, có giao dịch n...' | Doc: getTransactionList | | Boost: 0.25 | Matched: ['pending']
2026-01-05 10:42:04 | DEBUG    | log:153 | [get_keyword_boost] Query: 'Của stk 555666, có giao dịch n...' | Doc: getTransactionList | | Boost: 0.50 | Matched: ['pending', 'stk']
2026-01-05 10:42:04 | DEBUG    | log:153 | [get_keyword_boost] Query: 'Của stk 555666, có giao dịch n...' | Doc: getTransactionList | | Boost: 0.25 | Matched: ['pending']
2026-01-05 10:42:04 | DEBUG    | log:153 | [get_keyword_boost] Query: 'Của stk 555666, có giao dịch n...' | Doc: getTransactionList | | Boost: 0.25 | Matched: ['pending']
2026-01-05 10:42:04 | DEBUG    | log:153 | [get_keyword_boost] Query: 'Của stk 555666, có giao dịch n...' | Doc: getTransactionList | | Boost: 0.25 | Matched: ['pending']
2026-01-05 10:42:04 | DEBUG    | log:153 | [classify_query_intent] Ambiguous: 'Của stk 555666, có giao dịch n...' | Scores: {'Tra cứu lịch sử giao dịch theo số tài khoản': 2, 'getTransactionList | Tra cứu giao dịch đang chờ xử lý hoặc chờ duyệt': 1, 'getTransactionList | Tra cứu giao dịch chờ duyệt theo số tài khoản nguồn': 2, 'getTransactionList | Tra cứu giao dịch chờ duyệt theo khoảng thời gian': 1, 'getTransactionList | Tra cứu giao dịch chờ duyệt theo loại giao dịch': 1, 'getTransactionList | Tra cứu giao dịch chờ duyệt theo số tiền hoặc hạn mức': 1}
2026-01-05 10:42:04 | DEBUG    | log:153 | [normalize_query] 'Đối với tài khoản 777888, hiển thị danh ...' -> 'Đối với tài khoản 777888, hiển thị danh ...'
2026-01-05 10:42:04 | DEBUG    | log:153 | [perform_hybrid_search] query_text: [Đối với tài khoản 777888, hiển thị danh sách chờ xử lý.] - formatted_query: [Đối với tài khoản 777888, hiển thị danh sách chờ xử lý] - normalized_query: [Đối với tài khoản 777888, hiển thị danh sách chờ xử lý]
2026-01-05 10:42:04 | DEBUG    | log:153 | [perform_hybrid_search] BM25 raw scores: min=0.4031, max=43.0199
2026-01-05 10:42:04 | DEBUG    | log:153 | [get_keyword_boost] Query: 'Đối với tài khoản 777888, hiển...' | Doc: Tra cứu lịch sử giao | Boost: 0.25 | Matched: ['tài khoản']
2026-01-05 10:42:04 | DEBUG    | log:153 | [get_keyword_boost] Query: 'Đối với tài khoản 777888, hiển...' | Doc: Tra cứu giao dịch th | Boost: 0.50 | Matched: ['xử lý', 'chờ']
2026-01-05 10:42:04 | DEBUG    | log:153 | [get_keyword_boost] Query: 'Đối với tài khoản 777888, hiển...' | Doc: getTransactionList | | Boost: 0.25 | Matched: ['chờ xử lý']
2026-01-05 10:42:04 | DEBUG    | log:153 | [get_keyword_boost] Query: 'Đối với tài khoản 777888, hiển...' | Doc: getTransactionList | | Boost: 0.50 | Matched: ['chờ xử lý', 'tài khoản']
2026-01-05 10:42:04 | DEBUG    | log:153 | [get_keyword_boost] Query: 'Đối với tài khoản 777888, hiển...' | Doc: getTransactionList | | Boost: 0.25 | Matched: ['chờ xử lý']
2026-01-05 10:42:04 | DEBUG    | log:153 | [get_keyword_boost] Query: 'Đối với tài khoản 777888, hiển...' | Doc: getTransactionList | | Boost: 0.25 | Matched: ['chờ xử lý']
2026-01-05 10:42:04 | DEBUG    | log:153 | [get_keyword_boost] Query: 'Đối với tài khoản 777888, hiển...' | Doc: getTransactionList | | Boost: 0.25 | Matched: ['chờ xử lý']
2026-01-05 10:42:04 | DEBUG    | log:153 | [classify_query_intent] Ambiguous: 'Đối với tài khoản 777888, hiển...' | Scores: {'Tra cứu lịch sử giao dịch theo số tài khoản': 1, 'Tra cứu giao dịch theo trạng thái': 2, 'getTransactionList | Tra cứu giao dịch đang chờ xử lý hoặc chờ duyệt': 1, 'getTransactionList | Tra cứu giao dịch chờ duyệt theo số tài khoản nguồn': 2, 'getTransactionList | Tra cứu giao dịch chờ duyệt theo khoảng thời gian': 1, 'getTransactionList | Tra cứu giao dịch chờ duyệt theo loại giao dịch': 1, 'getTransactionList | Tra cứu giao dịch chờ duyệt theo số tiền hoặc hạn mức': 1}
2026-01-05 10:42:04 | DEBUG    | log:153 | [normalize_query] 'Từ tài khoản 999000, check xem có lệnh n...' -> 'Từ tài khoản 999000, check xem có lệnh n...'
2026-01-05 10:42:04 | DEBUG    | log:153 | [perform_hybrid_search] query_text: [Từ tài khoản 999000, check xem có lệnh nào sót chưa duyệt.] - formatted_query: [Từ tài khoản 999000, check xem có lệnh nào sót chưa duyệt] - normalized_query: [Từ tài khoản 999000, check xem có lệnh nào sót chưa duyệt]
2026-01-05 10:42:04 | DEBUG    | log:153 | [perform_hybrid_search] BM25 raw scores: min=0.4031, max=42.5924
2026-01-05 10:42:04 | DEBUG    | log:153 | [get_keyword_boost] Query: 'Từ tài khoản 999000, check xem...' | Doc: Tra cứu lịch sử giao | Boost: 0.25 | Matched: ['tài khoản']
2026-01-05 10:42:04 | DEBUG    | log:153 | [get_keyword_boost] Query: 'Từ tài khoản 999000, check xem...' | Doc: Tra cứu giao dịch ch | Boost: 0.25 | Matched: ['ck']
2026-01-05 10:42:04 | DEBUG    | log:153 | [get_keyword_boost] Query: 'Từ tài khoản 999000, check xem...' | Doc: getTransactionList | | Boost: 0.50 | Matched: ['tài khoản', 'từ tài khoản']
2026-01-05 10:42:04 | DEBUG    | log:153 | [get_keyword_boost] Query: 'Từ tài khoản 999000, check xem...' | Doc: getTransactionList | | Boost: 0.25 | Matched: ['từ']
2026-01-05 10:42:04 | DEBUG    | log:153 | [classify_query_intent] Classified: 'Từ tài khoản 999000, check xem...' -> getTransactionList | Tra cứu g (score=2)
2026-01-05 10:42:04 | DEBUG    | log:153 | [normalize_query] '12345678, tài khoản này còn lệnh treo kh...' -> '12345678, tài khoản này còn lệnh treo kh...'
2026-01-05 10:42:04 | DEBUG    | log:153 | [perform_hybrid_search] query_text: [12345678, tài khoản này còn lệnh treo không?] - formatted_query: [12345678, tài khoản này còn lệnh treo không] - normalized_query: [12345678, tài khoản này còn lệnh treo không]
2026-01-05 10:42:04 | DEBUG    | log:153 | [perform_hybrid_search] BM25 raw scores: min=0.0000, max=9.6223
2026-01-05 10:42:04 | DEBUG    | log:153 | [get_keyword_boost] Query: '12345678, tài khoản này còn lệ...' | Doc: Tra cứu lịch sử giao | Boost: 0.25 | Matched: ['tài khoản']
2026-01-05 10:42:04 | DEBUG    | log:153 | [get_keyword_boost] Query: '12345678, tài khoản này còn lệ...' | Doc: getTransactionList | | Boost: 0.25 | Matched: ['tài khoản']
2026-01-05 10:42:04 | DEBUG    | log:153 | [classify_query_intent] Ambiguous: '12345678, tài khoản này còn lệ...' | Scores: {'Tra cứu lịch sử giao dịch theo số tài khoản': 1, 'getTransactionList | Tra cứu giao dịch chờ duyệt theo số tài khoản nguồn': 1}
2026-01-05 10:42:04 | DEBUG    | log:153 | [normalize_query] 'Các lệnh pending, lọc theo số tài khoản ...' -> 'Các lệnh pending, lọc theo số tài khoản ...'
2026-01-05 10:42:04 | DEBUG    | log:153 | [perform_hybrid_search] query_text: [Các lệnh pending, lọc theo số tài khoản 11223344.] - formatted_query: [Các lệnh pending, lọc theo số tài khoản 11223344] - normalized_query: [Các lệnh pending, lọc theo số tài khoản 11223344]
2026-01-05 10:42:04 | DEBUG    | log:153 | [perform_hybrid_search] BM25 raw scores: min=0.1419, max=11.4698
2026-01-05 10:42:04 | DEBUG    | log:153 | [get_keyword_boost] Query: 'Các lệnh pending, lọc theo số ...' | Doc: Tra cứu lịch sử giao | Boost: 0.25 | Matched: ['tài khoản']
2026-01-05 10:42:04 | DEBUG    | log:153 | [get_keyword_boost] Query: 'Các lệnh pending, lọc theo số ...' | Doc: getTransactionList | | Boost: 0.25 | Matched: ['pending']
2026-01-05 10:42:04 | DEBUG    | log:153 | [get_keyword_boost] Query: 'Các lệnh pending, lọc theo số ...' | Doc: getTransactionList | | Boost: 0.75 | Matched: ['pending', 'tài khoản', 'số tài khoản']
2026-01-05 10:42:04 | DEBUG    | log:153 | [get_keyword_boost] Query: 'Các lệnh pending, lọc theo số ...' | Doc: getTransactionList | | Boost: 0.25 | Matched: ['pending']
2026-01-05 10:42:04 | DEBUG    | log:153 | [get_keyword_boost] Query: 'Các lệnh pending, lọc theo số ...' | Doc: getTransactionList | | Boost: 0.25 | Matched: ['pending']
2026-01-05 10:42:04 | DEBUG    | log:153 | [get_keyword_boost] Query: 'Các lệnh pending, lọc theo số ...' | Doc: getTransactionList | | Boost: 0.25 | Matched: ['pending']
2026-01-05 10:42:04 | DEBUG    | log:153 | [classify_query_intent] Classified: 'Các lệnh pending, lọc theo số ...' -> getTransactionList | Tra cứu g (score=3)
2026-01-05 10:42:04 | DEBUG    | log:153 | [normalize_query] 'Chưa được phê duyệt, tìm các giao dịch c...' -> 'Chưa được phê duyệt, tìm các giao dịch c...'
2026-01-05 10:42:04 | DEBUG    | log:153 | [perform_hybrid_search] query_text: [Chưa được phê duyệt, tìm các giao dịch của tk 556677.] - formatted_query: [Chưa được phê duyệt, tìm các giao dịch của tk 556677] - normalized_query: [Chưa được phê duyệt, tìm các giao dịch của tk 556677]
2026-01-05 10:42:04 | DEBUG    | log:153 | [perform_hybrid_search] BM25 raw scores: min=0.0786, max=21.5671
2026-01-05 10:42:04 | DEBUG    | log:153 | [get_keyword_boost] Query: 'Chưa được phê duyệt, tìm các g...' | Doc: Tra cứu lịch sử giao | Boost: 0.25 | Matched: ['tk']
2026-01-05 10:42:04 | DEBUG    | log:153 | [get_keyword_boost] Query: 'Chưa được phê duyệt, tìm các g...' | Doc: Tra cứu giao dịch th | Boost: 0.25 | Matched: ['phê duyệt']
2026-01-05 10:42:04 | DEBUG    | log:153 | [get_keyword_boost] Query: 'Chưa được phê duyệt, tìm các g...' | Doc: getTransactionList | | Boost: 0.25 | Matched: ['chưa được phê duyệt']
2026-01-05 10:42:04 | DEBUG    | log:153 | [classify_query_intent] Ambiguous: 'Chưa được phê duyệt, tìm các g...' | Scores: {'Tra cứu lịch sử giao dịch theo số tài khoản': 1, 'Tra cứu giao dịch theo trạng thái': 1, 'getTransactionList | Tra cứu giao dịch đang chờ xử lý hoặc chờ duyệt': 1}
2026-01-05 10:42:04 | DEBUG    | log:153 | [normalize_query] 'Giao dịch doanh nghiệp chờ duyệt, của ri...' -> 'Giao dịch doanh nghiệp chờ duyệt, của ri...'
2026-01-05 10:42:04 | DEBUG    | log:153 | [perform_hybrid_search] query_text: [Giao dịch doanh nghiệp chờ duyệt, của riêng tk 889900 thôi.] - formatted_query: [Giao dịch doanh nghiệp chờ duyệt, của riêng tk 889900 thôi] - normalized_query: [Giao dịch doanh nghiệp chờ duyệt, của riêng tk 889900 thôi]
2026-01-05 10:42:04 | DEBUG    | log:153 | [perform_hybrid_search] BM25 raw scores: min=0.1049, max=7.8460
2026-01-05 10:42:04 | DEBUG    | log:153 | [get_keyword_boost] Query: 'Giao dịch doanh nghiệp chờ duy...' | Doc: Tra cứu lịch sử giao | Boost: 0.25 | Matched: ['tk']
2026-01-05 10:42:04 | DEBUG    | log:153 | [get_keyword_boost] Query: 'Giao dịch doanh nghiệp chờ duy...' | Doc: Tra cứu giao dịch th | Boost: 0.25 | Matched: ['chờ']
2026-01-05 10:42:04 | DEBUG    | log:153 | [get_keyword_boost] Query: 'Giao dịch doanh nghiệp chờ duy...' | Doc: getTransactionList | | Boost: 0.25 | Matched: ['chờ duyệt']
2026-01-05 10:42:04 | DEBUG    | log:153 | [get_keyword_boost] Query: 'Giao dịch doanh nghiệp chờ duy...' | Doc: getTransactionList | | Boost: 0.25 | Matched: ['chờ duyệt']
2026-01-05 10:42:04 | DEBUG    | log:153 | [get_keyword_boost] Query: 'Giao dịch doanh nghiệp chờ duy...' | Doc: getTransactionList | | Boost: 0.25 | Matched: ['chờ duyệt']
2026-01-05 10:42:04 | DEBUG    | log:153 | [get_keyword_boost] Query: 'Giao dịch doanh nghiệp chờ duy...' | Doc: getTransactionList | | Boost: 0.25 | Matched: ['chờ duyệt']
2026-01-05 10:42:04 | DEBUG    | log:153 | [get_keyword_boost] Query: 'Giao dịch doanh nghiệp chờ duy...' | Doc: getTransactionList | | Boost: 0.25 | Matched: ['chờ duyệt']
2026-01-05 10:42:04 | DEBUG    | log:153 | [classify_query_intent] Ambiguous: 'Giao dịch doanh nghiệp chờ duy...' | Scores: {'Tra cứu lịch sử giao dịch theo số tài khoản': 1, 'Tra cứu giao dịch theo trạng thái': 1, 'getTransactionList | Tra cứu giao dịch đang chờ xử lý hoặc chờ duyệt': 1, 'getTransactionList | Tra cứu giao dịch chờ duyệt theo số tài khoản nguồn': 1, 'getTransactionList | Tra cứu giao dịch chờ duyệt theo khoảng thời gian': 1, 'getTransactionList | Tra cứu giao dịch chờ duyệt theo loại giao dịch': 1, 'getTransactionList | Tra cứu giao dịch chờ duyệt theo số tiền hoặc hạn mức': 1}
2026-01-05 10:42:04 | DEBUG    | log:153 | [normalize_query] 'Về tài khoản 12123434, cho tôi xem các k...' -> 'Về tài khoản 12123434, cho tôi xem các k...'
2026-01-05 10:42:04 | DEBUG    | log:153 | [perform_hybrid_search] query_text: [Về tài khoản 12123434, cho tôi xem các khoản chưa hoàn tất.] - formatted_query: [Về tài khoản 12123434, cho tôi xem các khoản chưa hoàn tất] - normalized_query: [Về tài khoản 12123434, cho tôi xem các khoản chưa hoàn tất]
2026-01-05 10:42:04 | DEBUG    | log:153 | [perform_hybrid_search] BM25 raw scores: min=0.7859, max=20.3647
2026-01-05 10:42:04 | DEBUG    | log:153 | [get_keyword_boost] Query: 'Về tài khoản 12123434, cho tôi...' | Doc: Tra cứu lịch sử giao | Boost: 0.25 | Matched: ['tài khoản']
2026-01-05 10:42:04 | DEBUG    | log:153 | [get_keyword_boost] Query: 'Về tài khoản 12123434, cho tôi...' | Doc: Tra cứu giao dịch th | Boost: 0.25 | Matched: ['hoàn tất']
2026-01-05 10:42:04 | DEBUG    | log:153 | [get_keyword_boost] Query: 'Về tài khoản 12123434, cho tôi...' | Doc: getTransactionList | | Boost: 0.25 | Matched: ['tài khoản']
2026-01-05 10:42:04 | DEBUG    | log:153 | [classify_query_intent] Ambiguous: 'Về tài khoản 12123434, cho tôi...' | Scores: {'Tra cứu lịch sử giao dịch theo số tài khoản': 1, 'Tra cứu giao dịch theo trạng thái': 1, 'getTransactionList | Tra cứu giao dịch chờ duyệt theo số tài khoản nguồn': 1}
2026-01-05 10:42:04 | DEBUG    | log:153 | [normalize_query] 'xem gd dang cho duyeet cua tk 123456789...' -> 'Xem gd dang cho duyeet cua tk 123456789...'
2026-01-05 10:42:04 | DEBUG    | log:153 | [perform_hybrid_search] query_text: [xem gd dang cho duyeet cua tk 123456789] - formatted_query: [Xem gd dang cho duyeet cua tk 123456789] - normalized_query: [Xem gd dang cho duyeet cua tk 123456789]
2026-01-05 10:42:04 | DEBUG    | log:153 | [perform_hybrid_search] BM25 raw scores: min=0.0262, max=6.1829
2026-01-05 10:42:04 | DEBUG    | log:153 | [get_keyword_boost] Query: 'Xem gd dang cho duyeet cua tk ...' | Doc: Tra cứu lịch sử giao | Boost: 0.25 | Matched: ['tk']
2026-01-05 10:42:04 | DEBUG    | log:153 | [classify_query_intent] Classified: 'Xem gd dang cho duyeet cua tk ...' -> Tra cứu lịch sử giao dịch theo (score=1)
2026-01-05 10:42:04 | DEBUG    | log:153 | [normalize_query] 'liệt kê giao dichj pending từ stk 987654...' -> 'Liệt kê giao dichj pending từ stk 987654...'
2026-01-05 10:42:04 | DEBUG    | log:153 | [perform_hybrid_search] query_text: [liệt kê giao dichj pending từ stk 987654321] - formatted_query: [Liệt kê giao dichj pending từ stk 987654321] - normalized_query: [Liệt kê giao dichj pending từ stk 987654321]
2026-01-05 10:42:04 | DEBUG    | log:153 | [perform_hybrid_search] BM25 raw scores: min=0.2886, max=26.0568
2026-01-05 10:42:04 | DEBUG    | log:153 | [get_keyword_boost] Query: 'Liệt kê giao dichj pending từ ...' | Doc: Tra cứu lịch sử giao | Boost: 0.50 | Matched: ['tk', 'stk']
2026-01-05 10:42:04 | DEBUG    | log:153 | [get_keyword_boost] Query: 'Liệt kê giao dichj pending từ ...' | Doc: getTransactionList | | Boost: 0.25 | Matched: ['pending']
2026-01-05 10:42:04 | DEBUG    | log:153 | [get_keyword_boost] Query: 'Liệt kê giao dichj pending từ ...' | Doc: getTransactionList | | Boost: 0.50 | Matched: ['pending', 'stk']
2026-01-05 10:42:04 | DEBUG    | log:153 | [get_keyword_boost] Query: 'Liệt kê giao dichj pending từ ...' | Doc: getTransactionList | | Boost: 0.25 | Matched: ['pending']
2026-01-05 10:42:04 | DEBUG    | log:153 | [get_keyword_boost] Query: 'Liệt kê giao dichj pending từ ...' | Doc: getTransactionList | | Boost: 0.25 | Matched: ['pending']
2026-01-05 10:42:04 | DEBUG    | log:153 | [get_keyword_boost] Query: 'Liệt kê giao dichj pending từ ...' | Doc: getTransactionList | | Boost: 0.50 | Matched: ['pending', 'từ']
2026-01-05 10:42:04 | DEBUG    | log:153 | [classify_query_intent] Ambiguous: 'Liệt kê giao dichj pending từ ...' | Scores: {'Tra cứu lịch sử giao dịch theo số tài khoản': 2, 'getTransactionList | Tra cứu giao dịch đang chờ xử lý hoặc chờ duyệt': 1, 'getTransactionList | Tra cứu giao dịch chờ duyệt theo số tài khoản nguồn': 2, 'getTransactionList | Tra cứu giao dịch chờ duyệt theo khoảng thời gian': 1, 'getTransactionList | Tra cứu giao dịch chờ duyệt theo loại giao dịch': 1, 'getTransactionList | Tra cứu giao dịch chờ duyệt theo số tiền hoặc hạn mức': 2}
2026-01-05 10:42:04 | DEBUG    | log:153 | [normalize_query] 'tk 11223344 có lệnh nào chưa dc duyêt k...' -> 'Tk 11223344 có lệnh nào chưa dc duyêt k...'
2026-01-05 10:42:04 | DEBUG    | log:153 | [perform_hybrid_search] query_text: [tk 11223344 có lệnh nào chưa dc duyêt k] - formatted_query: [Tk 11223344 có lệnh nào chưa dc duyêt k] - normalized_query: [Tk 11223344 có lệnh nào chưa dc duyêt k]
2026-01-05 10:42:04 | DEBUG    | log:153 | [perform_hybrid_search] BM25 raw scores: min=0.0000, max=24.7549
2026-01-05 10:42:04 | DEBUG    | log:153 | [get_keyword_boost] Query: 'Tk 11223344 có lệnh nào chưa d...' | Doc: Tra cứu lịch sử giao | Boost: 0.25 | Matched: ['tk']
2026-01-05 10:42:04 | DEBUG    | log:153 | [classify_query_intent] Classified: 'Tk 11223344 có lệnh nào chưa d...' -> Tra cứu lịch sử giao dịch theo (score=1)
2026-01-05 10:42:04 | DEBUG    | log:153 | [normalize_query] 'hiển thị ds giao dich cho su ly cua tk 5...' -> 'Hiển thị ds giao dich cho su ly cua tk 5...'
2026-01-05 10:42:04 | DEBUG    | log:153 | [perform_hybrid_search] query_text: [hiển thị ds giao dich cho su ly cua tk 55667788] - formatted_query: [Hiển thị ds giao dich cho su ly cua tk 55667788] - normalized_query: [Hiển thị ds giao dich cho su ly cua tk 55667788]
2026-01-05 10:42:04 | DEBUG    | log:153 | [perform_hybrid_search] BM25 raw scores: min=0.3216, max=12.4873
2026-01-05 10:42:04 | DEBUG    | log:153 | [get_keyword_boost] Query: 'Hiển thị ds giao dich cho su l...' | Doc: Tra cứu lịch sử giao | Boost: 0.25 | Matched: ['tk']
2026-01-05 10:42:04 | DEBUG    | log:153 | [classify_query_intent] Classified: 'Hiển thị ds giao dich cho su l...' -> Tra cứu lịch sử giao dịch theo (score=1)
2026-01-05 10:42:04 | DEBUG    | log:153 | [normalize_query] 'tôi muốn ktra các gd chua hoan tất từ tk...' -> 'Tôi muốn ktra các gd chua hoan tất từ tk...'
2026-01-05 10:42:04 | DEBUG    | log:153 | [perform_hybrid_search] query_text: [tôi muốn ktra các gd chua hoan tất từ tk 99887766] - formatted_query: [Tôi muốn ktra các gd chua hoan tất từ tk 99887766] - normalized_query: [Tôi muốn ktra các gd chua hoan tất từ tk 99887766]
2026-01-05 10:42:04 | DEBUG    | log:153 | [perform_hybrid_search] BM25 raw scores: min=0.1797, max=22.0920
2026-01-05 10:42:04 | DEBUG    | log:153 | [get_keyword_boost] Query: 'Tôi muốn ktra các gd chua hoan...' | Doc: Tra cứu lịch sử giao | Boost: 0.25 | Matched: ['tk']
2026-01-05 10:42:04 | DEBUG    | log:153 | [get_keyword_boost] Query: 'Tôi muốn ktra các gd chua hoan...' | Doc: getTransactionList | | Boost: 0.25 | Matched: ['từ']
2026-01-05 10:42:04 | DEBUG    | log:153 | [classify_query_intent] Ambiguous: 'Tôi muốn ktra các gd chua hoan...' | Scores: {'Tra cứu lịch sử giao dịch theo số tài khoản': 1, 'getTransactionList | Tra cứu giao dịch chờ duyệt theo số tiền hoặc hạn mức': 1}
2026-01-05 10:42:04 | DEBUG    | log:153 | [normalize_query] 'các lệnh chuyên tiên từ tk 00112233 đang...' -> 'Các lệnh chuyên tiên từ tk 00112233 đang...'
2026-01-05 10:42:04 | DEBUG    | log:153 | [perform_hybrid_search] query_text: [các lệnh chuyên tiên từ tk 00112233 đang pending ko] - formatted_query: [Các lệnh chuyên tiên từ tk 00112233 đang pending ko] - normalized_query: [Các lệnh chuyên tiên từ tk 00112233 đang pending ko]
2026-01-05 10:42:04 | DEBUG    | log:153 | [perform_hybrid_search] BM25 raw scores: min=0.3816, max=19.2046
2026-01-05 10:42:04 | DEBUG    | log:153 | [get_keyword_boost] Query: 'Các lệnh chuyên tiên từ tk 001...' | Doc: Tra cứu lịch sử giao | Boost: 0.25 | Matched: ['tk']
2026-01-05 10:42:04 | DEBUG    | log:153 | [get_keyword_boost] Query: 'Các lệnh chuyên tiên từ tk 001...' | Doc: getTransactionList | | Boost: 0.25 | Matched: ['pending']
2026-01-05 10:42:04 | DEBUG    | log:153 | [get_keyword_boost] Query: 'Các lệnh chuyên tiên từ tk 001...' | Doc: getTransactionList | | Boost: 0.25 | Matched: ['pending']
2026-01-05 10:42:04 | DEBUG    | log:153 | [get_keyword_boost] Query: 'Các lệnh chuyên tiên từ tk 001...' | Doc: getTransactionList | | Boost: 0.25 | Matched: ['pending']
2026-01-05 10:42:04 | DEBUG    | log:153 | [get_keyword_boost] Query: 'Các lệnh chuyên tiên từ tk 001...' | Doc: getTransactionList | | Boost: 0.25 | Matched: ['pending']
2026-01-05 10:42:04 | DEBUG    | log:153 | [get_keyword_boost] Query: 'Các lệnh chuyên tiên từ tk 001...' | Doc: getTransactionList | | Boost: 0.50 | Matched: ['pending', 'từ']
2026-01-05 10:42:04 | DEBUG    | log:153 | [classify_query_intent] Classified: 'Các lệnh chuyên tiên từ tk 001...' -> getTransactionList | Tra cứu g (score=2)
2026-01-05 10:42:04 | DEBUG    | log:153 | [normalize_query] 'cho biết gd nào từ acc 445566 chua dc ph...' -> 'Cho biết gd nào từ acc 445566 chua dc ph...'
2026-01-05 10:42:04 | DEBUG    | log:153 | [perform_hybrid_search] query_text: [cho biết gd nào từ acc 445566 chua dc phe duyet] - formatted_query: [Cho biết gd nào từ acc 445566 chua dc phe duyet] - normalized_query: [Cho biết gd nào từ acc 445566 chua dc phe duyet]
2026-01-05 10:42:04 | DEBUG    | log:153 | [perform_hybrid_search] BM25 raw scores: min=0.0000, max=23.4740
2026-01-05 10:42:04 | DEBUG    | log:153 | [get_keyword_boost] Query: 'Cho biết gd nào từ acc 445566 ...' | Doc: getTransactionList | | Boost: 0.25 | Matched: ['từ']
2026-01-05 10:42:04 | DEBUG    | log:153 | [classify_query_intent] Classified: 'Cho biết gd nào từ acc 445566 ...' -> getTransactionList | Tra cứu g (score=1)
2026-01-05 10:42:04 | DEBUG    | log:153 | [normalize_query] 'liệt kê các gd bị cheo của tk 778899...' -> 'Liệt kê các gd bị cheo của tk 778899...'
2026-01-05 10:42:04 | DEBUG    | log:153 | [perform_hybrid_search] query_text: [liệt kê các gd bị cheo của tk 778899] - formatted_query: [Liệt kê các gd bị cheo của tk 778899] - normalized_query: [Liệt kê các gd bị cheo của tk 778899]
2026-01-05 10:42:04 | DEBUG    | log:153 | [perform_hybrid_search] BM25 raw scores: min=0.0000, max=16.7120
2026-01-05 10:42:04 | DEBUG    | log:153 | [get_keyword_boost] Query: 'Liệt kê các gd bị cheo của tk ...' | Doc: Tra cứu lịch sử giao | Boost: 0.25 | Matched: ['tk']
2026-01-05 10:42:04 | DEBUG    | log:153 | [classify_query_intent] Classified: 'Liệt kê các gd bị cheo của tk ...' -> Tra cứu lịch sử giao dịch theo (score=1)
2026-01-05 10:42:04 | DEBUG    | log:153 | [normalize_query] 'xem toàn bộ gd chua duyet từ số tk 12312...' -> 'Xem toàn bộ gd chua duyet từ số tk 12312...'
2026-01-05 10:42:04 | DEBUG    | log:153 | [perform_hybrid_search] query_text: [xem toàn bộ gd chua duyet từ số tk 123123123] - formatted_query: [Xem toàn bộ gd chua duyet từ số tk 123123123] - normalized_query: [Xem toàn bộ gd chua duyet từ số tk 123123123]
2026-01-05 10:42:04 | DEBUG    | log:153 | [perform_hybrid_search] BM25 raw scores: min=0.0536, max=30.8489
2026-01-05 10:42:04 | DEBUG    | log:153 | [get_keyword_boost] Query: 'Xem toàn bộ gd chua duyet từ s...' | Doc: Tra cứu lịch sử giao | Boost: 0.25 | Matched: ['tk']
2026-01-05 10:42:04 | DEBUG    | log:153 | [get_keyword_boost] Query: 'Xem toàn bộ gd chua duyet từ s...' | Doc: getTransactionList | | Boost: 0.25 | Matched: ['toàn bộ']
2026-01-05 10:42:04 | DEBUG    | log:153 | [get_keyword_boost] Query: 'Xem toàn bộ gd chua duyet từ s...' | Doc: getTransactionList | | Boost: 0.25 | Matched: ['từ']
2026-01-05 10:42:04 | DEBUG    | log:153 | [classify_query_intent] Ambiguous: 'Xem toàn bộ gd chua duyet từ s...' | Scores: {'Tra cứu lịch sử giao dịch theo số tài khoản': 1, 'getTransactionList | Tra cứu giao dịch đang chờ xử lý hoặc chờ duyệt': 1, 'getTransactionList | Tra cứu giao dịch chờ duyệt theo số tiền hoặc hạn mức': 1}
2026-01-05 10:42:04 | DEBUG    | log:153 | [normalize_query] 'có gd nào từ tk 456456456 đang pendin ko...' -> 'Có gd nào từ tk 456456456 đang pendin ko...'
2026-01-05 10:42:04 | DEBUG    | log:153 | [perform_hybrid_search] query_text: [có gd nào từ tk 456456456 đang pendin ko] - formatted_query: [Có gd nào từ tk 456456456 đang pendin ko] - normalized_query: [Có gd nào từ tk 456456456 đang pendin ko]
2026-01-05 10:42:04 | DEBUG    | log:153 | [perform_hybrid_search] BM25 raw scores: min=0.0000, max=19.3213
2026-01-05 10:42:04 | DEBUG    | log:153 | [get_keyword_boost] Query: 'Có gd nào từ tk 456456456 đang...' | Doc: Tra cứu lịch sử giao | Boost: 0.25 | Matched: ['tk']
2026-01-05 10:42:04 | DEBUG    | log:153 | [get_keyword_boost] Query: 'Có gd nào từ tk 456456456 đang...' | Doc: getTransactionList | | Boost: 0.25 | Matched: ['từ']
2026-01-05 10:42:04 | DEBUG    | log:153 | [classify_query_intent] Ambiguous: 'Có gd nào từ tk 456456456 đang...' | Scores: {'Tra cứu lịch sử giao dịch theo số tài khoản': 1, 'getTransactionList | Tra cứu giao dịch chờ duyệt theo số tiền hoặc hạn mức': 1}
2026-01-05 10:42:04 | DEBUG    | log:153 | [normalize_query] 'hiển thị các lệnh chưa dc sử lý của tk 7...' -> 'Hiển thị các lệnh chưa dc sử lý của tk 7...'
2026-01-05 10:42:04 | DEBUG    | log:153 | [perform_hybrid_search] query_text: [hiển thị các lệnh chưa dc sử lý của tk 789789789] - formatted_query: [Hiển thị các lệnh chưa dc sử lý của tk 789789789] - normalized_query: [Hiển thị các lệnh chưa dc sử lý của tk 789789789]
2026-01-05 10:42:04 | DEBUG    | log:153 | [perform_hybrid_search] BM25 raw scores: min=0.3546, max=23.6232
2026-01-05 10:42:04 | DEBUG    | log:153 | [get_keyword_boost] Query: 'Hiển thị các lệnh chưa dc sử l...' | Doc: Tra cứu lịch sử giao | Boost: 0.25 | Matched: ['tk']
2026-01-05 10:42:04 | DEBUG    | log:153 | [classify_query_intent] Classified: 'Hiển thị các lệnh chưa dc sử l...' -> Tra cứu lịch sử giao dịch theo (score=1)
2026-01-05 10:42:04 | DEBUG    | log:153 | [normalize_query] 't muốn tra cứu gd cho duyet của stk 1112...' -> 'T muốn tra cứu gd cho duyet của stk 1112...'
2026-01-05 10:42:04 | DEBUG    | log:153 | [perform_hybrid_search] query_text: [t muốn tra cứu gd cho duyet của stk 111222333] - formatted_query: [T muốn tra cứu gd cho duyet của stk 111222333] - normalized_query: [T muốn tra cứu gd cho duyet của stk 111222333]
2026-01-05 10:42:04 | DEBUG    | log:153 | [perform_hybrid_search] BM25 raw scores: min=0.5296, max=8.7627
2026-01-05 10:42:04 | DEBUG    | log:153 | [get_keyword_boost] Query: 'T muốn tra cứu gd cho duyet củ...' | Doc: Tra cứu lịch sử giao | Boost: 0.50 | Matched: ['tk', 'stk']
2026-01-05 10:42:04 | DEBUG    | log:153 | [get_keyword_boost] Query: 'T muốn tra cứu gd cho duyet củ...' | Doc: getTransactionList | | Boost: 0.25 | Matched: ['stk']
2026-01-05 10:42:04 | DEBUG    | log:153 | [classify_query_intent] Classified: 'T muốn tra cứu gd cho duyet củ...' -> Tra cứu lịch sử giao dịch theo (score=2)
2026-01-05 10:42:04 | DEBUG    | log:153 | [normalize_query] 'cho t biết những gd nào từ tk 444555666 ...' -> 'Cho t biết những gd nào từ tk 444555666 ...'
2026-01-05 10:42:04 | DEBUG    | log:153 | [perform_hybrid_search] query_text: [cho t biết những gd nào từ tk 444555666 chưa hoàn tât] - formatted_query: [Cho t biết những gd nào từ tk 444555666 chưa hoàn tât] - normalized_query: [Cho t biết những gd nào từ tk 444555666 chưa hoàn tât]
2026-01-05 10:42:04 | DEBUG    | log:153 | [perform_hybrid_search] BM25 raw scores: min=0.3304, max=24.8463
2026-01-05 10:42:04 | DEBUG    | log:153 | [get_keyword_boost] Query: 'Cho t biết những gd nào từ tk ...' | Doc: Tra cứu lịch sử giao | Boost: 0.25 | Matched: ['tk']
2026-01-05 10:42:04 | DEBUG    | log:153 | [get_keyword_boost] Query: 'Cho t biết những gd nào từ tk ...' | Doc: getTransactionList | | Boost: 0.25 | Matched: ['từ']
2026-01-05 10:42:04 | DEBUG    | log:153 | [classify_query_intent] Ambiguous: 'Cho t biết những gd nào từ tk ...' | Scores: {'Tra cứu lịch sử giao dịch theo số tài khoản': 1, 'getTransactionList | Tra cứu giao dịch chờ duyệt theo số tiền hoặc hạn mức': 1}
2026-01-05 10:42:04 | DEBUG    | log:153 | [normalize_query] 'liet ke cac lenh chuyen tien chua duyet ...' -> 'Liet ke cac lenh chuyen tien chua duyet ...'
2026-01-05 10:42:04 | DEBUG    | log:153 | [perform_hybrid_search] query_text: [liet ke cac lenh chuyen tien chua duyet tu tk 777888999] - formatted_query: [Liet ke cac lenh chuyen tien chua duyet tu tk 777888999] - normalized_query: [Liet ke cac lenh chuyen tien chua duyet tu tk 777888999]
2026-01-05 10:42:04 | DEBUG    | log:153 | [perform_hybrid_search] BM25 raw scores: min=0.6853, max=30.3038
2026-01-05 10:42:04 | DEBUG    | log:153 | [get_keyword_boost] Query: 'Liet ke cac lenh chuyen tien c...' | Doc: Tra cứu lịch sử giao | Boost: 0.25 | Matched: ['tk']
2026-01-05 10:42:04 | DEBUG    | log:153 | [classify_query_intent] Classified: 'Liet ke cac lenh chuyen tien c...' -> Tra cứu lịch sử giao dịch theo (score=1)
2026-01-05 10:42:04 | DEBUG    | log:153 | [normalize_query] 'các gd nào từ tk 000111222 hiện tại chua...' -> 'Các gd nào từ tk 000111222 hiện tại chua...'
2026-01-05 10:42:04 | DEBUG    | log:153 | [perform_hybrid_search] query_text: [các gd nào từ tk 000111222 hiện tại chua dc duyet] - formatted_query: [Các gd nào từ tk 000111222 hiện tại chua dc duyet] - normalized_query: [Các gd nào từ tk 000111222 hiện tại chua dc duyet]
2026-01-05 10:42:04 | DEBUG    | log:153 | [perform_hybrid_search] BM25 raw scores: min=0.0000, max=22.8060
2026-01-05 10:42:04 | DEBUG    | log:153 | [get_keyword_boost] Query: 'Các gd nào từ tk 000111222 hiệ...' | Doc: Tra cứu lịch sử giao | Boost: 0.25 | Matched: ['tk']
2026-01-05 10:42:04 | DEBUG    | log:153 | [get_keyword_boost] Query: 'Các gd nào từ tk 000111222 hiệ...' | Doc: getTransactionList | | Boost: 0.25 | Matched: ['từ']
2026-01-05 10:42:04 | DEBUG    | log:153 | [classify_query_intent] Ambiguous: 'Các gd nào từ tk 000111222 hiệ...' | Scores: {'Tra cứu lịch sử giao dịch theo số tài khoản': 1, 'getTransactionList | Tra cứu giao dịch chờ duyệt theo số tiền hoặc hạn mức': 1}
2026-01-05 10:42:04 | DEBUG    | log:153 | [normalize_query] 'xem ds gd pendaing của tk 333222111...' -> 'Xem ds gd pendaing của tk 333222111...'
2026-01-05 10:42:04 | DEBUG    | log:153 | [perform_hybrid_search] query_text: [xem ds gd pendaing của tk 333222111] - formatted_query: [Xem ds gd pendaing của tk 333222111] - normalized_query: [Xem ds gd pendaing của tk 333222111]
2026-01-05 10:42:04 | DEBUG    | log:153 | [perform_hybrid_search] BM25 raw scores: min=0.0000, max=6.1687
2026-01-05 10:42:04 | DEBUG    | log:153 | [get_keyword_boost] Query: 'Xem ds gd pendaing của tk 3332...' | Doc: Tra cứu lịch sử giao | Boost: 0.25 | Matched: ['tk']
2026-01-05 10:42:04 | DEBUG    | log:153 | [classify_query_intent] Classified: 'Xem ds gd pendaing của tk 3332...' -> Tra cứu lịch sử giao dịch theo (score=1)
2026-01-05 10:42:04 | DEBUG    | log:153 | [normalize_query] 'hiển thị toàn bô gd chưa phê duyệt từ tk...' -> 'Hiển thị toàn bô gd chưa phê duyệt từ tk...'
2026-01-05 10:42:04 | DEBUG    | log:153 | [perform_hybrid_search] query_text: [hiển thị toàn bô gd chưa phê duyệt từ tk 654321] - formatted_query: [Hiển thị toàn bô gd chưa phê duyệt từ tk 654321] - normalized_query: [Hiển thị toàn bô gd chưa phê duyệt từ tk 654321]
2026-01-05 10:42:04 | DEBUG    | log:153 | [perform_hybrid_search] BM25 raw scores: min=0.0000, max=35.6141
2026-01-05 10:42:04 | DEBUG    | log:153 | [get_keyword_boost] Query: 'Hiển thị toàn bô gd chưa phê d...' | Doc: Tra cứu lịch sử giao | Boost: 0.25 | Matched: ['tk']
2026-01-05 10:42:04 | DEBUG    | log:153 | [get_keyword_boost] Query: 'Hiển thị toàn bô gd chưa phê d...' | Doc: Tra cứu giao dịch th | Boost: 0.25 | Matched: ['phê duyệt']
2026-01-05 10:42:04 | DEBUG    | log:153 | [get_keyword_boost] Query: 'Hiển thị toàn bô gd chưa phê d...' | Doc: getTransactionList | | Boost: 0.25 | Matched: ['từ']
2026-01-05 10:42:04 | DEBUG    | log:153 | [classify_query_intent] Ambiguous: 'Hiển thị toàn bô gd chưa phê d...' | Scores: {'Tra cứu lịch sử giao dịch theo số tài khoản': 1, 'Tra cứu giao dịch theo trạng thái': 1, 'getTransactionList | Tra cứu giao dịch chờ duyệt theo số tiền hoặc hạn mức': 1}
2026-01-05 10:42:04 | DEBUG    | log:153 | [normalize_query] 'có gd nào từ tk 987654 đang bị treooo ko...' -> 'Có gd nào từ tk 987654 đang bị treooo ko...'
2026-01-05 10:42:04 | DEBUG    | log:153 | [perform_hybrid_search] query_text: [có gd nào từ tk 987654 đang bị treooo ko] - formatted_query: [Có gd nào từ tk 987654 đang bị treooo ko] - normalized_query: [Có gd nào từ tk 987654 đang bị treooo ko]
2026-01-05 10:42:04 | DEBUG    | log:153 | [perform_hybrid_search] BM25 raw scores: min=0.0000, max=19.3213
2026-01-05 10:42:04 | DEBUG    | log:153 | [get_keyword_boost] Query: 'Có gd nào từ tk 987654 đang bị...' | Doc: Tra cứu lịch sử giao | Boost: 0.25 | Matched: ['tk']
2026-01-05 10:42:04 | DEBUG    | log:153 | [get_keyword_boost] Query: 'Có gd nào từ tk 987654 đang bị...' | Doc: getTransactionList | | Boost: 0.25 | Matched: ['từ']
2026-01-05 10:42:04 | DEBUG    | log:153 | [classify_query_intent] Ambiguous: 'Có gd nào từ tk 987654 đang bị...' | Scores: {'Tra cứu lịch sử giao dịch theo số tài khoản': 1, 'getTransactionList | Tra cứu giao dịch chờ duyệt theo số tiền hoặc hạn mức': 1}
2026-01-05 10:42:04 | DEBUG    | log:153 | [normalize_query] 'cho t xem các gd chưa sử lý của tk 12345...' -> 'Cho t xem các gd chưa sử lý của tk 12345...'
2026-01-05 10:42:04 | DEBUG    | log:153 | [perform_hybrid_search] query_text: [cho t xem các gd chưa sử lý của tk 12345] - formatted_query: [Cho t xem các gd chưa sử lý của tk 12345] - normalized_query: [Cho t xem các gd chưa sử lý của tk 12345]
2026-01-05 10:42:04 | DEBUG    | log:153 | [perform_hybrid_search] BM25 raw scores: min=0.6607, max=9.3072
2026-01-05 10:42:04 | DEBUG    | log:153 | [get_keyword_boost] Query: 'Cho t xem các gd chưa sử lý củ...' | Doc: Tra cứu lịch sử giao | Boost: 0.25 | Matched: ['tk']
2026-01-05 10:42:04 | DEBUG    | log:153 | [classify_query_intent] Classified: 'Cho t xem các gd chưa sử lý củ...' -> Tra cứu lịch sử giao dịch theo (score=1)
2026-01-05 10:42:04 | DEBUG    | log:153 | [normalize_query] 'liệt kê tất cả gd cân duyet từ tk 67890...' -> 'Liệt kê tất cả gd cân duyet từ tk 67890...'
2026-01-05 10:42:04 | DEBUG    | log:153 | [perform_hybrid_search] query_text: [liệt kê tất cả gd cân duyet từ tk 67890] - formatted_query: [Liệt kê tất cả gd cân duyet từ tk 67890] - normalized_query: [Liệt kê tất cả gd cân duyet từ tk 67890]
2026-01-05 10:42:04 | DEBUG    | log:153 | [perform_hybrid_search] BM25 raw scores: min=0.0000, max=39.6286
2026-01-05 10:42:04 | DEBUG    | log:153 | [get_keyword_boost] Query: 'Liệt kê tất cả gd cân duyet từ...' | Doc: Tra cứu lịch sử giao | Boost: 0.25 | Matched: ['tk']
2026-01-05 10:42:04 | DEBUG    | log:153 | [get_keyword_boost] Query: 'Liệt kê tất cả gd cân duyet từ...' | Doc: getTransactionList | | Boost: 0.25 | Matched: ['tất cả']
2026-01-05 10:42:04 | DEBUG    | log:153 | [get_keyword_boost] Query: 'Liệt kê tất cả gd cân duyet từ...' | Doc: getTransactionList | | Boost: 0.25 | Matched: ['từ']
2026-01-05 10:42:04 | DEBUG    | log:153 | [classify_query_intent] Ambiguous: 'Liệt kê tất cả gd cân duyet từ...' | Scores: {'Tra cứu lịch sử giao dịch theo số tài khoản': 1, 'getTransactionList | Tra cứu giao dịch đang chờ xử lý hoặc chờ duyệt': 1, 'getTransactionList | Tra cứu giao dịch chờ duyệt theo số tiền hoặc hạn mức': 1}
2026-01-05 10:42:05 | DEBUG    | log:153 | [normalize_query] 'Cho tôi xem các giao dịch đang chờ duyệt...' -> 'Cho tôi xem các giao dịch đang chờ duyệt...'
2026-01-05 10:42:05 | DEBUG    | log:153 | [perform_hybrid_search] query_text: [Cho tôi xem các giao dịch đang chờ duyệt trong tuần này.] - formatted_query: [Cho tôi xem các giao dịch đang chờ duyệt trong tuần này] - normalized_query: [Cho tôi xem các giao dịch đang chờ duyệt trong tuần này]
2026-01-05 10:42:05 | DEBUG    | log:153 | [perform_hybrid_search] BM25 raw scores: min=0.0786, max=28.4049
2026-01-05 10:42:05 | DEBUG    | log:153 | [get_keyword_boost] Query: 'Cho tôi xem các giao dịch đang...' | Doc: Tra cứu giao dịch th | Boost: 0.25 | Matched: ['chờ']
2026-01-05 10:42:05 | DEBUG    | log:153 | [get_keyword_boost] Query: 'Cho tôi xem các giao dịch đang...' | Doc: getTransactionList | | Boost: 0.50 | Matched: ['chờ duyệt', 'đang chờ']
2026-01-05 10:42:05 | DEBUG    | log:153 | [get_keyword_boost] Query: 'Cho tôi xem các giao dịch đang...' | Doc: getTransactionList | | Boost: 0.25 | Matched: ['chờ duyệt']
2026-01-05 10:42:05 | DEBUG    | log:153 | [get_keyword_boost] Query: 'Cho tôi xem các giao dịch đang...' | Doc: getTransactionList | | Boost: 0.75 | Matched: ['chờ duyệt', 'tuần', 'trong']
2026-01-05 10:42:05 | DEBUG    | log:153 | [get_keyword_boost] Query: 'Cho tôi xem các giao dịch đang...' | Doc: getTransactionList | | Boost: 0.25 | Matched: ['chờ duyệt']
2026-01-05 10:42:05 | DEBUG    | log:153 | [get_keyword_boost] Query: 'Cho tôi xem các giao dịch đang...' | Doc: getTransactionList | | Boost: 0.25 | Matched: ['chờ duyệt']
2026-01-05 10:42:05 | DEBUG    | log:153 | [classify_query_intent] Classified: 'Cho tôi xem các giao dịch đang...' -> getTransactionList | Tra cứu g (score=3)
2026-01-05 10:42:05 | DEBUG    | log:153 | [normalize_query] 'Liệt kê các giao dịch pending từ ngày 01...' -> 'Liệt kê các giao dịch pending từ ngày 01...'
2026-01-05 10:42:05 | DEBUG    | log:153 | [perform_hybrid_search] query_text: [Liệt kê các giao dịch pending từ ngày 01/12 đến 07/12.] - formatted_query: [Liệt kê các giao dịch pending từ ngày 01/12 đến 07/12] - normalized_query: [Liệt kê các giao dịch pending từ ngày 01/12 đến 07/12]
2026-01-05 10:42:05 | DEBUG    | log:153 | [perform_hybrid_search] BM25 raw scores: min=0.0786, max=57.7434
2026-01-05 10:42:05 | DEBUG    | log:153 | [get_keyword_boost] Query: 'Liệt kê các giao dịch pending ...' | Doc: Tra cứu lịch sử giao | Boost: 0.25 | Matched: ['ngày']
2026-01-05 10:42:05 | DEBUG    | log:153 | [get_keyword_boost] Query: 'Liệt kê các giao dịch pending ...' | Doc: getTransactionList | | Boost: 0.25 | Matched: ['pending']
2026-01-05 10:42:05 | DEBUG    | log:153 | [get_keyword_boost] Query: 'Liệt kê các giao dịch pending ...' | Doc: getTransactionList | | Boost: 0.25 | Matched: ['pending']
2026-01-05 10:42:05 | DEBUG    | log:153 | [get_keyword_boost] Query: 'Liệt kê các giao dịch pending ...' | Doc: getTransactionList | | Boost: 0.75 | Matched: ['pending', 'ngày', 'từ ngày']
2026-01-05 10:42:05 | DEBUG    | log:153 | [get_keyword_boost] Query: 'Liệt kê các giao dịch pending ...' | Doc: getTransactionList | | Boost: 0.25 | Matched: ['pending']
2026-01-05 10:42:05 | DEBUG    | log:153 | [get_keyword_boost] Query: 'Liệt kê các giao dịch pending ...' | Doc: getTransactionList | | Boost: 0.50 | Matched: ['pending', 'từ']
2026-01-05 10:42:05 | DEBUG    | log:153 | [classify_query_intent] Classified: 'Liệt kê các giao dịch pending ...' -> getTransactionList | Tra cứu g (score=3)
2026-01-05 10:42:05 | DEBUG    | log:153 | [normalize_query] 'Có giao dịch nào đang chờ xử lý trong th...' -> 'Có giao dịch nào đang chờ xử lý trong th...'
2026-01-05 10:42:05 | DEBUG    | log:153 | [perform_hybrid_search] query_text: [Có giao dịch nào đang chờ xử lý trong tháng 11 không?] - formatted_query: [Có giao dịch nào đang chờ xử lý trong tháng 11 không] - normalized_query: [Có giao dịch nào đang chờ xử lý trong tháng 11 không]
2026-01-05 10:42:05 | DEBUG    | log:153 | [perform_hybrid_search] BM25 raw scores: min=0.0786, max=63.5707
2026-01-05 10:42:05 | DEBUG    | log:153 | [get_keyword_boost] Query: 'Có giao dịch nào đang chờ xử l...' | Doc: Tra cứu lịch sử giao | Boost: 0.25 | Matched: ['tháng']
2026-01-05 10:42:05 | DEBUG    | log:153 | [get_keyword_boost] Query: 'Có giao dịch nào đang chờ xử l...' | Doc: Tra cứu giao dịch th | Boost: 0.50 | Matched: ['xử lý', 'chờ']
2026-01-05 10:42:05 | DEBUG    | log:153 | [get_keyword_boost] Query: 'Có giao dịch nào đang chờ xử l...' | Doc: getTransactionList | | Boost: 0.50 | Matched: ['chờ xử lý', 'đang chờ']
2026-01-05 10:42:05 | DEBUG    | log:153 | [get_keyword_boost] Query: 'Có giao dịch nào đang chờ xử l...' | Doc: getTransactionList | | Boost: 0.25 | Matched: ['chờ xử lý']
2026-01-05 10:42:05 | DEBUG    | log:153 | [get_keyword_boost] Query: 'Có giao dịch nào đang chờ xử l...' | Doc: getTransactionList | | Boost: 0.75 | Matched: ['chờ xử lý', 'tháng', 'trong']
2026-01-05 10:42:05 | DEBUG    | log:153 | [get_keyword_boost] Query: 'Có giao dịch nào đang chờ xử l...' | Doc: getTransactionList | | Boost: 0.25 | Matched: ['chờ xử lý']
2026-01-05 10:42:05 | DEBUG    | log:153 | [get_keyword_boost] Query: 'Có giao dịch nào đang chờ xử l...' | Doc: getTransactionList | | Boost: 0.25 | Matched: ['chờ xử lý']
2026-01-05 10:42:05 | DEBUG    | log:153 | [classify_query_intent] Classified: 'Có giao dịch nào đang chờ xử l...' -> getTransactionList | Tra cứu g (score=3)
2026-01-05 10:42:05 | DEBUG    | log:153 | [normalize_query] 'Hiển thị danh sách các giao dịch chưa đư...' -> 'Hiển thị danh sách các giao dịch chưa đư...'
2026-01-05 10:42:05 | DEBUG    | log:153 | [perform_hybrid_search] query_text: [Hiển thị danh sách các giao dịch chưa được phê duyệt hôm qua.] - formatted_query: [Hiển thị danh sách các giao dịch chưa được phê duyệt hôm qua] - normalized_query: [Hiển thị danh sách các giao dịch chưa được phê duyệt hôm qua]
2026-01-05 10:42:05 | DEBUG    | log:153 | [perform_hybrid_search] BM25 raw scores: min=0.0786, max=64.7329
2026-01-05 10:42:05 | DEBUG    | log:153 | [get_keyword_boost] Query: 'Hiển thị danh sách các giao dị...' | Doc: Tra cứu lịch sử giao | Boost: 0.25 | Matched: ['hôm qua']
2026-01-05 10:42:05 | DEBUG    | log:153 | [get_keyword_boost] Query: 'Hiển thị danh sách các giao dị...' | Doc: Tra cứu giao dịch th | Boost: 0.25 | Matched: ['phê duyệt']
2026-01-05 10:42:05 | DEBUG    | log:153 | [get_keyword_boost] Query: 'Hiển thị danh sách các giao dị...' | Doc: getTransactionList | | Boost: 0.25 | Matched: ['chưa được phê duyệt']
2026-01-05 10:42:05 | DEBUG    | log:153 | [get_keyword_boost] Query: 'Hiển thị danh sách các giao dị...' | Doc: getTransactionList | | Boost: 0.25 | Matched: ['hôm qua']
2026-01-05 10:42:05 | DEBUG    | log:153 | [classify_query_intent] Ambiguous: 'Hiển thị danh sách các giao dị...' | Scores: {'Tra cứu lịch sử giao dịch theo khoảng thời gian': 1, 'Tra cứu giao dịch theo trạng thái': 1, 'getTransactionList | Tra cứu giao dịch đang chờ xử lý hoặc chờ duyệt': 1, 'getTransactionList | Tra cứu giao dịch chờ duyệt theo khoảng thời gian': 1}
2026-01-05 10:42:05 | DEBUG    | log:153 | [normalize_query] 'Tôi muốn xem tất cả giao dịch pending ph...' -> 'Tôi muốn xem tất cả giao dịch pending ph...'
2026-01-05 10:42:05 | DEBUG    | log:153 | [perform_hybrid_search] query_text: [Tôi muốn xem tất cả giao dịch pending phát sinh trong tháng này.] - formatted_query: [Tôi muốn xem tất cả giao dịch pending phát sinh trong tháng này] - normalized_query: [Tôi muốn xem tất cả giao dịch pending phát sinh trong tháng này]
2026-01-05 10:42:05 | DEBUG    | log:153 | [perform_hybrid_search] BM25 raw scores: min=0.0786, max=41.9691
2026-01-05 10:42:05 | DEBUG    | log:153 | [get_keyword_boost] Query: 'Tôi muốn xem tất cả giao dịch ...' | Doc: Tra cứu lịch sử giao | Boost: 0.25 | Matched: ['tháng']
2026-01-05 10:42:05 | DEBUG    | log:153 | [get_keyword_boost] Query: 'Tôi muốn xem tất cả giao dịch ...' | Doc: getTransactionList | | Boost: 0.50 | Matched: ['pending', 'tất cả']
2026-01-05 10:42:05 | DEBUG    | log:153 | [get_keyword_boost] Query: 'Tôi muốn xem tất cả giao dịch ...' | Doc: getTransactionList | | Boost: 0.25 | Matched: ['pending']
2026-01-05 10:42:05 | DEBUG    | log:153 | [get_keyword_boost] Query: 'Tôi muốn xem tất cả giao dịch ...' | Doc: getTransactionList | | Boost: 0.75 | Matched: ['pending', 'tháng', 'trong']
2026-01-05 10:42:05 | DEBUG    | log:153 | [get_keyword_boost] Query: 'Tôi muốn xem tất cả giao dịch ...' | Doc: getTransactionList | | Boost: 0.25 | Matched: ['pending']
2026-01-05 10:42:05 | DEBUG    | log:153 | [get_keyword_boost] Query: 'Tôi muốn xem tất cả giao dịch ...' | Doc: getTransactionList | | Boost: 0.25 | Matched: ['pending']
2026-01-05 10:42:05 | DEBUG    | log:153 | [classify_query_intent] Classified: 'Tôi muốn xem tất cả giao dịch ...' -> getTransactionList | Tra cứu g (score=3)
2026-01-05 10:42:05 | DEBUG    | log:153 | [normalize_query] 'Các lệnh chuyển tiền nào chưa được duyệt...' -> 'Các lệnh chuyển tiền nào chưa được duyệt...'
2026-01-05 10:42:05 | DEBUG    | log:153 | [perform_hybrid_search] query_text: [Các lệnh chuyển tiền nào chưa được duyệt trong tuần vừa qua?] - formatted_query: [Các lệnh chuyển tiền nào chưa được duyệt trong tuần vừa qua] - normalized_query: [Các lệnh chuyển tiền nào chưa được duyệt trong tuần vừa qua]
2026-01-05 10:42:05 | DEBUG    | log:153 | [perform_hybrid_search] BM25 raw scores: min=0.3896, max=47.4547
2026-01-05 10:42:05 | DEBUG    | log:153 | [get_keyword_boost] Query: 'Các lệnh chuyển tiền nào chưa ...' | Doc: Tra cứu giao dịch th | Boost: 0.25 | Matched: ['chuyển tiền']
2026-01-05 10:42:05 | DEBUG    | log:153 | [get_keyword_boost] Query: 'Các lệnh chuyển tiền nào chưa ...' | Doc: Tra cứu giao dịch ch | Boost: 0.25 | Matched: ['chuyển tiền']
2026-01-05 10:42:05 | DEBUG    | log:153 | [get_keyword_boost] Query: 'Các lệnh chuyển tiền nào chưa ...' | Doc: getTransactionList | | Boost: 0.25 | Matched: ['chưa được duyệt']
2026-01-05 10:42:05 | DEBUG    | log:153 | [get_keyword_boost] Query: 'Các lệnh chuyển tiền nào chưa ...' | Doc: getTransactionList | | Boost: 0.50 | Matched: ['tuần', 'trong']
2026-01-05 10:42:05 | DEBUG    | log:153 | [get_keyword_boost] Query: 'Các lệnh chuyển tiền nào chưa ...' | Doc: getTransactionList | | Boost: 0.25 | Matched: ['chuyển tiền']
2026-01-05 10:42:05 | DEBUG    | log:153 | [classify_query_intent] Classified: 'Các lệnh chuyển tiền nào chưa ...' -> getTransactionList | Tra cứu g (score=2)
2026-01-05 10:42:05 | DEBUG    | log:153 | [normalize_query] 'Cho biết những giao dịch nào chưa được p...' -> 'Cho biết những giao dịch nào chưa được p...'
2026-01-05 10:42:05 | DEBUG    | log:153 | [perform_hybrid_search] query_text: [Cho biết những giao dịch nào chưa được phê duyệt trong ngày hôm nay.] - formatted_query: [Cho biết những giao dịch nào chưa được phê duyệt trong ngày hôm nay] - normalized_query: [Cho biết những giao dịch nào chưa được phê duyệt trong ngày hôm nay]
2026-01-05 10:42:05 | DEBUG    | log:153 | [perform_hybrid_search] BM25 raw scores: min=0.0786, max=63.2141
2026-01-05 10:42:05 | DEBUG    | log:153 | [get_keyword_boost] Query: 'Cho biết những giao dịch nào c...' | Doc: Tra cứu lịch sử giao | Boost: 0.50 | Matched: ['ngày', 'nay']
2026-01-05 10:42:05 | DEBUG    | log:153 | [get_keyword_boost] Query: 'Cho biết những giao dịch nào c...' | Doc: Tra cứu giao dịch th | Boost: 0.25 | Matched: ['phê duyệt']
2026-01-05 10:42:05 | DEBUG    | log:153 | [get_keyword_boost] Query: 'Cho biết những giao dịch nào c...' | Doc: getTransactionList | | Boost: 0.25 | Matched: ['chưa được phê duyệt']
2026-01-05 10:42:05 | DEBUG    | log:153 | [get_keyword_boost] Query: 'Cho biết những giao dịch nào c...' | Doc: getTransactionList | | Boost: 0.75 | Matched: ['ngày', 'hôm nay', 'trong']
2026-01-05 10:42:05 | DEBUG    | log:153 | [classify_query_intent] Classified: 'Cho biết những giao dịch nào c...' -> getTransactionList | Tra cứu g (score=3)
2026-01-05 10:42:05 | DEBUG    | log:153 | [normalize_query] 'Liệt kê các giao dịch bị treo trong khoả...' -> 'Liệt kê các giao dịch bị treo trong khoả...'
2026-01-05 10:42:05 | DEBUG    | log:153 | [perform_hybrid_search] query_text: [Liệt kê các giao dịch bị treo trong khoảng thời gian từ 01/10 đến 15/10.] - formatted_query: [Liệt kê các giao dịch bị treo trong khoảng thời gian từ 01/10 đến 15/10] - normalized_query: [Liệt kê các giao dịch bị treo trong khoảng thời gian từ 01/10 đến 15/10]
2026-01-05 10:42:05 | DEBUG    | log:153 | [perform_hybrid_search] BM25 raw scores: min=0.1573, max=53.4748
2026-01-05 10:42:05 | DEBUG    | log:153 | [get_keyword_boost] Query: 'Liệt kê các giao dịch bị treo ...' | Doc: getTransactionList | | Boost: 0.75 | Matched: ['thời gian', 'trong', 'khoảng thời gian']
2026-01-05 10:42:05 | DEBUG    | log:153 | [get_keyword_boost] Query: 'Liệt kê các giao dịch bị treo ...' | Doc: getTransactionList | | Boost: 0.25 | Matched: ['từ']
2026-01-05 10:42:05 | DEBUG    | log:153 | [classify_query_intent] Classified: 'Liệt kê các giao dịch bị treo ...' -> getTransactionList | Tra cứu g (score=3)
2026-01-05 10:42:05 | DEBUG    | log:153 | [normalize_query] 'Xem toàn bộ các giao dịch chưa hoàn tất ...' -> 'Xem toàn bộ các giao dịch chưa hoàn tất ...'
2026-01-05 10:42:05 | DEBUG    | log:153 | [perform_hybrid_search] query_text: [Xem toàn bộ các giao dịch chưa hoàn tất trong tháng 9.] - formatted_query: [Xem toàn bộ các giao dịch chưa hoàn tất trong tháng 9] - normalized_query: [Xem toàn bộ các giao dịch chưa hoàn tất trong tháng 9]
2026-01-05 10:42:05 | DEBUG    | log:153 | [perform_hybrid_search] BM25 raw scores: min=0.4182, max=52.6710
2026-01-05 10:42:05 | DEBUG    | log:153 | [get_keyword_boost] Query: 'Xem toàn bộ các giao dịch chưa...' | Doc: Tra cứu lịch sử giao | Boost: 0.25 | Matched: ['tháng']
2026-01-05 10:42:05 | DEBUG    | log:153 | [get_keyword_boost] Query: 'Xem toàn bộ các giao dịch chưa...' | Doc: Tra cứu giao dịch th | Boost: 0.25 | Matched: ['hoàn tất']
2026-01-05 10:42:05 | DEBUG    | log:153 | [get_keyword_boost] Query: 'Xem toàn bộ các giao dịch chưa...' | Doc: getTransactionList | | Boost: 0.25 | Matched: ['toàn bộ']
2026-01-05 10:42:05 | DEBUG    | log:153 | [get_keyword_boost] Query: 'Xem toàn bộ các giao dịch chưa...' | Doc: getTransactionList | | Boost: 0.50 | Matched: ['tháng', 'trong']
2026-01-05 10:42:05 | DEBUG    | log:153 | [classify_query_intent] Classified: 'Xem toàn bộ các giao dịch chưa...' -> getTransactionList | Tra cứu g (score=2)
2026-01-05 10:42:05 | DEBUG    | log:153 | [normalize_query] 'Có giao dịch nào đang ở trạng thái chờ d...' -> 'Có giao dịch nào đang ở trạng thái chờ d...'
2026-01-05 10:42:05 | DEBUG    | log:153 | [perform_hybrid_search] query_text: [Có giao dịch nào đang ở trạng thái chờ duyệt trong 3 ngày gần đây không?] - formatted_query: [Có giao dịch nào đang ở trạng thái chờ duyệt trong 3 ngày gần đây không] - normalized_query: [Có giao dịch nào đang ở trạng thái chờ duyệt trong 3 ngày gần đây không]
2026-01-05 10:42:05 | DEBUG    | log:153 | [perform_hybrid_search] BM25 raw scores: min=0.0786, max=79.7403
2026-01-05 10:42:05 | DEBUG    | log:153 | [get_keyword_boost] Query: 'Có giao dịch nào đang ở trạng ...' | Doc: Tra cứu lịch sử giao | Boost: 0.50 | Matched: ['ngày', 'gần đây']
2026-01-05 10:42:05 | DEBUG    | log:153 | [get_keyword_boost] Query: 'Có giao dịch nào đang ở trạng ...' | Doc: Tra cứu giao dịch th | Boost: 0.50 | Matched: ['trạng thái', 'chờ']
2026-01-05 10:42:05 | DEBUG    | log:153 | [get_keyword_boost] Query: 'Có giao dịch nào đang ở trạng ...' | Doc: getTransactionList | | Boost: 0.25 | Matched: ['chờ duyệt']
2026-01-05 10:42:05 | DEBUG    | log:153 | [get_keyword_boost] Query: 'Có giao dịch nào đang ở trạng ...' | Doc: getTransactionList | | Boost: 0.25 | Matched: ['chờ duyệt']
2026-01-05 10:42:05 | DEBUG    | log:153 | [get_keyword_boost] Query: 'Có giao dịch nào đang ở trạng ...' | Doc: getTransactionList | | Boost: 1.00 | Matched: ['chờ duyệt', 'ngày', 'trong']
2026-01-05 10:42:05 | DEBUG    | log:153 | [get_keyword_boost] Query: 'Có giao dịch nào đang ở trạng ...' | Doc: getTransactionList | | Boost: 0.25 | Matched: ['chờ duyệt']
2026-01-05 10:42:05 | DEBUG    | log:153 | [get_keyword_boost] Query: 'Có giao dịch nào đang ở trạng ...' | Doc: getTransactionList | | Boost: 0.25 | Matched: ['chờ duyệt']
2026-01-05 10:42:05 | DEBUG    | log:153 | [classify_query_intent] Classified: 'Có giao dịch nào đang ở trạng ...' -> getTransactionList | Tra cứu g (score=4)
2026-01-05 10:42:05 | DEBUG    | log:153 | [normalize_query] 'Hiển thị các lệnh chưa được xử lý trong ...' -> 'Hiển thị các lệnh chưa được xử lý trong ...'
2026-01-05 10:42:05 | DEBUG    | log:153 | [perform_hybrid_search] query_text: [Hiển thị các lệnh chưa được xử lý trong tuần trước.] - formatted_query: [Hiển thị các lệnh chưa được xử lý trong tuần trước] - normalized_query: [Hiển thị các lệnh chưa được xử lý trong tuần trước]
2026-01-05 10:42:05 | DEBUG    | log:153 | [perform_hybrid_search] BM25 raw scores: min=0.0000, max=42.9510
2026-01-05 10:42:05 | DEBUG    | log:153 | [get_keyword_boost] Query: 'Hiển thị các lệnh chưa được xử...' | Doc: Tra cứu giao dịch th | Boost: 0.25 | Matched: ['xử lý']
2026-01-05 10:42:05 | DEBUG    | log:153 | [get_keyword_boost] Query: 'Hiển thị các lệnh chưa được xử...' | Doc: getTransactionList | | Boost: 0.50 | Matched: ['tuần', 'trong']
2026-01-05 10:42:05 | DEBUG    | log:153 | [classify_query_intent] Classified: 'Hiển thị các lệnh chưa được xử...' -> getTransactionList | Tra cứu g (score=2)
2026-01-05 10:42:05 | DEBUG    | log:153 | [normalize_query] 'Tôi muốn kiểm tra các giao dịch đang pen...' -> 'Tôi muốn kiểm tra các giao dịch đang pen...'
2026-01-05 10:42:05 | DEBUG    | log:153 | [perform_hybrid_search] query_text: [Tôi muốn kiểm tra các giao dịch đang pending trong tháng 8.] - formatted_query: [Tôi muốn kiểm tra các giao dịch đang pending trong tháng 8] - normalized_query: [Tôi muốn kiểm tra các giao dịch đang pending trong tháng 8]
2026-01-05 10:42:05 | DEBUG    | log:153 | [perform_hybrid_search] BM25 raw scores: min=0.1049, max=30.8430
2026-01-05 10:42:05 | DEBUG    | log:153 | [get_keyword_boost] Query: 'Tôi muốn kiểm tra các giao dịc...' | Doc: Tra cứu lịch sử giao | Boost: 0.25 | Matched: ['tháng']
2026-01-05 10:42:05 | DEBUG    | log:153 | [get_keyword_boost] Query: 'Tôi muốn kiểm tra các giao dịc...' | Doc: getTransactionList | | Boost: 0.25 | Matched: ['pending']
2026-01-05 10:42:05 | DEBUG    | log:153 | [get_keyword_boost] Query: 'Tôi muốn kiểm tra các giao dịc...' | Doc: getTransactionList | | Boost: 0.25 | Matched: ['pending']
2026-01-05 10:42:05 | DEBUG    | log:153 | [get_keyword_boost] Query: 'Tôi muốn kiểm tra các giao dịc...' | Doc: getTransactionList | | Boost: 0.75 | Matched: ['pending', 'tháng', 'trong']
2026-01-05 10:42:05 | DEBUG    | log:153 | [get_keyword_boost] Query: 'Tôi muốn kiểm tra các giao dịc...' | Doc: getTransactionList | | Boost: 0.25 | Matched: ['pending']
2026-01-05 10:42:05 | DEBUG    | log:153 | [get_keyword_boost] Query: 'Tôi muốn kiểm tra các giao dịc...' | Doc: getTransactionList | | Boost: 0.25 | Matched: ['pending']
2026-01-05 10:42:05 | DEBUG    | log:153 | [classify_query_intent] Classified: 'Tôi muốn kiểm tra các giao dịc...' -> getTransactionList | Tra cứu g (score=3)
2026-01-05 10:42:05 | DEBUG    | log:153 | [normalize_query] 'Cho tôi biết những giao dịch nào chưa đư...' -> 'Cho tôi biết những giao dịch nào chưa đư...'
2026-01-05 10:42:05 | DEBUG    | log:153 | [perform_hybrid_search] query_text: [Cho tôi biết những giao dịch nào chưa được duyệt trong quý vừa qua.] - formatted_query: [Cho tôi biết những giao dịch nào chưa được duyệt trong quý vừa qua] - normalized_query: [Cho tôi biết những giao dịch nào chưa được duyệt trong quý vừa qua]
2026-01-05 10:42:05 | DEBUG    | log:153 | [perform_hybrid_search] BM25 raw scores: min=0.0786, max=51.6555
2026-01-05 10:42:05 | DEBUG    | log:153 | [get_keyword_boost] Query: 'Cho tôi biết những giao dịch n...' | Doc: Tra cứu lịch sử giao | Boost: 0.25 | Matched: ['quý']
2026-01-05 10:42:05 | DEBUG    | log:153 | [get_keyword_boost] Query: 'Cho tôi biết những giao dịch n...' | Doc: getTransactionList | | Boost: 0.25 | Matched: ['chưa được duyệt']
2026-01-05 10:42:05 | DEBUG    | log:153 | [get_keyword_boost] Query: 'Cho tôi biết những giao dịch n...' | Doc: getTransactionList | | Boost: 0.50 | Matched: ['quý', 'trong']
2026-01-05 10:42:05 | DEBUG    | log:153 | [classify_query_intent] Classified: 'Cho tôi biết những giao dịch n...' -> getTransactionList | Tra cứu g (score=2)
2026-01-05 10:42:05 | DEBUG    | log:153 | [normalize_query] 'Liệt kê các lệnh chuyển tiền chưa duyệt ...' -> 'Liệt kê các lệnh chuyển tiền chưa duyệt ...'
2026-01-05 10:42:05 | DEBUG    | log:153 | [perform_hybrid_search] query_text: [Liệt kê các lệnh chuyển tiền chưa duyệt từ ngày 20/12 đến 25/12.] - formatted_query: [Liệt kê các lệnh chuyển tiền chưa duyệt từ ngày 20/12 đến 25/12] - normalized_query: [Liệt kê các lệnh chuyển tiền chưa duyệt từ ngày 20/12 đến 25/12]
2026-01-05 10:42:05 | DEBUG    | log:153 | [perform_hybrid_search] BM25 raw scores: min=0.6853, max=65.3998
2026-01-05 10:42:05 | DEBUG    | log:153 | [get_keyword_boost] Query: 'Liệt kê các lệnh chuyển tiền c...' | Doc: Tra cứu lịch sử giao | Boost: 0.25 | Matched: ['ngày']
2026-01-05 10:42:05 | DEBUG    | log:153 | [get_keyword_boost] Query: 'Liệt kê các lệnh chuyển tiền c...' | Doc: Tra cứu giao dịch th | Boost: 0.25 | Matched: ['chuyển tiền']
2026-01-05 10:42:05 | DEBUG    | log:153 | [get_keyword_boost] Query: 'Liệt kê các lệnh chuyển tiền c...' | Doc: Tra cứu giao dịch ch | Boost: 0.25 | Matched: ['chuyển tiền']
2026-01-05 10:42:05 | DEBUG    | log:153 | [get_keyword_boost] Query: 'Liệt kê các lệnh chuyển tiền c...' | Doc: getTransactionList | | Boost: 0.50 | Matched: ['ngày', 'từ ngày']
2026-01-05 10:42:05 | DEBUG    | log:153 | [get_keyword_boost] Query: 'Liệt kê các lệnh chuyển tiền c...' | Doc: getTransactionList | | Boost: 0.25 | Matched: ['chuyển tiền']
2026-01-05 10:42:05 | DEBUG    | log:153 | [get_keyword_boost] Query: 'Liệt kê các lệnh chuyển tiền c...' | Doc: getTransactionList | | Boost: 0.25 | Matched: ['từ']
2026-01-05 10:42:05 | DEBUG    | log:153 | [classify_query_intent] Classified: 'Liệt kê các lệnh chuyển tiền c...' -> getTransactionList | Tra cứu g (score=2)
2026-01-05 10:42:05 | DEBUG    | log:153 | [normalize_query] 'Các giao dịch nào hiện tại chưa được duy...' -> 'Các giao dịch nào hiện tại chưa được duy...'
2026-01-05 10:42:05 | DEBUG    | log:153 | [perform_hybrid_search] query_text: [Các giao dịch nào hiện tại chưa được duyệt trong Quý 3?] - formatted_query: [Các giao dịch nào hiện tại chưa được duyệt trong quý 3] - normalized_query: [Các giao dịch nào hiện tại chưa được duyệt trong quý 3]
2026-01-05 10:42:05 | DEBUG    | log:153 | [perform_hybrid_search] BM25 raw scores: min=0.0786, max=42.1311
2026-01-05 10:42:05 | DEBUG    | log:153 | [get_keyword_boost] Query: 'Các giao dịch nào hiện tại chư...' | Doc: Tra cứu lịch sử giao | Boost: 0.25 | Matched: ['quý']
2026-01-05 10:42:05 | DEBUG    | log:153 | [get_keyword_boost] Query: 'Các giao dịch nào hiện tại chư...' | Doc: getTransactionList | | Boost: 0.25 | Matched: ['chưa được duyệt']
2026-01-05 10:42:05 | DEBUG    | log:153 | [get_keyword_boost] Query: 'Các giao dịch nào hiện tại chư...' | Doc: getTransactionList | | Boost: 0.50 | Matched: ['quý', 'trong']
2026-01-05 10:42:05 | DEBUG    | log:153 | [classify_query_intent] Classified: 'Các giao dịch nào hiện tại chư...' -> getTransactionList | Tra cứu g (score=2)
2026-01-05 10:42:05 | DEBUG    | log:153 | [normalize_query] 'Xem danh sách giao dịch pending trong 10...' -> 'Xem danh sách giao dịch pending trong 10...'
2026-01-05 10:42:05 | DEBUG    | log:153 | [perform_hybrid_search] query_text: [Xem danh sách giao dịch pending trong 10 ngày gần nhất.] - formatted_query: [Xem danh sách giao dịch pending trong 10 ngày gần nhất] - normalized_query: [Xem danh sách giao dịch pending trong 10 ngày gần nhất]
2026-01-05 10:42:05 | DEBUG    | log:153 | [perform_hybrid_search] BM25 raw scores: min=0.0786, max=50.4302
2026-01-05 10:42:05 | DEBUG    | log:153 | [get_keyword_boost] Query: 'Xem danh sách giao dịch pendin...' | Doc: Tra cứu lịch sử giao | Boost: 0.25 | Matched: ['ngày']
2026-01-05 10:42:05 | DEBUG    | log:153 | [get_keyword_boost] Query: 'Xem danh sách giao dịch pendin...' | Doc: getTransactionList | | Boost: 0.25 | Matched: ['pending']
2026-01-05 10:42:05 | DEBUG    | log:153 | [get_keyword_boost] Query: 'Xem danh sách giao dịch pendin...' | Doc: getTransactionList | | Boost: 0.25 | Matched: ['pending']
2026-01-05 10:42:05 | DEBUG    | log:153 | [get_keyword_boost] Query: 'Xem danh sách giao dịch pendin...' | Doc: getTransactionList | | Boost: 0.75 | Matched: ['pending', 'ngày', 'trong']
2026-01-05 10:42:05 | DEBUG    | log:153 | [get_keyword_boost] Query: 'Xem danh sách giao dịch pendin...' | Doc: getTransactionList | | Boost: 0.25 | Matched: ['pending']
2026-01-05 10:42:05 | DEBUG    | log:153 | [get_keyword_boost] Query: 'Xem danh sách giao dịch pendin...' | Doc: getTransactionList | | Boost: 0.25 | Matched: ['pending']
2026-01-05 10:42:05 | DEBUG    | log:153 | [classify_query_intent] Classified: 'Xem danh sách giao dịch pendin...' -> getTransactionList | Tra cứu g (score=3)
2026-01-05 10:42:05 | INFO     | log:151 | [search_single] Searching: 'cho tôi xem lịch sử giao dịch của tài khoản 020063...' (top_k=10)
2026-01-05 10:42:05 | DEBUG    | log:153 | [get_tables] Getting tables...
2026-01-05 10:42:05 | DEBUG    | log:153 | [get_tables] Returning cached tables
2026-01-05 10:42:05 | DEBUG    | log:153 | [normalize_query] 'cho tôi xem lịch sử giao dịch của tài kh...' -> 'Cho tôi xem lịch sử giao dịch của tài kh...'
2026-01-05 10:42:05 | DEBUG    | log:153 | [perform_hybrid_search] query_text: [cho tôi xem lịch sử giao dịch của tài khoản 020063535533] - formatted_query: [Cho tôi xem lịch sử giao dịch của tài khoản 020063535533] - normalized_query: [Cho tôi xem lịch sử giao dịch của tài khoản 020063535533]
2026-01-05 10:42:05 | DEBUG    | log:153 | [perform_hybrid_search] BM25 raw scores: min=2.7944, max=15.3401
2026-01-05 10:42:05 | DEBUG    | log:153 | [get_keyword_boost] Query: 'Cho tôi xem lịch sử giao dịch ...' | Doc: Tra cứu lịch sử giao | Boost: 0.25 | Matched: ['tài khoản']
2026-01-05 10:42:05 | DEBUG    | log:153 | [get_keyword_boost] Query: 'Cho tôi xem lịch sử giao dịch ...' | Doc: getTransactionList | | Boost: 0.50 | Matched: ['tài khoản', 'của tài khoản']
2026-01-05 10:42:05 | DEBUG    | log:153 | [classify_query_intent] Classified: 'Cho tôi xem lịch sử giao dịch ...' -> getTransactionList | Tra cứu g (score=2)
2026-01-05 10:42:05 | INFO     | log:151 | [search_single] Found 10 results
2026-01-05 10:42:05 | DEBUG    | log:153 | [search_single] Top: Tra cứu lịch sử giao dịch theo số tài khoản... (score=0.8321, sem=0.8673, bm25=1.0000, boost=0.2500)
2026-01-05 10:42:05 | DEBUG    | log:153 | [normalize_query] 'Hiển thị toàn bộ giao dịch chưa phê duyệ...' -> 'Hiển thị toàn bộ giao dịch chưa phê duyệ...'
2026-01-05 10:42:05 | DEBUG    | log:153 | [perform_hybrid_search] query_text: [Hiển thị toàn bộ giao dịch chưa phê duyệt trong tháng 7.] - formatted_query: [Hiển thị toàn bộ giao dịch chưa phê duyệt trong tháng 7] - normalized_query: [Hiển thị toàn bộ giao dịch chưa phê duyệt trong tháng 7]
2026-01-05 10:42:05 | DEBUG    | log:153 | [perform_hybrid_search] BM25 raw scores: min=0.0804, max=61.6713
2026-01-05 10:42:05 | DEBUG    | log:153 | [get_keyword_boost] Query: 'Hiển thị toàn bộ giao dịch chư...' | Doc: Tra cứu lịch sử giao | Boost: 0.25 | Matched: ['tháng']
2026-01-05 10:42:05 | DEBUG    | log:153 | [get_keyword_boost] Query: 'Hiển thị toàn bộ giao dịch chư...' | Doc: Tra cứu giao dịch th | Boost: 0.25 | Matched: ['phê duyệt']
2026-01-05 10:42:05 | DEBUG    | log:153 | [get_keyword_boost] Query: 'Hiển thị toàn bộ giao dịch chư...' | Doc: getTransactionList | | Boost: 0.25 | Matched: ['toàn bộ']
2026-01-05 10:42:05 | DEBUG    | log:153 | [get_keyword_boost] Query: 'Hiển thị toàn bộ giao dịch chư...' | Doc: getTransactionList | | Boost: 0.50 | Matched: ['tháng', 'trong']
2026-01-05 10:42:05 | DEBUG    | log:153 | [classify_query_intent] Classified: 'Hiển thị toàn bộ giao dịch chư...' -> getTransactionList | Tra cứu g (score=2)
2026-01-05 10:42:05 | DEBUG    | log:153 | [normalize_query] 'Có giao dịch nào đang bị treo trong 24 g...' -> 'Có giao dịch nào đang bị treo trong 24 g...'
2026-01-05 10:42:05 | DEBUG    | log:153 | [perform_hybrid_search] query_text: [Có giao dịch nào đang bị treo trong 24 giờ qua không?] - formatted_query: [Có giao dịch nào đang bị treo trong 24 giờ qua không] - normalized_query: [Có giao dịch nào đang bị treo trong 24 giờ qua không]
2026-01-05 10:42:05 | DEBUG    | log:153 | [perform_hybrid_search] BM25 raw scores: min=0.0786, max=41.5691
2026-01-05 10:42:05 | DEBUG    | log:153 | [get_keyword_boost] Query: 'Có giao dịch nào đang bị treo ...' | Doc: getTransactionList | | Boost: 0.25 | Matched: ['trong']
2026-01-05 10:42:05 | DEBUG    | log:153 | [classify_query_intent] Classified: 'Có giao dịch nào đang bị treo ...' -> getTransactionList | Tra cứu g (score=1)
2026-01-05 10:42:05 | DEBUG    | log:153 | [normalize_query] 'Cho tôi xem các giao dịch chưa xử lý từ ...' -> 'Cho tôi xem các giao dịch chưa xử lý từ ...'
2026-01-05 10:42:05 | DEBUG    | log:153 | [perform_hybrid_search] query_text: [Cho tôi xem các giao dịch chưa xử lý từ đầu năm đến nay.] - formatted_query: [Cho tôi xem các giao dịch chưa xử lý từ đầu năm đến nay] - normalized_query: [Cho tôi xem các giao dịch chưa xử lý từ đầu năm đến nay]
2026-01-05 10:42:05 | DEBUG    | log:153 | [perform_hybrid_search] BM25 raw scores: min=0.0786, max=38.7384
2026-01-05 10:42:05 | DEBUG    | log:153 | [get_keyword_boost] Query: 'Cho tôi xem các giao dịch chưa...' | Doc: Tra cứu lịch sử giao | Boost: 0.50 | Matched: ['năm', 'nay']
2026-01-05 10:42:05 | DEBUG    | log:153 | [get_keyword_boost] Query: 'Cho tôi xem các giao dịch chưa...' | Doc: Tra cứu giao dịch th | Boost: 0.25 | Matched: ['xử lý']
2026-01-05 10:42:05 | DEBUG    | log:153 | [get_keyword_boost] Query: 'Cho tôi xem các giao dịch chưa...' | Doc: getTransactionList | | Boost: 0.25 | Matched: ['năm']
2026-01-05 10:42:05 | DEBUG    | log:153 | [get_keyword_boost] Query: 'Cho tôi xem các giao dịch chưa...' | Doc: getTransactionList | | Boost: 0.25 | Matched: ['từ']
2026-01-05 10:42:05 | DEBUG    | log:153 | [classify_query_intent] Classified: 'Cho tôi xem các giao dịch chưa...' -> Tra cứu lịch sử giao dịch theo (score=2)
2026-01-05 10:42:05 | DEBUG    | log:153 | [normalize_query] 'Liệt kê tất cả giao dịch cần duyệt trong...' -> 'Liệt kê tất cả giao dịch cần duyệt trong...'
2026-01-05 10:42:05 | DEBUG    | log:153 | [perform_hybrid_search] query_text: [Liệt kê tất cả giao dịch cần duyệt trong tháng 6.] - formatted_query: [Liệt kê tất cả giao dịch cần duyệt trong tháng 6] - normalized_query: [Liệt kê tất cả giao dịch cần duyệt trong tháng 6]
2026-01-05 10:42:05 | DEBUG    | log:153 | [perform_hybrid_search] BM25 raw scores: min=0.0786, max=57.6663
2026-01-05 10:42:05 | DEBUG    | log:153 | [get_keyword_boost] Query: 'Liệt kê tất cả giao dịch cần d...' | Doc: Tra cứu lịch sử giao | Boost: 0.25 | Matched: ['tháng']
2026-01-05 10:42:05 | DEBUG    | log:153 | [get_keyword_boost] Query: 'Liệt kê tất cả giao dịch cần d...' | Doc: getTransactionList | | Boost: 0.50 | Matched: ['cần duyệt', 'tất cả']
2026-01-05 10:42:05 | DEBUG    | log:153 | [get_keyword_boost] Query: 'Liệt kê tất cả giao dịch cần d...' | Doc: getTransactionList | | Boost: 0.50 | Matched: ['tháng', 'trong']
2026-01-05 10:42:05 | DEBUG    | log:153 | [classify_query_intent] Ambiguous: 'Liệt kê tất cả giao dịch cần d...' | Scores: {'Tra cứu lịch sử giao dịch theo khoảng thời gian': 1, 'getTransactionList | Tra cứu giao dịch đang chờ xử lý hoặc chờ duyệt': 2, 'getTransactionList | Tra cứu giao dịch chờ duyệt theo khoảng thời gian': 2}
2026-01-05 10:42:05 | DEBUG    | log:153 | [normalize_query] 'cho toi xem cac giao dich cho duyet tron...' -> 'Cho toi xem cac giao dich cho duyet tron...'
2026-01-05 10:42:05 | DEBUG    | log:153 | [perform_hybrid_search] query_text: [cho toi xem cac giao dich cho duyet trong tuan nay] - formatted_query: [Cho toi xem cac giao dich cho duyet trong tuan nay] - normalized_query: [Cho toi xem cac giao dich cho duyet trong tuan nay]
2026-01-05 10:42:05 | DEBUG    | log:153 | [perform_hybrid_search] BM25 raw scores: min=0.0786, max=13.8626
2026-01-05 10:42:05 | DEBUG    | log:153 | [get_keyword_boost] Query: 'Cho toi xem cac giao dich cho ...' | Doc: Tra cứu lịch sử giao | Boost: 0.25 | Matched: ['nay']
2026-01-05 10:42:05 | DEBUG    | log:153 | [get_keyword_boost] Query: 'Cho toi xem cac giao dich cho ...' | Doc: getTransactionList | | Boost: 0.25 | Matched: ['trong']
2026-01-05 10:42:05 | DEBUG    | log:153 | [classify_query_intent] Ambiguous: 'Cho toi xem cac giao dich cho ...' | Scores: {'Tra cứu lịch sử giao dịch theo khoảng thời gian': 1, 'getTransactionList | Tra cứu giao dịch chờ duyệt theo khoảng thời gian': 1}
2026-01-05 10:42:05 | DEBUG    | log:153 | [normalize_query] 'liet ke giao dich pending tu ngay 01/12 ...' -> 'Liet ke giao dich pending tu ngay 01/12 ...'
2026-01-05 10:42:05 | DEBUG    | log:153 | [perform_hybrid_search] query_text: [liet ke giao dich pending tu ngay 01/12 den 07/12] - formatted_query: [Liet ke giao dich pending tu ngay 01/12 den 07/12] - normalized_query: [Liet ke giao dich pending tu ngay 01/12 den 07/12]
2026-01-05 10:42:05 | DEBUG    | log:153 | [perform_hybrid_search] BM25 raw scores: min=0.0786, max=30.5302
2026-01-05 10:42:05 | DEBUG    | log:153 | [get_keyword_boost] Query: 'Liet ke giao dich pending tu n...' | Doc: getTransactionList | | Boost: 0.25 | Matched: ['pending']
2026-01-05 10:42:05 | DEBUG    | log:153 | [get_keyword_boost] Query: 'Liet ke giao dich pending tu n...' | Doc: getTransactionList | | Boost: 0.25 | Matched: ['pending']
2026-01-05 10:42:05 | DEBUG    | log:153 | [get_keyword_boost] Query: 'Liet ke giao dich pending tu n...' | Doc: getTransactionList | | Boost: 0.25 | Matched: ['pending']
2026-01-05 10:42:05 | DEBUG    | log:153 | [get_keyword_boost] Query: 'Liet ke giao dich pending tu n...' | Doc: getTransactionList | | Boost: 0.25 | Matched: ['pending']
2026-01-05 10:42:05 | DEBUG    | log:153 | [get_keyword_boost] Query: 'Liet ke giao dich pending tu n...' | Doc: getTransactionList | | Boost: 0.25 | Matched: ['pending']
2026-01-05 10:42:05 | DEBUG    | log:153 | [classify_query_intent] Ambiguous: 'Liet ke giao dich pending tu n...' | Scores: {'getTransactionList | Tra cứu giao dịch đang chờ xử lý hoặc chờ duyệt': 1, 'getTransactionList | Tra cứu giao dịch chờ duyệt theo số tài khoản nguồn': 1, 'getTransactionList | Tra cứu giao dịch chờ duyệt theo khoảng thời gian': 1, 'getTransactionList | Tra cứu giao dịch chờ duyệt theo loại giao dịch': 1, 'getTransactionList | Tra cứu giao dịch chờ duyệt theo số tiền hoặc hạn mức': 1}
2026-01-05 10:42:05 | DEBUG    | log:153 | [normalize_query] 'co giao dich nao dang cho xu ly trong th...' -> 'Co giao dich nao dang cho xu ly trong th...'
2026-01-05 10:42:05 | DEBUG    | log:153 | [perform_hybrid_search] query_text: [co giao dich nao dang cho xu ly trong thang 11 khong] - formatted_query: [Co giao dich nao dang cho xu ly trong thang 11 khong] - normalized_query: [Co giao dich nao dang cho xu ly trong thang 11 khong]
2026-01-05 10:42:05 | DEBUG    | log:153 | [perform_hybrid_search] BM25 raw scores: min=0.1049, max=19.4744
2026-01-05 10:42:05 | DEBUG    | log:153 | [get_keyword_boost] Query: 'Co giao dich nao dang cho xu l...' | Doc: getTransactionList | | Boost: 0.25 | Matched: ['trong']
2026-01-05 10:42:05 | DEBUG    | log:153 | [classify_query_intent] Classified: 'Co giao dich nao dang cho xu l...' -> getTransactionList | Tra cứu g (score=1)
2026-01-05 10:42:05 | DEBUG    | log:153 | [normalize_query] 'hien thi danh sach giao dich chua duoc p...' -> 'Hien thi danh sach giao dich chua duoc p...'
2026-01-05 10:42:05 | DEBUG    | log:153 | [perform_hybrid_search] query_text: [hien thi danh sach giao dich chua duoc phe duyet hom qua] - formatted_query: [Hien thi danh sach giao dich chua duoc phe duyet hom qua] - normalized_query: [Hien thi danh sach giao dich chua duoc phe duyet hom qua]
2026-01-05 10:42:06 | DEBUG    | log:153 | [perform_hybrid_search] BM25 raw scores: min=0.0786, max=40.5578
2026-01-05 10:42:06 | DEBUG    | log:153 | [classify_query_intent] No keyword matches found in: 'Hien thi danh sach giao dich chua duoc phe duyet h'
2026-01-05 10:42:06 | DEBUG    | log:153 | [normalize_query] 'toi muon xem tat ca giao dich pending tr...' -> 'Toi muon xem tat ca giao dich pending tr...'
2026-01-05 10:42:06 | DEBUG    | log:153 | [perform_hybrid_search] query_text: [toi muon xem tat ca giao dich pending trong thang nay] - formatted_query: [Toi muon xem tat ca giao dich pending trong thang nay] - normalized_query: [Toi muon xem tat ca giao dich pending trong thang nay]
2026-01-05 10:42:06 | DEBUG    | log:153 | [perform_hybrid_search] BM25 raw scores: min=0.0786, max=28.1045
2026-01-05 10:42:06 | DEBUG    | log:153 | [get_keyword_boost] Query: 'Toi muon xem tat ca giao dich ...' | Doc: Tra cứu lịch sử giao | Boost: 0.25 | Matched: ['nay']
2026-01-05 10:42:06 | DEBUG    | log:153 | [get_keyword_boost] Query: 'Toi muon xem tat ca giao dich ...' | Doc: getTransactionList | | Boost: 0.25 | Matched: ['pending']
2026-01-05 10:42:06 | DEBUG    | log:153 | [get_keyword_boost] Query: 'Toi muon xem tat ca giao dich ...' | Doc: getTransactionList | | Boost: 0.25 | Matched: ['pending']
2026-01-05 10:42:06 | DEBUG    | log:153 | [get_keyword_boost] Query: 'Toi muon xem tat ca giao dich ...' | Doc: getTransactionList | | Boost: 0.50 | Matched: ['pending', 'trong']
2026-01-05 10:42:06 | DEBUG    | log:153 | [get_keyword_boost] Query: 'Toi muon xem tat ca giao dich ...' | Doc: getTransactionList | | Boost: 0.25 | Matched: ['pending']
2026-01-05 10:42:06 | DEBUG    | log:153 | [get_keyword_boost] Query: 'Toi muon xem tat ca giao dich ...' | Doc: getTransactionList | | Boost: 0.25 | Matched: ['pending']
2026-01-05 10:42:06 | DEBUG    | log:153 | [classify_query_intent] Classified: 'Toi muon xem tat ca giao dich ...' -> getTransactionList | Tra cứu g (score=2)
2026-01-05 10:42:06 | DEBUG    | log:153 | [normalize_query] 'cac lenh chuyen tien nao chua duoc duyet...' -> 'Cac lenh chuyen tien nao chua duoc duyet...'
2026-01-05 10:42:06 | DEBUG    | log:153 | [perform_hybrid_search] query_text: [cac lenh chuyen tien nao chua duoc duyet trong tuan qua] - formatted_query: [Cac lenh chuyen tien nao chua duoc duyet trong tuan qua] - normalized_query: [Cac lenh chuyen tien nao chua duoc duyet trong tuan qua]
2026-01-05 10:42:06 | DEBUG    | log:153 | [perform_hybrid_search] BM25 raw scores: min=0.3896, max=27.8672
2026-01-05 10:42:06 | DEBUG    | log:153 | [get_keyword_boost] Query: 'Cac lenh chuyen tien nao chua ...' | Doc: getTransactionList | | Boost: 0.25 | Matched: ['trong']
2026-01-05 10:42:06 | DEBUG    | log:153 | [classify_query_intent] Classified: 'Cac lenh chuyen tien nao chua ...' -> getTransactionList | Tra cứu g (score=1)
2026-01-05 10:42:06 | DEBUG    | log:153 | [normalize_query] 'cho biet giao dich nao chua duoc phe duy...' -> 'Cho biet giao dich nao chua duoc phe duy...'
2026-01-05 10:42:06 | DEBUG    | log:153 | [perform_hybrid_search] query_text: [cho biet giao dich nao chua duoc phe duyet trong ngay hom nay] - formatted_query: [Cho biet giao dich nao chua duoc phe duyet trong ngay hom nay] - normalized_query: [Cho biet giao dich nao chua duoc phe duyet trong ngay hom nay]
2026-01-05 10:42:06 | DEBUG    | log:153 | [perform_hybrid_search] BM25 raw scores: min=0.0786, max=25.5810
2026-01-05 10:42:06 | DEBUG    | log:153 | [get_keyword_boost] Query: 'Cho biet giao dich nao chua du...' | Doc: Tra cứu lịch sử giao | Boost: 0.25 | Matched: ['nay']
2026-01-05 10:42:06 | DEBUG    | log:153 | [get_keyword_boost] Query: 'Cho biet giao dich nao chua du...' | Doc: getTransactionList | | Boost: 0.25 | Matched: ['trong']
2026-01-05 10:42:06 | DEBUG    | log:153 | [classify_query_intent] Ambiguous: 'Cho biet giao dich nao chua du...' | Scores: {'Tra cứu lịch sử giao dịch theo khoảng thời gian': 1, 'getTransactionList | Tra cứu giao dịch chờ duyệt theo khoảng thời gian': 1}
2026-01-05 10:42:06 | DEBUG    | log:153 | [normalize_query] 'liet ke cac giao dich bi treo trong khoa...' -> 'Liet ke cac giao dich bi treo trong khoa...'
2026-01-05 10:42:06 | DEBUG    | log:153 | [perform_hybrid_search] query_text: [liet ke cac giao dich bi treo trong khoang tu 01/10 den 15/10] - formatted_query: [Liet ke cac giao dich bi treo trong khoang tu 01/10 den 15/10] - normalized_query: [Liet ke cac giao dich bi treo trong khoang tu 01/10 den 15/10]
2026-01-05 10:42:06 | DEBUG    | log:153 | [perform_hybrid_search] BM25 raw scores: min=0.0786, max=22.8110
2026-01-05 10:42:06 | DEBUG    | log:153 | [get_keyword_boost] Query: 'Liet ke cac giao dich bi treo ...' | Doc: getTransactionList | | Boost: 0.25 | Matched: ['trong']
2026-01-05 10:42:06 | DEBUG    | log:153 | [classify_query_intent] Classified: 'Liet ke cac giao dich bi treo ...' -> getTransactionList | Tra cứu g (score=1)
2026-01-05 10:42:06 | DEBUG    | log:153 | [normalize_query] 'xem toan bo giao dich chua hoan tat tron...' -> 'Xem toan bo giao dich chua hoan tat tron...'
2026-01-05 10:42:06 | DEBUG    | log:153 | [perform_hybrid_search] query_text: [xem toan bo giao dich chua hoan tat trong thang 9] - formatted_query: [Xem toan bo giao dich chua hoan tat trong thang 9] - normalized_query: [Xem toan bo giao dich chua hoan tat trong thang 9]
2026-01-05 10:42:06 | DEBUG    | log:153 | [perform_hybrid_search] BM25 raw scores: min=0.4182, max=26.6026
2026-01-05 10:42:06 | DEBUG    | log:153 | [get_keyword_boost] Query: 'Xem toan bo giao dich chua hoa...' | Doc: getTransactionList | | Boost: 0.25 | Matched: ['trong']
2026-01-05 10:42:06 | DEBUG    | log:153 | [classify_query_intent] Classified: 'Xem toan bo giao dich chua hoa...' -> getTransactionList | Tra cứu g (score=1)
2026-01-05 10:42:06 | DEBUG    | log:153 | [normalize_query] 'co giao dich nao dang o trang thai cho d...' -> 'Co giao dich nao dang o trang thai cho d...'
2026-01-05 10:42:06 | DEBUG    | log:153 | [perform_hybrid_search] query_text: [co giao dich nao dang o trang thai cho duyet trong 3 ngay gan day khong] - formatted_query: [Co giao dich nao dang o trang thai cho duyet trong 3 ngay gan day khong] - normalized_query: [Co giao dich nao dang o trang thai cho duyet trong 3 ngay gan day khong]
2026-01-05 10:42:06 | DEBUG    | log:153 | [perform_hybrid_search] BM25 raw scores: min=0.1049, max=21.9701
2026-01-05 10:42:06 | DEBUG    | log:153 | [get_keyword_boost] Query: 'Co giao dich nao dang o trang ...' | Doc: getTransactionList | | Boost: 0.25 | Matched: ['trong']
2026-01-05 10:42:06 | DEBUG    | log:153 | [classify_query_intent] Classified: 'Co giao dich nao dang o trang ...' -> getTransactionList | Tra cứu g (score=1)
2026-01-05 10:42:06 | DEBUG    | log:153 | [normalize_query] 'hien thi cac lenh chua duoc xu ly trong ...' -> 'Hien thi cac lenh chua duoc xu ly trong ...'
2026-01-05 10:42:06 | DEBUG    | log:153 | [perform_hybrid_search] query_text: [hien thi cac lenh chua duoc xu ly trong tuan truoc] - formatted_query: [Hien thi cac lenh chua duoc xu ly trong tuan truoc] - normalized_query: [Hien thi cac lenh chua duoc xu ly trong tuan truoc]
2026-01-05 10:42:06 | DEBUG    | log:153 | [perform_hybrid_search] BM25 raw scores: min=0.0000, max=20.3887
2026-01-05 10:42:06 | DEBUG    | log:153 | [get_keyword_boost] Query: 'Hien thi cac lenh chua duoc xu...' | Doc: getTransactionList | | Boost: 0.25 | Matched: ['trong']
2026-01-05 10:42:06 | DEBUG    | log:153 | [classify_query_intent] Classified: 'Hien thi cac lenh chua duoc xu...' -> getTransactionList | Tra cứu g (score=1)
2026-01-05 10:42:06 | DEBUG    | log:153 | [normalize_query] 'toi muon kiem tra cac giao dich dang pen...' -> 'Toi muon kiem tra cac giao dich dang pen...'
2026-01-05 10:42:06 | DEBUG    | log:153 | [perform_hybrid_search] query_text: [toi muon kiem tra cac giao dich dang pending trong thang 8] - formatted_query: [Toi muon kiem tra cac giao dich dang pending trong thang 8] - normalized_query: [Toi muon kiem tra cac giao dich dang pending trong thang 8]
2026-01-05 10:42:06 | DEBUG    | log:153 | [perform_hybrid_search] BM25 raw scores: min=0.1311, max=18.4940
2026-01-05 10:42:06 | DEBUG    | log:153 | [get_keyword_boost] Query: 'Toi muon kiem tra cac giao dic...' | Doc: getTransactionList | | Boost: 0.25 | Matched: ['pending']
2026-01-05 10:42:06 | DEBUG    | log:153 | [get_keyword_boost] Query: 'Toi muon kiem tra cac giao dic...' | Doc: getTransactionList | | Boost: 0.25 | Matched: ['pending']
2026-01-05 10:42:06 | DEBUG    | log:153 | [get_keyword_boost] Query: 'Toi muon kiem tra cac giao dic...' | Doc: getTransactionList | | Boost: 0.50 | Matched: ['pending', 'trong']
2026-01-05 10:42:06 | DEBUG    | log:153 | [get_keyword_boost] Query: 'Toi muon kiem tra cac giao dic...' | Doc: getTransactionList | | Boost: 0.25 | Matched: ['pending']
2026-01-05 10:42:06 | DEBUG    | log:153 | [get_keyword_boost] Query: 'Toi muon kiem tra cac giao dic...' | Doc: getTransactionList | | Boost: 0.25 | Matched: ['pending']
2026-01-05 10:42:06 | DEBUG    | log:153 | [classify_query_intent] Classified: 'Toi muon kiem tra cac giao dic...' -> getTransactionList | Tra cứu g (score=2)
2026-01-05 10:42:06 | DEBUG    | log:153 | [normalize_query] 'cho toi biet nhung giao dich nao chua du...' -> 'Cho toi biet nhung giao dich nao chua du...'
2026-01-05 10:42:06 | DEBUG    | log:153 | [perform_hybrid_search] query_text: [cho toi biet nhung giao dich nao chua duoc duyet trong ky vua qua] - formatted_query: [Cho toi biet nhung giao dich nao chua duoc duyet trong ky vua qua] - normalized_query: [Cho toi biet nhung giao dich nao chua duoc duyet trong ky vua qua]
2026-01-05 10:42:06 | DEBUG    | log:153 | [perform_hybrid_search] BM25 raw scores: min=0.0786, max=16.3313
2026-01-05 10:42:06 | DEBUG    | log:153 | [get_keyword_boost] Query: 'Cho toi biet nhung giao dich n...' | Doc: getTransactionList | | Boost: 0.25 | Matched: ['trong']
2026-01-05 10:42:06 | DEBUG    | log:153 | [classify_query_intent] Classified: 'Cho toi biet nhung giao dich n...' -> getTransactionList | Tra cứu g (score=1)
2026-01-05 10:42:06 | DEBUG    | log:153 | [normalize_query] 'liet ke cac lenh chuyen tien chua duyet ...' -> 'Liet ke cac lenh chuyen tien chua duyet ...'
2026-01-05 10:42:06 | DEBUG    | log:153 | [perform_hybrid_search] query_text: [liet ke cac lenh chuyen tien chua duyet tu ngay 20/12 den 25/12] - formatted_query: [Liet ke cac lenh chuyen tien chua duyet tu ngay 20/12 den 25/12] - normalized_query: [Liet ke cac lenh chuyen tien chua duyet tu ngay 20/12 den 25/12]
2026-01-05 10:42:06 | DEBUG    | log:153 | [perform_hybrid_search] BM25 raw scores: min=0.6853, max=41.2335
2026-01-05 10:42:06 | DEBUG    | log:153 | [classify_query_intent] No keyword matches found in: 'Liet ke cac lenh chuyen tien chua duyet tu ngay 20'
2026-01-05 10:42:06 | DEBUG    | log:153 | [normalize_query] 'cac giao dich nao hien tai chua duoc duy...' -> 'Cac giao dich nao hien tai chua duoc duy...'
2026-01-05 10:42:06 | DEBUG    | log:153 | [perform_hybrid_search] query_text: [cac giao dich nao hien tai chua duoc duyet trong quy 3] - formatted_query: [Cac giao dich nao hien tai chua duoc duyet trong quy 3] - normalized_query: [Cac giao dich nao hien tai chua duoc duyet trong quy 3]
2026-01-05 10:42:06 | DEBUG    | log:153 | [perform_hybrid_search] BM25 raw scores: min=0.1593, max=12.4183
2026-01-05 10:42:06 | DEBUG    | log:153 | [get_keyword_boost] Query: 'Cac giao dich nao hien tai chu...' | Doc: getTransactionList | | Boost: 0.25 | Matched: ['trong']
2026-01-05 10:42:06 | DEBUG    | log:153 | [classify_query_intent] Classified: 'Cac giao dich nao hien tai chu...' -> getTransactionList | Tra cứu g (score=1)
2026-01-05 10:42:06 | DEBUG    | log:153 | [normalize_query] 'xem danh sach giao dich pending trong 10...' -> 'Xem danh sach giao dich pending trong 10...'
2026-01-05 10:42:06 | DEBUG    | log:153 | [perform_hybrid_search] query_text: [xem danh sach giao dich pending trong 10 ngay gan nhat] - formatted_query: [Xem danh sach giao dich pending trong 10 ngay gan nhat] - normalized_query: [Xem danh sach giao dich pending trong 10 ngay gan nhat]
2026-01-05 10:42:06 | DEBUG    | log:153 | [perform_hybrid_search] BM25 raw scores: min=0.0786, max=41.7518
2026-01-05 10:42:06 | DEBUG    | log:153 | [get_keyword_boost] Query: 'Xem danh sach giao dich pendin...' | Doc: getTransactionList | | Boost: 0.25 | Matched: ['pending']
2026-01-05 10:42:06 | DEBUG    | log:153 | [get_keyword_boost] Query: 'Xem danh sach giao dich pendin...' | Doc: getTransactionList | | Boost: 0.25 | Matched: ['pending']
2026-01-05 10:42:06 | DEBUG    | log:153 | [get_keyword_boost] Query: 'Xem danh sach giao dich pendin...' | Doc: getTransactionList | | Boost: 0.50 | Matched: ['pending', 'trong']
2026-01-05 10:42:06 | DEBUG    | log:153 | [get_keyword_boost] Query: 'Xem danh sach giao dich pendin...' | Doc: getTransactionList | | Boost: 0.25 | Matched: ['pending']
2026-01-05 10:42:06 | DEBUG    | log:153 | [get_keyword_boost] Query: 'Xem danh sach giao dich pendin...' | Doc: getTransactionList | | Boost: 0.25 | Matched: ['pending']
2026-01-05 10:42:06 | DEBUG    | log:153 | [classify_query_intent] Classified: 'Xem danh sach giao dich pendin...' -> getTransactionList | Tra cứu g (score=2)
2026-01-05 10:42:06 | DEBUG    | log:153 | [normalize_query] 'hien thi toan bo giao dich chua phe duye...' -> 'Hien thi toan bo giao dich chua phe duye...'
2026-01-05 10:42:06 | DEBUG    | log:153 | [perform_hybrid_search] query_text: [hien thi toan bo giao dich chua phe duyet trong thang 7] - formatted_query: [Hien thi toan bo giao dich chua phe duyet trong thang 7] - normalized_query: [Hien thi toan bo giao dich chua phe duyet trong thang 7]
2026-01-05 10:42:06 | DEBUG    | log:153 | [perform_hybrid_search] BM25 raw scores: min=0.0804, max=27.9722
2026-01-05 10:42:06 | DEBUG    | log:153 | [get_keyword_boost] Query: 'Hien thi toan bo giao dich chu...' | Doc: getTransactionList | | Boost: 0.25 | Matched: ['trong']
2026-01-05 10:42:06 | DEBUG    | log:153 | [classify_query_intent] Classified: 'Hien thi toan bo giao dich chu...' -> getTransactionList | Tra cứu g (score=1)
2026-01-05 10:42:06 | DEBUG    | log:153 | [normalize_query] 'co giao dich nao dang bi treo trong tuan...' -> 'Co giao dich nao dang bi treo trong tuan...'
2026-01-05 10:42:06 | DEBUG    | log:153 | [perform_hybrid_search] query_text: [co giao dich nao dang bi treo trong tuan nay khong] - formatted_query: [Co giao dich nao dang bi treo trong tuan nay khong] - normalized_query: [Co giao dich nao dang bi treo trong tuan nay khong]
2026-01-05 10:42:06 | DEBUG    | log:153 | [perform_hybrid_search] BM25 raw scores: min=0.1049, max=16.7075
2026-01-05 10:42:06 | DEBUG    | log:153 | [get_keyword_boost] Query: 'Co giao dich nao dang bi treo ...' | Doc: Tra cứu lịch sử giao | Boost: 0.25 | Matched: ['nay']
2026-01-05 10:42:06 | DEBUG    | log:153 | [get_keyword_boost] Query: 'Co giao dich nao dang bi treo ...' | Doc: getTransactionList | | Boost: 0.25 | Matched: ['trong']
2026-01-05 10:42:06 | DEBUG    | log:153 | [classify_query_intent] Ambiguous: 'Co giao dich nao dang bi treo ...' | Scores: {'Tra cứu lịch sử giao dịch theo khoảng thời gian': 1, 'getTransactionList | Tra cứu giao dịch chờ duyệt theo khoảng thời gian': 1}
2026-01-05 10:42:06 | DEBUG    | log:153 | [normalize_query] 'cho toi xem cac giao dich chua xu ly tu ...' -> 'Cho toi xem cac giao dich chua xu ly tu ...'
2026-01-05 10:42:06 | DEBUG    | log:153 | [perform_hybrid_search] query_text: [cho toi xem cac giao dich chua xu ly tu dau nam den nay] - formatted_query: [Cho toi xem cac giao dich chua xu ly tu dau nam den nay] - normalized_query: [Cho toi xem cac giao dich chua xu ly tu dau nam den nay]
2026-01-05 10:42:06 | DEBUG    | log:153 | [perform_hybrid_search] BM25 raw scores: min=0.0786, max=19.6914
2026-01-05 10:42:06 | DEBUG    | log:153 | [get_keyword_boost] Query: 'Cho toi xem cac giao dich chua...' | Doc: Tra cứu lịch sử giao | Boost: 0.25 | Matched: ['nay']
2026-01-05 10:42:06 | DEBUG    | log:153 | [classify_query_intent] Classified: 'Cho toi xem cac giao dich chua...' -> Tra cứu lịch sử giao dịch theo (score=1)
2026-01-05 10:42:06 | DEBUG    | log:153 | [normalize_query] 'liet ke tat ca giao dich can duyet trong...' -> 'Liet ke tat ca giao dich can duyet trong...'
2026-01-05 10:42:06 | DEBUG    | log:153 | [perform_hybrid_search] query_text: [liet ke tat ca giao dich can duyet trong thang 6] - formatted_query: [Liet ke tat ca giao dich can duyet trong thang 6] - normalized_query: [Liet ke tat ca giao dich can duyet trong thang 6]
2026-01-05 10:42:06 | DEBUG    | log:153 | [perform_hybrid_search] BM25 raw scores: min=0.0786, max=22.6645
2026-01-05 10:42:06 | DEBUG    | log:153 | [get_keyword_boost] Query: 'Liet ke tat ca giao dich can d...' | Doc: getTransactionList | | Boost: 0.25 | Matched: ['trong']
2026-01-05 10:42:06 | DEBUG    | log:153 | [classify_query_intent] Classified: 'Liet ke tat ca giao dich can d...' -> getTransactionList | Tra cứu g (score=1)
2026-01-05 10:42:06 | DEBUG    | log:153 | [normalize_query] 'Check giùm t các gd pending trong week n...' -> 'Check giùm t các gd pending trong week n...'
2026-01-05 10:42:06 | DEBUG    | log:153 | [perform_hybrid_search] query_text: [Check giùm t các gd pending trong week này.] - formatted_query: [Check giùm t các gd pending trong week này] - normalized_query: [Check giùm t các gd pending trong week này]
2026-01-05 10:42:06 | DEBUG    | log:153 | [perform_hybrid_search] BM25 raw scores: min=0.0000, max=1.9858
2026-01-05 10:42:06 | DEBUG    | log:153 | [get_keyword_boost] Query: 'Check giùm t các gd pending tr...' | Doc: Tra cứu giao dịch ch | Boost: 0.25 | Matched: ['ck']
2026-01-05 10:42:06 | DEBUG    | log:153 | [get_keyword_boost] Query: 'Check giùm t các gd pending tr...' | Doc: getTransactionList | | Boost: 0.25 | Matched: ['pending']
2026-01-05 10:42:06 | DEBUG    | log:153 | [get_keyword_boost] Query: 'Check giùm t các gd pending tr...' | Doc: getTransactionList | | Boost: 0.25 | Matched: ['pending']
2026-01-05 10:42:06 | DEBUG    | log:153 | [get_keyword_boost] Query: 'Check giùm t các gd pending tr...' | Doc: getTransactionList | | Boost: 0.50 | Matched: ['pending', 'trong']
2026-01-05 10:42:06 | DEBUG    | log:153 | [get_keyword_boost] Query: 'Check giùm t các gd pending tr...' | Doc: getTransactionList | | Boost: 0.25 | Matched: ['pending']
2026-01-05 10:42:06 | DEBUG    | log:153 | [get_keyword_boost] Query: 'Check giùm t các gd pending tr...' | Doc: getTransactionList | | Boost: 0.25 | Matched: ['pending']
2026-01-05 10:42:06 | DEBUG    | log:153 | [classify_query_intent] Classified: 'Check giùm t các gd pending tr...' -> getTransactionList | Tra cứu g (score=2)
2026-01-05 10:42:06 | DEBUG    | log:153 | [normalize_query] 'List cho tôi mấy lệnh waiting approve từ...' -> 'List cho tôi mấy lệnh waiting approve từ...'
2026-01-05 10:42:06 | DEBUG    | log:153 | [perform_hybrid_search] query_text: [List cho tôi mấy lệnh waiting approve từ 01/12 - 07/12.] - formatted_query: [List cho tôi mấy lệnh waiting approve từ 01/12 - 07/12] - normalized_query: [List cho tôi mấy lệnh waiting approve từ 01/12 - 07/12]
2026-01-05 10:42:06 | DEBUG    | log:153 | [perform_hybrid_search] BM25 raw scores: min=0.0000, max=21.0335
2026-01-05 10:42:06 | DEBUG    | log:153 | [get_keyword_boost] Query: 'List cho tôi mấy lệnh waiting ...' | Doc: getTransactionList | | Boost: 0.25 | Matched: ['từ']
2026-01-05 10:42:06 | DEBUG    | log:153 | [classify_query_intent] Classified: 'List cho tôi mấy lệnh waiting ...' -> getTransactionList | Tra cứu g (score=1)
2026-01-05 10:42:06 | DEBUG    | log:153 | [normalize_query] 'T muốn xem all gd pending of this month....' -> 'T muốn xem all gd pending of this month...'
2026-01-05 10:42:06 | DEBUG    | log:153 | [perform_hybrid_search] query_text: [T muốn xem all gd pending of this month.] - formatted_query: [T muốn xem all gd pending of this month] - normalized_query: [T muốn xem all gd pending of this month]
2026-01-05 10:42:06 | DEBUG    | log:153 | [perform_hybrid_search] BM25 raw scores: min=0.0000, max=9.8138
2026-01-05 10:42:06 | DEBUG    | log:153 | [get_keyword_boost] Query: 'T muốn xem all gd pending of t...' | Doc: getTransactionList | | Boost: 0.25 | Matched: ['pending']
2026-01-05 10:42:06 | DEBUG    | log:153 | [get_keyword_boost] Query: 'T muốn xem all gd pending of t...' | Doc: getTransactionList | | Boost: 0.25 | Matched: ['pending']
2026-01-05 10:42:06 | DEBUG    | log:153 | [get_keyword_boost] Query: 'T muốn xem all gd pending of t...' | Doc: getTransactionList | | Boost: 0.25 | Matched: ['pending']
2026-01-05 10:42:06 | DEBUG    | log:153 | [get_keyword_boost] Query: 'T muốn xem all gd pending of t...' | Doc: getTransactionList | | Boost: 0.25 | Matched: ['pending']
2026-01-05 10:42:06 | DEBUG    | log:153 | [get_keyword_boost] Query: 'T muốn xem all gd pending of t...' | Doc: getTransactionList | | Boost: 0.25 | Matched: ['pending']
2026-01-05 10:42:06 | DEBUG    | log:153 | [classify_query_intent] Ambiguous: 'T muốn xem all gd pending of t...' | Scores: {'getTransactionList | Tra cứu giao dịch đang chờ xử lý hoặc chờ duyệt': 1, 'getTransactionList | Tra cứu giao dịch chờ duyệt theo số tài khoản nguồn': 1, 'getTransactionList | Tra cứu giao dịch chờ duyệt theo khoảng thời gian': 1, 'getTransactionList | Tra cứu giao dịch chờ duyệt theo loại giao dịch': 1, 'getTransactionList | Tra cứu giao dịch chờ duyệt theo số tiền hoặc hạn mức': 1}
2026-01-05 10:42:06 | DEBUG    | log:153 | [normalize_query] 'Có gd nào status pending 3 days ago ko?...' -> 'Có gd nào status pending 3 days ago ko...'
2026-01-05 10:42:06 | DEBUG    | log:153 | [perform_hybrid_search] query_text: [Có gd nào status pending 3 days ago ko?] - formatted_query: [Có gd nào status pending 3 days ago ko] - normalized_query: [Có gd nào status pending 3 days ago ko]
2026-01-05 10:42:06 | DEBUG    | log:153 | [perform_hybrid_search] BM25 raw scores: min=0.0000, max=12.5124
2026-01-05 10:42:06 | DEBUG    | log:153 | [get_keyword_boost] Query: 'Có gd nào status pending 3 day...' | Doc: getTransactionList | | Boost: 0.25 | Matched: ['pending']
2026-01-05 10:42:06 | DEBUG    | log:153 | [get_keyword_boost] Query: 'Có gd nào status pending 3 day...' | Doc: getTransactionList | | Boost: 0.25 | Matched: ['pending']
2026-01-05 10:42:06 | DEBUG    | log:153 | [get_keyword_boost] Query: 'Có gd nào status pending 3 day...' | Doc: getTransactionList | | Boost: 0.25 | Matched: ['pending']
2026-01-05 10:42:06 | DEBUG    | log:153 | [get_keyword_boost] Query: 'Có gd nào status pending 3 day...' | Doc: getTransactionList | | Boost: 0.25 | Matched: ['pending']
2026-01-05 10:42:06 | DEBUG    | log:153 | [get_keyword_boost] Query: 'Có gd nào status pending 3 day...' | Doc: getTransactionList | | Boost: 0.25 | Matched: ['pending']
2026-01-05 10:42:06 | DEBUG    | log:153 | [classify_query_intent] Ambiguous: 'Có gd nào status pending 3 day...' | Scores: {'getTransactionList | Tra cứu giao dịch đang chờ xử lý hoặc chờ duyệt': 1, 'getTransactionList | Tra cứu giao dịch chờ duyệt theo số tài khoản nguồn': 1, 'getTransactionList | Tra cứu giao dịch chờ duyệt theo khoảng thời gian': 1, 'getTransactionList | Tra cứu giao dịch chờ duyệt theo loại giao dịch': 1, 'getTransactionList | Tra cứu giao dịch chờ duyệt theo số tiền hoặc hạn mức': 1}
2026-01-05 10:42:06 | DEBUG    | log:153 | [normalize_query] 'Những gd nào chưa done trong quý rồi....' -> 'Những gd nào chưa done trong quý rồi...'
2026-01-05 10:42:06 | DEBUG    | log:153 | [perform_hybrid_search] query_text: [Những gd nào chưa done trong quý rồi.] - formatted_query: [Những gd nào chưa done trong quý rồi] - normalized_query: [Những gd nào chưa done trong quý rồi]
2026-01-05 10:42:06 | DEBUG    | log:153 | [perform_hybrid_search] BM25 raw scores: min=0.0000, max=17.5363
2026-01-05 10:42:06 | DEBUG    | log:153 | [get_keyword_boost] Query: 'Những gd nào chưa done trong q...' | Doc: Tra cứu lịch sử giao | Boost: 0.25 | Matched: ['quý']
2026-01-05 10:42:06 | DEBUG    | log:153 | [get_keyword_boost] Query: 'Những gd nào chưa done trong q...' | Doc: getTransactionList | | Boost: 0.50 | Matched: ['quý', 'trong']
2026-01-05 10:42:06 | DEBUG    | log:153 | [classify_query_intent] Classified: 'Những gd nào chưa done trong q...' -> getTransactionList | Tra cứu g (score=2)
2026-01-05 10:42:06 | DEBUG    | log:153 | [normalize_query] 'Các gd nào chưa approved trong Q3....' -> 'Các gd nào chưa approved trong q3...'
2026-01-05 10:42:06 | DEBUG    | log:153 | [perform_hybrid_search] query_text: [Các gd nào chưa approved trong Q3.] - formatted_query: [Các gd nào chưa approved trong q3] - normalized_query: [Các gd nào chưa approved trong q3]
2026-01-05 10:42:06 | DEBUG    | log:153 | [perform_hybrid_search] BM25 raw scores: min=0.0000, max=13.9882
2026-01-05 10:42:06 | DEBUG    | log:153 | [get_keyword_boost] Query: 'Các gd nào chưa approved trong...' | Doc: getTransactionList | | Boost: 0.25 | Matched: ['trong']
2026-01-05 10:42:06 | DEBUG    | log:153 | [classify_query_intent] Classified: 'Các gd nào chưa approved trong...' -> getTransactionList | Tra cứu g (score=1)
2026-01-05 10:42:06 | DEBUG    | log:153 | [normalize_query] 'Xem list pending 10 ngày qua....' -> 'Xem list pending 10 ngày qua...'
2026-01-05 10:42:06 | DEBUG    | log:153 | [perform_hybrid_search] query_text: [Xem list pending 10 ngày qua.] - formatted_query: [Xem list pending 10 ngày qua] - normalized_query: [Xem list pending 10 ngày qua]
2026-01-05 10:42:06 | DEBUG    | log:153 | [perform_hybrid_search] BM25 raw scores: min=0.0000, max=16.9853
2026-01-05 10:42:06 | DEBUG    | log:153 | [get_keyword_boost] Query: 'Xem list pending 10 ngày qua...' | Doc: Tra cứu lịch sử giao | Boost: 0.25 | Matched: ['ngày']
2026-01-05 10:42:06 | DEBUG    | log:153 | [get_keyword_boost] Query: 'Xem list pending 10 ngày qua...' | Doc: getTransactionList | | Boost: 0.25 | Matched: ['pending']
2026-01-05 10:42:06 | DEBUG    | log:153 | [get_keyword_boost] Query: 'Xem list pending 10 ngày qua...' | Doc: getTransactionList | | Boost: 0.25 | Matched: ['pending']
2026-01-05 10:42:06 | DEBUG    | log:153 | [get_keyword_boost] Query: 'Xem list pending 10 ngày qua...' | Doc: getTransactionList | | Boost: 0.50 | Matched: ['pending', 'ngày']
2026-01-05 10:42:06 | DEBUG    | log:153 | [get_keyword_boost] Query: 'Xem list pending 10 ngày qua...' | Doc: getTransactionList | | Boost: 0.25 | Matched: ['pending']
2026-01-05 10:42:06 | DEBUG    | log:153 | [get_keyword_boost] Query: 'Xem list pending 10 ngày qua...' | Doc: getTransactionList | | Boost: 0.25 | Matched: ['pending']
2026-01-05 10:42:06 | DEBUG    | log:153 | [classify_query_intent] Classified: 'Xem list pending 10 ngày qua...' -> getTransactionList | Tra cứu g (score=2)
2026-01-05 10:42:06 | DEBUG    | log:153 | [normalize_query] 'Show các lệnh not approved yet của hôm q...' -> 'Show các lệnh not approved yet của hôm q...'
2026-01-05 10:42:06 | DEBUG    | log:153 | [perform_hybrid_search] query_text: [Show các lệnh not approved yet của hôm qua.] - formatted_query: [Show các lệnh not approved yet của hôm qua] - normalized_query: [Show các lệnh not approved yet của hôm qua]
2026-01-05 10:42:06 | DEBUG    | log:153 | [perform_hybrid_search] BM25 raw scores: min=0.0000, max=11.6639
2026-01-05 10:42:06 | DEBUG    | log:153 | [get_keyword_boost] Query: 'Show các lệnh not approved yet...' | Doc: Tra cứu lịch sử giao | Boost: 0.25 | Matched: ['hôm qua']
2026-01-05 10:42:06 | DEBUG    | log:153 | [get_keyword_boost] Query: 'Show các lệnh not approved yet...' | Doc: getTransactionList | | Boost: 0.25 | Matched: ['hôm qua']
2026-01-05 10:42:06 | DEBUG    | log:153 | [classify_query_intent] Ambiguous: 'Show các lệnh not approved yet...' | Scores: {'Tra cứu lịch sử giao dịch theo khoảng thời gian': 1, 'getTransactionList | Tra cứu giao dịch chờ duyệt theo khoảng thời gian': 1}
2026-01-05 10:42:06 | DEBUG    | log:153 | [normalize_query] 'Filter các giao dịch waiting trong tháng...' -> 'Filter các giao dịch waiting trong tháng...'
2026-01-05 10:42:06 | DEBUG    | log:153 | [perform_hybrid_search] query_text: [Filter các giao dịch waiting trong tháng 11.] - formatted_query: [Filter các giao dịch waiting trong tháng 11] - normalized_query: [Filter các giao dịch waiting trong tháng 11]
2026-01-05 10:42:06 | DEBUG    | log:153 | [perform_hybrid_search] BM25 raw scores: min=0.0786, max=7.2908
2026-01-05 10:42:06 | DEBUG    | log:153 | [get_keyword_boost] Query: 'Filter các giao dịch waiting t...' | Doc: Tra cứu lịch sử giao | Boost: 0.25 | Matched: ['tháng']
2026-01-05 10:42:06 | DEBUG    | log:153 | [get_keyword_boost] Query: 'Filter các giao dịch waiting t...' | Doc: getTransactionList | | Boost: 0.50 | Matched: ['tháng', 'trong']
2026-01-05 10:42:06 | DEBUG    | log:153 | [classify_query_intent] Classified: 'Filter các giao dịch waiting t...' -> getTransactionList | Tra cứu g (score=2)
2026-01-05 10:42:06 | DEBUG    | log:153 | [normalize_query] 'Có cái nào status đang hang từ tuần trướ...' -> 'Có cái nào status đang hang từ tuần trướ...'
2026-01-05 10:42:06 | DEBUG    | log:153 | [perform_hybrid_search] query_text: [Có cái nào status đang hang từ tuần trước ko?] - formatted_query: [Có cái nào status đang hang từ tuần trước ko] - normalized_query: [Có cái nào status đang hang từ tuần trước ko]
2026-01-05 10:42:06 | DEBUG    | log:153 | [perform_hybrid_search] BM25 raw scores: min=0.0000, max=21.4481
2026-01-05 10:42:06 | DEBUG    | log:153 | [get_keyword_boost] Query: 'Có cái nào status đang hang từ...' | Doc: getTransactionList | | Boost: 0.25 | Matched: ['tuần']
2026-01-05 10:42:06 | DEBUG    | log:153 | [get_keyword_boost] Query: 'Có cái nào status đang hang từ...' | Doc: getTransactionList | | Boost: 0.25 | Matched: ['từ']
2026-01-05 10:42:06 | DEBUG    | log:153 | [classify_query_intent] Ambiguous: 'Có cái nào status đang hang từ...' | Scores: {'getTransactionList | Tra cứu giao dịch chờ duyệt theo khoảng thời gian': 1, 'getTransactionList | Tra cứu giao dịch chờ duyệt theo số tiền hoặc hạn mức': 1}
2026-01-05 10:42:06 | DEBUG    | log:153 | [normalize_query] 'Hiển thị ds gd chua dc duyet hqua....' -> 'Hiển thị ds gd chua dc duyet hqua...'
2026-01-05 10:42:06 | DEBUG    | log:153 | [perform_hybrid_search] query_text: [Hiển thị ds gd chua dc duyet hqua.] - formatted_query: [Hiển thị ds gd chua dc duyet hqua] - normalized_query: [Hiển thị ds gd chua dc duyet hqua]
2026-01-05 10:42:06 | DEBUG    | log:153 | [perform_hybrid_search] BM25 raw scores: min=0.0000, max=15.3330
2026-01-05 10:42:06 | DEBUG    | log:153 | [classify_query_intent] No keyword matches found in: 'Hiển thị ds gd chua dc duyet hqua'
2026-01-05 10:42:06 | DEBUG    | log:153 | [normalize_query] 'Mấy lệnh ck nào chưa dc duyệt tuần rồi?...' -> 'Mấy lệnh ck nào chưa dc duyệt tuần rồi...'
2026-01-05 10:42:06 | DEBUG    | log:153 | [perform_hybrid_search] query_text: [Mấy lệnh ck nào chưa dc duyệt tuần rồi?] - formatted_query: [Mấy lệnh ck nào chưa dc duyệt tuần rồi] - normalized_query: [Mấy lệnh ck nào chưa dc duyệt tuần rồi]
2026-01-05 10:42:06 | DEBUG    | log:153 | [perform_hybrid_search] BM25 raw scores: min=0.0000, max=24.9481
2026-01-05 10:42:06 | DEBUG    | log:153 | [get_keyword_boost] Query: 'Mấy lệnh ck nào chưa dc duyệt ...' | Doc: Tra cứu giao dịch ch | Boost: 0.25 | Matched: ['ck']
2026-01-05 10:42:06 | DEBUG    | log:153 | [get_keyword_boost] Query: 'Mấy lệnh ck nào chưa dc duyệt ...' | Doc: getTransactionList | | Boost: 0.25 | Matched: ['tuần']
2026-01-05 10:42:06 | DEBUG    | log:153 | [classify_query_intent] Ambiguous: 'Mấy lệnh ck nào chưa dc duyệt ...' | Scores: {'Tra cứu giao dịch chuyển tiền': 1, 'getTransactionList | Tra cứu giao dịch chờ duyệt theo khoảng thời gian': 1}
2026-01-05 10:42:06 | DEBUG    | log:153 | [normalize_query] 'Cho biết gd nào chưa duyệt hnay....' -> 'Cho biết gd nào chưa duyệt hnay...'
2026-01-05 10:42:06 | DEBUG    | log:153 | [perform_hybrid_search] query_text: [Cho biết gd nào chưa duyệt hnay.] - formatted_query: [Cho biết gd nào chưa duyệt hnay] - normalized_query: [Cho biết gd nào chưa duyệt hnay]
2026-01-05 10:42:06 | DEBUG    | log:153 | [perform_hybrid_search] BM25 raw scores: min=0.0000, max=24.0821
2026-01-05 10:42:06 | DEBUG    | log:153 | [get_keyword_boost] Query: 'Cho biết gd nào chưa duyệt hna...' | Doc: Tra cứu lịch sử giao | Boost: 0.25 | Matched: ['nay']
2026-01-05 10:42:06 | DEBUG    | log:153 | [classify_query_intent] Classified: 'Cho biết gd nào chưa duyệt hna...' -> Tra cứu lịch sử giao dịch theo (score=1)
2026-01-05 10:42:06 | DEBUG    | log:153 | [normalize_query] 'Xem hết mấy cái gd chưa xong trong t9....' -> 'Xem hết mấy cái gd chưa xong trong t9...'
2026-01-05 10:42:06 | DEBUG    | log:153 | [perform_hybrid_search] query_text: [Xem hết mấy cái gd chưa xong trong t9.] - formatted_query: [Xem hết mấy cái gd chưa xong trong t9] - normalized_query: [Xem hết mấy cái gd chưa xong trong t9]
2026-01-05 10:42:06 | DEBUG    | log:153 | [perform_hybrid_search] BM25 raw scores: min=0.0000, max=8.4982
2026-01-05 10:42:06 | DEBUG    | log:153 | [get_keyword_boost] Query: 'Xem hết mấy cái gd chưa xong t...' | Doc: getTransactionList | | Boost: 0.25 | Matched: ['trong']
2026-01-05 10:42:06 | DEBUG    | log:153 | [classify_query_intent] Classified: 'Xem hết mấy cái gd chưa xong t...' -> getTransactionList | Tra cứu g (score=1)
2026-01-05 10:42:06 | DEBUG    | log:153 | [normalize_query] 'List lệnh ck chờ duyệt 20/12-25/12....' -> 'List lệnh ck chờ duyệt 20/12-25/12...'
2026-01-05 10:42:06 | DEBUG    | log:153 | [perform_hybrid_search] query_text: [List lệnh ck chờ duyệt 20/12-25/12.] - formatted_query: [List lệnh ck chờ duyệt 20/12-25/12] - normalized_query: [List lệnh ck chờ duyệt 20/12-25/12]
2026-01-05 10:42:06 | DEBUG    | log:153 | [perform_hybrid_search] BM25 raw scores: min=0.0000, max=21.3197
2026-01-05 10:42:06 | DEBUG    | log:153 | [get_keyword_boost] Query: 'List lệnh ck chờ duyệt 20/12-2...' | Doc: Tra cứu giao dịch th | Boost: 0.25 | Matched: ['chờ']
2026-01-05 10:42:06 | DEBUG    | log:153 | [get_keyword_boost] Query: 'List lệnh ck chờ duyệt 20/12-2...' | Doc: Tra cứu giao dịch ch | Boost: 0.25 | Matched: ['ck']
2026-01-05 10:42:06 | DEBUG    | log:153 | [get_keyword_boost] Query: 'List lệnh ck chờ duyệt 20/12-2...' | Doc: getTransactionList | | Boost: 0.25 | Matched: ['chờ duyệt']
2026-01-05 10:42:06 | DEBUG    | log:153 | [get_keyword_boost] Query: 'List lệnh ck chờ duyệt 20/12-2...' | Doc: getTransactionList | | Boost: 0.25 | Matched: ['chờ duyệt']
2026-01-05 10:42:06 | DEBUG    | log:153 | [get_keyword_boost] Query: 'List lệnh ck chờ duyệt 20/12-2...' | Doc: getTransactionList | | Boost: 0.25 | Matched: ['chờ duyệt']
2026-01-05 10:42:06 | DEBUG    | log:153 | [get_keyword_boost] Query: 'List lệnh ck chờ duyệt 20/12-2...' | Doc: getTransactionList | | Boost: 0.25 | Matched: ['chờ duyệt']
2026-01-05 10:42:06 | DEBUG    | log:153 | [get_keyword_boost] Query: 'List lệnh ck chờ duyệt 20/12-2...' | Doc: getTransactionList | | Boost: 0.25 | Matched: ['chờ duyệt']
2026-01-05 10:42:06 | DEBUG    | log:153 | [classify_query_intent] Ambiguous: 'List lệnh ck chờ duyệt 20/12-2...' | Scores: {'Tra cứu giao dịch theo trạng thái': 1, 'Tra cứu giao dịch chuyển tiền': 1, 'getTransactionList | Tra cứu giao dịch đang chờ xử lý hoặc chờ duyệt': 1, 'getTransactionList | Tra cứu giao dịch chờ duyệt theo số tài khoản nguồn': 1, 'getTransactionList | Tra cứu giao dịch chờ duyệt theo khoảng thời gian': 1, 'getTransactionList | Tra cứu giao dịch chờ duyệt theo loại giao dịch': 1, 'getTransactionList | Tra cứu giao dịch chờ duyệt theo số tiền hoặc hạn mức': 1}
2026-01-05 10:42:06 | DEBUG    | log:153 | [normalize_query] 'Có gd nào bị treo tuan nay k....' -> 'Có gd nào bị treo tuan nay k...'
2026-01-05 10:42:06 | DEBUG    | log:153 | [perform_hybrid_search] query_text: [Có gd nào bị treo tuan nay k.] - formatted_query: [Có gd nào bị treo tuan nay k] - normalized_query: [Có gd nào bị treo tuan nay k]
2026-01-05 10:42:06 | DEBUG    | log:153 | [perform_hybrid_search] BM25 raw scores: min=0.0000, max=18.9244
2026-01-05 10:42:06 | DEBUG    | log:153 | [get_keyword_boost] Query: 'Có gd nào bị treo tuan nay k...' | Doc: Tra cứu lịch sử giao | Boost: 0.25 | Matched: ['nay']
2026-01-05 10:42:06 | DEBUG    | log:153 | [classify_query_intent] Classified: 'Có gd nào bị treo tuan nay k...' -> Tra cứu lịch sử giao dịch theo (score=1)
2026-01-05 10:42:06 | DEBUG    | log:153 | [normalize_query] 'Ktra xem có lệnh nào sót chưa duyệt t10 ...' -> 'Ktra xem có lệnh nào sót chưa duyệt t10 ...'
2026-01-05 10:42:06 | DEBUG    | log:153 | [perform_hybrid_search] query_text: [Ktra xem có lệnh nào sót chưa duyệt t10 k.] - formatted_query: [Ktra xem có lệnh nào sót chưa duyệt t10 k] - normalized_query: [Ktra xem có lệnh nào sót chưa duyệt t10 k]
2026-01-05 10:42:06 | DEBUG    | log:153 | [perform_hybrid_search] BM25 raw scores: min=0.0000, max=28.7065
2026-01-05 10:42:06 | DEBUG    | log:153 | [classify_query_intent] No keyword matches found in: 'Ktra xem có lệnh nào sót chưa duyệt t10 k'
2026-01-05 10:42:06 | DEBUG    | log:153 | [normalize_query] 'Tổng hợp các gd chờ xl từ 1/1 đến nay....' -> 'Tổng hợp các gd chờ xl từ 1/1 đến nay...'
2026-01-05 10:42:06 | DEBUG    | log:153 | [perform_hybrid_search] query_text: [Tổng hợp các gd chờ xl từ 1/1 đến nay.] - formatted_query: [Tổng hợp các gd chờ xl từ 1/1 đến nay] - normalized_query: [Tổng hợp các gd chờ xl từ 1/1 đến nay]
2026-01-05 10:42:06 | DEBUG    | log:153 | [perform_hybrid_search] BM25 raw scores: min=0.0000, max=14.1865
2026-01-05 10:42:06 | DEBUG    | log:153 | [get_keyword_boost] Query: 'Tổng hợp các gd chờ xl từ 1/1 ...' | Doc: Tra cứu lịch sử giao | Boost: 0.25 | Matched: ['nay']
2026-01-05 10:42:06 | DEBUG    | log:153 | [get_keyword_boost] Query: 'Tổng hợp các gd chờ xl từ 1/1 ...' | Doc: Tra cứu giao dịch th | Boost: 0.25 | Matched: ['chờ']
2026-01-05 10:42:06 | DEBUG    | log:153 | [get_keyword_boost] Query: 'Tổng hợp các gd chờ xl từ 1/1 ...' | Doc: Tổng hợp số tiền gia | Boost: 0.25 | Matched: ['tổng']
2026-01-05 10:42:06 | DEBUG    | log:153 | [get_keyword_boost] Query: 'Tổng hợp các gd chờ xl từ 1/1 ...' | Doc: Thống kê giao dịch t | Boost: 0.25 | Matched: ['tổng hợp']
2026-01-05 10:42:06 | DEBUG    | log:153 | [get_keyword_boost] Query: 'Tổng hợp các gd chờ xl từ 1/1 ...' | Doc: getTransactionList | | Boost: 0.25 | Matched: ['từ']
2026-01-05 10:42:06 | DEBUG    | log:153 | [classify_query_intent] Ambiguous: 'Tổng hợp các gd chờ xl từ 1/1 ...' | Scores: {'Tra cứu lịch sử giao dịch theo khoảng thời gian': 1, 'Tra cứu giao dịch theo trạng thái': 1, 'Tổng hợp số tiền giao dịch': 1, 'Thống kê giao dịch theo nhóm': 1, 'getTransactionList | Tra cứu giao dịch chờ duyệt theo số tiền hoặc hạn mức': 1}
2026-01-05 10:42:06 | DEBUG    | log:153 | [normalize_query] 'Mở list chờ duyệt t7....' -> 'Mở list chờ duyệt t7...'
2026-01-05 10:42:06 | DEBUG    | log:153 | [perform_hybrid_search] query_text: [Mở list chờ duyệt t7.] - formatted_query: [Mở list chờ duyệt t7] - normalized_query: [Mở list chờ duyệt t7]
2026-01-05 10:42:06 | DEBUG    | log:153 | [perform_hybrid_search] BM25 raw scores: min=0.0000, max=7.6782
2026-01-05 10:42:06 | DEBUG    | log:153 | [get_keyword_boost] Query: 'Mở list chờ duyệt t7...' | Doc: Tra cứu giao dịch th | Boost: 0.25 | Matched: ['chờ']
2026-01-05 10:42:06 | DEBUG    | log:153 | [get_keyword_boost] Query: 'Mở list chờ duyệt t7...' | Doc: getTransactionList | | Boost: 0.25 | Matched: ['chờ duyệt']
2026-01-05 10:42:06 | DEBUG    | log:153 | [get_keyword_boost] Query: 'Mở list chờ duyệt t7...' | Doc: getTransactionList | | Boost: 0.25 | Matched: ['chờ duyệt']
2026-01-05 10:42:06 | DEBUG    | log:153 | [get_keyword_boost] Query: 'Mở list chờ duyệt t7...' | Doc: getTransactionList | | Boost: 0.25 | Matched: ['chờ duyệt']
2026-01-05 10:42:06 | DEBUG    | log:153 | [get_keyword_boost] Query: 'Mở list chờ duyệt t7...' | Doc: getTransactionList | | Boost: 0.25 | Matched: ['chờ duyệt']
2026-01-05 10:42:06 | DEBUG    | log:153 | [get_keyword_boost] Query: 'Mở list chờ duyệt t7...' | Doc: getTransactionList | | Boost: 0.25 | Matched: ['chờ duyệt']
2026-01-05 10:42:06 | DEBUG    | log:153 | [classify_query_intent] Ambiguous: 'Mở list chờ duyệt t7...' | Scores: {'Tra cứu giao dịch theo trạng thái': 1, 'getTransactionList | Tra cứu giao dịch đang chờ xử lý hoặc chờ duyệt': 1, 'getTransactionList | Tra cứu giao dịch chờ duyệt theo số tài khoản nguồn': 1, 'getTransactionList | Tra cứu giao dịch chờ duyệt theo khoảng thời gian': 1, 'getTransactionList | Tra cứu giao dịch chờ duyệt theo loại giao dịch': 1, 'getTransactionList | Tra cứu giao dịch chờ duyệt theo số tiền hoặc hạn mức': 1}
2026-01-05 10:42:06 | DEBUG    | log:153 | [normalize_query] 'Có lệnh ck nào pending hnay ko?...' -> 'Có lệnh ck nào pending hnay ko...'
2026-01-05 10:42:06 | DEBUG    | log:153 | [perform_hybrid_search] query_text: [Có lệnh ck nào pending hnay ko?] - formatted_query: [Có lệnh ck nào pending hnay ko] - normalized_query: [Có lệnh ck nào pending hnay ko]
2026-01-05 10:42:07 | DEBUG    | log:153 | [perform_hybrid_search] BM25 raw scores: min=0.0000, max=16.6284
2026-01-05 10:42:07 | DEBUG    | log:153 | [get_keyword_boost] Query: 'Có lệnh ck nào pending hnay ko...' | Doc: Tra cứu lịch sử giao | Boost: 0.25 | Matched: ['nay']
2026-01-05 10:42:07 | DEBUG    | log:153 | [get_keyword_boost] Query: 'Có lệnh ck nào pending hnay ko...' | Doc: Tra cứu giao dịch ch | Boost: 0.25 | Matched: ['ck']
2026-01-05 10:42:07 | DEBUG    | log:153 | [get_keyword_boost] Query: 'Có lệnh ck nào pending hnay ko...' | Doc: getTransactionList | | Boost: 0.25 | Matched: ['pending']
2026-01-05 10:42:07 | DEBUG    | log:153 | [get_keyword_boost] Query: 'Có lệnh ck nào pending hnay ko...' | Doc: getTransactionList | | Boost: 0.25 | Matched: ['pending']
2026-01-05 10:42:07 | DEBUG    | log:153 | [get_keyword_boost] Query: 'Có lệnh ck nào pending hnay ko...' | Doc: getTransactionList | | Boost: 0.25 | Matched: ['pending']
2026-01-05 10:42:07 | DEBUG    | log:153 | [get_keyword_boost] Query: 'Có lệnh ck nào pending hnay ko...' | Doc: getTransactionList | | Boost: 0.25 | Matched: ['pending']
2026-01-05 10:42:07 | DEBUG    | log:153 | [get_keyword_boost] Query: 'Có lệnh ck nào pending hnay ko...' | Doc: getTransactionList | | Boost: 0.25 | Matched: ['pending']
2026-01-05 10:42:07 | DEBUG    | log:153 | [classify_query_intent] Ambiguous: 'Có lệnh ck nào pending hnay ko...' | Scores: {'Tra cứu lịch sử giao dịch theo khoảng thời gian': 1, 'Tra cứu giao dịch chuyển tiền': 1, 'getTransactionList | Tra cứu giao dịch đang chờ xử lý hoặc chờ duyệt': 1, 'getTransactionList | Tra cứu giao dịch chờ duyệt theo số tài khoản nguồn': 1, 'getTransactionList | Tra cứu giao dịch chờ duyệt theo khoảng thời gian': 1, 'getTransactionList | Tra cứu giao dịch chờ duyệt theo loại giao dịch': 1, 'getTransactionList | Tra cứu giao dịch chờ duyệt theo số tiền hoặc hạn mức': 1}
2026-01-05 10:42:07 | DEBUG    | log:153 | [normalize_query] 'Có gd nào đang chờ sử lý trong tháng 11 ...' -> 'Có gd nào đang chờ sử lý trong tháng 11 ...'
2026-01-05 10:42:07 | DEBUG    | log:153 | [perform_hybrid_search] query_text: [Có gd nào đang chờ sử lý trong tháng 11 ko?] - formatted_query: [Có gd nào đang chờ sử lý trong tháng 11 ko] - normalized_query: [Có gd nào đang chờ sử lý trong tháng 11 ko]
2026-01-05 10:42:07 | DEBUG    | log:153 | [perform_hybrid_search] BM25 raw scores: min=0.3769, max=31.7949
2026-01-05 10:42:07 | DEBUG    | log:153 | [get_keyword_boost] Query: 'Có gd nào đang chờ sử lý trong...' | Doc: Tra cứu lịch sử giao | Boost: 0.25 | Matched: ['tháng']
2026-01-05 10:42:07 | DEBUG    | log:153 | [get_keyword_boost] Query: 'Có gd nào đang chờ sử lý trong...' | Doc: Tra cứu giao dịch th | Boost: 0.25 | Matched: ['chờ']
2026-01-05 10:42:07 | DEBUG    | log:153 | [get_keyword_boost] Query: 'Có gd nào đang chờ sử lý trong...' | Doc: getTransactionList | | Boost: 0.25 | Matched: ['đang chờ']
2026-01-05 10:42:07 | DEBUG    | log:153 | [get_keyword_boost] Query: 'Có gd nào đang chờ sử lý trong...' | Doc: getTransactionList | | Boost: 0.50 | Matched: ['tháng', 'trong']
2026-01-05 10:42:07 | DEBUG    | log:153 | [classify_query_intent] Classified: 'Có gd nào đang chờ sử lý trong...' -> getTransactionList | Tra cứu g (score=2)
2026-01-05 10:42:07 | DEBUG    | log:153 | [normalize_query] 'Liệt kê gd bị cheo từ 10/10 đến 20/10....' -> 'Liệt kê gd bị cheo từ 10/10 đến 20/10...'
2026-01-05 10:42:07 | DEBUG    | log:153 | [perform_hybrid_search] query_text: [Liệt kê gd bị cheo từ 10/10 đến 20/10.] - formatted_query: [Liệt kê gd bị cheo từ 10/10 đến 20/10] - normalized_query: [Liệt kê gd bị cheo từ 10/10 đến 20/10]
2026-01-05 10:42:07 | DEBUG    | log:153 | [perform_hybrid_search] BM25 raw scores: min=0.0000, max=22.3896
2026-01-05 10:42:07 | DEBUG    | log:153 | [get_keyword_boost] Query: 'Liệt kê gd bị cheo từ 10/10 đế...' | Doc: getTransactionList | | Boost: 0.25 | Matched: ['từ']
2026-01-05 10:42:07 | DEBUG    | log:153 | [classify_query_intent] Classified: 'Liệt kê gd bị cheo từ 10/10 đế...' -> getTransactionList | Tra cứu g (score=1)
2026-01-05 10:42:07 | DEBUG    | log:153 | [normalize_query] 'Show các lệnh chua xu ly tuần chước....' -> 'Show các lệnh chua xu ly tuần chước...'
2026-01-05 10:42:07 | DEBUG    | log:153 | [perform_hybrid_search] query_text: [Show các lệnh chua xu ly tuần chước.] - formatted_query: [Show các lệnh chua xu ly tuần chước] - normalized_query: [Show các lệnh chua xu ly tuần chước]
2026-01-05 10:42:07 | DEBUG    | log:153 | [perform_hybrid_search] BM25 raw scores: min=0.0000, max=13.2760
2026-01-05 10:42:07 | DEBUG    | log:153 | [get_keyword_boost] Query: 'Show các lệnh chua xu ly tuần ...' | Doc: getTransactionList | | Boost: 0.25 | Matched: ['tuần']
2026-01-05 10:42:07 | DEBUG    | log:153 | [classify_query_intent] Classified: 'Show các lệnh chua xu ly tuần ...' -> getTransactionList | Tra cứu g (score=1)
2026-01-05 10:42:07 | DEBUG    | log:153 | [normalize_query] 'Ktra giúp gd đang pendin tháng 8....' -> 'Ktra giúp gd đang pendin tháng 8...'
2026-01-05 10:42:07 | DEBUG    | log:153 | [perform_hybrid_search] query_text: [Ktra giúp gd đang pendin tháng 8.] - formatted_query: [Ktra giúp gd đang pendin tháng 8] - normalized_query: [Ktra giúp gd đang pendin tháng 8]
2026-01-05 10:42:07 | DEBUG    | log:153 | [perform_hybrid_search] BM25 raw scores: min=0.0000, max=6.1482
2026-01-05 10:42:07 | DEBUG    | log:153 | [get_keyword_boost] Query: 'Ktra giúp gd đang pendin tháng...' | Doc: Tra cứu lịch sử giao | Boost: 0.25 | Matched: ['tháng']
2026-01-05 10:42:07 | DEBUG    | log:153 | [get_keyword_boost] Query: 'Ktra giúp gd đang pendin tháng...' | Doc: getTransactionList | | Boost: 0.25 | Matched: ['tháng']
2026-01-05 10:42:07 | DEBUG    | log:153 | [classify_query_intent] Ambiguous: 'Ktra giúp gd đang pendin tháng...' | Scores: {'Tra cứu lịch sử giao dịch theo khoảng thời gian': 1, 'getTransactionList | Tra cứu giao dịch chờ duyệt theo khoảng thời gian': 1}
2026-01-05 10:42:07 | DEBUG    | log:153 | [normalize_query] 'Hiển thị toàn bộ gd chưa fê duyệt tháng ...' -> 'Hiển thị toàn bộ gd chưa fê duyệt tháng ...'
2026-01-05 10:42:07 | DEBUG    | log:153 | [perform_hybrid_search] query_text: [Hiển thị toàn bộ gd chưa fê duyệt tháng 7.] - formatted_query: [Hiển thị toàn bộ gd chưa fê duyệt tháng 7] - normalized_query: [Hiển thị toàn bộ gd chưa fê duyệt tháng 7]
2026-01-05 10:42:07 | DEBUG    | log:153 | [perform_hybrid_search] BM25 raw scores: min=0.0000, max=33.2621
2026-01-05 10:42:07 | DEBUG    | log:153 | [get_keyword_boost] Query: 'Hiển thị toàn bộ gd chưa fê du...' | Doc: Tra cứu lịch sử giao | Boost: 0.25 | Matched: ['tháng']
2026-01-05 10:42:07 | DEBUG    | log:153 | [get_keyword_boost] Query: 'Hiển thị toàn bộ gd chưa fê du...' | Doc: getTransactionList | | Boost: 0.25 | Matched: ['toàn bộ']
2026-01-05 10:42:07 | DEBUG    | log:153 | [get_keyword_boost] Query: 'Hiển thị toàn bộ gd chưa fê du...' | Doc: getTransactionList | | Boost: 0.25 | Matched: ['tháng']
2026-01-05 10:42:07 | DEBUG    | log:153 | [classify_query_intent] Ambiguous: 'Hiển thị toàn bộ gd chưa fê du...' | Scores: {'Tra cứu lịch sử giao dịch theo khoảng thời gian': 1, 'getTransactionList | Tra cứu giao dịch đang chờ xử lý hoặc chờ duyệt': 1, 'getTransactionList | Tra cứu giao dịch chờ duyệt theo khoảng thời gian': 1}
2026-01-05 10:42:07 | DEBUG    | log:153 | [normalize_query] 'Xem gd chưa sử lý từ 01/05....' -> 'Xem gd chưa sử lý từ 01/05...'
2026-01-05 10:42:07 | DEBUG    | log:153 | [perform_hybrid_search] query_text: [Xem gd chưa sử lý từ 01/05.] - formatted_query: [Xem gd chưa sử lý từ 01/05] - normalized_query: [Xem gd chưa sử lý từ 01/05]
2026-01-05 10:42:07 | DEBUG    | log:153 | [perform_hybrid_search] BM25 raw scores: min=0.6607, max=20.6338
2026-01-05 10:42:07 | DEBUG    | log:153 | [get_keyword_boost] Query: 'Xem gd chưa sử lý từ 01/05...' | Doc: getTransactionList | | Boost: 0.25 | Matched: ['từ']
2026-01-05 10:42:07 | DEBUG    | log:153 | [classify_query_intent] Classified: 'Xem gd chưa sử lý từ 01/05...' -> getTransactionList | Tra cứu g (score=1)
2026-01-05 10:42:07 | DEBUG    | log:153 | [normalize_query] 'Liệt kê gd cân duyet trong thang 6....' -> 'Liệt kê gd cân duyet trong thang 6...'
2026-01-05 10:42:07 | DEBUG    | log:153 | [perform_hybrid_search] query_text: [Liệt kê gd cân duyet trong thang 6.] - formatted_query: [Liệt kê gd cân duyet trong thang 6] - normalized_query: [Liệt kê gd cân duyet trong thang 6]
2026-01-05 10:42:07 | DEBUG    | log:153 | [perform_hybrid_search] BM25 raw scores: min=0.0000, max=24.6545
2026-01-05 10:42:07 | DEBUG    | log:153 | [get_keyword_boost] Query: 'Liệt kê gd cân duyet trong tha...' | Doc: getTransactionList | | Boost: 0.25 | Matched: ['trong']
2026-01-05 10:42:07 | DEBUG    | log:153 | [classify_query_intent] Classified: 'Liệt kê gd cân duyet trong tha...' -> getTransactionList | Tra cứu g (score=1)
2026-01-05 10:42:07 | DEBUG    | log:153 | [normalize_query] 'Có gd nào đang cho duyeet tuan nay ko....' -> 'Có gd nào đang cho duyeet tuan nay ko...'
2026-01-05 10:42:07 | DEBUG    | log:153 | [perform_hybrid_search] query_text: [Có gd nào đang cho duyeet tuan nay ko.] - formatted_query: [Có gd nào đang cho duyeet tuan nay ko] - normalized_query: [Có gd nào đang cho duyeet tuan nay ko]
2026-01-05 10:42:07 | DEBUG    | log:153 | [perform_hybrid_search] BM25 raw scores: min=0.0000, max=20.8801
2026-01-05 10:42:07 | DEBUG    | log:153 | [get_keyword_boost] Query: 'Có gd nào đang cho duyeet tuan...' | Doc: Tra cứu lịch sử giao | Boost: 0.25 | Matched: ['nay']
2026-01-05 10:42:07 | DEBUG    | log:153 | [classify_query_intent] Classified: 'Có gd nào đang cho duyeet tuan...' -> Tra cứu lịch sử giao dịch theo (score=1)
2026-01-05 10:42:07 | DEBUG    | log:153 | [normalize_query] 'Các lệnh chuyên tiên chưa duyệt tháng tr...' -> 'Các lệnh chuyên tiên chưa duyệt tháng tr...'
2026-01-05 10:42:07 | DEBUG    | log:153 | [perform_hybrid_search] query_text: [Các lệnh chuyên tiên chưa duyệt tháng trc.] - formatted_query: [Các lệnh chuyên tiên chưa duyệt tháng trc] - normalized_query: [Các lệnh chuyên tiên chưa duyệt tháng trc]
2026-01-05 10:42:07 | DEBUG    | log:153 | [perform_hybrid_search] BM25 raw scores: min=0.3667, max=25.2119
2026-01-05 10:42:07 | DEBUG    | log:153 | [get_keyword_boost] Query: 'Các lệnh chuyên tiên chưa duyệ...' | Doc: Tra cứu lịch sử giao | Boost: 0.25 | Matched: ['tháng']
2026-01-05 10:42:07 | DEBUG    | log:153 | [get_keyword_boost] Query: 'Các lệnh chuyên tiên chưa duyệ...' | Doc: getTransactionList | | Boost: 0.25 | Matched: ['tháng']
2026-01-05 10:42:07 | DEBUG    | log:153 | [classify_query_intent] Ambiguous: 'Các lệnh chuyên tiên chưa duyệ...' | Scores: {'Tra cứu lịch sử giao dịch theo khoảng thời gian': 1, 'getTransactionList | Tra cứu giao dịch chờ duyệt theo khoảng thời gian': 1}
2026-01-05 10:42:07 | DEBUG    | log:153 | [normalize_query] 'Danh sách dao dịch chờ duyệt hôm lay....' -> 'Danh sách dao dịch chờ duyệt hôm lay...'
2026-01-05 10:42:07 | DEBUG    | log:153 | [perform_hybrid_search] query_text: [Danh sách dao dịch chờ duyệt hôm lay.] - formatted_query: [Danh sách dao dịch chờ duyệt hôm lay] - normalized_query: [Danh sách dao dịch chờ duyệt hôm lay]
2026-01-05 10:42:07 | DEBUG    | log:153 | [perform_hybrid_search] BM25 raw scores: min=0.0524, max=21.7901
2026-01-05 10:42:07 | DEBUG    | log:153 | [get_keyword_boost] Query: 'Danh sách dao dịch chờ duyệt h...' | Doc: Tra cứu giao dịch th | Boost: 0.25 | Matched: ['chờ']
2026-01-05 10:42:07 | DEBUG    | log:153 | [get_keyword_boost] Query: 'Danh sách dao dịch chờ duyệt h...' | Doc: getTransactionList | | Boost: 0.25 | Matched: ['chờ duyệt']
2026-01-05 10:42:07 | DEBUG    | log:153 | [get_keyword_boost] Query: 'Danh sách dao dịch chờ duyệt h...' | Doc: getTransactionList | | Boost: 0.25 | Matched: ['chờ duyệt']
2026-01-05 10:42:07 | DEBUG    | log:153 | [get_keyword_boost] Query: 'Danh sách dao dịch chờ duyệt h...' | Doc: getTransactionList | | Boost: 0.25 | Matched: ['chờ duyệt']
2026-01-05 10:42:07 | DEBUG    | log:153 | [get_keyword_boost] Query: 'Danh sách dao dịch chờ duyệt h...' | Doc: getTransactionList | | Boost: 0.25 | Matched: ['chờ duyệt']
2026-01-05 10:42:07 | DEBUG    | log:153 | [get_keyword_boost] Query: 'Danh sách dao dịch chờ duyệt h...' | Doc: getTransactionList | | Boost: 0.25 | Matched: ['chờ duyệt']
2026-01-05 10:42:07 | DEBUG    | log:153 | [classify_query_intent] Ambiguous: 'Danh sách dao dịch chờ duyệt h...' | Scores: {'Tra cứu giao dịch theo trạng thái': 1, 'getTransactionList | Tra cứu giao dịch đang chờ xử lý hoặc chờ duyệt': 1, 'getTransactionList | Tra cứu giao dịch chờ duyệt theo số tài khoản nguồn': 1, 'getTransactionList | Tra cứu giao dịch chờ duyệt theo khoảng thời gian': 1, 'getTransactionList | Tra cứu giao dịch chờ duyệt theo loại giao dịch': 1, 'getTransactionList | Tra cứu giao dịch chờ duyệt theo số tiền hoặc hạn mức': 1}
2026-01-05 10:42:07 | DEBUG    | log:153 | [normalize_query] 'Tuần này, có cái nào chưa duyệt k?...' -> 'Tuần này, có cái nào chưa duyệt k...'
2026-01-05 10:42:07 | DEBUG    | log:153 | [perform_hybrid_search] query_text: [Tuần này, có cái nào chưa duyệt k?] - formatted_query: [Tuần này, có cái nào chưa duyệt k] - normalized_query: [Tuần này, có cái nào chưa duyệt k]
2026-01-05 10:42:07 | DEBUG    | log:153 | [perform_hybrid_search] BM25 raw scores: min=0.0000, max=27.4434
2026-01-05 10:42:07 | DEBUG    | log:153 | [get_keyword_boost] Query: 'Tuần này, có cái nào chưa duyệ...' | Doc: getTransactionList | | Boost: 0.25 | Matched: ['tuần']
2026-01-05 10:42:07 | DEBUG    | log:153 | [classify_query_intent] Classified: 'Tuần này, có cái nào chưa duyệ...' -> getTransactionList | Tra cứu g (score=1)
2026-01-05 10:42:07 | DEBUG    | log:153 | [normalize_query] 'Tháng trước, còn sót lệnh pending nào ko...' -> 'Tháng trước, còn sót lệnh pending nào ko...'
2026-01-05 10:42:07 | DEBUG    | log:153 | [perform_hybrid_search] query_text: [Tháng trước, còn sót lệnh pending nào ko?] - formatted_query: [Tháng trước, còn sót lệnh pending nào ko] - normalized_query: [Tháng trước, còn sót lệnh pending nào ko]
2026-01-05 10:42:07 | DEBUG    | log:153 | [perform_hybrid_search] BM25 raw scores: min=0.0000, max=17.5596
2026-01-05 10:42:07 | DEBUG    | log:153 | [get_keyword_boost] Query: 'Tháng trước, còn sót lệnh pend...' | Doc: Tra cứu lịch sử giao | Boost: 0.25 | Matched: ['tháng']
2026-01-05 10:42:07 | DEBUG    | log:153 | [get_keyword_boost] Query: 'Tháng trước, còn sót lệnh pend...' | Doc: getTransactionList | | Boost: 0.25 | Matched: ['pending']
2026-01-05 10:42:07 | DEBUG    | log:153 | [get_keyword_boost] Query: 'Tháng trước, còn sót lệnh pend...' | Doc: getTransactionList | | Boost: 0.25 | Matched: ['pending']
2026-01-05 10:42:07 | DEBUG    | log:153 | [get_keyword_boost] Query: 'Tháng trước, còn sót lệnh pend...' | Doc: getTransactionList | | Boost: 0.50 | Matched: ['pending', 'tháng']
2026-01-05 10:42:07 | DEBUG    | log:153 | [get_keyword_boost] Query: 'Tháng trước, còn sót lệnh pend...' | Doc: getTransactionList | | Boost: 0.25 | Matched: ['pending']
2026-01-05 10:42:07 | DEBUG    | log:153 | [get_keyword_boost] Query: 'Tháng trước, còn sót lệnh pend...' | Doc: getTransactionList | | Boost: 0.25 | Matched: ['pending']
2026-01-05 10:42:07 | DEBUG    | log:153 | [classify_query_intent] Classified: 'Tháng trước, còn sót lệnh pend...' -> getTransactionList | Tra cứu g (score=2)
2026-01-05 10:42:07 | DEBUG    | log:153 | [normalize_query] 'Từ 1/1 đến 15/1, liệt kê các gd chờ xử l...' -> 'Từ 1/1 đến 15/1, liệt kê các gd chờ xử l...'
2026-01-05 10:42:07 | DEBUG    | log:153 | [perform_hybrid_search] query_text: [Từ 1/1 đến 15/1, liệt kê các gd chờ xử lý.] - formatted_query: [Từ 1/1 đến 15/1, liệt kê các gd chờ xử lý] - normalized_query: [Từ 1/1 đến 15/1, liệt kê các gd chờ xử lý]
2026-01-05 10:42:07 | DEBUG    | log:153 | [perform_hybrid_search] BM25 raw scores: min=0.0000, max=31.0258
2026-01-05 10:42:07 | DEBUG    | log:153 | [get_keyword_boost] Query: 'Từ 1/1 đến 15/1, liệt kê các g...' | Doc: Tra cứu giao dịch th | Boost: 0.50 | Matched: ['xử lý', 'chờ']
2026-01-05 10:42:07 | DEBUG    | log:153 | [get_keyword_boost] Query: 'Từ 1/1 đến 15/1, liệt kê các g...' | Doc: getTransactionList | | Boost: 0.25 | Matched: ['chờ xử lý']
2026-01-05 10:42:07 | DEBUG    | log:153 | [get_keyword_boost] Query: 'Từ 1/1 đến 15/1, liệt kê các g...' | Doc: getTransactionList | | Boost: 0.25 | Matched: ['chờ xử lý']
2026-01-05 10:42:07 | DEBUG    | log:153 | [get_keyword_boost] Query: 'Từ 1/1 đến 15/1, liệt kê các g...' | Doc: getTransactionList | | Boost: 0.25 | Matched: ['chờ xử lý']
2026-01-05 10:42:07 | DEBUG    | log:153 | [get_keyword_boost] Query: 'Từ 1/1 đến 15/1, liệt kê các g...' | Doc: getTransactionList | | Boost: 0.25 | Matched: ['chờ xử lý']
2026-01-05 10:42:07 | DEBUG    | log:153 | [get_keyword_boost] Query: 'Từ 1/1 đến 15/1, liệt kê các g...' | Doc: getTransactionList | | Boost: 0.50 | Matched: ['chờ xử lý', 'từ']
2026-01-05 10:42:07 | DEBUG    | log:153 | [classify_query_intent] Ambiguous: 'Từ 1/1 đến 15/1, liệt kê các g...' | Scores: {'Tra cứu giao dịch theo trạng thái': 2, 'getTransactionList | Tra cứu giao dịch đang chờ xử lý hoặc chờ duyệt': 1, 'getTransactionList | Tra cứu giao dịch chờ duyệt theo số tài khoản nguồn': 1, 'getTransactionList | Tra cứu giao dịch chờ duyệt theo khoảng thời gian': 1, 'getTransactionList | Tra cứu giao dịch chờ duyệt theo loại giao dịch': 1, 'getTransactionList | Tra cứu giao dịch chờ duyệt theo số tiền hoặc hạn mức': 2}
2026-01-05 10:42:07 | DEBUG    | log:153 | [normalize_query] 'Pending hôm nay, show ra hết đi....' -> 'Pending hôm nay, show ra hết đi...'
2026-01-05 10:42:07 | DEBUG    | log:153 | [perform_hybrid_search] query_text: [Pending hôm nay, show ra hết đi.] - formatted_query: [Pending hôm nay, show ra hết đi] - normalized_query: [Pending hôm nay, show ra hết đi]
2026-01-05 10:42:07 | DEBUG    | log:153 | [perform_hybrid_search] BM25 raw scores: min=0.0000, max=11.8832
2026-01-05 10:42:07 | DEBUG    | log:153 | [get_keyword_boost] Query: 'Pending hôm nay, show ra hết đ...' | Doc: Tra cứu lịch sử giao | Boost: 0.25 | Matched: ['nay']
2026-01-05 10:42:07 | DEBUG    | log:153 | [get_keyword_boost] Query: 'Pending hôm nay, show ra hết đ...' | Doc: getTransactionList | | Boost: 0.25 | Matched: ['pending']
2026-01-05 10:42:07 | DEBUG    | log:153 | [get_keyword_boost] Query: 'Pending hôm nay, show ra hết đ...' | Doc: getTransactionList | | Boost: 0.25 | Matched: ['pending']
2026-01-05 10:42:07 | DEBUG    | log:153 | [get_keyword_boost] Query: 'Pending hôm nay, show ra hết đ...' | Doc: getTransactionList | | Boost: 0.50 | Matched: ['pending', 'hôm nay']
2026-01-05 10:42:07 | DEBUG    | log:153 | [get_keyword_boost] Query: 'Pending hôm nay, show ra hết đ...' | Doc: getTransactionList | | Boost: 0.25 | Matched: ['pending']
2026-01-05 10:42:07 | DEBUG    | log:153 | [get_keyword_boost] Query: 'Pending hôm nay, show ra hết đ...' | Doc: getTransactionList | | Boost: 0.25 | Matched: ['pending']
2026-01-05 10:42:07 | DEBUG    | log:153 | [classify_query_intent] Classified: 'Pending hôm nay, show ra hết đ...' -> getTransactionList | Tra cứu g (score=2)
2026-01-05 10:42:07 | DEBUG    | log:153 | [normalize_query] 'Chưa duyệt, tháng 12, liệt kê....' -> 'Chưa duyệt, tháng 12, liệt kê...'
2026-01-05 10:42:07 | DEBUG    | log:153 | [perform_hybrid_search] query_text: [Chưa duyệt, tháng 12, liệt kê.] - formatted_query: [Chưa duyệt, tháng 12, liệt kê] - normalized_query: [Chưa duyệt, tháng 12, liệt kê]
2026-01-05 10:42:07 | DEBUG    | log:153 | [perform_hybrid_search] BM25 raw scores: min=0.0000, max=28.8888
2026-01-05 10:42:07 | DEBUG    | log:153 | [get_keyword_boost] Query: 'Chưa duyệt, tháng 12, liệt kê...' | Doc: Tra cứu lịch sử giao | Boost: 0.25 | Matched: ['tháng']
2026-01-05 10:42:07 | DEBUG    | log:153 | [get_keyword_boost] Query: 'Chưa duyệt, tháng 12, liệt kê...' | Doc: getTransactionList | | Boost: 0.25 | Matched: ['tháng']
2026-01-05 10:42:07 | DEBUG    | log:153 | [classify_query_intent] Ambiguous: 'Chưa duyệt, tháng 12, liệt kê...' | Scores: {'Tra cứu lịch sử giao dịch theo khoảng thời gian': 1, 'getTransactionList | Tra cứu giao dịch chờ duyệt theo khoảng thời gian': 1}
2026-01-05 10:42:07 | DEBUG    | log:153 | [normalize_query] 'Lệnh chuyển tiền, chờ xử lý, tuần rồi....' -> 'Lệnh chuyển tiền, chờ xử lý, tuần rồi...'
2026-01-05 10:42:07 | DEBUG    | log:153 | [perform_hybrid_search] query_text: [Lệnh chuyển tiền, chờ xử lý, tuần rồi.] - formatted_query: [Lệnh chuyển tiền, chờ xử lý, tuần rồi] - normalized_query: [Lệnh chuyển tiền, chờ xử lý, tuần rồi]
2026-01-05 10:42:07 | DEBUG    | log:153 | [perform_hybrid_search] BM25 raw scores: min=0.3667, max=26.8050
2026-01-05 10:42:07 | DEBUG    | log:153 | [get_keyword_boost] Query: 'Lệnh chuyển tiền, chờ xử lý, t...' | Doc: Tra cứu giao dịch th | Boost: 0.50 | Matched: ['xử lý', 'chờ']
2026-01-05 10:42:07 | DEBUG    | log:153 | [get_keyword_boost] Query: 'Lệnh chuyển tiền, chờ xử lý, t...' | Doc: Tra cứu giao dịch th | Boost: 0.25 | Matched: ['chuyển tiền']
2026-01-05 10:42:07 | DEBUG    | log:153 | [get_keyword_boost] Query: 'Lệnh chuyển tiền, chờ xử lý, t...' | Doc: Tra cứu giao dịch ch | Boost: 0.25 | Matched: ['chuyển tiền']
2026-01-05 10:42:07 | DEBUG    | log:153 | [get_keyword_boost] Query: 'Lệnh chuyển tiền, chờ xử lý, t...' | Doc: getTransactionList | | Boost: 0.25 | Matched: ['chờ xử lý']
2026-01-05 10:42:07 | DEBUG    | log:153 | [get_keyword_boost] Query: 'Lệnh chuyển tiền, chờ xử lý, t...' | Doc: getTransactionList | | Boost: 0.25 | Matched: ['chờ xử lý']
2026-01-05 10:42:07 | DEBUG    | log:153 | [get_keyword_boost] Query: 'Lệnh chuyển tiền, chờ xử lý, t...' | Doc: getTransactionList | | Boost: 0.50 | Matched: ['chờ xử lý', 'tuần']
2026-01-05 10:42:07 | DEBUG    | log:153 | [get_keyword_boost] Query: 'Lệnh chuyển tiền, chờ xử lý, t...' | Doc: getTransactionList | | Boost: 0.50 | Matched: ['chờ xử lý', 'chuyển tiền']
2026-01-05 10:42:07 | DEBUG    | log:153 | [get_keyword_boost] Query: 'Lệnh chuyển tiền, chờ xử lý, t...' | Doc: getTransactionList | | Boost: 0.25 | Matched: ['chờ xử lý']
2026-01-05 10:42:07 | DEBUG    | log:153 | [classify_query_intent] Ambiguous: 'Lệnh chuyển tiền, chờ xử lý, t...' | Scores: {'Tra cứu giao dịch theo trạng thái': 2, 'Tra cứu giao dịch theo loại giao dịch': 1, 'Tra cứu giao dịch chuyển tiền': 1, 'getTransactionList | Tra cứu giao dịch đang chờ xử lý hoặc chờ duyệt': 1, 'getTransactionList | Tra cứu giao dịch chờ duyệt theo số tài khoản nguồn': 1, 'getTransactionList | Tra cứu giao dịch chờ duyệt theo khoảng thời gian': 2, 'getTransactionList | Tra cứu giao dịch chờ duyệt theo loại giao dịch': 2, 'getTransactionList | Tra cứu giao dịch chờ duyệt theo số tiền hoặc hạn mức': 1}
2026-01-05 10:42:07 | DEBUG    | log:153 | [normalize_query] 'Trong vòng 3 ngày, check xem có gd nào t...' -> 'Trong vòng 3 ngày, check xem có gd nào t...'
2026-01-05 10:42:07 | DEBUG    | log:153 | [perform_hybrid_search] query_text: [Trong vòng 3 ngày, check xem có gd nào treo ko.] - formatted_query: [Trong vòng 3 ngày, check xem có gd nào treo ko] - normalized_query: [Trong vòng 3 ngày, check xem có gd nào treo ko]
2026-01-05 10:42:07 | DEBUG    | log:153 | [perform_hybrid_search] BM25 raw scores: min=0.0000, max=19.8338
2026-01-05 10:42:07 | DEBUG    | log:153 | [get_keyword_boost] Query: 'Trong vòng 3 ngày, check xem c...' | Doc: Tra cứu lịch sử giao | Boost: 0.25 | Matched: ['ngày']
2026-01-05 10:42:07 | DEBUG    | log:153 | [get_keyword_boost] Query: 'Trong vòng 3 ngày, check xem c...' | Doc: Tra cứu giao dịch ch | Boost: 0.25 | Matched: ['ck']
2026-01-05 10:42:07 | DEBUG    | log:153 | [get_keyword_boost] Query: 'Trong vòng 3 ngày, check xem c...' | Doc: getTransactionList | | Boost: 0.50 | Matched: ['ngày', 'trong']
2026-01-05 10:42:07 | DEBUG    | log:153 | [classify_query_intent] Classified: 'Trong vòng 3 ngày, check xem c...' -> getTransactionList | Tra cứu g (score=2)
2026-01-05 10:42:07 | DEBUG    | log:153 | [normalize_query] 'Quý này, danh sách chờ duyệt đâu?...' -> 'Quý này, danh sách chờ duyệt đâu...'
2026-01-05 10:42:07 | DEBUG    | log:153 | [perform_hybrid_search] query_text: [Quý này, danh sách chờ duyệt đâu?] - formatted_query: [Quý này, danh sách chờ duyệt đâu] - normalized_query: [Quý này, danh sách chờ duyệt đâu]
2026-01-05 10:42:07 | DEBUG    | log:153 | [perform_hybrid_search] BM25 raw scores: min=0.0000, max=19.4127
2026-01-05 10:42:07 | DEBUG    | log:153 | [get_keyword_boost] Query: 'Quý này, danh sách chờ duyệt đ...' | Doc: Tra cứu lịch sử giao | Boost: 0.25 | Matched: ['quý']
2026-01-05 10:42:07 | DEBUG    | log:153 | [get_keyword_boost] Query: 'Quý này, danh sách chờ duyệt đ...' | Doc: Tra cứu giao dịch th | Boost: 0.25 | Matched: ['chờ']
2026-01-05 10:42:07 | DEBUG    | log:153 | [get_keyword_boost] Query: 'Quý này, danh sách chờ duyệt đ...' | Doc: getTransactionList | | Boost: 0.25 | Matched: ['chờ duyệt']
2026-01-05 10:42:07 | DEBUG    | log:153 | [get_keyword_boost] Query: 'Quý này, danh sách chờ duyệt đ...' | Doc: getTransactionList | | Boost: 0.25 | Matched: ['chờ duyệt']
2026-01-05 10:42:07 | DEBUG    | log:153 | [get_keyword_boost] Query: 'Quý này, danh sách chờ duyệt đ...' | Doc: getTransactionList | | Boost: 0.50 | Matched: ['chờ duyệt', 'quý']
2026-01-05 10:42:07 | DEBUG    | log:153 | [get_keyword_boost] Query: 'Quý này, danh sách chờ duyệt đ...' | Doc: getTransactionList | | Boost: 0.25 | Matched: ['chờ duyệt']
2026-01-05 10:42:07 | DEBUG    | log:153 | [get_keyword_boost] Query: 'Quý này, danh sách chờ duyệt đ...' | Doc: getTransactionList | | Boost: 0.25 | Matched: ['chờ duyệt']
2026-01-05 10:42:07 | DEBUG    | log:153 | [classify_query_intent] Classified: 'Quý này, danh sách chờ duyệt đ...' -> getTransactionList | Tra cứu g (score=2)
2026-01-05 10:42:07 | DEBUG    | log:153 | [normalize_query] 'Hôm qua đến nay, còn lệnh nào chưa đi?...' -> 'Hôm qua đến nay, còn lệnh nào chưa đi...'
2026-01-05 10:42:07 | DEBUG    | log:153 | [perform_hybrid_search] query_text: [Hôm qua đến nay, còn lệnh nào chưa đi?] - formatted_query: [Hôm qua đến nay, còn lệnh nào chưa đi] - normalized_query: [Hôm qua đến nay, còn lệnh nào chưa đi]
2026-01-05 10:42:07 | DEBUG    | log:153 | [perform_hybrid_search] BM25 raw scores: min=0.0000, max=27.3789
2026-01-05 10:42:07 | DEBUG    | log:153 | [get_keyword_boost] Query: 'Hôm qua đến nay, còn lệnh nào ...' | Doc: Tra cứu lịch sử giao | Boost: 0.50 | Matched: ['nay', 'hôm qua']
2026-01-05 10:42:07 | DEBUG    | log:153 | [get_keyword_boost] Query: 'Hôm qua đến nay, còn lệnh nào ...' | Doc: getTransactionList | | Boost: 0.25 | Matched: ['hôm qua']
2026-01-05 10:42:07 | DEBUG    | log:153 | [classify_query_intent] Classified: 'Hôm qua đến nay, còn lệnh nào ...' -> Tra cứu lịch sử giao dịch theo (score=2)
2026-01-05 10:42:07 | DEBUG    | log:153 | [normalize_query] 'Giao dịch doanh nghiệp pending tháng 5, ...' -> 'Giao dịch doanh nghiệp pending tháng 5, ...'
2026-01-05 10:42:07 | DEBUG    | log:153 | [perform_hybrid_search] query_text: [Giao dịch doanh nghiệp pending tháng 5, xem list.] - formatted_query: [Giao dịch doanh nghiệp pending tháng 5, xem list] - normalized_query: [Giao dịch doanh nghiệp pending tháng 5, xem list]
2026-01-05 10:42:07 | DEBUG    | log:153 | [perform_hybrid_search] BM25 raw scores: min=0.0786, max=10.9237
2026-01-05 10:42:07 | DEBUG    | log:153 | [get_keyword_boost] Query: 'Giao dịch doanh nghiệp pending...' | Doc: Tra cứu lịch sử giao | Boost: 0.25 | Matched: ['tháng']
2026-01-05 10:42:07 | DEBUG    | log:153 | [get_keyword_boost] Query: 'Giao dịch doanh nghiệp pending...' | Doc: getTransactionList | | Boost: 0.25 | Matched: ['pending']
2026-01-05 10:42:07 | DEBUG    | log:153 | [get_keyword_boost] Query: 'Giao dịch doanh nghiệp pending...' | Doc: getTransactionList | | Boost: 0.25 | Matched: ['pending']
2026-01-05 10:42:07 | DEBUG    | log:153 | [get_keyword_boost] Query: 'Giao dịch doanh nghiệp pending...' | Doc: getTransactionList | | Boost: 0.50 | Matched: ['pending', 'tháng']
2026-01-05 10:42:07 | DEBUG    | log:153 | [get_keyword_boost] Query: 'Giao dịch doanh nghiệp pending...' | Doc: getTransactionList | | Boost: 0.25 | Matched: ['pending']
2026-01-05 10:42:07 | DEBUG    | log:153 | [get_keyword_boost] Query: 'Giao dịch doanh nghiệp pending...' | Doc: getTransactionList | | Boost: 0.25 | Matched: ['pending']
2026-01-05 10:42:07 | DEBUG    | log:153 | [classify_query_intent] Classified: 'Giao dịch doanh nghiệp pending...' -> getTransactionList | Tra cứu g (score=2)
2026-01-05 10:42:07 | DEBUG    | log:153 | [normalize_query] 'Cho tôi xem danh sách các lệnh chuyển ti...' -> 'Cho tôi xem danh sách các lệnh chuyển ti...'
2026-01-05 10:42:07 | DEBUG    | log:153 | [perform_hybrid_search] query_text: [Cho tôi xem danh sách các lệnh chuyển tiền liên ngân hàng đang chờ duyệt.] - formatted_query: [Cho tôi xem danh sách các lệnh chuyển tiền liên ngân hàng đang chờ duyệt] - normalized_query: [Cho tôi xem danh sách các lệnh chuyển tiền liên ngân hàng đang chờ duyệt]
2026-01-05 10:42:07 | DEBUG    | log:153 | [perform_hybrid_search] BM25 raw scores: min=0.6853, max=39.8527
2026-01-05 10:42:07 | DEBUG    | log:153 | [get_keyword_boost] Query: 'Cho tôi xem danh sách các lệnh...' | Doc: Tra cứu giao dịch th | Boost: 0.25 | Matched: ['chờ']
2026-01-05 10:42:07 | DEBUG    | log:153 | [get_keyword_boost] Query: 'Cho tôi xem danh sách các lệnh...' | Doc: Tra cứu giao dịch th | Boost: 0.50 | Matched: ['chuyển tiền', 'liên ngân hàng']
2026-01-05 10:42:07 | DEBUG    | log:153 | [get_keyword_boost] Query: 'Cho tôi xem danh sách các lệnh...' | Doc: Tra cứu giao dịch ch | Boost: 0.25 | Matched: ['chuyển tiền']
2026-01-05 10:42:07 | DEBUG    | log:153 | [get_keyword_boost] Query: 'Cho tôi xem danh sách các lệnh...' | Doc: getTransactionList | | Boost: 0.50 | Matched: ['chờ duyệt', 'đang chờ']
2026-01-05 10:42:07 | DEBUG    | log:153 | [get_keyword_boost] Query: 'Cho tôi xem danh sách các lệnh...' | Doc: getTransactionList | | Boost: 0.25 | Matched: ['chờ duyệt']
2026-01-05 10:42:07 | DEBUG    | log:153 | [get_keyword_boost] Query: 'Cho tôi xem danh sách các lệnh...' | Doc: getTransactionList | | Boost: 0.25 | Matched: ['chờ duyệt']
2026-01-05 10:42:07 | DEBUG    | log:153 | [get_keyword_boost] Query: 'Cho tôi xem danh sách các lệnh...' | Doc: getTransactionList | | Boost: 0.75 | Matched: ['chờ duyệt', 'chuyển tiền', 'liên ngân hàng']
2026-01-05 10:42:07 | DEBUG    | log:153 | [get_keyword_boost] Query: 'Cho tôi xem danh sách các lệnh...' | Doc: getTransactionList | | Boost: 0.25 | Matched: ['chờ duyệt']
2026-01-05 10:42:07 | DEBUG    | log:153 | [classify_query_intent] Classified: 'Cho tôi xem danh sách các lệnh...' -> getTransactionList | Tra cứu g (score=3)
2026-01-05 10:42:07 | DEBUG    | log:153 | [normalize_query] 'Liệt kê toàn bộ các giao dịch thanh toán...' -> 'Liệt kê toàn bộ các giao dịch thanh toán...'
2026-01-05 10:42:07 | DEBUG    | log:153 | [perform_hybrid_search] query_text: [Liệt kê toàn bộ các giao dịch thanh toán lương nhân viên chưa được phê duyệt.] - formatted_query: [Liệt kê toàn bộ các giao dịch thanh toán lương nhân viên chưa được phê duyệt] - normalized_query: [Liệt kê toàn bộ các giao dịch thanh toán lương nhân viên chưa được phê duyệt]
2026-01-05 10:42:07 | DEBUG    | log:153 | [perform_hybrid_search] BM25 raw scores: min=1.0186, max=67.0370
2026-01-05 10:42:07 | DEBUG    | log:153 | [get_keyword_boost] Query: 'Liệt kê toàn bộ các giao dịch ...' | Doc: Tra cứu giao dịch th | Boost: 0.25 | Matched: ['phê duyệt']
2026-01-05 10:42:07 | DEBUG    | log:153 | [get_keyword_boost] Query: 'Liệt kê toàn bộ các giao dịch ...' | Doc: Tra cứu giao dịch th | Boost: 0.25 | Matched: ['thanh toán']
2026-01-05 10:42:07 | DEBUG    | log:153 | [get_keyword_boost] Query: 'Liệt kê toàn bộ các giao dịch ...' | Doc: Tra cứu giao dịch th | Boost: 0.25 | Matched: ['thanh toán']
2026-01-05 10:42:07 | DEBUG    | log:153 | [get_keyword_boost] Query: 'Liệt kê toàn bộ các giao dịch ...' | Doc: getTransactionList | | Boost: 0.50 | Matched: ['chưa được phê duyệt', 'toàn bộ']
2026-01-05 10:42:07 | DEBUG    | log:153 | [get_keyword_boost] Query: 'Liệt kê toàn bộ các giao dịch ...' | Doc: getTransactionList | | Boost: 0.25 | Matched: ['thanh toán']
2026-01-05 10:42:07 | DEBUG    | log:153 | [classify_query_intent] Classified: 'Liệt kê toàn bộ các giao dịch ...' -> getTransactionList | Tra cứu g (score=2)
2026-01-05 10:42:07 | DEBUG    | log:153 | [normalize_query] 'Có giao dịch nộp thuế nào đang ở trạng t...' -> 'Có giao dịch nộp thuế nào đang ở trạng t...'
2026-01-05 10:42:07 | DEBUG    | log:153 | [perform_hybrid_search] query_text: [Có giao dịch nộp thuế nào đang ở trạng thái pending không?] - formatted_query: [Có giao dịch nộp thuế nào đang ở trạng thái pending không] - normalized_query: [Có giao dịch nộp thuế nào đang ở trạng thái pending không]
2026-01-05 10:42:07 | DEBUG    | log:153 | [perform_hybrid_search] BM25 raw scores: min=0.0786, max=49.8778
2026-01-05 10:42:07 | DEBUG    | log:153 | [get_keyword_boost] Query: 'Có giao dịch nộp thuế nào đang...' | Doc: Tra cứu giao dịch th | Boost: 0.25 | Matched: ['trạng thái']
2026-01-05 10:42:07 | DEBUG    | log:153 | [get_keyword_boost] Query: 'Có giao dịch nộp thuế nào đang...' | Doc: getTransactionList | | Boost: 0.25 | Matched: ['pending']
2026-01-05 10:42:07 | DEBUG    | log:153 | [get_keyword_boost] Query: 'Có giao dịch nộp thuế nào đang...' | Doc: getTransactionList | | Boost: 0.25 | Matched: ['pending']
2026-01-05 10:42:07 | DEBUG    | log:153 | [get_keyword_boost] Query: 'Có giao dịch nộp thuế nào đang...' | Doc: getTransactionList | | Boost: 0.25 | Matched: ['pending']
2026-01-05 10:42:07 | DEBUG    | log:153 | [get_keyword_boost] Query: 'Có giao dịch nộp thuế nào đang...' | Doc: getTransactionList | | Boost: 0.25 | Matched: ['pending']
2026-01-05 10:42:07 | DEBUG    | log:153 | [get_keyword_boost] Query: 'Có giao dịch nộp thuế nào đang...' | Doc: getTransactionList | | Boost: 0.25 | Matched: ['pending']
2026-01-05 10:42:07 | DEBUG    | log:153 | [classify_query_intent] Ambiguous: 'Có giao dịch nộp thuế nào đang...' | Scores: {'Tra cứu giao dịch theo trạng thái': 1, 'getTransactionList | Tra cứu giao dịch đang chờ xử lý hoặc chờ duyệt': 1, 'getTransactionList | Tra cứu giao dịch chờ duyệt theo số tài khoản nguồn': 1, 'getTransactionList | Tra cứu giao dịch chờ duyệt theo khoảng thời gian': 1, 'getTransactionList | Tra cứu giao dịch chờ duyệt theo loại giao dịch': 1, 'getTransactionList | Tra cứu giao dịch chờ duyệt theo số tiền hoặc hạn mức': 1}
2026-01-05 10:42:07 | DEBUG    | log:153 | [normalize_query] 'Hiển thị danh sách các lệnh chuyển khoản...' -> 'Hiển thị danh sách các lệnh chuyển khoản...'
2026-01-05 10:42:07 | DEBUG    | log:153 | [perform_hybrid_search] query_text: [Hiển thị danh sách các lệnh chuyển khoản nội bộ chưa hoàn tất.] - formatted_query: [Hiển thị danh sách các lệnh chuyển khoản nội bộ chưa hoàn tất] - normalized_query: [Hiển thị danh sách các lệnh chuyển khoản nội bộ chưa hoàn tất]
2026-01-05 10:42:07 | DEBUG    | log:153 | [perform_hybrid_search] BM25 raw scores: min=0.9083, max=51.2458
2026-01-05 10:42:07 | DEBUG    | log:153 | [get_keyword_boost] Query: 'Hiển thị danh sách các lệnh ch...' | Doc: Tra cứu giao dịch th | Boost: 0.25 | Matched: ['hoàn tất']
2026-01-05 10:42:07 | DEBUG    | log:153 | [get_keyword_boost] Query: 'Hiển thị danh sách các lệnh ch...' | Doc: Tra cứu giao dịch th | Boost: 0.25 | Matched: ['nội bộ']
2026-01-05 10:42:07 | DEBUG    | log:153 | [get_keyword_boost] Query: 'Hiển thị danh sách các lệnh ch...' | Doc: Tra cứu giao dịch ch | Boost: 0.25 | Matched: ['chuyển khoản']
2026-01-05 10:42:07 | DEBUG    | log:153 | [get_keyword_boost] Query: 'Hiển thị danh sách các lệnh ch...' | Doc: getTransactionList | | Boost: 0.50 | Matched: ['chuyển khoản', 'nội bộ']
2026-01-05 10:42:07 | DEBUG    | log:153 | [classify_query_intent] Classified: 'Hiển thị danh sách các lệnh ch...' -> getTransactionList | Tra cứu g (score=2)
2026-01-05 10:42:07 | DEBUG    | log:153 | [normalize_query] 'Tôi muốn kiểm tra các giao dịch thanh to...' -> 'Tôi muốn kiểm tra các giao dịch thanh to...'
2026-01-05 10:42:07 | DEBUG    | log:153 | [perform_hybrid_search] query_text: [Tôi muốn kiểm tra các giao dịch thanh toán hóa đơn điện nước đang chờ xử lý.] - formatted_query: [Tôi muốn kiểm tra các giao dịch thanh toán hóa đơn điện nước đang chờ xử lý] - normalized_query: [Tôi muốn kiểm tra các giao dịch thanh toán hóa đơn điện nước đang chờ xử lý]
2026-01-05 10:42:07 | DEBUG    | log:153 | [perform_hybrid_search] BM25 raw scores: min=0.3385, max=64.0503
2026-01-05 10:42:07 | DEBUG    | log:153 | [get_keyword_boost] Query: 'Tôi muốn kiểm tra các giao dịc...' | Doc: Tra cứu giao dịch th | Boost: 0.50 | Matched: ['xử lý', 'chờ']
2026-01-05 10:42:07 | DEBUG    | log:153 | [get_keyword_boost] Query: 'Tôi muốn kiểm tra các giao dịc...' | Doc: Tra cứu giao dịch th | Boost: 0.25 | Matched: ['thanh toán']
2026-01-05 10:42:07 | DEBUG    | log:153 | [get_keyword_boost] Query: 'Tôi muốn kiểm tra các giao dịc...' | Doc: Tra cứu giao dịch th | Boost: 0.50 | Matched: ['thanh toán', 'hóa đơn']
2026-01-05 10:42:07 | DEBUG    | log:153 | [get_keyword_boost] Query: 'Tôi muốn kiểm tra các giao dịc...' | Doc: getTransactionList | | Boost: 0.50 | Matched: ['chờ xử lý', 'đang chờ']
2026-01-05 10:42:07 | DEBUG    | log:153 | [get_keyword_boost] Query: 'Tôi muốn kiểm tra các giao dịc...' | Doc: getTransactionList | | Boost: 0.25 | Matched: ['chờ xử lý']
2026-01-05 10:42:07 | DEBUG    | log:153 | [get_keyword_boost] Query: 'Tôi muốn kiểm tra các giao dịc...' | Doc: getTransactionList | | Boost: 0.25 | Matched: ['chờ xử lý']
2026-01-05 10:42:07 | DEBUG    | log:153 | [get_keyword_boost] Query: 'Tôi muốn kiểm tra các giao dịc...' | Doc: getTransactionList | | Boost: 0.75 | Matched: ['chờ xử lý', 'thanh toán', 'thanh toán hóa đơn']
2026-01-05 10:42:07 | DEBUG    | log:153 | [get_keyword_boost] Query: 'Tôi muốn kiểm tra các giao dịc...' | Doc: getTransactionList | | Boost: 0.25 | Matched: ['chờ xử lý']
2026-01-05 10:42:07 | DEBUG    | log:153 | [classify_query_intent] Classified: 'Tôi muốn kiểm tra các giao dịc...' -> getTransactionList | Tra cứu g (score=3)
2026-01-05 10:42:07 | DEBUG    | log:153 | [normalize_query] 'Các lệnh mua bán ngoại tệ nào chưa được ...' -> 'Các lệnh mua bán ngoại tệ nào chưa được ...'
2026-01-05 10:42:07 | DEBUG    | log:153 | [perform_hybrid_search] query_text: [Các lệnh mua bán ngoại tệ nào chưa được duyệt trong hệ thống?] - formatted_query: [Các lệnh mua bán ngoại tệ nào chưa được duyệt trong hệ thống] - normalized_query: [Các lệnh mua bán ngoại tệ nào chưa được duyệt trong hệ thống]
2026-01-05 10:42:07 | DEBUG    | log:153 | [perform_hybrid_search] BM25 raw scores: min=0.0141, max=34.5736
2026-01-05 10:42:07 | DEBUG    | log:153 | [get_keyword_boost] Query: 'Các lệnh mua bán ngoại tệ nào ...' | Doc: getTransactionList | | Boost: 0.25 | Matched: ['chưa được duyệt']
2026-01-05 10:42:07 | DEBUG    | log:153 | [get_keyword_boost] Query: 'Các lệnh mua bán ngoại tệ nào ...' | Doc: getTransactionList | | Boost: 0.25 | Matched: ['trong']
2026-01-05 10:42:07 | DEBUG    | log:153 | [classify_query_intent] Ambiguous: 'Các lệnh mua bán ngoại tệ nào ...' | Scores: {'getTransactionList | Tra cứu giao dịch đang chờ xử lý hoặc chờ duyệt': 1, 'getTransactionList | Tra cứu giao dịch chờ duyệt theo khoảng thời gian': 1}
2026-01-05 10:42:07 | DEBUG    | log:153 | [normalize_query] 'Cho biết các giao dịch thanh toán dư nợ ...' -> 'Cho biết các giao dịch thanh toán dư nợ ...'
2026-01-05 10:42:07 | DEBUG    | log:153 | [perform_hybrid_search] query_text: [Cho biết các giao dịch thanh toán dư nợ thẻ tín dụng nào chưa được phê duyệt.] - formatted_query: [Cho biết các giao dịch thanh toán dư nợ thẻ tín dụng nào chưa được phê duyệt] - normalized_query: [Cho biết các giao dịch thanh toán dư nợ thẻ tín dụng nào chưa được phê duyệt]
2026-01-05 10:42:07 | DEBUG    | log:153 | [perform_hybrid_search] BM25 raw scores: min=0.4559, max=56.0333
2026-01-05 10:42:07 | DEBUG    | log:153 | [get_keyword_boost] Query: 'Cho biết các giao dịch thanh t...' | Doc: Tra cứu giao dịch th | Boost: 0.25 | Matched: ['phê duyệt']
2026-01-05 10:42:07 | DEBUG    | log:153 | [get_keyword_boost] Query: 'Cho biết các giao dịch thanh t...' | Doc: Tra cứu giao dịch th | Boost: 0.25 | Matched: ['thanh toán']
2026-01-05 10:42:07 | DEBUG    | log:153 | [get_keyword_boost] Query: 'Cho biết các giao dịch thanh t...' | Doc: Tra cứu giao dịch th | Boost: 0.25 | Matched: ['thanh toán']
2026-01-05 10:42:07 | DEBUG    | log:153 | [get_keyword_boost] Query: 'Cho biết các giao dịch thanh t...' | Doc: Tra cứu giao dịch th | Boost: 0.25 | Matched: ['thẻ']
2026-01-05 10:42:07 | DEBUG    | log:153 | [get_keyword_boost] Query: 'Cho biết các giao dịch thanh t...' | Doc: getTransactionList | | Boost: 0.25 | Matched: ['chưa được phê duyệt']
2026-01-05 10:42:07 | DEBUG    | log:153 | [get_keyword_boost] Query: 'Cho biết các giao dịch thanh t...' | Doc: getTransactionList | | Boost: 0.50 | Matched: ['thanh toán', 'thẻ']
2026-01-05 10:42:07 | DEBUG    | log:153 | [classify_query_intent] Classified: 'Cho biết các giao dịch thanh t...' -> getTransactionList | Tra cứu g (score=2)
2026-01-05 10:42:07 | DEBUG    | log:153 | [normalize_query] 'Liệt kê các yêu cầu giải ngân khoản vay ...' -> 'Liệt kê các yêu cầu giải ngân khoản vay ...'
2026-01-05 10:42:07 | DEBUG    | log:153 | [perform_hybrid_search] query_text: [Liệt kê các yêu cầu giải ngân khoản vay đang bị treo.] - formatted_query: [Liệt kê các yêu cầu giải ngân khoản vay đang bị treo] - normalized_query: [Liệt kê các yêu cầu giải ngân khoản vay đang bị treo]
2026-01-05 10:42:07 | DEBUG    | log:153 | [perform_hybrid_search] BM25 raw scores: min=0.1612, max=19.7436
2026-01-05 10:42:07 | DEBUG    | log:153 | [classify_query_intent] No keyword matches found in: 'Liệt kê các yêu cầu giải ngân khoản vay đang bị tr'
2026-01-05 10:42:07 | DEBUG    | log:153 | [normalize_query] 'Xem toàn bộ các lệnh chuyển tiền quốc tế...' -> 'Xem toàn bộ các lệnh chuyển tiền quốc tế...'
2026-01-05 10:42:07 | DEBUG    | log:153 | [perform_hybrid_search] query_text: [Xem toàn bộ các lệnh chuyển tiền quốc tế chưa được duyệt.] - formatted_query: [Xem toàn bộ các lệnh chuyển tiền quốc tế chưa được duyệt] - normalized_query: [Xem toàn bộ các lệnh chuyển tiền quốc tế chưa được duyệt]
2026-01-05 10:42:07 | DEBUG    | log:153 | [perform_hybrid_search] BM25 raw scores: min=0.7007, max=33.4968
2026-01-05 10:42:07 | DEBUG    | log:153 | [get_keyword_boost] Query: 'Xem toàn bộ các lệnh chuyển ti...' | Doc: Tra cứu giao dịch th | Boost: 0.25 | Matched: ['chuyển tiền']
2026-01-05 10:42:07 | DEBUG    | log:153 | [get_keyword_boost] Query: 'Xem toàn bộ các lệnh chuyển ti...' | Doc: Tra cứu giao dịch ch | Boost: 0.25 | Matched: ['chuyển tiền']
2026-01-05 10:42:07 | DEBUG    | log:153 | [get_keyword_boost] Query: 'Xem toàn bộ các lệnh chuyển ti...' | Doc: getTransactionList | | Boost: 0.50 | Matched: ['chưa được duyệt', 'toàn bộ']
2026-01-05 10:42:07 | DEBUG    | log:153 | [get_keyword_boost] Query: 'Xem toàn bộ các lệnh chuyển ti...' | Doc: getTransactionList | | Boost: 0.25 | Matched: ['chuyển tiền']
2026-01-05 10:42:07 | DEBUG    | log:153 | [classify_query_intent] Classified: 'Xem toàn bộ các lệnh chuyển ti...' -> getTransactionList | Tra cứu g (score=2)
2026-01-05 10:42:07 | DEBUG    | log:153 | [normalize_query] 'Có giao dịch nào thuộc loại thanh toán b...' -> 'Có giao dịch nào thuộc loại thanh toán b...'
2026-01-05 10:42:07 | DEBUG    | log:153 | [perform_hybrid_search] query_text: [Có giao dịch nào thuộc loại thanh toán bảo hiểm đang pending không?] - formatted_query: [Có giao dịch nào thuộc loại thanh toán bảo hiểm đang pending không] - normalized_query: [Có giao dịch nào thuộc loại thanh toán bảo hiểm đang pending không]
2026-01-05 10:42:07 | DEBUG    | log:153 | [perform_hybrid_search] BM25 raw scores: min=0.3129, max=59.0570
2026-01-05 10:42:07 | DEBUG    | log:153 | [get_keyword_boost] Query: 'Có giao dịch nào thuộc loại th...' | Doc: Tra cứu giao dịch th | Boost: 0.25 | Matched: ['thanh toán']
2026-01-05 10:42:07 | DEBUG    | log:153 | [get_keyword_boost] Query: 'Có giao dịch nào thuộc loại th...' | Doc: Tra cứu giao dịch th | Boost: 0.25 | Matched: ['thanh toán']
2026-01-05 10:42:07 | DEBUG    | log:153 | [get_keyword_boost] Query: 'Có giao dịch nào thuộc loại th...' | Doc: getTransactionList | | Boost: 0.25 | Matched: ['pending']
2026-01-05 10:42:07 | DEBUG    | log:153 | [get_keyword_boost] Query: 'Có giao dịch nào thuộc loại th...' | Doc: getTransactionList | | Boost: 0.25 | Matched: ['pending']
2026-01-05 10:42:07 | DEBUG    | log:153 | [get_keyword_boost] Query: 'Có giao dịch nào thuộc loại th...' | Doc: getTransactionList | | Boost: 0.25 | Matched: ['pending']
2026-01-05 10:42:07 | DEBUG    | log:153 | [get_keyword_boost] Query: 'Có giao dịch nào thuộc loại th...' | Doc: getTransactionList | | Boost: 0.50 | Matched: ['pending', 'thanh toán']
2026-01-05 10:42:07 | DEBUG    | log:153 | [get_keyword_boost] Query: 'Có giao dịch nào thuộc loại th...' | Doc: getTransactionList | | Boost: 0.25 | Matched: ['pending']
2026-01-05 10:42:07 | DEBUG    | log:153 | [classify_query_intent] Classified: 'Có giao dịch nào thuộc loại th...' -> getTransactionList | Tra cứu g (score=2)
2026-01-05 10:42:07 | DEBUG    | log:153 | [normalize_query] 'Hiển thị các lệnh nạp tiền điện thoại ch...' -> 'Hiển thị các lệnh nạp tiền điện thoại ch...'
2026-01-05 10:42:07 | DEBUG    | log:153 | [perform_hybrid_search] query_text: [Hiển thị các lệnh nạp tiền điện thoại chưa được xử lý.] - formatted_query: [Hiển thị các lệnh nạp tiền điện thoại chưa được xử lý] - normalized_query: [Hiển thị các lệnh nạp tiền điện thoại chưa được xử lý]
2026-01-05 10:42:07 | DEBUG    | log:153 | [perform_hybrid_search] BM25 raw scores: min=0.0262, max=29.2969
2026-01-05 10:42:07 | DEBUG    | log:153 | [get_keyword_boost] Query: 'Hiển thị các lệnh nạp tiền điệ...' | Doc: Tra cứu giao dịch th | Boost: 0.25 | Matched: ['xử lý']
2026-01-05 10:42:07 | DEBUG    | log:153 | [get_keyword_boost] Query: 'Hiển thị các lệnh nạp tiền điệ...' | Doc: Tra cứu giao dịch th | Boost: 0.25 | Matched: ['nạp tiền']
2026-01-05 10:42:07 | DEBUG    | log:153 | [get_keyword_boost] Query: 'Hiển thị các lệnh nạp tiền điệ...' | Doc: Tra cứu giao dịch th | Boost: 0.50 | Matched: ['tiền điện', 'tiền điện thoại']
2026-01-05 10:42:07 | DEBUG    | log:153 | [classify_query_intent] Classified: 'Hiển thị các lệnh nạp tiền điệ...' -> Tra cứu giao dịch thanh toán h (score=2)
2026-01-05 10:42:07 | DEBUG    | log:153 | [normalize_query] 'Tôi muốn xem danh sách các giao dịch gửi...' -> 'Tôi muốn xem danh sách các giao dịch gửi...'
2026-01-05 10:42:07 | DEBUG    | log:153 | [perform_hybrid_search] query_text: [Tôi muốn xem danh sách các giao dịch gửi tiết kiệm online đang chờ duyệt.] - formatted_query: [Tôi muốn xem danh sách các giao dịch gửi tiết kiệm online đang chờ duyệt] - normalized_query: [Tôi muốn xem danh sách các giao dịch gửi tiết kiệm online đang chờ duyệt]
2026-01-05 10:42:07 | DEBUG    | log:153 | [perform_hybrid_search] BM25 raw scores: min=0.0804, max=51.5251
2026-01-05 10:42:07 | DEBUG    | log:153 | [get_keyword_boost] Query: 'Tôi muốn xem danh sách các gia...' | Doc: Tra cứu giao dịch th | Boost: 0.25 | Matched: ['chờ']
2026-01-05 10:42:07 | DEBUG    | log:153 | [get_keyword_boost] Query: 'Tôi muốn xem danh sách các gia...' | Doc: Tra cứu giao dịch th | Boost: 0.25 | Matched: ['gửi tiết kiệm']
2026-01-05 10:42:07 | DEBUG    | log:153 | [get_keyword_boost] Query: 'Tôi muốn xem danh sách các gia...' | Doc: Tra cứu giao dịch th | Boost: 0.25 | Matched: ['online']
2026-01-05 10:42:07 | DEBUG    | log:153 | [get_keyword_boost] Query: 'Tôi muốn xem danh sách các gia...' | Doc: getTransactionList | | Boost: 0.50 | Matched: ['chờ duyệt', 'đang chờ']
2026-01-05 10:42:07 | DEBUG    | log:153 | [get_keyword_boost] Query: 'Tôi muốn xem danh sách các gia...' | Doc: getTransactionList | | Boost: 0.25 | Matched: ['chờ duyệt']
2026-01-05 10:42:07 | DEBUG    | log:153 | [get_keyword_boost] Query: 'Tôi muốn xem danh sách các gia...' | Doc: getTransactionList | | Boost: 0.25 | Matched: ['chờ duyệt']
2026-01-05 10:42:07 | DEBUG    | log:153 | [get_keyword_boost] Query: 'Tôi muốn xem danh sách các gia...' | Doc: getTransactionList | | Boost: 0.25 | Matched: ['chờ duyệt']
2026-01-05 10:42:07 | DEBUG    | log:153 | [get_keyword_boost] Query: 'Tôi muốn xem danh sách các gia...' | Doc: getTransactionList | | Boost: 0.25 | Matched: ['chờ duyệt']
2026-01-05 10:42:07 | DEBUG    | log:153 | [classify_query_intent] Classified: 'Tôi muốn xem danh sách các gia...' -> getTransactionList | Tra cứu g (score=2)
2026-01-05 10:42:07 | DEBUG    | log:153 | [normalize_query] 'Cho tôi biết những lệnh chuyển tiền nhan...' -> 'Cho tôi biết những lệnh chuyển tiền nhan...'
2026-01-05 10:42:07 | DEBUG    | log:153 | [perform_hybrid_search] query_text: [Cho tôi biết những lệnh chuyển tiền nhanh 24/7 nào chưa hoàn tất.] - formatted_query: [Cho tôi biết những lệnh chuyển tiền nhanh 24/7 nào chưa hoàn tất] - normalized_query: [Cho tôi biết những lệnh chuyển tiền nhanh 24/7 nào chưa hoàn tất]
2026-01-05 10:42:07 | DEBUG    | log:153 | [perform_hybrid_search] BM25 raw scores: min=1.0156, max=34.2855
2026-01-05 10:42:07 | DEBUG    | log:153 | [get_keyword_boost] Query: 'Cho tôi biết những lệnh chuyển...' | Doc: Tra cứu giao dịch th | Boost: 0.25 | Matched: ['hoàn tất']
2026-01-05 10:42:07 | DEBUG    | log:153 | [get_keyword_boost] Query: 'Cho tôi biết những lệnh chuyển...' | Doc: Tra cứu giao dịch th | Boost: 0.25 | Matched: ['chuyển tiền']
2026-01-05 10:42:07 | DEBUG    | log:153 | [get_keyword_boost] Query: 'Cho tôi biết những lệnh chuyển...' | Doc: Tra cứu giao dịch ch | Boost: 0.25 | Matched: ['chuyển tiền']
2026-01-05 10:42:07 | DEBUG    | log:153 | [get_keyword_boost] Query: 'Cho tôi biết những lệnh chuyển...' | Doc: getTransactionList | | Boost: 0.25 | Matched: ['chuyển tiền']
2026-01-05 10:42:07 | DEBUG    | log:153 | [classify_query_intent] Ambiguous: 'Cho tôi biết những lệnh chuyển...' | Scores: {'Tra cứu giao dịch theo trạng thái': 1, 'Tra cứu giao dịch theo loại giao dịch': 1, 'Tra cứu giao dịch chuyển tiền': 1, 'getTransactionList | Tra cứu giao dịch chờ duyệt theo loại giao dịch': 1}
2026-01-05 10:42:07 | DEBUG    | log:153 | [normalize_query] 'Liệt kê các giao dịch nộp ngân sách nhà ...' -> 'Liệt kê các giao dịch nộp ngân sách nhà ...'
2026-01-05 10:42:07 | DEBUG    | log:153 | [perform_hybrid_search] query_text: [Liệt kê các giao dịch nộp ngân sách nhà nước chưa được phê duyệt.] - formatted_query: [Liệt kê các giao dịch nộp ngân sách nhà nước chưa được phê duyệt] - normalized_query: [Liệt kê các giao dịch nộp ngân sách nhà nước chưa được phê duyệt]
2026-01-05 10:42:07 | DEBUG    | log:153 | [perform_hybrid_search] BM25 raw scores: min=0.0786, max=38.6241
2026-01-05 10:42:07 | DEBUG    | log:153 | [get_keyword_boost] Query: 'Liệt kê các giao dịch nộp ngân...' | Doc: Tra cứu giao dịch th | Boost: 0.25 | Matched: ['phê duyệt']
2026-01-05 10:42:07 | DEBUG    | log:153 | [get_keyword_boost] Query: 'Liệt kê các giao dịch nộp ngân...' | Doc: getTransactionList | | Boost: 0.25 | Matched: ['chưa được phê duyệt']
2026-01-05 10:42:07 | DEBUG    | log:153 | [classify_query_intent] Ambiguous: 'Liệt kê các giao dịch nộp ngân...' | Scores: {'Tra cứu giao dịch theo trạng thái': 1, 'getTransactionList | Tra cứu giao dịch đang chờ xử lý hoặc chờ duyệt': 1}
2026-01-05 10:42:07 | DEBUG    | log:153 | [normalize_query] 'Các giao dịch nào thuộc loại thanh toán ...' -> 'Các giao dịch nào thuộc loại thanh toán ...'
2026-01-05 10:42:07 | DEBUG    | log:153 | [perform_hybrid_search] query_text: [Các giao dịch nào thuộc loại thanh toán vé máy bay hiện tại chưa được duyệt?] - formatted_query: [Các giao dịch nào thuộc loại thanh toán vé máy bay hiện tại chưa được duyệt] - normalized_query: [Các giao dịch nào thuộc loại thanh toán vé máy bay hiện tại chưa được duyệt]
2026-01-05 10:42:08 | DEBUG    | log:153 | [perform_hybrid_search] BM25 raw scores: min=0.3755, max=49.2232
2026-01-05 10:42:08 | DEBUG    | log:153 | [get_keyword_boost] Query: 'Các giao dịch nào thuộc loại t...' | Doc: Tra cứu giao dịch th | Boost: 0.25 | Matched: ['thanh toán']
2026-01-05 10:42:08 | DEBUG    | log:153 | [get_keyword_boost] Query: 'Các giao dịch nào thuộc loại t...' | Doc: Tra cứu giao dịch th | Boost: 0.25 | Matched: ['thanh toán']
2026-01-05 10:42:08 | DEBUG    | log:153 | [get_keyword_boost] Query: 'Các giao dịch nào thuộc loại t...' | Doc: getTransactionList | | Boost: 0.25 | Matched: ['chưa được duyệt']
2026-01-05 10:42:08 | DEBUG    | log:153 | [get_keyword_boost] Query: 'Các giao dịch nào thuộc loại t...' | Doc: getTransactionList | | Boost: 0.25 | Matched: ['thanh toán']
2026-01-05 10:42:08 | DEBUG    | log:153 | [classify_query_intent] Ambiguous: 'Các giao dịch nào thuộc loại t...' | Scores: {'Tra cứu giao dịch theo loại giao dịch': 1, 'Tra cứu giao dịch thanh toán hóa đơn': 1, 'getTransactionList | Tra cứu giao dịch đang chờ xử lý hoặc chờ duyệt': 1, 'getTransactionList | Tra cứu giao dịch chờ duyệt theo loại giao dịch': 1}
2026-01-05 10:42:08 | DEBUG    | log:153 | [normalize_query] 'Xem danh sách các lệnh tất toán sổ tiết ...' -> 'Xem danh sách các lệnh tất toán sổ tiết ...'
2026-01-05 10:42:08 | DEBUG    | log:153 | [perform_hybrid_search] query_text: [Xem danh sách các lệnh tất toán sổ tiết kiệm đang chờ xử lý.] - formatted_query: [Xem danh sách các lệnh tất toán sổ tiết kiệm đang chờ xử lý] - normalized_query: [Xem danh sách các lệnh tất toán sổ tiết kiệm đang chờ xử lý]
2026-01-05 10:42:08 | DEBUG    | log:153 | [perform_hybrid_search] BM25 raw scores: min=0.0268, max=54.8578
2026-01-05 10:42:08 | DEBUG    | log:153 | [get_keyword_boost] Query: 'Xem danh sách các lệnh tất toá...' | Doc: Tra cứu giao dịch th | Boost: 0.50 | Matched: ['xử lý', 'chờ']
2026-01-05 10:42:08 | DEBUG    | log:153 | [get_keyword_boost] Query: 'Xem danh sách các lệnh tất toá...' | Doc: getTransactionList | | Boost: 0.50 | Matched: ['chờ xử lý', 'đang chờ']
2026-01-05 10:42:08 | DEBUG    | log:153 | [get_keyword_boost] Query: 'Xem danh sách các lệnh tất toá...' | Doc: getTransactionList | | Boost: 0.25 | Matched: ['chờ xử lý']
2026-01-05 10:42:08 | DEBUG    | log:153 | [get_keyword_boost] Query: 'Xem danh sách các lệnh tất toá...' | Doc: getTransactionList | | Boost: 0.25 | Matched: ['chờ xử lý']
2026-01-05 10:42:08 | DEBUG    | log:153 | [get_keyword_boost] Query: 'Xem danh sách các lệnh tất toá...' | Doc: getTransactionList | | Boost: 0.25 | Matched: ['chờ xử lý']
2026-01-05 10:42:08 | DEBUG    | log:153 | [get_keyword_boost] Query: 'Xem danh sách các lệnh tất toá...' | Doc: getTransactionList | | Boost: 0.25 | Matched: ['chờ xử lý']
2026-01-05 10:42:08 | DEBUG    | log:153 | [classify_query_intent] Ambiguous: 'Xem danh sách các lệnh tất toá...' | Scores: {'Tra cứu giao dịch theo trạng thái': 2, 'getTransactionList | Tra cứu giao dịch đang chờ xử lý hoặc chờ duyệt': 2, 'getTransactionList | Tra cứu giao dịch chờ duyệt theo số tài khoản nguồn': 1, 'getTransactionList | Tra cứu giao dịch chờ duyệt theo khoảng thời gian': 1, 'getTransactionList | Tra cứu giao dịch chờ duyệt theo loại giao dịch': 1, 'getTransactionList | Tra cứu giao dịch chờ duyệt theo số tiền hoặc hạn mức': 1}
2026-01-05 10:42:08 | DEBUG    | log:153 | [normalize_query] 'Hiển thị toàn bộ giao dịch thanh toán ph...' -> 'Hiển thị toàn bộ giao dịch thanh toán ph...'
2026-01-05 10:42:08 | DEBUG    | log:153 | [perform_hybrid_search] query_text: [Hiển thị toàn bộ giao dịch thanh toán phí cảng biển chưa phê duyệt.] - formatted_query: [Hiển thị toàn bộ giao dịch thanh toán phí cảng biển chưa phê duyệt] - normalized_query: [Hiển thị toàn bộ giao dịch thanh toán phí cảng biển chưa phê duyệt]
2026-01-05 10:42:08 | DEBUG    | log:153 | [perform_hybrid_search] BM25 raw scores: min=0.3487, max=63.7425
2026-01-05 10:42:08 | DEBUG    | log:153 | [get_keyword_boost] Query: 'Hiển thị toàn bộ giao dịch tha...' | Doc: Tra cứu giao dịch th | Boost: 0.25 | Matched: ['phê duyệt']
2026-01-05 10:42:08 | DEBUG    | log:153 | [get_keyword_boost] Query: 'Hiển thị toàn bộ giao dịch tha...' | Doc: Tra cứu giao dịch th | Boost: 0.25 | Matched: ['thanh toán']
2026-01-05 10:42:08 | DEBUG    | log:153 | [get_keyword_boost] Query: 'Hiển thị toàn bộ giao dịch tha...' | Doc: Tra cứu giao dịch th | Boost: 0.25 | Matched: ['thanh toán']
2026-01-05 10:42:08 | DEBUG    | log:153 | [get_keyword_boost] Query: 'Hiển thị toàn bộ giao dịch tha...' | Doc: Tra cứu phí giao dịc | Boost: 0.25 | Matched: ['phí']
2026-01-05 10:42:08 | DEBUG    | log:153 | [get_keyword_boost] Query: 'Hiển thị toàn bộ giao dịch tha...' | Doc: getTransactionList | | Boost: 0.25 | Matched: ['toàn bộ']
2026-01-05 10:42:08 | DEBUG    | log:153 | [get_keyword_boost] Query: 'Hiển thị toàn bộ giao dịch tha...' | Doc: getTransactionList | | Boost: 0.25 | Matched: ['thanh toán']
2026-01-05 10:42:08 | DEBUG    | log:153 | [classify_query_intent] Ambiguous: 'Hiển thị toàn bộ giao dịch tha...' | Scores: {'Tra cứu giao dịch theo trạng thái': 1, 'Tra cứu giao dịch theo loại giao dịch': 1, 'Tra cứu giao dịch thanh toán hóa đơn': 1, 'Tra cứu phí giao dịch': 1, 'getTransactionList | Tra cứu giao dịch đang chờ xử lý hoặc chờ duyệt': 1, 'getTransactionList | Tra cứu giao dịch chờ duyệt theo loại giao dịch': 1}
2026-01-05 10:42:08 | DEBUG    | log:153 | [normalize_query] 'Có giao dịch trích nợ tự động nào đang b...' -> 'Có giao dịch trích nợ tự động nào đang b...'
2026-01-05 10:42:08 | DEBUG    | log:153 | [perform_hybrid_search] query_text: [Có giao dịch trích nợ tự động nào đang bị treo không?] - formatted_query: [Có giao dịch trích nợ tự động nào đang bị treo không] - normalized_query: [Có giao dịch trích nợ tự động nào đang bị treo không]
2026-01-05 10:42:08 | DEBUG    | log:153 | [perform_hybrid_search] BM25 raw scores: min=0.0786, max=33.2863
2026-01-05 10:42:08 | DEBUG    | log:153 | [classify_query_intent] No keyword matches found in: 'Có giao dịch trích nợ tự động nào đang bị treo khô'
2026-01-05 10:42:08 | DEBUG    | log:153 | [normalize_query] 'Cho tôi xem các lệnh thanh toán tiền hàn...' -> 'Cho tôi xem các lệnh thanh toán tiền hàn...'
2026-01-05 10:42:08 | DEBUG    | log:153 | [perform_hybrid_search] query_text: [Cho tôi xem các lệnh thanh toán tiền hàng cho nhà cung cấp chưa xử lý.] - formatted_query: [Cho tôi xem các lệnh thanh toán tiền hàng cho nhà cung cấp chưa xử lý] - normalized_query: [Cho tôi xem các lệnh thanh toán tiền hàng cho nhà cung cấp chưa xử lý]
2026-01-05 10:42:08 | DEBUG    | log:153 | [perform_hybrid_search] BM25 raw scores: min=0.2951, max=26.3824
2026-01-05 10:42:08 | DEBUG    | log:153 | [get_keyword_boost] Query: 'Cho tôi xem các lệnh thanh toá...' | Doc: Tra cứu giao dịch th | Boost: 0.25 | Matched: ['xử lý']
2026-01-05 10:42:08 | DEBUG    | log:153 | [get_keyword_boost] Query: 'Cho tôi xem các lệnh thanh toá...' | Doc: Tra cứu giao dịch th | Boost: 0.25 | Matched: ['thanh toán']
2026-01-05 10:42:08 | DEBUG    | log:153 | [get_keyword_boost] Query: 'Cho tôi xem các lệnh thanh toá...' | Doc: Tra cứu giao dịch th | Boost: 0.25 | Matched: ['thanh toán']
2026-01-05 10:42:08 | DEBUG    | log:153 | [get_keyword_boost] Query: 'Cho tôi xem các lệnh thanh toá...' | Doc: getTransactionList | | Boost: 0.25 | Matched: ['thanh toán']
2026-01-05 10:42:08 | DEBUG    | log:153 | [classify_query_intent] Ambiguous: 'Cho tôi xem các lệnh thanh toá...' | Scores: {'Tra cứu giao dịch theo trạng thái': 1, 'Tra cứu giao dịch theo loại giao dịch': 1, 'Tra cứu giao dịch thanh toán hóa đơn': 1, 'getTransactionList | Tra cứu giao dịch chờ duyệt theo loại giao dịch': 1}
2026-01-05 10:42:08 | DEBUG    | log:153 | [normalize_query] 'Liệt kê tất cả giao dịch chuyển tiền the...' -> 'Liệt kê tất cả giao dịch chuyển tiền the...'
2026-01-05 10:42:08 | DEBUG    | log:153 | [perform_hybrid_search] query_text: [Liệt kê tất cả giao dịch chuyển tiền theo lô đang chờ duyệt.] - formatted_query: [Liệt kê tất cả giao dịch chuyển tiền theo lô đang chờ duyệt] - normalized_query: [Liệt kê tất cả giao dịch chuyển tiền theo lô đang chờ duyệt]
2026-01-05 10:42:08 | DEBUG    | log:153 | [perform_hybrid_search] BM25 raw scores: min=0.8079, max=57.7974
2026-01-05 10:42:08 | DEBUG    | log:153 | [get_keyword_boost] Query: 'Liệt kê tất cả giao dịch chuyể...' | Doc: Tra cứu giao dịch th | Boost: 0.25 | Matched: ['chờ']
2026-01-05 10:42:08 | DEBUG    | log:153 | [get_keyword_boost] Query: 'Liệt kê tất cả giao dịch chuyể...' | Doc: Tra cứu giao dịch th | Boost: 0.25 | Matched: ['chuyển tiền']
2026-01-05 10:42:08 | DEBUG    | log:153 | [get_keyword_boost] Query: 'Liệt kê tất cả giao dịch chuyể...' | Doc: Tra cứu giao dịch ch | Boost: 0.25 | Matched: ['chuyển tiền']
2026-01-05 10:42:08 | DEBUG    | log:153 | [get_keyword_boost] Query: 'Liệt kê tất cả giao dịch chuyể...' | Doc: getTransactionList | | Boost: 0.75 | Matched: ['chờ duyệt', 'đang chờ', 'tất cả']
2026-01-05 10:42:08 | DEBUG    | log:153 | [get_keyword_boost] Query: 'Liệt kê tất cả giao dịch chuyể...' | Doc: getTransactionList | | Boost: 0.25 | Matched: ['chờ duyệt']
2026-01-05 10:42:08 | DEBUG    | log:153 | [get_keyword_boost] Query: 'Liệt kê tất cả giao dịch chuyể...' | Doc: getTransactionList | | Boost: 0.25 | Matched: ['chờ duyệt']
2026-01-05 10:42:08 | DEBUG    | log:153 | [get_keyword_boost] Query: 'Liệt kê tất cả giao dịch chuyể...' | Doc: getTransactionList | | Boost: 0.50 | Matched: ['chờ duyệt', 'chuyển tiền']
2026-01-05 10:42:08 | DEBUG    | log:153 | [get_keyword_boost] Query: 'Liệt kê tất cả giao dịch chuyể...' | Doc: getTransactionList | | Boost: 0.25 | Matched: ['chờ duyệt']
2026-01-05 10:42:08 | DEBUG    | log:153 | [classify_query_intent] Classified: 'Liệt kê tất cả giao dịch chuyể...' -> getTransactionList | Tra cứu g (score=3)
2026-01-05 10:42:08 | DEBUG    | log:153 | [normalize_query] 'Kiểm tra xem có lệnh chuyển tiền chứng k...' -> 'Kiểm tra xem có lệnh chuyển tiền chứng k...'
2026-01-05 10:42:08 | DEBUG    | log:153 | [perform_hybrid_search] query_text: [Kiểm tra xem có lệnh chuyển tiền chứng khoán nào đang pending không.] - formatted_query: [Kiểm tra xem có lệnh chuyển tiền chứng khoán nào đang pending không] - normalized_query: [Kiểm tra xem có lệnh chuyển tiền chứng khoán nào đang pending không]
2026-01-05 10:42:08 | DEBUG    | log:153 | [perform_hybrid_search] BM25 raw scores: min=0.8727, max=47.8928
2026-01-05 10:42:08 | DEBUG    | log:153 | [get_keyword_boost] Query: 'Kiểm tra xem có lệnh chuyển ti...' | Doc: Tra cứu giao dịch th | Boost: 0.25 | Matched: ['chuyển tiền']
2026-01-05 10:42:08 | DEBUG    | log:153 | [get_keyword_boost] Query: 'Kiểm tra xem có lệnh chuyển ti...' | Doc: Tra cứu giao dịch ch | Boost: 0.25 | Matched: ['chuyển tiền']
2026-01-05 10:42:08 | DEBUG    | log:153 | [get_keyword_boost] Query: 'Kiểm tra xem có lệnh chuyển ti...' | Doc: getTransactionList | | Boost: 0.25 | Matched: ['pending']
2026-01-05 10:42:08 | DEBUG    | log:153 | [get_keyword_boost] Query: 'Kiểm tra xem có lệnh chuyển ti...' | Doc: getTransactionList | | Boost: 0.25 | Matched: ['pending']
2026-01-05 10:42:08 | DEBUG    | log:153 | [get_keyword_boost] Query: 'Kiểm tra xem có lệnh chuyển ti...' | Doc: getTransactionList | | Boost: 0.25 | Matched: ['pending']
2026-01-05 10:42:08 | DEBUG    | log:153 | [get_keyword_boost] Query: 'Kiểm tra xem có lệnh chuyển ti...' | Doc: getTransactionList | | Boost: 0.50 | Matched: ['pending', 'chuyển tiền']
2026-01-05 10:42:08 | DEBUG    | log:153 | [get_keyword_boost] Query: 'Kiểm tra xem có lệnh chuyển ti...' | Doc: getTransactionList | | Boost: 0.25 | Matched: ['pending']
2026-01-05 10:42:08 | DEBUG    | log:153 | [classify_query_intent] Classified: 'Kiểm tra xem có lệnh chuyển ti...' -> getTransactionList | Tra cứu g (score=2)
2026-01-05 10:42:08 | DEBUG    | log:153 | [normalize_query] 'Tìm các giao dịch hoàn tiền cho khách hà...' -> 'Tìm các giao dịch hoàn tiền cho khách hà...'
2026-01-05 10:42:08 | DEBUG    | log:153 | [perform_hybrid_search] query_text: [Tìm các giao dịch hoàn tiền cho khách hàng chưa được phê duyệt.] - formatted_query: [Tìm các giao dịch hoàn tiền cho khách hàng chưa được phê duyệt] - normalized_query: [Tìm các giao dịch hoàn tiền cho khách hàng chưa được phê duyệt]
2026-01-05 10:42:08 | DEBUG    | log:153 | [perform_hybrid_search] BM25 raw scores: min=1.0960, max=22.5981
2026-01-05 10:42:08 | DEBUG    | log:153 | [get_keyword_boost] Query: 'Tìm các giao dịch hoàn tiền ch...' | Doc: Tra cứu giao dịch th | Boost: 0.25 | Matched: ['phê duyệt']
2026-01-05 10:42:08 | DEBUG    | log:153 | [get_keyword_boost] Query: 'Tìm các giao dịch hoàn tiền ch...' | Doc: getTransactionList | | Boost: 0.25 | Matched: ['chưa được phê duyệt']
2026-01-05 10:42:08 | DEBUG    | log:153 | [classify_query_intent] Ambiguous: 'Tìm các giao dịch hoàn tiền ch...' | Scores: {'Tra cứu giao dịch theo trạng thái': 1, 'getTransactionList | Tra cứu giao dịch đang chờ xử lý hoặc chờ duyệt': 1}
2026-01-05 10:42:08 | DEBUG    | log:153 | [normalize_query] 'Danh sách các lệnh thanh toán học phí đa...' -> 'Danh sách các lệnh thanh toán học phí đa...'
2026-01-05 10:42:08 | DEBUG    | log:153 | [perform_hybrid_search] query_text: [Danh sách các lệnh thanh toán học phí đang chờ xử lý là gì?] - formatted_query: [Danh sách các lệnh thanh toán học phí đang chờ xử lý là gì] - normalized_query: [Danh sách các lệnh thanh toán học phí đang chờ xử lý là gì]
2026-01-05 10:42:08 | DEBUG    | log:153 | [perform_hybrid_search] BM25 raw scores: min=0.2683, max=37.3670
2026-01-05 10:42:08 | DEBUG    | log:153 | [get_keyword_boost] Query: 'Danh sách các lệnh thanh toán ...' | Doc: Tra cứu giao dịch th | Boost: 0.50 | Matched: ['xử lý', 'chờ']
2026-01-05 10:42:08 | DEBUG    | log:153 | [get_keyword_boost] Query: 'Danh sách các lệnh thanh toán ...' | Doc: Tra cứu giao dịch th | Boost: 0.25 | Matched: ['thanh toán']
2026-01-05 10:42:08 | DEBUG    | log:153 | [get_keyword_boost] Query: 'Danh sách các lệnh thanh toán ...' | Doc: Tra cứu giao dịch th | Boost: 0.50 | Matched: ['thanh toán', 'học phí']
2026-01-05 10:42:08 | DEBUG    | log:153 | [get_keyword_boost] Query: 'Danh sách các lệnh thanh toán ...' | Doc: Tra cứu phí giao dịc | Boost: 0.25 | Matched: ['phí']
2026-01-05 10:42:08 | DEBUG    | log:153 | [get_keyword_boost] Query: 'Danh sách các lệnh thanh toán ...' | Doc: getTransactionList | | Boost: 0.50 | Matched: ['chờ xử lý', 'đang chờ']
2026-01-05 10:42:08 | DEBUG    | log:153 | [get_keyword_boost] Query: 'Danh sách các lệnh thanh toán ...' | Doc: getTransactionList | | Boost: 0.25 | Matched: ['chờ xử lý']
2026-01-05 10:42:08 | DEBUG    | log:153 | [get_keyword_boost] Query: 'Danh sách các lệnh thanh toán ...' | Doc: getTransactionList | | Boost: 0.25 | Matched: ['chờ xử lý']
2026-01-05 10:42:08 | DEBUG    | log:153 | [get_keyword_boost] Query: 'Danh sách các lệnh thanh toán ...' | Doc: getTransactionList | | Boost: 0.50 | Matched: ['chờ xử lý', 'thanh toán']
2026-01-05 10:42:08 | DEBUG    | log:153 | [get_keyword_boost] Query: 'Danh sách các lệnh thanh toán ...' | Doc: getTransactionList | | Boost: 0.25 | Matched: ['chờ xử lý']
2026-01-05 10:42:08 | DEBUG    | log:153 | [classify_query_intent] Ambiguous: 'Danh sách các lệnh thanh toán ...' | Scores: {'Tra cứu giao dịch theo trạng thái': 2, 'Tra cứu giao dịch theo loại giao dịch': 1, 'Tra cứu giao dịch thanh toán hóa đơn': 2, 'Tra cứu phí giao dịch': 1, 'getTransactionList | Tra cứu giao dịch đang chờ xử lý hoặc chờ duyệt': 2, 'getTransactionList | Tra cứu giao dịch chờ duyệt theo số tài khoản nguồn': 1, 'getTransactionList | Tra cứu giao dịch chờ duyệt theo khoảng thời gian': 1, 'getTransactionList | Tra cứu giao dịch chờ duyệt theo loại giao dịch': 2, 'getTransactionList | Tra cứu giao dịch chờ duyệt theo số tiền hoặc hạn mức': 1}
2026-01-05 10:42:08 | DEBUG    | log:153 | [normalize_query] 'Tôi muốn xem các giao dịch chi tạm ứng đ...' -> 'Tôi muốn xem các giao dịch chi tạm ứng đ...'
2026-01-05 10:42:08 | DEBUG    | log:153 | [perform_hybrid_search] query_text: [Tôi muốn xem các giao dịch chi tạm ứng đang ở trạng thái chờ duyệt.] - formatted_query: [Tôi muốn xem các giao dịch chi tạm ứng đang ở trạng thái chờ duyệt] - normalized_query: [Tôi muốn xem các giao dịch chi tạm ứng đang ở trạng thái chờ duyệt]
2026-01-05 10:42:08 | DEBUG    | log:153 | [perform_hybrid_search] BM25 raw scores: min=1.7545, max=40.5881
2026-01-05 10:42:08 | DEBUG    | log:153 | [get_keyword_boost] Query: 'Tôi muốn xem các giao dịch chi...' | Doc: Tra cứu giao dịch th | Boost: 0.50 | Matched: ['trạng thái', 'chờ']
2026-01-05 10:42:08 | DEBUG    | log:153 | [get_keyword_boost] Query: 'Tôi muốn xem các giao dịch chi...' | Doc: getTransactionList | | Boost: 0.25 | Matched: ['chờ duyệt']
2026-01-05 10:42:08 | DEBUG    | log:153 | [get_keyword_boost] Query: 'Tôi muốn xem các giao dịch chi...' | Doc: getTransactionList | | Boost: 0.25 | Matched: ['chờ duyệt']
2026-01-05 10:42:08 | DEBUG    | log:153 | [get_keyword_boost] Query: 'Tôi muốn xem các giao dịch chi...' | Doc: getTransactionList | | Boost: 0.25 | Matched: ['chờ duyệt']
2026-01-05 10:42:08 | DEBUG    | log:153 | [get_keyword_boost] Query: 'Tôi muốn xem các giao dịch chi...' | Doc: getTransactionList | | Boost: 0.25 | Matched: ['chờ duyệt']
2026-01-05 10:42:08 | DEBUG    | log:153 | [get_keyword_boost] Query: 'Tôi muốn xem các giao dịch chi...' | Doc: getTransactionList | | Boost: 0.25 | Matched: ['chờ duyệt']
2026-01-05 10:42:08 | DEBUG    | log:153 | [classify_query_intent] Classified: 'Tôi muốn xem các giao dịch chi...' -> Tra cứu giao dịch theo trạng t (score=2)
2026-01-05 10:42:08 | DEBUG    | log:153 | [normalize_query] 'Hãy lọc ra các giao dịch thanh toán hóa ...' -> 'Hãy lọc ra các giao dịch thanh toán hóa ...'
2026-01-05 10:42:08 | DEBUG    | log:153 | [perform_hybrid_search] query_text: [Hãy lọc ra các giao dịch thanh toán hóa đơn internet chưa hoàn tất.] - formatted_query: [Hãy lọc ra các giao dịch thanh toán hóa đơn internet chưa hoàn tất] - normalized_query: [Hãy lọc ra các giao dịch thanh toán hóa đơn internet chưa hoàn tất]
2026-01-05 10:42:08 | DEBUG    | log:153 | [perform_hybrid_search] BM25 raw scores: min=0.5196, max=46.3751
2026-01-05 10:42:08 | DEBUG    | log:153 | [get_keyword_boost] Query: 'Hãy lọc ra các giao dịch thanh...' | Doc: Tra cứu giao dịch th | Boost: 0.25 | Matched: ['hoàn tất']
2026-01-05 10:42:08 | DEBUG    | log:153 | [get_keyword_boost] Query: 'Hãy lọc ra các giao dịch thanh...' | Doc: Tra cứu giao dịch th | Boost: 0.25 | Matched: ['thanh toán']
2026-01-05 10:42:08 | DEBUG    | log:153 | [get_keyword_boost] Query: 'Hãy lọc ra các giao dịch thanh...' | Doc: Tra cứu giao dịch th | Boost: 0.50 | Matched: ['thanh toán', 'hóa đơn']
2026-01-05 10:42:08 | DEBUG    | log:153 | [get_keyword_boost] Query: 'Hãy lọc ra các giao dịch thanh...' | Doc: getTransactionList | | Boost: 0.50 | Matched: ['thanh toán', 'thanh toán hóa đơn']
2026-01-05 10:42:08 | DEBUG    | log:153 | [classify_query_intent] Ambiguous: 'Hãy lọc ra các giao dịch thanh...' | Scores: {'Tra cứu giao dịch theo trạng thái': 1, 'Tra cứu giao dịch theo loại giao dịch': 1, 'Tra cứu giao dịch thanh toán hóa đơn': 2, 'getTransactionList | Tra cứu giao dịch chờ duyệt theo loại giao dịch': 2}
2026-01-05 10:42:08 | DEBUG    | log:153 | [normalize_query] 'Có lệnh chuyển tiền từ thiện nào đang ch...' -> 'Có lệnh chuyển tiền từ thiện nào đang ch...'
2026-01-05 10:42:08 | DEBUG    | log:153 | [perform_hybrid_search] query_text: [Có lệnh chuyển tiền từ thiện nào đang chờ checker phê duyệt không?] - formatted_query: [Có lệnh chuyển tiền từ thiện nào đang chờ checker phê duyệt không] - normalized_query: [Có lệnh chuyển tiền từ thiện nào đang chờ checker phê duyệt không]
2026-01-05 10:42:08 | DEBUG    | log:153 | [perform_hybrid_search] BM25 raw scores: min=0.3816, max=42.7071
2026-01-05 10:42:08 | DEBUG    | log:153 | [get_keyword_boost] Query: 'Có lệnh chuyển tiền từ thiện n...' | Doc: Tra cứu giao dịch th | Boost: 0.50 | Matched: ['chờ', 'phê duyệt']
2026-01-05 10:42:08 | DEBUG    | log:153 | [get_keyword_boost] Query: 'Có lệnh chuyển tiền từ thiện n...' | Doc: Tra cứu giao dịch th | Boost: 0.25 | Matched: ['chuyển tiền']
2026-01-05 10:42:08 | DEBUG    | log:153 | [get_keyword_boost] Query: 'Có lệnh chuyển tiền từ thiện n...' | Doc: Tra cứu giao dịch ch | Boost: 0.50 | Matched: ['chuyển tiền', 'ck']
2026-01-05 10:42:08 | DEBUG    | log:153 | [get_keyword_boost] Query: 'Có lệnh chuyển tiền từ thiện n...' | Doc: getTransactionList | | Boost: 0.25 | Matched: ['đang chờ']
2026-01-05 10:42:08 | DEBUG    | log:153 | [get_keyword_boost] Query: 'Có lệnh chuyển tiền từ thiện n...' | Doc: getTransactionList | | Boost: 0.25 | Matched: ['chuyển tiền']
2026-01-05 10:42:08 | DEBUG    | log:153 | [get_keyword_boost] Query: 'Có lệnh chuyển tiền từ thiện n...' | Doc: getTransactionList | | Boost: 0.25 | Matched: ['từ']
2026-01-05 10:42:08 | DEBUG    | log:153 | [classify_query_intent] Ambiguous: 'Có lệnh chuyển tiền từ thiện n...' | Scores: {'Tra cứu giao dịch theo trạng thái': 2, 'Tra cứu giao dịch theo loại giao dịch': 1, 'Tra cứu giao dịch chuyển tiền': 2, 'getTransactionList | Tra cứu giao dịch đang chờ xử lý hoặc chờ duyệt': 1, 'getTransactionList | Tra cứu giao dịch chờ duyệt theo loại giao dịch': 1, 'getTransactionList | Tra cứu giao dịch chờ duyệt theo số tiền hoặc hạn mức': 1}
2026-01-05 10:42:08 | DEBUG    | log:153 | [normalize_query] 'Xem trạng thái các giao dịch nạp tiền ví...' -> 'Xem trạng thái các giao dịch nạp tiền ví...'
2026-01-05 10:42:08 | DEBUG    | log:153 | [perform_hybrid_search] query_text: [Xem trạng thái các giao dịch nạp tiền ví điện tử đang pending.] - formatted_query: [Xem trạng thái các giao dịch nạp tiền ví điện tử đang pending] - normalized_query: [Xem trạng thái các giao dịch nạp tiền ví điện tử đang pending]
2026-01-05 10:42:08 | DEBUG    | log:153 | [perform_hybrid_search] BM25 raw scores: min=0.1049, max=24.5843
2026-01-05 10:42:08 | DEBUG    | log:153 | [get_keyword_boost] Query: 'Xem trạng thái các giao dịch n...' | Doc: Tra cứu giao dịch th | Boost: 0.25 | Matched: ['trạng thái']
2026-01-05 10:42:08 | DEBUG    | log:153 | [get_keyword_boost] Query: 'Xem trạng thái các giao dịch n...' | Doc: Tra cứu giao dịch th | Boost: 0.25 | Matched: ['nạp tiền']
2026-01-05 10:42:08 | DEBUG    | log:153 | [get_keyword_boost] Query: 'Xem trạng thái các giao dịch n...' | Doc: getTransactionList | | Boost: 0.25 | Matched: ['pending']
2026-01-05 10:42:08 | DEBUG    | log:153 | [get_keyword_boost] Query: 'Xem trạng thái các giao dịch n...' | Doc: getTransactionList | | Boost: 0.25 | Matched: ['pending']
2026-01-05 10:42:08 | DEBUG    | log:153 | [get_keyword_boost] Query: 'Xem trạng thái các giao dịch n...' | Doc: getTransactionList | | Boost: 0.25 | Matched: ['pending']
2026-01-05 10:42:08 | DEBUG    | log:153 | [get_keyword_boost] Query: 'Xem trạng thái các giao dịch n...' | Doc: getTransactionList | | Boost: 0.25 | Matched: ['pending']
2026-01-05 10:42:08 | DEBUG    | log:153 | [get_keyword_boost] Query: 'Xem trạng thái các giao dịch n...' | Doc: getTransactionList | | Boost: 0.25 | Matched: ['pending']
2026-01-05 10:42:08 | DEBUG    | log:153 | [classify_query_intent] Ambiguous: 'Xem trạng thái các giao dịch n...' | Scores: {'Tra cứu giao dịch theo trạng thái': 1, 'Tra cứu giao dịch theo loại giao dịch': 1, 'getTransactionList | Tra cứu giao dịch đang chờ xử lý hoặc chờ duyệt': 1, 'getTransactionList | Tra cứu giao dịch chờ duyệt theo số tài khoản nguồn': 1, 'getTransactionList | Tra cứu giao dịch chờ duyệt theo khoảng thời gian': 1, 'getTransactionList | Tra cứu giao dịch chờ duyệt theo loại giao dịch': 1, 'getTransactionList | Tra cứu giao dịch chờ duyệt theo số tiền hoặc hạn mức': 1}
2026-01-05 10:42:08 | DEBUG    | log:153 | [normalize_query] 'Hiển thị danh sách các lệnh thanh toán l...' -> 'Hiển thị danh sách các lệnh thanh toán l...'
2026-01-05 10:42:08 | DEBUG    | log:153 | [perform_hybrid_search] query_text: [Hiển thị danh sách các lệnh thanh toán lãi vay chưa được duyệt.] - formatted_query: [Hiển thị danh sách các lệnh thanh toán lãi vay chưa được duyệt] - normalized_query: [Hiển thị danh sách các lệnh thanh toán lãi vay chưa được duyệt]
2026-01-05 10:42:08 | DEBUG    | log:153 | [perform_hybrid_search] BM25 raw scores: min=0.2683, max=37.8987
2026-01-05 10:42:08 | DEBUG    | log:153 | [get_keyword_boost] Query: 'Hiển thị danh sách các lệnh th...' | Doc: Tra cứu giao dịch th | Boost: 0.25 | Matched: ['thanh toán']
2026-01-05 10:42:08 | DEBUG    | log:153 | [get_keyword_boost] Query: 'Hiển thị danh sách các lệnh th...' | Doc: Tra cứu giao dịch th | Boost: 0.25 | Matched: ['thanh toán']
2026-01-05 10:42:08 | DEBUG    | log:153 | [get_keyword_boost] Query: 'Hiển thị danh sách các lệnh th...' | Doc: getTransactionList | | Boost: 0.25 | Matched: ['chưa được duyệt']
2026-01-05 10:42:08 | DEBUG    | log:153 | [get_keyword_boost] Query: 'Hiển thị danh sách các lệnh th...' | Doc: getTransactionList | | Boost: 0.25 | Matched: ['thanh toán']
2026-01-05 10:42:08 | DEBUG    | log:153 | [classify_query_intent] Ambiguous: 'Hiển thị danh sách các lệnh th...' | Scores: {'Tra cứu giao dịch theo loại giao dịch': 1, 'Tra cứu giao dịch thanh toán hóa đơn': 1, 'getTransactionList | Tra cứu giao dịch đang chờ xử lý hoặc chờ duyệt': 1, 'getTransactionList | Tra cứu giao dịch chờ duyệt theo loại giao dịch': 1}
2026-01-05 10:42:08 | DEBUG    | log:153 | [normalize_query] 'Liệt kê các giao dịch quét mã QR đang ch...' -> 'Liệt kê các giao dịch quét mã qr đang ch...'
2026-01-05 10:42:08 | DEBUG    | log:153 | [perform_hybrid_search] query_text: [Liệt kê các giao dịch quét mã QR đang chờ xử lý.] - formatted_query: [Liệt kê các giao dịch quét mã qr đang chờ xử lý] - normalized_query: [Liệt kê các giao dịch quét mã qr đang chờ xử lý]
2026-01-05 10:42:08 | DEBUG    | log:153 | [perform_hybrid_search] BM25 raw scores: min=0.1049, max=43.9952
2026-01-05 10:42:08 | DEBUG    | log:153 | [get_keyword_boost] Query: 'Liệt kê các giao dịch quét mã ...' | Doc: Tra cứu giao dịch th | Boost: 0.50 | Matched: ['xử lý', 'chờ']
2026-01-05 10:42:08 | DEBUG    | log:153 | [get_keyword_boost] Query: 'Liệt kê các giao dịch quét mã ...' | Doc: Tra cứu chi tiết một | Boost: 0.25 | Matched: ['mã']
2026-01-05 10:42:08 | DEBUG    | log:153 | [get_keyword_boost] Query: 'Liệt kê các giao dịch quét mã ...' | Doc: getTransactionList | | Boost: 0.50 | Matched: ['chờ xử lý', 'đang chờ']
2026-01-05 10:42:08 | DEBUG    | log:153 | [get_keyword_boost] Query: 'Liệt kê các giao dịch quét mã ...' | Doc: getTransactionList | | Boost: 0.25 | Matched: ['chờ xử lý']
2026-01-05 10:42:08 | DEBUG    | log:153 | [get_keyword_boost] Query: 'Liệt kê các giao dịch quét mã ...' | Doc: getTransactionList | | Boost: 0.25 | Matched: ['chờ xử lý']
2026-01-05 10:42:08 | DEBUG    | log:153 | [get_keyword_boost] Query: 'Liệt kê các giao dịch quét mã ...' | Doc: getTransactionList | | Boost: 0.25 | Matched: ['chờ xử lý']
2026-01-05 10:42:08 | DEBUG    | log:153 | [get_keyword_boost] Query: 'Liệt kê các giao dịch quét mã ...' | Doc: getTransactionList | | Boost: 0.25 | Matched: ['chờ xử lý']
2026-01-05 10:42:08 | DEBUG    | log:153 | [classify_query_intent] Ambiguous: 'Liệt kê các giao dịch quét mã ...' | Scores: {'Tra cứu giao dịch theo trạng thái': 2, 'Tra cứu chi tiết một giao dịch cụ thể': 1, 'getTransactionList | Tra cứu giao dịch đang chờ xử lý hoặc chờ duyệt': 2, 'getTransactionList | Tra cứu giao dịch chờ duyệt theo số tài khoản nguồn': 1, 'getTransactionList | Tra cứu giao dịch chờ duyệt theo khoảng thời gian': 1, 'getTransactionList | Tra cứu giao dịch chờ duyệt theo loại giao dịch': 1, 'getTransactionList | Tra cứu giao dịch chờ duyệt theo số tiền hoặc hạn mức': 1}
2026-01-05 10:42:08 | DEBUG    | log:153 | [normalize_query] 'Cho tôi danh sách các lệnh chuyển tiền đ...' -> 'Cho tôi danh sách các lệnh chuyển tiền đ...'
2026-01-05 10:42:08 | DEBUG    | log:153 | [perform_hybrid_search] query_text: [Cho tôi danh sách các lệnh chuyển tiền định kỳ chưa được thực hiện do chờ duyệt.] - formatted_query: [Cho tôi danh sách các lệnh chuyển tiền định kỳ chưa được thực hiện do chờ duyệt] - normalized_query: [Cho tôi danh sách các lệnh chuyển tiền định kỳ chưa được thực hiện do chờ duyệt]
2026-01-05 10:42:08 | DEBUG    | log:153 | [perform_hybrid_search] BM25 raw scores: min=0.9326, max=28.0763
2026-01-05 10:42:08 | DEBUG    | log:153 | [get_keyword_boost] Query: 'Cho tôi danh sách các lệnh chu...' | Doc: Tra cứu giao dịch th | Boost: 0.25 | Matched: ['chờ']
2026-01-05 10:42:08 | DEBUG    | log:153 | [get_keyword_boost] Query: 'Cho tôi danh sách các lệnh chu...' | Doc: Tra cứu giao dịch th | Boost: 0.25 | Matched: ['chuyển tiền']
2026-01-05 10:42:08 | DEBUG    | log:153 | [get_keyword_boost] Query: 'Cho tôi danh sách các lệnh chu...' | Doc: Tra cứu giao dịch ch | Boost: 0.25 | Matched: ['chuyển tiền']
2026-01-05 10:42:08 | DEBUG    | log:153 | [get_keyword_boost] Query: 'Cho tôi danh sách các lệnh chu...' | Doc: getTransactionList | | Boost: 0.25 | Matched: ['chờ duyệt']
2026-01-05 10:42:08 | DEBUG    | log:153 | [get_keyword_boost] Query: 'Cho tôi danh sách các lệnh chu...' | Doc: getTransactionList | | Boost: 0.25 | Matched: ['chờ duyệt']
2026-01-05 10:42:08 | DEBUG    | log:153 | [get_keyword_boost] Query: 'Cho tôi danh sách các lệnh chu...' | Doc: getTransactionList | | Boost: 0.25 | Matched: ['chờ duyệt']
2026-01-05 10:42:08 | DEBUG    | log:153 | [get_keyword_boost] Query: 'Cho tôi danh sách các lệnh chu...' | Doc: getTransactionList | | Boost: 0.50 | Matched: ['chờ duyệt', 'chuyển tiền']
2026-01-05 10:42:08 | DEBUG    | log:153 | [get_keyword_boost] Query: 'Cho tôi danh sách các lệnh chu...' | Doc: getTransactionList | | Boost: 0.25 | Matched: ['chờ duyệt']
2026-01-05 10:42:08 | DEBUG    | log:153 | [classify_query_intent] Classified: 'Cho tôi danh sách các lệnh chu...' -> getTransactionList | Tra cứu g (score=2)
2026-01-05 10:42:08 | DEBUG    | log:153 | [normalize_query] 'Check list interbank transfer đang pendi...' -> 'Check list interbank transfer đang pendi...'
2026-01-05 10:42:08 | DEBUG    | log:153 | [perform_hybrid_search] query_text: [Check list interbank transfer đang pending giúp t.] - formatted_query: [Check list interbank transfer đang pending giúp t] - normalized_query: [Check list interbank transfer đang pending giúp t]
2026-01-05 10:42:08 | DEBUG    | log:153 | [perform_hybrid_search] BM25 raw scores: min=0.0000, max=7.0185
2026-01-05 10:42:08 | DEBUG    | log:153 | [get_keyword_boost] Query: 'Check list interbank transfer ...' | Doc: Tra cứu giao dịch ch | Boost: 0.25 | Matched: ['ck']
2026-01-05 10:42:08 | DEBUG    | log:153 | [get_keyword_boost] Query: 'Check list interbank transfer ...' | Doc: getTransactionList | | Boost: 0.25 | Matched: ['pending']
2026-01-05 10:42:08 | DEBUG    | log:153 | [get_keyword_boost] Query: 'Check list interbank transfer ...' | Doc: getTransactionList | | Boost: 0.25 | Matched: ['pending']
2026-01-05 10:42:08 | DEBUG    | log:153 | [get_keyword_boost] Query: 'Check list interbank transfer ...' | Doc: getTransactionList | | Boost: 0.25 | Matched: ['pending']
2026-01-05 10:42:08 | DEBUG    | log:153 | [get_keyword_boost] Query: 'Check list interbank transfer ...' | Doc: getTransactionList | | Boost: 0.25 | Matched: ['pending']
2026-01-05 10:42:08 | DEBUG    | log:153 | [get_keyword_boost] Query: 'Check list interbank transfer ...' | Doc: getTransactionList | | Boost: 0.25 | Matched: ['pending']
2026-01-05 10:42:08 | DEBUG    | log:153 | [classify_query_intent] Ambiguous: 'Check list interbank transfer ...' | Scores: {'Tra cứu giao dịch chuyển tiền': 1, 'getTransactionList | Tra cứu giao dịch đang chờ xử lý hoặc chờ duyệt': 1, 'getTransactionList | Tra cứu giao dịch chờ duyệt theo số tài khoản nguồn': 1, 'getTransactionList | Tra cứu giao dịch chờ duyệt theo khoảng thời gian': 1, 'getTransactionList | Tra cứu giao dịch chờ duyệt theo loại giao dịch': 1, 'getTransactionList | Tra cứu giao dịch chờ duyệt theo số tiền hoặc hạn mức': 1}
2026-01-05 10:42:08 | DEBUG    | log:153 | [normalize_query] 'Show toàn bộ payroll transaction chưa đư...' -> 'Show toàn bộ payroll transaction chưa đư...'
2026-01-05 10:42:08 | DEBUG    | log:153 | [perform_hybrid_search] query_text: [Show toàn bộ payroll transaction chưa được approved.] - formatted_query: [Show toàn bộ payroll transaction chưa được approved] - normalized_query: [Show toàn bộ payroll transaction chưa được approved]
2026-01-05 10:42:08 | DEBUG    | log:153 | [perform_hybrid_search] BM25 raw scores: min=0.0000, max=12.5167
2026-01-05 10:42:08 | DEBUG    | log:153 | [get_keyword_boost] Query: 'Show toàn bộ payroll transacti...' | Doc: getTransactionList | | Boost: 0.25 | Matched: ['toàn bộ']
2026-01-05 10:42:08 | DEBUG    | log:153 | [classify_query_intent] Classified: 'Show toàn bộ payroll transacti...' -> getTransactionList | Tra cứu g (score=1)
2026-01-05 10:42:08 | DEBUG    | log:153 | [normalize_query] 'Có tax payment nào đang ở status pending...' -> 'Có tax payment nào đang ở status pending...'
2026-01-05 10:42:08 | DEBUG    | log:153 | [perform_hybrid_search] query_text: [Có tax payment nào đang ở status pending ko?] - formatted_query: [Có tax payment nào đang ở status pending ko] - normalized_query: [Có tax payment nào đang ở status pending ko]
2026-01-05 10:42:08 | DEBUG    | log:153 | [perform_hybrid_search] BM25 raw scores: min=0.0000, max=22.7577
2026-01-05 10:42:08 | DEBUG    | log:153 | [get_keyword_boost] Query: 'Có tax payment nào đang ở stat...' | Doc: getTransactionList | | Boost: 0.25 | Matched: ['pending']
2026-01-05 10:42:08 | DEBUG    | log:153 | [get_keyword_boost] Query: 'Có tax payment nào đang ở stat...' | Doc: getTransactionList | | Boost: 0.25 | Matched: ['pending']
2026-01-05 10:42:08 | DEBUG    | log:153 | [get_keyword_boost] Query: 'Có tax payment nào đang ở stat...' | Doc: getTransactionList | | Boost: 0.25 | Matched: ['pending']
2026-01-05 10:42:08 | DEBUG    | log:153 | [get_keyword_boost] Query: 'Có tax payment nào đang ở stat...' | Doc: getTransactionList | | Boost: 0.25 | Matched: ['pending']
2026-01-05 10:42:08 | DEBUG    | log:153 | [get_keyword_boost] Query: 'Có tax payment nào đang ở stat...' | Doc: getTransactionList | | Boost: 0.25 | Matched: ['pending']
2026-01-05 10:42:08 | DEBUG    | log:153 | [classify_query_intent] Ambiguous: 'Có tax payment nào đang ở stat...' | Scores: {'getTransactionList | Tra cứu giao dịch đang chờ xử lý hoặc chờ duyệt': 1, 'getTransactionList | Tra cứu giao dịch chờ duyệt theo số tài khoản nguồn': 1, 'getTransactionList | Tra cứu giao dịch chờ duyệt theo khoảng thời gian': 1, 'getTransactionList | Tra cứu giao dịch chờ duyệt theo loại giao dịch': 1, 'getTransactionList | Tra cứu giao dịch chờ duyệt theo số tiền hoặc hạn mức': 1}
2026-01-05 10:42:08 | DEBUG    | log:153 | [normalize_query] 'List các lệnh internal transfer chưa don...' -> 'List các lệnh internal transfer chưa don...'
2026-01-05 10:42:08 | DEBUG    | log:153 | [perform_hybrid_search] query_text: [List các lệnh internal transfer chưa done.] - formatted_query: [List các lệnh internal transfer chưa done] - normalized_query: [List các lệnh internal transfer chưa done]
2026-01-05 10:42:08 | DEBUG    | log:153 | [perform_hybrid_search] BM25 raw scores: min=0.0000, max=5.7415
2026-01-05 10:42:08 | DEBUG    | log:153 | [classify_query_intent] No keyword matches found in: 'List các lệnh internal transfer chưa done'
2026-01-05 10:42:08 | DEBUG    | log:153 | [normalize_query] 'Tôi muốn check bill payment đang waiting...' -> 'Tôi muốn check bill payment đang waiting...'
2026-01-05 10:42:08 | DEBUG    | log:153 | [perform_hybrid_search] query_text: [Tôi muốn check bill payment đang waiting.] - formatted_query: [Tôi muốn check bill payment đang waiting] - normalized_query: [Tôi muốn check bill payment đang waiting]
2026-01-05 10:42:08 | DEBUG    | log:153 | [perform_hybrid_search] BM25 raw scores: min=0.0000, max=5.0327
2026-01-05 10:42:08 | DEBUG    | log:153 | [get_keyword_boost] Query: 'Tôi muốn check bill payment đa...' | Doc: Tra cứu giao dịch ch | Boost: 0.25 | Matched: ['ck']
2026-01-05 10:42:08 | DEBUG    | log:153 | [classify_query_intent] Classified: 'Tôi muốn check bill payment đa...' -> Tra cứu giao dịch chuyển tiền (score=1)
2026-01-05 10:42:08 | DEBUG    | log:153 | [normalize_query] 'Mấy giao dịch FX nào chưa duyệt?...' -> 'Mấy giao dịch fx nào chưa duyệt...'
2026-01-05 10:42:08 | DEBUG    | log:153 | [perform_hybrid_search] query_text: [Mấy giao dịch FX nào chưa duyệt?] - formatted_query: [Mấy giao dịch fx nào chưa duyệt] - normalized_query: [Mấy giao dịch fx nào chưa duyệt]
2026-01-05 10:42:08 | DEBUG    | log:153 | [perform_hybrid_search] BM25 raw scores: min=0.0786, max=21.9615
2026-01-05 10:42:08 | DEBUG    | log:153 | [classify_query_intent] No keyword matches found in: 'Mấy giao dịch fx nào chưa duyệt'
2026-01-05 10:42:08 | DEBUG    | log:153 | [normalize_query] 'Check credit card payment chưa approved....' -> 'Check credit card payment chưa approved...'
2026-01-05 10:42:08 | DEBUG    | log:153 | [perform_hybrid_search] query_text: [Check credit card payment chưa approved.] - formatted_query: [Check credit card payment chưa approved] - normalized_query: [Check credit card payment chưa approved]
2026-01-05 10:42:08 | DEBUG    | log:153 | [perform_hybrid_search] BM25 raw scores: min=0.0000, max=2.5417
2026-01-05 10:42:08 | DEBUG    | log:153 | [get_keyword_boost] Query: 'Check credit card payment chưa...' | Doc: Tra cứu giao dịch ch | Boost: 0.25 | Matched: ['ck']
2026-01-05 10:42:08 | DEBUG    | log:153 | [get_keyword_boost] Query: 'Check credit card payment chưa...' | Doc: Tra cứu giao dịch th | Boost: 0.25 | Matched: ['card']
2026-01-05 10:42:08 | DEBUG    | log:153 | [classify_query_intent] Ambiguous: 'Check credit card payment chưa...' | Scores: {'Tra cứu giao dịch chuyển tiền': 1, 'Tra cứu giao dịch thẻ': 1}
2026-01-05 10:42:08 | DEBUG    | log:153 | [normalize_query] 'Liệt kê các yêu cầu loan disbursement đa...' -> 'Liệt kê các yêu cầu loan disbursement đa...'
2026-01-05 10:42:08 | DEBUG    | log:153 | [perform_hybrid_search] query_text: [Liệt kê các yêu cầu loan disbursement đang bị treo.] - formatted_query: [Liệt kê các yêu cầu loan disbursement đang bị treo] - normalized_query: [Liệt kê các yêu cầu loan disbursement đang bị treo]
2026-01-05 10:42:08 | DEBUG    | log:153 | [perform_hybrid_search] BM25 raw scores: min=0.0000, max=19.5258
2026-01-05 10:42:08 | DEBUG    | log:153 | [classify_query_intent] No keyword matches found in: 'Liệt kê các yêu cầu loan disbursement đang bị treo'
2026-01-05 10:42:08 | DEBUG    | log:153 | [normalize_query] 'Xem all lệnh international transfer chưa...' -> 'Xem all lệnh international transfer chưa...'
2026-01-05 10:42:08 | DEBUG    | log:153 | [perform_hybrid_search] query_text: [Xem all lệnh international transfer chưa duyệt.] - formatted_query: [Xem all lệnh international transfer chưa duyệt] - normalized_query: [Xem all lệnh international transfer chưa duyệt]
2026-01-05 10:42:08 | DEBUG    | log:153 | [perform_hybrid_search] BM25 raw scores: min=0.0000, max=14.7439
2026-01-05 10:42:08 | DEBUG    | log:153 | [classify_query_intent] No keyword matches found in: 'Xem all lệnh international transfer chưa duyệt'
2026-01-05 10:42:08 | DEBUG    | log:153 | [normalize_query] 'Có gd insurance payment nào đang pending...' -> 'Có gd insurance payment nào đang pending...'
2026-01-05 10:42:08 | DEBUG    | log:153 | [perform_hybrid_search] query_text: [Có gd insurance payment nào đang pending k?] - formatted_query: [Có gd insurance payment nào đang pending k] - normalized_query: [Có gd insurance payment nào đang pending k]
2026-01-05 10:42:08 | DEBUG    | log:153 | [perform_hybrid_search] BM25 raw scores: min=0.0000, max=21.1000
2026-01-05 10:42:08 | DEBUG    | log:153 | [get_keyword_boost] Query: 'Có gd insurance payment nào đa...' | Doc: getTransactionList | | Boost: 0.25 | Matched: ['pending']
2026-01-05 10:42:08 | DEBUG    | log:153 | [get_keyword_boost] Query: 'Có gd insurance payment nào đa...' | Doc: getTransactionList | | Boost: 0.25 | Matched: ['pending']
2026-01-05 10:42:08 | DEBUG    | log:153 | [get_keyword_boost] Query: 'Có gd insurance payment nào đa...' | Doc: getTransactionList | | Boost: 0.25 | Matched: ['pending']
2026-01-05 10:42:08 | DEBUG    | log:153 | [get_keyword_boost] Query: 'Có gd insurance payment nào đa...' | Doc: getTransactionList | | Boost: 0.25 | Matched: ['pending']
2026-01-05 10:42:08 | DEBUG    | log:153 | [get_keyword_boost] Query: 'Có gd insurance payment nào đa...' | Doc: getTransactionList | | Boost: 0.25 | Matched: ['pending']
2026-01-05 10:42:08 | DEBUG    | log:153 | [classify_query_intent] Ambiguous: 'Có gd insurance payment nào đa...' | Scores: {'getTransactionList | Tra cứu giao dịch đang chờ xử lý hoặc chờ duyệt': 1, 'getTransactionList | Tra cứu giao dịch chờ duyệt theo số tài khoản nguồn': 1, 'getTransactionList | Tra cứu giao dịch chờ duyệt theo khoảng thời gian': 1, 'getTransactionList | Tra cứu giao dịch chờ duyệt theo loại giao dịch': 1, 'getTransactionList | Tra cứu giao dịch chờ duyệt theo số tiền hoặc hạn mức': 1}
2026-01-05 10:42:08 | DEBUG    | log:153 | [normalize_query] 'Hiển thị các lệnh top-up điện thoại chưa...' -> 'Hiển thị các lệnh top-up điện thoại chưa...'
2026-01-05 10:42:08 | DEBUG    | log:153 | [perform_hybrid_search] query_text: [Hiển thị các lệnh top-up điện thoại chưa process.] - formatted_query: [Hiển thị các lệnh top-up điện thoại chưa process] - normalized_query: [Hiển thị các lệnh top-up điện thoại chưa process]
2026-01-05 10:42:08 | DEBUG    | log:153 | [perform_hybrid_search] BM25 raw scores: min=0.0000, max=18.4032
2026-01-05 10:42:08 | DEBUG    | log:153 | [classify_query_intent] No keyword matches found in: 'Hiển thị các lệnh top-up điện thoại chưa process'
2026-01-05 10:42:08 | DEBUG    | log:153 | [normalize_query] 'List danh sách online saving đang chờ du...' -> 'List danh sách online saving đang chờ du...'
2026-01-05 10:42:08 | DEBUG    | log:153 | [perform_hybrid_search] query_text: [List danh sách online saving đang chờ duyệt.] - formatted_query: [List danh sách online saving đang chờ duyệt] - normalized_query: [List danh sách online saving đang chờ duyệt]
2026-01-05 10:42:08 | DEBUG    | log:153 | [perform_hybrid_search] BM25 raw scores: min=0.0000, max=25.6354
2026-01-05 10:42:08 | DEBUG    | log:153 | [get_keyword_boost] Query: 'List danh sách online saving đ...' | Doc: Tra cứu giao dịch th | Boost: 0.25 | Matched: ['chờ']
2026-01-05 10:42:08 | DEBUG    | log:153 | [get_keyword_boost] Query: 'List danh sách online saving đ...' | Doc: Tra cứu giao dịch th | Boost: 0.25 | Matched: ['online']
2026-01-05 10:42:08 | DEBUG    | log:153 | [get_keyword_boost] Query: 'List danh sách online saving đ...' | Doc: getTransactionList | | Boost: 0.50 | Matched: ['chờ duyệt', 'đang chờ']
2026-01-05 10:42:08 | DEBUG    | log:153 | [get_keyword_boost] Query: 'List danh sách online saving đ...' | Doc: getTransactionList | | Boost: 0.25 | Matched: ['chờ duyệt']
2026-01-05 10:42:08 | DEBUG    | log:153 | [get_keyword_boost] Query: 'List danh sách online saving đ...' | Doc: getTransactionList | | Boost: 0.25 | Matched: ['chờ duyệt']
2026-01-05 10:42:08 | DEBUG    | log:153 | [get_keyword_boost] Query: 'List danh sách online saving đ...' | Doc: getTransactionList | | Boost: 0.25 | Matched: ['chờ duyệt']
2026-01-05 10:42:08 | DEBUG    | log:153 | [get_keyword_boost] Query: 'List danh sách online saving đ...' | Doc: getTransactionList | | Boost: 0.25 | Matched: ['chờ duyệt']
2026-01-05 10:42:08 | DEBUG    | log:153 | [classify_query_intent] Classified: 'List danh sách online saving đ...' -> getTransactionList | Tra cứu g (score=2)
2026-01-05 10:42:08 | DEBUG    | log:153 | [normalize_query] 'Check lệnh transfer 24/7 nào chưa comple...' -> 'Check lệnh transfer 24/7 nào chưa comple...'
2026-01-05 10:42:08 | DEBUG    | log:153 | [perform_hybrid_search] query_text: [Check lệnh transfer 24/7 nào chưa complete.] - formatted_query: [Check lệnh transfer 24/7 nào chưa complete] - normalized_query: [Check lệnh transfer 24/7 nào chưa complete]
2026-01-05 10:42:08 | DEBUG    | log:153 | [perform_hybrid_search] BM25 raw scores: min=0.0000, max=16.8931
2026-01-05 10:42:08 | DEBUG    | log:153 | [get_keyword_boost] Query: 'Check lệnh transfer 24/7 nào c...' | Doc: Tra cứu giao dịch ch | Boost: 0.25 | Matched: ['ck']
2026-01-05 10:42:08 | DEBUG    | log:153 | [classify_query_intent] Classified: 'Check lệnh transfer 24/7 nào c...' -> Tra cứu giao dịch chuyển tiền (score=1)
2026-01-05 10:42:08 | DEBUG    | log:153 | [normalize_query] 'Giao dịch nộp State budget chưa approved...' -> 'Giao dịch nộp state budget chưa approved...'
2026-01-05 10:42:08 | DEBUG    | log:153 | [perform_hybrid_search] query_text: [Giao dịch nộp State budget chưa approved đâu?] - formatted_query: [Giao dịch nộp state budget chưa approved đâu] - normalized_query: [Giao dịch nộp state budget chưa approved đâu]
2026-01-05 10:42:08 | DEBUG    | log:153 | [perform_hybrid_search] BM25 raw scores: min=0.0786, max=3.3276
2026-01-05 10:42:08 | DEBUG    | log:153 | [classify_query_intent] No keyword matches found in: 'Giao dịch nộp state budget chưa approved đâu'
2026-01-05 10:42:08 | DEBUG    | log:153 | [normalize_query] 'Booking vé máy bay nào chưa duyệt?...' -> 'Booking vé máy bay nào chưa duyệt...'
2026-01-05 10:42:08 | DEBUG    | log:153 | [perform_hybrid_search] query_text: [Booking vé máy bay nào chưa duyệt?] - formatted_query: [Booking vé máy bay nào chưa duyệt] - normalized_query: [Booking vé máy bay nào chưa duyệt]
2026-01-05 10:42:08 | DEBUG    | log:153 | [perform_hybrid_search] BM25 raw scores: min=0.0141, max=21.8249
2026-01-05 10:42:08 | DEBUG    | log:153 | [classify_query_intent] No keyword matches found in: 'Booking vé máy bay nào chưa duyệt'
2026-01-05 10:42:08 | DEBUG    | log:153 | [normalize_query] 'Mấy lệnh close saving book đang chờ xl....' -> 'Mấy lệnh close saving book đang chờ xl...'
2026-01-05 10:42:08 | DEBUG    | log:153 | [perform_hybrid_search] query_text: [Mấy lệnh close saving book đang chờ xl.] - formatted_query: [Mấy lệnh close saving book đang chờ xl] - normalized_query: [Mấy lệnh close saving book đang chờ xl]
2026-01-05 10:42:08 | DEBUG    | log:153 | [perform_hybrid_search] BM25 raw scores: min=0.0000, max=10.1566
2026-01-05 10:42:08 | DEBUG    | log:153 | [get_keyword_boost] Query: 'Mấy lệnh close saving book đan...' | Doc: Tra cứu giao dịch th | Boost: 0.25 | Matched: ['chờ']
2026-01-05 10:42:08 | DEBUG    | log:153 | [get_keyword_boost] Query: 'Mấy lệnh close saving book đan...' | Doc: getTransactionList | | Boost: 0.25 | Matched: ['đang chờ']
2026-01-05 10:42:08 | DEBUG    | log:153 | [classify_query_intent] Ambiguous: 'Mấy lệnh close saving book đan...' | Scores: {'Tra cứu giao dịch theo trạng thái': 1, 'getTransactionList | Tra cứu giao dịch đang chờ xử lý hoặc chờ duyệt': 1}
2026-01-05 10:42:08 | DEBUG    | log:153 | [normalize_query] 'Show gd thanh toán port fee chưa phê duy...' -> 'Show gd thanh toán port fee chưa phê duy...'
2026-01-05 10:42:08 | DEBUG    | log:153 | [perform_hybrid_search] query_text: [Show gd thanh toán port fee chưa phê duyệt.] - formatted_query: [Show gd thanh toán port fee chưa phê duyệt] - normalized_query: [Show gd thanh toán port fee chưa phê duyệt]
2026-01-05 10:42:08 | DEBUG    | log:153 | [perform_hybrid_search] BM25 raw scores: min=0.1280, max=21.8320
2026-01-05 10:42:08 | DEBUG    | log:153 | [get_keyword_boost] Query: 'Show gd thanh toán port fee ch...' | Doc: Tra cứu giao dịch th | Boost: 0.25 | Matched: ['phê duyệt']
2026-01-05 10:42:08 | DEBUG    | log:153 | [get_keyword_boost] Query: 'Show gd thanh toán port fee ch...' | Doc: Tra cứu giao dịch th | Boost: 0.25 | Matched: ['thanh toán']
2026-01-05 10:42:08 | DEBUG    | log:153 | [get_keyword_boost] Query: 'Show gd thanh toán port fee ch...' | Doc: Tra cứu giao dịch th | Boost: 0.25 | Matched: ['thanh toán']
2026-01-05 10:42:08 | DEBUG    | log:153 | [get_keyword_boost] Query: 'Show gd thanh toán port fee ch...' | Doc: getTransactionList | | Boost: 0.25 | Matched: ['thanh toán']
2026-01-05 10:42:08 | DEBUG    | log:153 | [classify_query_intent] Ambiguous: 'Show gd thanh toán port fee ch...' | Scores: {'Tra cứu giao dịch theo trạng thái': 1, 'Tra cứu giao dịch theo loại giao dịch': 1, 'Tra cứu giao dịch thanh toán hóa đơn': 1, 'getTransactionList | Tra cứu giao dịch chờ duyệt theo loại giao dịch': 1}
2026-01-05 10:42:08 | DEBUG    | log:153 | [normalize_query] 'Có auto debit nào đang bị treo ko?...' -> 'Có auto debit nào đang bị treo ko...'
2026-01-05 10:42:08 | DEBUG    | log:153 | [perform_hybrid_search] query_text: [Có auto debit nào đang bị treo ko?] - formatted_query: [Có auto debit nào đang bị treo ko] - normalized_query: [Có auto debit nào đang bị treo ko]
2026-01-05 10:42:08 | DEBUG    | log:153 | [perform_hybrid_search] BM25 raw scores: min=0.0000, max=20.4164
2026-01-05 10:42:08 | DEBUG    | log:153 | [classify_query_intent] No keyword matches found in: 'Có auto debit nào đang bị treo ko'
2026-01-05 10:42:08 | DEBUG    | log:153 | [normalize_query] 'Check payment cho supplier chưa processe...' -> 'Check payment cho supplier chưa processe...'
2026-01-05 10:42:08 | DEBUG    | log:153 | [perform_hybrid_search] query_text: [Check payment cho supplier chưa processed.] - formatted_query: [Check payment cho supplier chưa processed] - normalized_query: [Check payment cho supplier chưa processed]
2026-01-05 10:42:09 | DEBUG    | log:153 | [perform_hybrid_search] BM25 raw scores: min=0.0000, max=2.5417
2026-01-05 10:42:09 | DEBUG    | log:153 | [get_keyword_boost] Query: 'Check payment cho supplier chư...' | Doc: Tra cứu giao dịch ch | Boost: 0.25 | Matched: ['ck']
2026-01-05 10:42:09 | DEBUG    | log:153 | [classify_query_intent] Classified: 'Check payment cho supplier chư...' -> Tra cứu giao dịch chuyển tiền (score=1)
2026-01-05 10:42:09 | DEBUG    | log:153 | [normalize_query] 'List tất cả bulk transfer đang pending....' -> 'List tất cả bulk transfer đang pending...'
2026-01-05 10:42:09 | DEBUG    | log:153 | [perform_hybrid_search] query_text: [List tất cả bulk transfer đang pending.] - formatted_query: [List tất cả bulk transfer đang pending] - normalized_query: [List tất cả bulk transfer đang pending]
2026-01-05 10:42:09 | DEBUG    | log:153 | [perform_hybrid_search] BM25 raw scores: min=0.0000, max=22.5566
2026-01-05 10:42:09 | DEBUG    | log:153 | [get_keyword_boost] Query: 'List tất cả bulk transfer đang...' | Doc: getTransactionList | | Boost: 0.50 | Matched: ['pending', 'tất cả']
2026-01-05 10:42:09 | DEBUG    | log:153 | [get_keyword_boost] Query: 'List tất cả bulk transfer đang...' | Doc: getTransactionList | | Boost: 0.25 | Matched: ['pending']
2026-01-05 10:42:09 | DEBUG    | log:153 | [get_keyword_boost] Query: 'List tất cả bulk transfer đang...' | Doc: getTransactionList | | Boost: 0.25 | Matched: ['pending']
2026-01-05 10:42:09 | DEBUG    | log:153 | [get_keyword_boost] Query: 'List tất cả bulk transfer đang...' | Doc: getTransactionList | | Boost: 0.25 | Matched: ['pending']
2026-01-05 10:42:09 | DEBUG    | log:153 | [get_keyword_boost] Query: 'List tất cả bulk transfer đang...' | Doc: getTransactionList | | Boost: 0.25 | Matched: ['pending']
2026-01-05 10:42:09 | DEBUG    | log:153 | [classify_query_intent] Classified: 'List tất cả bulk transfer đang...' -> getTransactionList | Tra cứu g (score=2)
2026-01-05 10:42:09 | DEBUG    | log:153 | [normalize_query] 'Xem list ck liên NH chờ duyệt....' -> 'Xem list ck liên nh chờ duyệt...'
2026-01-05 10:42:09 | DEBUG    | log:153 | [perform_hybrid_search] query_text: [Xem list ck liên NH chờ duyệt.] - formatted_query: [Xem list ck liên nh chờ duyệt] - normalized_query: [Xem list ck liên nh chờ duyệt]
2026-01-05 10:42:09 | DEBUG    | log:153 | [perform_hybrid_search] BM25 raw scores: min=0.0000, max=11.5897
2026-01-05 10:42:09 | DEBUG    | log:153 | [get_keyword_boost] Query: 'Xem list ck liên nh chờ duyệt...' | Doc: Tra cứu giao dịch th | Boost: 0.25 | Matched: ['chờ']
2026-01-05 10:42:09 | DEBUG    | log:153 | [get_keyword_boost] Query: 'Xem list ck liên nh chờ duyệt...' | Doc: Tra cứu giao dịch ch | Boost: 0.25 | Matched: ['ck']
2026-01-05 10:42:09 | DEBUG    | log:153 | [get_keyword_boost] Query: 'Xem list ck liên nh chờ duyệt...' | Doc: getTransactionList | | Boost: 0.25 | Matched: ['chờ duyệt']
2026-01-05 10:42:09 | DEBUG    | log:153 | [get_keyword_boost] Query: 'Xem list ck liên nh chờ duyệt...' | Doc: getTransactionList | | Boost: 0.25 | Matched: ['chờ duyệt']
2026-01-05 10:42:09 | DEBUG    | log:153 | [get_keyword_boost] Query: 'Xem list ck liên nh chờ duyệt...' | Doc: getTransactionList | | Boost: 0.25 | Matched: ['chờ duyệt']
2026-01-05 10:42:09 | DEBUG    | log:153 | [get_keyword_boost] Query: 'Xem list ck liên nh chờ duyệt...' | Doc: getTransactionList | | Boost: 0.25 | Matched: ['chờ duyệt']
2026-01-05 10:42:09 | DEBUG    | log:153 | [get_keyword_boost] Query: 'Xem list ck liên nh chờ duyệt...' | Doc: getTransactionList | | Boost: 0.25 | Matched: ['chờ duyệt']
2026-01-05 10:42:09 | DEBUG    | log:153 | [classify_query_intent] Ambiguous: 'Xem list ck liên nh chờ duyệt...' | Scores: {'Tra cứu giao dịch theo trạng thái': 1, 'Tra cứu giao dịch chuyển tiền': 1, 'getTransactionList | Tra cứu giao dịch đang chờ xử lý hoặc chờ duyệt': 1, 'getTransactionList | Tra cứu giao dịch chờ duyệt theo số tài khoản nguồn': 1, 'getTransactionList | Tra cứu giao dịch chờ duyệt theo khoảng thời gian': 1, 'getTransactionList | Tra cứu giao dịch chờ duyệt theo loại giao dịch': 1, 'getTransactionList | Tra cứu giao dịch chờ duyệt theo số tiền hoặc hạn mức': 1}
2026-01-05 10:42:09 | DEBUG    | log:153 | [normalize_query] 'Liệt kê gd tt lương nv chưa duyệt....' -> 'Liệt kê gd tt lương nv chưa duyệt...'
2026-01-05 10:42:09 | DEBUG    | log:153 | [perform_hybrid_search] query_text: [Liệt kê gd tt lương nv chưa duyệt.] - formatted_query: [Liệt kê gd tt lương nv chưa duyệt] - normalized_query: [Liệt kê gd tt lương nv chưa duyệt]
2026-01-05 10:42:09 | DEBUG    | log:153 | [perform_hybrid_search] BM25 raw scores: min=0.0000, max=21.8031
2026-01-05 10:42:09 | DEBUG    | log:153 | [classify_query_intent] No keyword matches found in: 'Liệt kê gd tt lương nv chưa duyệt'
2026-01-05 10:42:09 | DEBUG    | log:153 | [normalize_query] 'Có lệnh nộp thuế nào đang treo k?...' -> 'Có lệnh nộp thuế nào đang treo k...'
2026-01-05 10:42:09 | DEBUG    | log:153 | [perform_hybrid_search] query_text: [Có lệnh nộp thuế nào đang treo k?] - formatted_query: [Có lệnh nộp thuế nào đang treo k] - normalized_query: [Có lệnh nộp thuế nào đang treo k]
2026-01-05 10:42:09 | DEBUG    | log:153 | [perform_hybrid_search] BM25 raw scores: min=0.0000, max=22.4140
2026-01-05 10:42:09 | DEBUG    | log:153 | [classify_query_intent] No keyword matches found in: 'Có lệnh nộp thuế nào đang treo k'
2026-01-05 10:42:09 | DEBUG    | log:153 | [normalize_query] 'Hiện ds ck nội bộ chưa xong....' -> 'Hiện ds ck nội bộ chưa xong...'
2026-01-05 10:42:09 | DEBUG    | log:153 | [perform_hybrid_search] query_text: [Hiện ds ck nội bộ chưa xong.] - formatted_query: [Hiện ds ck nội bộ chưa xong] - normalized_query: [Hiện ds ck nội bộ chưa xong]
2026-01-05 10:42:09 | DEBUG    | log:153 | [perform_hybrid_search] BM25 raw scores: min=0.0000, max=11.9446
2026-01-05 10:42:09 | DEBUG    | log:153 | [get_keyword_boost] Query: 'Hiện ds ck nội bộ chưa xong...' | Doc: Tra cứu giao dịch th | Boost: 0.25 | Matched: ['nội bộ']
2026-01-05 10:42:09 | DEBUG    | log:153 | [get_keyword_boost] Query: 'Hiện ds ck nội bộ chưa xong...' | Doc: Tra cứu giao dịch ch | Boost: 0.25 | Matched: ['ck']
2026-01-05 10:42:09 | DEBUG    | log:153 | [get_keyword_boost] Query: 'Hiện ds ck nội bộ chưa xong...' | Doc: getTransactionList | | Boost: 0.25 | Matched: ['nội bộ']
2026-01-05 10:42:09 | DEBUG    | log:153 | [classify_query_intent] Ambiguous: 'Hiện ds ck nội bộ chưa xong...' | Scores: {'Tra cứu giao dịch theo loại giao dịch': 1, 'Tra cứu giao dịch chuyển tiền': 1, 'getTransactionList | Tra cứu giao dịch chờ duyệt theo loại giao dịch': 1}
2026-01-05 10:42:09 | DEBUG    | log:153 | [normalize_query] 'Check gd tt hđ điện nước chờ xl....' -> 'Check gd tt hđ điện nước chờ xl...'
2026-01-05 10:42:09 | DEBUG    | log:153 | [perform_hybrid_search] query_text: [Check gd tt hđ điện nước chờ xl.] - formatted_query: [Check gd tt hđ điện nước chờ xl] - normalized_query: [Check gd tt hđ điện nước chờ xl]
2026-01-05 10:42:09 | DEBUG    | log:153 | [perform_hybrid_search] BM25 raw scores: min=0.0000, max=7.7583
2026-01-05 10:42:09 | DEBUG    | log:153 | [get_keyword_boost] Query: 'Check gd tt hđ điện nước chờ x...' | Doc: Tra cứu giao dịch th | Boost: 0.25 | Matched: ['chờ']
2026-01-05 10:42:09 | DEBUG    | log:153 | [get_keyword_boost] Query: 'Check gd tt hđ điện nước chờ x...' | Doc: Tra cứu giao dịch ch | Boost: 0.25 | Matched: ['ck']
2026-01-05 10:42:09 | DEBUG    | log:153 | [classify_query_intent] Ambiguous: 'Check gd tt hđ điện nước chờ x...' | Scores: {'Tra cứu giao dịch theo trạng thái': 1, 'Tra cứu giao dịch chuyển tiền': 1}
2026-01-05 10:42:09 | DEBUG    | log:153 | [normalize_query] 'Lệnh mua bán ngoại tệ chưa duyệt trong h...' -> 'Lệnh mua bán ngoại tệ chưa duyệt trong h...'
2026-01-05 10:42:09 | DEBUG    | log:153 | [perform_hybrid_search] query_text: [Lệnh mua bán ngoại tệ chưa duyệt trong hệ thống?] - formatted_query: [Lệnh mua bán ngoại tệ chưa duyệt trong hệ thống] - normalized_query: [Lệnh mua bán ngoại tệ chưa duyệt trong hệ thống]
2026-01-05 10:42:09 | DEBUG    | log:153 | [perform_hybrid_search] BM25 raw scores: min=0.0128, max=21.3243
2026-01-05 10:42:09 | DEBUG    | log:153 | [get_keyword_boost] Query: 'Lệnh mua bán ngoại tệ chưa duy...' | Doc: getTransactionList | | Boost: 0.25 | Matched: ['trong']
2026-01-05 10:42:09 | DEBUG    | log:153 | [classify_query_intent] Classified: 'Lệnh mua bán ngoại tệ chưa duy...' -> getTransactionList | Tra cứu g (score=1)
2026-01-05 10:42:09 | DEBUG    | log:153 | [normalize_query] 'Gd tt thẻ tín dụng nào chưa duyệt?...' -> 'Gd tt thẻ tín dụng nào chưa duyệt...'
2026-01-05 10:42:09 | DEBUG    | log:153 | [perform_hybrid_search] query_text: [Gd tt thẻ tín dụng nào chưa duyệt?] - formatted_query: [Gd tt thẻ tín dụng nào chưa duyệt] - normalized_query: [Gd tt thẻ tín dụng nào chưa duyệt]
2026-01-05 10:42:09 | DEBUG    | log:153 | [perform_hybrid_search] BM25 raw scores: min=0.0524, max=24.9849
2026-01-05 10:42:09 | DEBUG    | log:153 | [get_keyword_boost] Query: 'Gd tt thẻ tín dụng nào chưa du...' | Doc: Tra cứu giao dịch th | Boost: 0.25 | Matched: ['thẻ']
2026-01-05 10:42:09 | DEBUG    | log:153 | [get_keyword_boost] Query: 'Gd tt thẻ tín dụng nào chưa du...' | Doc: getTransactionList | | Boost: 0.25 | Matched: ['thẻ']
2026-01-05 10:42:09 | DEBUG    | log:153 | [classify_query_intent] Ambiguous: 'Gd tt thẻ tín dụng nào chưa du...' | Scores: {'Tra cứu giao dịch thẻ': 1, 'getTransactionList | Tra cứu giao dịch chờ duyệt theo loại giao dịch': 1}
2026-01-05 10:42:09 | DEBUG    | log:153 | [normalize_query] 'Mấy cái giải ngân đang treo đâu?...' -> 'Mấy cái giải ngân đang treo đâu...'
2026-01-05 10:42:09 | DEBUG    | log:153 | [perform_hybrid_search] query_text: [Mấy cái giải ngân đang treo đâu?] - formatted_query: [Mấy cái giải ngân đang treo đâu] - normalized_query: [Mấy cái giải ngân đang treo đâu]
2026-01-05 10:42:09 | DEBUG    | log:153 | [perform_hybrid_search] BM25 raw scores: min=0.0000, max=6.0440
2026-01-05 10:42:09 | DEBUG    | log:153 | [classify_query_intent] No keyword matches found in: 'Mấy cái giải ngân đang treo đâu'
2026-01-05 10:42:09 | DEBUG    | log:153 | [normalize_query] 'Xem hết các lệnh ck quốc tế chưa duyệt....' -> 'Xem hết các lệnh ck quốc tế chưa duyệt...'
2026-01-05 10:42:09 | DEBUG    | log:153 | [perform_hybrid_search] query_text: [Xem hết các lệnh ck quốc tế chưa duyệt.] - formatted_query: [Xem hết các lệnh ck quốc tế chưa duyệt] - normalized_query: [Xem hết các lệnh ck quốc tế chưa duyệt]
2026-01-05 10:42:09 | DEBUG    | log:153 | [perform_hybrid_search] BM25 raw scores: min=0.0000, max=14.7439
2026-01-05 10:42:09 | DEBUG    | log:153 | [get_keyword_boost] Query: 'Xem hết các lệnh ck quốc tế ch...' | Doc: Tra cứu giao dịch ch | Boost: 0.25 | Matched: ['ck']
2026-01-05 10:42:09 | DEBUG    | log:153 | [classify_query_intent] Classified: 'Xem hết các lệnh ck quốc tế ch...' -> Tra cứu giao dịch chuyển tiền (score=1)
2026-01-05 10:42:09 | DEBUG    | log:153 | [normalize_query] 'Có gd tt bảo hiểm nào pending k ad?...' -> 'Có gd tt bảo hiểm nào pending k ad...'
2026-01-05 10:42:09 | DEBUG    | log:153 | [perform_hybrid_search] query_text: [Có gd tt bảo hiểm nào pending k ad?] - formatted_query: [Có gd tt bảo hiểm nào pending k ad] - normalized_query: [Có gd tt bảo hiểm nào pending k ad]
2026-01-05 10:42:09 | DEBUG    | log:153 | [perform_hybrid_search] BM25 raw scores: min=0.0142, max=12.5260
2026-01-05 10:42:09 | DEBUG    | log:153 | [get_keyword_boost] Query: 'Có gd tt bảo hiểm nào pending ...' | Doc: getTransactionList | | Boost: 0.25 | Matched: ['pending']
2026-01-05 10:42:09 | DEBUG    | log:153 | [get_keyword_boost] Query: 'Có gd tt bảo hiểm nào pending ...' | Doc: getTransactionList | | Boost: 0.25 | Matched: ['pending']
2026-01-05 10:42:09 | DEBUG    | log:153 | [get_keyword_boost] Query: 'Có gd tt bảo hiểm nào pending ...' | Doc: getTransactionList | | Boost: 0.25 | Matched: ['pending']
2026-01-05 10:42:09 | DEBUG    | log:153 | [get_keyword_boost] Query: 'Có gd tt bảo hiểm nào pending ...' | Doc: getTransactionList | | Boost: 0.25 | Matched: ['pending']
2026-01-05 10:42:09 | DEBUG    | log:153 | [get_keyword_boost] Query: 'Có gd tt bảo hiểm nào pending ...' | Doc: getTransactionList | | Boost: 0.25 | Matched: ['pending']
2026-01-05 10:42:09 | DEBUG    | log:153 | [classify_query_intent] Ambiguous: 'Có gd tt bảo hiểm nào pending ...' | Scores: {'getTransactionList | Tra cứu giao dịch đang chờ xử lý hoặc chờ duyệt': 1, 'getTransactionList | Tra cứu giao dịch chờ duyệt theo số tài khoản nguồn': 1, 'getTransactionList | Tra cứu giao dịch chờ duyệt theo khoảng thời gian': 1, 'getTransactionList | Tra cứu giao dịch chờ duyệt theo loại giao dịch': 1, 'getTransactionList | Tra cứu giao dịch chờ duyệt theo số tiền hoặc hạn mức': 1}
2026-01-05 10:42:09 | DEBUG    | log:153 | [normalize_query] 'Show lệnh nạp thẻ đt chưa xl....' -> 'Show lệnh nạp thẻ đt chưa xl...'
2026-01-05 10:42:09 | DEBUG    | log:153 | [perform_hybrid_search] query_text: [Show lệnh nạp thẻ đt chưa xl.] - formatted_query: [Show lệnh nạp thẻ đt chưa xl] - normalized_query: [Show lệnh nạp thẻ đt chưa xl]
2026-01-05 10:42:09 | DEBUG    | log:153 | [perform_hybrid_search] BM25 raw scores: min=0.0000, max=9.1287
2026-01-05 10:42:09 | DEBUG    | log:153 | [get_keyword_boost] Query: 'Show lệnh nạp thẻ đt chưa xl...' | Doc: Tra cứu giao dịch th | Boost: 0.25 | Matched: ['thẻ']
2026-01-05 10:42:09 | DEBUG    | log:153 | [get_keyword_boost] Query: 'Show lệnh nạp thẻ đt chưa xl...' | Doc: getTransactionList | | Boost: 0.25 | Matched: ['thẻ']
2026-01-05 10:42:09 | DEBUG    | log:153 | [classify_query_intent] Ambiguous: 'Show lệnh nạp thẻ đt chưa xl...' | Scores: {'Tra cứu giao dịch thẻ': 1, 'getTransactionList | Tra cứu giao dịch chờ duyệt theo loại giao dịch': 1}
2026-01-05 10:42:09 | DEBUG    | log:153 | [normalize_query] 'T muốn xem ds gửi tiết kiệm onl chờ duyệ...' -> 'T muốn xem ds gửi tiết kiệm onl chờ duyệ...'
2026-01-05 10:42:09 | DEBUG    | log:153 | [perform_hybrid_search] query_text: [T muốn xem ds gửi tiết kiệm onl chờ duyệt.] - formatted_query: [T muốn xem ds gửi tiết kiệm onl chờ duyệt] - normalized_query: [T muốn xem ds gửi tiết kiệm onl chờ duyệt]
2026-01-05 10:42:09 | DEBUG    | log:153 | [perform_hybrid_search] BM25 raw scores: min=0.0000, max=25.1016
2026-01-05 10:42:09 | DEBUG    | log:153 | [get_keyword_boost] Query: 'T muốn xem ds gửi tiết kiệm on...' | Doc: Tra cứu giao dịch th | Boost: 0.25 | Matched: ['chờ']
2026-01-05 10:42:09 | DEBUG    | log:153 | [get_keyword_boost] Query: 'T muốn xem ds gửi tiết kiệm on...' | Doc: Tra cứu giao dịch th | Boost: 0.25 | Matched: ['gửi tiết kiệm']
2026-01-05 10:42:09 | DEBUG    | log:153 | [get_keyword_boost] Query: 'T muốn xem ds gửi tiết kiệm on...' | Doc: getTransactionList | | Boost: 0.25 | Matched: ['chờ duyệt']
2026-01-05 10:42:09 | DEBUG    | log:153 | [get_keyword_boost] Query: 'T muốn xem ds gửi tiết kiệm on...' | Doc: getTransactionList | | Boost: 0.25 | Matched: ['chờ duyệt']
2026-01-05 10:42:09 | DEBUG    | log:153 | [get_keyword_boost] Query: 'T muốn xem ds gửi tiết kiệm on...' | Doc: getTransactionList | | Boost: 0.25 | Matched: ['chờ duyệt']
2026-01-05 10:42:09 | DEBUG    | log:153 | [get_keyword_boost] Query: 'T muốn xem ds gửi tiết kiệm on...' | Doc: getTransactionList | | Boost: 0.25 | Matched: ['chờ duyệt']
2026-01-05 10:42:09 | DEBUG    | log:153 | [get_keyword_boost] Query: 'T muốn xem ds gửi tiết kiệm on...' | Doc: getTransactionList | | Boost: 0.25 | Matched: ['chờ duyệt']
2026-01-05 10:42:09 | DEBUG    | log:153 | [classify_query_intent] Ambiguous: 'T muốn xem ds gửi tiết kiệm on...' | Scores: {'Tra cứu giao dịch theo trạng thái': 1, 'Tra cứu giao dịch theo loại giao dịch': 1, 'getTransactionList | Tra cứu giao dịch đang chờ xử lý hoặc chờ duyệt': 1, 'getTransactionList | Tra cứu giao dịch chờ duyệt theo số tài khoản nguồn': 1, 'getTransactionList | Tra cứu giao dịch chờ duyệt theo khoảng thời gian': 1, 'getTransactionList | Tra cứu giao dịch chờ duyệt theo loại giao dịch': 1, 'getTransactionList | Tra cứu giao dịch chờ duyệt theo số tiền hoặc hạn mức': 1}
2026-01-05 10:42:09 | DEBUG    | log:153 | [normalize_query] 'Lệnh ck nhanh 24/7 nào chưa xong?...' -> 'Lệnh ck nhanh 24/7 nào chưa xong...'
2026-01-05 10:42:09 | DEBUG    | log:153 | [perform_hybrid_search] query_text: [Lệnh ck nhanh 24/7 nào chưa xong?] - formatted_query: [Lệnh ck nhanh 24/7 nào chưa xong] - normalized_query: [Lệnh ck nhanh 24/7 nào chưa xong]
2026-01-05 10:42:09 | DEBUG    | log:153 | [perform_hybrid_search] BM25 raw scores: min=0.0000, max=16.8931
2026-01-05 10:42:09 | DEBUG    | log:153 | [get_keyword_boost] Query: 'Lệnh ck nhanh 24/7 nào chưa xo...' | Doc: Tra cứu giao dịch ch | Boost: 0.25 | Matched: ['ck']
2026-01-05 10:42:09 | DEBUG    | log:153 | [classify_query_intent] Classified: 'Lệnh ck nhanh 24/7 nào chưa xo...' -> Tra cứu giao dịch chuyển tiền (score=1)
2026-01-05 10:42:09 | DEBUG    | log:153 | [normalize_query] 'Gd nộp ngân sách chưa duyệt....' -> 'Gd nộp ngân sách chưa duyệt...'
2026-01-05 10:42:09 | DEBUG    | log:153 | [perform_hybrid_search] query_text: [Gd nộp ngân sách chưa duyệt.] - formatted_query: [Gd nộp ngân sách chưa duyệt] - normalized_query: [Gd nộp ngân sách chưa duyệt]
2026-01-05 10:42:09 | DEBUG    | log:153 | [perform_hybrid_search] BM25 raw scores: min=0.0000, max=11.5140
2026-01-05 10:42:09 | DEBUG    | log:153 | [classify_query_intent] No keyword matches found in: 'Gd nộp ngân sách chưa duyệt'
2026-01-05 10:42:09 | DEBUG    | log:153 | [normalize_query] 'Mấy cái tt vé máy bay chưa duyệt....' -> 'Mấy cái tt vé máy bay chưa duyệt...'
2026-01-05 10:42:09 | DEBUG    | log:153 | [perform_hybrid_search] query_text: [Mấy cái tt vé máy bay chưa duyệt.] - formatted_query: [Mấy cái tt vé máy bay chưa duyệt] - normalized_query: [Mấy cái tt vé máy bay chưa duyệt]
2026-01-05 10:42:09 | DEBUG    | log:153 | [perform_hybrid_search] BM25 raw scores: min=0.0128, max=8.1087
2026-01-05 10:42:09 | DEBUG    | log:153 | [classify_query_intent] No keyword matches found in: 'Mấy cái tt vé máy bay chưa duyệt'
2026-01-05 10:42:09 | DEBUG    | log:153 | [normalize_query] 'Xem lệnh tất toán sổ đang chờ....' -> 'Xem lệnh tất toán sổ đang chờ...'
2026-01-05 10:42:09 | DEBUG    | log:153 | [perform_hybrid_search] query_text: [Xem lệnh tất toán sổ đang chờ.] - formatted_query: [Xem lệnh tất toán sổ đang chờ] - normalized_query: [Xem lệnh tất toán sổ đang chờ]
2026-01-05 10:42:09 | DEBUG    | log:153 | [perform_hybrid_search] BM25 raw scores: min=0.0268, max=22.1928
2026-01-05 10:42:09 | DEBUG    | log:153 | [get_keyword_boost] Query: 'Xem lệnh tất toán sổ đang chờ...' | Doc: Tra cứu giao dịch th | Boost: 0.25 | Matched: ['chờ']
2026-01-05 10:42:09 | DEBUG    | log:153 | [get_keyword_boost] Query: 'Xem lệnh tất toán sổ đang chờ...' | Doc: getTransactionList | | Boost: 0.25 | Matched: ['đang chờ']
2026-01-05 10:42:09 | DEBUG    | log:153 | [classify_query_intent] Ambiguous: 'Xem lệnh tất toán sổ đang chờ...' | Scores: {'Tra cứu giao dịch theo trạng thái': 1, 'getTransactionList | Tra cứu giao dịch đang chờ xử lý hoặc chờ duyệt': 1}
2026-01-05 10:42:09 | DEBUG    | log:153 | [normalize_query] 'Gd tt phí cảng chưa duyệt....' -> 'Gd tt phí cảng chưa duyệt...'
2026-01-05 10:42:09 | DEBUG    | log:153 | [perform_hybrid_search] query_text: [Gd tt phí cảng chưa duyệt.] - formatted_query: [Gd tt phí cảng chưa duyệt] - normalized_query: [Gd tt phí cảng chưa duyệt]
2026-01-05 10:42:09 | DEBUG    | log:153 | [perform_hybrid_search] BM25 raw scores: min=0.0000, max=9.3969
2026-01-05 10:42:09 | DEBUG    | log:153 | [get_keyword_boost] Query: 'Gd tt phí cảng chưa duyệt...' | Doc: Tra cứu phí giao dịc | Boost: 0.25 | Matched: ['phí']
2026-01-05 10:42:09 | DEBUG    | log:153 | [classify_query_intent] Classified: 'Gd tt phí cảng chưa duyệt...' -> Tra cứu phí giao dịch (score=1)
2026-01-05 10:42:09 | DEBUG    | log:153 | [normalize_query] 'Lệnh trích nợ tự động bị treo k?...' -> 'Lệnh trích nợ tự động bị treo k...'
2026-01-05 10:42:09 | DEBUG    | log:153 | [perform_hybrid_search] query_text: [Lệnh trích nợ tự động bị treo k?] - formatted_query: [Lệnh trích nợ tự động bị treo k] - normalized_query: [Lệnh trích nợ tự động bị treo k]
2026-01-05 10:42:09 | DEBUG    | log:153 | [perform_hybrid_search] BM25 raw scores: min=0.0000, max=6.4464
2026-01-05 10:42:09 | DEBUG    | log:153 | [classify_query_intent] No keyword matches found in: 'Lệnh trích nợ tự động bị treo k'
2026-01-05 10:42:09 | DEBUG    | log:153 | [normalize_query] 'Xem lệnh tt tiền hàng chưa xl....' -> 'Xem lệnh tt tiền hàng chưa xl...'
2026-01-05 10:42:09 | DEBUG    | log:153 | [perform_hybrid_search] query_text: [Xem lệnh tt tiền hàng chưa xl.] - formatted_query: [Xem lệnh tt tiền hàng chưa xl] - normalized_query: [Xem lệnh tt tiền hàng chưa xl]
2026-01-05 10:42:09 | DEBUG    | log:153 | [perform_hybrid_search] BM25 raw scores: min=0.0262, max=10.1541
2026-01-05 10:42:09 | DEBUG    | log:153 | [classify_query_intent] No keyword matches found in: 'Xem lệnh tt tiền hàng chưa xl'
2026-01-05 10:42:09 | DEBUG    | log:153 | [normalize_query] 'List gd ck theo lô chờ duyệt....' -> 'List gd ck theo lô chờ duyệt...'
2026-01-05 10:42:09 | DEBUG    | log:153 | [perform_hybrid_search] query_text: [List gd ck theo lô chờ duyệt.] - formatted_query: [List gd ck theo lô chờ duyệt] - normalized_query: [List gd ck theo lô chờ duyệt]
2026-01-05 10:42:09 | DEBUG    | log:153 | [perform_hybrid_search] BM25 raw scores: min=0.0128, max=7.6918
2026-01-05 10:42:09 | DEBUG    | log:153 | [get_keyword_boost] Query: 'List gd ck theo lô chờ duyệt...' | Doc: Tra cứu giao dịch th | Boost: 0.25 | Matched: ['chờ']
2026-01-05 10:42:09 | DEBUG    | log:153 | [get_keyword_boost] Query: 'List gd ck theo lô chờ duyệt...' | Doc: Tra cứu giao dịch ch | Boost: 0.25 | Matched: ['ck']
2026-01-05 10:42:09 | DEBUG    | log:153 | [get_keyword_boost] Query: 'List gd ck theo lô chờ duyệt...' | Doc: getTransactionList | | Boost: 0.25 | Matched: ['chờ duyệt']
2026-01-05 10:42:09 | DEBUG    | log:153 | [get_keyword_boost] Query: 'List gd ck theo lô chờ duyệt...' | Doc: getTransactionList | | Boost: 0.25 | Matched: ['chờ duyệt']
2026-01-05 10:42:09 | DEBUG    | log:153 | [get_keyword_boost] Query: 'List gd ck theo lô chờ duyệt...' | Doc: getTransactionList | | Boost: 0.25 | Matched: ['chờ duyệt']
2026-01-05 10:42:09 | DEBUG    | log:153 | [get_keyword_boost] Query: 'List gd ck theo lô chờ duyệt...' | Doc: getTransactionList | | Boost: 0.25 | Matched: ['chờ duyệt']
2026-01-05 10:42:09 | DEBUG    | log:153 | [get_keyword_boost] Query: 'List gd ck theo lô chờ duyệt...' | Doc: getTransactionList | | Boost: 0.25 | Matched: ['chờ duyệt']
2026-01-05 10:42:09 | DEBUG    | log:153 | [classify_query_intent] Ambiguous: 'List gd ck theo lô chờ duyệt...' | Scores: {'Tra cứu giao dịch theo trạng thái': 1, 'Tra cứu giao dịch chuyển tiền': 1, 'getTransactionList | Tra cứu giao dịch đang chờ xử lý hoặc chờ duyệt': 1, 'getTransactionList | Tra cứu giao dịch chờ duyệt theo số tài khoản nguồn': 1, 'getTransactionList | Tra cứu giao dịch chờ duyệt theo khoảng thời gian': 1, 'getTransactionList | Tra cứu giao dịch chờ duyệt theo loại giao dịch': 1, 'getTransactionList | Tra cứu giao dịch chờ duyệt theo số tiền hoặc hạn mức': 1}
2026-01-05 10:42:09 | DEBUG    | log:153 | [normalize_query] 'Ktra ck chứng khoán pending k....' -> 'Ktra ck chứng khoán pending k...'
2026-01-05 10:42:09 | DEBUG    | log:153 | [perform_hybrid_search] query_text: [Ktra ck chứng khoán pending k.] - formatted_query: [Ktra ck chứng khoán pending k] - normalized_query: [Ktra ck chứng khoán pending k]
2026-01-05 10:42:09 | DEBUG    | log:153 | [perform_hybrid_search] BM25 raw scores: min=0.0000, max=3.0323
2026-01-05 10:42:09 | DEBUG    | log:153 | [get_keyword_boost] Query: 'Ktra ck chứng khoán pending k...' | Doc: Tra cứu giao dịch ch | Boost: 0.25 | Matched: ['ck']
2026-01-05 10:42:09 | DEBUG    | log:153 | [get_keyword_boost] Query: 'Ktra ck chứng khoán pending k...' | Doc: getTransactionList | | Boost: 0.25 | Matched: ['pending']
2026-01-05 10:42:09 | DEBUG    | log:153 | [get_keyword_boost] Query: 'Ktra ck chứng khoán pending k...' | Doc: getTransactionList | | Boost: 0.25 | Matched: ['pending']
2026-01-05 10:42:09 | DEBUG    | log:153 | [get_keyword_boost] Query: 'Ktra ck chứng khoán pending k...' | Doc: getTransactionList | | Boost: 0.25 | Matched: ['pending']
2026-01-05 10:42:09 | DEBUG    | log:153 | [get_keyword_boost] Query: 'Ktra ck chứng khoán pending k...' | Doc: getTransactionList | | Boost: 0.25 | Matched: ['pending']
2026-01-05 10:42:09 | DEBUG    | log:153 | [get_keyword_boost] Query: 'Ktra ck chứng khoán pending k...' | Doc: getTransactionList | | Boost: 0.25 | Matched: ['pending']
2026-01-05 10:42:09 | DEBUG    | log:153 | [classify_query_intent] Ambiguous: 'Ktra ck chứng khoán pending k...' | Scores: {'Tra cứu giao dịch chuyển tiền': 1, 'getTransactionList | Tra cứu giao dịch đang chờ xử lý hoặc chờ duyệt': 1, 'getTransactionList | Tra cứu giao dịch chờ duyệt theo số tài khoản nguồn': 1, 'getTransactionList | Tra cứu giao dịch chờ duyệt theo khoảng thời gian': 1, 'getTransactionList | Tra cứu giao dịch chờ duyệt theo loại giao dịch': 1, 'getTransactionList | Tra cứu giao dịch chờ duyệt theo số tiền hoặc hạn mức': 1}
2026-01-05 10:42:09 | DEBUG    | log:153 | [normalize_query] 'Tìm gd hoàn tiền chưa duyệt....' -> 'Tìm gd hoàn tiền chưa duyệt...'
2026-01-05 10:42:09 | DEBUG    | log:153 | [perform_hybrid_search] query_text: [Tìm gd hoàn tiền chưa duyệt.] - formatted_query: [Tìm gd hoàn tiền chưa duyệt] - normalized_query: [Tìm gd hoàn tiền chưa duyệt]
2026-01-05 10:42:09 | DEBUG    | log:153 | [perform_hybrid_search] BM25 raw scores: min=0.3566, max=11.9283
2026-01-05 10:42:09 | DEBUG    | log:153 | [classify_query_intent] No keyword matches found in: 'Tìm gd hoàn tiền chưa duyệt'
2026-01-05 10:42:09 | DEBUG    | log:153 | [normalize_query] 'Ds tt học phí chờ xl....' -> 'Ds tt học phí chờ xl...'
2026-01-05 10:42:09 | DEBUG    | log:153 | [perform_hybrid_search] query_text: [Ds tt học phí chờ xl.] - formatted_query: [Ds tt học phí chờ xl] - normalized_query: [Ds tt học phí chờ xl]
2026-01-05 10:42:09 | DEBUG    | log:153 | [perform_hybrid_search] BM25 raw scores: min=0.0000, max=14.0174
2026-01-05 10:42:09 | DEBUG    | log:153 | [get_keyword_boost] Query: 'Ds tt học phí chờ xl...' | Doc: Tra cứu giao dịch th | Boost: 0.25 | Matched: ['chờ']
2026-01-05 10:42:09 | DEBUG    | log:153 | [get_keyword_boost] Query: 'Ds tt học phí chờ xl...' | Doc: Tra cứu giao dịch th | Boost: 0.25 | Matched: ['học phí']
2026-01-05 10:42:09 | DEBUG    | log:153 | [get_keyword_boost] Query: 'Ds tt học phí chờ xl...' | Doc: Tra cứu phí giao dịc | Boost: 0.25 | Matched: ['phí']
2026-01-05 10:42:09 | DEBUG    | log:153 | [classify_query_intent] Ambiguous: 'Ds tt học phí chờ xl...' | Scores: {'Tra cứu giao dịch theo trạng thái': 1, 'Tra cứu giao dịch thanh toán hóa đơn': 1, 'Tra cứu phí giao dịch': 1}
2026-01-05 10:42:09 | DEBUG    | log:153 | [normalize_query] 'Xem gd chi tạm ứng chờ duyệt....' -> 'Xem gd chi tạm ứng chờ duyệt...'
2026-01-05 10:42:09 | DEBUG    | log:153 | [perform_hybrid_search] query_text: [Xem gd chi tạm ứng chờ duyệt.] - formatted_query: [Xem gd chi tạm ứng chờ duyệt] - normalized_query: [Xem gd chi tạm ứng chờ duyệt]
2026-01-05 10:42:09 | DEBUG    | log:153 | [perform_hybrid_search] BM25 raw scores: min=0.0000, max=11.5897
2026-01-05 10:42:09 | DEBUG    | log:153 | [get_keyword_boost] Query: 'Xem gd chi tạm ứng chờ duyệt...' | Doc: Tra cứu giao dịch th | Boost: 0.25 | Matched: ['chờ']
2026-01-05 10:42:09 | DEBUG    | log:153 | [get_keyword_boost] Query: 'Xem gd chi tạm ứng chờ duyệt...' | Doc: getTransactionList | | Boost: 0.25 | Matched: ['chờ duyệt']
2026-01-05 10:42:09 | DEBUG    | log:153 | [get_keyword_boost] Query: 'Xem gd chi tạm ứng chờ duyệt...' | Doc: getTransactionList | | Boost: 0.25 | Matched: ['chờ duyệt']
2026-01-05 10:42:09 | DEBUG    | log:153 | [get_keyword_boost] Query: 'Xem gd chi tạm ứng chờ duyệt...' | Doc: getTransactionList | | Boost: 0.25 | Matched: ['chờ duyệt']
2026-01-05 10:42:09 | DEBUG    | log:153 | [get_keyword_boost] Query: 'Xem gd chi tạm ứng chờ duyệt...' | Doc: getTransactionList | | Boost: 0.25 | Matched: ['chờ duyệt']
2026-01-05 10:42:09 | DEBUG    | log:153 | [get_keyword_boost] Query: 'Xem gd chi tạm ứng chờ duyệt...' | Doc: getTransactionList | | Boost: 0.25 | Matched: ['chờ duyệt']
2026-01-05 10:42:09 | DEBUG    | log:153 | [classify_query_intent] Ambiguous: 'Xem gd chi tạm ứng chờ duyệt...' | Scores: {'Tra cứu giao dịch theo trạng thái': 1, 'getTransactionList | Tra cứu giao dịch đang chờ xử lý hoặc chờ duyệt': 1, 'getTransactionList | Tra cứu giao dịch chờ duyệt theo số tài khoản nguồn': 1, 'getTransactionList | Tra cứu giao dịch chờ duyệt theo khoảng thời gian': 1, 'getTransactionList | Tra cứu giao dịch chờ duyệt theo loại giao dịch': 1, 'getTransactionList | Tra cứu giao dịch chờ duyệt theo số tiền hoặc hạn mức': 1}
2026-01-05 10:42:09 | DEBUG    | log:153 | [normalize_query] 'Lọc gd tt net chưa xong....' -> 'Lọc gd tt net chưa xong...'
2026-01-05 10:42:09 | DEBUG    | log:153 | [perform_hybrid_search] query_text: [Lọc gd tt net chưa xong.] - formatted_query: [Lọc gd tt net chưa xong] - normalized_query: [Lọc gd tt net chưa xong]
2026-01-05 10:42:09 | DEBUG    | log:153 | [perform_hybrid_search] BM25 raw scores: min=0.0256, max=2.5667
2026-01-05 10:42:09 | DEBUG    | log:153 | [classify_query_intent] No keyword matches found in: 'Lọc gd tt net chưa xong'
2026-01-05 10:42:09 | DEBUG    | log:153 | [normalize_query] 'cho toi xem cac lenh chuyen tien lien ng...' -> 'Cho toi xem cac lenh chuyen tien lien ng...'
2026-01-05 10:42:09 | DEBUG    | log:153 | [perform_hybrid_search] query_text: [cho toi xem cac lenh chuyen tien lien ngan hang dang cho duyet] - formatted_query: [Cho toi xem cac lenh chuyen tien lien ngan hang dang cho duyet] - normalized_query: [Cho toi xem cac lenh chuyen tien lien ngan hang dang cho duyet]
2026-01-05 10:42:09 | DEBUG    | log:153 | [perform_hybrid_search] BM25 raw scores: min=0.7115, max=21.6209
2026-01-05 10:42:09 | DEBUG    | log:153 | [classify_query_intent] No keyword matches found in: 'Cho toi xem cac lenh chuyen tien lien ngan hang da'
2026-01-05 10:42:09 | DEBUG    | log:153 | [normalize_query] 'liet ke toan bo giao dich thanh toan luo...' -> 'Liet ke toan bo giao dich thanh toan luo...'
2026-01-05 10:42:09 | DEBUG    | log:153 | [perform_hybrid_search] query_text: [liet ke toan bo giao dich thanh toan luong chua duoc phe duyet] - formatted_query: [Liet ke toan bo giao dich thanh toan luong chua duoc phe duyet] - normalized_query: [Liet ke toan bo giao dich thanh toan luong chua duoc phe duyet]
2026-01-05 10:42:09 | DEBUG    | log:153 | [perform_hybrid_search] BM25 raw scores: min=0.3487, max=32.1763
2026-01-05 10:42:09 | DEBUG    | log:153 | [classify_query_intent] No keyword matches found in: 'Liet ke toan bo giao dich thanh toan luong chua du'
2026-01-05 10:42:09 | DEBUG    | log:153 | [normalize_query] 'co giao dich nop thue nao dang o trang t...' -> 'Co giao dich nop thue nao dang o trang t...'
2026-01-05 10:42:09 | DEBUG    | log:153 | [perform_hybrid_search] query_text: [co giao dich nop thue nao dang o trang thai pending khong] - formatted_query: [Co giao dich nop thue nao dang o trang thai pending khong] - normalized_query: [Co giao dich nop thue nao dang o trang thai pending khong]
2026-01-05 10:42:09 | DEBUG    | log:153 | [perform_hybrid_search] BM25 raw scores: min=0.1049, max=19.0004
2026-01-05 10:42:09 | DEBUG    | log:153 | [get_keyword_boost] Query: 'Co giao dich nop thue nao dang...' | Doc: getTransactionList | | Boost: 0.25 | Matched: ['pending']
2026-01-05 10:42:09 | DEBUG    | log:153 | [get_keyword_boost] Query: 'Co giao dich nop thue nao dang...' | Doc: getTransactionList | | Boost: 0.25 | Matched: ['pending']
2026-01-05 10:42:09 | DEBUG    | log:153 | [get_keyword_boost] Query: 'Co giao dich nop thue nao dang...' | Doc: getTransactionList | | Boost: 0.25 | Matched: ['pending']
2026-01-05 10:42:09 | DEBUG    | log:153 | [get_keyword_boost] Query: 'Co giao dich nop thue nao dang...' | Doc: getTransactionList | | Boost: 0.25 | Matched: ['pending']
2026-01-05 10:42:09 | DEBUG    | log:153 | [get_keyword_boost] Query: 'Co giao dich nop thue nao dang...' | Doc: getTransactionList | | Boost: 0.25 | Matched: ['pending']
2026-01-05 10:42:09 | DEBUG    | log:153 | [classify_query_intent] Ambiguous: 'Co giao dich nop thue nao dang...' | Scores: {'getTransactionList | Tra cứu giao dịch đang chờ xử lý hoặc chờ duyệt': 1, 'getTransactionList | Tra cứu giao dịch chờ duyệt theo số tài khoản nguồn': 1, 'getTransactionList | Tra cứu giao dịch chờ duyệt theo khoảng thời gian': 1, 'getTransactionList | Tra cứu giao dịch chờ duyệt theo loại giao dịch': 1, 'getTransactionList | Tra cứu giao dịch chờ duyệt theo số tiền hoặc hạn mức': 1}
2026-01-05 10:42:09 | DEBUG    | log:153 | [normalize_query] 'hien thi danh sach cac lenh chuyen khoan...' -> 'Hien thi danh sach cac lenh chuyen khoan...'
2026-01-05 10:42:09 | DEBUG    | log:153 | [perform_hybrid_search] query_text: [hien thi danh sach cac lenh chuyen khoan noi bo chua hoan tat] - formatted_query: [Hien thi danh sach cac lenh chuyen khoan noi bo chua hoan tat] - normalized_query: [Hien thi danh sach cac lenh chuyen khoan noi bo chua hoan tat]
2026-01-05 10:42:09 | DEBUG    | log:153 | [perform_hybrid_search] BM25 raw scores: min=0.9083, max=31.7368
2026-01-05 10:42:09 | DEBUG    | log:153 | [classify_query_intent] No keyword matches found in: 'Hien thi danh sach cac lenh chuyen khoan noi bo ch'
2026-01-05 10:42:09 | DEBUG    | log:153 | [normalize_query] 'toi muon kiem tra cac gd thanh toan hoa ...' -> 'Toi muon kiem tra cac gd thanh toan hoa ...'
2026-01-05 10:42:09 | DEBUG    | log:153 | [perform_hybrid_search] query_text: [toi muon kiem tra cac gd thanh toan hoa don dang cho su ly] - formatted_query: [Toi muon kiem tra cac gd thanh toan hoa don dang cho su ly] - normalized_query: [Toi muon kiem tra cac gd thanh toan hoa don dang cho su ly]
2026-01-05 10:42:09 | DEBUG    | log:153 | [perform_hybrid_search] BM25 raw scores: min=0.5355, max=15.4851
2026-01-05 10:42:09 | DEBUG    | log:153 | [classify_query_intent] No keyword matches found in: 'Toi muon kiem tra cac gd thanh toan hoa don dang c'
2026-01-05 10:42:09 | DEBUG    | log:153 | [normalize_query] 'cac lenh mua ban ngoai te nao chua duoc ...' -> 'Cac lenh mua ban ngoai te nao chua duoc ...'
2026-01-05 10:42:09 | DEBUG    | log:153 | [perform_hybrid_search] query_text: [cac lenh mua ban ngoai te nao chua duoc duyet] - formatted_query: [Cac lenh mua ban ngoai te nao chua duoc duyet] - normalized_query: [Cac lenh mua ban ngoai te nao chua duoc duyet]
2026-01-05 10:42:09 | DEBUG    | log:153 | [perform_hybrid_search] BM25 raw scores: min=0.0000, max=12.0216
2026-01-05 10:42:09 | DEBUG    | log:153 | [classify_query_intent] No keyword matches found in: 'Cac lenh mua ban ngoai te nao chua duoc duyet'
2026-01-05 10:42:09 | DEBUG    | log:153 | [normalize_query] 'cho biet gd thanh toan the tin dung nao ...' -> 'Cho biet gd thanh toan the tin dung nao ...'
2026-01-05 10:42:09 | DEBUG    | log:153 | [perform_hybrid_search] query_text: [cho biet gd thanh toan the tin dung nao chua duoc phe duyet] - formatted_query: [Cho biet gd thanh toan the tin dung nao chua duoc phe duyet] - normalized_query: [Cho biet gd thanh toan the tin dung nao chua duoc phe duyet]
2026-01-05 10:42:09 | DEBUG    | log:153 | [perform_hybrid_search] BM25 raw scores: min=0.3219, max=19.1091
2026-01-05 10:42:09 | DEBUG    | log:153 | [classify_query_intent] No keyword matches found in: 'Cho biet gd thanh toan the tin dung nao chua duoc '
2026-01-05 10:42:09 | DEBUG    | log:153 | [normalize_query] 'liet ke cac yeu cau giai ngan khoan vay ...' -> 'Liet ke cac yeu cau giai ngan khoan vay ...'
2026-01-05 10:42:09 | DEBUG    | log:153 | [perform_hybrid_search] query_text: [liet ke cac yeu cau giai ngan khoan vay dang bi cheo] - formatted_query: [Liet ke cac yeu cau giai ngan khoan vay dang bi cheo] - normalized_query: [Liet ke cac yeu cau giai ngan khoan vay dang bi cheo]
2026-01-05 10:42:09 | DEBUG    | log:153 | [perform_hybrid_search] BM25 raw scores: min=0.1875, max=12.1417
2026-01-05 10:42:09 | DEBUG    | log:153 | [classify_query_intent] No keyword matches found in: 'Liet ke cac yeu cau giai ngan khoan vay dang bi ch'
2026-01-05 10:42:09 | DEBUG    | log:153 | [normalize_query] 'xem toan bo lenh chuyen tien quoc te chu...' -> 'Xem toan bo lenh chuyen tien quoc te chu...'
2026-01-05 10:42:09 | DEBUG    | log:153 | [perform_hybrid_search] query_text: [xem toan bo lenh chuyen tien quoc te chua duyet] - formatted_query: [Xem toan bo lenh chuyen tien quoc te chua duyet] - normalized_query: [Xem toan bo lenh chuyen tien quoc te chua duyet]
2026-01-05 10:42:09 | DEBUG    | log:153 | [perform_hybrid_search] BM25 raw scores: min=0.7007, max=26.9282
2026-01-05 10:42:09 | DEBUG    | log:153 | [classify_query_intent] No keyword matches found in: 'Xem toan bo lenh chuyen tien quoc te chua duyet'
2026-01-05 10:42:09 | DEBUG    | log:153 | [normalize_query] 'co giao dich bao hiem nao dang pendin ko...' -> 'Co giao dich bao hiem nao dang pendin ko...'
2026-01-05 10:42:09 | DEBUG    | log:153 | [perform_hybrid_search] query_text: [co giao dich bao hiem nao dang pendin ko] - formatted_query: [Co giao dich bao hiem nao dang pendin ko] - normalized_query: [Co giao dich bao hiem nao dang pendin ko]
2026-01-05 10:42:10 | DEBUG    | log:153 | [perform_hybrid_search] BM25 raw scores: min=0.1311, max=5.4828
2026-01-05 10:42:10 | DEBUG    | log:153 | [classify_query_intent] No keyword matches found in: 'Co giao dich bao hiem nao dang pendin ko'
2026-01-05 10:42:10 | DEBUG    | log:153 | [normalize_query] 'hien thi cac lenh nap tien dien thoai ch...' -> 'Hien thi cac lenh nap tien dien thoai ch...'
2026-01-05 10:42:10 | DEBUG    | log:153 | [perform_hybrid_search] query_text: [hien thi cac lenh nap tien dien thoai chua duoc xu ly] - formatted_query: [Hien thi cac lenh nap tien dien thoai chua duoc xu ly] - normalized_query: [Hien thi cac lenh nap tien dien thoai chua duoc xu ly]
2026-01-05 10:42:10 | DEBUG    | log:153 | [perform_hybrid_search] BM25 raw scores: min=0.0262, max=13.0099
2026-01-05 10:42:10 | DEBUG    | log:153 | [classify_query_intent] No keyword matches found in: 'Hien thi cac lenh nap tien dien thoai chua duoc xu'
2026-01-05 10:42:10 | DEBUG    | log:153 | [normalize_query] 'xem ds giao dich gui tiet kiem dang cho ...' -> 'Xem ds giao dich gui tiet kiem dang cho ...'
2026-01-05 10:42:10 | DEBUG    | log:153 | [perform_hybrid_search] query_text: [xem ds giao dich gui tiet kiem dang cho duyet] - formatted_query: [Xem ds giao dich gui tiet kiem dang cho duyet] - normalized_query: [Xem ds giao dich gui tiet kiem dang cho duyet]
2026-01-05 10:42:10 | DEBUG    | log:153 | [perform_hybrid_search] BM25 raw scores: min=0.1072, max=17.4017
2026-01-05 10:42:10 | DEBUG    | log:153 | [classify_query_intent] No keyword matches found in: 'Xem ds giao dich gui tiet kiem dang cho duyet'
2026-01-05 10:42:10 | DEBUG    | log:153 | [normalize_query] 'lenh chuyen tien nhanh 24/7 nao chua hoa...' -> 'Lenh chuyen tien nhanh 24/7 nao chua hoa...'
2026-01-05 10:42:10 | DEBUG    | log:153 | [perform_hybrid_search] query_text: [lenh chuyen tien nhanh 24/7 nao chua hoan tat] - formatted_query: [Lenh chuyen tien nhanh 24/7 nao chua hoan tat] - normalized_query: [Lenh chuyen tien nhanh 24/7 nao chua hoan tat]
2026-01-05 10:42:10 | DEBUG    | log:153 | [perform_hybrid_search] BM25 raw scores: min=0.5502, max=19.7564
2026-01-05 10:42:10 | DEBUG    | log:153 | [classify_query_intent] No keyword matches found in: 'Lenh chuyen tien nhanh 24/7 nao chua hoan tat'
2026-01-05 10:42:10 | DEBUG    | log:153 | [normalize_query] 'liet ke giao dich nop ngan sach nha nuoc...' -> 'Liet ke giao dich nop ngan sach nha nuoc...'
2026-01-05 10:42:10 | DEBUG    | log:153 | [perform_hybrid_search] query_text: [liet ke giao dich nop ngan sach nha nuoc chua duoc duyet] - formatted_query: [Liet ke giao dich nop ngan sach nha nuoc chua duoc duyet] - normalized_query: [Liet ke giao dich nop ngan sach nha nuoc chua duoc duyet]
2026-01-05 10:42:10 | DEBUG    | log:153 | [perform_hybrid_search] BM25 raw scores: min=0.0786, max=15.6921
2026-01-05 10:42:10 | DEBUG    | log:153 | [classify_query_intent] No keyword matches found in: 'Liet ke giao dich nop ngan sach nha nuoc chua duoc'
2026-01-05 10:42:10 | DEBUG    | log:153 | [normalize_query] 'cac gd thuoc loai ve may bay hien tai ch...' -> 'Cac gd thuoc loai ve may bay hien tai ch...'
2026-01-05 10:42:10 | DEBUG    | log:153 | [perform_hybrid_search] query_text: [cac gd thuoc loai ve may bay hien tai chua duoc duyet] - formatted_query: [Cac gd thuoc loai ve may bay hien tai chua duoc duyet] - normalized_query: [Cac gd thuoc loai ve may bay hien tai chua duoc duyet]
2026-01-05 10:42:10 | DEBUG    | log:153 | [perform_hybrid_search] BM25 raw scores: min=0.0670, max=11.8251
2026-01-05 10:42:10 | DEBUG    | log:153 | [classify_query_intent] No keyword matches found in: 'Cac gd thuoc loai ve may bay hien tai chua duoc du'
2026-01-05 10:42:10 | DEBUG    | log:153 | [normalize_query] 'xem ds lenh tat toan so tiet kiem dang c...' -> 'Xem ds lenh tat toan so tiet kiem dang c...'
2026-01-05 10:42:10 | DEBUG    | log:153 | [perform_hybrid_search] query_text: [xem ds lenh tat toan so tiet kiem dang cho xu ly] - formatted_query: [Xem ds lenh tat toan so tiet kiem dang cho xu ly] - normalized_query: [Xem ds lenh tat toan so tiet kiem dang cho xu ly]
2026-01-05 10:42:10 | DEBUG    | log:153 | [perform_hybrid_search] BM25 raw scores: min=0.0536, max=16.8605
2026-01-05 10:42:10 | DEBUG    | log:153 | [classify_query_intent] No keyword matches found in: 'Xem ds lenh tat toan so tiet kiem dang cho xu ly'
2026-01-05 10:42:10 | DEBUG    | log:153 | [normalize_query] 'hien thi gd thanh toan phi cang bien chu...' -> 'Hien thi gd thanh toan phi cang bien chu...'
2026-01-05 10:42:10 | DEBUG    | log:153 | [perform_hybrid_search] query_text: [hien thi gd thanh toan phi cang bien chua phe duyet] - formatted_query: [Hien thi gd thanh toan phi cang bien chua phe duyet] - normalized_query: [Hien thi gd thanh toan phi cang bien chua phe duyet]
2026-01-05 10:42:10 | DEBUG    | log:153 | [perform_hybrid_search] BM25 raw scores: min=0.2683, max=16.1563
2026-01-05 10:42:10 | DEBUG    | log:153 | [classify_query_intent] No keyword matches found in: 'Hien thi gd thanh toan phi cang bien chua phe duye'
2026-01-05 10:42:10 | DEBUG    | log:153 | [normalize_query] 'co giao dich chich no tu dong nao dang b...' -> 'Co giao dich chich no tu dong nao dang b...'
2026-01-05 10:42:10 | DEBUG    | log:153 | [perform_hybrid_search] query_text: [co giao dich chich no tu dong nao dang bi treo khong] - formatted_query: [Co giao dich chich no tu dong nao dang bi treo khong] - normalized_query: [Co giao dich chich no tu dong nao dang bi treo khong]
2026-01-05 10:42:10 | DEBUG    | log:153 | [perform_hybrid_search] BM25 raw scores: min=0.1049, max=12.6249
2026-01-05 10:42:10 | DEBUG    | log:153 | [classify_query_intent] No keyword matches found in: 'Co giao dich chich no tu dong nao dang bi treo kho'
2026-01-05 10:42:10 | DEBUG    | log:153 | [normalize_query] 'cho toi xem cac lenh thanh toan tien han...' -> 'Cho toi xem cac lenh thanh toan tien han...'
2026-01-05 10:42:10 | DEBUG    | log:153 | [perform_hybrid_search] query_text: [cho toi xem cac lenh thanh toan tien hang chua su ly] - formatted_query: [Cho toi xem cac lenh thanh toan tien hang chua su ly] - normalized_query: [Cho toi xem cac lenh thanh toan tien hang chua su ly]
2026-01-05 10:42:10 | DEBUG    | log:153 | [perform_hybrid_search] BM25 raw scores: min=0.6329, max=18.3196
2026-01-05 10:42:10 | DEBUG    | log:153 | [classify_query_intent] No keyword matches found in: 'Cho toi xem cac lenh thanh toan tien hang chua su '
2026-01-05 10:42:10 | DEBUG    | log:153 | [normalize_query] 'liet ke tat ca gd chuyen tien theo lo da...' -> 'Liet ke tat ca gd chuyen tien theo lo da...'
2026-01-05 10:42:10 | DEBUG    | log:153 | [perform_hybrid_search] query_text: [liet ke tat ca gd chuyen tien theo lo dang cho duyet] - formatted_query: [Liet ke tat ca gd chuyen tien theo lo dang cho duyet] - normalized_query: [Liet ke tat ca gd chuyen tien theo lo dang cho duyet]
2026-01-05 10:42:10 | DEBUG    | log:153 | [perform_hybrid_search] BM25 raw scores: min=0.7377, max=15.5544
2026-01-05 10:42:10 | DEBUG    | log:153 | [classify_query_intent] No keyword matches found in: 'Liet ke tat ca gd chuyen tien theo lo dang cho duy'
2026-01-05 10:42:10 | DEBUG    | log:153 | [normalize_query] 'Chuyển tiền liên ngân hàng, cho tôi xem ...' -> 'Chuyển tiền liên ngân hàng, cho tôi xem ...'
2026-01-05 10:42:10 | DEBUG    | log:153 | [perform_hybrid_search] query_text: [Chuyển tiền liên ngân hàng, cho tôi xem danh sách chờ duyệt.] - formatted_query: [Chuyển tiền liên ngân hàng, cho tôi xem danh sách chờ duyệt] - normalized_query: [Chuyển tiền liên ngân hàng, cho tôi xem danh sách chờ duyệt]
2026-01-05 10:42:10 | DEBUG    | log:153 | [perform_hybrid_search] BM25 raw scores: min=0.6853, max=32.7544
2026-01-05 10:42:10 | DEBUG    | log:153 | [get_keyword_boost] Query: 'Chuyển tiền liên ngân hàng, ch...' | Doc: Tra cứu giao dịch th | Boost: 0.25 | Matched: ['chờ']
2026-01-05 10:42:10 | DEBUG    | log:153 | [get_keyword_boost] Query: 'Chuyển tiền liên ngân hàng, ch...' | Doc: Tra cứu giao dịch th | Boost: 0.50 | Matched: ['chuyển tiền', 'liên ngân hàng']
2026-01-05 10:42:10 | DEBUG    | log:153 | [get_keyword_boost] Query: 'Chuyển tiền liên ngân hàng, ch...' | Doc: Tra cứu giao dịch ch | Boost: 0.25 | Matched: ['chuyển tiền']
2026-01-05 10:42:10 | DEBUG    | log:153 | [get_keyword_boost] Query: 'Chuyển tiền liên ngân hàng, ch...' | Doc: getTransactionList | | Boost: 0.25 | Matched: ['chờ duyệt']
2026-01-05 10:42:10 | DEBUG    | log:153 | [get_keyword_boost] Query: 'Chuyển tiền liên ngân hàng, ch...' | Doc: getTransactionList | | Boost: 0.25 | Matched: ['chờ duyệt']
2026-01-05 10:42:10 | DEBUG    | log:153 | [get_keyword_boost] Query: 'Chuyển tiền liên ngân hàng, ch...' | Doc: getTransactionList | | Boost: 0.25 | Matched: ['chờ duyệt']
2026-01-05 10:42:10 | DEBUG    | log:153 | [get_keyword_boost] Query: 'Chuyển tiền liên ngân hàng, ch...' | Doc: getTransactionList | | Boost: 0.75 | Matched: ['chờ duyệt', 'chuyển tiền', 'liên ngân hàng']
2026-01-05 10:42:10 | DEBUG    | log:153 | [get_keyword_boost] Query: 'Chuyển tiền liên ngân hàng, ch...' | Doc: getTransactionList | | Boost: 0.25 | Matched: ['chờ duyệt']
2026-01-05 10:42:10 | DEBUG    | log:153 | [classify_query_intent] Classified: 'Chuyển tiền liên ngân hàng, ch...' -> getTransactionList | Tra cứu g (score=3)
2026-01-05 10:42:10 | DEBUG    | log:153 | [normalize_query] 'Lương nhân viên, còn giao dịch nào chưa ...' -> 'Lương nhân viên, còn giao dịch nào chưa ...'
2026-01-05 10:42:10 | DEBUG    | log:153 | [perform_hybrid_search] query_text: [Lương nhân viên, còn giao dịch nào chưa phê duyệt không?] - formatted_query: [Lương nhân viên, còn giao dịch nào chưa phê duyệt không] - normalized_query: [Lương nhân viên, còn giao dịch nào chưa phê duyệt không]
2026-01-05 10:42:10 | DEBUG    | log:153 | [perform_hybrid_search] BM25 raw scores: min=0.0786, max=42.2541
2026-01-05 10:42:10 | DEBUG    | log:153 | [get_keyword_boost] Query: 'Lương nhân viên, còn giao dịch...' | Doc: Tra cứu giao dịch th | Boost: 0.25 | Matched: ['phê duyệt']
2026-01-05 10:42:10 | DEBUG    | log:153 | [classify_query_intent] Classified: 'Lương nhân viên, còn giao dịch...' -> Tra cứu giao dịch theo trạng t (score=1)
2026-01-05 10:42:10 | DEBUG    | log:153 | [normalize_query] 'Nộp thuế, check xem có cái nào pending....' -> 'Nộp thuế, check xem có cái nào pending...'
2026-01-05 10:42:10 | DEBUG    | log:153 | [perform_hybrid_search] query_text: [Nộp thuế, check xem có cái nào pending.] - formatted_query: [Nộp thuế, check xem có cái nào pending] - normalized_query: [Nộp thuế, check xem có cái nào pending]
2026-01-05 10:42:10 | DEBUG    | log:153 | [perform_hybrid_search] BM25 raw scores: min=0.0000, max=16.4239
2026-01-05 10:42:10 | DEBUG    | log:153 | [get_keyword_boost] Query: 'Nộp thuế, check xem có cái nào...' | Doc: Tra cứu giao dịch ch | Boost: 0.25 | Matched: ['ck']
2026-01-05 10:42:10 | DEBUG    | log:153 | [get_keyword_boost] Query: 'Nộp thuế, check xem có cái nào...' | Doc: getTransactionList | | Boost: 0.25 | Matched: ['pending']
2026-01-05 10:42:10 | DEBUG    | log:153 | [get_keyword_boost] Query: 'Nộp thuế, check xem có cái nào...' | Doc: getTransactionList | | Boost: 0.25 | Matched: ['pending']
2026-01-05 10:42:10 | DEBUG    | log:153 | [get_keyword_boost] Query: 'Nộp thuế, check xem có cái nào...' | Doc: getTransactionList | | Boost: 0.25 | Matched: ['pending']
2026-01-05 10:42:10 | DEBUG    | log:153 | [get_keyword_boost] Query: 'Nộp thuế, check xem có cái nào...' | Doc: getTransactionList | | Boost: 0.25 | Matched: ['pending']
2026-01-05 10:42:10 | DEBUG    | log:153 | [get_keyword_boost] Query: 'Nộp thuế, check xem có cái nào...' | Doc: getTransactionList | | Boost: 0.25 | Matched: ['pending']
2026-01-05 10:42:10 | DEBUG    | log:153 | [classify_query_intent] Ambiguous: 'Nộp thuế, check xem có cái nào...' | Scores: {'Tra cứu giao dịch chuyển tiền': 1, 'getTransactionList | Tra cứu giao dịch đang chờ xử lý hoặc chờ duyệt': 1, 'getTransactionList | Tra cứu giao dịch chờ duyệt theo số tài khoản nguồn': 1, 'getTransactionList | Tra cứu giao dịch chờ duyệt theo khoảng thời gian': 1, 'getTransactionList | Tra cứu giao dịch chờ duyệt theo loại giao dịch': 1, 'getTransactionList | Tra cứu giao dịch chờ duyệt theo số tiền hoặc hạn mức': 1}
2026-01-05 10:42:10 | DEBUG    | log:153 | [normalize_query] 'Chưa hoàn tất, hiển thị các lệnh chuyển ...' -> 'Chưa hoàn tất, hiển thị các lệnh chuyển ...'
2026-01-05 10:42:10 | DEBUG    | log:153 | [perform_hybrid_search] query_text: [Chưa hoàn tất, hiển thị các lệnh chuyển khoản nội bộ.] - formatted_query: [Chưa hoàn tất, hiển thị các lệnh chuyển khoản nội bộ] - normalized_query: [Chưa hoàn tất, hiển thị các lệnh chuyển khoản nội bộ]
2026-01-05 10:42:10 | DEBUG    | log:153 | [perform_hybrid_search] BM25 raw scores: min=0.9083, max=44.4368
2026-01-05 10:42:10 | DEBUG    | log:153 | [get_keyword_boost] Query: 'Chưa hoàn tất, hiển thị các lệ...' | Doc: Tra cứu giao dịch th | Boost: 0.25 | Matched: ['hoàn tất']
2026-01-05 10:42:10 | DEBUG    | log:153 | [get_keyword_boost] Query: 'Chưa hoàn tất, hiển thị các lệ...' | Doc: Tra cứu giao dịch th | Boost: 0.25 | Matched: ['nội bộ']
2026-01-05 10:42:10 | DEBUG    | log:153 | [get_keyword_boost] Query: 'Chưa hoàn tất, hiển thị các lệ...' | Doc: Tra cứu giao dịch ch | Boost: 0.25 | Matched: ['chuyển khoản']
2026-01-05 10:42:10 | DEBUG    | log:153 | [get_keyword_boost] Query: 'Chưa hoàn tất, hiển thị các lệ...' | Doc: getTransactionList | | Boost: 0.50 | Matched: ['chuyển khoản', 'nội bộ']
2026-01-05 10:42:10 | DEBUG    | log:153 | [classify_query_intent] Classified: 'Chưa hoàn tất, hiển thị các lệ...' -> getTransactionList | Tra cứu g (score=2)
2026-01-05 10:42:10 | DEBUG    | log:153 | [normalize_query] 'Hóa đơn điện nước, tôi muốn kiểm tra các...' -> 'Hóa đơn điện nước, tôi muốn kiểm tra các...'
2026-01-05 10:42:10 | DEBUG    | log:153 | [perform_hybrid_search] query_text: [Hóa đơn điện nước, tôi muốn kiểm tra các giao dịch đang chờ xử lý.] - formatted_query: [Hóa đơn điện nước, tôi muốn kiểm tra các giao dịch đang chờ xử lý] - normalized_query: [Hóa đơn điện nước, tôi muốn kiểm tra các giao dịch đang chờ xử lý]
2026-01-05 10:42:10 | DEBUG    | log:153 | [perform_hybrid_search] BM25 raw scores: min=0.1573, max=42.7922
2026-01-05 10:42:10 | DEBUG    | log:153 | [get_keyword_boost] Query: 'Hóa đơn điện nước, tôi muốn ki...' | Doc: Tra cứu giao dịch th | Boost: 0.50 | Matched: ['xử lý', 'chờ']
2026-01-05 10:42:10 | DEBUG    | log:153 | [get_keyword_boost] Query: 'Hóa đơn điện nước, tôi muốn ki...' | Doc: Tra cứu giao dịch th | Boost: 0.25 | Matched: ['hóa đơn']
2026-01-05 10:42:10 | DEBUG    | log:153 | [get_keyword_boost] Query: 'Hóa đơn điện nước, tôi muốn ki...' | Doc: getTransactionList | | Boost: 0.50 | Matched: ['chờ xử lý', 'đang chờ']
2026-01-05 10:42:10 | DEBUG    | log:153 | [get_keyword_boost] Query: 'Hóa đơn điện nước, tôi muốn ki...' | Doc: getTransactionList | | Boost: 0.25 | Matched: ['chờ xử lý']
2026-01-05 10:42:10 | DEBUG    | log:153 | [get_keyword_boost] Query: 'Hóa đơn điện nước, tôi muốn ki...' | Doc: getTransactionList | | Boost: 0.25 | Matched: ['chờ xử lý']
2026-01-05 10:42:10 | DEBUG    | log:153 | [get_keyword_boost] Query: 'Hóa đơn điện nước, tôi muốn ki...' | Doc: getTransactionList | | Boost: 0.25 | Matched: ['chờ xử lý']
2026-01-05 10:42:10 | DEBUG    | log:153 | [get_keyword_boost] Query: 'Hóa đơn điện nước, tôi muốn ki...' | Doc: getTransactionList | | Boost: 0.25 | Matched: ['chờ xử lý']
2026-01-05 10:42:10 | DEBUG    | log:153 | [classify_query_intent] Ambiguous: 'Hóa đơn điện nước, tôi muốn ki...' | Scores: {'Tra cứu giao dịch theo trạng thái': 2, 'Tra cứu giao dịch thanh toán hóa đơn': 1, 'getTransactionList | Tra cứu giao dịch đang chờ xử lý hoặc chờ duyệt': 2, 'getTransactionList | Tra cứu giao dịch chờ duyệt theo số tài khoản nguồn': 1, 'getTransactionList | Tra cứu giao dịch chờ duyệt theo khoảng thời gian': 1, 'getTransactionList | Tra cứu giao dịch chờ duyệt theo loại giao dịch': 1, 'getTransactionList | Tra cứu giao dịch chờ duyệt theo số tiền hoặc hạn mức': 1}
2026-01-05 10:42:10 | DEBUG    | log:153 | [normalize_query] 'Ngoại tệ, các lệnh mua bán nào chưa được...' -> 'Ngoại tệ, các lệnh mua bán nào chưa được...'
2026-01-05 10:42:10 | DEBUG    | log:153 | [perform_hybrid_search] query_text: [Ngoại tệ, các lệnh mua bán nào chưa được duyệt?] - formatted_query: [Ngoại tệ, các lệnh mua bán nào chưa được duyệt] - normalized_query: [Ngoại tệ, các lệnh mua bán nào chưa được duyệt]
2026-01-05 10:42:10 | DEBUG    | log:153 | [perform_hybrid_search] BM25 raw scores: min=0.0000, max=24.7173
2026-01-05 10:42:10 | DEBUG    | log:153 | [get_keyword_boost] Query: 'Ngoại tệ, các lệnh mua bán nào...' | Doc: getTransactionList | | Boost: 0.25 | Matched: ['chưa được duyệt']
2026-01-05 10:42:10 | DEBUG    | log:153 | [classify_query_intent] Classified: 'Ngoại tệ, các lệnh mua bán nào...' -> getTransactionList | Tra cứu g (score=1)
2026-01-05 10:42:10 | DEBUG    | log:153 | [normalize_query] 'Thẻ tín dụng, cho biết các giao dịch tha...' -> 'Thẻ tín dụng, cho biết các giao dịch tha...'
2026-01-05 10:42:10 | DEBUG    | log:153 | [perform_hybrid_search] query_text: [Thẻ tín dụng, cho biết các giao dịch thanh toán dư nợ chưa duyệt.] - formatted_query: [Thẻ tín dụng, cho biết các giao dịch thanh toán dư nợ chưa duyệt] - normalized_query: [Thẻ tín dụng, cho biết các giao dịch thanh toán dư nợ chưa duyệt]
2026-01-05 10:42:10 | DEBUG    | log:153 | [perform_hybrid_search] BM25 raw scores: min=0.4559, max=34.8491
2026-01-05 10:42:10 | DEBUG    | log:153 | [get_keyword_boost] Query: 'Thẻ tín dụng, cho biết các gia...' | Doc: Tra cứu giao dịch th | Boost: 0.25 | Matched: ['thanh toán']
2026-01-05 10:42:10 | DEBUG    | log:153 | [get_keyword_boost] Query: 'Thẻ tín dụng, cho biết các gia...' | Doc: Tra cứu giao dịch th | Boost: 0.25 | Matched: ['thanh toán']
2026-01-05 10:42:10 | DEBUG    | log:153 | [get_keyword_boost] Query: 'Thẻ tín dụng, cho biết các gia...' | Doc: Tra cứu giao dịch th | Boost: 0.25 | Matched: ['thẻ']
2026-01-05 10:42:10 | DEBUG    | log:153 | [get_keyword_boost] Query: 'Thẻ tín dụng, cho biết các gia...' | Doc: getTransactionList | | Boost: 0.50 | Matched: ['thanh toán', 'thẻ']
2026-01-05 10:42:10 | DEBUG    | log:153 | [classify_query_intent] Classified: 'Thẻ tín dụng, cho biết các gia...' -> getTransactionList | Tra cứu g (score=2)
2026-01-05 10:42:10 | DEBUG    | log:153 | [normalize_query] 'Đang bị treo, liệt kê các yêu cầu giải n...' -> 'Đang bị treo, liệt kê các yêu cầu giải n...'
2026-01-05 10:42:10 | DEBUG    | log:153 | [perform_hybrid_search] query_text: [Đang bị treo, liệt kê các yêu cầu giải ngân.] - formatted_query: [Đang bị treo, liệt kê các yêu cầu giải ngân] - normalized_query: [Đang bị treo, liệt kê các yêu cầu giải ngân]
2026-01-05 10:42:10 | DEBUG    | log:153 | [perform_hybrid_search] BM25 raw scores: min=0.0000, max=19.5539
2026-01-05 10:42:10 | DEBUG    | log:153 | [classify_query_intent] No keyword matches found in: 'Đang bị treo, liệt kê các yêu cầu giải ngân'
2026-01-05 10:42:10 | DEBUG    | log:153 | [normalize_query] 'Chuyển tiền quốc tế, xem toàn bộ lệnh ch...' -> 'Chuyển tiền quốc tế, xem toàn bộ lệnh ch...'
2026-01-05 10:42:10 | DEBUG    | log:153 | [perform_hybrid_search] query_text: [Chuyển tiền quốc tế, xem toàn bộ lệnh chưa duyệt.] - formatted_query: [Chuyển tiền quốc tế, xem toàn bộ lệnh chưa duyệt] - normalized_query: [Chuyển tiền quốc tế, xem toàn bộ lệnh chưa duyệt]
2026-01-05 10:42:10 | DEBUG    | log:153 | [perform_hybrid_search] BM25 raw scores: min=0.7007, max=28.3222
2026-01-05 10:42:10 | DEBUG    | log:153 | [get_keyword_boost] Query: 'Chuyển tiền quốc tế, xem toàn ...' | Doc: Tra cứu giao dịch th | Boost: 0.25 | Matched: ['chuyển tiền']
2026-01-05 10:42:10 | DEBUG    | log:153 | [get_keyword_boost] Query: 'Chuyển tiền quốc tế, xem toàn ...' | Doc: Tra cứu giao dịch ch | Boost: 0.25 | Matched: ['chuyển tiền']
2026-01-05 10:42:10 | DEBUG    | log:153 | [get_keyword_boost] Query: 'Chuyển tiền quốc tế, xem toàn ...' | Doc: getTransactionList | | Boost: 0.25 | Matched: ['toàn bộ']
2026-01-05 10:42:10 | DEBUG    | log:153 | [get_keyword_boost] Query: 'Chuyển tiền quốc tế, xem toàn ...' | Doc: getTransactionList | | Boost: 0.25 | Matched: ['chuyển tiền']
2026-01-05 10:42:10 | DEBUG    | log:153 | [classify_query_intent] Ambiguous: 'Chuyển tiền quốc tế, xem toàn ...' | Scores: {'Tra cứu giao dịch theo loại giao dịch': 1, 'Tra cứu giao dịch chuyển tiền': 1, 'getTransactionList | Tra cứu giao dịch đang chờ xử lý hoặc chờ duyệt': 1, 'getTransactionList | Tra cứu giao dịch chờ duyệt theo loại giao dịch': 1}
2026-01-05 10:42:10 | DEBUG    | log:153 | [normalize_query] 'Pending, có giao dịch thanh toán bảo hiể...' -> 'Pending, có giao dịch thanh toán bảo hiể...'
2026-01-05 10:42:10 | DEBUG    | log:153 | [perform_hybrid_search] query_text: [Pending, có giao dịch thanh toán bảo hiểm nào không?] - formatted_query: [Pending, có giao dịch thanh toán bảo hiểm nào không] - normalized_query: [Pending, có giao dịch thanh toán bảo hiểm nào không]
2026-01-05 10:42:10 | DEBUG    | log:153 | [perform_hybrid_search] BM25 raw scores: min=0.3129, max=37.7601
2026-01-05 10:42:10 | DEBUG    | log:153 | [get_keyword_boost] Query: 'Pending, có giao dịch thanh to...' | Doc: Tra cứu giao dịch th | Boost: 0.25 | Matched: ['thanh toán']
2026-01-05 10:42:10 | DEBUG    | log:153 | [get_keyword_boost] Query: 'Pending, có giao dịch thanh to...' | Doc: Tra cứu giao dịch th | Boost: 0.25 | Matched: ['thanh toán']
2026-01-05 10:42:10 | DEBUG    | log:153 | [get_keyword_boost] Query: 'Pending, có giao dịch thanh to...' | Doc: getTransactionList | | Boost: 0.25 | Matched: ['pending']
2026-01-05 10:42:10 | DEBUG    | log:153 | [get_keyword_boost] Query: 'Pending, có giao dịch thanh to...' | Doc: getTransactionList | | Boost: 0.25 | Matched: ['pending']
2026-01-05 10:42:10 | DEBUG    | log:153 | [get_keyword_boost] Query: 'Pending, có giao dịch thanh to...' | Doc: getTransactionList | | Boost: 0.25 | Matched: ['pending']
2026-01-05 10:42:10 | DEBUG    | log:153 | [get_keyword_boost] Query: 'Pending, có giao dịch thanh to...' | Doc: getTransactionList | | Boost: 0.50 | Matched: ['pending', 'thanh toán']
2026-01-05 10:42:10 | DEBUG    | log:153 | [get_keyword_boost] Query: 'Pending, có giao dịch thanh to...' | Doc: getTransactionList | | Boost: 0.25 | Matched: ['pending']
2026-01-05 10:42:10 | DEBUG    | log:153 | [classify_query_intent] Classified: 'Pending, có giao dịch thanh to...' -> getTransactionList | Tra cứu g (score=2)
2026-01-05 10:42:10 | DEBUG    | log:153 | [normalize_query] 'Nạp tiền điện thoại, hiển thị các lệnh c...' -> 'Nạp tiền điện thoại, hiển thị các lệnh c...'
2026-01-05 10:42:10 | DEBUG    | log:153 | [perform_hybrid_search] query_text: [Nạp tiền điện thoại, hiển thị các lệnh chưa xử lý.] - formatted_query: [Nạp tiền điện thoại, hiển thị các lệnh chưa xử lý] - normalized_query: [Nạp tiền điện thoại, hiển thị các lệnh chưa xử lý]
2026-01-05 10:42:10 | DEBUG    | log:153 | [perform_hybrid_search] BM25 raw scores: min=0.0262, max=32.4349
2026-01-05 10:42:10 | DEBUG    | log:153 | [get_keyword_boost] Query: 'Nạp tiền điện thoại, hiển thị ...' | Doc: Tra cứu giao dịch th | Boost: 0.25 | Matched: ['xử lý']
2026-01-05 10:42:10 | DEBUG    | log:153 | [get_keyword_boost] Query: 'Nạp tiền điện thoại, hiển thị ...' | Doc: Tra cứu giao dịch th | Boost: 0.25 | Matched: ['nạp tiền']
2026-01-05 10:42:10 | DEBUG    | log:153 | [get_keyword_boost] Query: 'Nạp tiền điện thoại, hiển thị ...' | Doc: Tra cứu giao dịch th | Boost: 0.50 | Matched: ['tiền điện', 'tiền điện thoại']
2026-01-05 10:42:10 | DEBUG    | log:153 | [classify_query_intent] Classified: 'Nạp tiền điện thoại, hiển thị ...' -> Tra cứu giao dịch thanh toán h (score=2)
2026-01-05 10:42:10 | DEBUG    | log:153 | [normalize_query] 'Gửi tiết kiệm online, danh sách chờ duyệ...' -> 'Gửi tiết kiệm online, danh sách chờ duyệ...'
2026-01-05 10:42:10 | DEBUG    | log:153 | [perform_hybrid_search] query_text: [Gửi tiết kiệm online, danh sách chờ duyệt đâu?] - formatted_query: [Gửi tiết kiệm online, danh sách chờ duyệt đâu] - normalized_query: [Gửi tiết kiệm online, danh sách chờ duyệt đâu]
2026-01-05 10:42:10 | DEBUG    | log:153 | [perform_hybrid_search] BM25 raw scores: min=0.0000, max=30.5031
2026-01-05 10:42:10 | DEBUG    | log:153 | [get_keyword_boost] Query: 'Gửi tiết kiệm online, danh sác...' | Doc: Tra cứu giao dịch th | Boost: 0.25 | Matched: ['chờ']
2026-01-05 10:42:10 | DEBUG    | log:153 | [get_keyword_boost] Query: 'Gửi tiết kiệm online, danh sác...' | Doc: Tra cứu giao dịch th | Boost: 0.25 | Matched: ['gửi tiết kiệm']
2026-01-05 10:42:10 | DEBUG    | log:153 | [get_keyword_boost] Query: 'Gửi tiết kiệm online, danh sác...' | Doc: Tra cứu giao dịch th | Boost: 0.25 | Matched: ['online']
2026-01-05 10:42:10 | DEBUG    | log:153 | [get_keyword_boost] Query: 'Gửi tiết kiệm online, danh sác...' | Doc: getTransactionList | | Boost: 0.25 | Matched: ['chờ duyệt']
2026-01-05 10:42:10 | DEBUG    | log:153 | [get_keyword_boost] Query: 'Gửi tiết kiệm online, danh sác...' | Doc: getTransactionList | | Boost: 0.25 | Matched: ['chờ duyệt']
2026-01-05 10:42:10 | DEBUG    | log:153 | [get_keyword_boost] Query: 'Gửi tiết kiệm online, danh sác...' | Doc: getTransactionList | | Boost: 0.25 | Matched: ['chờ duyệt']
2026-01-05 10:42:10 | DEBUG    | log:153 | [get_keyword_boost] Query: 'Gửi tiết kiệm online, danh sác...' | Doc: getTransactionList | | Boost: 0.25 | Matched: ['chờ duyệt']
2026-01-05 10:42:10 | DEBUG    | log:153 | [get_keyword_boost] Query: 'Gửi tiết kiệm online, danh sác...' | Doc: getTransactionList | | Boost: 0.25 | Matched: ['chờ duyệt']
2026-01-05 10:42:10 | DEBUG    | log:153 | [classify_query_intent] Ambiguous: 'Gửi tiết kiệm online, danh sác...' | Scores: {'Tra cứu giao dịch theo trạng thái': 1, 'Tra cứu giao dịch theo loại giao dịch': 1, 'Tra cứu giao dịch theo kênh giao dịch': 1, 'getTransactionList | Tra cứu giao dịch đang chờ xử lý hoặc chờ duyệt': 1, 'getTransactionList | Tra cứu giao dịch chờ duyệt theo số tài khoản nguồn': 1, 'getTransactionList | Tra cứu giao dịch chờ duyệt theo khoảng thời gian': 1, 'getTransactionList | Tra cứu giao dịch chờ duyệt theo loại giao dịch': 1, 'getTransactionList | Tra cứu giao dịch chờ duyệt theo số tiền hoặc hạn mức': 1}
2026-01-05 10:42:10 | DEBUG    | log:153 | [normalize_query] 'Chuyển nhanh 24/7, những lệnh nào chưa h...' -> 'Chuyển nhanh 24/7, những lệnh nào chưa h...'
2026-01-05 10:42:10 | DEBUG    | log:153 | [perform_hybrid_search] query_text: [Chuyển nhanh 24/7, những lệnh nào chưa hoàn tất?] - formatted_query: [Chuyển nhanh 24/7, những lệnh nào chưa hoàn tất] - normalized_query: [Chuyển nhanh 24/7, những lệnh nào chưa hoàn tất]
2026-01-05 10:42:10 | DEBUG    | log:153 | [perform_hybrid_search] BM25 raw scores: min=0.3939, max=29.8188
2026-01-05 10:42:10 | DEBUG    | log:153 | [get_keyword_boost] Query: 'Chuyển nhanh 24/7, những lệnh ...' | Doc: Tra cứu giao dịch th | Boost: 0.25 | Matched: ['hoàn tất']
2026-01-05 10:42:10 | DEBUG    | log:153 | [classify_query_intent] Classified: 'Chuyển nhanh 24/7, những lệnh ...' -> Tra cứu giao dịch theo trạng t (score=1)
2026-01-05 10:42:10 | DEBUG    | log:153 | [normalize_query] 'Ngân sách nhà nước, liệt kê các giao dịc...' -> 'Ngân sách nhà nước, liệt kê các giao dịc...'
2026-01-05 10:42:10 | DEBUG    | log:153 | [perform_hybrid_search] query_text: [Ngân sách nhà nước, liệt kê các giao dịch nộp chưa duyệt.] - formatted_query: [Ngân sách nhà nước, liệt kê các giao dịch nộp chưa duyệt] - normalized_query: [Ngân sách nhà nước, liệt kê các giao dịch nộp chưa duyệt]
2026-01-05 10:42:10 | DEBUG    | log:153 | [perform_hybrid_search] BM25 raw scores: min=0.0786, max=32.2174
2026-01-05 10:42:10 | DEBUG    | log:153 | [classify_query_intent] No keyword matches found in: 'Ngân sách nhà nước, liệt kê các giao dịch nộp chưa'
2026-01-05 10:42:10 | DEBUG    | log:153 | [normalize_query] 'Chưa được duyệt, tìm các giao dịch vé má...' -> 'Chưa được duyệt, tìm các giao dịch vé má...'
2026-01-05 10:42:10 | DEBUG    | log:153 | [perform_hybrid_search] query_text: [Chưa được duyệt, tìm các giao dịch vé máy bay.] - formatted_query: [Chưa được duyệt, tìm các giao dịch vé máy bay] - normalized_query: [Chưa được duyệt, tìm các giao dịch vé máy bay]
2026-01-05 10:42:10 | DEBUG    | log:153 | [perform_hybrid_search] BM25 raw scores: min=0.1049, max=20.0560
2026-01-05 10:42:10 | DEBUG    | log:153 | [get_keyword_boost] Query: 'Chưa được duyệt, tìm các giao ...' | Doc: getTransactionList | | Boost: 0.25 | Matched: ['chưa được duyệt']
2026-01-05 10:42:10 | DEBUG    | log:153 | [classify_query_intent] Classified: 'Chưa được duyệt, tìm các giao ...' -> getTransactionList | Tra cứu g (score=1)
2026-01-05 10:42:10 | DEBUG    | log:153 | [normalize_query] 'Tất toán sổ tiết kiệm, xem danh sách đan...' -> 'Tất toán sổ tiết kiệm, xem danh sách đan...'
2026-01-05 10:42:10 | DEBUG    | log:153 | [perform_hybrid_search] query_text: [Tất toán sổ tiết kiệm, xem danh sách đang chờ.] - formatted_query: [Tất toán sổ tiết kiệm, xem danh sách đang chờ] - normalized_query: [Tất toán sổ tiết kiệm, xem danh sách đang chờ]
2026-01-05 10:42:10 | DEBUG    | log:153 | [perform_hybrid_search] BM25 raw scores: min=0.0268, max=39.6962
2026-01-05 10:42:10 | DEBUG    | log:153 | [get_keyword_boost] Query: 'Tất toán sổ tiết kiệm, xem dan...' | Doc: Tra cứu giao dịch th | Boost: 0.25 | Matched: ['chờ']
2026-01-05 10:42:10 | DEBUG    | log:153 | [get_keyword_boost] Query: 'Tất toán sổ tiết kiệm, xem dan...' | Doc: getTransactionList | | Boost: 0.25 | Matched: ['đang chờ']
2026-01-05 10:42:10 | DEBUG    | log:153 | [classify_query_intent] Ambiguous: 'Tất toán sổ tiết kiệm, xem dan...' | Scores: {'Tra cứu giao dịch theo trạng thái': 1, 'getTransactionList | Tra cứu giao dịch đang chờ xử lý hoặc chờ duyệt': 1}
2026-01-05 10:42:10 | DEBUG    | log:153 | [normalize_query] 'Phí cảng biển, hiển thị giao dịch chưa p...' -> 'Phí cảng biển, hiển thị giao dịch chưa p...'
2026-01-05 10:42:10 | DEBUG    | log:153 | [perform_hybrid_search] query_text: [Phí cảng biển, hiển thị giao dịch chưa phê duyệt.] - formatted_query: [Phí cảng biển, hiển thị giao dịch chưa phê duyệt] - normalized_query: [Phí cảng biển, hiển thị giao dịch chưa phê duyệt]
2026-01-05 10:42:10 | DEBUG    | log:153 | [perform_hybrid_search] BM25 raw scores: min=0.0786, max=40.8477
2026-01-05 10:42:10 | DEBUG    | log:153 | [get_keyword_boost] Query: 'Phí cảng biển, hiển thị giao d...' | Doc: Tra cứu giao dịch th | Boost: 0.25 | Matched: ['phê duyệt']
2026-01-05 10:42:10 | DEBUG    | log:153 | [get_keyword_boost] Query: 'Phí cảng biển, hiển thị giao d...' | Doc: Tra cứu phí giao dịc | Boost: 0.25 | Matched: ['phí']
2026-01-05 10:42:10 | DEBUG    | log:153 | [classify_query_intent] Ambiguous: 'Phí cảng biển, hiển thị giao d...' | Scores: {'Tra cứu giao dịch theo trạng thái': 1, 'Tra cứu phí giao dịch': 1}
2026-01-05 10:42:10 | DEBUG    | log:153 | [normalize_query] 'Trích nợ tự động, có cái nào đang bị tre...' -> 'Trích nợ tự động, có cái nào đang bị tre...'
2026-01-05 10:42:10 | DEBUG    | log:153 | [perform_hybrid_search] query_text: [Trích nợ tự động, có cái nào đang bị treo không?] - formatted_query: [Trích nợ tự động, có cái nào đang bị treo không] - normalized_query: [Trích nợ tự động, có cái nào đang bị treo không]
2026-01-05 10:42:10 | DEBUG    | log:153 | [perform_hybrid_search] BM25 raw scores: min=0.0000, max=26.9791
2026-01-05 10:42:10 | DEBUG    | log:153 | [classify_query_intent] No keyword matches found in: 'Trích nợ tự động, có cái nào đang bị treo không'
2026-01-05 10:42:10 | DEBUG    | log:153 | [normalize_query] 'Tiền hàng nhà cung cấp, cho xem các lệnh...' -> 'Tiền hàng nhà cung cấp, cho xem các lệnh...'
2026-01-05 10:42:10 | DEBUG    | log:153 | [perform_hybrid_search] query_text: [Tiền hàng nhà cung cấp, cho xem các lệnh chưa xử lý.] - formatted_query: [Tiền hàng nhà cung cấp, cho xem các lệnh chưa xử lý] - normalized_query: [Tiền hàng nhà cung cấp, cho xem các lệnh chưa xử lý]
2026-01-05 10:42:10 | DEBUG    | log:153 | [perform_hybrid_search] BM25 raw scores: min=0.0262, max=21.9052
2026-01-05 10:42:10 | DEBUG    | log:153 | [get_keyword_boost] Query: 'Tiền hàng nhà cung cấp, cho xe...' | Doc: Tra cứu giao dịch th | Boost: 0.25 | Matched: ['xử lý']
2026-01-05 10:42:10 | DEBUG    | log:153 | [classify_query_intent] Classified: 'Tiền hàng nhà cung cấp, cho xe...' -> Tra cứu giao dịch theo trạng t (score=1)
2026-01-05 10:42:10 | DEBUG    | log:153 | [normalize_query] 'Chuyển tiền theo lô, liệt kê tất cả....' -> 'Chuyển tiền theo lô, liệt kê tất cả...'
2026-01-05 10:42:10 | DEBUG    | log:153 | [perform_hybrid_search] query_text: [Chuyển tiền theo lô, liệt kê tất cả.] - formatted_query: [Chuyển tiền theo lô, liệt kê tất cả] - normalized_query: [Chuyển tiền theo lô, liệt kê tất cả]
2026-01-05 10:42:10 | DEBUG    | log:153 | [perform_hybrid_search] BM25 raw scores: min=0.7115, max=34.2302
2026-01-05 10:42:10 | DEBUG    | log:153 | [get_keyword_boost] Query: 'Chuyển tiền theo lô, liệt kê t...' | Doc: Tra cứu giao dịch th | Boost: 0.25 | Matched: ['chuyển tiền']
2026-01-05 10:42:10 | DEBUG    | log:153 | [get_keyword_boost] Query: 'Chuyển tiền theo lô, liệt kê t...' | Doc: Tra cứu giao dịch ch | Boost: 0.25 | Matched: ['chuyển tiền']
2026-01-05 10:42:10 | DEBUG    | log:153 | [get_keyword_boost] Query: 'Chuyển tiền theo lô, liệt kê t...' | Doc: getTransactionList | | Boost: 0.25 | Matched: ['tất cả']
2026-01-05 10:42:10 | DEBUG    | log:153 | [get_keyword_boost] Query: 'Chuyển tiền theo lô, liệt kê t...' | Doc: getTransactionList | | Boost: 0.25 | Matched: ['chuyển tiền']
2026-01-05 10:42:10 | DEBUG    | log:153 | [classify_query_intent] Ambiguous: 'Chuyển tiền theo lô, liệt kê t...' | Scores: {'Tra cứu giao dịch theo loại giao dịch': 1, 'Tra cứu giao dịch chuyển tiền': 1, 'getTransactionList | Tra cứu giao dịch đang chờ xử lý hoặc chờ duyệt': 1, 'getTransactionList | Tra cứu giao dịch chờ duyệt theo loại giao dịch': 1}
2026-01-05 10:42:10 | DEBUG    | log:153 | [normalize_query] 'Chứng khoán, kiểm tra xem có lệnh chuyển...' -> 'Chứng khoán, kiểm tra xem có lệnh chuyển...'
2026-01-05 10:42:10 | DEBUG    | log:153 | [perform_hybrid_search] query_text: [Chứng khoán, kiểm tra xem có lệnh chuyển tiền nào pending.] - formatted_query: [Chứng khoán, kiểm tra xem có lệnh chuyển tiền nào pending] - normalized_query: [Chứng khoán, kiểm tra xem có lệnh chuyển tiền nào pending]
2026-01-05 10:42:10 | DEBUG    | log:153 | [perform_hybrid_search] BM25 raw scores: min=0.8727, max=31.6352
2026-01-05 10:42:10 | DEBUG    | log:153 | [get_keyword_boost] Query: 'Chứng khoán, kiểm tra xem có l...' | Doc: Tra cứu giao dịch th | Boost: 0.25 | Matched: ['chuyển tiền']
2026-01-05 10:42:10 | DEBUG    | log:153 | [get_keyword_boost] Query: 'Chứng khoán, kiểm tra xem có l...' | Doc: Tra cứu giao dịch ch | Boost: 0.25 | Matched: ['chuyển tiền']
2026-01-05 10:42:10 | DEBUG    | log:153 | [get_keyword_boost] Query: 'Chứng khoán, kiểm tra xem có l...' | Doc: getTransactionList | | Boost: 0.25 | Matched: ['pending']
2026-01-05 10:42:10 | DEBUG    | log:153 | [get_keyword_boost] Query: 'Chứng khoán, kiểm tra xem có l...' | Doc: getTransactionList | | Boost: 0.25 | Matched: ['pending']
2026-01-05 10:42:10 | DEBUG    | log:153 | [get_keyword_boost] Query: 'Chứng khoán, kiểm tra xem có l...' | Doc: getTransactionList | | Boost: 0.25 | Matched: ['pending']
2026-01-05 10:42:10 | DEBUG    | log:153 | [get_keyword_boost] Query: 'Chứng khoán, kiểm tra xem có l...' | Doc: getTransactionList | | Boost: 0.50 | Matched: ['pending', 'chuyển tiền']
2026-01-05 10:42:10 | DEBUG    | log:153 | [get_keyword_boost] Query: 'Chứng khoán, kiểm tra xem có l...' | Doc: getTransactionList | | Boost: 0.25 | Matched: ['pending']
2026-01-05 10:42:10 | DEBUG    | log:153 | [classify_query_intent] Classified: 'Chứng khoán, kiểm tra xem có l...' -> getTransactionList | Tra cứu g (score=2)
2026-01-05 10:42:10 | DEBUG    | log:153 | [normalize_query] 'Hoàn tiền khách hàng, tìm các giao dịch ...' -> 'Hoàn tiền khách hàng, tìm các giao dịch ...'
2026-01-05 10:42:10 | DEBUG    | log:153 | [perform_hybrid_search] query_text: [Hoàn tiền khách hàng, tìm các giao dịch chưa duyệt.] - formatted_query: [Hoàn tiền khách hàng, tìm các giao dịch chưa duyệt] - normalized_query: [Hoàn tiền khách hàng, tìm các giao dịch chưa duyệt]
2026-01-05 10:42:10 | DEBUG    | log:153 | [perform_hybrid_search] BM25 raw scores: min=0.4352, max=21.7723
2026-01-05 10:42:10 | DEBUG    | log:153 | [classify_query_intent] No keyword matches found in: 'Hoàn tiền khách hàng, tìm các giao dịch chưa duyệt'
2026-01-05 10:42:10 | DEBUG    | log:153 | [normalize_query] 'Học phí, danh sách thanh toán đang chờ x...' -> 'Học phí, danh sách thanh toán đang chờ x...'
2026-01-05 10:42:10 | DEBUG    | log:153 | [perform_hybrid_search] query_text: [Học phí, danh sách thanh toán đang chờ xử lý là gì?] - formatted_query: [Học phí, danh sách thanh toán đang chờ xử lý là gì] - normalized_query: [Học phí, danh sách thanh toán đang chờ xử lý là gì]
2026-01-05 10:42:10 | DEBUG    | log:153 | [perform_hybrid_search] BM25 raw scores: min=0.2683, max=37.4065
2026-01-05 10:42:10 | DEBUG    | log:153 | [get_keyword_boost] Query: 'Học phí, danh sách thanh toán ...' | Doc: Tra cứu giao dịch th | Boost: 0.50 | Matched: ['xử lý', 'chờ']
2026-01-05 10:42:10 | DEBUG    | log:153 | [get_keyword_boost] Query: 'Học phí, danh sách thanh toán ...' | Doc: Tra cứu giao dịch th | Boost: 0.25 | Matched: ['thanh toán']
2026-01-05 10:42:10 | DEBUG    | log:153 | [get_keyword_boost] Query: 'Học phí, danh sách thanh toán ...' | Doc: Tra cứu giao dịch th | Boost: 0.50 | Matched: ['thanh toán', 'học phí']
2026-01-05 10:42:10 | DEBUG    | log:153 | [get_keyword_boost] Query: 'Học phí, danh sách thanh toán ...' | Doc: Tra cứu phí giao dịc | Boost: 0.25 | Matched: ['phí']
2026-01-05 10:42:10 | DEBUG    | log:153 | [get_keyword_boost] Query: 'Học phí, danh sách thanh toán ...' | Doc: getTransactionList | | Boost: 0.50 | Matched: ['chờ xử lý', 'đang chờ']
2026-01-05 10:42:10 | DEBUG    | log:153 | [get_keyword_boost] Query: 'Học phí, danh sách thanh toán ...' | Doc: getTransactionList | | Boost: 0.25 | Matched: ['chờ xử lý']
2026-01-05 10:42:10 | DEBUG    | log:153 | [get_keyword_boost] Query: 'Học phí, danh sách thanh toán ...' | Doc: getTransactionList | | Boost: 0.25 | Matched: ['chờ xử lý']
2026-01-05 10:42:10 | DEBUG    | log:153 | [get_keyword_boost] Query: 'Học phí, danh sách thanh toán ...' | Doc: getTransactionList | | Boost: 0.50 | Matched: ['chờ xử lý', 'thanh toán']
2026-01-05 10:42:10 | DEBUG    | log:153 | [get_keyword_boost] Query: 'Học phí, danh sách thanh toán ...' | Doc: getTransactionList | | Boost: 0.25 | Matched: ['chờ xử lý']
2026-01-05 10:42:10 | DEBUG    | log:153 | [classify_query_intent] Ambiguous: 'Học phí, danh sách thanh toán ...' | Scores: {'Tra cứu giao dịch theo trạng thái': 2, 'Tra cứu giao dịch theo loại giao dịch': 1, 'Tra cứu giao dịch thanh toán hóa đơn': 2, 'Tra cứu phí giao dịch': 1, 'getTransactionList | Tra cứu giao dịch đang chờ xử lý hoặc chờ duyệt': 2, 'getTransactionList | Tra cứu giao dịch chờ duyệt theo số tài khoản nguồn': 1, 'getTransactionList | Tra cứu giao dịch chờ duyệt theo khoảng thời gian': 1, 'getTransactionList | Tra cứu giao dịch chờ duyệt theo loại giao dịch': 2, 'getTransactionList | Tra cứu giao dịch chờ duyệt theo số tiền hoặc hạn mức': 1}
2026-01-05 10:42:10 | DEBUG    | log:153 | [normalize_query] 'Chi tạm ứng, tôi muốn xem các giao dịch ...' -> 'Chi tạm ứng, tôi muốn xem các giao dịch ...'
2026-01-05 10:42:10 | DEBUG    | log:153 | [perform_hybrid_search] query_text: [Chi tạm ứng, tôi muốn xem các giao dịch chờ duyệt.] - formatted_query: [Chi tạm ứng, tôi muốn xem các giao dịch chờ duyệt] - normalized_query: [Chi tạm ứng, tôi muốn xem các giao dịch chờ duyệt]
2026-01-05 10:42:10 | DEBUG    | log:153 | [perform_hybrid_search] BM25 raw scores: min=0.0804, max=22.0887
2026-01-05 10:42:10 | DEBUG    | log:153 | [get_keyword_boost] Query: 'Chi tạm ứng, tôi muốn xem các ...' | Doc: Tra cứu giao dịch th | Boost: 0.25 | Matched: ['chờ']
2026-01-05 10:42:10 | DEBUG    | log:153 | [get_keyword_boost] Query: 'Chi tạm ứng, tôi muốn xem các ...' | Doc: getTransactionList | | Boost: 0.25 | Matched: ['chờ duyệt']
2026-01-05 10:42:10 | DEBUG    | log:153 | [get_keyword_boost] Query: 'Chi tạm ứng, tôi muốn xem các ...' | Doc: getTransactionList | | Boost: 0.25 | Matched: ['chờ duyệt']
2026-01-05 10:42:10 | DEBUG    | log:153 | [get_keyword_boost] Query: 'Chi tạm ứng, tôi muốn xem các ...' | Doc: getTransactionList | | Boost: 0.25 | Matched: ['chờ duyệt']
2026-01-05 10:42:10 | DEBUG    | log:153 | [get_keyword_boost] Query: 'Chi tạm ứng, tôi muốn xem các ...' | Doc: getTransactionList | | Boost: 0.25 | Matched: ['chờ duyệt']
2026-01-05 10:42:10 | DEBUG    | log:153 | [get_keyword_boost] Query: 'Chi tạm ứng, tôi muốn xem các ...' | Doc: getTransactionList | | Boost: 0.25 | Matched: ['chờ duyệt']
2026-01-05 10:42:10 | DEBUG    | log:153 | [classify_query_intent] Ambiguous: 'Chi tạm ứng, tôi muốn xem các ...' | Scores: {'Tra cứu giao dịch theo trạng thái': 1, 'getTransactionList | Tra cứu giao dịch đang chờ xử lý hoặc chờ duyệt': 1, 'getTransactionList | Tra cứu giao dịch chờ duyệt theo số tài khoản nguồn': 1, 'getTransactionList | Tra cứu giao dịch chờ duyệt theo khoảng thời gian': 1, 'getTransactionList | Tra cứu giao dịch chờ duyệt theo loại giao dịch': 1, 'getTransactionList | Tra cứu giao dịch chờ duyệt theo số tiền hoặc hạn mức': 1}
2026-01-05 10:42:10 | DEBUG    | log:153 | [normalize_query] 'Hóa đơn internet, hãy lọc ra các giao dị...' -> 'Hóa đơn internet, hãy lọc ra các giao dị...'
2026-01-05 10:42:10 | DEBUG    | log:153 | [perform_hybrid_search] query_text: [Hóa đơn internet, hãy lọc ra các giao dịch chưa hoàn tất.] - formatted_query: [Hóa đơn internet, hãy lọc ra các giao dịch chưa hoàn tất] - normalized_query: [Hóa đơn internet, hãy lọc ra các giao dịch chưa hoàn tất]
2026-01-05 10:42:10 | DEBUG    | log:153 | [perform_hybrid_search] BM25 raw scores: min=0.3916, max=25.0413
2026-01-05 10:42:10 | DEBUG    | log:153 | [get_keyword_boost] Query: 'Hóa đơn internet, hãy lọc ra c...' | Doc: Tra cứu giao dịch th | Boost: 0.25 | Matched: ['hoàn tất']
2026-01-05 10:42:10 | DEBUG    | log:153 | [get_keyword_boost] Query: 'Hóa đơn internet, hãy lọc ra c...' | Doc: Tra cứu giao dịch th | Boost: 0.25 | Matched: ['hóa đơn']
2026-01-05 10:42:10 | DEBUG    | log:153 | [classify_query_intent] Ambiguous: 'Hóa đơn internet, hãy lọc ra c...' | Scores: {'Tra cứu giao dịch theo trạng thái': 1, 'Tra cứu giao dịch thanh toán hóa đơn': 1}
2026-01-05 10:42:11 | DEBUG    | log:153 | [normalize_query] 'liệt kê toàn bộ giao dịch thanh toans hó...' -> 'Liệt kê toàn bộ giao dịch thanh toans hó...'
2026-01-05 10:42:11 | DEBUG    | log:153 | [perform_hybrid_search] query_text: [liệt kê toàn bộ giao dịch thanh toans hóa đơn] - formatted_query: [Liệt kê toàn bộ giao dịch thanh toans hóa đơn] - normalized_query: [Liệt kê toàn bộ giao dịch thanh toans hóa đơn]
2026-01-05 10:42:11 | DEBUG    | log:153 | [perform_hybrid_search] BM25 raw scores: min=0.4023, max=52.4558
2026-01-05 10:42:11 | DEBUG    | log:153 | [get_keyword_boost] Query: 'Liệt kê toàn bộ giao dịch than...' | Doc: Tra cứu giao dịch th | Boost: 0.25 | Matched: ['hóa đơn']
2026-01-05 10:42:11 | DEBUG    | log:153 | [get_keyword_boost] Query: 'Liệt kê toàn bộ giao dịch than...' | Doc: getTransactionList | | Boost: 0.25 | Matched: ['toàn bộ']
2026-01-05 10:42:11 | DEBUG    | log:153 | [classify_query_intent] Ambiguous: 'Liệt kê toàn bộ giao dịch than...' | Scores: {'Tra cứu giao dịch thanh toán hóa đơn': 1, 'getTransactionList | Tra cứu giao dịch đang chờ xử lý hoặc chờ duyệt': 1}
2026-01-05 10:42:11 | DEBUG    | log:153 | [normalize_query] 'có giao dịch thẻ nào đang pendin không...' -> 'Có giao dịch thẻ nào đang pendin không...'
2026-01-05 10:42:11 | DEBUG    | log:153 | [perform_hybrid_search] query_text: [có giao dịch thẻ nào đang pendin không] - formatted_query: [Có giao dịch thẻ nào đang pendin không] - normalized_query: [Có giao dịch thẻ nào đang pendin không]
2026-01-05 10:42:11 | DEBUG    | log:153 | [perform_hybrid_search] BM25 raw scores: min=0.0786, max=39.5370
2026-01-05 10:42:11 | DEBUG    | log:153 | [get_keyword_boost] Query: 'Có giao dịch thẻ nào đang pend...' | Doc: Tra cứu giao dịch th | Boost: 0.25 | Matched: ['thẻ']
2026-01-05 10:42:11 | DEBUG    | log:153 | [get_keyword_boost] Query: 'Có giao dịch thẻ nào đang pend...' | Doc: getTransactionList | | Boost: 0.50 | Matched: ['thẻ', 'giao dịch thẻ']
2026-01-05 10:42:11 | DEBUG    | log:153 | [classify_query_intent] Classified: 'Có giao dịch thẻ nào đang pend...' -> getTransactionList | Tra cứu g (score=2)
2026-01-05 10:42:11 | DEBUG    | log:153 | [normalize_query] 'hiển thị danh sách chuyên khoan chưa hoà...' -> 'Hiển thị danh sách chuyên khoan chưa hoà...'
2026-01-05 10:42:11 | DEBUG    | log:153 | [perform_hybrid_search] query_text: [hiển thị danh sách chuyên khoan chưa hoàn tất] - formatted_query: [Hiển thị danh sách chuyên khoan chưa hoàn tất] - normalized_query: [Hiển thị danh sách chuyên khoan chưa hoàn tất]
2026-01-05 10:42:11 | DEBUG    | log:153 | [perform_hybrid_search] BM25 raw scores: min=0.9083, max=43.3065
2026-01-05 10:42:11 | DEBUG    | log:153 | [get_keyword_boost] Query: 'Hiển thị danh sách chuyên khoa...' | Doc: Tra cứu giao dịch th | Boost: 0.25 | Matched: ['hoàn tất']
2026-01-05 10:42:11 | DEBUG    | log:153 | [classify_query_intent] Classified: 'Hiển thị danh sách chuyên khoa...' -> Tra cứu giao dịch theo trạng t (score=1)
2026-01-05 10:42:11 | DEBUG    | log:153 | [normalize_query] 'tôi muốn xem tất cả giao dịch thanh toán...' -> 'Tôi muốn xem tất cả giao dịch thanh toán...'
2026-01-05 10:42:11 | DEBUG    | log:153 | [perform_hybrid_search] query_text: [tôi muốn xem tất cả giao dịch thanh toán đang chò xử lý] - formatted_query: [Tôi muốn xem tất cả giao dịch thanh toán đang chò xử lý] - normalized_query: [Tôi muốn xem tất cả giao dịch thanh toán đang chò xử lý]
2026-01-05 10:42:11 | DEBUG    | log:153 | [perform_hybrid_search] BM25 raw scores: min=0.3487, max=62.7631
2026-01-05 10:42:11 | DEBUG    | log:153 | [get_keyword_boost] Query: 'Tôi muốn xem tất cả giao dịch ...' | Doc: Tra cứu giao dịch th | Boost: 0.25 | Matched: ['xử lý']
2026-01-05 10:42:11 | DEBUG    | log:153 | [get_keyword_boost] Query: 'Tôi muốn xem tất cả giao dịch ...' | Doc: Tra cứu giao dịch th | Boost: 0.25 | Matched: ['thanh toán']
2026-01-05 10:42:11 | DEBUG    | log:153 | [get_keyword_boost] Query: 'Tôi muốn xem tất cả giao dịch ...' | Doc: Tra cứu giao dịch th | Boost: 0.25 | Matched: ['thanh toán']
2026-01-05 10:42:11 | DEBUG    | log:153 | [get_keyword_boost] Query: 'Tôi muốn xem tất cả giao dịch ...' | Doc: getTransactionList | | Boost: 0.25 | Matched: ['tất cả']
2026-01-05 10:42:11 | DEBUG    | log:153 | [get_keyword_boost] Query: 'Tôi muốn xem tất cả giao dịch ...' | Doc: getTransactionList | | Boost: 0.25 | Matched: ['thanh toán']
2026-01-05 10:42:11 | DEBUG    | log:153 | [classify_query_intent] Ambiguous: 'Tôi muốn xem tất cả giao dịch ...' | Scores: {'Tra cứu giao dịch theo trạng thái': 1, 'Tra cứu giao dịch theo loại giao dịch': 1, 'Tra cứu giao dịch thanh toán hóa đơn': 1, 'getTransactionList | Tra cứu giao dịch đang chờ xử lý hoặc chờ duyệt': 1, 'getTransactionList | Tra cứu giao dịch chờ duyệt theo loại giao dịch': 1}
2026-01-05 10:42:11 | DEBUG    | log:153 | [normalize_query] 'các lệnh mua bán ngoai te nao chua duoc ...' -> 'Các lệnh mua bán ngoai te nao chua duoc ...'
2026-01-05 10:42:11 | DEBUG    | log:153 | [perform_hybrid_search] query_text: [các lệnh mua bán ngoai te nao chua duoc duyet] - formatted_query: [Các lệnh mua bán ngoai te nao chua duoc duyet] - normalized_query: [Các lệnh mua bán ngoai te nao chua duoc duyet]
2026-01-05 10:42:11 | DEBUG    | log:153 | [perform_hybrid_search] BM25 raw scores: min=0.0000, max=12.0216
2026-01-05 10:42:11 | DEBUG    | log:153 | [classify_query_intent] No keyword matches found in: 'Các lệnh mua bán ngoai te nao chua duoc duyet'
2026-01-05 10:42:11 | DEBUG    | log:153 | [normalize_query] 'cho biết giao dịch thẻ tin dung nào chưa...' -> 'Cho biết giao dịch thẻ tin dung nào chưa...'
2026-01-05 10:42:11 | DEBUG    | log:153 | [perform_hybrid_search] query_text: [cho biết giao dịch thẻ tin dung nào chưa phê duyệt] - formatted_query: [Cho biết giao dịch thẻ tin dung nào chưa phê duyệt] - normalized_query: [Cho biết giao dịch thẻ tin dung nào chưa phê duyệt]
2026-01-05 10:42:11 | DEBUG    | log:153 | [perform_hybrid_search] BM25 raw scores: min=0.1311, max=45.9170
2026-01-05 10:42:11 | DEBUG    | log:153 | [get_keyword_boost] Query: 'Cho biết giao dịch thẻ tin dun...' | Doc: Tra cứu giao dịch th | Boost: 0.25 | Matched: ['phê duyệt']
2026-01-05 10:42:11 | DEBUG    | log:153 | [get_keyword_boost] Query: 'Cho biết giao dịch thẻ tin dun...' | Doc: Tra cứu giao dịch th | Boost: 0.25 | Matched: ['thẻ']
2026-01-05 10:42:11 | DEBUG    | log:153 | [get_keyword_boost] Query: 'Cho biết giao dịch thẻ tin dun...' | Doc: getTransactionList | | Boost: 0.50 | Matched: ['thẻ', 'giao dịch thẻ']
2026-01-05 10:42:11 | DEBUG    | log:153 | [classify_query_intent] Classified: 'Cho biết giao dịch thẻ tin dun...' -> getTransactionList | Tra cứu g (score=2)
2026-01-05 10:42:11 | DEBUG    | log:153 | [normalize_query] 'liệt kê các giao dịch thanh toan hóa đơn...' -> 'Liệt kê các giao dịch thanh toan hóa đơn...'
2026-01-05 10:42:11 | DEBUG    | log:153 | [perform_hybrid_search] query_text: [liệt kê các giao dịch thanh toan hóa đơn bị treo] - formatted_query: [Liệt kê các giao dịch thanh toan hóa đơn bị treo] - normalized_query: [Liệt kê các giao dịch thanh toan hóa đơn bị treo]
2026-01-05 10:42:11 | DEBUG    | log:153 | [perform_hybrid_search] BM25 raw scores: min=0.4023, max=64.0485
2026-01-05 10:42:11 | DEBUG    | log:153 | [get_keyword_boost] Query: 'Liệt kê các giao dịch thanh to...' | Doc: Tra cứu giao dịch th | Boost: 0.25 | Matched: ['hóa đơn']
2026-01-05 10:42:11 | DEBUG    | log:153 | [classify_query_intent] Classified: 'Liệt kê các giao dịch thanh to...' -> Tra cứu giao dịch thanh toán h (score=1)
2026-01-05 10:42:11 | DEBUG    | log:153 | [normalize_query] 'xem toàn bộ giao dịch chuyển tiên chưa d...' -> 'Xem toàn bộ giao dịch chuyển tiên chưa d...'
2026-01-05 10:42:11 | DEBUG    | log:153 | [perform_hybrid_search] query_text: [xem toàn bộ giao dịch chuyển tiên chưa duyệt] - formatted_query: [Xem toàn bộ giao dịch chuyển tiên chưa duyệt] - normalized_query: [Xem toàn bộ giao dịch chuyển tiên chưa duyệt]
2026-01-05 10:42:11 | DEBUG    | log:153 | [perform_hybrid_search] BM25 raw scores: min=0.7811, max=49.2157
2026-01-05 10:42:11 | DEBUG    | log:153 | [get_keyword_boost] Query: 'Xem toàn bộ giao dịch chuyển t...' | Doc: getTransactionList | | Boost: 0.25 | Matched: ['toàn bộ']
2026-01-05 10:42:11 | DEBUG    | log:153 | [classify_query_intent] Classified: 'Xem toàn bộ giao dịch chuyển t...' -> getTransactionList | Tra cứu g (score=1)
2026-01-05 10:42:11 | DEBUG    | log:153 | [normalize_query] 'có giao dịch nào thuộc loại thanh toan b...' -> 'Có giao dịch nào thuộc loại thanh toan b...'
2026-01-05 10:42:11 | DEBUG    | log:153 | [perform_hybrid_search] query_text: [có giao dịch nào thuộc loại thanh toan bảo hiêm không] - formatted_query: [Có giao dịch nào thuộc loại thanh toan bảo hiêm không] - normalized_query: [Có giao dịch nào thuộc loại thanh toan bảo hiêm không]
2026-01-05 10:42:11 | DEBUG    | log:153 | [perform_hybrid_search] BM25 raw scores: min=0.3129, max=47.6299
2026-01-05 10:42:11 | DEBUG    | log:153 | [classify_query_intent] No keyword matches found in: 'Có giao dịch nào thuộc loại thanh toan bảo hiêm kh'
2026-01-05 10:42:11 | DEBUG    | log:153 | [normalize_query] 'hiển thị các lệnh nạp tiên điện thoại ch...' -> 'Hiển thị các lệnh nạp tiên điện thoại ch...'
2026-01-05 10:42:11 | DEBUG    | log:153 | [perform_hybrid_search] query_text: [hiển thị các lệnh nạp tiên điện thoại chưa xử lý] - formatted_query: [Hiển thị các lệnh nạp tiên điện thoại chưa xử lý] - normalized_query: [Hiển thị các lệnh nạp tiên điện thoại chưa xử lý]
2026-01-05 10:42:11 | DEBUG    | log:153 | [perform_hybrid_search] BM25 raw scores: min=0.0262, max=29.2969
2026-01-05 10:42:11 | DEBUG    | log:153 | [get_keyword_boost] Query: 'Hiển thị các lệnh nạp tiên điệ...' | Doc: Tra cứu giao dịch th | Boost: 0.25 | Matched: ['xử lý']
2026-01-05 10:42:11 | DEBUG    | log:153 | [classify_query_intent] Classified: 'Hiển thị các lệnh nạp tiên điệ...' -> Tra cứu giao dịch theo trạng t (score=1)
2026-01-05 10:42:11 | DEBUG    | log:153 | [normalize_query] 'xem ds giao dịch fí cảng biển chưa fê du...' -> 'Xem ds giao dịch fí cảng biển chưa fê du...'
2026-01-05 10:42:11 | DEBUG    | log:153 | [perform_hybrid_search] query_text: [xem ds giao dịch fí cảng biển chưa fê duyệt] - formatted_query: [Xem ds giao dịch fí cảng biển chưa fê duyệt] - normalized_query: [Xem ds giao dịch fí cảng biển chưa fê duyệt]
2026-01-05 10:42:11 | DEBUG    | log:153 | [perform_hybrid_search] BM25 raw scores: min=0.0786, max=8.6107
2026-01-05 10:42:11 | DEBUG    | log:153 | [classify_query_intent] No keyword matches found in: 'Xem ds giao dịch fí cảng biển chưa fê duyệt'
2026-01-05 10:42:11 | DEBUG    | log:153 | [normalize_query] 'có gd nào đang chờ zuyệt ko...' -> 'Có gd nào đang chờ zuyệt ko...'
2026-01-05 10:42:11 | DEBUG    | log:153 | [perform_hybrid_search] query_text: [có gd nào đang chờ zuyệt ko] - formatted_query: [Có gd nào đang chờ zuyệt ko] - normalized_query: [Có gd nào đang chờ zuyệt ko]
2026-01-05 10:42:11 | DEBUG    | log:153 | [perform_hybrid_search] BM25 raw scores: min=0.0000, max=23.7597
2026-01-05 10:42:11 | DEBUG    | log:153 | [get_keyword_boost] Query: 'Có gd nào đang chờ zuyệt ko...' | Doc: Tra cứu giao dịch th | Boost: 0.25 | Matched: ['chờ']
2026-01-05 10:42:11 | DEBUG    | log:153 | [get_keyword_boost] Query: 'Có gd nào đang chờ zuyệt ko...' | Doc: getTransactionList | | Boost: 0.25 | Matched: ['đang chờ']
2026-01-05 10:42:11 | DEBUG    | log:153 | [classify_query_intent] Ambiguous: 'Có gd nào đang chờ zuyệt ko...' | Scores: {'Tra cứu giao dịch theo trạng thái': 1, 'getTransactionList | Tra cứu giao dịch đang chờ xử lý hoặc chờ duyệt': 1}
2026-01-05 10:42:11 | DEBUG    | log:153 | [normalize_query] 'list các lệnh chuyển tìn chưa xong...' -> 'List các lệnh chuyển tìn chưa xong...'
2026-01-05 10:42:11 | DEBUG    | log:153 | [perform_hybrid_search] query_text: [list các lệnh chuyển tìn chưa xong] - formatted_query: [List các lệnh chuyển tìn chưa xong] - normalized_query: [List các lệnh chuyển tìn chưa xong]
2026-01-05 10:42:11 | DEBUG    | log:153 | [perform_hybrid_search] BM25 raw scores: min=0.2064, max=8.9812
2026-01-05 10:42:11 | DEBUG    | log:153 | [classify_query_intent] No keyword matches found in: 'List các lệnh chuyển tìn chưa xong'
2026-01-05 10:42:11 | DEBUG    | log:153 | [normalize_query] 'kiểm tra hóa đơn điện nước đang waiting ...' -> 'Kiểm tra hóa đơn điện nước đang waiting ...'
2026-01-05 10:42:11 | DEBUG    | log:153 | [perform_hybrid_search] query_text: [kiểm tra hóa đơn điện nước đang waiting chưa duyệtt] - formatted_query: [Kiểm tra hóa đơn điện nước đang waiting chưa duyệtt] - normalized_query: [Kiểm tra hóa đơn điện nước đang waiting chưa duyệtt]
2026-01-05 10:42:11 | DEBUG    | log:153 | [perform_hybrid_search] BM25 raw scores: min=0.0568, max=25.1326
2026-01-05 10:42:11 | DEBUG    | log:153 | [get_keyword_boost] Query: 'Kiểm tra hóa đơn điện nước đan...' | Doc: Tra cứu giao dịch th | Boost: 0.25 | Matched: ['hóa đơn']
2026-01-05 10:42:11 | DEBUG    | log:153 | [classify_query_intent] Classified: 'Kiểm tra hóa đơn điện nước đan...' -> Tra cứu giao dịch thanh toán h (score=1)
2026-01-05 10:42:11 | DEBUG    | log:153 | [normalize_query] 'các lệnh gửi tk online nào chưa dc duyet...' -> 'Các lệnh gửi tk online nào chưa dc duyet...'
2026-01-05 10:42:11 | DEBUG    | log:153 | [perform_hybrid_search] query_text: [các lệnh gửi tk online nào chưa dc duyet] - formatted_query: [Các lệnh gửi tk online nào chưa dc duyet] - normalized_query: [Các lệnh gửi tk online nào chưa dc duyet]
2026-01-05 10:42:11 | DEBUG    | log:153 | [perform_hybrid_search] BM25 raw scores: min=0.0000, max=19.0701
2026-01-05 10:42:11 | DEBUG    | log:153 | [get_keyword_boost] Query: 'Các lệnh gửi tk online nào chư...' | Doc: Tra cứu lịch sử giao | Boost: 0.25 | Matched: ['tk']
2026-01-05 10:42:11 | DEBUG    | log:153 | [get_keyword_boost] Query: 'Các lệnh gửi tk online nào chư...' | Doc: Tra cứu giao dịch th | Boost: 0.25 | Matched: ['online']
2026-01-05 10:42:11 | DEBUG    | log:153 | [classify_query_intent] Ambiguous: 'Các lệnh gửi tk online nào chư...' | Scores: {'Tra cứu lịch sử giao dịch theo số tài khoản': 1, 'Tra cứu giao dịch theo kênh giao dịch': 1}
2026-01-05 10:42:11 | DEBUG    | log:153 | [normalize_query] 'xem trjang thai các gd nạp ví đang pendi...' -> 'Xem trjang thai các gd nạp ví đang pendi...'
2026-01-05 10:42:11 | DEBUG    | log:153 | [perform_hybrid_search] query_text: [xem trjang thai các gd nạp ví đang pending] - formatted_query: [Xem trjang thai các gd nạp ví đang pending] - normalized_query: [Xem trjang thai các gd nạp ví đang pending]
2026-01-05 10:42:11 | DEBUG    | log:153 | [perform_hybrid_search] BM25 raw scores: min=0.0000, max=12.1467
2026-01-05 10:42:11 | DEBUG    | log:153 | [get_keyword_boost] Query: 'Xem trjang thai các gd nạp ví ...' | Doc: getTransactionList | | Boost: 0.25 | Matched: ['pending']
2026-01-05 10:42:11 | DEBUG    | log:153 | [get_keyword_boost] Query: 'Xem trjang thai các gd nạp ví ...' | Doc: getTransactionList | | Boost: 0.25 | Matched: ['pending']
2026-01-05 10:42:11 | DEBUG    | log:153 | [get_keyword_boost] Query: 'Xem trjang thai các gd nạp ví ...' | Doc: getTransactionList | | Boost: 0.25 | Matched: ['pending']
2026-01-05 10:42:11 | DEBUG    | log:153 | [get_keyword_boost] Query: 'Xem trjang thai các gd nạp ví ...' | Doc: getTransactionList | | Boost: 0.25 | Matched: ['pending']
2026-01-05 10:42:11 | DEBUG    | log:153 | [get_keyword_boost] Query: 'Xem trjang thai các gd nạp ví ...' | Doc: getTransactionList | | Boost: 0.25 | Matched: ['pending']
2026-01-05 10:42:11 | DEBUG    | log:153 | [classify_query_intent] Ambiguous: 'Xem trjang thai các gd nạp ví ...' | Scores: {'getTransactionList | Tra cứu giao dịch đang chờ xử lý hoặc chờ duyệt': 1, 'getTransactionList | Tra cứu giao dịch chờ duyệt theo số tài khoản nguồn': 1, 'getTransactionList | Tra cứu giao dịch chờ duyệt theo khoảng thời gian': 1, 'getTransactionList | Tra cứu giao dịch chờ duyệt theo loại giao dịch': 1, 'getTransactionList | Tra cứu giao dịch chờ duyệt theo số tiền hoặc hạn mức': 1}
2026-01-05 10:42:11 | DEBUG    | log:153 | [normalize_query] 'hiển thị ds các lệnh thanh toán lãi vay ...' -> 'Hiển thị ds các lệnh thanh toán lãi vay ...'
2026-01-05 10:42:11 | DEBUG    | log:153 | [perform_hybrid_search] query_text: [hiển thị ds các lệnh thanh toán lãi vay chưa duyêut] - formatted_query: [Hiển thị ds các lệnh thanh toán lãi vay chưa duyêut] - normalized_query: [Hiển thị ds các lệnh thanh toán lãi vay chưa duyêut]
2026-01-05 10:42:11 | DEBUG    | log:153 | [perform_hybrid_search] BM25 raw scores: min=0.2683, max=21.0307
2026-01-05 10:42:11 | DEBUG    | log:153 | [get_keyword_boost] Query: 'Hiển thị ds các lệnh thanh toá...' | Doc: Tra cứu giao dịch th | Boost: 0.25 | Matched: ['thanh toán']
2026-01-05 10:42:11 | DEBUG    | log:153 | [get_keyword_boost] Query: 'Hiển thị ds các lệnh thanh toá...' | Doc: Tra cứu giao dịch th | Boost: 0.25 | Matched: ['thanh toán']
2026-01-05 10:42:11 | DEBUG    | log:153 | [get_keyword_boost] Query: 'Hiển thị ds các lệnh thanh toá...' | Doc: getTransactionList | | Boost: 0.25 | Matched: ['thanh toán']
2026-01-05 10:42:11 | DEBUG    | log:153 | [classify_query_intent] Ambiguous: 'Hiển thị ds các lệnh thanh toá...' | Scores: {'Tra cứu giao dịch theo loại giao dịch': 1, 'Tra cứu giao dịch thanh toán hóa đơn': 1, 'getTransactionList | Tra cứu giao dịch chờ duyệt theo loại giao dịch': 1}
2026-01-05 10:42:11 | DEBUG    | log:153 | [normalize_query] 'liệt kê các gd quét mã QR đang chờ xlý...' -> 'Liệt kê các gd quét mã qr đang chờ xlý...'
2026-01-05 10:42:11 | DEBUG    | log:153 | [perform_hybrid_search] query_text: [liệt kê các gd quét mã QR đang chờ xlý] - formatted_query: [Liệt kê các gd quét mã qr đang chờ xlý] - normalized_query: [Liệt kê các gd quét mã qr đang chờ xlý]
2026-01-05 10:42:11 | DEBUG    | log:153 | [perform_hybrid_search] BM25 raw scores: min=0.0228, max=22.8827
2026-01-05 10:42:11 | DEBUG    | log:153 | [get_keyword_boost] Query: 'Liệt kê các gd quét mã qr đang...' | Doc: Tra cứu giao dịch th | Boost: 0.25 | Matched: ['chờ']
2026-01-05 10:42:11 | DEBUG    | log:153 | [get_keyword_boost] Query: 'Liệt kê các gd quét mã qr đang...' | Doc: Tra cứu chi tiết một | Boost: 0.25 | Matched: ['mã']
2026-01-05 10:42:11 | DEBUG    | log:153 | [get_keyword_boost] Query: 'Liệt kê các gd quét mã qr đang...' | Doc: getTransactionList | | Boost: 0.25 | Matched: ['đang chờ']
2026-01-05 10:42:11 | DEBUG    | log:153 | [classify_query_intent] Ambiguous: 'Liệt kê các gd quét mã qr đang...' | Scores: {'Tra cứu giao dịch theo trạng thái': 1, 'Tra cứu chi tiết một giao dịch cụ thể': 1, 'getTransactionList | Tra cứu giao dịch đang chờ xử lý hoặc chờ duyệt': 1}
2026-01-05 10:42:11 | DEBUG    | log:153 | [normalize_query] 'cho tôi danh sách ck định kỳ chưa thực h...' -> 'Cho tôi danh sách ck định kỳ chưa thực h...'
2026-01-05 10:42:11 | DEBUG    | log:153 | [perform_hybrid_search] query_text: [cho tôi danh sách ck định kỳ chưa thực hiện do chờ duyet] - formatted_query: [Cho tôi danh sách ck định kỳ chưa thực hiện do chờ duyet] - normalized_query: [Cho tôi danh sách ck định kỳ chưa thực hiện do chờ duyet]
2026-01-05 10:42:11 | DEBUG    | log:153 | [perform_hybrid_search] BM25 raw scores: min=0.1914, max=23.3475
2026-01-05 10:42:11 | DEBUG    | log:153 | [get_keyword_boost] Query: 'Cho tôi danh sách ck định kỳ c...' | Doc: Tra cứu giao dịch th | Boost: 0.25 | Matched: ['chờ']
2026-01-05 10:42:11 | DEBUG    | log:153 | [get_keyword_boost] Query: 'Cho tôi danh sách ck định kỳ c...' | Doc: Tra cứu giao dịch ch | Boost: 0.25 | Matched: ['ck']
2026-01-05 10:42:11 | DEBUG    | log:153 | [classify_query_intent] Ambiguous: 'Cho tôi danh sách ck định kỳ c...' | Scores: {'Tra cứu giao dịch theo trạng thái': 1, 'Tra cứu giao dịch chuyển tiền': 1}
2026-01-05 10:42:11 | DEBUG    | log:153 | [normalize_query] 'có lệnh tất toán sổ nào đang bị cheo ko...' -> 'Có lệnh tất toán sổ nào đang bị cheo ko...'
2026-01-05 10:42:11 | DEBUG    | log:153 | [perform_hybrid_search] query_text: [có lệnh tất toán sổ nào đang bị cheo ko] - formatted_query: [Có lệnh tất toán sổ nào đang bị cheo ko] - normalized_query: [Có lệnh tất toán sổ nào đang bị cheo ko]
2026-01-05 10:42:11 | DEBUG    | log:153 | [perform_hybrid_search] BM25 raw scores: min=0.0142, max=25.8201
2026-01-05 10:42:11 | DEBUG    | log:153 | [classify_query_intent] No keyword matches found in: 'Có lệnh tất toán sổ nào đang bị cheo ko'
2026-01-05 10:42:11 | DEBUG    | log:153 | [normalize_query] 'Cho tôi xem danh sách các giao dịch trên...' -> 'Cho tôi xem danh sách các giao dịch trên...'
2026-01-05 10:42:11 | DEBUG    | log:153 | [perform_hybrid_search] query_text: [Cho tôi xem danh sách các giao dịch trên 200 triệu đang chờ duyệt.] - formatted_query: [Cho tôi xem danh sách các giao dịch trên 200 triệu đang chờ duyệt] - normalized_query: [Cho tôi xem danh sách các giao dịch trên 200 triệu đang chờ duyệt]
2026-01-05 10:42:11 | DEBUG    | log:153 | [perform_hybrid_search] BM25 raw scores: min=0.0786, max=50.5809
2026-01-05 10:42:11 | DEBUG    | log:153 | [get_keyword_boost] Query: 'Cho tôi xem danh sách các giao...' | Doc: Tra cứu giao dịch th | Boost: 0.50 | Matched: ['trên', 'triệu']
2026-01-05 10:42:11 | DEBUG    | log:153 | [get_keyword_boost] Query: 'Cho tôi xem danh sách các giao...' | Doc: Tra cứu giao dịch th | Boost: 0.25 | Matched: ['chờ']
2026-01-05 10:42:11 | DEBUG    | log:153 | [get_keyword_boost] Query: 'Cho tôi xem danh sách các giao...' | Doc: getTransactionList | | Boost: 0.50 | Matched: ['chờ duyệt', 'đang chờ']
2026-01-05 10:42:11 | DEBUG    | log:153 | [get_keyword_boost] Query: 'Cho tôi xem danh sách các giao...' | Doc: getTransactionList | | Boost: 0.25 | Matched: ['chờ duyệt']
2026-01-05 10:42:11 | DEBUG    | log:153 | [get_keyword_boost] Query: 'Cho tôi xem danh sách các giao...' | Doc: getTransactionList | | Boost: 0.25 | Matched: ['chờ duyệt']
2026-01-05 10:42:11 | DEBUG    | log:153 | [get_keyword_boost] Query: 'Cho tôi xem danh sách các giao...' | Doc: getTransactionList | | Boost: 0.25 | Matched: ['chờ duyệt']
2026-01-05 10:42:11 | DEBUG    | log:153 | [get_keyword_boost] Query: 'Cho tôi xem danh sách các giao...' | Doc: getTransactionList | | Boost: 0.75 | Matched: ['chờ duyệt', 'trên', 'triệu']
2026-01-05 10:42:11 | DEBUG    | log:153 | [classify_query_intent] Classified: 'Cho tôi xem danh sách các giao...' -> getTransactionList | Tra cứu g (score=3)
2026-01-05 10:42:11 | DEBUG    | log:153 | [normalize_query] 'Liệt kê các lệnh chuyển tiền có giá trị ...' -> 'Liệt kê các lệnh chuyển tiền có giá trị ...'
2026-01-05 10:42:11 | DEBUG    | log:153 | [perform_hybrid_search] query_text: [Liệt kê các lệnh chuyển tiền có giá trị từ 50 triệu đến 100 triệu chưa hoàn tất.] - formatted_query: [Liệt kê các lệnh chuyển tiền có giá trị từ 50 triệu đến 100 triệu chưa hoàn tất] - normalized_query: [Liệt kê các lệnh chuyển tiền có giá trị từ 50 triệu đến 100 triệu chưa hoàn tất]
2026-01-05 10:42:11 | DEBUG    | log:153 | [perform_hybrid_search] BM25 raw scores: min=1.0156, max=71.8763
2026-01-05 10:42:11 | DEBUG    | log:153 | [get_keyword_boost] Query: 'Liệt kê các lệnh chuyển tiền c...' | Doc: Tra cứu giao dịch th | Boost: 0.50 | Matched: ['triệu', 'giá trị']
2026-01-05 10:42:11 | DEBUG    | log:153 | [get_keyword_boost] Query: 'Liệt kê các lệnh chuyển tiền c...' | Doc: Tra cứu giao dịch th | Boost: 0.25 | Matched: ['hoàn tất']
2026-01-05 10:42:11 | DEBUG    | log:153 | [get_keyword_boost] Query: 'Liệt kê các lệnh chuyển tiền c...' | Doc: Tra cứu giao dịch th | Boost: 0.25 | Matched: ['chuyển tiền']
2026-01-05 10:42:11 | DEBUG    | log:153 | [get_keyword_boost] Query: 'Liệt kê các lệnh chuyển tiền c...' | Doc: Tra cứu giao dịch ch | Boost: 0.25 | Matched: ['chuyển tiền']
2026-01-05 10:42:11 | DEBUG    | log:153 | [get_keyword_boost] Query: 'Liệt kê các lệnh chuyển tiền c...' | Doc: getTransactionList | | Boost: 0.25 | Matched: ['chuyển tiền']
2026-01-05 10:42:11 | DEBUG    | log:153 | [get_keyword_boost] Query: 'Liệt kê các lệnh chuyển tiền c...' | Doc: getTransactionList | | Boost: 0.75 | Matched: ['giá trị', 'từ', 'triệu']
2026-01-05 10:42:11 | DEBUG    | log:153 | [classify_query_intent] Classified: 'Liệt kê các lệnh chuyển tiền c...' -> getTransactionList | Tra cứu g (score=3)
2026-01-05 10:42:11 | DEBUG    | log:153 | [normalize_query] 'Có giao dịch nào vượt hạn mức 1 tỷ đang ...' -> 'Có giao dịch nào vượt hạn mức 1 tỷ đang ...'
2026-01-05 10:42:11 | DEBUG    | log:153 | [perform_hybrid_search] query_text: [Có giao dịch nào vượt hạn mức 1 tỷ đang pending trong hệ thống không?] - formatted_query: [Có giao dịch nào vượt hạn mức 1 tỷ đang pending trong hệ thống không] - normalized_query: [Có giao dịch nào vượt hạn mức 1 tỷ đang pending trong hệ thống không]
2026-01-05 10:42:11 | DEBUG    | log:153 | [perform_hybrid_search] BM25 raw scores: min=0.1049, max=56.3913
2026-01-05 10:42:11 | DEBUG    | log:153 | [get_keyword_boost] Query: 'Có giao dịch nào vượt hạn mức ...' | Doc: getTransactionList | | Boost: 0.25 | Matched: ['pending']
2026-01-05 10:42:11 | DEBUG    | log:153 | [get_keyword_boost] Query: 'Có giao dịch nào vượt hạn mức ...' | Doc: getTransactionList | | Boost: 0.25 | Matched: ['pending']
2026-01-05 10:42:11 | DEBUG    | log:153 | [get_keyword_boost] Query: 'Có giao dịch nào vượt hạn mức ...' | Doc: getTransactionList | | Boost: 0.50 | Matched: ['pending', 'trong']
2026-01-05 10:42:11 | DEBUG    | log:153 | [get_keyword_boost] Query: 'Có giao dịch nào vượt hạn mức ...' | Doc: getTransactionList | | Boost: 0.25 | Matched: ['pending']
2026-01-05 10:42:11 | DEBUG    | log:153 | [get_keyword_boost] Query: 'Có giao dịch nào vượt hạn mức ...' | Doc: getTransactionList | | Boost: 0.75 | Matched: ['pending', 'hạn mức', 'tỷ']
2026-01-05 10:42:11 | DEBUG    | log:153 | [classify_query_intent] Classified: 'Có giao dịch nào vượt hạn mức ...' -> getTransactionList | Tra cứu g (score=3)
2026-01-05 10:42:11 | DEBUG    | log:153 | [normalize_query] 'Hiển thị toàn bộ các lệnh thanh toán trê...' -> 'Hiển thị toàn bộ các lệnh thanh toán trê...'
2026-01-05 10:42:11 | DEBUG    | log:153 | [perform_hybrid_search] query_text: [Hiển thị toàn bộ các lệnh thanh toán trên 500 triệu chưa được phê duyệt.] - formatted_query: [Hiển thị toàn bộ các lệnh thanh toán trên 500 triệu chưa được phê duyệt] - normalized_query: [Hiển thị toàn bộ các lệnh thanh toán trên 500 triệu chưa được phê duyệt]
2026-01-05 10:42:11 | DEBUG    | log:153 | [perform_hybrid_search] BM25 raw scores: min=0.2683, max=71.7841
2026-01-05 10:42:11 | DEBUG    | log:153 | [get_keyword_boost] Query: 'Hiển thị toàn bộ các lệnh than...' | Doc: Tra cứu giao dịch th | Boost: 0.50 | Matched: ['trên', 'triệu']
2026-01-05 10:42:11 | DEBUG    | log:153 | [get_keyword_boost] Query: 'Hiển thị toàn bộ các lệnh than...' | Doc: Tra cứu giao dịch th | Boost: 0.25 | Matched: ['phê duyệt']
2026-01-05 10:42:11 | DEBUG    | log:153 | [get_keyword_boost] Query: 'Hiển thị toàn bộ các lệnh than...' | Doc: Tra cứu giao dịch th | Boost: 0.25 | Matched: ['thanh toán']
2026-01-05 10:42:11 | DEBUG    | log:153 | [get_keyword_boost] Query: 'Hiển thị toàn bộ các lệnh than...' | Doc: Tra cứu giao dịch th | Boost: 0.25 | Matched: ['thanh toán']
2026-01-05 10:42:11 | DEBUG    | log:153 | [get_keyword_boost] Query: 'Hiển thị toàn bộ các lệnh than...' | Doc: getTransactionList | | Boost: 0.50 | Matched: ['chưa được phê duyệt', 'toàn bộ']
2026-01-05 10:42:11 | DEBUG    | log:153 | [get_keyword_boost] Query: 'Hiển thị toàn bộ các lệnh than...' | Doc: getTransactionList | | Boost: 0.25 | Matched: ['thanh toán']
2026-01-05 10:42:11 | DEBUG    | log:153 | [get_keyword_boost] Query: 'Hiển thị toàn bộ các lệnh than...' | Doc: getTransactionList | | Boost: 0.50 | Matched: ['trên', 'triệu']
2026-01-05 10:42:11 | DEBUG    | log:153 | [classify_query_intent] Ambiguous: 'Hiển thị toàn bộ các lệnh than...' | Scores: {'Tra cứu giao dịch theo số tiền': 2, 'Tra cứu giao dịch theo trạng thái': 1, 'Tra cứu giao dịch theo loại giao dịch': 1, 'Tra cứu giao dịch thanh toán hóa đơn': 1, 'getTransactionList | Tra cứu giao dịch đang chờ xử lý hoặc chờ duyệt': 2, 'getTransactionList | Tra cứu giao dịch chờ duyệt theo loại giao dịch': 1, 'getTransactionList | Tra cứu giao dịch chờ duyệt theo số tiền hoặc hạn mức': 2}
2026-01-05 10:42:11 | DEBUG    | log:153 | [normalize_query] 'Tôi muốn kiểm tra các giao dịch giá trị ...' -> 'Tôi muốn kiểm tra các giao dịch giá trị ...'
2026-01-05 10:42:11 | DEBUG    | log:153 | [perform_hybrid_search] query_text: [Tôi muốn kiểm tra các giao dịch giá trị nhỏ dưới 1 triệu đang chờ xử lý.] - formatted_query: [Tôi muốn kiểm tra các giao dịch giá trị nhỏ dưới 1 triệu đang chờ xử lý] - normalized_query: [Tôi muốn kiểm tra các giao dịch giá trị nhỏ dưới 1 triệu đang chờ xử lý]
2026-01-05 10:42:11 | DEBUG    | log:153 | [perform_hybrid_search] BM25 raw scores: min=0.1049, max=49.1073
2026-01-05 10:42:11 | DEBUG    | log:153 | [get_keyword_boost] Query: 'Tôi muốn kiểm tra các giao dịc...' | Doc: Tra cứu giao dịch th | Boost: 0.75 | Matched: ['triệu', 'giá trị', 'dưới']
2026-01-05 10:42:11 | DEBUG    | log:153 | [get_keyword_boost] Query: 'Tôi muốn kiểm tra các giao dịc...' | Doc: Tra cứu giao dịch th | Boost: 0.50 | Matched: ['xử lý', 'chờ']
2026-01-05 10:42:11 | DEBUG    | log:153 | [get_keyword_boost] Query: 'Tôi muốn kiểm tra các giao dịc...' | Doc: getTransactionList | | Boost: 0.50 | Matched: ['chờ xử lý', 'đang chờ']
2026-01-05 10:42:11 | DEBUG    | log:153 | [get_keyword_boost] Query: 'Tôi muốn kiểm tra các giao dịc...' | Doc: getTransactionList | | Boost: 0.25 | Matched: ['chờ xử lý']
2026-01-05 10:42:11 | DEBUG    | log:153 | [get_keyword_boost] Query: 'Tôi muốn kiểm tra các giao dịc...' | Doc: getTransactionList | | Boost: 0.25 | Matched: ['chờ xử lý']
2026-01-05 10:42:11 | DEBUG    | log:153 | [get_keyword_boost] Query: 'Tôi muốn kiểm tra các giao dịc...' | Doc: getTransactionList | | Boost: 0.25 | Matched: ['chờ xử lý']
2026-01-05 10:42:11 | DEBUG    | log:153 | [get_keyword_boost] Query: 'Tôi muốn kiểm tra các giao dịc...' | Doc: getTransactionList | | Boost: 0.75 | Matched: ['chờ xử lý', 'giá trị', 'triệu']
2026-01-05 10:42:11 | DEBUG    | log:153 | [classify_query_intent] Ambiguous: 'Tôi muốn kiểm tra các giao dịc...' | Scores: {'Tra cứu giao dịch theo số tiền': 3, 'Tra cứu giao dịch theo trạng thái': 2, 'getTransactionList | Tra cứu giao dịch đang chờ xử lý hoặc chờ duyệt': 2, 'getTransactionList | Tra cứu giao dịch chờ duyệt theo số tài khoản nguồn': 1, 'getTransactionList | Tra cứu giao dịch chờ duyệt theo khoảng thời gian': 1, 'getTransactionList | Tra cứu giao dịch chờ duyệt theo loại giao dịch': 1, 'getTransactionList | Tra cứu giao dịch chờ duyệt theo số tiền hoặc hạn mức': 3}
2026-01-05 10:42:11 | DEBUG    | log:153 | [normalize_query] 'Lọc ra các giao dịch doanh nghiệp trên 5...' -> 'Lọc ra các giao dịch doanh nghiệp trên 5...'
2026-01-05 10:42:11 | DEBUG    | log:153 | [perform_hybrid_search] query_text: [Lọc ra các giao dịch doanh nghiệp trên 5 tỷ đang chờ checker phê duyệt.] - formatted_query: [Lọc ra các giao dịch doanh nghiệp trên 5 tỷ đang chờ checker phê duyệt] - normalized_query: [Lọc ra các giao dịch doanh nghiệp trên 5 tỷ đang chờ checker phê duyệt]
2026-01-05 10:42:11 | DEBUG    | log:153 | [perform_hybrid_search] BM25 raw scores: min=0.1835, max=24.1481
2026-01-05 10:42:11 | DEBUG    | log:153 | [get_keyword_boost] Query: 'Lọc ra các giao dịch doanh ngh...' | Doc: Tra cứu giao dịch th | Boost: 0.25 | Matched: ['trên']
2026-01-05 10:42:11 | DEBUG    | log:153 | [get_keyword_boost] Query: 'Lọc ra các giao dịch doanh ngh...' | Doc: Tra cứu giao dịch th | Boost: 0.50 | Matched: ['chờ', 'phê duyệt']
2026-01-05 10:42:11 | DEBUG    | log:153 | [get_keyword_boost] Query: 'Lọc ra các giao dịch doanh ngh...' | Doc: Tra cứu giao dịch ch | Boost: 0.25 | Matched: ['ck']
2026-01-05 10:42:11 | DEBUG    | log:153 | [get_keyword_boost] Query: 'Lọc ra các giao dịch doanh ngh...' | Doc: getTransactionList | | Boost: 0.25 | Matched: ['đang chờ']
2026-01-05 10:42:11 | DEBUG    | log:153 | [get_keyword_boost] Query: 'Lọc ra các giao dịch doanh ngh...' | Doc: getTransactionList | | Boost: 0.50 | Matched: ['trên', 'tỷ']
2026-01-05 10:42:11 | DEBUG    | log:153 | [classify_query_intent] Ambiguous: 'Lọc ra các giao dịch doanh ngh...' | Scores: {'Tra cứu giao dịch theo số tiền': 1, 'Tra cứu giao dịch theo trạng thái': 2, 'Tra cứu giao dịch chuyển tiền': 1, 'getTransactionList | Tra cứu giao dịch đang chờ xử lý hoặc chờ duyệt': 1, 'getTransactionList | Tra cứu giao dịch chờ duyệt theo số tiền hoặc hạn mức': 2}
2026-01-05 10:42:11 | DEBUG    | log:153 | [normalize_query] 'Các lệnh chuyển khoản nào trên 30 triệu ...' -> 'Các lệnh chuyển khoản nào trên 30 triệu ...'
2026-01-05 10:42:11 | DEBUG    | log:153 | [perform_hybrid_search] query_text: [Các lệnh chuyển khoản nào trên 30 triệu hiện vẫn chưa được duyệt?] - formatted_query: [Các lệnh chuyển khoản nào trên 30 triệu hiện vẫn chưa được duyệt] - normalized_query: [Các lệnh chuyển khoản nào trên 30 triệu hiện vẫn chưa được duyệt]
2026-01-05 10:42:11 | DEBUG    | log:153 | [perform_hybrid_search] BM25 raw scores: min=0.3830, max=33.3124
2026-01-05 10:42:11 | DEBUG    | log:153 | [get_keyword_boost] Query: 'Các lệnh chuyển khoản nào trên...' | Doc: Tra cứu giao dịch th | Boost: 0.50 | Matched: ['trên', 'triệu']
2026-01-05 10:42:11 | DEBUG    | log:153 | [get_keyword_boost] Query: 'Các lệnh chuyển khoản nào trên...' | Doc: Tra cứu giao dịch ch | Boost: 0.25 | Matched: ['chuyển khoản']
2026-01-05 10:42:11 | DEBUG    | log:153 | [get_keyword_boost] Query: 'Các lệnh chuyển khoản nào trên...' | Doc: getTransactionList | | Boost: 0.25 | Matched: ['chưa được duyệt']
2026-01-05 10:42:11 | DEBUG    | log:153 | [get_keyword_boost] Query: 'Các lệnh chuyển khoản nào trên...' | Doc: getTransactionList | | Boost: 0.25 | Matched: ['chuyển khoản']
2026-01-05 10:42:11 | DEBUG    | log:153 | [get_keyword_boost] Query: 'Các lệnh chuyển khoản nào trên...' | Doc: getTransactionList | | Boost: 0.50 | Matched: ['trên', 'triệu']
2026-01-05 10:42:11 | DEBUG    | log:153 | [classify_query_intent] Ambiguous: 'Các lệnh chuyển khoản nào trên...' | Scores: {'Tra cứu giao dịch theo số tiền': 2, 'Tra cứu giao dịch chuyển tiền': 1, 'getTransactionList | Tra cứu giao dịch đang chờ xử lý hoặc chờ duyệt': 1, 'getTransactionList | Tra cứu giao dịch chờ duyệt theo loại giao dịch': 1, 'getTransactionList | Tra cứu giao dịch chờ duyệt theo số tiền hoặc hạn mức': 2}
2026-01-05 10:42:11 | DEBUG    | log:153 | [normalize_query] 'Cho biết những giao dịch nào có số tiền ...' -> 'Cho biết những giao dịch nào có số tiền ...'
2026-01-05 10:42:11 | DEBUG    | log:153 | [perform_hybrid_search] query_text: [Cho biết những giao dịch nào có số tiền lớn hơn 100 triệu đang bị treo.] - formatted_query: [Cho biết những giao dịch nào có số tiền lớn hơn 100 triệu đang bị treo] - normalized_query: [Cho biết những giao dịch nào có số tiền lớn hơn 100 triệu đang bị treo]
2026-01-05 10:42:11 | DEBUG    | log:153 | [perform_hybrid_search] BM25 raw scores: min=0.1835, max=52.6288
2026-01-05 10:42:11 | DEBUG    | log:153 | [get_keyword_boost] Query: 'Cho biết những giao dịch nào c...' | Doc: Tra cứu giao dịch th | Boost: 0.25 | Matched: ['triệu']
2026-01-05 10:42:11 | DEBUG    | log:153 | [get_keyword_boost] Query: 'Cho biết những giao dịch nào c...' | Doc: getTransactionList | | Boost: 0.75 | Matched: ['số tiền', 'triệu', 'lớn hơn']
2026-01-05 10:42:11 | DEBUG    | log:153 | [classify_query_intent] Classified: 'Cho biết những giao dịch nào c...' -> getTransactionList | Tra cứu g (score=3)
2026-01-05 10:42:11 | DEBUG    | log:153 | [normalize_query] 'Xem danh sách các khoản chi tiêu trên 20...' -> 'Xem danh sách các khoản chi tiêu trên 20...'
2026-01-05 10:42:11 | DEBUG    | log:153 | [perform_hybrid_search] query_text: [Xem danh sách các khoản chi tiêu trên 20 triệu chưa được xử lý.] - formatted_query: [Xem danh sách các khoản chi tiêu trên 20 triệu chưa được xử lý] - normalized_query: [Xem danh sách các khoản chi tiêu trên 20 triệu chưa được xử lý]
2026-01-05 10:42:11 | DEBUG    | log:153 | [perform_hybrid_search] BM25 raw scores: min=0.1649, max=39.3411
2026-01-05 10:42:11 | DEBUG    | log:153 | [get_keyword_boost] Query: 'Xem danh sách các khoản chi ti...' | Doc: Tra cứu giao dịch th | Boost: 0.50 | Matched: ['trên', 'triệu']
2026-01-05 10:42:11 | DEBUG    | log:153 | [get_keyword_boost] Query: 'Xem danh sách các khoản chi ti...' | Doc: Tra cứu giao dịch th | Boost: 0.25 | Matched: ['xử lý']
2026-01-05 10:42:11 | DEBUG    | log:153 | [get_keyword_boost] Query: 'Xem danh sách các khoản chi ti...' | Doc: getTransactionList | | Boost: 0.50 | Matched: ['trên', 'triệu']
2026-01-05 10:42:11 | DEBUG    | log:153 | [classify_query_intent] Ambiguous: 'Xem danh sách các khoản chi ti...' | Scores: {'Tra cứu giao dịch theo số tiền': 2, 'Tra cứu giao dịch theo trạng thái': 1, 'getTransactionList | Tra cứu giao dịch chờ duyệt theo số tiền hoặc hạn mức': 2}
2026-01-05 10:42:11 | DEBUG    | log:153 | [normalize_query] 'Có lệnh chuyển tiền ngoại tệ nào quy đổi...' -> 'Có lệnh chuyển tiền ngoại tệ nào quy đổi...'
2026-01-05 10:42:11 | DEBUG    | log:153 | [perform_hybrid_search] query_text: [Có lệnh chuyển tiền ngoại tệ nào quy đổi trên 1000 USD đang pending không?] - formatted_query: [Có lệnh chuyển tiền ngoại tệ nào quy đổi trên 1000 usd đang pending không] - normalized_query: [Có lệnh chuyển tiền ngoại tệ nào quy đổi trên 1000 usd đang pending không]
2026-01-05 10:42:11 | DEBUG    | log:153 | [perform_hybrid_search] BM25 raw scores: min=0.6853, max=33.9769
2026-01-05 10:42:11 | DEBUG    | log:153 | [get_keyword_boost] Query: 'Có lệnh chuyển tiền ngoại tệ n...' | Doc: Tra cứu giao dịch th | Boost: 0.25 | Matched: ['trên']
2026-01-05 10:42:11 | DEBUG    | log:153 | [get_keyword_boost] Query: 'Có lệnh chuyển tiền ngoại tệ n...' | Doc: Tra cứu giao dịch th | Boost: 0.25 | Matched: ['chuyển tiền']
2026-01-05 10:42:11 | DEBUG    | log:153 | [get_keyword_boost] Query: 'Có lệnh chuyển tiền ngoại tệ n...' | Doc: Tra cứu giao dịch ch | Boost: 0.25 | Matched: ['chuyển tiền']
2026-01-05 10:42:11 | DEBUG    | log:153 | [get_keyword_boost] Query: 'Có lệnh chuyển tiền ngoại tệ n...' | Doc: getTransactionList | | Boost: 0.25 | Matched: ['pending']
2026-01-05 10:42:11 | DEBUG    | log:153 | [get_keyword_boost] Query: 'Có lệnh chuyển tiền ngoại tệ n...' | Doc: getTransactionList | | Boost: 0.25 | Matched: ['pending']
2026-01-05 10:42:11 | DEBUG    | log:153 | [get_keyword_boost] Query: 'Có lệnh chuyển tiền ngoại tệ n...' | Doc: getTransactionList | | Boost: 0.25 | Matched: ['pending']
2026-01-05 10:42:11 | DEBUG    | log:153 | [get_keyword_boost] Query: 'Có lệnh chuyển tiền ngoại tệ n...' | Doc: getTransactionList | | Boost: 0.50 | Matched: ['pending', 'chuyển tiền']
2026-01-05 10:42:11 | DEBUG    | log:153 | [get_keyword_boost] Query: 'Có lệnh chuyển tiền ngoại tệ n...' | Doc: getTransactionList | | Boost: 0.50 | Matched: ['pending', 'trên']
2026-01-05 10:42:11 | DEBUG    | log:153 | [classify_query_intent] Ambiguous: 'Có lệnh chuyển tiền ngoại tệ n...' | Scores: {'Tra cứu giao dịch theo số tiền': 1, 'Tra cứu giao dịch theo loại giao dịch': 1, 'Tra cứu giao dịch chuyển tiền': 1, 'getTransactionList | Tra cứu giao dịch đang chờ xử lý hoặc chờ duyệt': 1, 'getTransactionList | Tra cứu giao dịch chờ duyệt theo số tài khoản nguồn': 1, 'getTransactionList | Tra cứu giao dịch chờ duyệt theo khoảng thời gian': 1, 'getTransactionList | Tra cứu giao dịch chờ duyệt theo loại giao dịch': 2, 'getTransactionList | Tra cứu giao dịch chờ duyệt theo số tiền hoặc hạn mức': 2}
2026-01-05 10:42:11 | DEBUG    | log:153 | [normalize_query] 'Hiển thị các giao dịch lương trên 2 tỷ đ...' -> 'Hiển thị các giao dịch lương trên 2 tỷ đ...'
2026-01-05 10:42:11 | DEBUG    | log:153 | [perform_hybrid_search] query_text: [Hiển thị các giao dịch lương trên 2 tỷ đang chờ phê duyệt.] - formatted_query: [Hiển thị các giao dịch lương trên 2 tỷ đang chờ phê duyệt] - normalized_query: [Hiển thị các giao dịch lương trên 2 tỷ đang chờ phê duyệt]
2026-01-05 10:42:11 | DEBUG    | log:153 | [perform_hybrid_search] BM25 raw scores: min=0.0786, max=39.5741
2026-01-05 10:42:11 | DEBUG    | log:153 | [get_keyword_boost] Query: 'Hiển thị các giao dịch lương t...' | Doc: Tra cứu giao dịch th | Boost: 0.25 | Matched: ['trên']
2026-01-05 10:42:11 | DEBUG    | log:153 | [get_keyword_boost] Query: 'Hiển thị các giao dịch lương t...' | Doc: Tra cứu giao dịch th | Boost: 0.50 | Matched: ['chờ', 'phê duyệt']
2026-01-05 10:42:11 | DEBUG    | log:153 | [get_keyword_boost] Query: 'Hiển thị các giao dịch lương t...' | Doc: getTransactionList | | Boost: 0.50 | Matched: ['chờ phê duyệt', 'đang chờ']
2026-01-05 10:42:11 | DEBUG    | log:153 | [get_keyword_boost] Query: 'Hiển thị các giao dịch lương t...' | Doc: getTransactionList | | Boost: 0.50 | Matched: ['trên', 'tỷ']
2026-01-05 10:42:11 | DEBUG    | log:153 | [classify_query_intent] Ambiguous: 'Hiển thị các giao dịch lương t...' | Scores: {'Tra cứu giao dịch theo số tiền': 1, 'Tra cứu giao dịch theo trạng thái': 2, 'getTransactionList | Tra cứu giao dịch đang chờ xử lý hoặc chờ duyệt': 2, 'getTransactionList | Tra cứu giao dịch chờ duyệt theo số tiền hoặc hạn mức': 2}
2026-01-05 10:42:11 | DEBUG    | log:153 | [normalize_query] 'Tôi cần tìm các lệnh chuyển tiền giá trị...' -> 'Tôi cần tìm các lệnh chuyển tiền giá trị...'
2026-01-05 10:42:11 | DEBUG    | log:153 | [perform_hybrid_search] query_text: [Tôi cần tìm các lệnh chuyển tiền giá trị cao chưa được đi tiền.] - formatted_query: [Tôi cần tìm các lệnh chuyển tiền giá trị cao chưa được đi tiền] - normalized_query: [Tôi cần tìm các lệnh chuyển tiền giá trị cao chưa được đi tiền]
2026-01-05 10:42:11 | DEBUG    | log:153 | [perform_hybrid_search] BM25 raw scores: min=0.7007, max=31.1272
2026-01-05 10:42:11 | DEBUG    | log:153 | [get_keyword_boost] Query: 'Tôi cần tìm các lệnh chuyển ti...' | Doc: Tra cứu giao dịch th | Boost: 0.25 | Matched: ['giá trị']
2026-01-05 10:42:11 | DEBUG    | log:153 | [get_keyword_boost] Query: 'Tôi cần tìm các lệnh chuyển ti...' | Doc: Tra cứu giao dịch th | Boost: 0.25 | Matched: ['chuyển tiền']
2026-01-05 10:42:11 | DEBUG    | log:153 | [get_keyword_boost] Query: 'Tôi cần tìm các lệnh chuyển ti...' | Doc: Tra cứu giao dịch ch | Boost: 0.25 | Matched: ['chuyển tiền']
2026-01-05 10:42:11 | DEBUG    | log:153 | [get_keyword_boost] Query: 'Tôi cần tìm các lệnh chuyển ti...' | Doc: getTransactionList | | Boost: 0.25 | Matched: ['chuyển tiền']
2026-01-05 10:42:11 | DEBUG    | log:153 | [get_keyword_boost] Query: 'Tôi cần tìm các lệnh chuyển ti...' | Doc: getTransactionList | | Boost: 0.50 | Matched: ['giá trị', 'giá trị cao']
2026-01-05 10:42:11 | DEBUG    | log:153 | [classify_query_intent] Classified: 'Tôi cần tìm các lệnh chuyển ti...' -> getTransactionList | Tra cứu g (score=2)
2026-01-05 10:42:11 | DEBUG    | log:153 | [normalize_query] 'Liệt kê tất cả các giao dịch trên 100 tr...' -> 'Liệt kê tất cả các giao dịch trên 100 tr...'
2026-01-05 10:42:11 | DEBUG    | log:153 | [perform_hybrid_search] query_text: [Liệt kê tất cả các giao dịch trên 100 triệu cần duyệt gấp trong ngày.] - formatted_query: [Liệt kê tất cả các giao dịch trên 100 triệu cần duyệt gấp trong ngày] - normalized_query: [Liệt kê tất cả các giao dịch trên 100 triệu cần duyệt gấp trong ngày]
2026-01-05 10:42:11 | DEBUG    | log:153 | [perform_hybrid_search] BM25 raw scores: min=0.0786, max=60.7202
2026-01-05 10:42:11 | DEBUG    | log:153 | [get_keyword_boost] Query: 'Liệt kê tất cả các giao dịch t...' | Doc: Tra cứu lịch sử giao | Boost: 0.25 | Matched: ['ngày']
2026-01-05 10:42:11 | DEBUG    | log:153 | [get_keyword_boost] Query: 'Liệt kê tất cả các giao dịch t...' | Doc: Tra cứu giao dịch th | Boost: 0.50 | Matched: ['trên', 'triệu']
2026-01-05 10:42:11 | DEBUG    | log:153 | [get_keyword_boost] Query: 'Liệt kê tất cả các giao dịch t...' | Doc: getTransactionList | | Boost: 0.50 | Matched: ['cần duyệt', 'tất cả']
2026-01-05 10:42:11 | DEBUG    | log:153 | [get_keyword_boost] Query: 'Liệt kê tất cả các giao dịch t...' | Doc: getTransactionList | | Boost: 0.50 | Matched: ['ngày', 'trong']
2026-01-05 10:42:11 | DEBUG    | log:153 | [get_keyword_boost] Query: 'Liệt kê tất cả các giao dịch t...' | Doc: getTransactionList | | Boost: 0.50 | Matched: ['trên', 'triệu']
2026-01-05 10:42:11 | DEBUG    | log:153 | [classify_query_intent] Ambiguous: 'Liệt kê tất cả các giao dịch t...' | Scores: {'Tra cứu lịch sử giao dịch theo khoảng thời gian': 1, 'Tra cứu giao dịch theo số tiền': 2, 'getTransactionList | Tra cứu giao dịch đang chờ xử lý hoặc chờ duyệt': 2, 'getTransactionList | Tra cứu giao dịch chờ duyệt theo khoảng thời gian': 2, 'getTransactionList | Tra cứu giao dịch chờ duyệt theo số tiền hoặc hạn mức': 2}
2026-01-05 10:42:11 | DEBUG    | log:153 | [normalize_query] 'Kiểm tra xem có khoản thanh toán hợp đồn...' -> 'Kiểm tra xem có khoản thanh toán hợp đồn...'
2026-01-05 10:42:11 | DEBUG    | log:153 | [perform_hybrid_search] query_text: [Kiểm tra xem có khoản thanh toán hợp đồng nào trên 500 triệu chưa xong không.] - formatted_query: [Kiểm tra xem có khoản thanh toán hợp đồng nào trên 500 triệu chưa xong không] - normalized_query: [Kiểm tra xem có khoản thanh toán hợp đồng nào trên 500 triệu chưa xong không]
2026-01-05 10:42:11 | DEBUG    | log:153 | [perform_hybrid_search] BM25 raw scores: min=2.2248, max=59.1014
2026-01-05 10:42:11 | DEBUG    | log:153 | [get_keyword_boost] Query: 'Kiểm tra xem có khoản thanh to...' | Doc: Tra cứu giao dịch th | Boost: 0.50 | Matched: ['trên', 'triệu']
2026-01-05 10:42:11 | DEBUG    | log:153 | [get_keyword_boost] Query: 'Kiểm tra xem có khoản thanh to...' | Doc: Tra cứu giao dịch th | Boost: 0.25 | Matched: ['thanh toán']
2026-01-05 10:42:11 | DEBUG    | log:153 | [get_keyword_boost] Query: 'Kiểm tra xem có khoản thanh to...' | Doc: Tra cứu giao dịch th | Boost: 0.25 | Matched: ['thanh toán']
2026-01-05 10:42:11 | DEBUG    | log:153 | [get_keyword_boost] Query: 'Kiểm tra xem có khoản thanh to...' | Doc: getTransactionList | | Boost: 0.25 | Matched: ['thanh toán']
2026-01-05 10:42:11 | DEBUG    | log:153 | [get_keyword_boost] Query: 'Kiểm tra xem có khoản thanh to...' | Doc: getTransactionList | | Boost: 0.50 | Matched: ['trên', 'triệu']
2026-01-05 10:42:11 | DEBUG    | log:153 | [classify_query_intent] Ambiguous: 'Kiểm tra xem có khoản thanh to...' | Scores: {'Tra cứu giao dịch theo số tiền': 2, 'Tra cứu giao dịch theo loại giao dịch': 1, 'Tra cứu giao dịch thanh toán hóa đơn': 1, 'getTransactionList | Tra cứu giao dịch chờ duyệt theo loại giao dịch': 1, 'getTransactionList | Tra cứu giao dịch chờ duyệt theo số tiền hoặc hạn mức': 2}
2026-01-05 10:42:12 | DEBUG    | log:153 | [normalize_query] 'Những giao dịch nào trên 10 triệu vẫn cò...' -> 'Những giao dịch nào trên 10 triệu vẫn cò...'
2026-01-05 10:42:12 | DEBUG    | log:153 | [perform_hybrid_search] query_text: [Những giao dịch nào trên 10 triệu vẫn còn ở trạng thái chờ duyệt?] - formatted_query: [Những giao dịch nào trên 10 triệu vẫn còn ở trạng thái chờ duyệt] - normalized_query: [Những giao dịch nào trên 10 triệu vẫn còn ở trạng thái chờ duyệt]
2026-01-05 10:42:12 | DEBUG    | log:153 | [perform_hybrid_search] BM25 raw scores: min=0.1311, max=45.6416
2026-01-05 10:42:12 | DEBUG    | log:153 | [get_keyword_boost] Query: 'Những giao dịch nào trên 10 tr...' | Doc: Tra cứu giao dịch th | Boost: 0.50 | Matched: ['trên', 'triệu']
2026-01-05 10:42:12 | DEBUG    | log:153 | [get_keyword_boost] Query: 'Những giao dịch nào trên 10 tr...' | Doc: Tra cứu giao dịch th | Boost: 0.50 | Matched: ['trạng thái', 'chờ']
2026-01-05 10:42:12 | DEBUG    | log:153 | [get_keyword_boost] Query: 'Những giao dịch nào trên 10 tr...' | Doc: getTransactionList | | Boost: 0.25 | Matched: ['chờ duyệt']
2026-01-05 10:42:12 | DEBUG    | log:153 | [get_keyword_boost] Query: 'Những giao dịch nào trên 10 tr...' | Doc: getTransactionList | | Boost: 0.25 | Matched: ['chờ duyệt']
2026-01-05 10:42:12 | DEBUG    | log:153 | [get_keyword_boost] Query: 'Những giao dịch nào trên 10 tr...' | Doc: getTransactionList | | Boost: 0.25 | Matched: ['chờ duyệt']
2026-01-05 10:42:12 | DEBUG    | log:153 | [get_keyword_boost] Query: 'Những giao dịch nào trên 10 tr...' | Doc: getTransactionList | | Boost: 0.25 | Matched: ['chờ duyệt']
2026-01-05 10:42:12 | DEBUG    | log:153 | [get_keyword_boost] Query: 'Những giao dịch nào trên 10 tr...' | Doc: getTransactionList | | Boost: 0.75 | Matched: ['chờ duyệt', 'trên', 'triệu']
2026-01-05 10:42:12 | DEBUG    | log:153 | [classify_query_intent] Classified: 'Những giao dịch nào trên 10 tr...' -> getTransactionList | Tra cứu g (score=3)
2026-01-05 10:42:12 | DEBUG    | log:153 | [normalize_query] 'Danh sách các lệnh chuyển khoản trên 300...' -> 'Danh sách các lệnh chuyển khoản trên 300...'
2026-01-05 10:42:12 | DEBUG    | log:153 | [perform_hybrid_search] query_text: [Danh sách các lệnh chuyển khoản trên 300 triệu đang pending là gì?] - formatted_query: [Danh sách các lệnh chuyển khoản trên 300 triệu đang pending là gì] - normalized_query: [Danh sách các lệnh chuyển khoản trên 300 triệu đang pending là gì]
2026-01-05 10:42:12 | DEBUG    | log:153 | [perform_hybrid_search] BM25 raw scores: min=0.2204, max=33.5542
2026-01-05 10:42:12 | DEBUG    | log:153 | [get_keyword_boost] Query: 'Danh sách các lệnh chuyển khoả...' | Doc: Tra cứu giao dịch th | Boost: 0.50 | Matched: ['trên', 'triệu']
2026-01-05 10:42:12 | DEBUG    | log:153 | [get_keyword_boost] Query: 'Danh sách các lệnh chuyển khoả...' | Doc: Tra cứu giao dịch ch | Boost: 0.25 | Matched: ['chuyển khoản']
2026-01-05 10:42:12 | DEBUG    | log:153 | [get_keyword_boost] Query: 'Danh sách các lệnh chuyển khoả...' | Doc: getTransactionList | | Boost: 0.25 | Matched: ['pending']
2026-01-05 10:42:12 | DEBUG    | log:153 | [get_keyword_boost] Query: 'Danh sách các lệnh chuyển khoả...' | Doc: getTransactionList | | Boost: 0.25 | Matched: ['pending']
2026-01-05 10:42:12 | DEBUG    | log:153 | [get_keyword_boost] Query: 'Danh sách các lệnh chuyển khoả...' | Doc: getTransactionList | | Boost: 0.25 | Matched: ['pending']
2026-01-05 10:42:12 | DEBUG    | log:153 | [get_keyword_boost] Query: 'Danh sách các lệnh chuyển khoả...' | Doc: getTransactionList | | Boost: 0.50 | Matched: ['pending', 'chuyển khoản']
2026-01-05 10:42:12 | DEBUG    | log:153 | [get_keyword_boost] Query: 'Danh sách các lệnh chuyển khoả...' | Doc: getTransactionList | | Boost: 0.75 | Matched: ['pending', 'trên', 'triệu']
2026-01-05 10:42:12 | DEBUG    | log:153 | [classify_query_intent] Classified: 'Danh sách các lệnh chuyển khoả...' -> getTransactionList | Tra cứu g (score=3)
2026-01-05 10:42:12 | DEBUG    | log:153 | [normalize_query] 'Hãy hiển thị các giao dịch chưa phê duyệ...' -> 'Hãy hiển thị các giao dịch chưa phê duyệ...'
2026-01-05 10:42:12 | DEBUG    | log:153 | [perform_hybrid_search] query_text: [Hãy hiển thị các giao dịch chưa phê duyệt có hạn mức trên 50 triệu.] - formatted_query: [Hãy hiển thị các giao dịch chưa phê duyệt có hạn mức trên 50 triệu] - normalized_query: [Hãy hiển thị các giao dịch chưa phê duyệt có hạn mức trên 50 triệu]
2026-01-05 10:42:12 | DEBUG    | log:153 | [perform_hybrid_search] BM25 raw scores: min=0.0786, max=72.8606
2026-01-05 10:42:12 | DEBUG    | log:153 | [get_keyword_boost] Query: 'Hãy hiển thị các giao dịch chư...' | Doc: Tra cứu giao dịch th | Boost: 0.50 | Matched: ['trên', 'triệu']
2026-01-05 10:42:12 | DEBUG    | log:153 | [get_keyword_boost] Query: 'Hãy hiển thị các giao dịch chư...' | Doc: Tra cứu giao dịch th | Boost: 0.25 | Matched: ['phê duyệt']
2026-01-05 10:42:12 | DEBUG    | log:153 | [get_keyword_boost] Query: 'Hãy hiển thị các giao dịch chư...' | Doc: getTransactionList | | Boost: 0.75 | Matched: ['hạn mức', 'trên', 'triệu']
2026-01-05 10:42:12 | DEBUG    | log:153 | [classify_query_intent] Classified: 'Hãy hiển thị các giao dịch chư...' -> getTransactionList | Tra cứu g (score=3)
2026-01-05 10:42:12 | DEBUG    | log:153 | [normalize_query] 'Xem toàn bộ các lệnh nộp thuế trên 100 t...' -> 'Xem toàn bộ các lệnh nộp thuế trên 100 t...'
2026-01-05 10:42:12 | DEBUG    | log:153 | [perform_hybrid_search] query_text: [Xem toàn bộ các lệnh nộp thuế trên 100 triệu đang chờ xử lý.] - formatted_query: [Xem toàn bộ các lệnh nộp thuế trên 100 triệu đang chờ xử lý] - normalized_query: [Xem toàn bộ các lệnh nộp thuế trên 100 triệu đang chờ xử lý]
2026-01-05 10:42:12 | DEBUG    | log:153 | [perform_hybrid_search] BM25 raw scores: min=0.0000, max=52.9700
2026-01-05 10:42:12 | DEBUG    | log:153 | [get_keyword_boost] Query: 'Xem toàn bộ các lệnh nộp thuế ...' | Doc: Tra cứu giao dịch th | Boost: 0.50 | Matched: ['trên', 'triệu']
2026-01-05 10:42:12 | DEBUG    | log:153 | [get_keyword_boost] Query: 'Xem toàn bộ các lệnh nộp thuế ...' | Doc: Tra cứu giao dịch th | Boost: 0.50 | Matched: ['xử lý', 'chờ']
2026-01-05 10:42:12 | DEBUG    | log:153 | [get_keyword_boost] Query: 'Xem toàn bộ các lệnh nộp thuế ...' | Doc: getTransactionList | | Boost: 0.75 | Matched: ['chờ xử lý', 'đang chờ', 'toàn bộ']
2026-01-05 10:42:12 | DEBUG    | log:153 | [get_keyword_boost] Query: 'Xem toàn bộ các lệnh nộp thuế ...' | Doc: getTransactionList | | Boost: 0.25 | Matched: ['chờ xử lý']
2026-01-05 10:42:12 | DEBUG    | log:153 | [get_keyword_boost] Query: 'Xem toàn bộ các lệnh nộp thuế ...' | Doc: getTransactionList | | Boost: 0.25 | Matched: ['chờ xử lý']
2026-01-05 10:42:12 | DEBUG    | log:153 | [get_keyword_boost] Query: 'Xem toàn bộ các lệnh nộp thuế ...' | Doc: getTransactionList | | Boost: 0.25 | Matched: ['chờ xử lý']
2026-01-05 10:42:12 | DEBUG    | log:153 | [get_keyword_boost] Query: 'Xem toàn bộ các lệnh nộp thuế ...' | Doc: getTransactionList | | Boost: 0.75 | Matched: ['chờ xử lý', 'trên', 'triệu']
2026-01-05 10:42:12 | DEBUG    | log:153 | [classify_query_intent] Ambiguous: 'Xem toàn bộ các lệnh nộp thuế ...' | Scores: {'Tra cứu giao dịch theo số tiền': 2, 'Tra cứu giao dịch theo trạng thái': 2, 'getTransactionList | Tra cứu giao dịch đang chờ xử lý hoặc chờ duyệt': 3, 'getTransactionList | Tra cứu giao dịch chờ duyệt theo số tài khoản nguồn': 1, 'getTransactionList | Tra cứu giao dịch chờ duyệt theo khoảng thời gian': 1, 'getTransactionList | Tra cứu giao dịch chờ duyệt theo loại giao dịch': 1, 'getTransactionList | Tra cứu giao dịch chờ duyệt theo số tiền hoặc hạn mức': 3}
2026-01-05 10:42:12 | DEBUG    | log:153 | [normalize_query] 'Có giao dịch nào xấp xỉ 1 tỷ đồng đang n...' -> 'Có giao dịch nào xấp xỉ 1 tỷ đồng đang n...'
2026-01-05 10:42:12 | DEBUG    | log:153 | [perform_hybrid_search] query_text: [Có giao dịch nào xấp xỉ 1 tỷ đồng đang nằm trong hàng đợi phê duyệt không?] - formatted_query: [Có giao dịch nào xấp xỉ 1 tỷ đồng đang nằm trong hàng đợi phê duyệt không] - normalized_query: [Có giao dịch nào xấp xỉ 1 tỷ đồng đang nằm trong hàng đợi phê duyệt không]
2026-01-05 10:42:12 | DEBUG    | log:153 | [perform_hybrid_search] BM25 raw scores: min=0.0786, max=42.9628
2026-01-05 10:42:12 | DEBUG    | log:153 | [get_keyword_boost] Query: 'Có giao dịch nào xấp xỉ 1 tỷ đ...' | Doc: Tra cứu giao dịch th | Boost: 0.25 | Matched: ['phê duyệt']
2026-01-05 10:42:12 | DEBUG    | log:153 | [get_keyword_boost] Query: 'Có giao dịch nào xấp xỉ 1 tỷ đ...' | Doc: getTransactionList | | Boost: 0.25 | Matched: ['trong']
2026-01-05 10:42:12 | DEBUG    | log:153 | [get_keyword_boost] Query: 'Có giao dịch nào xấp xỉ 1 tỷ đ...' | Doc: getTransactionList | | Boost: 0.25 | Matched: ['tỷ']
2026-01-05 10:42:12 | DEBUG    | log:153 | [classify_query_intent] Ambiguous: 'Có giao dịch nào xấp xỉ 1 tỷ đ...' | Scores: {'Tra cứu giao dịch theo trạng thái': 1, 'getTransactionList | Tra cứu giao dịch chờ duyệt theo khoảng thời gian': 1, 'getTransactionList | Tra cứu giao dịch chờ duyệt theo số tiền hoặc hạn mức': 1}
2026-01-05 10:42:12 | DEBUG    | log:153 | [normalize_query] 'Cho tôi xem các lệnh thanh toán hóa đơn ...' -> 'Cho tôi xem các lệnh thanh toán hóa đơn ...'
2026-01-05 10:42:12 | DEBUG    | log:153 | [perform_hybrid_search] query_text: [Cho tôi xem các lệnh thanh toán hóa đơn trên 5 triệu chưa được duyệt.] - formatted_query: [Cho tôi xem các lệnh thanh toán hóa đơn trên 5 triệu chưa được duyệt] - normalized_query: [Cho tôi xem các lệnh thanh toán hóa đơn trên 5 triệu chưa được duyệt]
2026-01-05 10:42:12 | DEBUG    | log:153 | [perform_hybrid_search] BM25 raw scores: min=0.3219, max=35.3732
2026-01-05 10:42:12 | DEBUG    | log:153 | [get_keyword_boost] Query: 'Cho tôi xem các lệnh thanh toá...' | Doc: Tra cứu giao dịch th | Boost: 0.50 | Matched: ['trên', 'triệu']
2026-01-05 10:42:12 | DEBUG    | log:153 | [get_keyword_boost] Query: 'Cho tôi xem các lệnh thanh toá...' | Doc: Tra cứu giao dịch th | Boost: 0.25 | Matched: ['thanh toán']
2026-01-05 10:42:12 | DEBUG    | log:153 | [get_keyword_boost] Query: 'Cho tôi xem các lệnh thanh toá...' | Doc: Tra cứu giao dịch th | Boost: 0.50 | Matched: ['thanh toán', 'hóa đơn']
2026-01-05 10:42:12 | DEBUG    | log:153 | [get_keyword_boost] Query: 'Cho tôi xem các lệnh thanh toá...' | Doc: getTransactionList | | Boost: 0.25 | Matched: ['chưa được duyệt']
2026-01-05 10:42:12 | DEBUG    | log:153 | [get_keyword_boost] Query: 'Cho tôi xem các lệnh thanh toá...' | Doc: getTransactionList | | Boost: 0.50 | Matched: ['thanh toán', 'thanh toán hóa đơn']
2026-01-05 10:42:12 | DEBUG    | log:153 | [get_keyword_boost] Query: 'Cho tôi xem các lệnh thanh toá...' | Doc: getTransactionList | | Boost: 0.50 | Matched: ['trên', 'triệu']
2026-01-05 10:42:12 | DEBUG    | log:153 | [classify_query_intent] Ambiguous: 'Cho tôi xem các lệnh thanh toá...' | Scores: {'Tra cứu giao dịch theo số tiền': 2, 'Tra cứu giao dịch theo loại giao dịch': 1, 'Tra cứu giao dịch thanh toán hóa đơn': 2, 'getTransactionList | Tra cứu giao dịch đang chờ xử lý hoặc chờ duyệt': 1, 'getTransactionList | Tra cứu giao dịch chờ duyệt theo loại giao dịch': 2, 'getTransactionList | Tra cứu giao dịch chờ duyệt theo số tiền hoặc hạn mức': 2}
2026-01-05 10:42:12 | DEBUG    | log:153 | [normalize_query] 'Liệt kê các yêu cầu giải ngân trên 10 tỷ...' -> 'Liệt kê các yêu cầu giải ngân trên 10 tỷ...'
2026-01-05 10:42:12 | DEBUG    | log:153 | [perform_hybrid_search] query_text: [Liệt kê các yêu cầu giải ngân trên 10 tỷ đang chờ lãnh đạo phê duyệt.] - formatted_query: [Liệt kê các yêu cầu giải ngân trên 10 tỷ đang chờ lãnh đạo phê duyệt] - normalized_query: [Liệt kê các yêu cầu giải ngân trên 10 tỷ đang chờ lãnh đạo phê duyệt]
2026-01-05 10:42:12 | DEBUG    | log:153 | [perform_hybrid_search] BM25 raw scores: min=0.0000, max=37.6914
2026-01-05 10:42:12 | DEBUG    | log:153 | [get_keyword_boost] Query: 'Liệt kê các yêu cầu giải ngân ...' | Doc: Tra cứu giao dịch th | Boost: 0.25 | Matched: ['trên']
2026-01-05 10:42:12 | DEBUG    | log:153 | [get_keyword_boost] Query: 'Liệt kê các yêu cầu giải ngân ...' | Doc: Tra cứu giao dịch th | Boost: 0.50 | Matched: ['chờ', 'phê duyệt']
2026-01-05 10:42:12 | DEBUG    | log:153 | [get_keyword_boost] Query: 'Liệt kê các yêu cầu giải ngân ...' | Doc: getTransactionList | | Boost: 0.25 | Matched: ['đang chờ']
2026-01-05 10:42:12 | DEBUG    | log:153 | [get_keyword_boost] Query: 'Liệt kê các yêu cầu giải ngân ...' | Doc: getTransactionList | | Boost: 0.50 | Matched: ['trên', 'tỷ']
2026-01-05 10:42:12 | DEBUG    | log:153 | [classify_query_intent] Ambiguous: 'Liệt kê các yêu cầu giải ngân ...' | Scores: {'Tra cứu giao dịch theo số tiền': 1, 'Tra cứu giao dịch theo trạng thái': 2, 'getTransactionList | Tra cứu giao dịch đang chờ xử lý hoặc chờ duyệt': 1, 'getTransactionList | Tra cứu giao dịch chờ duyệt theo số tiền hoặc hạn mức': 2}
2026-01-05 10:42:12 | DEBUG    | log:153 | [normalize_query] 'Tìm các giao dịch chuyển tiền nội bộ trê...' -> 'Tìm các giao dịch chuyển tiền nội bộ trê...'
2026-01-05 10:42:12 | DEBUG    | log:153 | [perform_hybrid_search] query_text: [Tìm các giao dịch chuyển tiền nội bộ trên 200 triệu chưa hoàn tất.] - formatted_query: [Tìm các giao dịch chuyển tiền nội bộ trên 200 triệu chưa hoàn tất] - normalized_query: [Tìm các giao dịch chuyển tiền nội bộ trên 200 triệu chưa hoàn tất]
2026-01-05 10:42:12 | DEBUG    | log:153 | [perform_hybrid_search] BM25 raw scores: min=1.1190, max=44.3034
2026-01-05 10:42:12 | DEBUG    | log:153 | [get_keyword_boost] Query: 'Tìm các giao dịch chuyển tiền ...' | Doc: Tra cứu giao dịch th | Boost: 0.50 | Matched: ['trên', 'triệu']
2026-01-05 10:42:12 | DEBUG    | log:153 | [get_keyword_boost] Query: 'Tìm các giao dịch chuyển tiền ...' | Doc: Tra cứu giao dịch th | Boost: 0.25 | Matched: ['hoàn tất']
2026-01-05 10:42:12 | DEBUG    | log:153 | [get_keyword_boost] Query: 'Tìm các giao dịch chuyển tiền ...' | Doc: Tra cứu giao dịch th | Boost: 0.50 | Matched: ['chuyển tiền', 'nội bộ']
2026-01-05 10:42:12 | DEBUG    | log:153 | [get_keyword_boost] Query: 'Tìm các giao dịch chuyển tiền ...' | Doc: Tra cứu giao dịch ch | Boost: 0.25 | Matched: ['chuyển tiền']
2026-01-05 10:42:12 | DEBUG    | log:153 | [get_keyword_boost] Query: 'Tìm các giao dịch chuyển tiền ...' | Doc: getTransactionList | | Boost: 0.50 | Matched: ['chuyển tiền', 'nội bộ']
2026-01-05 10:42:12 | DEBUG    | log:153 | [get_keyword_boost] Query: 'Tìm các giao dịch chuyển tiền ...' | Doc: getTransactionList | | Boost: 0.50 | Matched: ['trên', 'triệu']
2026-01-05 10:42:12 | DEBUG    | log:153 | [classify_query_intent] Ambiguous: 'Tìm các giao dịch chuyển tiền ...' | Scores: {'Tra cứu giao dịch theo số tiền': 2, 'Tra cứu giao dịch theo trạng thái': 1, 'Tra cứu giao dịch theo loại giao dịch': 2, 'Tra cứu giao dịch chuyển tiền': 1, 'getTransactionList | Tra cứu giao dịch chờ duyệt theo loại giao dịch': 2, 'getTransactionList | Tra cứu giao dịch chờ duyệt theo số tiền hoặc hạn mức': 2}
2026-01-05 10:42:12 | DEBUG    | log:153 | [normalize_query] 'Các lệnh thanh toán cho nhà cung cấp trê...' -> 'Các lệnh thanh toán cho nhà cung cấp trê...'
2026-01-05 10:42:12 | DEBUG    | log:153 | [perform_hybrid_search] query_text: [Các lệnh thanh toán cho nhà cung cấp trên 50 triệu đã duyệt chưa hay còn pending?] - formatted_query: [Các lệnh thanh toán cho nhà cung cấp trên 50 triệu đã duyệt chưa hay còn pending] - normalized_query: [Các lệnh thanh toán cho nhà cung cấp trên 50 triệu đã duyệt chưa hay còn pending]
2026-01-05 10:42:12 | DEBUG    | log:153 | [perform_hybrid_search] BM25 raw scores: min=0.1421, max=22.9567
2026-01-05 10:42:12 | DEBUG    | log:153 | [get_keyword_boost] Query: 'Các lệnh thanh toán cho nhà cu...' | Doc: Tra cứu giao dịch th | Boost: 0.50 | Matched: ['trên', 'triệu']
2026-01-05 10:42:12 | DEBUG    | log:153 | [get_keyword_boost] Query: 'Các lệnh thanh toán cho nhà cu...' | Doc: Tra cứu giao dịch th | Boost: 0.25 | Matched: ['thanh toán']
2026-01-05 10:42:12 | DEBUG    | log:153 | [get_keyword_boost] Query: 'Các lệnh thanh toán cho nhà cu...' | Doc: Tra cứu giao dịch th | Boost: 0.25 | Matched: ['thanh toán']
2026-01-05 10:42:12 | DEBUG    | log:153 | [get_keyword_boost] Query: 'Các lệnh thanh toán cho nhà cu...' | Doc: getTransactionList | | Boost: 0.25 | Matched: ['pending']
2026-01-05 10:42:12 | DEBUG    | log:153 | [get_keyword_boost] Query: 'Các lệnh thanh toán cho nhà cu...' | Doc: getTransactionList | | Boost: 0.25 | Matched: ['pending']
2026-01-05 10:42:12 | DEBUG    | log:153 | [get_keyword_boost] Query: 'Các lệnh thanh toán cho nhà cu...' | Doc: getTransactionList | | Boost: 0.25 | Matched: ['pending']
2026-01-05 10:42:12 | DEBUG    | log:153 | [get_keyword_boost] Query: 'Các lệnh thanh toán cho nhà cu...' | Doc: getTransactionList | | Boost: 0.50 | Matched: ['pending', 'thanh toán']
2026-01-05 10:42:12 | DEBUG    | log:153 | [get_keyword_boost] Query: 'Các lệnh thanh toán cho nhà cu...' | Doc: getTransactionList | | Boost: 0.75 | Matched: ['pending', 'trên', 'triệu']
2026-01-05 10:42:12 | DEBUG    | log:153 | [classify_query_intent] Classified: 'Các lệnh thanh toán cho nhà cu...' -> getTransactionList | Tra cứu g (score=3)
2026-01-05 10:42:12 | DEBUG    | log:153 | [normalize_query] 'Hiển thị danh sách các giao dịch có số t...' -> 'Hiển thị danh sách các giao dịch có số t...'
2026-01-05 10:42:12 | DEBUG    | log:153 | [perform_hybrid_search] query_text: [Hiển thị danh sách các giao dịch có số tiền bất thường đang chờ kiểm tra.] - formatted_query: [Hiển thị danh sách các giao dịch có số tiền bất thường đang chờ kiểm tra] - normalized_query: [Hiển thị danh sách các giao dịch có số tiền bất thường đang chờ kiểm tra]
2026-01-05 10:42:12 | DEBUG    | log:153 | [perform_hybrid_search] BM25 raw scores: min=0.2097, max=54.0888
2026-01-05 10:42:12 | DEBUG    | log:153 | [get_keyword_boost] Query: 'Hiển thị danh sách các giao dị...' | Doc: Tra cứu giao dịch th | Boost: 0.25 | Matched: ['chờ']
2026-01-05 10:42:12 | DEBUG    | log:153 | [get_keyword_boost] Query: 'Hiển thị danh sách các giao dị...' | Doc: getTransactionList | | Boost: 0.25 | Matched: ['đang chờ']
2026-01-05 10:42:12 | DEBUG    | log:153 | [get_keyword_boost] Query: 'Hiển thị danh sách các giao dị...' | Doc: getTransactionList | | Boost: 0.25 | Matched: ['số tiền']
2026-01-05 10:42:12 | DEBUG    | log:153 | [classify_query_intent] Ambiguous: 'Hiển thị danh sách các giao dị...' | Scores: {'Tra cứu giao dịch theo trạng thái': 1, 'getTransactionList | Tra cứu giao dịch đang chờ xử lý hoặc chờ duyệt': 1, 'getTransactionList | Tra cứu giao dịch chờ duyệt theo số tiền hoặc hạn mức': 1}
2026-01-05 10:42:12 | DEBUG    | log:153 | [normalize_query] 'Tôi muốn xem các giao dịch trên 100.000 ...' -> 'Tôi muốn xem các giao dịch trên 100.000 ...'
2026-01-05 10:42:12 | DEBUG    | log:153 | [perform_hybrid_search] query_text: [Tôi muốn xem các giao dịch trên 100.000 VND đang bị kẹt lại.] - formatted_query: [Tôi muốn xem các giao dịch trên 100.000 vnd đang bị kẹt lại] - normalized_query: [Tôi muốn xem các giao dịch trên 100.000 vnd đang bị kẹt lại]
2026-01-05 10:42:12 | DEBUG    | log:153 | [perform_hybrid_search] BM25 raw scores: min=0.0786, max=28.9335
2026-01-05 10:42:12 | DEBUG    | log:153 | [get_keyword_boost] Query: 'Tôi muốn xem các giao dịch trê...' | Doc: Tra cứu giao dịch th | Boost: 0.25 | Matched: ['trên']
2026-01-05 10:42:12 | DEBUG    | log:153 | [get_keyword_boost] Query: 'Tôi muốn xem các giao dịch trê...' | Doc: getTransactionList | | Boost: 0.25 | Matched: ['trên']
2026-01-05 10:42:12 | DEBUG    | log:153 | [classify_query_intent] Ambiguous: 'Tôi muốn xem các giao dịch trê...' | Scores: {'Tra cứu giao dịch theo số tiền': 1, 'getTransactionList | Tra cứu giao dịch chờ duyệt theo số tiền hoặc hạn mức': 1}
2026-01-05 10:42:12 | DEBUG    | log:153 | [normalize_query] 'Có lệnh nào trên mức phê duyệt tự động đ...' -> 'Có lệnh nào trên mức phê duyệt tự động đ...'
2026-01-05 10:42:12 | DEBUG    | log:153 | [perform_hybrid_search] query_text: [Có lệnh nào trên mức phê duyệt tự động đang chờ xử lý thủ công không?] - formatted_query: [Có lệnh nào trên mức phê duyệt tự động đang chờ xử lý thủ công không] - normalized_query: [Có lệnh nào trên mức phê duyệt tự động đang chờ xử lý thủ công không]
2026-01-05 10:42:12 | DEBUG    | log:153 | [perform_hybrid_search] BM25 raw scores: min=0.0262, max=51.8160
2026-01-05 10:42:12 | DEBUG    | log:153 | [get_keyword_boost] Query: 'Có lệnh nào trên mức phê duyệt...' | Doc: Tra cứu giao dịch th | Boost: 0.25 | Matched: ['trên']
2026-01-05 10:42:12 | DEBUG    | log:153 | [get_keyword_boost] Query: 'Có lệnh nào trên mức phê duyệt...' | Doc: Tra cứu giao dịch th | Boost: 0.75 | Matched: ['xử lý', 'chờ', 'phê duyệt']
2026-01-05 10:42:12 | DEBUG    | log:153 | [get_keyword_boost] Query: 'Có lệnh nào trên mức phê duyệt...' | Doc: getTransactionList | | Boost: 0.50 | Matched: ['chờ xử lý', 'đang chờ']
2026-01-05 10:42:12 | DEBUG    | log:153 | [get_keyword_boost] Query: 'Có lệnh nào trên mức phê duyệt...' | Doc: getTransactionList | | Boost: 0.25 | Matched: ['chờ xử lý']
2026-01-05 10:42:12 | DEBUG    | log:153 | [get_keyword_boost] Query: 'Có lệnh nào trên mức phê duyệt...' | Doc: getTransactionList | | Boost: 0.25 | Matched: ['chờ xử lý']
2026-01-05 10:42:12 | DEBUG    | log:153 | [get_keyword_boost] Query: 'Có lệnh nào trên mức phê duyệt...' | Doc: getTransactionList | | Boost: 0.25 | Matched: ['chờ xử lý']
2026-01-05 10:42:12 | DEBUG    | log:153 | [get_keyword_boost] Query: 'Có lệnh nào trên mức phê duyệt...' | Doc: getTransactionList | | Boost: 0.50 | Matched: ['chờ xử lý', 'trên']
2026-01-05 10:42:12 | DEBUG    | log:153 | [classify_query_intent] Classified: 'Có lệnh nào trên mức phê duyệt...' -> Tra cứu giao dịch theo trạng t (score=3)
2026-01-05 10:42:12 | DEBUG    | log:153 | [normalize_query] 'Liệt kê các giao dịch chuyển khoản liên ...' -> 'Liệt kê các giao dịch chuyển khoản liên ...'
2026-01-05 10:42:12 | DEBUG    | log:153 | [perform_hybrid_search] query_text: [Liệt kê các giao dịch chuyển khoản liên ngân hàng trên 500 triệu chưa đi.] - formatted_query: [Liệt kê các giao dịch chuyển khoản liên ngân hàng trên 500 triệu chưa đi] - normalized_query: [Liệt kê các giao dịch chuyển khoản liên ngân hàng trên 500 triệu chưa đi]
2026-01-05 10:42:12 | DEBUG    | log:153 | [perform_hybrid_search] BM25 raw scores: min=0.6509, max=51.3791
2026-01-05 10:42:12 | DEBUG    | log:153 | [get_keyword_boost] Query: 'Liệt kê các giao dịch chuyển k...' | Doc: Tra cứu giao dịch th | Boost: 0.50 | Matched: ['trên', 'triệu']
2026-01-05 10:42:12 | DEBUG    | log:153 | [get_keyword_boost] Query: 'Liệt kê các giao dịch chuyển k...' | Doc: Tra cứu giao dịch th | Boost: 0.25 | Matched: ['liên ngân hàng']
2026-01-05 10:42:12 | DEBUG    | log:153 | [get_keyword_boost] Query: 'Liệt kê các giao dịch chuyển k...' | Doc: Tra cứu giao dịch ch | Boost: 0.25 | Matched: ['chuyển khoản']
2026-01-05 10:42:12 | DEBUG    | log:153 | [get_keyword_boost] Query: 'Liệt kê các giao dịch chuyển k...' | Doc: getTransactionList | | Boost: 0.50 | Matched: ['chuyển khoản', 'liên ngân hàng']
2026-01-05 10:42:12 | DEBUG    | log:153 | [get_keyword_boost] Query: 'Liệt kê các giao dịch chuyển k...' | Doc: getTransactionList | | Boost: 0.50 | Matched: ['trên', 'triệu']
2026-01-05 10:42:12 | DEBUG    | log:153 | [classify_query_intent] Ambiguous: 'Liệt kê các giao dịch chuyển k...' | Scores: {'Tra cứu giao dịch theo số tiền': 2, 'Tra cứu giao dịch theo loại giao dịch': 1, 'Tra cứu giao dịch chuyển tiền': 1, 'getTransactionList | Tra cứu giao dịch chờ duyệt theo loại giao dịch': 2, 'getTransactionList | Tra cứu giao dịch chờ duyệt theo số tiền hoặc hạn mức': 2}
2026-01-05 10:42:12 | DEBUG    | log:153 | [normalize_query] 'Xem trạng thái các lệnh chuyển tiền trên...' -> 'Xem trạng thái các lệnh chuyển tiền trên...'
2026-01-05 10:42:12 | DEBUG    | log:153 | [perform_hybrid_search] query_text: [Xem trạng thái các lệnh chuyển tiền trên 20 triệu, cái nào chưa duyệt?] - formatted_query: [Xem trạng thái các lệnh chuyển tiền trên 20 triệu, cái nào chưa duyệt] - normalized_query: [Xem trạng thái các lệnh chuyển tiền trên 20 triệu, cái nào chưa duyệt]
2026-01-05 10:42:12 | DEBUG    | log:153 | [perform_hybrid_search] BM25 raw scores: min=0.6853, max=46.5381
2026-01-05 10:42:12 | DEBUG    | log:153 | [get_keyword_boost] Query: 'Xem trạng thái các lệnh chuyển...' | Doc: Tra cứu giao dịch th | Boost: 0.50 | Matched: ['trên', 'triệu']
2026-01-05 10:42:12 | DEBUG    | log:153 | [get_keyword_boost] Query: 'Xem trạng thái các lệnh chuyển...' | Doc: Tra cứu giao dịch th | Boost: 0.25 | Matched: ['trạng thái']
2026-01-05 10:42:12 | DEBUG    | log:153 | [get_keyword_boost] Query: 'Xem trạng thái các lệnh chuyển...' | Doc: Tra cứu giao dịch th | Boost: 0.25 | Matched: ['chuyển tiền']
2026-01-05 10:42:12 | DEBUG    | log:153 | [get_keyword_boost] Query: 'Xem trạng thái các lệnh chuyển...' | Doc: Tra cứu giao dịch ch | Boost: 0.25 | Matched: ['chuyển tiền']
2026-01-05 10:42:12 | DEBUG    | log:153 | [get_keyword_boost] Query: 'Xem trạng thái các lệnh chuyển...' | Doc: getTransactionList | | Boost: 0.25 | Matched: ['chuyển tiền']
2026-01-05 10:42:12 | DEBUG    | log:153 | [get_keyword_boost] Query: 'Xem trạng thái các lệnh chuyển...' | Doc: getTransactionList | | Boost: 0.50 | Matched: ['trên', 'triệu']
2026-01-05 10:42:12 | DEBUG    | log:153 | [classify_query_intent] Ambiguous: 'Xem trạng thái các lệnh chuyển...' | Scores: {'Tra cứu giao dịch theo số tiền': 2, 'Tra cứu giao dịch theo trạng thái': 1, 'Tra cứu giao dịch theo loại giao dịch': 1, 'Tra cứu giao dịch chuyển tiền': 1, 'getTransactionList | Tra cứu giao dịch chờ duyệt theo loại giao dịch': 1, 'getTransactionList | Tra cứu giao dịch chờ duyệt theo số tiền hoặc hạn mức': 2}
2026-01-05 10:42:12 | DEBUG    | log:153 | [normalize_query] 'Hiển thị các giao dịch pending với số ti...' -> 'Hiển thị các giao dịch pending với số ti...'
2026-01-05 10:42:12 | DEBUG    | log:153 | [perform_hybrid_search] query_text: [Hiển thị các giao dịch pending với số tiền trong khoảng 10 đến 20 triệu.] - formatted_query: [Hiển thị các giao dịch pending với số tiền trong khoảng 10 đến 20 triệu] - normalized_query: [Hiển thị các giao dịch pending với số tiền trong khoảng 10 đến 20 triệu]
2026-01-05 10:42:12 | DEBUG    | log:153 | [perform_hybrid_search] BM25 raw scores: min=0.1835, max=23.3740
2026-01-05 10:42:12 | DEBUG    | log:153 | [get_keyword_boost] Query: 'Hiển thị các giao dịch pending...' | Doc: Tra cứu giao dịch th | Boost: 0.25 | Matched: ['triệu']
2026-01-05 10:42:12 | DEBUG    | log:153 | [get_keyword_boost] Query: 'Hiển thị các giao dịch pending...' | Doc: getTransactionList | | Boost: 0.25 | Matched: ['pending']
2026-01-05 10:42:12 | DEBUG    | log:153 | [get_keyword_boost] Query: 'Hiển thị các giao dịch pending...' | Doc: getTransactionList | | Boost: 0.25 | Matched: ['pending']
2026-01-05 10:42:12 | DEBUG    | log:153 | [get_keyword_boost] Query: 'Hiển thị các giao dịch pending...' | Doc: getTransactionList | | Boost: 0.50 | Matched: ['pending', 'trong']
2026-01-05 10:42:12 | DEBUG    | log:153 | [get_keyword_boost] Query: 'Hiển thị các giao dịch pending...' | Doc: getTransactionList | | Boost: 0.25 | Matched: ['pending']
2026-01-05 10:42:12 | DEBUG    | log:153 | [get_keyword_boost] Query: 'Hiển thị các giao dịch pending...' | Doc: getTransactionList | | Boost: 0.75 | Matched: ['pending', 'số tiền', 'triệu']
2026-01-05 10:42:12 | DEBUG    | log:153 | [classify_query_intent] Classified: 'Hiển thị các giao dịch pending...' -> getTransactionList | Tra cứu g (score=3)
2026-01-05 10:42:12 | DEBUG    | log:153 | [normalize_query] 'Tổng hợp các lệnh chi tiền mặt trên 50 t...' -> 'Tổng hợp các lệnh chi tiền mặt trên 50 t...'
2026-01-05 10:42:12 | DEBUG    | log:153 | [perform_hybrid_search] query_text: [Tổng hợp các lệnh chi tiền mặt trên 50 triệu chưa được duyệt.] - formatted_query: [Tổng hợp các lệnh chi tiền mặt trên 50 triệu chưa được duyệt] - normalized_query: [Tổng hợp các lệnh chi tiền mặt trên 50 triệu chưa được duyệt]
2026-01-05 10:42:12 | DEBUG    | log:153 | [perform_hybrid_search] BM25 raw scores: min=0.0142, max=27.0647
2026-01-05 10:42:12 | DEBUG    | log:153 | [get_keyword_boost] Query: 'Tổng hợp các lệnh chi tiền mặt...' | Doc: Tra cứu giao dịch th | Boost: 0.50 | Matched: ['trên', 'triệu']
2026-01-05 10:42:12 | DEBUG    | log:153 | [get_keyword_boost] Query: 'Tổng hợp các lệnh chi tiền mặt...' | Doc: Tổng hợp số tiền gia | Boost: 0.25 | Matched: ['tổng']
2026-01-05 10:42:12 | DEBUG    | log:153 | [get_keyword_boost] Query: 'Tổng hợp các lệnh chi tiền mặt...' | Doc: Thống kê giao dịch t | Boost: 0.25 | Matched: ['tổng hợp']
2026-01-05 10:42:12 | DEBUG    | log:153 | [get_keyword_boost] Query: 'Tổng hợp các lệnh chi tiền mặt...' | Doc: getTransactionList | | Boost: 0.25 | Matched: ['chưa được duyệt']
2026-01-05 10:42:12 | DEBUG    | log:153 | [get_keyword_boost] Query: 'Tổng hợp các lệnh chi tiền mặt...' | Doc: getTransactionList | | Boost: 0.50 | Matched: ['trên', 'triệu']
2026-01-05 10:42:12 | DEBUG    | log:153 | [classify_query_intent] Ambiguous: 'Tổng hợp các lệnh chi tiền mặt...' | Scores: {'Tra cứu giao dịch theo số tiền': 2, 'Tổng hợp số tiền giao dịch': 1, 'Thống kê giao dịch theo nhóm': 1, 'getTransactionList | Tra cứu giao dịch đang chờ xử lý hoặc chờ duyệt': 1, 'getTransactionList | Tra cứu giao dịch chờ duyệt theo số tiền hoặc hạn mức': 2}
2026-01-05 10:42:12 | DEBUG    | log:153 | [normalize_query] 'Check list transaction > 200 mil đang pe...' -> 'Check list transaction > 200 mil đang pe...'
2026-01-05 10:42:12 | DEBUG    | log:153 | [perform_hybrid_search] query_text: [Check list transaction > 200 mil đang pending giúp t.] - formatted_query: [Check list transaction > 200 mil đang pending giúp t] - normalized_query: [Check list transaction > 200 mil đang pending giúp t]
2026-01-05 10:42:12 | DEBUG    | log:153 | [perform_hybrid_search] BM25 raw scores: min=0.0000, max=7.0185
2026-01-05 10:42:12 | DEBUG    | log:153 | [get_keyword_boost] Query: 'Check list transaction > 200 m...' | Doc: Tra cứu giao dịch ch | Boost: 0.25 | Matched: ['ck']
2026-01-05 10:42:12 | DEBUG    | log:153 | [get_keyword_boost] Query: 'Check list transaction > 200 m...' | Doc: getTransactionList | | Boost: 0.25 | Matched: ['pending']
2026-01-05 10:42:12 | DEBUG    | log:153 | [get_keyword_boost] Query: 'Check list transaction > 200 m...' | Doc: getTransactionList | | Boost: 0.25 | Matched: ['pending']
2026-01-05 10:42:12 | DEBUG    | log:153 | [get_keyword_boost] Query: 'Check list transaction > 200 m...' | Doc: getTransactionList | | Boost: 0.25 | Matched: ['pending']
2026-01-05 10:42:12 | DEBUG    | log:153 | [get_keyword_boost] Query: 'Check list transaction > 200 m...' | Doc: getTransactionList | | Boost: 0.25 | Matched: ['pending']
2026-01-05 10:42:12 | DEBUG    | log:153 | [get_keyword_boost] Query: 'Check list transaction > 200 m...' | Doc: getTransactionList | | Boost: 0.25 | Matched: ['pending']
2026-01-05 10:42:12 | DEBUG    | log:153 | [classify_query_intent] Ambiguous: 'Check list transaction > 200 m...' | Scores: {'Tra cứu giao dịch chuyển tiền': 1, 'getTransactionList | Tra cứu giao dịch đang chờ xử lý hoặc chờ duyệt': 1, 'getTransactionList | Tra cứu giao dịch chờ duyệt theo số tài khoản nguồn': 1, 'getTransactionList | Tra cứu giao dịch chờ duyệt theo khoảng thời gian': 1, 'getTransactionList | Tra cứu giao dịch chờ duyệt theo loại giao dịch': 1, 'getTransactionList | Tra cứu giao dịch chờ duyệt theo số tiền hoặc hạn mức': 1}
2026-01-05 10:42:12 | DEBUG    | log:153 | [normalize_query] 'List các lệnh transfer từ 50m đến 100m c...' -> 'List các lệnh transfer từ 50m đến 100m c...'
2026-01-05 10:42:12 | DEBUG    | log:153 | [perform_hybrid_search] query_text: [List các lệnh transfer từ 50m đến 100m chưa completed.] - formatted_query: [List các lệnh transfer từ 50m đến 100m chưa completed] - normalized_query: [List các lệnh transfer từ 50m đến 100m chưa completed]
2026-01-05 10:42:12 | DEBUG    | log:153 | [perform_hybrid_search] BM25 raw scores: min=0.0000, max=9.1949
2026-01-05 10:42:12 | DEBUG    | log:153 | [get_keyword_boost] Query: 'List các lệnh transfer từ 50m ...' | Doc: Tra cứu giao dịch th | Boost: 0.25 | Matched: ['completed']
2026-01-05 10:42:12 | DEBUG    | log:153 | [get_keyword_boost] Query: 'List các lệnh transfer từ 50m ...' | Doc: getTransactionList | | Boost: 0.25 | Matched: ['từ']
2026-01-05 10:42:12 | DEBUG    | log:153 | [classify_query_intent] Ambiguous: 'List các lệnh transfer từ 50m ...' | Scores: {'Tra cứu giao dịch theo trạng thái': 1, 'getTransactionList | Tra cứu giao dịch chờ duyệt theo số tiền hoặc hạn mức': 1}
2026-01-05 10:42:12 | DEBUG    | log:153 | [normalize_query] 'Có transaction nào over 1 billion đang p...' -> 'Có transaction nào over 1 billion đang p...'
2026-01-05 10:42:12 | DEBUG    | log:153 | [perform_hybrid_search] query_text: [Có transaction nào over 1 billion đang pending system ko?] - formatted_query: [Có transaction nào over 1 billion đang pending system ko] - normalized_query: [Có transaction nào over 1 billion đang pending system ko]
2026-01-05 10:42:12 | DEBUG    | log:153 | [perform_hybrid_search] BM25 raw scores: min=0.0000, max=17.5451
2026-01-05 10:42:12 | DEBUG    | log:153 | [get_keyword_boost] Query: 'Có transaction nào over 1 bill...' | Doc: getTransactionList | | Boost: 0.25 | Matched: ['pending']
2026-01-05 10:42:12 | DEBUG    | log:153 | [get_keyword_boost] Query: 'Có transaction nào over 1 bill...' | Doc: getTransactionList | | Boost: 0.25 | Matched: ['pending']
2026-01-05 10:42:12 | DEBUG    | log:153 | [get_keyword_boost] Query: 'Có transaction nào over 1 bill...' | Doc: getTransactionList | | Boost: 0.25 | Matched: ['pending']
2026-01-05 10:42:12 | DEBUG    | log:153 | [get_keyword_boost] Query: 'Có transaction nào over 1 bill...' | Doc: getTransactionList | | Boost: 0.25 | Matched: ['pending']
2026-01-05 10:42:12 | DEBUG    | log:153 | [get_keyword_boost] Query: 'Có transaction nào over 1 bill...' | Doc: getTransactionList | | Boost: 0.25 | Matched: ['pending']
2026-01-05 10:42:12 | DEBUG    | log:153 | [classify_query_intent] Ambiguous: 'Có transaction nào over 1 bill...' | Scores: {'getTransactionList | Tra cứu giao dịch đang chờ xử lý hoặc chờ duyệt': 1, 'getTransactionList | Tra cứu giao dịch chờ duyệt theo số tài khoản nguồn': 1, 'getTransactionList | Tra cứu giao dịch chờ duyệt theo khoảng thời gian': 1, 'getTransactionList | Tra cứu giao dịch chờ duyệt theo loại giao dịch': 1, 'getTransactionList | Tra cứu giao dịch chờ duyệt theo số tiền hoặc hạn mức': 1}
2026-01-05 10:42:12 | DEBUG    | log:153 | [normalize_query] 'Show all payment orders > 500tr not appr...' -> 'Show all payment orders > 500tr not appr...'
2026-01-05 10:42:12 | DEBUG    | log:153 | [perform_hybrid_search] query_text: [Show all payment orders > 500tr not approved yet.] - formatted_query: [Show all payment orders > 500tr not approved yet] - normalized_query: [Show all payment orders > 500tr not approved yet]
2026-01-05 10:42:12 | DEBUG    | log:153 | [perform_hybrid_search] BM25 raw scores: min=0.0000, max=0.0000
2026-01-05 10:42:12 | DEBUG    | log:153 | [classify_query_intent] No keyword matches found in: 'Show all payment orders > 500tr not approved yet'
2026-01-05 10:42:12 | DEBUG    | log:153 | [normalize_query] 'Tôi muốn check các giao dịch small amoun...' -> 'Tôi muốn check các giao dịch small amoun...'
2026-01-05 10:42:12 | DEBUG    | log:153 | [perform_hybrid_search] query_text: [Tôi muốn check các giao dịch small amount < 1tr đang waiting.] - formatted_query: [Tôi muốn check các giao dịch small amount < 1tr đang waiting] - normalized_query: [Tôi muốn check các giao dịch small amount < 1tr đang waiting]
2026-01-05 10:42:12 | DEBUG    | log:153 | [perform_hybrid_search] BM25 raw scores: min=0.0786, max=5.1870
2026-01-05 10:42:12 | DEBUG    | log:153 | [get_keyword_boost] Query: 'Tôi muốn check các giao dịch s...' | Doc: Tra cứu giao dịch ch | Boost: 0.25 | Matched: ['ck']
2026-01-05 10:42:12 | DEBUG    | log:153 | [classify_query_intent] Classified: 'Tôi muốn check các giao dịch s...' -> Tra cứu giao dịch chuyển tiền (score=1)
2026-01-05 10:42:12 | DEBUG    | log:153 | [normalize_query] 'Filter giúp mấy cái corporate trans > 5 ...' -> 'Filter giúp mấy cái corporate trans > 5 ...'
2026-01-05 10:42:12 | DEBUG    | log:153 | [perform_hybrid_search] query_text: [Filter giúp mấy cái corporate trans > 5 billion chờ duyệt.] - formatted_query: [Filter giúp mấy cái corporate trans > 5 billion chờ duyệt] - normalized_query: [Filter giúp mấy cái corporate trans > 5 billion chờ duyệt]
2026-01-05 10:42:12 | DEBUG    | log:153 | [perform_hybrid_search] BM25 raw scores: min=0.0000, max=7.6782
2026-01-05 10:42:12 | DEBUG    | log:153 | [get_keyword_boost] Query: 'Filter giúp mấy cái corporate ...' | Doc: Tra cứu giao dịch th | Boost: 0.25 | Matched: ['chờ']
2026-01-05 10:42:12 | DEBUG    | log:153 | [get_keyword_boost] Query: 'Filter giúp mấy cái corporate ...' | Doc: getTransactionList | | Boost: 0.25 | Matched: ['chờ duyệt']
2026-01-05 10:42:12 | DEBUG    | log:153 | [get_keyword_boost] Query: 'Filter giúp mấy cái corporate ...' | Doc: getTransactionList | | Boost: 0.25 | Matched: ['chờ duyệt']
2026-01-05 10:42:12 | DEBUG    | log:153 | [get_keyword_boost] Query: 'Filter giúp mấy cái corporate ...' | Doc: getTransactionList | | Boost: 0.25 | Matched: ['chờ duyệt']
2026-01-05 10:42:12 | DEBUG    | log:153 | [get_keyword_boost] Query: 'Filter giúp mấy cái corporate ...' | Doc: getTransactionList | | Boost: 0.25 | Matched: ['chờ duyệt']
2026-01-05 10:42:12 | DEBUG    | log:153 | [get_keyword_boost] Query: 'Filter giúp mấy cái corporate ...' | Doc: getTransactionList | | Boost: 0.25 | Matched: ['chờ duyệt']
2026-01-05 10:42:12 | DEBUG    | log:153 | [classify_query_intent] Ambiguous: 'Filter giúp mấy cái corporate ...' | Scores: {'Tra cứu giao dịch theo trạng thái': 1, 'getTransactionList | Tra cứu giao dịch đang chờ xử lý hoặc chờ duyệt': 1, 'getTransactionList | Tra cứu giao dịch chờ duyệt theo số tài khoản nguồn': 1, 'getTransactionList | Tra cứu giao dịch chờ duyệt theo khoảng thời gian': 1, 'getTransactionList | Tra cứu giao dịch chờ duyệt theo loại giao dịch': 1, 'getTransactionList | Tra cứu giao dịch chờ duyệt theo số tiền hoặc hạn mức': 1}
2026-01-05 10:42:12 | DEBUG    | log:153 | [normalize_query] 'Các lệnh transfer nào trên 30m not verif...' -> 'Các lệnh transfer nào trên 30m not verif...'
2026-01-05 10:42:12 | DEBUG    | log:153 | [perform_hybrid_search] query_text: [Các lệnh transfer nào trên 30m not verified?] - formatted_query: [Các lệnh transfer nào trên 30m not verified] - normalized_query: [Các lệnh transfer nào trên 30m not verified]
2026-01-05 10:42:12 | DEBUG    | log:153 | [perform_hybrid_search] BM25 raw scores: min=0.0000, max=17.4660
2026-01-05 10:42:12 | DEBUG    | log:153 | [get_keyword_boost] Query: 'Các lệnh transfer nào trên 30m...' | Doc: Tra cứu giao dịch th | Boost: 0.25 | Matched: ['trên']
2026-01-05 10:42:12 | DEBUG    | log:153 | [get_keyword_boost] Query: 'Các lệnh transfer nào trên 30m...' | Doc: getTransactionList | | Boost: 0.25 | Matched: ['trên']
2026-01-05 10:42:12 | DEBUG    | log:153 | [classify_query_intent] Ambiguous: 'Các lệnh transfer nào trên 30m...' | Scores: {'Tra cứu giao dịch theo số tiền': 1, 'getTransactionList | Tra cứu giao dịch chờ duyệt theo số tiền hoặc hạn mức': 1}
2026-01-05 10:42:12 | DEBUG    | log:153 | [normalize_query] 'Cho biết trans nào large amount > 100 mi...' -> 'Cho biết trans nào large amount > 100 mi...'
2026-01-05 10:42:12 | DEBUG    | log:153 | [perform_hybrid_search] query_text: [Cho biết trans nào large amount > 100 mil đang bị treo.] - formatted_query: [Cho biết trans nào large amount > 100 mil đang bị treo] - normalized_query: [Cho biết trans nào large amount > 100 mil đang bị treo]
2026-01-05 10:42:12 | DEBUG    | log:153 | [perform_hybrid_search] BM25 raw scores: min=0.0000, max=16.7989
2026-01-05 10:42:12 | DEBUG    | log:153 | [classify_query_intent] No keyword matches found in: 'Cho biết trans nào large amount > 100 mil đang bị '
2026-01-05 10:42:12 | DEBUG    | log:153 | [normalize_query] 'View list các khoản spending > 20 mil ch...' -> 'View list các khoản spending > 20 mil ch...'
2026-01-05 10:42:12 | DEBUG    | log:153 | [perform_hybrid_search] query_text: [View list các khoản spending > 20 mil chưa process.] - formatted_query: [View list các khoản spending > 20 mil chưa process] - normalized_query: [View list các khoản spending > 20 mil chưa process]
2026-01-05 10:42:12 | DEBUG    | log:153 | [perform_hybrid_search] BM25 raw scores: min=0.0000, max=3.9212
2026-01-05 10:42:12 | DEBUG    | log:153 | [get_keyword_boost] Query: 'View list các khoản spending >...' | Doc: getTransactionList | | Boost: 0.25 | Matched: ['pending']
2026-01-05 10:42:12 | DEBUG    | log:153 | [get_keyword_boost] Query: 'View list các khoản spending >...' | Doc: getTransactionList | | Boost: 0.25 | Matched: ['pending']
2026-01-05 10:42:12 | DEBUG    | log:153 | [get_keyword_boost] Query: 'View list các khoản spending >...' | Doc: getTransactionList | | Boost: 0.25 | Matched: ['pending']
2026-01-05 10:42:12 | DEBUG    | log:153 | [get_keyword_boost] Query: 'View list các khoản spending >...' | Doc: getTransactionList | | Boost: 0.25 | Matched: ['pending']
2026-01-05 10:42:12 | DEBUG    | log:153 | [get_keyword_boost] Query: 'View list các khoản spending >...' | Doc: getTransactionList | | Boost: 0.25 | Matched: ['pending']
2026-01-05 10:42:12 | DEBUG    | log:153 | [classify_query_intent] Ambiguous: 'View list các khoản spending >...' | Scores: {'getTransactionList | Tra cứu giao dịch đang chờ xử lý hoặc chờ duyệt': 1, 'getTransactionList | Tra cứu giao dịch chờ duyệt theo số tài khoản nguồn': 1, 'getTransactionList | Tra cứu giao dịch chờ duyệt theo khoảng thời gian': 1, 'getTransactionList | Tra cứu giao dịch chờ duyệt theo loại giao dịch': 1, 'getTransactionList | Tra cứu giao dịch chờ duyệt theo số tiền hoặc hạn mức': 1}
2026-01-05 10:42:12 | DEBUG    | log:153 | [normalize_query] 'Có lệnh FX transfer nào > 1000 USD pendi...' -> 'Có lệnh fx transfer nào > 1000 usd pendi...'
2026-01-05 10:42:12 | DEBUG    | log:153 | [perform_hybrid_search] query_text: [Có lệnh FX transfer nào > 1000 USD pending ko?] - formatted_query: [Có lệnh fx transfer nào > 1000 usd pending ko] - normalized_query: [Có lệnh fx transfer nào > 1000 usd pending ko]
2026-01-05 10:42:12 | DEBUG    | log:153 | [perform_hybrid_search] BM25 raw scores: min=0.0000, max=16.6284
2026-01-05 10:42:12 | DEBUG    | log:153 | [get_keyword_boost] Query: 'Có lệnh fx transfer nào > 1000...' | Doc: getTransactionList | | Boost: 0.25 | Matched: ['pending']
2026-01-05 10:42:12 | DEBUG    | log:153 | [get_keyword_boost] Query: 'Có lệnh fx transfer nào > 1000...' | Doc: getTransactionList | | Boost: 0.25 | Matched: ['pending']
2026-01-05 10:42:12 | DEBUG    | log:153 | [get_keyword_boost] Query: 'Có lệnh fx transfer nào > 1000...' | Doc: getTransactionList | | Boost: 0.25 | Matched: ['pending']
2026-01-05 10:42:12 | DEBUG    | log:153 | [get_keyword_boost] Query: 'Có lệnh fx transfer nào > 1000...' | Doc: getTransactionList | | Boost: 0.25 | Matched: ['pending']
2026-01-05 10:42:12 | DEBUG    | log:153 | [get_keyword_boost] Query: 'Có lệnh fx transfer nào > 1000...' | Doc: getTransactionList | | Boost: 0.25 | Matched: ['pending']
2026-01-05 10:42:12 | DEBUG    | log:153 | [classify_query_intent] Ambiguous: 'Có lệnh fx transfer nào > 1000...' | Scores: {'getTransactionList | Tra cứu giao dịch đang chờ xử lý hoặc chờ duyệt': 1, 'getTransactionList | Tra cứu giao dịch chờ duyệt theo số tài khoản nguồn': 1, 'getTransactionList | Tra cứu giao dịch chờ duyệt theo khoảng thời gian': 1, 'getTransactionList | Tra cứu giao dịch chờ duyệt theo loại giao dịch': 1, 'getTransactionList | Tra cứu giao dịch chờ duyệt theo số tiền hoặc hạn mức': 1}
2026-01-05 10:42:12 | DEBUG    | log:153 | [normalize_query] 'Hiển thị payroll trans > 2 billion waiti...' -> 'Hiển thị payroll trans > 2 billion waiti...'
2026-01-05 10:42:12 | DEBUG    | log:153 | [perform_hybrid_search] query_text: [Hiển thị payroll trans > 2 billion waiting approval.] - formatted_query: [Hiển thị payroll trans > 2 billion waiting approval] - normalized_query: [Hiển thị payroll trans > 2 billion waiting approval]
2026-01-05 10:42:12 | DEBUG    | log:153 | [perform_hybrid_search] BM25 raw scores: min=0.0000, max=10.8070
2026-01-05 10:42:12 | DEBUG    | log:153 | [classify_query_intent] No keyword matches found in: 'Hiển thị payroll trans > 2 billion waiting approva'
2026-01-05 10:42:12 | DEBUG    | log:153 | [normalize_query] 'T cần find các lệnh high value transfer ...' -> 'T cần find các lệnh high value transfer ...'
2026-01-05 10:42:12 | DEBUG    | log:153 | [perform_hybrid_search] query_text: [T cần find các lệnh high value transfer chưa đi tiền.] - formatted_query: [T cần find các lệnh high value transfer chưa đi tiền] - normalized_query: [T cần find các lệnh high value transfer chưa đi tiền]
2026-01-05 10:42:12 | DEBUG    | log:153 | [perform_hybrid_search] BM25 raw scores: min=0.0235, max=8.2113
2026-01-05 10:42:12 | DEBUG    | log:153 | [classify_query_intent] No keyword matches found in: 'T cần find các lệnh high value transfer chưa đi ti'
2026-01-05 10:42:12 | DEBUG    | log:153 | [normalize_query] 'List all giao dịch > 100tr cần approve u...' -> 'List all giao dịch > 100tr cần approve u...'
2026-01-05 10:42:12 | DEBUG    | log:153 | [perform_hybrid_search] query_text: [List all giao dịch > 100tr cần approve urgent.] - formatted_query: [List all giao dịch > 100tr cần approve urgent] - normalized_query: [List all giao dịch > 100tr cần approve urgent]
2026-01-05 10:42:12 | DEBUG    | log:153 | [perform_hybrid_search] BM25 raw scores: min=0.0786, max=3.2779
2026-01-05 10:42:12 | DEBUG    | log:153 | [classify_query_intent] No keyword matches found in: 'List all giao dịch > 100tr cần approve urgent'
2026-01-05 10:42:12 | DEBUG    | log:153 | [normalize_query] 'Check xem có contract payment > 500 mil ...' -> 'Check xem có contract payment > 500 mil ...'
2026-01-05 10:42:12 | DEBUG    | log:153 | [perform_hybrid_search] query_text: [Check xem có contract payment > 500 mil chưa done ko.] - formatted_query: [Check xem có contract payment > 500 mil chưa done ko] - normalized_query: [Check xem có contract payment > 500 mil chưa done ko]
2026-01-05 10:42:12 | DEBUG    | log:153 | [perform_hybrid_search] BM25 raw scores: min=0.0000, max=13.0666
2026-01-05 10:42:12 | DEBUG    | log:153 | [get_keyword_boost] Query: 'Check xem có contract payment ...' | Doc: Tra cứu giao dịch ch | Boost: 0.25 | Matched: ['ck']
2026-01-05 10:42:12 | DEBUG    | log:153 | [classify_query_intent] Classified: 'Check xem có contract payment ...' -> Tra cứu giao dịch chuyển tiền (score=1)
2026-01-05 10:42:12 | DEBUG    | log:153 | [normalize_query] 'Những trans nào > 10tr still pending sta...' -> 'Những trans nào > 10tr still pending sta...'
2026-01-05 10:42:12 | DEBUG    | log:153 | [perform_hybrid_search] query_text: [Những trans nào > 10tr still pending status?] - formatted_query: [Những trans nào > 10tr still pending status] - normalized_query: [Những trans nào > 10tr still pending status]
2026-01-05 10:42:12 | DEBUG    | log:153 | [perform_hybrid_search] BM25 raw scores: min=0.0000, max=10.4128
2026-01-05 10:42:12 | DEBUG    | log:153 | [get_keyword_boost] Query: 'Những trans nào > 10tr still p...' | Doc: getTransactionList | | Boost: 0.25 | Matched: ['pending']
2026-01-05 10:42:12 | DEBUG    | log:153 | [get_keyword_boost] Query: 'Những trans nào > 10tr still p...' | Doc: getTransactionList | | Boost: 0.25 | Matched: ['pending']
2026-01-05 10:42:12 | DEBUG    | log:153 | [get_keyword_boost] Query: 'Những trans nào > 10tr still p...' | Doc: getTransactionList | | Boost: 0.25 | Matched: ['pending']
2026-01-05 10:42:12 | DEBUG    | log:153 | [get_keyword_boost] Query: 'Những trans nào > 10tr still p...' | Doc: getTransactionList | | Boost: 0.25 | Matched: ['pending']
2026-01-05 10:42:12 | DEBUG    | log:153 | [get_keyword_boost] Query: 'Những trans nào > 10tr still p...' | Doc: getTransactionList | | Boost: 0.25 | Matched: ['pending']
2026-01-05 10:42:12 | DEBUG    | log:153 | [classify_query_intent] Ambiguous: 'Những trans nào > 10tr still p...' | Scores: {'getTransactionList | Tra cứu giao dịch đang chờ xử lý hoặc chờ duyệt': 1, 'getTransactionList | Tra cứu giao dịch chờ duyệt theo số tài khoản nguồn': 1, 'getTransactionList | Tra cứu giao dịch chờ duyệt theo khoảng thời gian': 1, 'getTransactionList | Tra cứu giao dịch chờ duyệt theo loại giao dịch': 1, 'getTransactionList | Tra cứu giao dịch chờ duyệt theo số tiền hoặc hạn mức': 1}
2026-01-05 10:42:12 | DEBUG    | log:153 | [normalize_query] 'Xem ds gd trên 200tr chờ duyệt....' -> 'Xem ds gd trên 200tr chờ duyệt...'
2026-01-05 10:42:12 | DEBUG    | log:153 | [perform_hybrid_search] query_text: [Xem ds gd trên 200tr chờ duyệt.] - formatted_query: [Xem ds gd trên 200tr chờ duyệt] - normalized_query: [Xem ds gd trên 200tr chờ duyệt]
2026-01-05 10:42:12 | DEBUG    | log:153 | [perform_hybrid_search] BM25 raw scores: min=0.0000, max=13.3657
2026-01-05 10:42:12 | DEBUG    | log:153 | [get_keyword_boost] Query: 'Xem ds gd trên 200tr chờ duyệt...' | Doc: Tra cứu giao dịch th | Boost: 0.25 | Matched: ['trên']
2026-01-05 10:42:12 | DEBUG    | log:153 | [get_keyword_boost] Query: 'Xem ds gd trên 200tr chờ duyệt...' | Doc: Tra cứu giao dịch th | Boost: 0.25 | Matched: ['chờ']
2026-01-05 10:42:12 | DEBUG    | log:153 | [get_keyword_boost] Query: 'Xem ds gd trên 200tr chờ duyệt...' | Doc: getTransactionList | | Boost: 0.25 | Matched: ['chờ duyệt']
2026-01-05 10:42:12 | DEBUG    | log:153 | [get_keyword_boost] Query: 'Xem ds gd trên 200tr chờ duyệt...' | Doc: getTransactionList | | Boost: 0.25 | Matched: ['chờ duyệt']
2026-01-05 10:42:12 | DEBUG    | log:153 | [get_keyword_boost] Query: 'Xem ds gd trên 200tr chờ duyệt...' | Doc: getTransactionList | | Boost: 0.25 | Matched: ['chờ duyệt']
2026-01-05 10:42:12 | DEBUG    | log:153 | [get_keyword_boost] Query: 'Xem ds gd trên 200tr chờ duyệt...' | Doc: getTransactionList | | Boost: 0.25 | Matched: ['chờ duyệt']
2026-01-05 10:42:12 | DEBUG    | log:153 | [get_keyword_boost] Query: 'Xem ds gd trên 200tr chờ duyệt...' | Doc: getTransactionList | | Boost: 0.50 | Matched: ['chờ duyệt', 'trên']
2026-01-05 10:42:12 | DEBUG    | log:153 | [classify_query_intent] Classified: 'Xem ds gd trên 200tr chờ duyệt...' -> getTransactionList | Tra cứu g (score=2)
2026-01-05 10:42:12 | DEBUG    | log:153 | [normalize_query] 'Liệt kê lệnh ck 50-100 củ chưa xong....' -> 'Liệt kê lệnh ck 50-100 củ chưa xong...'
2026-01-05 10:42:12 | DEBUG    | log:153 | [perform_hybrid_search] query_text: [Liệt kê lệnh ck 50-100 củ chưa xong.] - formatted_query: [Liệt kê lệnh ck 50-100 củ chưa xong] - normalized_query: [Liệt kê lệnh ck 50-100 củ chưa xong]
2026-01-05 10:42:12 | DEBUG    | log:153 | [perform_hybrid_search] BM25 raw scores: min=0.0000, max=23.3217
2026-01-05 10:42:12 | DEBUG    | log:153 | [get_keyword_boost] Query: 'Liệt kê lệnh ck 50-100 củ chưa...' | Doc: Tra cứu giao dịch ch | Boost: 0.25 | Matched: ['ck']
2026-01-05 10:42:12 | DEBUG    | log:153 | [classify_query_intent] Classified: 'Liệt kê lệnh ck 50-100 củ chưa...' -> Tra cứu giao dịch chuyển tiền (score=1)
2026-01-05 10:42:12 | DEBUG    | log:153 | [normalize_query] 'Có gd nào vượt 1 tỏi đang pending k?...' -> 'Có gd nào vượt 1 tỏi đang pending k...'
2026-01-05 10:42:12 | DEBUG    | log:153 | [perform_hybrid_search] query_text: [Có gd nào vượt 1 tỏi đang pending k?] - formatted_query: [Có gd nào vượt 1 tỏi đang pending k] - normalized_query: [Có gd nào vượt 1 tỏi đang pending k]
2026-01-05 10:42:12 | DEBUG    | log:153 | [perform_hybrid_search] BM25 raw scores: min=0.0000, max=17.5451
2026-01-05 10:42:12 | DEBUG    | log:153 | [get_keyword_boost] Query: 'Có gd nào vượt 1 tỏi đang pend...' | Doc: getTransactionList | | Boost: 0.25 | Matched: ['pending']
2026-01-05 10:42:12 | DEBUG    | log:153 | [get_keyword_boost] Query: 'Có gd nào vượt 1 tỏi đang pend...' | Doc: getTransactionList | | Boost: 0.25 | Matched: ['pending']
2026-01-05 10:42:12 | DEBUG    | log:153 | [get_keyword_boost] Query: 'Có gd nào vượt 1 tỏi đang pend...' | Doc: getTransactionList | | Boost: 0.25 | Matched: ['pending']
2026-01-05 10:42:12 | DEBUG    | log:153 | [get_keyword_boost] Query: 'Có gd nào vượt 1 tỏi đang pend...' | Doc: getTransactionList | | Boost: 0.25 | Matched: ['pending']
2026-01-05 10:42:12 | DEBUG    | log:153 | [get_keyword_boost] Query: 'Có gd nào vượt 1 tỏi đang pend...' | Doc: getTransactionList | | Boost: 0.25 | Matched: ['pending']
2026-01-05 10:42:12 | DEBUG    | log:153 | [classify_query_intent] Ambiguous: 'Có gd nào vượt 1 tỏi đang pend...' | Scores: {'getTransactionList | Tra cứu giao dịch đang chờ xử lý hoặc chờ duyệt': 1, 'getTransactionList | Tra cứu giao dịch chờ duyệt theo số tài khoản nguồn': 1, 'getTransactionList | Tra cứu giao dịch chờ duyệt theo khoảng thời gian': 1, 'getTransactionList | Tra cứu giao dịch chờ duyệt theo loại giao dịch': 1, 'getTransactionList | Tra cứu giao dịch chờ duyệt theo số tiền hoặc hạn mức': 1}
2026-01-05 10:42:12 | DEBUG    | log:153 | [normalize_query] 'Hiện full lệnh tt trên 500tr chưa duyệt....' -> 'Hiện full lệnh tt trên 500tr chưa duyệt...'
2026-01-05 10:42:12 | DEBUG    | log:153 | [perform_hybrid_search] query_text: [Hiện full lệnh tt trên 500tr chưa duyệt.] - formatted_query: [Hiện full lệnh tt trên 500tr chưa duyệt] - normalized_query: [Hiện full lệnh tt trên 500tr chưa duyệt]
2026-01-05 10:42:12 | DEBUG    | log:153 | [perform_hybrid_search] BM25 raw scores: min=0.0000, max=15.3644
2026-01-05 10:42:12 | DEBUG    | log:153 | [get_keyword_boost] Query: 'Hiện full lệnh tt trên 500tr c...' | Doc: Tra cứu giao dịch th | Boost: 0.25 | Matched: ['trên']
2026-01-05 10:42:12 | DEBUG    | log:153 | [get_keyword_boost] Query: 'Hiện full lệnh tt trên 500tr c...' | Doc: getTransactionList | | Boost: 0.25 | Matched: ['trên']
2026-01-05 10:42:12 | DEBUG    | log:153 | [classify_query_intent] Ambiguous: 'Hiện full lệnh tt trên 500tr c...' | Scores: {'Tra cứu giao dịch theo số tiền': 1, 'getTransactionList | Tra cứu giao dịch chờ duyệt theo số tiền hoặc hạn mức': 1}
2026-01-05 10:42:12 | DEBUG    | log:153 | [normalize_query] 'Ktra gd dưới 1 củ đang chờ xl....' -> 'Ktra gd dưới 1 củ đang chờ xl...'
2026-01-05 10:42:12 | DEBUG    | log:153 | [perform_hybrid_search] query_text: [Ktra gd dưới 1 củ đang chờ xl.] - formatted_query: [Ktra gd dưới 1 củ đang chờ xl] - normalized_query: [Ktra gd dưới 1 củ đang chờ xl]
2026-01-05 10:42:13 | DEBUG    | log:153 | [perform_hybrid_search] BM25 raw scores: min=0.0000, max=8.6685
2026-01-05 10:42:13 | DEBUG    | log:153 | [get_keyword_boost] Query: 'Ktra gd dưới 1 củ đang chờ xl...' | Doc: Tra cứu giao dịch th | Boost: 0.25 | Matched: ['dưới']
2026-01-05 10:42:13 | DEBUG    | log:153 | [get_keyword_boost] Query: 'Ktra gd dưới 1 củ đang chờ xl...' | Doc: Tra cứu giao dịch th | Boost: 0.25 | Matched: ['chờ']
2026-01-05 10:42:13 | DEBUG    | log:153 | [get_keyword_boost] Query: 'Ktra gd dưới 1 củ đang chờ xl...' | Doc: getTransactionList | | Boost: 0.25 | Matched: ['đang chờ']
2026-01-05 10:42:13 | DEBUG    | log:153 | [classify_query_intent] Ambiguous: 'Ktra gd dưới 1 củ đang chờ xl...' | Scores: {'Tra cứu giao dịch theo số tiền': 1, 'Tra cứu giao dịch theo trạng thái': 1, 'getTransactionList | Tra cứu giao dịch đang chờ xử lý hoặc chờ duyệt': 1}
2026-01-05 10:42:13 | DEBUG    | log:153 | [normalize_query] 'Lọc gd dn trên 5 tỷ chờ sếp duyệt....' -> 'Lọc gd dn trên 5 tỷ chờ sếp duyệt...'
2026-01-05 10:42:13 | DEBUG    | log:153 | [perform_hybrid_search] query_text: [Lọc gd dn trên 5 tỷ chờ sếp duyệt.] - formatted_query: [Lọc gd dn trên 5 tỷ chờ sếp duyệt] - normalized_query: [Lọc gd dn trên 5 tỷ chờ sếp duyệt]
2026-01-05 10:42:13 | DEBUG    | log:153 | [perform_hybrid_search] BM25 raw scores: min=0.0281, max=13.8647
2026-01-05 10:42:13 | DEBUG    | log:153 | [get_keyword_boost] Query: 'Lọc gd dn trên 5 tỷ chờ sếp du...' | Doc: Tra cứu giao dịch th | Boost: 0.25 | Matched: ['trên']
2026-01-05 10:42:13 | DEBUG    | log:153 | [get_keyword_boost] Query: 'Lọc gd dn trên 5 tỷ chờ sếp du...' | Doc: Tra cứu giao dịch th | Boost: 0.25 | Matched: ['chờ']
2026-01-05 10:42:13 | DEBUG    | log:153 | [get_keyword_boost] Query: 'Lọc gd dn trên 5 tỷ chờ sếp du...' | Doc: getTransactionList | | Boost: 0.50 | Matched: ['trên', 'tỷ']
2026-01-05 10:42:13 | DEBUG    | log:153 | [classify_query_intent] Classified: 'Lọc gd dn trên 5 tỷ chờ sếp du...' -> getTransactionList | Tra cứu g (score=2)
2026-01-05 10:42:13 | DEBUG    | log:153 | [normalize_query] 'Mấy lệnh ck >30tr chưa duyệt đâu?...' -> 'Mấy lệnh ck >30tr chưa duyệt đâu...'
2026-01-05 10:42:13 | DEBUG    | log:153 | [perform_hybrid_search] query_text: [Mấy lệnh ck >30tr chưa duyệt đâu?] - formatted_query: [Mấy lệnh ck >30tr chưa duyệt đâu] - normalized_query: [Mấy lệnh ck >30tr chưa duyệt đâu]
2026-01-05 10:42:13 | DEBUG    | log:153 | [perform_hybrid_search] BM25 raw scores: min=0.0000, max=11.1212
2026-01-05 10:42:13 | DEBUG    | log:153 | [get_keyword_boost] Query: 'Mấy lệnh ck >30tr chưa duyệt đ...' | Doc: Tra cứu giao dịch ch | Boost: 0.25 | Matched: ['ck']
2026-01-05 10:42:13 | DEBUG    | log:153 | [classify_query_intent] Classified: 'Mấy lệnh ck >30tr chưa duyệt đ...' -> Tra cứu giao dịch chuyển tiền (score=1)
2026-01-05 10:42:13 | DEBUG    | log:153 | [normalize_query] 'Gd nào số to >100tr đang treo?...' -> 'Gd nào số to >100tr đang treo...'
2026-01-05 10:42:13 | DEBUG    | log:153 | [perform_hybrid_search] query_text: [Gd nào số to >100tr đang treo?] - formatted_query: [Gd nào số to >100tr đang treo] - normalized_query: [Gd nào số to >100tr đang treo]
2026-01-05 10:42:13 | DEBUG    | log:153 | [perform_hybrid_search] BM25 raw scores: min=0.0284, max=13.7449
2026-01-05 10:42:13 | DEBUG    | log:153 | [classify_query_intent] No keyword matches found in: 'Gd nào số to >100tr đang treo'
2026-01-05 10:42:13 | DEBUG    | log:153 | [normalize_query] 'Xem ds chi tiêu 20 củ chưa xl....' -> 'Xem ds chi tiêu 20 củ chưa xl...'
2026-01-05 10:42:13 | DEBUG    | log:153 | [perform_hybrid_search] query_text: [Xem ds chi tiêu 20 củ chưa xl.] - formatted_query: [Xem ds chi tiêu 20 củ chưa xl] - normalized_query: [Xem ds chi tiêu 20 củ chưa xl]
2026-01-05 10:42:13 | DEBUG    | log:153 | [perform_hybrid_search] BM25 raw scores: min=0.0000, max=10.4870
2026-01-05 10:42:13 | DEBUG    | log:153 | [classify_query_intent] No keyword matches found in: 'Xem ds chi tiêu 20 củ chưa xl'
2026-01-05 10:42:13 | DEBUG    | log:153 | [normalize_query] 'Có lệnh ck ngoại tệ >1k đô pending k?...' -> 'Có lệnh ck ngoại tệ >1k đô pending k...'
2026-01-05 10:42:13 | DEBUG    | log:153 | [perform_hybrid_search] query_text: [Có lệnh ck ngoại tệ >1k đô pending k?] - formatted_query: [Có lệnh ck ngoại tệ >1k đô pending k] - normalized_query: [Có lệnh ck ngoại tệ >1k đô pending k]
2026-01-05 10:42:13 | DEBUG    | log:153 | [perform_hybrid_search] BM25 raw scores: min=0.0000, max=8.2494
2026-01-05 10:42:13 | DEBUG    | log:153 | [get_keyword_boost] Query: 'Có lệnh ck ngoại tệ >1k đô pen...' | Doc: Tra cứu giao dịch ch | Boost: 0.25 | Matched: ['ck']
2026-01-05 10:42:13 | DEBUG    | log:153 | [get_keyword_boost] Query: 'Có lệnh ck ngoại tệ >1k đô pen...' | Doc: getTransactionList | | Boost: 0.25 | Matched: ['pending']
2026-01-05 10:42:13 | DEBUG    | log:153 | [get_keyword_boost] Query: 'Có lệnh ck ngoại tệ >1k đô pen...' | Doc: getTransactionList | | Boost: 0.25 | Matched: ['pending']
2026-01-05 10:42:13 | DEBUG    | log:153 | [get_keyword_boost] Query: 'Có lệnh ck ngoại tệ >1k đô pen...' | Doc: getTransactionList | | Boost: 0.25 | Matched: ['pending']
2026-01-05 10:42:13 | DEBUG    | log:153 | [get_keyword_boost] Query: 'Có lệnh ck ngoại tệ >1k đô pen...' | Doc: getTransactionList | | Boost: 0.25 | Matched: ['pending']
2026-01-05 10:42:13 | DEBUG    | log:153 | [get_keyword_boost] Query: 'Có lệnh ck ngoại tệ >1k đô pen...' | Doc: getTransactionList | | Boost: 0.25 | Matched: ['pending']
2026-01-05 10:42:13 | DEBUG    | log:153 | [classify_query_intent] Ambiguous: 'Có lệnh ck ngoại tệ >1k đô pen...' | Scores: {'Tra cứu giao dịch chuyển tiền': 1, 'getTransactionList | Tra cứu giao dịch đang chờ xử lý hoặc chờ duyệt': 1, 'getTransactionList | Tra cứu giao dịch chờ duyệt theo số tài khoản nguồn': 1, 'getTransactionList | Tra cứu giao dịch chờ duyệt theo khoảng thời gian': 1, 'getTransactionList | Tra cứu giao dịch chờ duyệt theo loại giao dịch': 1, 'getTransactionList | Tra cứu giao dịch chờ duyệt theo số tiền hoặc hạn mức': 1}
2026-01-05 10:42:13 | DEBUG    | log:153 | [normalize_query] 'Hiện gd lương trên 2 tỏi chờ duyệt....' -> 'Hiện gd lương trên 2 tỏi chờ duyệt...'
2026-01-05 10:42:13 | DEBUG    | log:153 | [perform_hybrid_search] query_text: [Hiện gd lương trên 2 tỏi chờ duyệt.] - formatted_query: [Hiện gd lương trên 2 tỏi chờ duyệt] - normalized_query: [Hiện gd lương trên 2 tỏi chờ duyệt]
2026-01-05 10:42:13 | DEBUG    | log:153 | [perform_hybrid_search] BM25 raw scores: min=0.0000, max=12.4736
2026-01-05 10:42:13 | DEBUG    | log:153 | [get_keyword_boost] Query: 'Hiện gd lương trên 2 tỏi chờ d...' | Doc: Tra cứu giao dịch th | Boost: 0.25 | Matched: ['trên']
2026-01-05 10:42:13 | DEBUG    | log:153 | [get_keyword_boost] Query: 'Hiện gd lương trên 2 tỏi chờ d...' | Doc: Tra cứu giao dịch th | Boost: 0.25 | Matched: ['chờ']
2026-01-05 10:42:13 | DEBUG    | log:153 | [get_keyword_boost] Query: 'Hiện gd lương trên 2 tỏi chờ d...' | Doc: getTransactionList | | Boost: 0.25 | Matched: ['chờ duyệt']
2026-01-05 10:42:13 | DEBUG    | log:153 | [get_keyword_boost] Query: 'Hiện gd lương trên 2 tỏi chờ d...' | Doc: getTransactionList | | Boost: 0.25 | Matched: ['chờ duyệt']
2026-01-05 10:42:13 | DEBUG    | log:153 | [get_keyword_boost] Query: 'Hiện gd lương trên 2 tỏi chờ d...' | Doc: getTransactionList | | Boost: 0.25 | Matched: ['chờ duyệt']
2026-01-05 10:42:13 | DEBUG    | log:153 | [get_keyword_boost] Query: 'Hiện gd lương trên 2 tỏi chờ d...' | Doc: getTransactionList | | Boost: 0.25 | Matched: ['chờ duyệt']
2026-01-05 10:42:13 | DEBUG    | log:153 | [get_keyword_boost] Query: 'Hiện gd lương trên 2 tỏi chờ d...' | Doc: getTransactionList | | Boost: 0.50 | Matched: ['chờ duyệt', 'trên']
2026-01-05 10:42:13 | DEBUG    | log:153 | [classify_query_intent] Classified: 'Hiện gd lương trên 2 tỏi chờ d...' -> getTransactionList | Tra cứu g (score=2)
2026-01-05 10:42:13 | DEBUG    | log:153 | [normalize_query] 'Tìm lệnh ck tiền to chưa đi....' -> 'Tìm lệnh ck tiền to chưa đi...'
2026-01-05 10:42:13 | DEBUG    | log:153 | [perform_hybrid_search] query_text: [Tìm lệnh ck tiền to chưa đi.] - formatted_query: [Tìm lệnh ck tiền to chưa đi] - normalized_query: [Tìm lệnh ck tiền to chưa đi]
2026-01-05 10:42:13 | DEBUG    | log:153 | [perform_hybrid_search] BM25 raw scores: min=0.0268, max=8.8766
2026-01-05 10:42:13 | DEBUG    | log:153 | [get_keyword_boost] Query: 'Tìm lệnh ck tiền to chưa đi...' | Doc: Tra cứu giao dịch ch | Boost: 0.25 | Matched: ['ck']
2026-01-05 10:42:13 | DEBUG    | log:153 | [classify_query_intent] Classified: 'Tìm lệnh ck tiền to chưa đi...' -> Tra cứu giao dịch chuyển tiền (score=1)
2026-01-05 10:42:13 | DEBUG    | log:153 | [normalize_query] 'Liệt kê gd 100tr cần duyệt gấp....' -> 'Liệt kê gd 100tr cần duyệt gấp...'
2026-01-05 10:42:13 | DEBUG    | log:153 | [perform_hybrid_search] query_text: [Liệt kê gd 100tr cần duyệt gấp.] - formatted_query: [Liệt kê gd 100tr cần duyệt gấp] - normalized_query: [Liệt kê gd 100tr cần duyệt gấp]
2026-01-05 10:42:13 | DEBUG    | log:153 | [perform_hybrid_search] BM25 raw scores: min=0.0000, max=21.9352
2026-01-05 10:42:13 | DEBUG    | log:153 | [get_keyword_boost] Query: 'Liệt kê gd 100tr cần duyệt gấp...' | Doc: getTransactionList | | Boost: 0.25 | Matched: ['cần duyệt']
2026-01-05 10:42:13 | DEBUG    | log:153 | [classify_query_intent] Classified: 'Liệt kê gd 100tr cần duyệt gấp...' -> getTransactionList | Tra cứu g (score=1)
2026-01-05 10:42:13 | DEBUG    | log:153 | [normalize_query] 'Ktra tt hđ 500tr chưa xong....' -> 'Ktra tt hđ 500tr chưa xong...'
2026-01-05 10:42:13 | DEBUG    | log:153 | [perform_hybrid_search] query_text: [Ktra tt hđ 500tr chưa xong.] - formatted_query: [Ktra tt hđ 500tr chưa xong] - normalized_query: [Ktra tt hđ 500tr chưa xong]
2026-01-05 10:42:13 | DEBUG    | log:153 | [perform_hybrid_search] BM25 raw scores: min=0.0000, max=2.5417
2026-01-05 10:42:13 | DEBUG    | log:153 | [classify_query_intent] No keyword matches found in: 'Ktra tt hđ 500tr chưa xong'
2026-01-05 10:42:13 | DEBUG    | log:153 | [normalize_query] 'Gd trên 10 củ còn chờ duyệt k?...' -> 'Gd trên 10 củ còn chờ duyệt k...'
2026-01-05 10:42:13 | DEBUG    | log:153 | [perform_hybrid_search] query_text: [Gd trên 10 củ còn chờ duyệt k?] - formatted_query: [Gd trên 10 củ còn chờ duyệt k] - normalized_query: [Gd trên 10 củ còn chờ duyệt k]
2026-01-05 10:42:13 | DEBUG    | log:153 | [perform_hybrid_search] BM25 raw scores: min=0.0000, max=11.0829
2026-01-05 10:42:13 | DEBUG    | log:153 | [get_keyword_boost] Query: 'Gd trên 10 củ còn chờ duyệt k...' | Doc: Tra cứu giao dịch th | Boost: 0.25 | Matched: ['trên']
2026-01-05 10:42:13 | DEBUG    | log:153 | [get_keyword_boost] Query: 'Gd trên 10 củ còn chờ duyệt k...' | Doc: Tra cứu giao dịch th | Boost: 0.25 | Matched: ['chờ']
2026-01-05 10:42:13 | DEBUG    | log:153 | [get_keyword_boost] Query: 'Gd trên 10 củ còn chờ duyệt k...' | Doc: getTransactionList | | Boost: 0.25 | Matched: ['chờ duyệt']
2026-01-05 10:42:13 | DEBUG    | log:153 | [get_keyword_boost] Query: 'Gd trên 10 củ còn chờ duyệt k...' | Doc: getTransactionList | | Boost: 0.25 | Matched: ['chờ duyệt']
2026-01-05 10:42:13 | DEBUG    | log:153 | [get_keyword_boost] Query: 'Gd trên 10 củ còn chờ duyệt k...' | Doc: getTransactionList | | Boost: 0.25 | Matched: ['chờ duyệt']
2026-01-05 10:42:13 | DEBUG    | log:153 | [get_keyword_boost] Query: 'Gd trên 10 củ còn chờ duyệt k...' | Doc: getTransactionList | | Boost: 0.25 | Matched: ['chờ duyệt']
2026-01-05 10:42:13 | DEBUG    | log:153 | [get_keyword_boost] Query: 'Gd trên 10 củ còn chờ duyệt k...' | Doc: getTransactionList | | Boost: 0.50 | Matched: ['chờ duyệt', 'trên']
2026-01-05 10:42:13 | DEBUG    | log:153 | [classify_query_intent] Classified: 'Gd trên 10 củ còn chờ duyệt k...' -> getTransactionList | Tra cứu g (score=2)
2026-01-05 10:42:13 | DEBUG    | log:153 | [normalize_query] 'cho toi xem danh sach cac giao dich tren...' -> 'Cho toi xem danh sach cac giao dich tren...'
2026-01-05 10:42:13 | DEBUG    | log:153 | [perform_hybrid_search] query_text: [cho toi xem danh sach cac giao dich tren 200 trieu dang cho duyet] - formatted_query: [Cho toi xem danh sach cac giao dich tren 200 trieu dang cho duyet] - normalized_query: [Cho toi xem danh sach cac giao dich tren 200 trieu dang cho duyet]
2026-01-05 10:42:13 | DEBUG    | log:153 | [perform_hybrid_search] BM25 raw scores: min=0.1049, max=30.9734
2026-01-05 10:42:13 | DEBUG    | log:153 | [classify_query_intent] No keyword matches found in: 'Cho toi xem danh sach cac giao dich tren 200 trieu'
2026-01-05 10:42:13 | DEBUG    | log:153 | [normalize_query] 'liet ke cac lenh chuyen tien co gia tri ...' -> 'Liet ke cac lenh chuyen tien co gia tri ...'
2026-01-05 10:42:13 | DEBUG    | log:153 | [perform_hybrid_search] query_text: [liet ke cac lenh chuyen tien co gia tri tu 50 trieu den 100 trieu] - formatted_query: [Liet ke cac lenh chuyen tien co gia tri tu 50 trieu den 100 trieu] - normalized_query: [Liet ke cac lenh chuyen tien co gia tri tu 50 trieu den 100 trieu]
2026-01-05 10:42:13 | DEBUG    | log:153 | [perform_hybrid_search] BM25 raw scores: min=0.6853, max=31.0265
2026-01-05 10:42:13 | DEBUG    | log:153 | [classify_query_intent] No keyword matches found in: 'Liet ke cac lenh chuyen tien co gia tri tu 50 trie'
2026-01-05 10:42:13 | DEBUG    | log:153 | [normalize_query] 'co giao dich nao vuot han muc 1 ty dang ...' -> 'Co giao dich nao vuot han muc 1 ty dang ...'
2026-01-05 10:42:13 | DEBUG    | log:153 | [perform_hybrid_search] query_text: [co giao dich nao vuot han muc 1 ty dang pending khong] - formatted_query: [Co giao dich nao vuot han muc 1 ty dang pending khong] - normalized_query: [Co giao dich nao vuot han muc 1 ty dang pending khong]
2026-01-05 10:42:13 | DEBUG    | log:153 | [perform_hybrid_search] BM25 raw scores: min=0.1049, max=18.9268
2026-01-05 10:42:13 | DEBUG    | log:153 | [get_keyword_boost] Query: 'Co giao dich nao vuot han muc ...' | Doc: getTransactionList | | Boost: 0.25 | Matched: ['pending']
2026-01-05 10:42:13 | DEBUG    | log:153 | [get_keyword_boost] Query: 'Co giao dich nao vuot han muc ...' | Doc: getTransactionList | | Boost: 0.25 | Matched: ['pending']
2026-01-05 10:42:13 | DEBUG    | log:153 | [get_keyword_boost] Query: 'Co giao dich nao vuot han muc ...' | Doc: getTransactionList | | Boost: 0.25 | Matched: ['pending']
2026-01-05 10:42:13 | DEBUG    | log:153 | [get_keyword_boost] Query: 'Co giao dich nao vuot han muc ...' | Doc: getTransactionList | | Boost: 0.25 | Matched: ['pending']
2026-01-05 10:42:13 | DEBUG    | log:153 | [get_keyword_boost] Query: 'Co giao dich nao vuot han muc ...' | Doc: getTransactionList | | Boost: 0.25 | Matched: ['pending']
2026-01-05 10:42:13 | DEBUG    | log:153 | [classify_query_intent] Ambiguous: 'Co giao dich nao vuot han muc ...' | Scores: {'getTransactionList | Tra cứu giao dịch đang chờ xử lý hoặc chờ duyệt': 1, 'getTransactionList | Tra cứu giao dịch chờ duyệt theo số tài khoản nguồn': 1, 'getTransactionList | Tra cứu giao dịch chờ duyệt theo khoảng thời gian': 1, 'getTransactionList | Tra cứu giao dịch chờ duyệt theo loại giao dịch': 1, 'getTransactionList | Tra cứu giao dịch chờ duyệt theo số tiền hoặc hạn mức': 1}
2026-01-05 10:42:13 | DEBUG    | log:153 | [normalize_query] 'hien thi toan bo cac lenh thanh toan tre...' -> 'Hien thi toan bo cac lenh thanh toan tre...'
2026-01-05 10:42:13 | DEBUG    | log:153 | [perform_hybrid_search] query_text: [hien thi toan bo cac lenh thanh toan tren 500 trieu chua duoc phe duyet] - formatted_query: [Hien thi toan bo cac lenh thanh toan tren 500 trieu chua duoc phe duyet] - normalized_query: [Hien thi toan bo cac lenh thanh toan tren 500 trieu chua duoc phe duyet]
2026-01-05 10:42:13 | DEBUG    | log:153 | [perform_hybrid_search] BM25 raw scores: min=0.2683, max=46.9254
2026-01-05 10:42:13 | DEBUG    | log:153 | [classify_query_intent] No keyword matches found in: 'Hien thi toan bo cac lenh thanh toan tren 500 trie'
2026-01-05 10:42:13 | DEBUG    | log:153 | [normalize_query] 'toi muon kiem tra cac giao dich gia tri ...' -> 'Toi muon kiem tra cac giao dich gia tri ...'
2026-01-05 10:42:13 | DEBUG    | log:153 | [perform_hybrid_search] query_text: [toi muon kiem tra cac giao dich gia tri nho duoi 1 trieu dang cho xu ly] - formatted_query: [Toi muon kiem tra cac giao dich gia tri nho duoi 1 trieu dang cho xu ly] - normalized_query: [Toi muon kiem tra cac giao dich gia tri nho duoi 1 trieu dang cho xu ly]
2026-01-05 10:42:13 | DEBUG    | log:153 | [perform_hybrid_search] BM25 raw scores: min=0.1311, max=21.4511
2026-01-05 10:42:13 | DEBUG    | log:153 | [classify_query_intent] No keyword matches found in: 'Toi muon kiem tra cac giao dich gia tri nho duoi 1'
2026-01-05 10:42:13 | DEBUG    | log:153 | [normalize_query] 'loc ra cac giao dich doanh nghiep tren 5...' -> 'Loc ra cac giao dich doanh nghiep tren 5...'
2026-01-05 10:42:13 | DEBUG    | log:153 | [perform_hybrid_search] query_text: [loc ra cac giao dich doanh nghiep tren 5 ty dang cho checker phe duyet] - formatted_query: [Loc ra cac giao dich doanh nghiep tren 5 ty dang cho checker phe duyet] - normalized_query: [Loc ra cac giao dich doanh nghiep tren 5 ty dang cho checker phe duyet]
2026-01-05 10:42:13 | DEBUG    | log:153 | [perform_hybrid_search] BM25 raw scores: min=0.1311, max=10.1195
2026-01-05 10:42:13 | DEBUG    | log:153 | [get_keyword_boost] Query: 'Loc ra cac giao dich doanh ngh...' | Doc: Tra cứu giao dịch ch | Boost: 0.25 | Matched: ['ck']
2026-01-05 10:42:13 | DEBUG    | log:153 | [classify_query_intent] Classified: 'Loc ra cac giao dich doanh ngh...' -> Tra cứu giao dịch chuyển tiền (score=1)
2026-01-05 10:42:13 | DEBUG    | log:153 | [normalize_query] 'cac lenh chuyen khoan nao tren 30 trieu ...' -> 'Cac lenh chuyen khoan nao tren 30 trieu ...'
2026-01-05 10:42:13 | DEBUG    | log:153 | [perform_hybrid_search] query_text: [cac lenh chuyen khoan nao tren 30 trieu hien van chua duoc duyet] - formatted_query: [Cac lenh chuyen khoan nao tren 30 trieu hien van chua duoc duyet] - normalized_query: [Cac lenh chuyen khoan nao tren 30 trieu hien van chua duoc duyet]
2026-01-05 10:42:13 | DEBUG    | log:153 | [perform_hybrid_search] BM25 raw scores: min=0.3830, max=23.0136
2026-01-05 10:42:13 | DEBUG    | log:153 | [classify_query_intent] No keyword matches found in: 'Cac lenh chuyen khoan nao tren 30 trieu hien van c'
2026-01-05 10:42:13 | DEBUG    | log:153 | [normalize_query] 'cho biet nhung giao dich nao co so tien ...' -> 'Cho biet nhung giao dich nao co so tien ...'
2026-01-05 10:42:13 | DEBUG    | log:153 | [perform_hybrid_search] query_text: [cho biet nhung giao dich nao co so tien lon hon 100 trieu dang bi treo] - formatted_query: [Cho biet nhung giao dich nao co so tien lon hon 100 trieu dang bi treo] - normalized_query: [Cho biet nhung giao dich nao co so tien lon hon 100 trieu dang bi treo]
2026-01-05 10:42:13 | DEBUG    | log:153 | [perform_hybrid_search] BM25 raw scores: min=0.1573, max=19.7442
2026-01-05 10:42:13 | DEBUG    | log:153 | [classify_query_intent] No keyword matches found in: 'Cho biet nhung giao dich nao co so tien lon hon 10'
2026-01-05 10:42:13 | DEBUG    | log:153 | [normalize_query] 'xem danh sach cac khoan chi tieu tren 20...' -> 'Xem danh sach cac khoan chi tieu tren 20...'
2026-01-05 10:42:13 | DEBUG    | log:153 | [perform_hybrid_search] query_text: [xem danh sach cac khoan chi tieu tren 20 trieu chua duoc xu ly] - formatted_query: [Xem danh sach cac khoan chi tieu tren 20 trieu chua duoc xu ly] - normalized_query: [Xem danh sach cac khoan chi tieu tren 20 trieu chua duoc xu ly]
2026-01-05 10:42:13 | DEBUG    | log:153 | [perform_hybrid_search] BM25 raw scores: min=0.1649, max=32.6349
2026-01-05 10:42:13 | DEBUG    | log:153 | [classify_query_intent] No keyword matches found in: 'Xem danh sach cac khoan chi tieu tren 20 trieu chu'
2026-01-05 10:42:13 | DEBUG    | log:153 | [normalize_query] 'co lenh chuyen tien ngoai te nao quy doi...' -> 'Co lenh chuyen tien ngoai te nao quy doi...'
2026-01-05 10:42:13 | DEBUG    | log:153 | [perform_hybrid_search] query_text: [co lenh chuyen tien ngoai te nao quy doi tren 1000 usd dang pending khong] - formatted_query: [Co lenh chuyen tien ngoai te nao quy doi tren 1000 usd dang pending khong] - normalized_query: [Co lenh chuyen tien ngoai te nao quy doi tren 1000 usd dang pending khong]
2026-01-05 10:42:13 | DEBUG    | log:153 | [perform_hybrid_search] BM25 raw scores: min=0.7115, max=21.6654
2026-01-05 10:42:13 | DEBUG    | log:153 | [get_keyword_boost] Query: 'Co lenh chuyen tien ngoai te n...' | Doc: getTransactionList | | Boost: 0.25 | Matched: ['pending']
2026-01-05 10:42:13 | DEBUG    | log:153 | [get_keyword_boost] Query: 'Co lenh chuyen tien ngoai te n...' | Doc: getTransactionList | | Boost: 0.25 | Matched: ['pending']
2026-01-05 10:42:13 | DEBUG    | log:153 | [get_keyword_boost] Query: 'Co lenh chuyen tien ngoai te n...' | Doc: getTransactionList | | Boost: 0.25 | Matched: ['pending']
2026-01-05 10:42:13 | DEBUG    | log:153 | [get_keyword_boost] Query: 'Co lenh chuyen tien ngoai te n...' | Doc: getTransactionList | | Boost: 0.25 | Matched: ['pending']
2026-01-05 10:42:13 | DEBUG    | log:153 | [get_keyword_boost] Query: 'Co lenh chuyen tien ngoai te n...' | Doc: getTransactionList | | Boost: 0.25 | Matched: ['pending']
2026-01-05 10:42:13 | DEBUG    | log:153 | [classify_query_intent] Ambiguous: 'Co lenh chuyen tien ngoai te n...' | Scores: {'getTransactionList | Tra cứu giao dịch đang chờ xử lý hoặc chờ duyệt': 1, 'getTransactionList | Tra cứu giao dịch chờ duyệt theo số tài khoản nguồn': 1, 'getTransactionList | Tra cứu giao dịch chờ duyệt theo khoảng thời gian': 1, 'getTransactionList | Tra cứu giao dịch chờ duyệt theo loại giao dịch': 1, 'getTransactionList | Tra cứu giao dịch chờ duyệt theo số tiền hoặc hạn mức': 1}
2026-01-05 10:42:13 | DEBUG    | log:153 | [normalize_query] 'hiển thị các giao dịch lương trên 2 tỉ đ...' -> 'Hiển thị các giao dịch lương trên 2 tỉ đ...'
2026-01-05 10:42:13 | DEBUG    | log:153 | [perform_hybrid_search] query_text: [hiển thị các giao dịch lương trên 2 tỉ đang chờ phê duyệt] - formatted_query: [Hiển thị các giao dịch lương trên 2 tỉ đang chờ phê duyệt] - normalized_query: [Hiển thị các giao dịch lương trên 2 tỉ đang chờ phê duyệt]
2026-01-05 10:42:13 | DEBUG    | log:153 | [perform_hybrid_search] BM25 raw scores: min=0.0786, max=36.3851
2026-01-05 10:42:13 | DEBUG    | log:153 | [get_keyword_boost] Query: 'Hiển thị các giao dịch lương t...' | Doc: Tra cứu giao dịch th | Boost: 0.25 | Matched: ['trên']
2026-01-05 10:42:13 | DEBUG    | log:153 | [get_keyword_boost] Query: 'Hiển thị các giao dịch lương t...' | Doc: Tra cứu giao dịch th | Boost: 0.50 | Matched: ['chờ', 'phê duyệt']
2026-01-05 10:42:13 | DEBUG    | log:153 | [get_keyword_boost] Query: 'Hiển thị các giao dịch lương t...' | Doc: getTransactionList | | Boost: 0.50 | Matched: ['chờ phê duyệt', 'đang chờ']
2026-01-05 10:42:13 | DEBUG    | log:153 | [get_keyword_boost] Query: 'Hiển thị các giao dịch lương t...' | Doc: getTransactionList | | Boost: 0.25 | Matched: ['trên']
2026-01-05 10:42:13 | DEBUG    | log:153 | [classify_query_intent] Ambiguous: 'Hiển thị các giao dịch lương t...' | Scores: {'Tra cứu giao dịch theo số tiền': 1, 'Tra cứu giao dịch theo trạng thái': 2, 'getTransactionList | Tra cứu giao dịch đang chờ xử lý hoặc chờ duyệt': 2, 'getTransactionList | Tra cứu giao dịch chờ duyệt theo số tiền hoặc hạn mức': 1}
2026-01-05 10:42:13 | DEBUG    | log:153 | [normalize_query] 'tôi cần tìm các lệnh chuyển tiền giá trị...' -> 'Tôi cần tìm các lệnh chuyển tiền giá trị...'
2026-01-05 10:42:13 | DEBUG    | log:153 | [perform_hybrid_search] query_text: [tôi cần tìm các lệnh chuyển tiền giá trị cao chưa được di tiền] - formatted_query: [Tôi cần tìm các lệnh chuyển tiền giá trị cao chưa được di tiền] - normalized_query: [Tôi cần tìm các lệnh chuyển tiền giá trị cao chưa được di tiền]
2026-01-05 10:42:13 | DEBUG    | log:153 | [perform_hybrid_search] BM25 raw scores: min=0.6853, max=31.1272
2026-01-05 10:42:13 | DEBUG    | log:153 | [get_keyword_boost] Query: 'Tôi cần tìm các lệnh chuyển ti...' | Doc: Tra cứu giao dịch th | Boost: 0.25 | Matched: ['giá trị']
2026-01-05 10:42:13 | DEBUG    | log:153 | [get_keyword_boost] Query: 'Tôi cần tìm các lệnh chuyển ti...' | Doc: Tra cứu giao dịch th | Boost: 0.25 | Matched: ['chuyển tiền']
2026-01-05 10:42:13 | DEBUG    | log:153 | [get_keyword_boost] Query: 'Tôi cần tìm các lệnh chuyển ti...' | Doc: Tra cứu giao dịch ch | Boost: 0.25 | Matched: ['chuyển tiền']
2026-01-05 10:42:13 | DEBUG    | log:153 | [get_keyword_boost] Query: 'Tôi cần tìm các lệnh chuyển ti...' | Doc: getTransactionList | | Boost: 0.25 | Matched: ['chuyển tiền']
2026-01-05 10:42:13 | DEBUG    | log:153 | [get_keyword_boost] Query: 'Tôi cần tìm các lệnh chuyển ti...' | Doc: getTransactionList | | Boost: 0.50 | Matched: ['giá trị', 'giá trị cao']
2026-01-05 10:42:13 | DEBUG    | log:153 | [classify_query_intent] Classified: 'Tôi cần tìm các lệnh chuyển ti...' -> getTransactionList | Tra cứu g (score=2)
2026-01-05 10:42:13 | DEBUG    | log:153 | [normalize_query] 'liệt kê tất cả các giao dịch chên 100 tr...' -> 'Liệt kê tất cả các giao dịch chên 100 tr...'
2026-01-05 10:42:13 | DEBUG    | log:153 | [perform_hybrid_search] query_text: [liệt kê tất cả các giao dịch chên 100 triệu cần duyệt gấp] - formatted_query: [Liệt kê tất cả các giao dịch chên 100 triệu cần duyệt gấp] - normalized_query: [Liệt kê tất cả các giao dịch chên 100 triệu cần duyệt gấp]
2026-01-05 10:42:13 | DEBUG    | log:153 | [perform_hybrid_search] BM25 raw scores: min=0.0786, max=51.3213
2026-01-05 10:42:13 | DEBUG    | log:153 | [get_keyword_boost] Query: 'Liệt kê tất cả các giao dịch c...' | Doc: Tra cứu giao dịch th | Boost: 0.25 | Matched: ['triệu']
2026-01-05 10:42:13 | DEBUG    | log:153 | [get_keyword_boost] Query: 'Liệt kê tất cả các giao dịch c...' | Doc: getTransactionList | | Boost: 0.50 | Matched: ['cần duyệt', 'tất cả']
2026-01-05 10:42:13 | DEBUG    | log:153 | [get_keyword_boost] Query: 'Liệt kê tất cả các giao dịch c...' | Doc: getTransactionList | | Boost: 0.25 | Matched: ['triệu']
2026-01-05 10:42:13 | DEBUG    | log:153 | [classify_query_intent] Classified: 'Liệt kê tất cả các giao dịch c...' -> getTransactionList | Tra cứu g (score=2)
2026-01-05 10:42:13 | DEBUG    | log:153 | [normalize_query] 'kiểm tra xem có khoản thanh toán hợp đồn...' -> 'Kiểm tra xem có khoản thanh toán hợp đồn...'
2026-01-05 10:42:13 | DEBUG    | log:153 | [perform_hybrid_search] query_text: [kiểm tra xem có khoản thanh toán hợp đồng nào trên 500 chiệu chưa xong] - formatted_query: [Kiểm tra xem có khoản thanh toán hợp đồng nào trên 500 chiệu chưa xong] - normalized_query: [Kiểm tra xem có khoản thanh toán hợp đồng nào trên 500 chiệu chưa xong]
2026-01-05 10:42:13 | DEBUG    | log:153 | [perform_hybrid_search] BM25 raw scores: min=2.2248, max=38.2674
2026-01-05 10:42:13 | DEBUG    | log:153 | [get_keyword_boost] Query: 'Kiểm tra xem có khoản thanh to...' | Doc: Tra cứu giao dịch th | Boost: 0.25 | Matched: ['trên']
2026-01-05 10:42:13 | DEBUG    | log:153 | [get_keyword_boost] Query: 'Kiểm tra xem có khoản thanh to...' | Doc: Tra cứu giao dịch th | Boost: 0.25 | Matched: ['thanh toán']
2026-01-05 10:42:13 | DEBUG    | log:153 | [get_keyword_boost] Query: 'Kiểm tra xem có khoản thanh to...' | Doc: Tra cứu giao dịch th | Boost: 0.25 | Matched: ['thanh toán']
2026-01-05 10:42:13 | DEBUG    | log:153 | [get_keyword_boost] Query: 'Kiểm tra xem có khoản thanh to...' | Doc: getTransactionList | | Boost: 0.25 | Matched: ['thanh toán']
2026-01-05 10:42:13 | DEBUG    | log:153 | [get_keyword_boost] Query: 'Kiểm tra xem có khoản thanh to...' | Doc: getTransactionList | | Boost: 0.25 | Matched: ['trên']
2026-01-05 10:42:13 | DEBUG    | log:153 | [classify_query_intent] Ambiguous: 'Kiểm tra xem có khoản thanh to...' | Scores: {'Tra cứu giao dịch theo số tiền': 1, 'Tra cứu giao dịch theo loại giao dịch': 1, 'Tra cứu giao dịch thanh toán hóa đơn': 1, 'getTransactionList | Tra cứu giao dịch chờ duyệt theo loại giao dịch': 1, 'getTransactionList | Tra cứu giao dịch chờ duyệt theo số tiền hoặc hạn mức': 1}
2026-01-05 10:42:13 | DEBUG    | log:153 | [normalize_query] 'những dao dịch nào trên 10 triệu vẫn còn...' -> 'Những dao dịch nào trên 10 triệu vẫn còn...'
2026-01-05 10:42:13 | DEBUG    | log:153 | [perform_hybrid_search] query_text: [những dao dịch nào trên 10 triệu vẫn còn ở trạng thái chờ duyệt] - formatted_query: [Những dao dịch nào trên 10 triệu vẫn còn ở trạng thái chờ duyệt] - normalized_query: [Những dao dịch nào trên 10 triệu vẫn còn ở trạng thái chờ duyệt]
2026-01-05 10:42:13 | DEBUG    | log:153 | [perform_hybrid_search] BM25 raw scores: min=0.0762, max=41.7505
2026-01-05 10:42:13 | DEBUG    | log:153 | [get_keyword_boost] Query: 'Những dao dịch nào trên 10 tri...' | Doc: Tra cứu giao dịch th | Boost: 0.50 | Matched: ['trên', 'triệu']
2026-01-05 10:42:13 | DEBUG    | log:153 | [get_keyword_boost] Query: 'Những dao dịch nào trên 10 tri...' | Doc: Tra cứu giao dịch th | Boost: 0.50 | Matched: ['trạng thái', 'chờ']
2026-01-05 10:42:13 | DEBUG    | log:153 | [get_keyword_boost] Query: 'Những dao dịch nào trên 10 tri...' | Doc: getTransactionList | | Boost: 0.25 | Matched: ['chờ duyệt']
2026-01-05 10:42:13 | DEBUG    | log:153 | [get_keyword_boost] Query: 'Những dao dịch nào trên 10 tri...' | Doc: getTransactionList | | Boost: 0.25 | Matched: ['chờ duyệt']
2026-01-05 10:42:13 | DEBUG    | log:153 | [get_keyword_boost] Query: 'Những dao dịch nào trên 10 tri...' | Doc: getTransactionList | | Boost: 0.25 | Matched: ['chờ duyệt']
2026-01-05 10:42:13 | DEBUG    | log:153 | [get_keyword_boost] Query: 'Những dao dịch nào trên 10 tri...' | Doc: getTransactionList | | Boost: 0.25 | Matched: ['chờ duyệt']
2026-01-05 10:42:13 | DEBUG    | log:153 | [get_keyword_boost] Query: 'Những dao dịch nào trên 10 tri...' | Doc: getTransactionList | | Boost: 0.75 | Matched: ['chờ duyệt', 'trên', 'triệu']
2026-01-05 10:42:13 | DEBUG    | log:153 | [classify_query_intent] Classified: 'Những dao dịch nào trên 10 tri...' -> getTransactionList | Tra cứu g (score=3)
2026-01-05 10:42:13 | DEBUG    | log:153 | [normalize_query] 'danh sách các lệnh chuyển khoản trên 300...' -> 'Danh sách các lệnh chuyển khoản trên 300...'
2026-01-05 10:42:13 | DEBUG    | log:153 | [perform_hybrid_search] query_text: [danh sách các lệnh chuyển khoản trên 300 triệu đang pendin là gì] - formatted_query: [Danh sách các lệnh chuyển khoản trên 300 triệu đang pendin là gì] - normalized_query: [Danh sách các lệnh chuyển khoản trên 300 triệu đang pendin là gì]
2026-01-05 10:42:13 | DEBUG    | log:153 | [perform_hybrid_search] BM25 raw scores: min=0.2204, max=28.6996
2026-01-05 10:42:13 | DEBUG    | log:153 | [get_keyword_boost] Query: 'Danh sách các lệnh chuyển khoả...' | Doc: Tra cứu giao dịch th | Boost: 0.50 | Matched: ['trên', 'triệu']
2026-01-05 10:42:13 | DEBUG    | log:153 | [get_keyword_boost] Query: 'Danh sách các lệnh chuyển khoả...' | Doc: Tra cứu giao dịch ch | Boost: 0.25 | Matched: ['chuyển khoản']
2026-01-05 10:42:13 | DEBUG    | log:153 | [get_keyword_boost] Query: 'Danh sách các lệnh chuyển khoả...' | Doc: getTransactionList | | Boost: 0.25 | Matched: ['chuyển khoản']
2026-01-05 10:42:13 | DEBUG    | log:153 | [get_keyword_boost] Query: 'Danh sách các lệnh chuyển khoả...' | Doc: getTransactionList | | Boost: 0.50 | Matched: ['trên', 'triệu']
2026-01-05 10:42:13 | DEBUG    | log:153 | [classify_query_intent] Ambiguous: 'Danh sách các lệnh chuyển khoả...' | Scores: {'Tra cứu giao dịch theo số tiền': 2, 'Tra cứu giao dịch chuyển tiền': 1, 'getTransactionList | Tra cứu giao dịch chờ duyệt theo loại giao dịch': 1, 'getTransactionList | Tra cứu giao dịch chờ duyệt theo số tiền hoặc hạn mức': 2}
2026-01-05 10:42:13 | DEBUG    | log:153 | [normalize_query] 'hãy hiển thị các giao dịch chưa phê duyệ...' -> 'Hãy hiển thị các giao dịch chưa phê duyệ...'
2026-01-05 10:42:13 | DEBUG    | log:153 | [perform_hybrid_search] query_text: [hãy hiển thị các giao dịch chưa phê duyệt có hạn mức trên 50 chiệu] - formatted_query: [Hãy hiển thị các giao dịch chưa phê duyệt có hạn mức trên 50 chiệu] - normalized_query: [Hãy hiển thị các giao dịch chưa phê duyệt có hạn mức trên 50 chiệu]
2026-01-05 10:42:13 | DEBUG    | log:153 | [perform_hybrid_search] BM25 raw scores: min=0.0786, max=66.1176
2026-01-05 10:42:13 | DEBUG    | log:153 | [get_keyword_boost] Query: 'Hãy hiển thị các giao dịch chư...' | Doc: Tra cứu giao dịch th | Boost: 0.25 | Matched: ['trên']
2026-01-05 10:42:13 | DEBUG    | log:153 | [get_keyword_boost] Query: 'Hãy hiển thị các giao dịch chư...' | Doc: Tra cứu giao dịch th | Boost: 0.25 | Matched: ['phê duyệt']
2026-01-05 10:42:13 | DEBUG    | log:153 | [get_keyword_boost] Query: 'Hãy hiển thị các giao dịch chư...' | Doc: getTransactionList | | Boost: 0.50 | Matched: ['hạn mức', 'trên']
2026-01-05 10:42:13 | DEBUG    | log:153 | [classify_query_intent] Classified: 'Hãy hiển thị các giao dịch chư...' -> getTransactionList | Tra cứu g (score=2)
2026-01-05 10:42:13 | DEBUG    | log:153 | [normalize_query] 'xem toàn bộ các lệnh nộp thuế chên 100 t...' -> 'Xem toàn bộ các lệnh nộp thuế chên 100 t...'
2026-01-05 10:42:13 | DEBUG    | log:153 | [perform_hybrid_search] query_text: [xem toàn bộ các lệnh nộp thuế chên 100 tr đang chờ sử lý] - formatted_query: [Xem toàn bộ các lệnh nộp thuế chên 100 tr đang chờ sử lý] - normalized_query: [Xem toàn bộ các lệnh nộp thuế chên 100 tr đang chờ sử lý]
2026-01-05 10:42:13 | DEBUG    | log:153 | [perform_hybrid_search] BM25 raw scores: min=0.6756, max=30.2695
2026-01-05 10:42:13 | DEBUG    | log:153 | [get_keyword_boost] Query: 'Xem toàn bộ các lệnh nộp thuế ...' | Doc: Tra cứu giao dịch th | Boost: 0.25 | Matched: ['chờ']
2026-01-05 10:42:13 | DEBUG    | log:153 | [get_keyword_boost] Query: 'Xem toàn bộ các lệnh nộp thuế ...' | Doc: getTransactionList | | Boost: 0.50 | Matched: ['đang chờ', 'toàn bộ']
2026-01-05 10:42:13 | DEBUG    | log:153 | [classify_query_intent] Classified: 'Xem toàn bộ các lệnh nộp thuế ...' -> getTransactionList | Tra cứu g (score=2)
2026-01-05 10:42:13 | DEBUG    | log:153 | [normalize_query] 'có giao dịch nào sấp sỉ 1 tỷ đồng đang n...' -> 'Có giao dịch nào sấp sỉ 1 tỷ đồng đang n...'
2026-01-05 10:42:13 | DEBUG    | log:153 | [perform_hybrid_search] query_text: [có giao dịch nào sấp sỉ 1 tỷ đồng đang nằm trong hàng đợi không] - formatted_query: [Có giao dịch nào sấp sỉ 1 tỷ đồng đang nằm trong hàng đợi không] - normalized_query: [Có giao dịch nào sấp sỉ 1 tỷ đồng đang nằm trong hàng đợi không]
2026-01-05 10:42:13 | DEBUG    | log:153 | [perform_hybrid_search] BM25 raw scores: min=0.0786, max=35.4848
2026-01-05 10:42:13 | DEBUG    | log:153 | [get_keyword_boost] Query: 'Có giao dịch nào sấp sỉ 1 tỷ đ...' | Doc: getTransactionList | | Boost: 0.25 | Matched: ['trong']
2026-01-05 10:42:13 | DEBUG    | log:153 | [get_keyword_boost] Query: 'Có giao dịch nào sấp sỉ 1 tỷ đ...' | Doc: getTransactionList | | Boost: 0.25 | Matched: ['tỷ']
2026-01-05 10:42:13 | DEBUG    | log:153 | [classify_query_intent] Ambiguous: 'Có giao dịch nào sấp sỉ 1 tỷ đ...' | Scores: {'getTransactionList | Tra cứu giao dịch chờ duyệt theo khoảng thời gian': 1, 'getTransactionList | Tra cứu giao dịch chờ duyệt theo số tiền hoặc hạn mức': 1}
2026-01-05 10:42:13 | DEBUG    | log:153 | [normalize_query] 'cho tôi xem các lệnh thanh toán hóa đơn ...' -> 'Cho tôi xem các lệnh thanh toán hóa đơn ...'
2026-01-05 10:42:13 | DEBUG    | log:153 | [perform_hybrid_search] query_text: [cho tôi xem các lệnh thanh toán hóa đơn trên 5 chiệu chưa được duyệt] - formatted_query: [Cho tôi xem các lệnh thanh toán hóa đơn trên 5 chiệu chưa được duyệt] - normalized_query: [Cho tôi xem các lệnh thanh toán hóa đơn trên 5 chiệu chưa được duyệt]
2026-01-05 10:42:13 | DEBUG    | log:153 | [perform_hybrid_search] BM25 raw scores: min=0.3219, max=35.3732
2026-01-05 10:42:13 | DEBUG    | log:153 | [get_keyword_boost] Query: 'Cho tôi xem các lệnh thanh toá...' | Doc: Tra cứu giao dịch th | Boost: 0.25 | Matched: ['trên']
2026-01-05 10:42:13 | DEBUG    | log:153 | [get_keyword_boost] Query: 'Cho tôi xem các lệnh thanh toá...' | Doc: Tra cứu giao dịch th | Boost: 0.25 | Matched: ['thanh toán']
2026-01-05 10:42:13 | DEBUG    | log:153 | [get_keyword_boost] Query: 'Cho tôi xem các lệnh thanh toá...' | Doc: Tra cứu giao dịch th | Boost: 0.50 | Matched: ['thanh toán', 'hóa đơn']
2026-01-05 10:42:13 | DEBUG    | log:153 | [get_keyword_boost] Query: 'Cho tôi xem các lệnh thanh toá...' | Doc: getTransactionList | | Boost: 0.25 | Matched: ['chưa được duyệt']
2026-01-05 10:42:13 | DEBUG    | log:153 | [get_keyword_boost] Query: 'Cho tôi xem các lệnh thanh toá...' | Doc: getTransactionList | | Boost: 0.50 | Matched: ['thanh toán', 'thanh toán hóa đơn']
2026-01-05 10:42:13 | DEBUG    | log:153 | [get_keyword_boost] Query: 'Cho tôi xem các lệnh thanh toá...' | Doc: getTransactionList | | Boost: 0.25 | Matched: ['trên']
2026-01-05 10:42:13 | DEBUG    | log:153 | [classify_query_intent] Ambiguous: 'Cho tôi xem các lệnh thanh toá...' | Scores: {'Tra cứu giao dịch theo số tiền': 1, 'Tra cứu giao dịch theo loại giao dịch': 1, 'Tra cứu giao dịch thanh toán hóa đơn': 2, 'getTransactionList | Tra cứu giao dịch đang chờ xử lý hoặc chờ duyệt': 1, 'getTransactionList | Tra cứu giao dịch chờ duyệt theo loại giao dịch': 2, 'getTransactionList | Tra cứu giao dịch chờ duyệt theo số tiền hoặc hạn mức': 1}
2026-01-05 10:42:13 | DEBUG    | log:153 | [normalize_query] 'Trên 10 tỷ, liệt kê các yêu cầu giải ngâ...' -> 'Trên 10 tỷ, liệt kê các yêu cầu giải ngâ...'
2026-01-05 10:42:13 | DEBUG    | log:153 | [perform_hybrid_search] query_text: [Trên 10 tỷ, liệt kê các yêu cầu giải ngân đang chờ.] - formatted_query: [Trên 10 tỷ, liệt kê các yêu cầu giải ngân đang chờ] - normalized_query: [Trên 10 tỷ, liệt kê các yêu cầu giải ngân đang chờ]
2026-01-05 10:42:13 | DEBUG    | log:153 | [perform_hybrid_search] BM25 raw scores: min=0.0000, max=28.8370
2026-01-05 10:42:13 | DEBUG    | log:153 | [get_keyword_boost] Query: 'Trên 10 tỷ, liệt kê các yêu cầ...' | Doc: Tra cứu giao dịch th | Boost: 0.25 | Matched: ['trên']
2026-01-05 10:42:13 | DEBUG    | log:153 | [get_keyword_boost] Query: 'Trên 10 tỷ, liệt kê các yêu cầ...' | Doc: Tra cứu giao dịch th | Boost: 0.25 | Matched: ['chờ']
2026-01-05 10:42:13 | DEBUG    | log:153 | [get_keyword_boost] Query: 'Trên 10 tỷ, liệt kê các yêu cầ...' | Doc: getTransactionList | | Boost: 0.25 | Matched: ['đang chờ']
2026-01-05 10:42:13 | DEBUG    | log:153 | [get_keyword_boost] Query: 'Trên 10 tỷ, liệt kê các yêu cầ...' | Doc: getTransactionList | | Boost: 0.50 | Matched: ['trên', 'tỷ']
2026-01-05 10:42:13 | DEBUG    | log:153 | [classify_query_intent] Classified: 'Trên 10 tỷ, liệt kê các yêu cầ...' -> getTransactionList | Tra cứu g (score=2)
2026-01-05 10:42:13 | DEBUG    | log:153 | [normalize_query] 'Chuyển tiền nội bộ, 200 triệu, tìm các g...' -> 'Chuyển tiền nội bộ, 200 triệu, tìm các g...'
2026-01-05 10:42:13 | DEBUG    | log:153 | [perform_hybrid_search] query_text: [Chuyển tiền nội bộ, 200 triệu, tìm các giao dịch chưa hoàn tất.] - formatted_query: [Chuyển tiền nội bộ, 200 triệu, tìm các giao dịch chưa hoàn tất] - normalized_query: [Chuyển tiền nội bộ, 200 triệu, tìm các giao dịch chưa hoàn tất]
2026-01-05 10:42:13 | DEBUG    | log:153 | [perform_hybrid_search] BM25 raw scores: min=1.0943, max=32.9097
2026-01-05 10:42:13 | DEBUG    | log:153 | [get_keyword_boost] Query: 'Chuyển tiền nội bộ, 200 triệu,...' | Doc: Tra cứu giao dịch th | Boost: 0.25 | Matched: ['triệu']
2026-01-05 10:42:13 | DEBUG    | log:153 | [get_keyword_boost] Query: 'Chuyển tiền nội bộ, 200 triệu,...' | Doc: Tra cứu giao dịch th | Boost: 0.25 | Matched: ['hoàn tất']
2026-01-05 10:42:13 | DEBUG    | log:153 | [get_keyword_boost] Query: 'Chuyển tiền nội bộ, 200 triệu,...' | Doc: Tra cứu giao dịch th | Boost: 0.50 | Matched: ['chuyển tiền', 'nội bộ']
2026-01-05 10:42:13 | DEBUG    | log:153 | [get_keyword_boost] Query: 'Chuyển tiền nội bộ, 200 triệu,...' | Doc: Tra cứu giao dịch ch | Boost: 0.25 | Matched: ['chuyển tiền']
2026-01-05 10:42:13 | DEBUG    | log:153 | [get_keyword_boost] Query: 'Chuyển tiền nội bộ, 200 triệu,...' | Doc: getTransactionList | | Boost: 0.50 | Matched: ['chuyển tiền', 'nội bộ']
2026-01-05 10:42:13 | DEBUG    | log:153 | [get_keyword_boost] Query: 'Chuyển tiền nội bộ, 200 triệu,...' | Doc: getTransactionList | | Boost: 0.25 | Matched: ['triệu']
2026-01-05 10:42:13 | DEBUG    | log:153 | [classify_query_intent] Ambiguous: 'Chuyển tiền nội bộ, 200 triệu,...' | Scores: {'Tra cứu giao dịch theo số tiền': 1, 'Tra cứu giao dịch theo trạng thái': 1, 'Tra cứu giao dịch theo loại giao dịch': 2, 'Tra cứu giao dịch chuyển tiền': 1, 'getTransactionList | Tra cứu giao dịch chờ duyệt theo loại giao dịch': 2, 'getTransactionList | Tra cứu giao dịch chờ duyệt theo số tiền hoặc hạn mức': 1}
2026-01-05 10:42:13 | DEBUG    | log:153 | [normalize_query] '50 triệu, các lệnh thanh toán cho nhà cu...' -> '50 triệu, các lệnh thanh toán cho nhà cu...'
2026-01-05 10:42:13 | DEBUG    | log:153 | [perform_hybrid_search] query_text: [50 triệu, các lệnh thanh toán cho nhà cung cấp đã duyệt chưa?] - formatted_query: [50 triệu, các lệnh thanh toán cho nhà cung cấp đã duyệt chưa] - normalized_query: [50 triệu, các lệnh thanh toán cho nhà cung cấp đã duyệt chưa]
2026-01-05 10:42:13 | DEBUG    | log:153 | [perform_hybrid_search] BM25 raw scores: min=0.1421, max=15.3447
2026-01-05 10:42:13 | DEBUG    | log:153 | [get_keyword_boost] Query: '50 triệu, các lệnh thanh toán ...' | Doc: Tra cứu giao dịch th | Boost: 0.25 | Matched: ['triệu']
2026-01-05 10:42:13 | DEBUG    | log:153 | [get_keyword_boost] Query: '50 triệu, các lệnh thanh toán ...' | Doc: Tra cứu giao dịch th | Boost: 0.25 | Matched: ['thanh toán']
2026-01-05 10:42:13 | DEBUG    | log:153 | [get_keyword_boost] Query: '50 triệu, các lệnh thanh toán ...' | Doc: Tra cứu giao dịch th | Boost: 0.25 | Matched: ['thanh toán']
2026-01-05 10:42:13 | DEBUG    | log:153 | [get_keyword_boost] Query: '50 triệu, các lệnh thanh toán ...' | Doc: getTransactionList | | Boost: 0.25 | Matched: ['thanh toán']
2026-01-05 10:42:13 | DEBUG    | log:153 | [get_keyword_boost] Query: '50 triệu, các lệnh thanh toán ...' | Doc: getTransactionList | | Boost: 0.25 | Matched: ['triệu']
2026-01-05 10:42:13 | DEBUG    | log:153 | [classify_query_intent] Ambiguous: '50 triệu, các lệnh thanh toán ...' | Scores: {'Tra cứu giao dịch theo số tiền': 1, 'Tra cứu giao dịch theo loại giao dịch': 1, 'Tra cứu giao dịch thanh toán hóa đơn': 1, 'getTransactionList | Tra cứu giao dịch chờ duyệt theo loại giao dịch': 1, 'getTransactionList | Tra cứu giao dịch chờ duyệt theo số tiền hoặc hạn mức': 1}
2026-01-05 10:42:13 | DEBUG    | log:153 | [normalize_query] 'Số tiền bất thường, hiển thị danh sách đ...' -> 'Số tiền bất thường, hiển thị danh sách đ...'
2026-01-05 10:42:13 | DEBUG    | log:153 | [perform_hybrid_search] query_text: [Số tiền bất thường, hiển thị danh sách đang chờ kiểm tra.] - formatted_query: [Số tiền bất thường, hiển thị danh sách đang chờ kiểm tra] - normalized_query: [Số tiền bất thường, hiển thị danh sách đang chờ kiểm tra]
2026-01-05 10:42:14 | DEBUG    | log:153 | [perform_hybrid_search] BM25 raw scores: min=0.1311, max=39.6390
2026-01-05 10:42:14 | DEBUG    | log:153 | [get_keyword_boost] Query: 'Số tiền bất thường, hiển thị d...' | Doc: Tra cứu giao dịch th | Boost: 0.25 | Matched: ['chờ']
2026-01-05 10:42:14 | DEBUG    | log:153 | [get_keyword_boost] Query: 'Số tiền bất thường, hiển thị d...' | Doc: getTransactionList | | Boost: 0.25 | Matched: ['đang chờ']
2026-01-05 10:42:14 | DEBUG    | log:153 | [get_keyword_boost] Query: 'Số tiền bất thường, hiển thị d...' | Doc: getTransactionList | | Boost: 0.25 | Matched: ['số tiền']
2026-01-05 10:42:14 | DEBUG    | log:153 | [classify_query_intent] Ambiguous: 'Số tiền bất thường, hiển thị d...' | Scores: {'Tra cứu giao dịch theo trạng thái': 1, 'getTransactionList | Tra cứu giao dịch đang chờ xử lý hoặc chờ duyệt': 1, 'getTransactionList | Tra cứu giao dịch chờ duyệt theo số tiền hoặc hạn mức': 1}
2026-01-05 10:42:14 | DEBUG    | log:153 | [normalize_query] 'Trên 100k, tôi muốn xem các giao dịch bị...' -> 'Trên 100k, tôi muốn xem các giao dịch bị...'
2026-01-05 10:42:14 | DEBUG    | log:153 | [perform_hybrid_search] query_text: [Trên 100k, tôi muốn xem các giao dịch bị kẹt lại.] - formatted_query: [Trên 100k, tôi muốn xem các giao dịch bị kẹt lại] - normalized_query: [Trên 100k, tôi muốn xem các giao dịch bị kẹt lại]
2026-01-05 10:42:14 | DEBUG    | log:153 | [perform_hybrid_search] BM25 raw scores: min=0.0786, max=16.3945
2026-01-05 10:42:14 | DEBUG    | log:153 | [get_keyword_boost] Query: 'Trên 100k, tôi muốn xem các gi...' | Doc: Tra cứu giao dịch th | Boost: 0.25 | Matched: ['trên']
2026-01-05 10:42:14 | DEBUG    | log:153 | [get_keyword_boost] Query: 'Trên 100k, tôi muốn xem các gi...' | Doc: getTransactionList | | Boost: 0.25 | Matched: ['trên']
2026-01-05 10:42:14 | DEBUG    | log:153 | [classify_query_intent] Ambiguous: 'Trên 100k, tôi muốn xem các gi...' | Scores: {'Tra cứu giao dịch theo số tiền': 1, 'getTransactionList | Tra cứu giao dịch chờ duyệt theo số tiền hoặc hạn mức': 1}
2026-01-05 10:42:14 | DEBUG    | log:153 | [normalize_query] 'Trên mức phê duyệt tự động, có lệnh nào ...' -> 'Trên mức phê duyệt tự động, có lệnh nào ...'
2026-01-05 10:42:14 | DEBUG    | log:153 | [perform_hybrid_search] query_text: [Trên mức phê duyệt tự động, có lệnh nào đang chờ xử lý thủ công không?] - formatted_query: [Trên mức phê duyệt tự động, có lệnh nào đang chờ xử lý thủ công không] - normalized_query: [Trên mức phê duyệt tự động, có lệnh nào đang chờ xử lý thủ công không]
2026-01-05 10:42:14 | DEBUG    | log:153 | [perform_hybrid_search] BM25 raw scores: min=0.0262, max=49.9183
2026-01-05 10:42:14 | DEBUG    | log:153 | [get_keyword_boost] Query: 'Trên mức phê duyệt tự động, có...' | Doc: Tra cứu giao dịch th | Boost: 0.25 | Matched: ['trên']
2026-01-05 10:42:14 | DEBUG    | log:153 | [get_keyword_boost] Query: 'Trên mức phê duyệt tự động, có...' | Doc: Tra cứu giao dịch th | Boost: 0.75 | Matched: ['xử lý', 'chờ', 'phê duyệt']
2026-01-05 10:42:14 | DEBUG    | log:153 | [get_keyword_boost] Query: 'Trên mức phê duyệt tự động, có...' | Doc: getTransactionList | | Boost: 0.50 | Matched: ['chờ xử lý', 'đang chờ']
2026-01-05 10:42:14 | DEBUG    | log:153 | [get_keyword_boost] Query: 'Trên mức phê duyệt tự động, có...' | Doc: getTransactionList | | Boost: 0.25 | Matched: ['chờ xử lý']
2026-01-05 10:42:14 | DEBUG    | log:153 | [get_keyword_boost] Query: 'Trên mức phê duyệt tự động, có...' | Doc: getTransactionList | | Boost: 0.25 | Matched: ['chờ xử lý']
2026-01-05 10:42:14 | DEBUG    | log:153 | [get_keyword_boost] Query: 'Trên mức phê duyệt tự động, có...' | Doc: getTransactionList | | Boost: 0.25 | Matched: ['chờ xử lý']
2026-01-05 10:42:14 | DEBUG    | log:153 | [get_keyword_boost] Query: 'Trên mức phê duyệt tự động, có...' | Doc: getTransactionList | | Boost: 0.50 | Matched: ['chờ xử lý', 'trên']
2026-01-05 10:42:14 | DEBUG    | log:153 | [classify_query_intent] Classified: 'Trên mức phê duyệt tự động, có...' -> Tra cứu giao dịch theo trạng t (score=3)
2026-01-05 10:42:14 | DEBUG    | log:153 | [normalize_query] 'Liên ngân hàng, 500 triệu, liệt kê các g...' -> 'Liên ngân hàng, 500 triệu, liệt kê các g...'
2026-01-05 10:42:14 | DEBUG    | log:153 | [perform_hybrid_search] query_text: [Liên ngân hàng, 500 triệu, liệt kê các giao dịch chưa đi.] - formatted_query: [Liên ngân hàng, 500 triệu, liệt kê các giao dịch chưa đi] - normalized_query: [Liên ngân hàng, 500 triệu, liệt kê các giao dịch chưa đi]
2026-01-05 10:42:14 | DEBUG    | log:153 | [perform_hybrid_search] BM25 raw scores: min=0.0804, max=38.4684
2026-01-05 10:42:14 | DEBUG    | log:153 | [get_keyword_boost] Query: 'Liên ngân hàng, 500 triệu, liệ...' | Doc: Tra cứu giao dịch th | Boost: 0.25 | Matched: ['triệu']
2026-01-05 10:42:14 | DEBUG    | log:153 | [get_keyword_boost] Query: 'Liên ngân hàng, 500 triệu, liệ...' | Doc: Tra cứu giao dịch th | Boost: 0.25 | Matched: ['liên ngân hàng']
2026-01-05 10:42:14 | DEBUG    | log:153 | [get_keyword_boost] Query: 'Liên ngân hàng, 500 triệu, liệ...' | Doc: getTransactionList | | Boost: 0.25 | Matched: ['liên ngân hàng']
2026-01-05 10:42:14 | DEBUG    | log:153 | [get_keyword_boost] Query: 'Liên ngân hàng, 500 triệu, liệ...' | Doc: getTransactionList | | Boost: 0.25 | Matched: ['triệu']
2026-01-05 10:42:14 | DEBUG    | log:153 | [classify_query_intent] Ambiguous: 'Liên ngân hàng, 500 triệu, liệ...' | Scores: {'Tra cứu giao dịch theo số tiền': 1, 'Tra cứu giao dịch theo loại giao dịch': 1, 'getTransactionList | Tra cứu giao dịch chờ duyệt theo loại giao dịch': 1, 'getTransactionList | Tra cứu giao dịch chờ duyệt theo số tiền hoặc hạn mức': 1}
2026-01-05 10:42:14 | DEBUG    | log:153 | [normalize_query] 'Trên 20 triệu, xem trạng thái các lệnh c...' -> 'Trên 20 triệu, xem trạng thái các lệnh c...'
2026-01-05 10:42:14 | DEBUG    | log:153 | [perform_hybrid_search] query_text: [Trên 20 triệu, xem trạng thái các lệnh chuyển tiền.] - formatted_query: [Trên 20 triệu, xem trạng thái các lệnh chuyển tiền] - normalized_query: [Trên 20 triệu, xem trạng thái các lệnh chuyển tiền]
2026-01-05 10:42:14 | DEBUG    | log:153 | [perform_hybrid_search] BM25 raw scores: min=0.6853, max=25.6506
2026-01-05 10:42:14 | DEBUG    | log:153 | [get_keyword_boost] Query: 'Trên 20 triệu, xem trạng thái ...' | Doc: Tra cứu giao dịch th | Boost: 0.50 | Matched: ['trên', 'triệu']
2026-01-05 10:42:14 | DEBUG    | log:153 | [get_keyword_boost] Query: 'Trên 20 triệu, xem trạng thái ...' | Doc: Tra cứu giao dịch th | Boost: 0.25 | Matched: ['trạng thái']
2026-01-05 10:42:14 | DEBUG    | log:153 | [get_keyword_boost] Query: 'Trên 20 triệu, xem trạng thái ...' | Doc: Tra cứu giao dịch th | Boost: 0.25 | Matched: ['chuyển tiền']
2026-01-05 10:42:14 | DEBUG    | log:153 | [get_keyword_boost] Query: 'Trên 20 triệu, xem trạng thái ...' | Doc: Tra cứu giao dịch ch | Boost: 0.25 | Matched: ['chuyển tiền']
2026-01-05 10:42:14 | DEBUG    | log:153 | [get_keyword_boost] Query: 'Trên 20 triệu, xem trạng thái ...' | Doc: getTransactionList | | Boost: 0.25 | Matched: ['chuyển tiền']
2026-01-05 10:42:14 | DEBUG    | log:153 | [get_keyword_boost] Query: 'Trên 20 triệu, xem trạng thái ...' | Doc: getTransactionList | | Boost: 0.50 | Matched: ['trên', 'triệu']
2026-01-05 10:42:14 | DEBUG    | log:153 | [classify_query_intent] Ambiguous: 'Trên 20 triệu, xem trạng thái ...' | Scores: {'Tra cứu giao dịch theo số tiền': 2, 'Tra cứu giao dịch theo trạng thái': 1, 'Tra cứu giao dịch theo loại giao dịch': 1, 'Tra cứu giao dịch chuyển tiền': 1, 'getTransactionList | Tra cứu giao dịch chờ duyệt theo loại giao dịch': 1, 'getTransactionList | Tra cứu giao dịch chờ duyệt theo số tiền hoặc hạn mức': 2}
2026-01-05 10:42:14 | DEBUG    | log:153 | [normalize_query] 'Khoảng 10 đến 20 triệu, hiển thị các gia...' -> 'Khoảng 10 đến 20 triệu, hiển thị các gia...'
2026-01-05 10:42:14 | DEBUG    | log:153 | [perform_hybrid_search] query_text: [Khoảng 10 đến 20 triệu, hiển thị các giao dịch pending.] - formatted_query: [Khoảng 10 đến 20 triệu, hiển thị các giao dịch pending] - normalized_query: [Khoảng 10 đến 20 triệu, hiển thị các giao dịch pending]
2026-01-05 10:42:14 | DEBUG    | log:153 | [perform_hybrid_search] BM25 raw scores: min=0.0786, max=23.3103
2026-01-05 10:42:14 | DEBUG    | log:153 | [get_keyword_boost] Query: 'Khoảng 10 đến 20 triệu, hiển t...' | Doc: Tra cứu giao dịch th | Boost: 0.25 | Matched: ['triệu']
2026-01-05 10:42:14 | DEBUG    | log:153 | [get_keyword_boost] Query: 'Khoảng 10 đến 20 triệu, hiển t...' | Doc: getTransactionList | | Boost: 0.25 | Matched: ['pending']
2026-01-05 10:42:14 | DEBUG    | log:153 | [get_keyword_boost] Query: 'Khoảng 10 đến 20 triệu, hiển t...' | Doc: getTransactionList | | Boost: 0.25 | Matched: ['pending']
2026-01-05 10:42:14 | DEBUG    | log:153 | [get_keyword_boost] Query: 'Khoảng 10 đến 20 triệu, hiển t...' | Doc: getTransactionList | | Boost: 0.25 | Matched: ['pending']
2026-01-05 10:42:14 | DEBUG    | log:153 | [get_keyword_boost] Query: 'Khoảng 10 đến 20 triệu, hiển t...' | Doc: getTransactionList | | Boost: 0.25 | Matched: ['pending']
2026-01-05 10:42:14 | DEBUG    | log:153 | [get_keyword_boost] Query: 'Khoảng 10 đến 20 triệu, hiển t...' | Doc: getTransactionList | | Boost: 0.50 | Matched: ['pending', 'triệu']
2026-01-05 10:42:14 | DEBUG    | log:153 | [classify_query_intent] Classified: 'Khoảng 10 đến 20 triệu, hiển t...' -> getTransactionList | Tra cứu g (score=2)
2026-01-05 10:42:14 | DEBUG    | log:153 | [normalize_query] 'Tiền mặt trên 50 triệu, tổng hợp các lện...' -> 'Tiền mặt trên 50 triệu, tổng hợp các lện...'
2026-01-05 10:42:14 | DEBUG    | log:153 | [perform_hybrid_search] query_text: [Tiền mặt trên 50 triệu, tổng hợp các lệnh chưa được duyệt.] - formatted_query: [Tiền mặt trên 50 triệu, tổng hợp các lệnh chưa được duyệt] - normalized_query: [Tiền mặt trên 50 triệu, tổng hợp các lệnh chưa được duyệt]
2026-01-05 10:42:14 | DEBUG    | log:153 | [perform_hybrid_search] BM25 raw scores: min=0.0142, max=24.4017
2026-01-05 10:42:14 | DEBUG    | log:153 | [get_keyword_boost] Query: 'Tiền mặt trên 50 triệu, tổng h...' | Doc: Tra cứu giao dịch th | Boost: 0.50 | Matched: ['trên', 'triệu']
2026-01-05 10:42:14 | DEBUG    | log:153 | [get_keyword_boost] Query: 'Tiền mặt trên 50 triệu, tổng h...' | Doc: Tổng hợp số tiền gia | Boost: 0.25 | Matched: ['tổng']
2026-01-05 10:42:14 | DEBUG    | log:153 | [get_keyword_boost] Query: 'Tiền mặt trên 50 triệu, tổng h...' | Doc: Thống kê giao dịch t | Boost: 0.25 | Matched: ['tổng hợp']
2026-01-05 10:42:14 | DEBUG    | log:153 | [get_keyword_boost] Query: 'Tiền mặt trên 50 triệu, tổng h...' | Doc: getTransactionList | | Boost: 0.25 | Matched: ['chưa được duyệt']
2026-01-05 10:42:14 | DEBUG    | log:153 | [get_keyword_boost] Query: 'Tiền mặt trên 50 triệu, tổng h...' | Doc: getTransactionList | | Boost: 0.50 | Matched: ['trên', 'triệu']
2026-01-05 10:42:14 | DEBUG    | log:153 | [classify_query_intent] Ambiguous: 'Tiền mặt trên 50 triệu, tổng h...' | Scores: {'Tra cứu giao dịch theo số tiền': 2, 'Tổng hợp số tiền giao dịch': 1, 'Thống kê giao dịch theo nhóm': 1, 'getTransactionList | Tra cứu giao dịch đang chờ xử lý hoặc chờ duyệt': 1, 'getTransactionList | Tra cứu giao dịch chờ duyệt theo số tiền hoặc hạn mức': 2}
2026-01-05 10:42:14 | INFO     | log:151 | [search_batch_stream] Completed in 18.70s, avg 0.031s/row, saved to Test_getTransactionList_192-168-40-210_20260105_104155.xlsx
2026-01-05 10:42:38 | INFO     | log:151 | [search_single] Searching: 'cho tôi xem lịch sử giao dịch của tài khoản 020063...' (top_k=10)
2026-01-05 10:42:38 | DEBUG    | log:153 | [get_tables] Getting tables...
2026-01-05 10:42:38 | DEBUG    | log:153 | [get_tables] Returning cached tables
2026-01-05 10:42:38 | DEBUG    | log:153 | [normalize_query] 'cho tôi xem lịch sử giao dịch của tài kh...' -> 'Cho tôi xem lịch sử giao dịch của tài kh...'
2026-01-05 10:42:38 | DEBUG    | log:153 | [perform_hybrid_search] query_text: [cho tôi xem lịch sử giao dịch của tài khoản 020063535533 ngân hàng vcb] - formatted_query: [Cho tôi xem lịch sử giao dịch của tài khoản 020063535533 ngân hàng vcb] - normalized_query: [Cho tôi xem lịch sử giao dịch của tài khoản 020063535533 ngân hàng vcb]
2026-01-05 10:42:38 | DEBUG    | log:153 | [perform_hybrid_search] BM25 raw scores: min=2.7944, max=15.3401
2026-01-05 10:42:38 | DEBUG    | log:153 | [get_keyword_boost] Query: 'Cho tôi xem lịch sử giao dịch ...' | Doc: Tra cứu lịch sử giao | Boost: 0.25 | Matched: ['tài khoản']
2026-01-05 10:42:38 | DEBUG    | log:153 | [get_keyword_boost] Query: 'Cho tôi xem lịch sử giao dịch ...' | Doc: getTransactionList | | Boost: 0.50 | Matched: ['tài khoản', 'của tài khoản']
2026-01-05 10:42:38 | DEBUG    | log:153 | [classify_query_intent] Classified: 'Cho tôi xem lịch sử giao dịch ...' -> getTransactionList | Tra cứu g (score=2)
2026-01-05 10:42:38 | INFO     | log:151 | [search_single] Found 10 results
2026-01-05 10:42:38 | DEBUG    | log:153 | [search_single] Top: Tra cứu lịch sử giao dịch theo số tài khoản... (score=0.8321, sem=0.8673, bm25=1.0000, boost=0.2500)
2026-01-05 10:43:22 | INFO     | log:151 | [search_single] Searching: 'cho tôi xem giao dịch 10 nghìn đồng ngân hàng vcb...' (top_k=10)
2026-01-05 10:43:22 | DEBUG    | log:153 | [get_tables] Getting tables...
2026-01-05 10:43:22 | DEBUG    | log:153 | [get_tables] Returning cached tables
2026-01-05 10:43:22 | DEBUG    | log:153 | [normalize_query] 'cho tôi xem giao dịch 10 nghìn đồng ngân...' -> 'Cho tôi xem giao dịch 10 nghìn đồng ngân...'
2026-01-05 10:43:22 | DEBUG    | log:153 | [perform_hybrid_search] query_text: [cho tôi xem giao dịch 10 nghìn đồng ngân hàng vcb] - formatted_query: [Cho tôi xem giao dịch 10 nghìn đồng ngân hàng vcb] - normalized_query: [Cho tôi xem giao dịch 10 nghìn đồng ngân hàng vcb]
2026-01-05 10:43:22 | DEBUG    | log:153 | [perform_hybrid_search] BM25 raw scores: min=0.0786, max=20.6234
2026-01-05 10:43:22 | DEBUG    | log:153 | [classify_query_intent] No keyword matches found in: 'Cho tôi xem giao dịch 10 nghìn đồng ngân hàng vcb'
2026-01-05 10:43:22 | INFO     | log:151 | [search_single] Found 10 results
2026-01-05 10:43:22 | DEBUG    | log:153 | [search_single] Top: Tra cứu giao dịch theo số tiền... (score=0.8066, sem=0.8666, bm25=1.0000, boost=0.0000)
2026-01-05 10:43:29 | INFO     | log:151 | [search_single] Searching: 'cho tôi xem giao dịch 10 nghìn đồng...' (top_k=10)
2026-01-05 10:43:29 | DEBUG    | log:153 | [get_tables] Getting tables...
2026-01-05 10:43:29 | DEBUG    | log:153 | [get_tables] Returning cached tables
2026-01-05 10:43:29 | DEBUG    | log:153 | [normalize_query] 'cho tôi xem giao dịch 10 nghìn đồng...' -> 'Cho tôi xem giao dịch 10 nghìn đồng...'
2026-01-05 10:43:29 | DEBUG    | log:153 | [perform_hybrid_search] query_text: [cho tôi xem giao dịch 10 nghìn đồng] - formatted_query: [Cho tôi xem giao dịch 10 nghìn đồng] - normalized_query: [Cho tôi xem giao dịch 10 nghìn đồng]
2026-01-05 10:43:29 | DEBUG    | log:153 | [perform_hybrid_search] BM25 raw scores: min=0.0786, max=19.6721
2026-01-05 10:43:29 | DEBUG    | log:153 | [classify_query_intent] No keyword matches found in: 'Cho tôi xem giao dịch 10 nghìn đồng'
2026-01-05 10:43:29 | INFO     | log:151 | [search_single] Found 10 results
2026-01-05 10:43:29 | DEBUG    | log:153 | [search_single] Top: Tra cứu giao dịch theo số tiền... (score=0.8183, sem=0.8832, bm25=1.0000, boost=0.0000)
2026-01-05 10:43:35 | INFO     | log:151 | [export_all_documents] Exporting all documents...
2026-01-05 10:43:35 | DEBUG    | log:153 | [get_tables] Getting tables...
2026-01-05 10:43:35 | DEBUG    | log:153 | [get_tables] Returning cached tables
2026-01-05 10:43:35 | INFO     | log:151 | [export_all_documents] Exported 20 documents to kb_backup_all_20260105_104335.xlsx
