2025-12-31 11:00:08 | INFO     | log:151 | [search_batch_stream] Batch stream search from: quick-test.xlsx
2025-12-31 11:00:08 | DEBUG    | log:153 | [get_tables] Getting tables...
2025-12-31 11:00:08 | DEBUG    | log:153 | [get_tables] Returning cached tables
2025-12-31 11:00:08 | DEBUG    | log:153 | [normalize_query] 'Cho tôi xem danh sách các giao dịch đang...' -> 'Cho tôi xem danh sách các giao dịch đang...'
2025-12-31 11:00:08 | DEBUG    | log:153 | [perform_hybrid_search] query_text: [Cho tôi xem danh sách các giao dịch đang chờ duyệt] - formatted_query: [Cho tôi xem danh sách các giao dịch đang chờ duyệt] - normalized_query: [Cho tôi xem danh sách các giao dịch đang chờ duyệt]
2025-12-31 11:00:08 | DEBUG    | log:153 | [perform_hybrid_search] BM25 raw scores: min=12.8074, max=20.3508
2025-12-31 11:00:08 | DEBUG    | log:153 | [get_keyword_boost] Query: 'Cho tôi xem danh sách các giao...' | Doc: getTransactionList | | Boost: 0.50 | Matched: ['chờ duyệt', 'đang chờ']
2025-12-31 11:00:08 | DEBUG    | log:153 | [get_keyword_boost] Query: 'Cho tôi xem danh sách các giao...' | Doc: getTransactionList | | Boost: 0.25 | Matched: ['chờ duyệt']
2025-12-31 11:00:08 | DEBUG    | log:153 | [get_keyword_boost] Query: 'Cho tôi xem danh sách các giao...' | Doc: getTransactionList | | Boost: 0.25 | Matched: ['chờ duyệt']
2025-12-31 11:00:08 | DEBUG    | log:153 | [get_keyword_boost] Query: 'Cho tôi xem danh sách các giao...' | Doc: getTransactionList | | Boost: 0.25 | Matched: ['chờ duyệt']
2025-12-31 11:00:08 | DEBUG    | log:153 | [get_keyword_boost] Query: 'Cho tôi xem danh sách các giao...' | Doc: getTransactionList | | Boost: 0.25 | Matched: ['chờ duyệt']
2025-12-31 11:00:08 | DEBUG    | log:153 | [classify_query_intent] Classified: 'Cho tôi xem danh sách các giao...' -> getTransactionList | Tra cứu g (score=2)
2025-12-31 11:00:08 | DEBUG    | log:153 | [normalize_query] 'Liệt kê toàn bộ giao dịch đang pending...' -> 'Liệt kê toàn bộ giao dịch đang pending...'
2025-12-31 11:00:08 | DEBUG    | log:153 | [perform_hybrid_search] query_text: [Liệt kê toàn bộ giao dịch đang pending] - formatted_query: [Liệt kê toàn bộ giao dịch đang pending] - normalized_query: [Liệt kê toàn bộ giao dịch đang pending]
2025-12-31 11:00:08 | DEBUG    | log:153 | [perform_hybrid_search] BM25 raw scores: min=16.7761, max=26.4459
2025-12-31 11:00:08 | DEBUG    | log:153 | [get_keyword_boost] Query: 'Liệt kê toàn bộ giao dịch đang...' | Doc: getTransactionList | | Boost: 0.50 | Matched: ['pending', 'toàn bộ']
2025-12-31 11:00:08 | DEBUG    | log:153 | [get_keyword_boost] Query: 'Liệt kê toàn bộ giao dịch đang...' | Doc: getTransactionList | | Boost: 0.25 | Matched: ['pending']
2025-12-31 11:00:08 | DEBUG    | log:153 | [get_keyword_boost] Query: 'Liệt kê toàn bộ giao dịch đang...' | Doc: getTransactionList | | Boost: 0.25 | Matched: ['pending']
2025-12-31 11:00:08 | DEBUG    | log:153 | [get_keyword_boost] Query: 'Liệt kê toàn bộ giao dịch đang...' | Doc: getTransactionList | | Boost: 0.25 | Matched: ['pending']
2025-12-31 11:00:08 | DEBUG    | log:153 | [get_keyword_boost] Query: 'Liệt kê toàn bộ giao dịch đang...' | Doc: getTransactionList | | Boost: 0.25 | Matched: ['pending']
2025-12-31 11:00:08 | DEBUG    | log:153 | [classify_query_intent] Classified: 'Liệt kê toàn bộ giao dịch đang...' -> getTransactionList | Tra cứu g (score=2)
2025-12-31 11:00:08 | DEBUG    | log:153 | [normalize_query] 'Có giao dịch nào đang chờ xử lý không?...' -> 'Có giao dịch nào đang chờ xử lý không...'
2025-12-31 11:00:08 | DEBUG    | log:153 | [perform_hybrid_search] query_text: [Có giao dịch nào đang chờ xử lý không?] - formatted_query: [Có giao dịch nào đang chờ xử lý không] - normalized_query: [Có giao dịch nào đang chờ xử lý không]
2025-12-31 11:00:08 | DEBUG    | log:153 | [perform_hybrid_search] BM25 raw scores: min=14.9891, max=22.9459
2025-12-31 11:00:08 | DEBUG    | log:153 | [get_keyword_boost] Query: 'Có giao dịch nào đang chờ xử l...' | Doc: getTransactionList | | Boost: 0.50 | Matched: ['chờ xử lý', 'đang chờ']
2025-12-31 11:00:08 | DEBUG    | log:153 | [get_keyword_boost] Query: 'Có giao dịch nào đang chờ xử l...' | Doc: getTransactionList | | Boost: 0.25 | Matched: ['chờ xử lý']
2025-12-31 11:00:08 | DEBUG    | log:153 | [get_keyword_boost] Query: 'Có giao dịch nào đang chờ xử l...' | Doc: getTransactionList | | Boost: 0.25 | Matched: ['chờ xử lý']
2025-12-31 11:00:08 | DEBUG    | log:153 | [get_keyword_boost] Query: 'Có giao dịch nào đang chờ xử l...' | Doc: getTransactionList | | Boost: 0.25 | Matched: ['chờ xử lý']
2025-12-31 11:00:08 | DEBUG    | log:153 | [get_keyword_boost] Query: 'Có giao dịch nào đang chờ xử l...' | Doc: getTransactionList | | Boost: 0.25 | Matched: ['chờ xử lý']
2025-12-31 11:00:08 | DEBUG    | log:153 | [classify_query_intent] Classified: 'Có giao dịch nào đang chờ xử l...' -> getTransactionList | Tra cứu g (score=2)
2025-12-31 11:00:08 | DEBUG    | log:153 | [normalize_query] 'Hiển thị các giao dịch chưa được phê duy...' -> 'Hiển thị các giao dịch chưa được phê duy...'
2025-12-31 11:00:08 | DEBUG    | log:153 | [perform_hybrid_search] query_text: [Hiển thị các giao dịch chưa được phê duyệt] - formatted_query: [Hiển thị các giao dịch chưa được phê duyệt] - normalized_query: [Hiển thị các giao dịch chưa được phê duyệt]
2025-12-31 11:00:08 | DEBUG    | log:153 | [perform_hybrid_search] BM25 raw scores: min=12.0412, max=20.1232
2025-12-31 11:00:08 | DEBUG    | log:153 | [get_keyword_boost] Query: 'Hiển thị các giao dịch chưa đư...' | Doc: getTransactionList | | Boost: 0.25 | Matched: ['chưa được phê duyệt']
2025-12-31 11:00:08 | DEBUG    | log:153 | [classify_query_intent] Classified: 'Hiển thị các giao dịch chưa đư...' -> getTransactionList | Tra cứu g (score=1)
2025-12-31 11:00:08 | DEBUG    | log:153 | [normalize_query] 'Tôi muốn xem tất cả giao dịch đang ở trạ...' -> 'Tôi muốn xem tất cả giao dịch đang ở trạ...'
2025-12-31 11:00:08 | DEBUG    | log:153 | [perform_hybrid_search] query_text: [Tôi muốn xem tất cả giao dịch đang ở trạng thái pending] - formatted_query: [Tôi muốn xem tất cả giao dịch đang ở trạng thái pending] - normalized_query: [Tôi muốn xem tất cả giao dịch đang ở trạng thái pending]
2025-12-31 11:00:08 | DEBUG    | log:153 | [perform_hybrid_search] BM25 raw scores: min=15.4511, max=34.8117
2025-12-31 11:00:08 | DEBUG    | log:153 | [get_keyword_boost] Query: 'Tôi muốn xem tất cả giao dịch ...' | Doc: getTransactionList | | Boost: 0.50 | Matched: ['pending', 'tất cả']
2025-12-31 11:00:08 | DEBUG    | log:153 | [get_keyword_boost] Query: 'Tôi muốn xem tất cả giao dịch ...' | Doc: getTransactionList | | Boost: 0.25 | Matched: ['pending']
2025-12-31 11:00:08 | DEBUG    | log:153 | [get_keyword_boost] Query: 'Tôi muốn xem tất cả giao dịch ...' | Doc: getTransactionList | | Boost: 0.25 | Matched: ['pending']
2025-12-31 11:00:08 | DEBUG    | log:153 | [get_keyword_boost] Query: 'Tôi muốn xem tất cả giao dịch ...' | Doc: getTransactionList | | Boost: 0.25 | Matched: ['pending']
2025-12-31 11:00:08 | DEBUG    | log:153 | [get_keyword_boost] Query: 'Tôi muốn xem tất cả giao dịch ...' | Doc: getTransactionList | | Boost: 0.25 | Matched: ['pending']
2025-12-31 11:00:08 | DEBUG    | log:153 | [classify_query_intent] Classified: 'Tôi muốn xem tất cả giao dịch ...' -> getTransactionList | Tra cứu g (score=2)
2025-12-31 11:00:08 | DEBUG    | log:153 | [normalize_query] 'Các lệnh chuyển tiền nào chưa được duyệt...' -> 'Các lệnh chuyển tiền nào chưa được duyệt...'
2025-12-31 11:00:08 | DEBUG    | log:153 | [perform_hybrid_search] query_text: [Các lệnh chuyển tiền nào chưa được duyệt?] - formatted_query: [Các lệnh chuyển tiền nào chưa được duyệt] - normalized_query: [Các lệnh chuyển tiền nào chưa được duyệt]
2025-12-31 11:00:08 | DEBUG    | log:153 | [perform_hybrid_search] BM25 raw scores: min=16.2999, max=22.4580
2025-12-31 11:00:08 | DEBUG    | log:153 | [get_keyword_boost] Query: 'Các lệnh chuyển tiền nào chưa ...' | Doc: getTransactionList | | Boost: 0.25 | Matched: ['chưa được duyệt']
2025-12-31 11:00:08 | DEBUG    | log:153 | [get_keyword_boost] Query: 'Các lệnh chuyển tiền nào chưa ...' | Doc: getTransactionList | | Boost: 0.25 | Matched: ['chuyển tiền']
2025-12-31 11:00:08 | DEBUG    | log:153 | [classify_query_intent] Ambiguous: 'Các lệnh chuyển tiền nào chưa ...' | Scores: {'getTransactionList | Tra cứu giao dịch đang chờ xử lý hoặc chờ duyệt': 1, 'getTransactionList | Tra cứu giao dịch chờ duyệt theo loại giao dịch': 1}
2025-12-31 11:00:08 | DEBUG    | log:153 | [normalize_query] 'Cho biết danh sách giao dịch cần checker...' -> 'Cho biết danh sách giao dịch cần checker...'
2025-12-31 11:00:08 | DEBUG    | log:153 | [perform_hybrid_search] query_text: [Cho biết danh sách giao dịch cần checker phê duyệt] - formatted_query: [Cho biết danh sách giao dịch cần checker phê duyệt] - normalized_query: [Cho biết danh sách giao dịch cần checker phê duyệt]
2025-12-31 11:00:08 | DEBUG    | log:153 | [perform_hybrid_search] BM25 raw scores: min=11.1299, max=25.1942
2025-12-31 11:00:08 | DEBUG    | log:153 | [classify_query_intent] No keyword matches found in: 'Cho biết danh sách giao dịch cần checker phê duyệt'
2025-12-31 11:00:08 | DEBUG    | log:153 | [normalize_query] 'Liệt kê các giao dịch đang chờ xử lý tro...' -> 'Liệt kê các giao dịch đang chờ xử lý tro...'
2025-12-31 11:00:08 | DEBUG    | log:153 | [perform_hybrid_search] query_text: [Liệt kê các giao dịch đang chờ xử lý trong hệ thống] - formatted_query: [Liệt kê các giao dịch đang chờ xử lý trong hệ thống] - normalized_query: [Liệt kê các giao dịch đang chờ xử lý trong hệ thống]
2025-12-31 11:00:08 | DEBUG    | log:153 | [perform_hybrid_search] BM25 raw scores: min=11.3204, max=21.3618
2025-12-31 11:00:08 | DEBUG    | log:153 | [get_keyword_boost] Query: 'Liệt kê các giao dịch đang chờ...' | Doc: getTransactionList | | Boost: 0.50 | Matched: ['chờ xử lý', 'đang chờ']
2025-12-31 11:00:08 | DEBUG    | log:153 | [get_keyword_boost] Query: 'Liệt kê các giao dịch đang chờ...' | Doc: getTransactionList | | Boost: 0.25 | Matched: ['chờ xử lý']
2025-12-31 11:00:08 | DEBUG    | log:153 | [get_keyword_boost] Query: 'Liệt kê các giao dịch đang chờ...' | Doc: getTransactionList | | Boost: 0.50 | Matched: ['chờ xử lý', 'trong']
2025-12-31 11:00:08 | DEBUG    | log:153 | [get_keyword_boost] Query: 'Liệt kê các giao dịch đang chờ...' | Doc: getTransactionList | | Boost: 0.25 | Matched: ['chờ xử lý']
2025-12-31 11:00:08 | DEBUG    | log:153 | [get_keyword_boost] Query: 'Liệt kê các giao dịch đang chờ...' | Doc: getTransactionList | | Boost: 0.25 | Matched: ['chờ xử lý']
2025-12-31 11:00:08 | DEBUG    | log:153 | [classify_query_intent] Ambiguous: 'Liệt kê các giao dịch đang chờ...' | Scores: {'getTransactionList | Tra cứu giao dịch đang chờ xử lý hoặc chờ duyệt': 2, 'getTransactionList | Tra cứu giao dịch chờ duyệt theo số tài khoản nguồn': 1, 'getTransactionList | Tra cứu giao dịch chờ duyệt theo khoảng thời gian': 2, 'getTransactionList | Tra cứu giao dịch chờ duyệt theo loại giao dịch': 1, 'getTransactionList | Tra cứu giao dịch chờ duyệt theo số tiền hoặc hạn mức': 1}
2025-12-31 11:00:08 | DEBUG    | log:153 | [normalize_query] 'Xem toàn bộ giao dịch chưa hoàn tất...' -> 'Xem toàn bộ giao dịch chưa hoàn tất...'
2025-12-31 11:00:08 | DEBUG    | log:153 | [perform_hybrid_search] query_text: [Xem toàn bộ giao dịch chưa hoàn tất] - formatted_query: [Xem toàn bộ giao dịch chưa hoàn tất] - normalized_query: [Xem toàn bộ giao dịch chưa hoàn tất]
2025-12-31 11:00:08 | DEBUG    | log:153 | [perform_hybrid_search] BM25 raw scores: min=21.7773, max=31.3413
2025-12-31 11:00:08 | DEBUG    | log:153 | [get_keyword_boost] Query: 'Xem toàn bộ giao dịch chưa hoà...' | Doc: getTransactionList | | Boost: 0.25 | Matched: ['toàn bộ']
2025-12-31 11:00:08 | DEBUG    | log:153 | [classify_query_intent] Classified: 'Xem toàn bộ giao dịch chưa hoà...' -> getTransactionList | Tra cứu g (score=1)
2025-12-31 11:00:08 | DEBUG    | log:153 | [normalize_query] 'Có giao dịch nào đang ở trạng thái “chờ ...' -> 'Có giao dịch nào đang ở trạng thái “chờ ...'
2025-12-31 11:00:08 | DEBUG    | log:153 | [perform_hybrid_search] query_text: [Có giao dịch nào đang ở trạng thái “chờ duyệt” không?] - formatted_query: [Có giao dịch nào đang ở trạng thái “chờ duyệt” không] - normalized_query: [Có giao dịch nào đang ở trạng thái “chờ duyệt” không]
2025-12-31 11:00:08 | DEBUG    | log:153 | [perform_hybrid_search] BM25 raw scores: min=15.4659, max=29.6700
2025-12-31 11:00:08 | DEBUG    | log:153 | [get_keyword_boost] Query: 'Có giao dịch nào đang ở trạng ...' | Doc: getTransactionList | | Boost: 0.25 | Matched: ['chờ duyệt']
2025-12-31 11:00:08 | DEBUG    | log:153 | [get_keyword_boost] Query: 'Có giao dịch nào đang ở trạng ...' | Doc: getTransactionList | | Boost: 0.25 | Matched: ['chờ duyệt']
2025-12-31 11:00:08 | DEBUG    | log:153 | [get_keyword_boost] Query: 'Có giao dịch nào đang ở trạng ...' | Doc: getTransactionList | | Boost: 0.25 | Matched: ['chờ duyệt']
2025-12-31 11:00:08 | DEBUG    | log:153 | [get_keyword_boost] Query: 'Có giao dịch nào đang ở trạng ...' | Doc: getTransactionList | | Boost: 0.25 | Matched: ['chờ duyệt']
2025-12-31 11:00:08 | DEBUG    | log:153 | [get_keyword_boost] Query: 'Có giao dịch nào đang ở trạng ...' | Doc: getTransactionList | | Boost: 0.25 | Matched: ['chờ duyệt']
2025-12-31 11:00:08 | DEBUG    | log:153 | [classify_query_intent] Ambiguous: 'Có giao dịch nào đang ở trạng ...' | Scores: {'getTransactionList | Tra cứu giao dịch đang chờ xử lý hoặc chờ duyệt': 1, 'getTransactionList | Tra cứu giao dịch chờ duyệt theo số tài khoản nguồn': 1, 'getTransactionList | Tra cứu giao dịch chờ duyệt theo khoảng thời gian': 1, 'getTransactionList | Tra cứu giao dịch chờ duyệt theo loại giao dịch': 1, 'getTransactionList | Tra cứu giao dịch chờ duyệt theo số tiền hoặc hạn mức': 1}
2025-12-31 11:00:08 | DEBUG    | log:153 | [normalize_query] 'Hiển thị danh sách các giao dịch chưa đư...' -> 'Hiển thị danh sách các giao dịch chưa đư...'
2025-12-31 11:00:08 | DEBUG    | log:153 | [perform_hybrid_search] query_text: [Hiển thị danh sách các giao dịch chưa được xử lý] - formatted_query: [Hiển thị danh sách các giao dịch chưa được xử lý] - normalized_query: [Hiển thị danh sách các giao dịch chưa được xử lý]
2025-12-31 11:00:08 | DEBUG    | log:153 | [perform_hybrid_search] BM25 raw scores: min=18.9152, max=28.9317
2025-12-31 11:00:08 | DEBUG    | log:153 | [classify_query_intent] No keyword matches found in: 'Hiển thị danh sách các giao dịch chưa được xử lý'
2025-12-31 11:00:08 | DEBUG    | log:153 | [normalize_query] 'Tôi muốn kiểm tra các giao dịch đang pen...' -> 'Tôi muốn kiểm tra các giao dịch đang pen...'
2025-12-31 11:00:08 | DEBUG    | log:153 | [perform_hybrid_search] query_text: [Tôi muốn kiểm tra các giao dịch đang pending] - formatted_query: [Tôi muốn kiểm tra các giao dịch đang pending] - normalized_query: [Tôi muốn kiểm tra các giao dịch đang pending]
2025-12-31 11:00:08 | DEBUG    | log:153 | [perform_hybrid_search] BM25 raw scores: min=9.2113, max=12.5564
2025-12-31 11:00:08 | DEBUG    | log:153 | [get_keyword_boost] Query: 'Tôi muốn kiểm tra các giao dịc...' | Doc: getTransactionList | | Boost: 0.25 | Matched: ['pending']
2025-12-31 11:00:08 | DEBUG    | log:153 | [get_keyword_boost] Query: 'Tôi muốn kiểm tra các giao dịc...' | Doc: getTransactionList | | Boost: 0.25 | Matched: ['pending']
2025-12-31 11:00:08 | DEBUG    | log:153 | [get_keyword_boost] Query: 'Tôi muốn kiểm tra các giao dịc...' | Doc: getTransactionList | | Boost: 0.25 | Matched: ['pending']
2025-12-31 11:00:08 | DEBUG    | log:153 | [get_keyword_boost] Query: 'Tôi muốn kiểm tra các giao dịc...' | Doc: getTransactionList | | Boost: 0.25 | Matched: ['pending']
2025-12-31 11:00:08 | DEBUG    | log:153 | [get_keyword_boost] Query: 'Tôi muốn kiểm tra các giao dịc...' | Doc: getTransactionList | | Boost: 0.25 | Matched: ['pending']
2025-12-31 11:00:08 | DEBUG    | log:153 | [classify_query_intent] Ambiguous: 'Tôi muốn kiểm tra các giao dịc...' | Scores: {'getTransactionList | Tra cứu giao dịch đang chờ xử lý hoặc chờ duyệt': 1, 'getTransactionList | Tra cứu giao dịch chờ duyệt theo số tài khoản nguồn': 1, 'getTransactionList | Tra cứu giao dịch chờ duyệt theo khoảng thời gian': 1, 'getTransactionList | Tra cứu giao dịch chờ duyệt theo loại giao dịch': 1, 'getTransactionList | Tra cứu giao dịch chờ duyệt theo số tiền hoặc hạn mức': 1}
2025-12-31 11:00:08 | DEBUG    | log:153 | [normalize_query] 'Cho tôi biết những giao dịch nào chưa đư...' -> 'Cho tôi biết những giao dịch nào chưa đư...'
2025-12-31 11:00:08 | DEBUG    | log:153 | [perform_hybrid_search] query_text: [Cho tôi biết những giao dịch nào chưa được duyệt] - formatted_query: [Cho tôi biết những giao dịch nào chưa được duyệt] - normalized_query: [Cho tôi biết những giao dịch nào chưa được duyệt]
2025-12-31 11:00:08 | DEBUG    | log:153 | [perform_hybrid_search] BM25 raw scores: min=16.9430, max=20.2726
2025-12-31 11:00:08 | DEBUG    | log:153 | [get_keyword_boost] Query: 'Cho tôi biết những giao dịch n...' | Doc: getTransactionList | | Boost: 0.25 | Matched: ['chưa được duyệt']
2025-12-31 11:00:08 | DEBUG    | log:153 | [classify_query_intent] Classified: 'Cho tôi biết những giao dịch n...' -> getTransactionList | Tra cứu g (score=1)
2025-12-31 11:00:08 | DEBUG    | log:153 | [normalize_query] 'Liệt kê các lệnh đang chờ phê duyệt...' -> 'Liệt kê các lệnh đang chờ phê duyệt...'
2025-12-31 11:00:08 | DEBUG    | log:153 | [perform_hybrid_search] query_text: [Liệt kê các lệnh đang chờ phê duyệt] - formatted_query: [Liệt kê các lệnh đang chờ phê duyệt] - normalized_query: [Liệt kê các lệnh đang chờ phê duyệt]
2025-12-31 11:00:08 | DEBUG    | log:153 | [perform_hybrid_search] BM25 raw scores: min=11.2497, max=16.6063
2025-12-31 11:00:08 | DEBUG    | log:153 | [get_keyword_boost] Query: 'Liệt kê các lệnh đang chờ phê ...' | Doc: getTransactionList | | Boost: 0.50 | Matched: ['chờ phê duyệt', 'đang chờ']
2025-12-31 11:00:08 | DEBUG    | log:153 | [classify_query_intent] Classified: 'Liệt kê các lệnh đang chờ phê ...' -> getTransactionList | Tra cứu g (score=2)
2025-12-31 11:00:08 | DEBUG    | log:153 | [normalize_query] 'Các giao dịch nào hiện tại chưa hoàn tất...' -> 'Các giao dịch nào hiện tại chưa hoàn tất...'
2025-12-31 11:00:08 | DEBUG    | log:153 | [perform_hybrid_search] query_text: [Các giao dịch nào hiện tại chưa hoàn tất?] - formatted_query: [Các giao dịch nào hiện tại chưa hoàn tất] - normalized_query: [Các giao dịch nào hiện tại chưa hoàn tất]
2025-12-31 11:00:08 | DEBUG    | log:153 | [perform_hybrid_search] BM25 raw scores: min=17.4586, max=26.1556
2025-12-31 11:00:08 | DEBUG    | log:153 | [classify_query_intent] No keyword matches found in: 'Các giao dịch nào hiện tại chưa hoàn tất'
2025-12-31 11:00:08 | DEBUG    | log:153 | [normalize_query] 'Xem danh sách giao dịch đang chờ xử lý...' -> 'Xem danh sách giao dịch đang chờ xử lý...'
2025-12-31 11:00:08 | DEBUG    | log:153 | [perform_hybrid_search] query_text: [Xem danh sách giao dịch đang chờ xử lý] - formatted_query: [Xem danh sách giao dịch đang chờ xử lý] - normalized_query: [Xem danh sách giao dịch đang chờ xử lý]
2025-12-31 11:00:09 | DEBUG    | log:153 | [perform_hybrid_search] BM25 raw scores: min=12.6036, max=20.2531
2025-12-31 11:00:09 | DEBUG    | log:153 | [get_keyword_boost] Query: 'Xem danh sách giao dịch đang c...' | Doc: getTransactionList | | Boost: 0.50 | Matched: ['chờ xử lý', 'đang chờ']
2025-12-31 11:00:09 | DEBUG    | log:153 | [get_keyword_boost] Query: 'Xem danh sách giao dịch đang c...' | Doc: getTransactionList | | Boost: 0.25 | Matched: ['chờ xử lý']
2025-12-31 11:00:09 | DEBUG    | log:153 | [get_keyword_boost] Query: 'Xem danh sách giao dịch đang c...' | Doc: getTransactionList | | Boost: 0.25 | Matched: ['chờ xử lý']
2025-12-31 11:00:09 | DEBUG    | log:153 | [get_keyword_boost] Query: 'Xem danh sách giao dịch đang c...' | Doc: getTransactionList | | Boost: 0.25 | Matched: ['chờ xử lý']
2025-12-31 11:00:09 | DEBUG    | log:153 | [get_keyword_boost] Query: 'Xem danh sách giao dịch đang c...' | Doc: getTransactionList | | Boost: 0.25 | Matched: ['chờ xử lý']
2025-12-31 11:00:09 | DEBUG    | log:153 | [classify_query_intent] Classified: 'Xem danh sách giao dịch đang c...' -> getTransactionList | Tra cứu g (score=2)
2025-12-31 11:00:09 | DEBUG    | log:153 | [normalize_query] 'Hiển thị toàn bộ giao dịch chưa được phê...' -> 'Hiển thị toàn bộ giao dịch chưa được phê...'
2025-12-31 11:00:09 | DEBUG    | log:153 | [perform_hybrid_search] query_text: [Hiển thị toàn bộ giao dịch chưa được phê duyệt] - formatted_query: [Hiển thị toàn bộ giao dịch chưa được phê duyệt] - normalized_query: [Hiển thị toàn bộ giao dịch chưa được phê duyệt]
2025-12-31 11:00:09 | DEBUG    | log:153 | [perform_hybrid_search] BM25 raw scores: min=24.9196, max=31.9145
2025-12-31 11:00:09 | DEBUG    | log:153 | [get_keyword_boost] Query: 'Hiển thị toàn bộ giao dịch chư...' | Doc: getTransactionList | | Boost: 0.50 | Matched: ['chưa được phê duyệt', 'toàn bộ']
2025-12-31 11:00:09 | DEBUG    | log:153 | [classify_query_intent] Classified: 'Hiển thị toàn bộ giao dịch chư...' -> getTransactionList | Tra cứu g (score=2)
2025-12-31 11:00:09 | DEBUG    | log:153 | [normalize_query] 'Có giao dịch nào đang bị treo không?...' -> 'Có giao dịch nào đang bị treo không...'
2025-12-31 11:00:09 | DEBUG    | log:153 | [perform_hybrid_search] query_text: [Có giao dịch nào đang bị treo không?] - formatted_query: [Có giao dịch nào đang bị treo không] - normalized_query: [Có giao dịch nào đang bị treo không]
2025-12-31 11:00:09 | DEBUG    | log:153 | [perform_hybrid_search] BM25 raw scores: min=16.3365, max=22.4007
2025-12-31 11:00:09 | DEBUG    | log:153 | [classify_query_intent] No keyword matches found in: 'Có giao dịch nào đang bị treo không'
2025-12-31 11:00:09 | DEBUG    | log:153 | [normalize_query] 'Cho tôi xem các giao dịch đang ở trạng t...' -> 'Cho tôi xem các giao dịch đang ở trạng t...'
2025-12-31 11:00:09 | DEBUG    | log:153 | [perform_hybrid_search] query_text: [Cho tôi xem các giao dịch đang ở trạng thái pending] - formatted_query: [Cho tôi xem các giao dịch đang ở trạng thái pending] - normalized_query: [Cho tôi xem các giao dịch đang ở trạng thái pending]
2025-12-31 11:00:09 | DEBUG    | log:153 | [perform_hybrid_search] BM25 raw scores: min=5.8383, max=16.7521
2025-12-31 11:00:09 | DEBUG    | log:153 | [get_keyword_boost] Query: 'Cho tôi xem các giao dịch đang...' | Doc: getTransactionList | | Boost: 0.25 | Matched: ['pending']
2025-12-31 11:00:09 | DEBUG    | log:153 | [get_keyword_boost] Query: 'Cho tôi xem các giao dịch đang...' | Doc: getTransactionList | | Boost: 0.25 | Matched: ['pending']
2025-12-31 11:00:09 | DEBUG    | log:153 | [get_keyword_boost] Query: 'Cho tôi xem các giao dịch đang...' | Doc: getTransactionList | | Boost: 0.25 | Matched: ['pending']
2025-12-31 11:00:09 | DEBUG    | log:153 | [get_keyword_boost] Query: 'Cho tôi xem các giao dịch đang...' | Doc: getTransactionList | | Boost: 0.25 | Matched: ['pending']
2025-12-31 11:00:09 | DEBUG    | log:153 | [get_keyword_boost] Query: 'Cho tôi xem các giao dịch đang...' | Doc: getTransactionList | | Boost: 0.25 | Matched: ['pending']
2025-12-31 11:00:09 | DEBUG    | log:153 | [classify_query_intent] Ambiguous: 'Cho tôi xem các giao dịch đang...' | Scores: {'getTransactionList | Tra cứu giao dịch đang chờ xử lý hoặc chờ duyệt': 1, 'getTransactionList | Tra cứu giao dịch chờ duyệt theo số tài khoản nguồn': 1, 'getTransactionList | Tra cứu giao dịch chờ duyệt theo khoảng thời gian': 1, 'getTransactionList | Tra cứu giao dịch chờ duyệt theo loại giao dịch': 1, 'getTransactionList | Tra cứu giao dịch chờ duyệt theo số tiền hoặc hạn mức': 1}
2025-12-31 11:00:09 | DEBUG    | log:153 | [normalize_query] 'Liệt kê tất cả giao dịch cần duyệt trong...' -> 'Liệt kê tất cả giao dịch cần duyệt trong...'
2025-12-31 11:00:09 | DEBUG    | log:153 | [perform_hybrid_search] query_text: [Liệt kê tất cả giao dịch cần duyệt trong hệ thống] - formatted_query: [Liệt kê tất cả giao dịch cần duyệt trong hệ thống] - normalized_query: [Liệt kê tất cả giao dịch cần duyệt trong hệ thống]
2025-12-31 11:00:09 | DEBUG    | log:153 | [perform_hybrid_search] BM25 raw scores: min=21.8649, max=39.6056
2025-12-31 11:00:09 | DEBUG    | log:153 | [get_keyword_boost] Query: 'Liệt kê tất cả giao dịch cần d...' | Doc: getTransactionList | | Boost: 0.50 | Matched: ['cần duyệt', 'tất cả']
2025-12-31 11:00:09 | DEBUG    | log:153 | [get_keyword_boost] Query: 'Liệt kê tất cả giao dịch cần d...' | Doc: getTransactionList | | Boost: 0.25 | Matched: ['trong']
2025-12-31 11:00:09 | DEBUG    | log:153 | [classify_query_intent] Classified: 'Liệt kê tất cả giao dịch cần d...' -> getTransactionList | Tra cứu g (score=2)
2025-12-31 11:00:09 | INFO     | log:151 | [search_batch_stream] Completed in 0.56s, avg 0.028s/row, saved to quick-test_192-168-40-86_20251231_110008.xlsx
2025-12-31 11:04:01 | INFO     | log:151 | [search_batch_stream] Batch stream search from: quick-test.xlsx
2025-12-31 11:04:01 | DEBUG    | log:153 | [get_tables] Getting tables...
2025-12-31 11:04:01 | DEBUG    | log:153 | [get_tables] Returning cached tables
2025-12-31 11:04:01 | DEBUG    | log:153 | [normalize_query] 'Cho tôi xem danh sách các giao dịch đang...' -> 'Cho tôi xem danh sách các giao dịch đang...'
2025-12-31 11:04:01 | DEBUG    | log:153 | [perform_hybrid_search] query_text: [Cho tôi xem danh sách các giao dịch đang chờ duyệt] - formatted_query: [Cho tôi xem danh sách các giao dịch đang chờ duyệt] - normalized_query: [Cho tôi xem danh sách các giao dịch đang chờ duyệt]
2025-12-31 11:04:01 | DEBUG    | log:153 | [perform_hybrid_search] BM25 raw scores: min=12.8074, max=20.3508
2025-12-31 11:04:01 | DEBUG    | log:153 | [get_keyword_boost] Query: 'Cho tôi xem danh sách các giao...' | Doc: getTransactionList | | Boost: 0.50 | Matched: ['chờ duyệt', 'đang chờ']
2025-12-31 11:04:01 | DEBUG    | log:153 | [get_keyword_boost] Query: 'Cho tôi xem danh sách các giao...' | Doc: getTransactionList | | Boost: 0.25 | Matched: ['chờ duyệt']
2025-12-31 11:04:01 | DEBUG    | log:153 | [get_keyword_boost] Query: 'Cho tôi xem danh sách các giao...' | Doc: getTransactionList | | Boost: 0.25 | Matched: ['chờ duyệt']
2025-12-31 11:04:01 | DEBUG    | log:153 | [get_keyword_boost] Query: 'Cho tôi xem danh sách các giao...' | Doc: getTransactionList | | Boost: 0.25 | Matched: ['chờ duyệt']
2025-12-31 11:04:01 | DEBUG    | log:153 | [get_keyword_boost] Query: 'Cho tôi xem danh sách các giao...' | Doc: getTransactionList | | Boost: 0.25 | Matched: ['chờ duyệt']
2025-12-31 11:04:01 | DEBUG    | log:153 | [classify_query_intent] Classified: 'Cho tôi xem danh sách các giao...' -> getTransactionList | Tra cứu g (score=2)
2025-12-31 11:04:01 | DEBUG    | log:153 | [normalize_query] 'Liệt kê toàn bộ giao dịch đang pending...' -> 'Liệt kê toàn bộ giao dịch đang pending...'
2025-12-31 11:04:01 | DEBUG    | log:153 | [perform_hybrid_search] query_text: [Liệt kê toàn bộ giao dịch đang pending] - formatted_query: [Liệt kê toàn bộ giao dịch đang pending] - normalized_query: [Liệt kê toàn bộ giao dịch đang pending]
2025-12-31 11:04:01 | DEBUG    | log:153 | [perform_hybrid_search] BM25 raw scores: min=16.7761, max=26.4459
2025-12-31 11:04:01 | DEBUG    | log:153 | [get_keyword_boost] Query: 'Liệt kê toàn bộ giao dịch đang...' | Doc: getTransactionList | | Boost: 0.50 | Matched: ['pending', 'toàn bộ']
2025-12-31 11:04:01 | DEBUG    | log:153 | [get_keyword_boost] Query: 'Liệt kê toàn bộ giao dịch đang...' | Doc: getTransactionList | | Boost: 0.25 | Matched: ['pending']
2025-12-31 11:04:01 | DEBUG    | log:153 | [get_keyword_boost] Query: 'Liệt kê toàn bộ giao dịch đang...' | Doc: getTransactionList | | Boost: 0.25 | Matched: ['pending']
2025-12-31 11:04:01 | DEBUG    | log:153 | [get_keyword_boost] Query: 'Liệt kê toàn bộ giao dịch đang...' | Doc: getTransactionList | | Boost: 0.25 | Matched: ['pending']
2025-12-31 11:04:01 | DEBUG    | log:153 | [get_keyword_boost] Query: 'Liệt kê toàn bộ giao dịch đang...' | Doc: getTransactionList | | Boost: 0.25 | Matched: ['pending']
2025-12-31 11:04:01 | DEBUG    | log:153 | [classify_query_intent] Classified: 'Liệt kê toàn bộ giao dịch đang...' -> getTransactionList | Tra cứu g (score=2)
2025-12-31 11:04:01 | DEBUG    | log:153 | [normalize_query] 'Có giao dịch nào đang chờ xử lý không?...' -> 'Có giao dịch nào đang chờ xử lý không...'
2025-12-31 11:04:01 | DEBUG    | log:153 | [perform_hybrid_search] query_text: [Có giao dịch nào đang chờ xử lý không?] - formatted_query: [Có giao dịch nào đang chờ xử lý không] - normalized_query: [Có giao dịch nào đang chờ xử lý không]
2025-12-31 11:04:01 | DEBUG    | log:153 | [perform_hybrid_search] BM25 raw scores: min=14.9891, max=22.9459
2025-12-31 11:04:01 | DEBUG    | log:153 | [get_keyword_boost] Query: 'Có giao dịch nào đang chờ xử l...' | Doc: getTransactionList | | Boost: 0.50 | Matched: ['chờ xử lý', 'đang chờ']
2025-12-31 11:04:01 | DEBUG    | log:153 | [get_keyword_boost] Query: 'Có giao dịch nào đang chờ xử l...' | Doc: getTransactionList | | Boost: 0.25 | Matched: ['chờ xử lý']
2025-12-31 11:04:01 | DEBUG    | log:153 | [get_keyword_boost] Query: 'Có giao dịch nào đang chờ xử l...' | Doc: getTransactionList | | Boost: 0.25 | Matched: ['chờ xử lý']
2025-12-31 11:04:01 | DEBUG    | log:153 | [get_keyword_boost] Query: 'Có giao dịch nào đang chờ xử l...' | Doc: getTransactionList | | Boost: 0.25 | Matched: ['chờ xử lý']
2025-12-31 11:04:01 | DEBUG    | log:153 | [get_keyword_boost] Query: 'Có giao dịch nào đang chờ xử l...' | Doc: getTransactionList | | Boost: 0.25 | Matched: ['chờ xử lý']
2025-12-31 11:04:01 | DEBUG    | log:153 | [classify_query_intent] Classified: 'Có giao dịch nào đang chờ xử l...' -> getTransactionList | Tra cứu g (score=2)
2025-12-31 11:04:01 | DEBUG    | log:153 | [normalize_query] 'Hiển thị các giao dịch chưa được phê duy...' -> 'Hiển thị các giao dịch chưa được phê duy...'
2025-12-31 11:04:01 | DEBUG    | log:153 | [perform_hybrid_search] query_text: [Hiển thị các giao dịch chưa được phê duyệt] - formatted_query: [Hiển thị các giao dịch chưa được phê duyệt] - normalized_query: [Hiển thị các giao dịch chưa được phê duyệt]
2025-12-31 11:04:01 | DEBUG    | log:153 | [perform_hybrid_search] BM25 raw scores: min=12.0412, max=20.1232
2025-12-31 11:04:01 | DEBUG    | log:153 | [get_keyword_boost] Query: 'Hiển thị các giao dịch chưa đư...' | Doc: getTransactionList | | Boost: 0.25 | Matched: ['chưa được phê duyệt']
2025-12-31 11:04:01 | DEBUG    | log:153 | [classify_query_intent] Classified: 'Hiển thị các giao dịch chưa đư...' -> getTransactionList | Tra cứu g (score=1)
2025-12-31 11:04:01 | DEBUG    | log:153 | [normalize_query] 'Tôi muốn xem tất cả giao dịch đang ở trạ...' -> 'Tôi muốn xem tất cả giao dịch đang ở trạ...'
2025-12-31 11:04:01 | DEBUG    | log:153 | [perform_hybrid_search] query_text: [Tôi muốn xem tất cả giao dịch đang ở trạng thái pending] - formatted_query: [Tôi muốn xem tất cả giao dịch đang ở trạng thái pending] - normalized_query: [Tôi muốn xem tất cả giao dịch đang ở trạng thái pending]
2025-12-31 11:04:01 | DEBUG    | log:153 | [perform_hybrid_search] BM25 raw scores: min=15.4511, max=34.8117
2025-12-31 11:04:01 | DEBUG    | log:153 | [get_keyword_boost] Query: 'Tôi muốn xem tất cả giao dịch ...' | Doc: getTransactionList | | Boost: 0.50 | Matched: ['pending', 'tất cả']
2025-12-31 11:04:01 | DEBUG    | log:153 | [get_keyword_boost] Query: 'Tôi muốn xem tất cả giao dịch ...' | Doc: getTransactionList | | Boost: 0.25 | Matched: ['pending']
2025-12-31 11:04:01 | DEBUG    | log:153 | [get_keyword_boost] Query: 'Tôi muốn xem tất cả giao dịch ...' | Doc: getTransactionList | | Boost: 0.25 | Matched: ['pending']
2025-12-31 11:04:01 | DEBUG    | log:153 | [get_keyword_boost] Query: 'Tôi muốn xem tất cả giao dịch ...' | Doc: getTransactionList | | Boost: 0.25 | Matched: ['pending']
2025-12-31 11:04:01 | DEBUG    | log:153 | [get_keyword_boost] Query: 'Tôi muốn xem tất cả giao dịch ...' | Doc: getTransactionList | | Boost: 0.25 | Matched: ['pending']
2025-12-31 11:04:01 | DEBUG    | log:153 | [classify_query_intent] Classified: 'Tôi muốn xem tất cả giao dịch ...' -> getTransactionList | Tra cứu g (score=2)
2025-12-31 11:04:01 | DEBUG    | log:153 | [normalize_query] 'Các lệnh chuyển tiền nào chưa được duyệt...' -> 'Các lệnh chuyển tiền nào chưa được duyệt...'
2025-12-31 11:04:01 | DEBUG    | log:153 | [perform_hybrid_search] query_text: [Các lệnh chuyển tiền nào chưa được duyệt?] - formatted_query: [Các lệnh chuyển tiền nào chưa được duyệt] - normalized_query: [Các lệnh chuyển tiền nào chưa được duyệt]
2025-12-31 11:04:01 | DEBUG    | log:153 | [perform_hybrid_search] BM25 raw scores: min=16.2999, max=22.4580
2025-12-31 11:04:01 | DEBUG    | log:153 | [get_keyword_boost] Query: 'Các lệnh chuyển tiền nào chưa ...' | Doc: getTransactionList | | Boost: 0.25 | Matched: ['chưa được duyệt']
2025-12-31 11:04:01 | DEBUG    | log:153 | [get_keyword_boost] Query: 'Các lệnh chuyển tiền nào chưa ...' | Doc: getTransactionList | | Boost: 0.25 | Matched: ['chuyển tiền']
2025-12-31 11:04:01 | DEBUG    | log:153 | [classify_query_intent] Ambiguous: 'Các lệnh chuyển tiền nào chưa ...' | Scores: {'getTransactionList | Tra cứu giao dịch đang chờ xử lý hoặc chờ duyệt': 1, 'getTransactionList | Tra cứu giao dịch chờ duyệt theo loại giao dịch': 1}
2025-12-31 11:04:01 | DEBUG    | log:153 | [normalize_query] 'Cho biết danh sách giao dịch cần checker...' -> 'Cho biết danh sách giao dịch cần checker...'
2025-12-31 11:04:01 | DEBUG    | log:153 | [perform_hybrid_search] query_text: [Cho biết danh sách giao dịch cần checker phê duyệt] - formatted_query: [Cho biết danh sách giao dịch cần checker phê duyệt] - normalized_query: [Cho biết danh sách giao dịch cần checker phê duyệt]
2025-12-31 11:04:01 | DEBUG    | log:153 | [perform_hybrid_search] BM25 raw scores: min=11.1299, max=25.1942
2025-12-31 11:04:01 | DEBUG    | log:153 | [classify_query_intent] No keyword matches found in: 'Cho biết danh sách giao dịch cần checker phê duyệt'
2025-12-31 11:04:01 | DEBUG    | log:153 | [normalize_query] 'Liệt kê các giao dịch đang chờ xử lý tro...' -> 'Liệt kê các giao dịch đang chờ xử lý tro...'
2025-12-31 11:04:01 | DEBUG    | log:153 | [perform_hybrid_search] query_text: [Liệt kê các giao dịch đang chờ xử lý trong hệ thống] - formatted_query: [Liệt kê các giao dịch đang chờ xử lý trong hệ thống] - normalized_query: [Liệt kê các giao dịch đang chờ xử lý trong hệ thống]
2025-12-31 11:04:01 | DEBUG    | log:153 | [perform_hybrid_search] BM25 raw scores: min=11.3204, max=21.3618
2025-12-31 11:04:01 | DEBUG    | log:153 | [get_keyword_boost] Query: 'Liệt kê các giao dịch đang chờ...' | Doc: getTransactionList | | Boost: 0.50 | Matched: ['chờ xử lý', 'đang chờ']
2025-12-31 11:04:01 | DEBUG    | log:153 | [get_keyword_boost] Query: 'Liệt kê các giao dịch đang chờ...' | Doc: getTransactionList | | Boost: 0.25 | Matched: ['chờ xử lý']
2025-12-31 11:04:01 | DEBUG    | log:153 | [get_keyword_boost] Query: 'Liệt kê các giao dịch đang chờ...' | Doc: getTransactionList | | Boost: 0.50 | Matched: ['chờ xử lý', 'trong']
2025-12-31 11:04:01 | DEBUG    | log:153 | [get_keyword_boost] Query: 'Liệt kê các giao dịch đang chờ...' | Doc: getTransactionList | | Boost: 0.25 | Matched: ['chờ xử lý']
2025-12-31 11:04:01 | DEBUG    | log:153 | [get_keyword_boost] Query: 'Liệt kê các giao dịch đang chờ...' | Doc: getTransactionList | | Boost: 0.25 | Matched: ['chờ xử lý']
2025-12-31 11:04:01 | DEBUG    | log:153 | [classify_query_intent] Ambiguous: 'Liệt kê các giao dịch đang chờ...' | Scores: {'getTransactionList | Tra cứu giao dịch đang chờ xử lý hoặc chờ duyệt': 2, 'getTransactionList | Tra cứu giao dịch chờ duyệt theo số tài khoản nguồn': 1, 'getTransactionList | Tra cứu giao dịch chờ duyệt theo khoảng thời gian': 2, 'getTransactionList | Tra cứu giao dịch chờ duyệt theo loại giao dịch': 1, 'getTransactionList | Tra cứu giao dịch chờ duyệt theo số tiền hoặc hạn mức': 1}
2025-12-31 11:04:01 | DEBUG    | log:153 | [normalize_query] 'Xem toàn bộ giao dịch chưa hoàn tất...' -> 'Xem toàn bộ giao dịch chưa hoàn tất...'
2025-12-31 11:04:01 | DEBUG    | log:153 | [perform_hybrid_search] query_text: [Xem toàn bộ giao dịch chưa hoàn tất] - formatted_query: [Xem toàn bộ giao dịch chưa hoàn tất] - normalized_query: [Xem toàn bộ giao dịch chưa hoàn tất]
2025-12-31 11:04:01 | DEBUG    | log:153 | [perform_hybrid_search] BM25 raw scores: min=21.7773, max=31.3413
2025-12-31 11:04:01 | DEBUG    | log:153 | [get_keyword_boost] Query: 'Xem toàn bộ giao dịch chưa hoà...' | Doc: getTransactionList | | Boost: 0.25 | Matched: ['toàn bộ']
2025-12-31 11:04:01 | DEBUG    | log:153 | [classify_query_intent] Classified: 'Xem toàn bộ giao dịch chưa hoà...' -> getTransactionList | Tra cứu g (score=1)
2025-12-31 11:04:01 | DEBUG    | log:153 | [normalize_query] 'Có giao dịch nào đang ở trạng thái “chờ ...' -> 'Có giao dịch nào đang ở trạng thái “chờ ...'
2025-12-31 11:04:01 | DEBUG    | log:153 | [perform_hybrid_search] query_text: [Có giao dịch nào đang ở trạng thái “chờ duyệt” không?] - formatted_query: [Có giao dịch nào đang ở trạng thái “chờ duyệt” không] - normalized_query: [Có giao dịch nào đang ở trạng thái “chờ duyệt” không]
2025-12-31 11:04:01 | DEBUG    | log:153 | [perform_hybrid_search] BM25 raw scores: min=15.4659, max=29.6700
2025-12-31 11:04:01 | DEBUG    | log:153 | [get_keyword_boost] Query: 'Có giao dịch nào đang ở trạng ...' | Doc: getTransactionList | | Boost: 0.25 | Matched: ['chờ duyệt']
2025-12-31 11:04:01 | DEBUG    | log:153 | [get_keyword_boost] Query: 'Có giao dịch nào đang ở trạng ...' | Doc: getTransactionList | | Boost: 0.25 | Matched: ['chờ duyệt']
2025-12-31 11:04:01 | DEBUG    | log:153 | [get_keyword_boost] Query: 'Có giao dịch nào đang ở trạng ...' | Doc: getTransactionList | | Boost: 0.25 | Matched: ['chờ duyệt']
2025-12-31 11:04:01 | DEBUG    | log:153 | [get_keyword_boost] Query: 'Có giao dịch nào đang ở trạng ...' | Doc: getTransactionList | | Boost: 0.25 | Matched: ['chờ duyệt']
2025-12-31 11:04:01 | DEBUG    | log:153 | [get_keyword_boost] Query: 'Có giao dịch nào đang ở trạng ...' | Doc: getTransactionList | | Boost: 0.25 | Matched: ['chờ duyệt']
2025-12-31 11:04:01 | DEBUG    | log:153 | [classify_query_intent] Ambiguous: 'Có giao dịch nào đang ở trạng ...' | Scores: {'getTransactionList | Tra cứu giao dịch đang chờ xử lý hoặc chờ duyệt': 1, 'getTransactionList | Tra cứu giao dịch chờ duyệt theo số tài khoản nguồn': 1, 'getTransactionList | Tra cứu giao dịch chờ duyệt theo khoảng thời gian': 1, 'getTransactionList | Tra cứu giao dịch chờ duyệt theo loại giao dịch': 1, 'getTransactionList | Tra cứu giao dịch chờ duyệt theo số tiền hoặc hạn mức': 1}
2025-12-31 11:04:01 | DEBUG    | log:153 | [normalize_query] 'Hiển thị danh sách các giao dịch chưa đư...' -> 'Hiển thị danh sách các giao dịch chưa đư...'
2025-12-31 11:04:01 | DEBUG    | log:153 | [perform_hybrid_search] query_text: [Hiển thị danh sách các giao dịch chưa được xử lý] - formatted_query: [Hiển thị danh sách các giao dịch chưa được xử lý] - normalized_query: [Hiển thị danh sách các giao dịch chưa được xử lý]
2025-12-31 11:04:01 | DEBUG    | log:153 | [perform_hybrid_search] BM25 raw scores: min=18.9152, max=28.9317
2025-12-31 11:04:01 | DEBUG    | log:153 | [classify_query_intent] No keyword matches found in: 'Hiển thị danh sách các giao dịch chưa được xử lý'
2025-12-31 11:04:01 | DEBUG    | log:153 | [normalize_query] 'Tôi muốn kiểm tra các giao dịch đang pen...' -> 'Tôi muốn kiểm tra các giao dịch đang pen...'
2025-12-31 11:04:01 | DEBUG    | log:153 | [perform_hybrid_search] query_text: [Tôi muốn kiểm tra các giao dịch đang pending] - formatted_query: [Tôi muốn kiểm tra các giao dịch đang pending] - normalized_query: [Tôi muốn kiểm tra các giao dịch đang pending]
2025-12-31 11:04:01 | DEBUG    | log:153 | [perform_hybrid_search] BM25 raw scores: min=9.2113, max=12.5564
2025-12-31 11:04:01 | DEBUG    | log:153 | [get_keyword_boost] Query: 'Tôi muốn kiểm tra các giao dịc...' | Doc: getTransactionList | | Boost: 0.25 | Matched: ['pending']
2025-12-31 11:04:01 | DEBUG    | log:153 | [get_keyword_boost] Query: 'Tôi muốn kiểm tra các giao dịc...' | Doc: getTransactionList | | Boost: 0.25 | Matched: ['pending']
2025-12-31 11:04:01 | DEBUG    | log:153 | [get_keyword_boost] Query: 'Tôi muốn kiểm tra các giao dịc...' | Doc: getTransactionList | | Boost: 0.25 | Matched: ['pending']
2025-12-31 11:04:01 | DEBUG    | log:153 | [get_keyword_boost] Query: 'Tôi muốn kiểm tra các giao dịc...' | Doc: getTransactionList | | Boost: 0.25 | Matched: ['pending']
2025-12-31 11:04:01 | DEBUG    | log:153 | [get_keyword_boost] Query: 'Tôi muốn kiểm tra các giao dịc...' | Doc: getTransactionList | | Boost: 0.25 | Matched: ['pending']
2025-12-31 11:04:01 | DEBUG    | log:153 | [classify_query_intent] Ambiguous: 'Tôi muốn kiểm tra các giao dịc...' | Scores: {'getTransactionList | Tra cứu giao dịch đang chờ xử lý hoặc chờ duyệt': 1, 'getTransactionList | Tra cứu giao dịch chờ duyệt theo số tài khoản nguồn': 1, 'getTransactionList | Tra cứu giao dịch chờ duyệt theo khoảng thời gian': 1, 'getTransactionList | Tra cứu giao dịch chờ duyệt theo loại giao dịch': 1, 'getTransactionList | Tra cứu giao dịch chờ duyệt theo số tiền hoặc hạn mức': 1}
2025-12-31 11:04:01 | DEBUG    | log:153 | [normalize_query] 'Cho tôi biết những giao dịch nào chưa đư...' -> 'Cho tôi biết những giao dịch nào chưa đư...'
2025-12-31 11:04:01 | DEBUG    | log:153 | [perform_hybrid_search] query_text: [Cho tôi biết những giao dịch nào chưa được duyệt] - formatted_query: [Cho tôi biết những giao dịch nào chưa được duyệt] - normalized_query: [Cho tôi biết những giao dịch nào chưa được duyệt]
2025-12-31 11:04:01 | DEBUG    | log:153 | [perform_hybrid_search] BM25 raw scores: min=16.9430, max=20.2726
2025-12-31 11:04:01 | DEBUG    | log:153 | [get_keyword_boost] Query: 'Cho tôi biết những giao dịch n...' | Doc: getTransactionList | | Boost: 0.25 | Matched: ['chưa được duyệt']
2025-12-31 11:04:01 | DEBUG    | log:153 | [classify_query_intent] Classified: 'Cho tôi biết những giao dịch n...' -> getTransactionList | Tra cứu g (score=1)
2025-12-31 11:04:01 | DEBUG    | log:153 | [normalize_query] 'Liệt kê các lệnh đang chờ phê duyệt...' -> 'Liệt kê các lệnh đang chờ phê duyệt...'
2025-12-31 11:04:01 | DEBUG    | log:153 | [perform_hybrid_search] query_text: [Liệt kê các lệnh đang chờ phê duyệt] - formatted_query: [Liệt kê các lệnh đang chờ phê duyệt] - normalized_query: [Liệt kê các lệnh đang chờ phê duyệt]
2025-12-31 11:04:01 | DEBUG    | log:153 | [perform_hybrid_search] BM25 raw scores: min=11.2497, max=16.6063
2025-12-31 11:04:01 | DEBUG    | log:153 | [get_keyword_boost] Query: 'Liệt kê các lệnh đang chờ phê ...' | Doc: getTransactionList | | Boost: 0.50 | Matched: ['chờ phê duyệt', 'đang chờ']
2025-12-31 11:04:01 | DEBUG    | log:153 | [classify_query_intent] Classified: 'Liệt kê các lệnh đang chờ phê ...' -> getTransactionList | Tra cứu g (score=2)
2025-12-31 11:04:01 | DEBUG    | log:153 | [normalize_query] 'Các giao dịch nào hiện tại chưa hoàn tất...' -> 'Các giao dịch nào hiện tại chưa hoàn tất...'
2025-12-31 11:04:01 | DEBUG    | log:153 | [perform_hybrid_search] query_text: [Các giao dịch nào hiện tại chưa hoàn tất?] - formatted_query: [Các giao dịch nào hiện tại chưa hoàn tất] - normalized_query: [Các giao dịch nào hiện tại chưa hoàn tất]
2025-12-31 11:04:01 | DEBUG    | log:153 | [perform_hybrid_search] BM25 raw scores: min=17.4586, max=26.1556
2025-12-31 11:04:01 | DEBUG    | log:153 | [classify_query_intent] No keyword matches found in: 'Các giao dịch nào hiện tại chưa hoàn tất'
2025-12-31 11:04:01 | DEBUG    | log:153 | [normalize_query] 'Xem danh sách giao dịch đang chờ xử lý...' -> 'Xem danh sách giao dịch đang chờ xử lý...'
2025-12-31 11:04:01 | DEBUG    | log:153 | [perform_hybrid_search] query_text: [Xem danh sách giao dịch đang chờ xử lý] - formatted_query: [Xem danh sách giao dịch đang chờ xử lý] - normalized_query: [Xem danh sách giao dịch đang chờ xử lý]
2025-12-31 11:04:01 | DEBUG    | log:153 | [perform_hybrid_search] BM25 raw scores: min=12.6036, max=20.2531
2025-12-31 11:04:01 | DEBUG    | log:153 | [get_keyword_boost] Query: 'Xem danh sách giao dịch đang c...' | Doc: getTransactionList | | Boost: 0.50 | Matched: ['chờ xử lý', 'đang chờ']
2025-12-31 11:04:01 | DEBUG    | log:153 | [get_keyword_boost] Query: 'Xem danh sách giao dịch đang c...' | Doc: getTransactionList | | Boost: 0.25 | Matched: ['chờ xử lý']
2025-12-31 11:04:01 | DEBUG    | log:153 | [get_keyword_boost] Query: 'Xem danh sách giao dịch đang c...' | Doc: getTransactionList | | Boost: 0.25 | Matched: ['chờ xử lý']
2025-12-31 11:04:01 | DEBUG    | log:153 | [get_keyword_boost] Query: 'Xem danh sách giao dịch đang c...' | Doc: getTransactionList | | Boost: 0.25 | Matched: ['chờ xử lý']
2025-12-31 11:04:01 | DEBUG    | log:153 | [get_keyword_boost] Query: 'Xem danh sách giao dịch đang c...' | Doc: getTransactionList | | Boost: 0.25 | Matched: ['chờ xử lý']
2025-12-31 11:04:01 | DEBUG    | log:153 | [classify_query_intent] Classified: 'Xem danh sách giao dịch đang c...' -> getTransactionList | Tra cứu g (score=2)
2025-12-31 11:04:01 | DEBUG    | log:153 | [normalize_query] 'Hiển thị toàn bộ giao dịch chưa được phê...' -> 'Hiển thị toàn bộ giao dịch chưa được phê...'
2025-12-31 11:04:01 | DEBUG    | log:153 | [perform_hybrid_search] query_text: [Hiển thị toàn bộ giao dịch chưa được phê duyệt] - formatted_query: [Hiển thị toàn bộ giao dịch chưa được phê duyệt] - normalized_query: [Hiển thị toàn bộ giao dịch chưa được phê duyệt]
2025-12-31 11:04:01 | DEBUG    | log:153 | [perform_hybrid_search] BM25 raw scores: min=24.9196, max=31.9145
2025-12-31 11:04:01 | DEBUG    | log:153 | [get_keyword_boost] Query: 'Hiển thị toàn bộ giao dịch chư...' | Doc: getTransactionList | | Boost: 0.50 | Matched: ['chưa được phê duyệt', 'toàn bộ']
2025-12-31 11:04:01 | DEBUG    | log:153 | [classify_query_intent] Classified: 'Hiển thị toàn bộ giao dịch chư...' -> getTransactionList | Tra cứu g (score=2)
2025-12-31 11:04:01 | DEBUG    | log:153 | [normalize_query] 'Có giao dịch nào đang bị treo không?...' -> 'Có giao dịch nào đang bị treo không...'
2025-12-31 11:04:01 | DEBUG    | log:153 | [perform_hybrid_search] query_text: [Có giao dịch nào đang bị treo không?] - formatted_query: [Có giao dịch nào đang bị treo không] - normalized_query: [Có giao dịch nào đang bị treo không]
2025-12-31 11:04:01 | DEBUG    | log:153 | [perform_hybrid_search] BM25 raw scores: min=16.3365, max=22.4007
2025-12-31 11:04:01 | DEBUG    | log:153 | [classify_query_intent] No keyword matches found in: 'Có giao dịch nào đang bị treo không'
2025-12-31 11:04:01 | DEBUG    | log:153 | [normalize_query] 'Cho tôi xem các giao dịch đang ở trạng t...' -> 'Cho tôi xem các giao dịch đang ở trạng t...'
2025-12-31 11:04:01 | DEBUG    | log:153 | [perform_hybrid_search] query_text: [Cho tôi xem các giao dịch đang ở trạng thái pending] - formatted_query: [Cho tôi xem các giao dịch đang ở trạng thái pending] - normalized_query: [Cho tôi xem các giao dịch đang ở trạng thái pending]
2025-12-31 11:04:01 | DEBUG    | log:153 | [perform_hybrid_search] BM25 raw scores: min=5.8383, max=16.7521
2025-12-31 11:04:01 | DEBUG    | log:153 | [get_keyword_boost] Query: 'Cho tôi xem các giao dịch đang...' | Doc: getTransactionList | | Boost: 0.25 | Matched: ['pending']
2025-12-31 11:04:01 | DEBUG    | log:153 | [get_keyword_boost] Query: 'Cho tôi xem các giao dịch đang...' | Doc: getTransactionList | | Boost: 0.25 | Matched: ['pending']
2025-12-31 11:04:01 | DEBUG    | log:153 | [get_keyword_boost] Query: 'Cho tôi xem các giao dịch đang...' | Doc: getTransactionList | | Boost: 0.25 | Matched: ['pending']
2025-12-31 11:04:01 | DEBUG    | log:153 | [get_keyword_boost] Query: 'Cho tôi xem các giao dịch đang...' | Doc: getTransactionList | | Boost: 0.25 | Matched: ['pending']
2025-12-31 11:04:01 | DEBUG    | log:153 | [get_keyword_boost] Query: 'Cho tôi xem các giao dịch đang...' | Doc: getTransactionList | | Boost: 0.25 | Matched: ['pending']
2025-12-31 11:04:01 | DEBUG    | log:153 | [classify_query_intent] Ambiguous: 'Cho tôi xem các giao dịch đang...' | Scores: {'getTransactionList | Tra cứu giao dịch đang chờ xử lý hoặc chờ duyệt': 1, 'getTransactionList | Tra cứu giao dịch chờ duyệt theo số tài khoản nguồn': 1, 'getTransactionList | Tra cứu giao dịch chờ duyệt theo khoảng thời gian': 1, 'getTransactionList | Tra cứu giao dịch chờ duyệt theo loại giao dịch': 1, 'getTransactionList | Tra cứu giao dịch chờ duyệt theo số tiền hoặc hạn mức': 1}
2025-12-31 11:04:01 | DEBUG    | log:153 | [normalize_query] 'Liệt kê tất cả giao dịch cần duyệt trong...' -> 'Liệt kê tất cả giao dịch cần duyệt trong...'
2025-12-31 11:04:01 | DEBUG    | log:153 | [perform_hybrid_search] query_text: [Liệt kê tất cả giao dịch cần duyệt trong hệ thống] - formatted_query: [Liệt kê tất cả giao dịch cần duyệt trong hệ thống] - normalized_query: [Liệt kê tất cả giao dịch cần duyệt trong hệ thống]
2025-12-31 11:04:01 | DEBUG    | log:153 | [perform_hybrid_search] BM25 raw scores: min=21.8649, max=39.6056
2025-12-31 11:04:01 | DEBUG    | log:153 | [get_keyword_boost] Query: 'Liệt kê tất cả giao dịch cần d...' | Doc: getTransactionList | | Boost: 0.50 | Matched: ['cần duyệt', 'tất cả']
2025-12-31 11:04:01 | DEBUG    | log:153 | [get_keyword_boost] Query: 'Liệt kê tất cả giao dịch cần d...' | Doc: getTransactionList | | Boost: 0.25 | Matched: ['trong']
2025-12-31 11:04:01 | DEBUG    | log:153 | [classify_query_intent] Classified: 'Liệt kê tất cả giao dịch cần d...' -> getTransactionList | Tra cứu g (score=2)
2025-12-31 11:04:01 | DEBUG    | log:153 | [normalize_query] 'Cho tôi xem các giao dịch đang chờ duyệt...' -> 'Cho tôi xem các giao dịch đang chờ duyệt...'
2025-12-31 11:04:01 | DEBUG    | log:153 | [perform_hybrid_search] query_text: [Cho tôi xem các giao dịch đang chờ duyệt của tài khoản 0123456789] - formatted_query: [Cho tôi xem các giao dịch đang chờ duyệt của tài khoản 0123456789] - normalized_query: [Cho tôi xem các giao dịch đang chờ duyệt của tài khoản 0123456789]
2025-12-31 11:04:01 | DEBUG    | log:153 | [perform_hybrid_search] BM25 raw scores: min=6.4856, max=19.8306
2025-12-31 11:04:01 | DEBUG    | log:153 | [get_keyword_boost] Query: 'Cho tôi xem các giao dịch đang...' | Doc: getTransactionList | | Boost: 0.50 | Matched: ['chờ duyệt', 'đang chờ']
2025-12-31 11:04:01 | DEBUG    | log:153 | [get_keyword_boost] Query: 'Cho tôi xem các giao dịch đang...' | Doc: getTransactionList | | Boost: 0.75 | Matched: ['chờ duyệt', 'tài khoản', 'của tài khoản']
2025-12-31 11:04:01 | DEBUG    | log:153 | [get_keyword_boost] Query: 'Cho tôi xem các giao dịch đang...' | Doc: getTransactionList | | Boost: 0.25 | Matched: ['chờ duyệt']
2025-12-31 11:04:01 | DEBUG    | log:153 | [get_keyword_boost] Query: 'Cho tôi xem các giao dịch đang...' | Doc: getTransactionList | | Boost: 0.25 | Matched: ['chờ duyệt']
2025-12-31 11:04:01 | DEBUG    | log:153 | [get_keyword_boost] Query: 'Cho tôi xem các giao dịch đang...' | Doc: getTransactionList | | Boost: 0.25 | Matched: ['chờ duyệt']
2025-12-31 11:04:01 | DEBUG    | log:153 | [classify_query_intent] Classified: 'Cho tôi xem các giao dịch đang...' -> getTransactionList | Tra cứu g (score=3)
2025-12-31 11:04:01 | DEBUG    | log:153 | [normalize_query] 'Liệt kê giao dịch pending từ số tài khoả...' -> 'Liệt kê giao dịch pending từ số tài khoả...'
2025-12-31 11:04:01 | DEBUG    | log:153 | [perform_hybrid_search] query_text: [Liệt kê giao dịch pending từ số tài khoản 0123456789] - formatted_query: [Liệt kê giao dịch pending từ số tài khoản 0123456789] - normalized_query: [Liệt kê giao dịch pending từ số tài khoản 0123456789]
2025-12-31 11:04:01 | DEBUG    | log:153 | [perform_hybrid_search] BM25 raw scores: min=11.3945, max=33.0353
2025-12-31 11:04:01 | DEBUG    | log:153 | [get_keyword_boost] Query: 'Liệt kê giao dịch pending từ s...' | Doc: getTransactionList | | Boost: 0.25 | Matched: ['pending']
2025-12-31 11:04:01 | DEBUG    | log:153 | [get_keyword_boost] Query: 'Liệt kê giao dịch pending từ s...' | Doc: getTransactionList | | Boost: 0.75 | Matched: ['pending', 'tài khoản', 'số tài khoản']
2025-12-31 11:04:01 | DEBUG    | log:153 | [get_keyword_boost] Query: 'Liệt kê giao dịch pending từ s...' | Doc: getTransactionList | | Boost: 0.25 | Matched: ['pending']
2025-12-31 11:04:01 | DEBUG    | log:153 | [get_keyword_boost] Query: 'Liệt kê giao dịch pending từ s...' | Doc: getTransactionList | | Boost: 0.25 | Matched: ['pending']
2025-12-31 11:04:01 | DEBUG    | log:153 | [get_keyword_boost] Query: 'Liệt kê giao dịch pending từ s...' | Doc: getTransactionList | | Boost: 0.50 | Matched: ['pending', 'từ']
2025-12-31 11:04:01 | DEBUG    | log:153 | [classify_query_intent] Classified: 'Liệt kê giao dịch pending từ s...' -> getTransactionList | Tra cứu g (score=3)
2025-12-31 11:04:01 | DEBUG    | log:153 | [normalize_query] 'Tài khoản 0123456789 có lệnh nào chưa đư...' -> 'Tài khoản 0123456789 có lệnh nào chưa đư...'
2025-12-31 11:04:01 | DEBUG    | log:153 | [perform_hybrid_search] query_text: [Tài khoản 0123456789 có lệnh nào chưa được duyệt không] - formatted_query: [Tài khoản 0123456789 có lệnh nào chưa được duyệt không] - normalized_query: [Tài khoản 0123456789 có lệnh nào chưa được duyệt không]
2025-12-31 11:04:01 | DEBUG    | log:153 | [perform_hybrid_search] BM25 raw scores: min=12.4305, max=29.0040
2025-12-31 11:04:01 | DEBUG    | log:153 | [get_keyword_boost] Query: 'Tài khoản 0123456789 có lệnh n...' | Doc: getTransactionList | | Boost: 0.25 | Matched: ['chưa được duyệt']
2025-12-31 11:04:01 | DEBUG    | log:153 | [get_keyword_boost] Query: 'Tài khoản 0123456789 có lệnh n...' | Doc: getTransactionList | | Boost: 0.25 | Matched: ['tài khoản']
2025-12-31 11:04:01 | DEBUG    | log:153 | [classify_query_intent] Ambiguous: 'Tài khoản 0123456789 có lệnh n...' | Scores: {'getTransactionList | Tra cứu giao dịch đang chờ xử lý hoặc chờ duyệt': 1, 'getTransactionList | Tra cứu giao dịch chờ duyệt theo số tài khoản nguồn': 1}
2025-12-31 11:04:01 | DEBUG    | log:153 | [normalize_query] 'Hiển thị danh sách giao dịch chờ xử lý c...' -> 'Hiển thị danh sách giao dịch chờ xử lý c...'
2025-12-31 11:04:01 | DEBUG    | log:153 | [perform_hybrid_search] query_text: [Hiển thị danh sách giao dịch chờ xử lý của tài khoản 0123456789] - formatted_query: [Hiển thị danh sách giao dịch chờ xử lý của tài khoản 0123456789] - normalized_query: [Hiển thị danh sách giao dịch chờ xử lý của tài khoản 0123456789]
2025-12-31 11:04:01 | DEBUG    | log:153 | [perform_hybrid_search] BM25 raw scores: min=17.6328, max=34.6831
2025-12-31 11:04:01 | DEBUG    | log:153 | [get_keyword_boost] Query: 'Hiển thị danh sách giao dịch c...' | Doc: getTransactionList | | Boost: 0.25 | Matched: ['chờ xử lý']
2025-12-31 11:04:01 | DEBUG    | log:153 | [get_keyword_boost] Query: 'Hiển thị danh sách giao dịch c...' | Doc: getTransactionList | | Boost: 0.75 | Matched: ['chờ xử lý', 'tài khoản', 'của tài khoản']
2025-12-31 11:04:01 | DEBUG    | log:153 | [get_keyword_boost] Query: 'Hiển thị danh sách giao dịch c...' | Doc: getTransactionList | | Boost: 0.25 | Matched: ['chờ xử lý']
2025-12-31 11:04:01 | DEBUG    | log:153 | [get_keyword_boost] Query: 'Hiển thị danh sách giao dịch c...' | Doc: getTransactionList | | Boost: 0.25 | Matched: ['chờ xử lý']
2025-12-31 11:04:01 | DEBUG    | log:153 | [get_keyword_boost] Query: 'Hiển thị danh sách giao dịch c...' | Doc: getTransactionList | | Boost: 0.25 | Matched: ['chờ xử lý']
2025-12-31 11:04:01 | DEBUG    | log:153 | [classify_query_intent] Classified: 'Hiển thị danh sách giao dịch c...' -> getTransactionList | Tra cứu g (score=3)
2025-12-31 11:04:01 | DEBUG    | log:153 | [normalize_query] 'Tôi muốn kiểm tra các giao dịch chưa hoà...' -> 'Tôi muốn kiểm tra các giao dịch chưa hoà...'
2025-12-31 11:04:01 | DEBUG    | log:153 | [perform_hybrid_search] query_text: [Tôi muốn kiểm tra các giao dịch chưa hoàn tất từ tài khoản 0123456789] - formatted_query: [Tôi muốn kiểm tra các giao dịch chưa hoàn tất từ tài khoản 0123456789] - normalized_query: [Tôi muốn kiểm tra các giao dịch chưa hoàn tất từ tài khoản 0123456789]
2025-12-31 11:04:01 | DEBUG    | log:153 | [perform_hybrid_search] BM25 raw scores: min=15.7872, max=39.0433
2025-12-31 11:04:01 | DEBUG    | log:153 | [get_keyword_boost] Query: 'Tôi muốn kiểm tra các giao dịc...' | Doc: getTransactionList | | Boost: 0.50 | Matched: ['tài khoản', 'từ tài khoản']
2025-12-31 11:04:01 | DEBUG    | log:153 | [get_keyword_boost] Query: 'Tôi muốn kiểm tra các giao dịc...' | Doc: getTransactionList | | Boost: 0.25 | Matched: ['từ']
2025-12-31 11:04:01 | DEBUG    | log:153 | [classify_query_intent] Classified: 'Tôi muốn kiểm tra các giao dịc...' -> getTransactionList | Tra cứu g (score=2)
2025-12-31 11:04:01 | DEBUG    | log:153 | [normalize_query] 'Các lệnh chuyển tiền từ tài khoản 012345...' -> 'Các lệnh chuyển tiền từ tài khoản 012345...'
2025-12-31 11:04:01 | DEBUG    | log:153 | [perform_hybrid_search] query_text: [Các lệnh chuyển tiền từ tài khoản 0123456789 đang ở trạng thái nào] - formatted_query: [Các lệnh chuyển tiền từ tài khoản 0123456789 đang ở trạng thái nào] - normalized_query: [Các lệnh chuyển tiền từ tài khoản 0123456789 đang ở trạng thái nào]
2025-12-31 11:04:01 | DEBUG    | log:153 | [perform_hybrid_search] BM25 raw scores: min=15.5611, max=39.4085
2025-12-31 11:04:01 | DEBUG    | log:153 | [get_keyword_boost] Query: 'Các lệnh chuyển tiền từ tài kh...' | Doc: getTransactionList | | Boost: 0.50 | Matched: ['tài khoản', 'từ tài khoản']
2025-12-31 11:04:01 | DEBUG    | log:153 | [get_keyword_boost] Query: 'Các lệnh chuyển tiền từ tài kh...' | Doc: getTransactionList | | Boost: 0.25 | Matched: ['chuyển tiền']
2025-12-31 11:04:01 | DEBUG    | log:153 | [get_keyword_boost] Query: 'Các lệnh chuyển tiền từ tài kh...' | Doc: getTransactionList | | Boost: 0.25 | Matched: ['từ']
2025-12-31 11:04:01 | DEBUG    | log:153 | [classify_query_intent] Classified: 'Các lệnh chuyển tiền từ tài kh...' -> getTransactionList | Tra cứu g (score=2)
2025-12-31 11:04:01 | DEBUG    | log:153 | [normalize_query] 'Cho biết giao dịch nào từ tài khoản 0123...' -> 'Cho biết giao dịch nào từ tài khoản 0123...'
2025-12-31 11:04:01 | DEBUG    | log:153 | [perform_hybrid_search] query_text: [Cho biết giao dịch nào từ tài khoản 0123456789 chưa được phê duyệt] - formatted_query: [Cho biết giao dịch nào từ tài khoản 0123456789 chưa được phê duyệt] - normalized_query: [Cho biết giao dịch nào từ tài khoản 0123456789 chưa được phê duyệt]
2025-12-31 11:04:01 | DEBUG    | log:153 | [perform_hybrid_search] BM25 raw scores: min=16.9814, max=41.3035
2025-12-31 11:04:01 | DEBUG    | log:153 | [get_keyword_boost] Query: 'Cho biết giao dịch nào từ tài ...' | Doc: getTransactionList | | Boost: 0.25 | Matched: ['chưa được phê duyệt']
2025-12-31 11:04:01 | DEBUG    | log:153 | [get_keyword_boost] Query: 'Cho biết giao dịch nào từ tài ...' | Doc: getTransactionList | | Boost: 0.50 | Matched: ['tài khoản', 'từ tài khoản']
2025-12-31 11:04:01 | DEBUG    | log:153 | [get_keyword_boost] Query: 'Cho biết giao dịch nào từ tài ...' | Doc: getTransactionList | | Boost: 0.25 | Matched: ['từ']
2025-12-31 11:04:01 | DEBUG    | log:153 | [classify_query_intent] Classified: 'Cho biết giao dịch nào từ tài ...' -> getTransactionList | Tra cứu g (score=2)
2025-12-31 11:04:01 | DEBUG    | log:153 | [normalize_query] 'Liệt kê các giao dịch bị treo của tài kh...' -> 'Liệt kê các giao dịch bị treo của tài kh...'
2025-12-31 11:04:01 | DEBUG    | log:153 | [perform_hybrid_search] query_text: [Liệt kê các giao dịch bị treo của tài khoản 0123456789] - formatted_query: [Liệt kê các giao dịch bị treo của tài khoản 0123456789] - normalized_query: [Liệt kê các giao dịch bị treo của tài khoản 0123456789]
2025-12-31 11:04:02 | DEBUG    | log:153 | [perform_hybrid_search] BM25 raw scores: min=11.1734, max=25.6727
2025-12-31 11:04:02 | DEBUG    | log:153 | [get_keyword_boost] Query: 'Liệt kê các giao dịch bị treo ...' | Doc: getTransactionList | | Boost: 0.50 | Matched: ['tài khoản', 'của tài khoản']
2025-12-31 11:04:02 | DEBUG    | log:153 | [classify_query_intent] Classified: 'Liệt kê các giao dịch bị treo ...' -> getTransactionList | Tra cứu g (score=2)
2025-12-31 11:04:02 | DEBUG    | log:153 | [normalize_query] 'Xem toàn bộ giao dịch chưa duyệt từ số t...' -> 'Xem toàn bộ giao dịch chưa duyệt từ số t...'
2025-12-31 11:04:02 | DEBUG    | log:153 | [perform_hybrid_search] query_text: [Xem toàn bộ giao dịch chưa duyệt từ số tài khoản 0123456789] - formatted_query: [Xem toàn bộ giao dịch chưa duyệt từ số tài khoản 0123456789] - normalized_query: [Xem toàn bộ giao dịch chưa duyệt từ số tài khoản 0123456789]
2025-12-31 11:04:02 | DEBUG    | log:153 | [perform_hybrid_search] BM25 raw scores: min=17.9036, max=36.5895
2025-12-31 11:04:02 | DEBUG    | log:153 | [get_keyword_boost] Query: 'Xem toàn bộ giao dịch chưa duy...' | Doc: getTransactionList | | Boost: 0.25 | Matched: ['toàn bộ']
2025-12-31 11:04:02 | DEBUG    | log:153 | [get_keyword_boost] Query: 'Xem toàn bộ giao dịch chưa duy...' | Doc: getTransactionList | | Boost: 0.50 | Matched: ['tài khoản', 'số tài khoản']
2025-12-31 11:04:02 | DEBUG    | log:153 | [get_keyword_boost] Query: 'Xem toàn bộ giao dịch chưa duy...' | Doc: getTransactionList | | Boost: 0.25 | Matched: ['từ']
2025-12-31 11:04:02 | DEBUG    | log:153 | [classify_query_intent] Classified: 'Xem toàn bộ giao dịch chưa duy...' -> getTransactionList | Tra cứu g (score=2)
2025-12-31 11:04:02 | DEBUG    | log:153 | [normalize_query] 'Có giao dịch nào từ tài khoản 0123456789...' -> 'Có giao dịch nào từ tài khoản 0123456789...'
2025-12-31 11:04:02 | DEBUG    | log:153 | [perform_hybrid_search] query_text: [Có giao dịch nào từ tài khoản 0123456789 đang pending không] - formatted_query: [Có giao dịch nào từ tài khoản 0123456789 đang pending không] - normalized_query: [Có giao dịch nào từ tài khoản 0123456789 đang pending không]
2025-12-31 11:04:02 | DEBUG    | log:153 | [perform_hybrid_search] BM25 raw scores: min=16.5945, max=41.9692
2025-12-31 11:04:02 | DEBUG    | log:153 | [get_keyword_boost] Query: 'Có giao dịch nào từ tài khoản ...' | Doc: getTransactionList | | Boost: 0.25 | Matched: ['pending']
2025-12-31 11:04:02 | DEBUG    | log:153 | [get_keyword_boost] Query: 'Có giao dịch nào từ tài khoản ...' | Doc: getTransactionList | | Boost: 0.75 | Matched: ['pending', 'tài khoản', 'từ tài khoản']
2025-12-31 11:04:02 | DEBUG    | log:153 | [get_keyword_boost] Query: 'Có giao dịch nào từ tài khoản ...' | Doc: getTransactionList | | Boost: 0.25 | Matched: ['pending']
2025-12-31 11:04:02 | DEBUG    | log:153 | [get_keyword_boost] Query: 'Có giao dịch nào từ tài khoản ...' | Doc: getTransactionList | | Boost: 0.25 | Matched: ['pending']
2025-12-31 11:04:02 | DEBUG    | log:153 | [get_keyword_boost] Query: 'Có giao dịch nào từ tài khoản ...' | Doc: getTransactionList | | Boost: 0.50 | Matched: ['pending', 'từ']
2025-12-31 11:04:02 | DEBUG    | log:153 | [classify_query_intent] Classified: 'Có giao dịch nào từ tài khoản ...' -> getTransactionList | Tra cứu g (score=3)
2025-12-31 11:04:02 | DEBUG    | log:153 | [normalize_query] 'Hiển thị các lệnh chưa được xử lý của tà...' -> 'Hiển thị các lệnh chưa được xử lý của tà...'
2025-12-31 11:04:02 | DEBUG    | log:153 | [perform_hybrid_search] query_text: [Hiển thị các lệnh chưa được xử lý của tài khoản 0123456789] - formatted_query: [Hiển thị các lệnh chưa được xử lý của tài khoản 0123456789] - normalized_query: [Hiển thị các lệnh chưa được xử lý của tài khoản 0123456789]
2025-12-31 11:04:02 | DEBUG    | log:153 | [perform_hybrid_search] BM25 raw scores: min=9.9643, max=28.8778
2025-12-31 11:04:02 | DEBUG    | log:153 | [get_keyword_boost] Query: 'Hiển thị các lệnh chưa được xử...' | Doc: getTransactionList | | Boost: 0.50 | Matched: ['tài khoản', 'của tài khoản']
2025-12-31 11:04:02 | DEBUG    | log:153 | [classify_query_intent] Classified: 'Hiển thị các lệnh chưa được xử...' -> getTransactionList | Tra cứu g (score=2)
2025-12-31 11:04:02 | DEBUG    | log:153 | [normalize_query] 'Tôi muốn tra cứu giao dịch chờ duyệt của...' -> 'Tôi muốn tra cứu giao dịch chờ duyệt của...'
2025-12-31 11:04:02 | DEBUG    | log:153 | [perform_hybrid_search] query_text: [Tôi muốn tra cứu giao dịch chờ duyệt của STK 0123456789] - formatted_query: [Tôi muốn tra cứu giao dịch chờ duyệt của stk 0123456789] - normalized_query: [Tôi muốn tra cứu giao dịch chờ duyệt của stk 0123456789]
2025-12-31 11:04:02 | DEBUG    | log:153 | [perform_hybrid_search] BM25 raw scores: min=2.7208, max=12.1519
2025-12-31 11:04:02 | DEBUG    | log:153 | [get_keyword_boost] Query: 'Tôi muốn tra cứu giao dịch chờ...' | Doc: getTransactionList | | Boost: 0.25 | Matched: ['chờ duyệt']
2025-12-31 11:04:02 | DEBUG    | log:153 | [get_keyword_boost] Query: 'Tôi muốn tra cứu giao dịch chờ...' | Doc: getTransactionList | | Boost: 0.50 | Matched: ['chờ duyệt', 'stk']
2025-12-31 11:04:02 | DEBUG    | log:153 | [get_keyword_boost] Query: 'Tôi muốn tra cứu giao dịch chờ...' | Doc: getTransactionList | | Boost: 0.25 | Matched: ['chờ duyệt']
2025-12-31 11:04:02 | DEBUG    | log:153 | [get_keyword_boost] Query: 'Tôi muốn tra cứu giao dịch chờ...' | Doc: getTransactionList | | Boost: 0.25 | Matched: ['chờ duyệt']
2025-12-31 11:04:02 | DEBUG    | log:153 | [get_keyword_boost] Query: 'Tôi muốn tra cứu giao dịch chờ...' | Doc: getTransactionList | | Boost: 0.25 | Matched: ['chờ duyệt']
2025-12-31 11:04:02 | DEBUG    | log:153 | [classify_query_intent] Classified: 'Tôi muốn tra cứu giao dịch chờ...' -> getTransactionList | Tra cứu g (score=2)
2025-12-31 11:04:02 | DEBUG    | log:153 | [normalize_query] 'Cho tôi biết những giao dịch nào từ tài ...' -> 'Cho tôi biết những giao dịch nào từ tài ...'
2025-12-31 11:04:02 | DEBUG    | log:153 | [perform_hybrid_search] query_text: [Cho tôi biết những giao dịch nào từ tài khoản 0123456789 chưa hoàn tất] - formatted_query: [Cho tôi biết những giao dịch nào từ tài khoản 0123456789 chưa hoàn tất] - normalized_query: [Cho tôi biết những giao dịch nào từ tài khoản 0123456789 chưa hoàn tất]
2025-12-31 11:04:02 | DEBUG    | log:153 | [perform_hybrid_search] BM25 raw scores: min=19.1940, max=46.6436
2025-12-31 11:04:02 | DEBUG    | log:153 | [get_keyword_boost] Query: 'Cho tôi biết những giao dịch n...' | Doc: getTransactionList | | Boost: 0.50 | Matched: ['tài khoản', 'từ tài khoản']
2025-12-31 11:04:02 | DEBUG    | log:153 | [get_keyword_boost] Query: 'Cho tôi biết những giao dịch n...' | Doc: getTransactionList | | Boost: 0.25 | Matched: ['từ']
2025-12-31 11:04:02 | DEBUG    | log:153 | [classify_query_intent] Classified: 'Cho tôi biết những giao dịch n...' -> getTransactionList | Tra cứu g (score=2)
2025-12-31 11:04:02 | DEBUG    | log:153 | [normalize_query] 'Liệt kê các lệnh chuyển tiền chưa duyệt ...' -> 'Liệt kê các lệnh chuyển tiền chưa duyệt ...'
2025-12-31 11:04:02 | DEBUG    | log:153 | [perform_hybrid_search] query_text: [Liệt kê các lệnh chuyển tiền chưa duyệt từ tài khoản 0123456789] - formatted_query: [Liệt kê các lệnh chuyển tiền chưa duyệt từ tài khoản 0123456789] - normalized_query: [Liệt kê các lệnh chuyển tiền chưa duyệt từ tài khoản 0123456789]
2025-12-31 11:04:02 | DEBUG    | log:153 | [perform_hybrid_search] BM25 raw scores: min=17.5421, max=40.7045
2025-12-31 11:04:02 | DEBUG    | log:153 | [get_keyword_boost] Query: 'Liệt kê các lệnh chuyển tiền c...' | Doc: getTransactionList | | Boost: 0.50 | Matched: ['tài khoản', 'từ tài khoản']
2025-12-31 11:04:02 | DEBUG    | log:153 | [get_keyword_boost] Query: 'Liệt kê các lệnh chuyển tiền c...' | Doc: getTransactionList | | Boost: 0.25 | Matched: ['chuyển tiền']
2025-12-31 11:04:02 | DEBUG    | log:153 | [get_keyword_boost] Query: 'Liệt kê các lệnh chuyển tiền c...' | Doc: getTransactionList | | Boost: 0.25 | Matched: ['từ']
2025-12-31 11:04:02 | DEBUG    | log:153 | [classify_query_intent] Classified: 'Liệt kê các lệnh chuyển tiền c...' -> getTransactionList | Tra cứu g (score=2)
2025-12-31 11:04:02 | DEBUG    | log:153 | [normalize_query] 'Các giao dịch nào từ tài khoản 012345678...' -> 'Các giao dịch nào từ tài khoản 012345678...'
2025-12-31 11:04:02 | DEBUG    | log:153 | [perform_hybrid_search] query_text: [Các giao dịch nào từ tài khoản 0123456789 hiện tại chưa được duyệt] - formatted_query: [Các giao dịch nào từ tài khoản 0123456789 hiện tại chưa được duyệt] - normalized_query: [Các giao dịch nào từ tài khoản 0123456789 hiện tại chưa được duyệt]
2025-12-31 11:04:02 | DEBUG    | log:153 | [perform_hybrid_search] BM25 raw scores: min=14.2493, max=38.9141
2025-12-31 11:04:02 | DEBUG    | log:153 | [get_keyword_boost] Query: 'Các giao dịch nào từ tài khoản...' | Doc: getTransactionList | | Boost: 0.25 | Matched: ['chưa được duyệt']
2025-12-31 11:04:02 | DEBUG    | log:153 | [get_keyword_boost] Query: 'Các giao dịch nào từ tài khoản...' | Doc: getTransactionList | | Boost: 0.50 | Matched: ['tài khoản', 'từ tài khoản']
2025-12-31 11:04:02 | DEBUG    | log:153 | [get_keyword_boost] Query: 'Các giao dịch nào từ tài khoản...' | Doc: getTransactionList | | Boost: 0.25 | Matched: ['từ']
2025-12-31 11:04:02 | DEBUG    | log:153 | [classify_query_intent] Classified: 'Các giao dịch nào từ tài khoản...' -> getTransactionList | Tra cứu g (score=2)
2025-12-31 11:04:02 | DEBUG    | log:153 | [normalize_query] 'Xem danh sách giao dịch pending của tài ...' -> 'Xem danh sách giao dịch pending của tài ...'
2025-12-31 11:04:02 | DEBUG    | log:153 | [perform_hybrid_search] query_text: [Xem danh sách giao dịch pending của tài khoản 0123456789] - formatted_query: [Xem danh sách giao dịch pending của tài khoản 0123456789] - normalized_query: [Xem danh sách giao dịch pending của tài khoản 0123456789]
2025-12-31 11:04:02 | DEBUG    | log:153 | [perform_hybrid_search] BM25 raw scores: min=12.7554, max=26.4825
2025-12-31 11:04:02 | DEBUG    | log:153 | [get_keyword_boost] Query: 'Xem danh sách giao dịch pendin...' | Doc: getTransactionList | | Boost: 0.25 | Matched: ['pending']
2025-12-31 11:04:02 | DEBUG    | log:153 | [get_keyword_boost] Query: 'Xem danh sách giao dịch pendin...' | Doc: getTransactionList | | Boost: 0.75 | Matched: ['pending', 'tài khoản', 'của tài khoản']
2025-12-31 11:04:02 | DEBUG    | log:153 | [get_keyword_boost] Query: 'Xem danh sách giao dịch pendin...' | Doc: getTransactionList | | Boost: 0.25 | Matched: ['pending']
2025-12-31 11:04:02 | DEBUG    | log:153 | [get_keyword_boost] Query: 'Xem danh sách giao dịch pendin...' | Doc: getTransactionList | | Boost: 0.25 | Matched: ['pending']
2025-12-31 11:04:02 | DEBUG    | log:153 | [get_keyword_boost] Query: 'Xem danh sách giao dịch pendin...' | Doc: getTransactionList | | Boost: 0.25 | Matched: ['pending']
2025-12-31 11:04:02 | DEBUG    | log:153 | [classify_query_intent] Classified: 'Xem danh sách giao dịch pendin...' -> getTransactionList | Tra cứu g (score=3)
2025-12-31 11:04:02 | DEBUG    | log:153 | [normalize_query] 'Hiển thị toàn bộ giao dịch chưa phê duyệ...' -> 'Hiển thị toàn bộ giao dịch chưa phê duyệ...'
2025-12-31 11:04:02 | DEBUG    | log:153 | [perform_hybrid_search] query_text: [Hiển thị toàn bộ giao dịch chưa phê duyệt từ tài khoản 0123456789] - formatted_query: [Hiển thị toàn bộ giao dịch chưa phê duyệt từ tài khoản 0123456789] - normalized_query: [Hiển thị toàn bộ giao dịch chưa phê duyệt từ tài khoản 0123456789]
2025-12-31 11:04:02 | DEBUG    | log:153 | [perform_hybrid_search] BM25 raw scores: min=25.7472, max=42.8612
2025-12-31 11:04:02 | DEBUG    | log:153 | [get_keyword_boost] Query: 'Hiển thị toàn bộ giao dịch chư...' | Doc: getTransactionList | | Boost: 0.25 | Matched: ['toàn bộ']
2025-12-31 11:04:02 | DEBUG    | log:153 | [get_keyword_boost] Query: 'Hiển thị toàn bộ giao dịch chư...' | Doc: getTransactionList | | Boost: 0.50 | Matched: ['tài khoản', 'từ tài khoản']
2025-12-31 11:04:02 | DEBUG    | log:153 | [get_keyword_boost] Query: 'Hiển thị toàn bộ giao dịch chư...' | Doc: getTransactionList | | Boost: 0.25 | Matched: ['từ']
2025-12-31 11:04:02 | DEBUG    | log:153 | [classify_query_intent] Classified: 'Hiển thị toàn bộ giao dịch chư...' -> getTransactionList | Tra cứu g (score=2)
2025-12-31 11:04:02 | DEBUG    | log:153 | [normalize_query] 'Có giao dịch nào từ tài khoản 0123456789...' -> 'Có giao dịch nào từ tài khoản 0123456789...'
2025-12-31 11:04:02 | DEBUG    | log:153 | [perform_hybrid_search] query_text: [Có giao dịch nào từ tài khoản 0123456789 đang bị treo không] - formatted_query: [Có giao dịch nào từ tài khoản 0123456789 đang bị treo không] - normalized_query: [Có giao dịch nào từ tài khoản 0123456789 đang bị treo không]
2025-12-31 11:04:02 | DEBUG    | log:153 | [perform_hybrid_search] BM25 raw scores: min=15.6600, max=41.9535
2025-12-31 11:04:02 | DEBUG    | log:153 | [get_keyword_boost] Query: 'Có giao dịch nào từ tài khoản ...' | Doc: getTransactionList | | Boost: 0.50 | Matched: ['tài khoản', 'từ tài khoản']
2025-12-31 11:04:02 | DEBUG    | log:153 | [get_keyword_boost] Query: 'Có giao dịch nào từ tài khoản ...' | Doc: getTransactionList | | Boost: 0.25 | Matched: ['từ']
2025-12-31 11:04:02 | DEBUG    | log:153 | [classify_query_intent] Classified: 'Có giao dịch nào từ tài khoản ...' -> getTransactionList | Tra cứu g (score=2)
2025-12-31 11:04:02 | DEBUG    | log:153 | [normalize_query] 'Cho tôi xem các giao dịch chưa xử lý của...' -> 'Cho tôi xem các giao dịch chưa xử lý của...'
2025-12-31 11:04:02 | DEBUG    | log:153 | [perform_hybrid_search] query_text: [Cho tôi xem các giao dịch chưa xử lý của tài khoản 0123456789] - formatted_query: [Cho tôi xem các giao dịch chưa xử lý của tài khoản 0123456789] - normalized_query: [Cho tôi xem các giao dịch chưa xử lý của tài khoản 0123456789]
2025-12-31 11:04:02 | DEBUG    | log:153 | [perform_hybrid_search] BM25 raw scores: min=6.7421, max=25.8442
2025-12-31 11:04:02 | DEBUG    | log:153 | [get_keyword_boost] Query: 'Cho tôi xem các giao dịch chưa...' | Doc: getTransactionList | | Boost: 0.50 | Matched: ['tài khoản', 'của tài khoản']
2025-12-31 11:04:02 | DEBUG    | log:153 | [classify_query_intent] Classified: 'Cho tôi xem các giao dịch chưa...' -> getTransactionList | Tra cứu g (score=2)
2025-12-31 11:04:02 | DEBUG    | log:153 | [normalize_query] 'Liệt kê tất cả giao dịch cần duyệt từ tà...' -> 'Liệt kê tất cả giao dịch cần duyệt từ tà...'
2025-12-31 11:04:02 | DEBUG    | log:153 | [perform_hybrid_search] query_text: [Liệt kê tất cả giao dịch cần duyệt từ tài khoản 0123456789] - formatted_query: [Liệt kê tất cả giao dịch cần duyệt từ tài khoản 0123456789] - normalized_query: [Liệt kê tất cả giao dịch cần duyệt từ tài khoản 0123456789]
2025-12-31 11:04:02 | DEBUG    | log:153 | [perform_hybrid_search] BM25 raw scores: min=23.9371, max=39.7571
2025-12-31 11:04:02 | DEBUG    | log:153 | [get_keyword_boost] Query: 'Liệt kê tất cả giao dịch cần d...' | Doc: getTransactionList | | Boost: 0.50 | Matched: ['cần duyệt', 'tất cả']
2025-12-31 11:04:02 | DEBUG    | log:153 | [get_keyword_boost] Query: 'Liệt kê tất cả giao dịch cần d...' | Doc: getTransactionList | | Boost: 0.50 | Matched: ['tài khoản', 'từ tài khoản']
2025-12-31 11:04:02 | DEBUG    | log:153 | [get_keyword_boost] Query: 'Liệt kê tất cả giao dịch cần d...' | Doc: getTransactionList | | Boost: 0.25 | Matched: ['từ']
2025-12-31 11:04:02 | DEBUG    | log:153 | [classify_query_intent] Ambiguous: 'Liệt kê tất cả giao dịch cần d...' | Scores: {'getTransactionList | Tra cứu giao dịch đang chờ xử lý hoặc chờ duyệt': 2, 'getTransactionList | Tra cứu giao dịch chờ duyệt theo số tài khoản nguồn': 2, 'getTransactionList | Tra cứu giao dịch chờ duyệt theo số tiền hoặc hạn mức': 1}
2025-12-31 11:04:02 | DEBUG    | log:153 | [normalize_query] 'Cho tôi xem các giao dịch chờ duyệt tron...' -> 'Cho tôi xem các giao dịch chờ duyệt tron...'
2025-12-31 11:04:02 | DEBUG    | log:153 | [perform_hybrid_search] query_text: [Cho tôi xem các giao dịch chờ duyệt trong tuần này] - formatted_query: [Cho tôi xem các giao dịch chờ duyệt trong tuần này] - normalized_query: [Cho tôi xem các giao dịch chờ duyệt trong tuần này]
2025-12-31 11:04:02 | DEBUG    | log:153 | [perform_hybrid_search] BM25 raw scores: min=5.2652, max=10.2779
2025-12-31 11:04:02 | DEBUG    | log:153 | [get_keyword_boost] Query: 'Cho tôi xem các giao dịch chờ ...' | Doc: getTransactionList | | Boost: 0.25 | Matched: ['chờ duyệt']
2025-12-31 11:04:02 | DEBUG    | log:153 | [get_keyword_boost] Query: 'Cho tôi xem các giao dịch chờ ...' | Doc: getTransactionList | | Boost: 0.25 | Matched: ['chờ duyệt']
2025-12-31 11:04:02 | DEBUG    | log:153 | [get_keyword_boost] Query: 'Cho tôi xem các giao dịch chờ ...' | Doc: getTransactionList | | Boost: 0.75 | Matched: ['chờ duyệt', 'tuần', 'trong']
2025-12-31 11:04:02 | DEBUG    | log:153 | [get_keyword_boost] Query: 'Cho tôi xem các giao dịch chờ ...' | Doc: getTransactionList | | Boost: 0.25 | Matched: ['chờ duyệt']
2025-12-31 11:04:02 | DEBUG    | log:153 | [get_keyword_boost] Query: 'Cho tôi xem các giao dịch chờ ...' | Doc: getTransactionList | | Boost: 0.25 | Matched: ['chờ duyệt']
2025-12-31 11:04:02 | DEBUG    | log:153 | [classify_query_intent] Classified: 'Cho tôi xem các giao dịch chờ ...' -> getTransactionList | Tra cứu g (score=3)
2025-12-31 11:04:02 | DEBUG    | log:153 | [normalize_query] 'Liệt kê giao dịch pending từ ngày 01/12 ...' -> 'Liệt kê giao dịch pending từ ngày 01/12 ...'
2025-12-31 11:04:02 | DEBUG    | log:153 | [perform_hybrid_search] query_text: [Liệt kê giao dịch pending từ ngày 01/12 đến 07/12] - formatted_query: [Liệt kê giao dịch pending từ ngày 01/12 đến 07/12] - normalized_query: [Liệt kê giao dịch pending từ ngày 01/12 đến 07/12]
2025-12-31 11:04:02 | DEBUG    | log:153 | [perform_hybrid_search] BM25 raw scores: min=10.8971, max=32.5186
2025-12-31 11:04:02 | DEBUG    | log:153 | [get_keyword_boost] Query: 'Liệt kê giao dịch pending từ n...' | Doc: getTransactionList | | Boost: 0.25 | Matched: ['pending']
2025-12-31 11:04:02 | DEBUG    | log:153 | [get_keyword_boost] Query: 'Liệt kê giao dịch pending từ n...' | Doc: getTransactionList | | Boost: 0.25 | Matched: ['pending']
2025-12-31 11:04:02 | DEBUG    | log:153 | [get_keyword_boost] Query: 'Liệt kê giao dịch pending từ n...' | Doc: getTransactionList | | Boost: 0.75 | Matched: ['pending', 'ngày', 'từ ngày']
2025-12-31 11:04:02 | DEBUG    | log:153 | [get_keyword_boost] Query: 'Liệt kê giao dịch pending từ n...' | Doc: getTransactionList | | Boost: 0.25 | Matched: ['pending']
2025-12-31 11:04:02 | DEBUG    | log:153 | [get_keyword_boost] Query: 'Liệt kê giao dịch pending từ n...' | Doc: getTransactionList | | Boost: 0.50 | Matched: ['pending', 'từ']
2025-12-31 11:04:02 | DEBUG    | log:153 | [classify_query_intent] Classified: 'Liệt kê giao dịch pending từ n...' -> getTransactionList | Tra cứu g (score=3)
2025-12-31 11:04:02 | DEBUG    | log:153 | [normalize_query] 'Có giao dịch nào đang chờ xử lý trong th...' -> 'Có giao dịch nào đang chờ xử lý trong th...'
2025-12-31 11:04:02 | DEBUG    | log:153 | [perform_hybrid_search] query_text: [Có giao dịch nào đang chờ xử lý trong tháng 11 không] - formatted_query: [Có giao dịch nào đang chờ xử lý trong tháng 11 không] - normalized_query: [Có giao dịch nào đang chờ xử lý trong tháng 11 không]
2025-12-31 11:04:02 | DEBUG    | log:153 | [perform_hybrid_search] BM25 raw scores: min=14.9891, max=28.4990
2025-12-31 11:04:02 | DEBUG    | log:153 | [get_keyword_boost] Query: 'Có giao dịch nào đang chờ xử l...' | Doc: getTransactionList | | Boost: 0.50 | Matched: ['chờ xử lý', 'đang chờ']
2025-12-31 11:04:02 | DEBUG    | log:153 | [get_keyword_boost] Query: 'Có giao dịch nào đang chờ xử l...' | Doc: getTransactionList | | Boost: 0.25 | Matched: ['chờ xử lý']
2025-12-31 11:04:02 | DEBUG    | log:153 | [get_keyword_boost] Query: 'Có giao dịch nào đang chờ xử l...' | Doc: getTransactionList | | Boost: 0.75 | Matched: ['chờ xử lý', 'tháng', 'trong']
2025-12-31 11:04:02 | DEBUG    | log:153 | [get_keyword_boost] Query: 'Có giao dịch nào đang chờ xử l...' | Doc: getTransactionList | | Boost: 0.25 | Matched: ['chờ xử lý']
2025-12-31 11:04:02 | DEBUG    | log:153 | [get_keyword_boost] Query: 'Có giao dịch nào đang chờ xử l...' | Doc: getTransactionList | | Boost: 0.25 | Matched: ['chờ xử lý']
2025-12-31 11:04:02 | DEBUG    | log:153 | [classify_query_intent] Classified: 'Có giao dịch nào đang chờ xử l...' -> getTransactionList | Tra cứu g (score=3)
2025-12-31 11:04:02 | DEBUG    | log:153 | [normalize_query] 'Hiển thị danh sách giao dịch chưa được p...' -> 'Hiển thị danh sách giao dịch chưa được p...'
2025-12-31 11:04:02 | DEBUG    | log:153 | [perform_hybrid_search] query_text: [Hiển thị danh sách giao dịch chưa được phê duyệt hôm qua] - formatted_query: [Hiển thị danh sách giao dịch chưa được phê duyệt hôm qua] - normalized_query: [Hiển thị danh sách giao dịch chưa được phê duyệt hôm qua]
2025-12-31 11:04:02 | DEBUG    | log:153 | [perform_hybrid_search] BM25 raw scores: min=22.4424, max=35.9463
2025-12-31 11:04:02 | DEBUG    | log:153 | [get_keyword_boost] Query: 'Hiển thị danh sách giao dịch c...' | Doc: getTransactionList | | Boost: 0.25 | Matched: ['chưa được phê duyệt']
2025-12-31 11:04:02 | DEBUG    | log:153 | [get_keyword_boost] Query: 'Hiển thị danh sách giao dịch c...' | Doc: getTransactionList | | Boost: 0.25 | Matched: ['hôm qua']
2025-12-31 11:04:02 | DEBUG    | log:153 | [classify_query_intent] Ambiguous: 'Hiển thị danh sách giao dịch c...' | Scores: {'getTransactionList | Tra cứu giao dịch đang chờ xử lý hoặc chờ duyệt': 1, 'getTransactionList | Tra cứu giao dịch chờ duyệt theo khoảng thời gian': 1}
2025-12-31 11:04:02 | DEBUG    | log:153 | [normalize_query] 'Tôi muốn xem tất cả giao dịch pending tr...' -> 'Tôi muốn xem tất cả giao dịch pending tr...'
2025-12-31 11:04:02 | DEBUG    | log:153 | [perform_hybrid_search] query_text: [Tôi muốn xem tất cả giao dịch pending trong tháng này] - formatted_query: [Tôi muốn xem tất cả giao dịch pending trong tháng này] - normalized_query: [Tôi muốn xem tất cả giao dịch pending trong tháng này]
2025-12-31 11:04:02 | DEBUG    | log:153 | [perform_hybrid_search] BM25 raw scores: min=14.3382, max=26.4082
2025-12-31 11:04:02 | DEBUG    | log:153 | [get_keyword_boost] Query: 'Tôi muốn xem tất cả giao dịch ...' | Doc: getTransactionList | | Boost: 0.50 | Matched: ['pending', 'tất cả']
2025-12-31 11:04:02 | DEBUG    | log:153 | [get_keyword_boost] Query: 'Tôi muốn xem tất cả giao dịch ...' | Doc: getTransactionList | | Boost: 0.25 | Matched: ['pending']
2025-12-31 11:04:02 | DEBUG    | log:153 | [get_keyword_boost] Query: 'Tôi muốn xem tất cả giao dịch ...' | Doc: getTransactionList | | Boost: 0.75 | Matched: ['pending', 'tháng', 'trong']
2025-12-31 11:04:02 | DEBUG    | log:153 | [get_keyword_boost] Query: 'Tôi muốn xem tất cả giao dịch ...' | Doc: getTransactionList | | Boost: 0.25 | Matched: ['pending']
2025-12-31 11:04:02 | DEBUG    | log:153 | [get_keyword_boost] Query: 'Tôi muốn xem tất cả giao dịch ...' | Doc: getTransactionList | | Boost: 0.25 | Matched: ['pending']
2025-12-31 11:04:02 | DEBUG    | log:153 | [classify_query_intent] Classified: 'Tôi muốn xem tất cả giao dịch ...' -> getTransactionList | Tra cứu g (score=3)
2025-12-31 11:04:02 | DEBUG    | log:153 | [normalize_query] 'Các lệnh chuyển tiền nào chưa được duyệt...' -> 'Các lệnh chuyển tiền nào chưa được duyệt...'
2025-12-31 11:04:02 | DEBUG    | log:153 | [perform_hybrid_search] query_text: [Các lệnh chuyển tiền nào chưa được duyệt trong tuần qua] - formatted_query: [Các lệnh chuyển tiền nào chưa được duyệt trong tuần qua] - normalized_query: [Các lệnh chuyển tiền nào chưa được duyệt trong tuần qua]
2025-12-31 11:04:02 | DEBUG    | log:153 | [perform_hybrid_search] BM25 raw scores: min=16.2999, max=27.5502
2025-12-31 11:04:02 | DEBUG    | log:153 | [get_keyword_boost] Query: 'Các lệnh chuyển tiền nào chưa ...' | Doc: getTransactionList | | Boost: 0.25 | Matched: ['chưa được duyệt']
2025-12-31 11:04:02 | DEBUG    | log:153 | [get_keyword_boost] Query: 'Các lệnh chuyển tiền nào chưa ...' | Doc: getTransactionList | | Boost: 0.50 | Matched: ['tuần', 'trong']
2025-12-31 11:04:02 | DEBUG    | log:153 | [get_keyword_boost] Query: 'Các lệnh chuyển tiền nào chưa ...' | Doc: getTransactionList | | Boost: 0.25 | Matched: ['chuyển tiền']
2025-12-31 11:04:02 | DEBUG    | log:153 | [classify_query_intent] Classified: 'Các lệnh chuyển tiền nào chưa ...' -> getTransactionList | Tra cứu g (score=2)
2025-12-31 11:04:02 | DEBUG    | log:153 | [normalize_query] 'Cho biết giao dịch nào chưa được phê duy...' -> 'Cho biết giao dịch nào chưa được phê duy...'
2025-12-31 11:04:02 | DEBUG    | log:153 | [perform_hybrid_search] query_text: [Cho biết giao dịch nào chưa được phê duyệt trong ngày hôm nay] - formatted_query: [Cho biết giao dịch nào chưa được phê duyệt trong ngày hôm nay] - normalized_query: [Cho biết giao dịch nào chưa được phê duyệt trong ngày hôm nay]
2025-12-31 11:04:02 | DEBUG    | log:153 | [perform_hybrid_search] BM25 raw scores: min=17.1543, max=33.8154
2025-12-31 11:04:02 | DEBUG    | log:153 | [get_keyword_boost] Query: 'Cho biết giao dịch nào chưa đư...' | Doc: getTransactionList | | Boost: 0.25 | Matched: ['chưa được phê duyệt']
2025-12-31 11:04:02 | DEBUG    | log:153 | [get_keyword_boost] Query: 'Cho biết giao dịch nào chưa đư...' | Doc: getTransactionList | | Boost: 0.75 | Matched: ['ngày', 'hôm nay', 'trong']
2025-12-31 11:04:02 | DEBUG    | log:153 | [classify_query_intent] Classified: 'Cho biết giao dịch nào chưa đư...' -> getTransactionList | Tra cứu g (score=3)
2025-12-31 11:04:02 | DEBUG    | log:153 | [normalize_query] 'Liệt kê các giao dịch bị treo trong khoả...' -> 'Liệt kê các giao dịch bị treo trong khoả...'
2025-12-31 11:04:02 | DEBUG    | log:153 | [perform_hybrid_search] query_text: [Liệt kê các giao dịch bị treo trong khoảng từ 01/10 đến 15/10] - formatted_query: [Liệt kê các giao dịch bị treo trong khoảng từ 01/10 đến 15/10] - normalized_query: [Liệt kê các giao dịch bị treo trong khoảng từ 01/10 đến 15/10]
2025-12-31 11:04:02 | DEBUG    | log:153 | [perform_hybrid_search] BM25 raw scores: min=10.8815, max=31.3814
2025-12-31 11:04:02 | DEBUG    | log:153 | [get_keyword_boost] Query: 'Liệt kê các giao dịch bị treo ...' | Doc: getTransactionList | | Boost: 0.25 | Matched: ['trong']
2025-12-31 11:04:02 | DEBUG    | log:153 | [get_keyword_boost] Query: 'Liệt kê các giao dịch bị treo ...' | Doc: getTransactionList | | Boost: 0.25 | Matched: ['từ']
2025-12-31 11:04:02 | DEBUG    | log:153 | [classify_query_intent] Ambiguous: 'Liệt kê các giao dịch bị treo ...' | Scores: {'getTransactionList | Tra cứu giao dịch chờ duyệt theo khoảng thời gian': 1, 'getTransactionList | Tra cứu giao dịch chờ duyệt theo số tiền hoặc hạn mức': 1}
2025-12-31 11:04:02 | DEBUG    | log:153 | [normalize_query] 'Xem toàn bộ giao dịch chưa hoàn tất tron...' -> 'Xem toàn bộ giao dịch chưa hoàn tất tron...'
2025-12-31 11:04:02 | DEBUG    | log:153 | [perform_hybrid_search] query_text: [Xem toàn bộ giao dịch chưa hoàn tất trong tháng 9] - formatted_query: [Xem toàn bộ giao dịch chưa hoàn tất trong tháng 9] - normalized_query: [Xem toàn bộ giao dịch chưa hoàn tất trong tháng 9]
2025-12-31 11:04:02 | DEBUG    | log:153 | [perform_hybrid_search] BM25 raw scores: min=21.7773, max=31.3413
2025-12-31 11:04:02 | DEBUG    | log:153 | [get_keyword_boost] Query: 'Xem toàn bộ giao dịch chưa hoà...' | Doc: getTransactionList | | Boost: 0.25 | Matched: ['toàn bộ']
2025-12-31 11:04:02 | DEBUG    | log:153 | [get_keyword_boost] Query: 'Xem toàn bộ giao dịch chưa hoà...' | Doc: getTransactionList | | Boost: 0.50 | Matched: ['tháng', 'trong']
2025-12-31 11:04:02 | DEBUG    | log:153 | [classify_query_intent] Classified: 'Xem toàn bộ giao dịch chưa hoà...' -> getTransactionList | Tra cứu g (score=2)
2025-12-31 11:04:02 | DEBUG    | log:153 | [normalize_query] 'Có giao dịch nào đang ở trạng thái “chờ ...' -> 'Có giao dịch nào đang ở trạng thái “chờ ...'
2025-12-31 11:04:02 | DEBUG    | log:153 | [perform_hybrid_search] query_text: [Có giao dịch nào đang ở trạng thái “chờ duyệt” trong 3 ngày gần đây không] - formatted_query: [Có giao dịch nào đang ở trạng thái “chờ duyệt” trong 3 ngày gần đây không] - normalized_query: [Có giao dịch nào đang ở trạng thái “chờ duyệt” trong 3 ngày gần đây không]
2025-12-31 11:04:02 | DEBUG    | log:153 | [perform_hybrid_search] BM25 raw scores: min=15.4659, max=40.3976
2025-12-31 11:04:02 | DEBUG    | log:153 | [get_keyword_boost] Query: 'Có giao dịch nào đang ở trạng ...' | Doc: getTransactionList | | Boost: 0.25 | Matched: ['chờ duyệt']
2025-12-31 11:04:02 | DEBUG    | log:153 | [get_keyword_boost] Query: 'Có giao dịch nào đang ở trạng ...' | Doc: getTransactionList | | Boost: 0.25 | Matched: ['chờ duyệt']
2025-12-31 11:04:02 | DEBUG    | log:153 | [get_keyword_boost] Query: 'Có giao dịch nào đang ở trạng ...' | Doc: getTransactionList | | Boost: 1.00 | Matched: ['chờ duyệt', 'ngày', 'trong']
2025-12-31 11:04:02 | DEBUG    | log:153 | [get_keyword_boost] Query: 'Có giao dịch nào đang ở trạng ...' | Doc: getTransactionList | | Boost: 0.25 | Matched: ['chờ duyệt']
2025-12-31 11:04:02 | DEBUG    | log:153 | [get_keyword_boost] Query: 'Có giao dịch nào đang ở trạng ...' | Doc: getTransactionList | | Boost: 0.25 | Matched: ['chờ duyệt']
2025-12-31 11:04:02 | DEBUG    | log:153 | [classify_query_intent] Classified: 'Có giao dịch nào đang ở trạng ...' -> getTransactionList | Tra cứu g (score=4)
2025-12-31 11:04:02 | DEBUG    | log:153 | [normalize_query] 'Hiển thị các lệnh chưa được xử lý trong ...' -> 'Hiển thị các lệnh chưa được xử lý trong ...'
2025-12-31 11:04:02 | DEBUG    | log:153 | [perform_hybrid_search] query_text: [Hiển thị các lệnh chưa được xử lý trong tuần trước] - formatted_query: [Hiển thị các lệnh chưa được xử lý trong tuần trước] - normalized_query: [Hiển thị các lệnh chưa được xử lý trong tuần trước]
2025-12-31 11:04:02 | DEBUG    | log:153 | [perform_hybrid_search] BM25 raw scores: min=9.6876, max=19.7685
2025-12-31 11:04:02 | DEBUG    | log:153 | [get_keyword_boost] Query: 'Hiển thị các lệnh chưa được xử...' | Doc: getTransactionList | | Boost: 0.50 | Matched: ['tuần', 'trong']
2025-12-31 11:04:02 | DEBUG    | log:153 | [classify_query_intent] Classified: 'Hiển thị các lệnh chưa được xử...' -> getTransactionList | Tra cứu g (score=2)
2025-12-31 11:04:02 | DEBUG    | log:153 | [normalize_query] 'Tôi muốn kiểm tra các giao dịch đang pen...' -> 'Tôi muốn kiểm tra các giao dịch đang pen...'
2025-12-31 11:04:02 | DEBUG    | log:153 | [perform_hybrid_search] query_text: [Tôi muốn kiểm tra các giao dịch đang pending trong tháng 8] - formatted_query: [Tôi muốn kiểm tra các giao dịch đang pending trong tháng 8] - normalized_query: [Tôi muốn kiểm tra các giao dịch đang pending trong tháng 8]
2025-12-31 11:04:02 | DEBUG    | log:153 | [perform_hybrid_search] BM25 raw scores: min=9.2113, max=16.6462
2025-12-31 11:04:02 | DEBUG    | log:153 | [get_keyword_boost] Query: 'Tôi muốn kiểm tra các giao dịc...' | Doc: getTransactionList | | Boost: 0.25 | Matched: ['pending']
2025-12-31 11:04:02 | DEBUG    | log:153 | [get_keyword_boost] Query: 'Tôi muốn kiểm tra các giao dịc...' | Doc: getTransactionList | | Boost: 0.25 | Matched: ['pending']
2025-12-31 11:04:02 | DEBUG    | log:153 | [get_keyword_boost] Query: 'Tôi muốn kiểm tra các giao dịc...' | Doc: getTransactionList | | Boost: 0.75 | Matched: ['pending', 'tháng', 'trong']
2025-12-31 11:04:02 | DEBUG    | log:153 | [get_keyword_boost] Query: 'Tôi muốn kiểm tra các giao dịc...' | Doc: getTransactionList | | Boost: 0.25 | Matched: ['pending']
2025-12-31 11:04:02 | DEBUG    | log:153 | [get_keyword_boost] Query: 'Tôi muốn kiểm tra các giao dịc...' | Doc: getTransactionList | | Boost: 0.25 | Matched: ['pending']
2025-12-31 11:04:02 | DEBUG    | log:153 | [classify_query_intent] Classified: 'Tôi muốn kiểm tra các giao dịc...' -> getTransactionList | Tra cứu g (score=3)
2025-12-31 11:04:02 | DEBUG    | log:153 | [normalize_query] 'Cho tôi biết những giao dịch nào chưa đư...' -> 'Cho tôi biết những giao dịch nào chưa đư...'
2025-12-31 11:04:02 | DEBUG    | log:153 | [perform_hybrid_search] query_text: [Cho tôi biết những giao dịch nào chưa được duyệt trong kỳ vừa qua] - formatted_query: [Cho tôi biết những giao dịch nào chưa được duyệt trong kỳ vừa qua] - normalized_query: [Cho tôi biết những giao dịch nào chưa được duyệt trong kỳ vừa qua]
2025-12-31 11:04:02 | DEBUG    | log:153 | [perform_hybrid_search] BM25 raw scores: min=16.9430, max=30.3215
2025-12-31 11:04:02 | DEBUG    | log:153 | [get_keyword_boost] Query: 'Cho tôi biết những giao dịch n...' | Doc: getTransactionList | | Boost: 0.25 | Matched: ['chưa được duyệt']
2025-12-31 11:04:02 | DEBUG    | log:153 | [get_keyword_boost] Query: 'Cho tôi biết những giao dịch n...' | Doc: getTransactionList | | Boost: 0.25 | Matched: ['trong']
2025-12-31 11:04:02 | DEBUG    | log:153 | [classify_query_intent] Ambiguous: 'Cho tôi biết những giao dịch n...' | Scores: {'getTransactionList | Tra cứu giao dịch đang chờ xử lý hoặc chờ duyệt': 1, 'getTransactionList | Tra cứu giao dịch chờ duyệt theo khoảng thời gian': 1}
2025-12-31 11:04:02 | DEBUG    | log:153 | [normalize_query] 'Liệt kê các lệnh chuyển tiền chưa duyệt ...' -> 'Liệt kê các lệnh chuyển tiền chưa duyệt ...'
2025-12-31 11:04:02 | DEBUG    | log:153 | [perform_hybrid_search] query_text: [Liệt kê các lệnh chuyển tiền chưa duyệt từ ngày 20/12 đến 25/12] - formatted_query: [Liệt kê các lệnh chuyển tiền chưa duyệt từ ngày 20/12 đến 25/12] - normalized_query: [Liệt kê các lệnh chuyển tiền chưa duyệt từ ngày 20/12 đến 25/12]
2025-12-31 11:04:02 | DEBUG    | log:153 | [perform_hybrid_search] BM25 raw scores: min=17.2653, max=37.4925
2025-12-31 11:04:02 | DEBUG    | log:153 | [get_keyword_boost] Query: 'Liệt kê các lệnh chuyển tiền c...' | Doc: getTransactionList | | Boost: 0.50 | Matched: ['ngày', 'từ ngày']
2025-12-31 11:04:02 | DEBUG    | log:153 | [get_keyword_boost] Query: 'Liệt kê các lệnh chuyển tiền c...' | Doc: getTransactionList | | Boost: 0.25 | Matched: ['chuyển tiền']
2025-12-31 11:04:02 | DEBUG    | log:153 | [get_keyword_boost] Query: 'Liệt kê các lệnh chuyển tiền c...' | Doc: getTransactionList | | Boost: 0.25 | Matched: ['từ']
2025-12-31 11:04:02 | DEBUG    | log:153 | [classify_query_intent] Classified: 'Liệt kê các lệnh chuyển tiền c...' -> getTransactionList | Tra cứu g (score=2)
2025-12-31 11:04:02 | DEBUG    | log:153 | [normalize_query] 'Các giao dịch nào hiện tại chưa được duy...' -> 'Các giao dịch nào hiện tại chưa được duy...'
2025-12-31 11:04:02 | DEBUG    | log:153 | [perform_hybrid_search] query_text: [Các giao dịch nào hiện tại chưa được duyệt trong quý 3] - formatted_query: [Các giao dịch nào hiện tại chưa được duyệt trong quý 3] - normalized_query: [Các giao dịch nào hiện tại chưa được duyệt trong quý 3]
2025-12-31 11:04:02 | DEBUG    | log:153 | [perform_hybrid_search] BM25 raw scores: min=13.7519, max=23.8916
2025-12-31 11:04:02 | DEBUG    | log:153 | [get_keyword_boost] Query: 'Các giao dịch nào hiện tại chư...' | Doc: getTransactionList | | Boost: 0.25 | Matched: ['chưa được duyệt']
2025-12-31 11:04:02 | DEBUG    | log:153 | [get_keyword_boost] Query: 'Các giao dịch nào hiện tại chư...' | Doc: getTransactionList | | Boost: 0.50 | Matched: ['quý', 'trong']
2025-12-31 11:04:02 | DEBUG    | log:153 | [classify_query_intent] Classified: 'Các giao dịch nào hiện tại chư...' -> getTransactionList | Tra cứu g (score=2)
2025-12-31 11:04:02 | DEBUG    | log:153 | [normalize_query] 'Xem danh sách giao dịch pending trong 10...' -> 'Xem danh sách giao dịch pending trong 10...'
2025-12-31 11:04:02 | DEBUG    | log:153 | [perform_hybrid_search] query_text: [Xem danh sách giao dịch pending trong 10 ngày gần nhất] - formatted_query: [Xem danh sách giao dịch pending trong 10 ngày gần nhất] - normalized_query: [Xem danh sách giao dịch pending trong 10 ngày gần nhất]
2025-12-31 11:04:02 | DEBUG    | log:153 | [perform_hybrid_search] BM25 raw scores: min=12.3607, max=30.3774
2025-12-31 11:04:02 | DEBUG    | log:153 | [get_keyword_boost] Query: 'Xem danh sách giao dịch pendin...' | Doc: getTransactionList | | Boost: 0.25 | Matched: ['pending']
2025-12-31 11:04:02 | DEBUG    | log:153 | [get_keyword_boost] Query: 'Xem danh sách giao dịch pendin...' | Doc: getTransactionList | | Boost: 0.25 | Matched: ['pending']
2025-12-31 11:04:02 | DEBUG    | log:153 | [get_keyword_boost] Query: 'Xem danh sách giao dịch pendin...' | Doc: getTransactionList | | Boost: 0.75 | Matched: ['pending', 'ngày', 'trong']
2025-12-31 11:04:02 | DEBUG    | log:153 | [get_keyword_boost] Query: 'Xem danh sách giao dịch pendin...' | Doc: getTransactionList | | Boost: 0.25 | Matched: ['pending']
2025-12-31 11:04:02 | DEBUG    | log:153 | [get_keyword_boost] Query: 'Xem danh sách giao dịch pendin...' | Doc: getTransactionList | | Boost: 0.25 | Matched: ['pending']
2025-12-31 11:04:02 | DEBUG    | log:153 | [classify_query_intent] Classified: 'Xem danh sách giao dịch pendin...' -> getTransactionList | Tra cứu g (score=3)
2025-12-31 11:04:02 | DEBUG    | log:153 | [normalize_query] 'Hiển thị toàn bộ giao dịch chưa phê duyệ...' -> 'Hiển thị toàn bộ giao dịch chưa phê duyệ...'
2025-12-31 11:04:02 | DEBUG    | log:153 | [perform_hybrid_search] query_text: [Hiển thị toàn bộ giao dịch chưa phê duyệt trong tháng 7] - formatted_query: [Hiển thị toàn bộ giao dịch chưa phê duyệt trong tháng 7] - normalized_query: [Hiển thị toàn bộ giao dịch chưa phê duyệt trong tháng 7]
2025-12-31 11:04:02 | DEBUG    | log:153 | [perform_hybrid_search] BM25 raw scores: min=24.9196, max=32.9396
2025-12-31 11:04:02 | DEBUG    | log:153 | [get_keyword_boost] Query: 'Hiển thị toàn bộ giao dịch chư...' | Doc: getTransactionList | | Boost: 0.25 | Matched: ['toàn bộ']
2025-12-31 11:04:02 | DEBUG    | log:153 | [get_keyword_boost] Query: 'Hiển thị toàn bộ giao dịch chư...' | Doc: getTransactionList | | Boost: 0.50 | Matched: ['tháng', 'trong']
2025-12-31 11:04:02 | DEBUG    | log:153 | [classify_query_intent] Classified: 'Hiển thị toàn bộ giao dịch chư...' -> getTransactionList | Tra cứu g (score=2)
2025-12-31 11:04:02 | DEBUG    | log:153 | [normalize_query] 'Có giao dịch nào đang bị treo trong tuần...' -> 'Có giao dịch nào đang bị treo trong tuần...'
2025-12-31 11:04:02 | DEBUG    | log:153 | [perform_hybrid_search] query_text: [Có giao dịch nào đang bị treo trong tuần này không] - formatted_query: [Có giao dịch nào đang bị treo trong tuần này không] - normalized_query: [Có giao dịch nào đang bị treo trong tuần này không]
2025-12-31 11:04:02 | DEBUG    | log:153 | [perform_hybrid_search] BM25 raw scores: min=14.7643, max=25.5388
2025-12-31 11:04:02 | DEBUG    | log:153 | [get_keyword_boost] Query: 'Có giao dịch nào đang bị treo ...' | Doc: getTransactionList | | Boost: 0.50 | Matched: ['tuần', 'trong']
2025-12-31 11:04:02 | DEBUG    | log:153 | [classify_query_intent] Classified: 'Có giao dịch nào đang bị treo ...' -> getTransactionList | Tra cứu g (score=2)
2025-12-31 11:04:02 | DEBUG    | log:153 | [normalize_query] 'Cho tôi xem các giao dịch chưa xử lý tro...' -> 'Cho tôi xem các giao dịch chưa xử lý tro...'
2025-12-31 11:04:02 | DEBUG    | log:153 | [perform_hybrid_search] query_text: [Cho tôi xem các giao dịch chưa xử lý trong khoảng từ 01/05 đến 15/05] - formatted_query: [Cho tôi xem các giao dịch chưa xử lý trong khoảng từ 01/05 đến 15/05] - normalized_query: [Cho tôi xem các giao dịch chưa xử lý trong khoảng từ 01/05 đến 15/05]
2025-12-31 11:04:02 | DEBUG    | log:153 | [perform_hybrid_search] BM25 raw scores: min=6.4501, max=27.8949
2025-12-31 11:04:02 | DEBUG    | log:153 | [get_keyword_boost] Query: 'Cho tôi xem các giao dịch chưa...' | Doc: getTransactionList | | Boost: 0.25 | Matched: ['trong']
2025-12-31 11:04:02 | DEBUG    | log:153 | [get_keyword_boost] Query: 'Cho tôi xem các giao dịch chưa...' | Doc: getTransactionList | | Boost: 0.25 | Matched: ['từ']
2025-12-31 11:04:02 | DEBUG    | log:153 | [classify_query_intent] Ambiguous: 'Cho tôi xem các giao dịch chưa...' | Scores: {'getTransactionList | Tra cứu giao dịch chờ duyệt theo khoảng thời gian': 1, 'getTransactionList | Tra cứu giao dịch chờ duyệt theo số tiền hoặc hạn mức': 1}
2025-12-31 11:04:02 | DEBUG    | log:153 | [normalize_query] 'Liệt kê tất cả giao dịch cần duyệt trong...' -> 'Liệt kê tất cả giao dịch cần duyệt trong...'
2025-12-31 11:04:02 | DEBUG    | log:153 | [perform_hybrid_search] query_text: [Liệt kê tất cả giao dịch cần duyệt trong tháng 6] - formatted_query: [Liệt kê tất cả giao dịch cần duyệt trong tháng 6] - normalized_query: [Liệt kê tất cả giao dịch cần duyệt trong tháng 6]
2025-12-31 11:04:02 | DEBUG    | log:153 | [perform_hybrid_search] BM25 raw scores: min=21.8155, max=31.5902
2025-12-31 11:04:02 | DEBUG    | log:153 | [get_keyword_boost] Query: 'Liệt kê tất cả giao dịch cần d...' | Doc: getTransactionList | | Boost: 0.50 | Matched: ['cần duyệt', 'tất cả']
2025-12-31 11:04:02 | DEBUG    | log:153 | [get_keyword_boost] Query: 'Liệt kê tất cả giao dịch cần d...' | Doc: getTransactionList | | Boost: 0.50 | Matched: ['tháng', 'trong']
2025-12-31 11:04:02 | DEBUG    | log:153 | [classify_query_intent] Ambiguous: 'Liệt kê tất cả giao dịch cần d...' | Scores: {'getTransactionList | Tra cứu giao dịch đang chờ xử lý hoặc chờ duyệt': 2, 'getTransactionList | Tra cứu giao dịch chờ duyệt theo khoảng thời gian': 2}
2025-12-31 11:04:02 | DEBUG    | log:153 | [normalize_query] 'Cho tôi xem các giao dịch chuyển tiền đa...' -> 'Cho tôi xem các giao dịch chuyển tiền đa...'
2025-12-31 11:04:02 | DEBUG    | log:153 | [perform_hybrid_search] query_text: [Cho tôi xem các giao dịch chuyển tiền đang chờ duyệt] - formatted_query: [Cho tôi xem các giao dịch chuyển tiền đang chờ duyệt] - normalized_query: [Cho tôi xem các giao dịch chuyển tiền đang chờ duyệt]
2025-12-31 11:04:02 | DEBUG    | log:153 | [perform_hybrid_search] BM25 raw scores: min=8.3858, max=19.8579
2025-12-31 11:04:02 | DEBUG    | log:153 | [get_keyword_boost] Query: 'Cho tôi xem các giao dịch chuy...' | Doc: getTransactionList | | Boost: 0.50 | Matched: ['chờ duyệt', 'đang chờ']
2025-12-31 11:04:02 | DEBUG    | log:153 | [get_keyword_boost] Query: 'Cho tôi xem các giao dịch chuy...' | Doc: getTransactionList | | Boost: 0.25 | Matched: ['chờ duyệt']
2025-12-31 11:04:02 | DEBUG    | log:153 | [get_keyword_boost] Query: 'Cho tôi xem các giao dịch chuy...' | Doc: getTransactionList | | Boost: 0.25 | Matched: ['chờ duyệt']
2025-12-31 11:04:02 | DEBUG    | log:153 | [get_keyword_boost] Query: 'Cho tôi xem các giao dịch chuy...' | Doc: getTransactionList | | Boost: 0.50 | Matched: ['chờ duyệt', 'chuyển tiền']
2025-12-31 11:04:02 | DEBUG    | log:153 | [get_keyword_boost] Query: 'Cho tôi xem các giao dịch chuy...' | Doc: getTransactionList | | Boost: 0.25 | Matched: ['chờ duyệt']
2025-12-31 11:04:02 | DEBUG    | log:153 | [classify_query_intent] Ambiguous: 'Cho tôi xem các giao dịch chuy...' | Scores: {'getTransactionList | Tra cứu giao dịch đang chờ xử lý hoặc chờ duyệt': 2, 'getTransactionList | Tra cứu giao dịch chờ duyệt theo số tài khoản nguồn': 1, 'getTransactionList | Tra cứu giao dịch chờ duyệt theo khoảng thời gian': 1, 'getTransactionList | Tra cứu giao dịch chờ duyệt theo loại giao dịch': 2, 'getTransactionList | Tra cứu giao dịch chờ duyệt theo số tiền hoặc hạn mức': 1}
2025-12-31 11:04:02 | DEBUG    | log:153 | [normalize_query] 'Liệt kê toàn bộ giao dịch thanh toán hóa...' -> 'Liệt kê toàn bộ giao dịch thanh toán hóa...'
2025-12-31 11:04:02 | DEBUG    | log:153 | [perform_hybrid_search] query_text: [Liệt kê toàn bộ giao dịch thanh toán hóa đơn chưa được phê duyệt] - formatted_query: [Liệt kê toàn bộ giao dịch thanh toán hóa đơn chưa được phê duyệt] - normalized_query: [Liệt kê toàn bộ giao dịch thanh toán hóa đơn chưa được phê duyệt]
2025-12-31 11:04:02 | DEBUG    | log:153 | [perform_hybrid_search] BM25 raw scores: min=18.8779, max=50.6419
2025-12-31 11:04:02 | DEBUG    | log:153 | [get_keyword_boost] Query: 'Liệt kê toàn bộ giao dịch than...' | Doc: getTransactionList | | Boost: 0.50 | Matched: ['chưa được phê duyệt', 'toàn bộ']
2025-12-31 11:04:02 | DEBUG    | log:153 | [get_keyword_boost] Query: 'Liệt kê toàn bộ giao dịch than...' | Doc: getTransactionList | | Boost: 0.50 | Matched: ['thanh toán', 'thanh toán hóa đơn']
2025-12-31 11:04:02 | DEBUG    | log:153 | [classify_query_intent] Ambiguous: 'Liệt kê toàn bộ giao dịch than...' | Scores: {'getTransactionList | Tra cứu giao dịch đang chờ xử lý hoặc chờ duyệt': 2, 'getTransactionList | Tra cứu giao dịch chờ duyệt theo loại giao dịch': 2}
2025-12-31 11:04:02 | DEBUG    | log:153 | [normalize_query] 'Có giao dịch thẻ nào đang pending không...' -> 'Có giao dịch thẻ nào đang pending không...'
2025-12-31 11:04:02 | DEBUG    | log:153 | [perform_hybrid_search] query_text: [Có giao dịch thẻ nào đang pending không] - formatted_query: [Có giao dịch thẻ nào đang pending không] - normalized_query: [Có giao dịch thẻ nào đang pending không]
2025-12-31 11:04:02 | DEBUG    | log:153 | [perform_hybrid_search] BM25 raw scores: min=12.7270, max=28.9173
2025-12-31 11:04:02 | DEBUG    | log:153 | [get_keyword_boost] Query: 'Có giao dịch thẻ nào đang pend...' | Doc: getTransactionList | | Boost: 0.25 | Matched: ['pending']
2025-12-31 11:04:02 | DEBUG    | log:153 | [get_keyword_boost] Query: 'Có giao dịch thẻ nào đang pend...' | Doc: getTransactionList | | Boost: 0.25 | Matched: ['pending']
2025-12-31 11:04:02 | DEBUG    | log:153 | [get_keyword_boost] Query: 'Có giao dịch thẻ nào đang pend...' | Doc: getTransactionList | | Boost: 0.25 | Matched: ['pending']
2025-12-31 11:04:02 | DEBUG    | log:153 | [get_keyword_boost] Query: 'Có giao dịch thẻ nào đang pend...' | Doc: getTransactionList | | Boost: 0.75 | Matched: ['pending', 'thẻ', 'giao dịch thẻ']
2025-12-31 11:04:02 | DEBUG    | log:153 | [get_keyword_boost] Query: 'Có giao dịch thẻ nào đang pend...' | Doc: getTransactionList | | Boost: 0.25 | Matched: ['pending']
2025-12-31 11:04:02 | DEBUG    | log:153 | [classify_query_intent] Classified: 'Có giao dịch thẻ nào đang pend...' -> getTransactionList | Tra cứu g (score=3)
2025-12-31 11:04:02 | DEBUG    | log:153 | [normalize_query] 'Hiển thị danh sách giao dịch chuyển khoả...' -> 'Hiển thị danh sách giao dịch chuyển khoả...'
2025-12-31 11:04:02 | DEBUG    | log:153 | [perform_hybrid_search] query_text: [Hiển thị danh sách giao dịch chuyển khoản chưa hoàn tất] - formatted_query: [Hiển thị danh sách giao dịch chuyển khoản chưa hoàn tất] - normalized_query: [Hiển thị danh sách giao dịch chuyển khoản chưa hoàn tất]
2025-12-31 11:04:02 | DEBUG    | log:153 | [perform_hybrid_search] BM25 raw scores: min=24.1554, max=38.5531
2025-12-31 11:04:02 | DEBUG    | log:153 | [get_keyword_boost] Query: 'Hiển thị danh sách giao dịch c...' | Doc: getTransactionList | | Boost: 0.25 | Matched: ['chuyển khoản']
2025-12-31 11:04:02 | DEBUG    | log:153 | [classify_query_intent] Classified: 'Hiển thị danh sách giao dịch c...' -> getTransactionList | Tra cứu g (score=1)
2025-12-31 11:04:02 | DEBUG    | log:153 | [normalize_query] 'Tôi muốn xem tất cả giao dịch thanh toán...' -> 'Tôi muốn xem tất cả giao dịch thanh toán...'
2025-12-31 11:04:02 | DEBUG    | log:153 | [perform_hybrid_search] query_text: [Tôi muốn xem tất cả giao dịch thanh toán đang chờ xử lý] - formatted_query: [Tôi muốn xem tất cả giao dịch thanh toán đang chờ xử lý] - normalized_query: [Tôi muốn xem tất cả giao dịch thanh toán đang chờ xử lý]
2025-12-31 11:04:02 | DEBUG    | log:153 | [perform_hybrid_search] BM25 raw scores: min=13.7091, max=36.3541
2025-12-31 11:04:02 | DEBUG    | log:153 | [get_keyword_boost] Query: 'Tôi muốn xem tất cả giao dịch ...' | Doc: getTransactionList | | Boost: 0.75 | Matched: ['chờ xử lý', 'đang chờ', 'tất cả']
2025-12-31 11:04:02 | DEBUG    | log:153 | [get_keyword_boost] Query: 'Tôi muốn xem tất cả giao dịch ...' | Doc: getTransactionList | | Boost: 0.25 | Matched: ['chờ xử lý']
2025-12-31 11:04:02 | DEBUG    | log:153 | [get_keyword_boost] Query: 'Tôi muốn xem tất cả giao dịch ...' | Doc: getTransactionList | | Boost: 0.25 | Matched: ['chờ xử lý']
2025-12-31 11:04:02 | DEBUG    | log:153 | [get_keyword_boost] Query: 'Tôi muốn xem tất cả giao dịch ...' | Doc: getTransactionList | | Boost: 0.50 | Matched: ['chờ xử lý', 'thanh toán']
2025-12-31 11:04:02 | DEBUG    | log:153 | [get_keyword_boost] Query: 'Tôi muốn xem tất cả giao dịch ...' | Doc: getTransactionList | | Boost: 0.25 | Matched: ['chờ xử lý']
2025-12-31 11:04:02 | DEBUG    | log:153 | [classify_query_intent] Classified: 'Tôi muốn xem tất cả giao dịch ...' -> getTransactionList | Tra cứu g (score=3)
2025-12-31 11:04:02 | DEBUG    | log:153 | [normalize_query] 'Các lệnh chuyển tiền nào chưa được duyệt...' -> 'Các lệnh chuyển tiền nào chưa được duyệt...'
2025-12-31 11:04:02 | DEBUG    | log:153 | [perform_hybrid_search] query_text: [Các lệnh chuyển tiền nào chưa được duyệt trong hệ thống] - formatted_query: [Các lệnh chuyển tiền nào chưa được duyệt trong hệ thống] - normalized_query: [Các lệnh chuyển tiền nào chưa được duyệt trong hệ thống]
2025-12-31 11:04:02 | DEBUG    | log:153 | [perform_hybrid_search] BM25 raw scores: min=16.3492, max=27.4522
2025-12-31 11:04:02 | DEBUG    | log:153 | [get_keyword_boost] Query: 'Các lệnh chuyển tiền nào chưa ...' | Doc: getTransactionList | | Boost: 0.25 | Matched: ['chưa được duyệt']
2025-12-31 11:04:02 | DEBUG    | log:153 | [get_keyword_boost] Query: 'Các lệnh chuyển tiền nào chưa ...' | Doc: getTransactionList | | Boost: 0.25 | Matched: ['trong']
2025-12-31 11:04:02 | DEBUG    | log:153 | [get_keyword_boost] Query: 'Các lệnh chuyển tiền nào chưa ...' | Doc: getTransactionList | | Boost: 0.25 | Matched: ['chuyển tiền']
2025-12-31 11:04:02 | DEBUG    | log:153 | [classify_query_intent] Ambiguous: 'Các lệnh chuyển tiền nào chưa ...' | Scores: {'getTransactionList | Tra cứu giao dịch đang chờ xử lý hoặc chờ duyệt': 1, 'getTransactionList | Tra cứu giao dịch chờ duyệt theo khoảng thời gian': 1, 'getTransactionList | Tra cứu giao dịch chờ duyệt theo loại giao dịch': 1}
2025-12-31 11:04:02 | DEBUG    | log:153 | [normalize_query] 'Cho biết giao dịch thẻ nào chưa được phê...' -> 'Cho biết giao dịch thẻ nào chưa được phê...'
2025-12-31 11:04:02 | DEBUG    | log:153 | [perform_hybrid_search] query_text: [Cho biết giao dịch thẻ nào chưa được phê duyệt] - formatted_query: [Cho biết giao dịch thẻ nào chưa được phê duyệt] - normalized_query: [Cho biết giao dịch thẻ nào chưa được phê duyệt]
2025-12-31 11:04:02 | DEBUG    | log:153 | [perform_hybrid_search] BM25 raw scores: min=13.5291, max=27.9666
2025-12-31 11:04:02 | DEBUG    | log:153 | [get_keyword_boost] Query: 'Cho biết giao dịch thẻ nào chư...' | Doc: getTransactionList | | Boost: 0.25 | Matched: ['chưa được phê duyệt']
2025-12-31 11:04:02 | DEBUG    | log:153 | [get_keyword_boost] Query: 'Cho biết giao dịch thẻ nào chư...' | Doc: getTransactionList | | Boost: 0.50 | Matched: ['thẻ', 'giao dịch thẻ']
2025-12-31 11:04:02 | DEBUG    | log:153 | [classify_query_intent] Classified: 'Cho biết giao dịch thẻ nào chư...' -> getTransactionList | Tra cứu g (score=2)
2025-12-31 11:04:02 | DEBUG    | log:153 | [normalize_query] 'Liệt kê các giao dịch thanh toán hóa đơn...' -> 'Liệt kê các giao dịch thanh toán hóa đơn...'
2025-12-31 11:04:02 | DEBUG    | log:153 | [perform_hybrid_search] query_text: [Liệt kê các giao dịch thanh toán hóa đơn bị treo] - formatted_query: [Liệt kê các giao dịch thanh toán hóa đơn bị treo] - normalized_query: [Liệt kê các giao dịch thanh toán hóa đơn bị treo]
2025-12-31 11:04:02 | DEBUG    | log:153 | [perform_hybrid_search] BM25 raw scores: min=11.0469, max=36.2682
2025-12-31 11:04:02 | DEBUG    | log:153 | [get_keyword_boost] Query: 'Liệt kê các giao dịch thanh to...' | Doc: getTransactionList | | Boost: 0.50 | Matched: ['thanh toán', 'thanh toán hóa đơn']
2025-12-31 11:04:02 | DEBUG    | log:153 | [classify_query_intent] Classified: 'Liệt kê các giao dịch thanh to...' -> getTransactionList | Tra cứu g (score=2)
2025-12-31 11:04:02 | DEBUG    | log:153 | [normalize_query] 'Xem toàn bộ giao dịch chuyển tiền chưa d...' -> 'Xem toàn bộ giao dịch chuyển tiền chưa d...'
2025-12-31 11:04:02 | DEBUG    | log:153 | [perform_hybrid_search] query_text: [Xem toàn bộ giao dịch chuyển tiền chưa duyệt] - formatted_query: [Xem toàn bộ giao dịch chuyển tiền chưa duyệt] - normalized_query: [Xem toàn bộ giao dịch chuyển tiền chưa duyệt]
2025-12-31 11:04:03 | DEBUG    | log:153 | [perform_hybrid_search] BM25 raw scores: min=19.5286, max=31.2298
2025-12-31 11:04:03 | DEBUG    | log:153 | [get_keyword_boost] Query: 'Xem toàn bộ giao dịch chuyển t...' | Doc: getTransactionList | | Boost: 0.25 | Matched: ['toàn bộ']
2025-12-31 11:04:03 | DEBUG    | log:153 | [get_keyword_boost] Query: 'Xem toàn bộ giao dịch chuyển t...' | Doc: getTransactionList | | Boost: 0.25 | Matched: ['chuyển tiền']
2025-12-31 11:04:03 | DEBUG    | log:153 | [classify_query_intent] Ambiguous: 'Xem toàn bộ giao dịch chuyển t...' | Scores: {'getTransactionList | Tra cứu giao dịch đang chờ xử lý hoặc chờ duyệt': 1, 'getTransactionList | Tra cứu giao dịch chờ duyệt theo loại giao dịch': 1}
2025-12-31 11:04:03 | DEBUG    | log:153 | [normalize_query] 'Có giao dịch nào thuộc loại thanh toán đ...' -> 'Có giao dịch nào thuộc loại thanh toán đ...'
2025-12-31 11:04:03 | DEBUG    | log:153 | [perform_hybrid_search] query_text: [Có giao dịch nào thuộc loại thanh toán đang pending không] - formatted_query: [Có giao dịch nào thuộc loại thanh toán đang pending không] - normalized_query: [Có giao dịch nào thuộc loại thanh toán đang pending không]
2025-12-31 11:04:03 | DEBUG    | log:153 | [perform_hybrid_search] BM25 raw scores: min=16.9593, max=38.0001
2025-12-31 11:04:03 | DEBUG    | log:153 | [get_keyword_boost] Query: 'Có giao dịch nào thuộc loại th...' | Doc: getTransactionList | | Boost: 0.25 | Matched: ['pending']
2025-12-31 11:04:03 | DEBUG    | log:153 | [get_keyword_boost] Query: 'Có giao dịch nào thuộc loại th...' | Doc: getTransactionList | | Boost: 0.25 | Matched: ['pending']
2025-12-31 11:04:03 | DEBUG    | log:153 | [get_keyword_boost] Query: 'Có giao dịch nào thuộc loại th...' | Doc: getTransactionList | | Boost: 0.25 | Matched: ['pending']
2025-12-31 11:04:03 | DEBUG    | log:153 | [get_keyword_boost] Query: 'Có giao dịch nào thuộc loại th...' | Doc: getTransactionList | | Boost: 0.50 | Matched: ['pending', 'thanh toán']
2025-12-31 11:04:03 | DEBUG    | log:153 | [get_keyword_boost] Query: 'Có giao dịch nào thuộc loại th...' | Doc: getTransactionList | | Boost: 0.25 | Matched: ['pending']
2025-12-31 11:04:03 | DEBUG    | log:153 | [classify_query_intent] Classified: 'Có giao dịch nào thuộc loại th...' -> getTransactionList | Tra cứu g (score=2)
2025-12-31 11:04:03 | DEBUG    | log:153 | [normalize_query] 'Hiển thị các lệnh chuyển khoản chưa được...' -> 'Hiển thị các lệnh chuyển khoản chưa được...'
2025-12-31 11:04:03 | DEBUG    | log:153 | [perform_hybrid_search] query_text: [Hiển thị các lệnh chuyển khoản chưa được xử lý] - formatted_query: [Hiển thị các lệnh chuyển khoản chưa được xử lý] - normalized_query: [Hiển thị các lệnh chuyển khoản chưa được xử lý]
2025-12-31 11:04:03 | DEBUG    | log:153 | [perform_hybrid_search] BM25 raw scores: min=11.7939, max=23.3116
2025-12-31 11:04:03 | DEBUG    | log:153 | [get_keyword_boost] Query: 'Hiển thị các lệnh chuyển khoản...' | Doc: getTransactionList | | Boost: 0.25 | Matched: ['chuyển khoản']
2025-12-31 11:04:03 | DEBUG    | log:153 | [classify_query_intent] Classified: 'Hiển thị các lệnh chuyển khoản...' -> getTransactionList | Tra cứu g (score=1)
2025-12-31 11:04:03 | DEBUG    | log:153 | [normalize_query] 'Tôi muốn kiểm tra các giao dịch thẻ đang...' -> 'Tôi muốn kiểm tra các giao dịch thẻ đang...'
2025-12-31 11:04:03 | DEBUG    | log:153 | [perform_hybrid_search] query_text: [Tôi muốn kiểm tra các giao dịch thẻ đang pending] - formatted_query: [Tôi muốn kiểm tra các giao dịch thẻ đang pending] - normalized_query: [Tôi muốn kiểm tra các giao dịch thẻ đang pending]
2025-12-31 11:04:03 | DEBUG    | log:153 | [perform_hybrid_search] BM25 raw scores: min=9.1197, max=22.0966
2025-12-31 11:04:03 | DEBUG    | log:153 | [get_keyword_boost] Query: 'Tôi muốn kiểm tra các giao dịc...' | Doc: getTransactionList | | Boost: 0.25 | Matched: ['pending']
2025-12-31 11:04:03 | DEBUG    | log:153 | [get_keyword_boost] Query: 'Tôi muốn kiểm tra các giao dịc...' | Doc: getTransactionList | | Boost: 0.25 | Matched: ['pending']
2025-12-31 11:04:03 | DEBUG    | log:153 | [get_keyword_boost] Query: 'Tôi muốn kiểm tra các giao dịc...' | Doc: getTransactionList | | Boost: 0.25 | Matched: ['pending']
2025-12-31 11:04:03 | DEBUG    | log:153 | [get_keyword_boost] Query: 'Tôi muốn kiểm tra các giao dịc...' | Doc: getTransactionList | | Boost: 0.75 | Matched: ['pending', 'thẻ', 'giao dịch thẻ']
2025-12-31 11:04:03 | DEBUG    | log:153 | [get_keyword_boost] Query: 'Tôi muốn kiểm tra các giao dịc...' | Doc: getTransactionList | | Boost: 0.25 | Matched: ['pending']
2025-12-31 11:04:03 | DEBUG    | log:153 | [classify_query_intent] Classified: 'Tôi muốn kiểm tra các giao dịc...' -> getTransactionList | Tra cứu g (score=3)
2025-12-31 11:04:03 | DEBUG    | log:153 | [normalize_query] 'Cho tôi biết những giao dịch thanh toán ...' -> 'Cho tôi biết những giao dịch thanh toán ...'
2025-12-31 11:04:03 | DEBUG    | log:153 | [perform_hybrid_search] query_text: [Cho tôi biết những giao dịch thanh toán nào chưa được duyệt] - formatted_query: [Cho tôi biết những giao dịch thanh toán nào chưa được duyệt] - normalized_query: [Cho tôi biết những giao dịch thanh toán nào chưa được duyệt]
2025-12-31 11:04:03 | DEBUG    | log:153 | [perform_hybrid_search] BM25 raw scores: min=13.2244, max=29.8300
2025-12-31 11:04:03 | DEBUG    | log:153 | [get_keyword_boost] Query: 'Cho tôi biết những giao dịch t...' | Doc: getTransactionList | | Boost: 0.25 | Matched: ['chưa được duyệt']
2025-12-31 11:04:03 | DEBUG    | log:153 | [get_keyword_boost] Query: 'Cho tôi biết những giao dịch t...' | Doc: getTransactionList | | Boost: 0.25 | Matched: ['thanh toán']
2025-12-31 11:04:03 | DEBUG    | log:153 | [classify_query_intent] Ambiguous: 'Cho tôi biết những giao dịch t...' | Scores: {'getTransactionList | Tra cứu giao dịch đang chờ xử lý hoặc chờ duyệt': 1, 'getTransactionList | Tra cứu giao dịch chờ duyệt theo loại giao dịch': 1}
2025-12-31 11:04:03 | DEBUG    | log:153 | [normalize_query] 'Liệt kê các lệnh chuyển tiền chưa phê du...' -> 'Liệt kê các lệnh chuyển tiền chưa phê du...'
2025-12-31 11:04:03 | DEBUG    | log:153 | [perform_hybrid_search] query_text: [Liệt kê các lệnh chuyển tiền chưa phê duyệt] - formatted_query: [Liệt kê các lệnh chuyển tiền chưa phê duyệt] - normalized_query: [Liệt kê các lệnh chuyển tiền chưa phê duyệt]
2025-12-31 11:04:03 | DEBUG    | log:153 | [perform_hybrid_search] BM25 raw scores: min=19.2640, max=28.1699
2025-12-31 11:04:03 | DEBUG    | log:153 | [get_keyword_boost] Query: 'Liệt kê các lệnh chuyển tiền c...' | Doc: getTransactionList | | Boost: 0.25 | Matched: ['chuyển tiền']
2025-12-31 11:04:03 | DEBUG    | log:153 | [classify_query_intent] Classified: 'Liệt kê các lệnh chuyển tiền c...' -> getTransactionList | Tra cứu g (score=1)
2025-12-31 11:04:03 | DEBUG    | log:153 | [normalize_query] 'Các giao dịch nào thuộc loại hóa đơn hiệ...' -> 'Các giao dịch nào thuộc loại hóa đơn hiệ...'
2025-12-31 11:04:03 | DEBUG    | log:153 | [perform_hybrid_search] query_text: [Các giao dịch nào thuộc loại hóa đơn hiện tại chưa được duyệt] - formatted_query: [Các giao dịch nào thuộc loại hóa đơn hiện tại chưa được duyệt] - normalized_query: [Các giao dịch nào thuộc loại hóa đơn hiện tại chưa được duyệt]
2025-12-31 11:04:03 | DEBUG    | log:153 | [perform_hybrid_search] BM25 raw scores: min=14.7218, max=31.3942
2025-12-31 11:04:03 | DEBUG    | log:153 | [get_keyword_boost] Query: 'Các giao dịch nào thuộc loại h...' | Doc: getTransactionList | | Boost: 0.25 | Matched: ['chưa được duyệt']
2025-12-31 11:04:03 | DEBUG    | log:153 | [classify_query_intent] Classified: 'Các giao dịch nào thuộc loại h...' -> getTransactionList | Tra cứu g (score=1)
2025-12-31 11:04:03 | DEBUG    | log:153 | [normalize_query] 'Xem danh sách giao dịch thẻ đang chờ xử ...' -> 'Xem danh sách giao dịch thẻ đang chờ xử ...'
2025-12-31 11:04:03 | DEBUG    | log:153 | [perform_hybrid_search] query_text: [Xem danh sách giao dịch thẻ đang chờ xử lý] - formatted_query: [Xem danh sách giao dịch thẻ đang chờ xử lý] - normalized_query: [Xem danh sách giao dịch thẻ đang chờ xử lý]
2025-12-31 11:04:03 | DEBUG    | log:153 | [perform_hybrid_search] BM25 raw scores: min=12.4662, max=25.3755
2025-12-31 11:04:03 | DEBUG    | log:153 | [get_keyword_boost] Query: 'Xem danh sách giao dịch thẻ đa...' | Doc: getTransactionList | | Boost: 0.50 | Matched: ['chờ xử lý', 'đang chờ']
2025-12-31 11:04:03 | DEBUG    | log:153 | [get_keyword_boost] Query: 'Xem danh sách giao dịch thẻ đa...' | Doc: getTransactionList | | Boost: 0.25 | Matched: ['chờ xử lý']
2025-12-31 11:04:03 | DEBUG    | log:153 | [get_keyword_boost] Query: 'Xem danh sách giao dịch thẻ đa...' | Doc: getTransactionList | | Boost: 0.25 | Matched: ['chờ xử lý']
2025-12-31 11:04:03 | DEBUG    | log:153 | [get_keyword_boost] Query: 'Xem danh sách giao dịch thẻ đa...' | Doc: getTransactionList | | Boost: 0.75 | Matched: ['chờ xử lý', 'thẻ', 'giao dịch thẻ']
2025-12-31 11:04:03 | DEBUG    | log:153 | [get_keyword_boost] Query: 'Xem danh sách giao dịch thẻ đa...' | Doc: getTransactionList | | Boost: 0.25 | Matched: ['chờ xử lý']
2025-12-31 11:04:03 | DEBUG    | log:153 | [classify_query_intent] Classified: 'Xem danh sách giao dịch thẻ đa...' -> getTransactionList | Tra cứu g (score=3)
2025-12-31 11:04:03 | DEBUG    | log:153 | [normalize_query] 'Hiển thị toàn bộ giao dịch thanh toán ch...' -> 'Hiển thị toàn bộ giao dịch thanh toán ch...'
2025-12-31 11:04:03 | DEBUG    | log:153 | [perform_hybrid_search] query_text: [Hiển thị toàn bộ giao dịch thanh toán chưa phê duyệt] - formatted_query: [Hiển thị toàn bộ giao dịch thanh toán chưa phê duyệt] - normalized_query: [Hiển thị toàn bộ giao dịch thanh toán chưa phê duyệt]
2025-12-31 11:04:03 | DEBUG    | log:153 | [perform_hybrid_search] BM25 raw scores: min=20.3911, max=38.9034
2025-12-31 11:04:03 | DEBUG    | log:153 | [get_keyword_boost] Query: 'Hiển thị toàn bộ giao dịch tha...' | Doc: getTransactionList | | Boost: 0.25 | Matched: ['toàn bộ']
2025-12-31 11:04:03 | DEBUG    | log:153 | [get_keyword_boost] Query: 'Hiển thị toàn bộ giao dịch tha...' | Doc: getTransactionList | | Boost: 0.25 | Matched: ['thanh toán']
2025-12-31 11:04:03 | DEBUG    | log:153 | [classify_query_intent] Ambiguous: 'Hiển thị toàn bộ giao dịch tha...' | Scores: {'getTransactionList | Tra cứu giao dịch đang chờ xử lý hoặc chờ duyệt': 1, 'getTransactionList | Tra cứu giao dịch chờ duyệt theo loại giao dịch': 1}
2025-12-31 11:04:03 | DEBUG    | log:153 | [normalize_query] 'Có giao dịch chuyển khoản nào đang bị tr...' -> 'Có giao dịch chuyển khoản nào đang bị tr...'
2025-12-31 11:04:03 | DEBUG    | log:153 | [perform_hybrid_search] query_text: [Có giao dịch chuyển khoản nào đang bị treo không] - formatted_query: [Có giao dịch chuyển khoản nào đang bị treo không] - normalized_query: [Có giao dịch chuyển khoản nào đang bị treo không]
2025-12-31 11:04:03 | DEBUG    | log:153 | [perform_hybrid_search] BM25 raw scores: min=14.0145, max=28.2826
2025-12-31 11:04:03 | DEBUG    | log:153 | [get_keyword_boost] Query: 'Có giao dịch chuyển khoản nào ...' | Doc: getTransactionList | | Boost: 0.25 | Matched: ['chuyển khoản']
2025-12-31 11:04:03 | DEBUG    | log:153 | [classify_query_intent] Classified: 'Có giao dịch chuyển khoản nào ...' -> getTransactionList | Tra cứu g (score=1)
2025-12-31 11:04:03 | DEBUG    | log:153 | [normalize_query] 'Cho tôi xem các giao dịch thẻ chưa xử lý...' -> 'Cho tôi xem các giao dịch thẻ chưa xử lý...'
2025-12-31 11:04:03 | DEBUG    | log:153 | [perform_hybrid_search] query_text: [Cho tôi xem các giao dịch thẻ chưa xử lý] - formatted_query: [Cho tôi xem các giao dịch thẻ chưa xử lý] - normalized_query: [Cho tôi xem các giao dịch thẻ chưa xử lý]
2025-12-31 11:04:03 | DEBUG    | log:153 | [perform_hybrid_search] BM25 raw scores: min=5.5357, max=16.9808
2025-12-31 11:04:03 | DEBUG    | log:153 | [get_keyword_boost] Query: 'Cho tôi xem các giao dịch thẻ ...' | Doc: getTransactionList | | Boost: 0.50 | Matched: ['thẻ', 'giao dịch thẻ']
2025-12-31 11:04:03 | DEBUG    | log:153 | [classify_query_intent] Classified: 'Cho tôi xem các giao dịch thẻ ...' -> getTransactionList | Tra cứu g (score=2)
2025-12-31 11:04:03 | DEBUG    | log:153 | [normalize_query] 'Liệt kê tất cả giao dịch cần duyệt theo ...' -> 'Liệt kê tất cả giao dịch cần duyệt theo ...'
2025-12-31 11:04:03 | DEBUG    | log:153 | [perform_hybrid_search] query_text: [Liệt kê tất cả giao dịch cần duyệt theo loại thanh toán] - formatted_query: [Liệt kê tất cả giao dịch cần duyệt theo loại thanh toán] - normalized_query: [Liệt kê tất cả giao dịch cần duyệt theo loại thanh toán]
2025-12-31 11:04:03 | DEBUG    | log:153 | [perform_hybrid_search] BM25 raw scores: min=22.8867, max=39.5221
2025-12-31 11:04:03 | DEBUG    | log:153 | [get_keyword_boost] Query: 'Liệt kê tất cả giao dịch cần d...' | Doc: getTransactionList | | Boost: 0.50 | Matched: ['cần duyệt', 'tất cả']
2025-12-31 11:04:03 | DEBUG    | log:153 | [get_keyword_boost] Query: 'Liệt kê tất cả giao dịch cần d...' | Doc: getTransactionList | | Boost: 0.25 | Matched: ['thanh toán']
2025-12-31 11:04:03 | DEBUG    | log:153 | [classify_query_intent] Classified: 'Liệt kê tất cả giao dịch cần d...' -> getTransactionList | Tra cứu g (score=2)
2025-12-31 11:04:03 | DEBUG    | log:153 | [normalize_query] 'Cho tôi xem các giao dịch trên 500 triệu...' -> 'Cho tôi xem các giao dịch trên 500 triệu...'
2025-12-31 11:04:03 | DEBUG    | log:153 | [perform_hybrid_search] query_text: [Cho tôi xem các giao dịch trên 500 triệu đang chờ duyệt] - formatted_query: [Cho tôi xem các giao dịch trên 500 triệu đang chờ duyệt] - normalized_query: [Cho tôi xem các giao dịch trên 500 triệu đang chờ duyệt]
2025-12-31 11:04:03 | DEBUG    | log:153 | [perform_hybrid_search] BM25 raw scores: min=6.0136, max=31.8875
2025-12-31 11:04:03 | DEBUG    | log:153 | [get_keyword_boost] Query: 'Cho tôi xem các giao dịch trên...' | Doc: getTransactionList | | Boost: 0.50 | Matched: ['chờ duyệt', 'đang chờ']
2025-12-31 11:04:03 | DEBUG    | log:153 | [get_keyword_boost] Query: 'Cho tôi xem các giao dịch trên...' | Doc: getTransactionList | | Boost: 0.25 | Matched: ['chờ duyệt']
2025-12-31 11:04:03 | DEBUG    | log:153 | [get_keyword_boost] Query: 'Cho tôi xem các giao dịch trên...' | Doc: getTransactionList | | Boost: 0.25 | Matched: ['chờ duyệt']
2025-12-31 11:04:03 | DEBUG    | log:153 | [get_keyword_boost] Query: 'Cho tôi xem các giao dịch trên...' | Doc: getTransactionList | | Boost: 0.25 | Matched: ['chờ duyệt']
2025-12-31 11:04:03 | DEBUG    | log:153 | [get_keyword_boost] Query: 'Cho tôi xem các giao dịch trên...' | Doc: getTransactionList | | Boost: 0.75 | Matched: ['chờ duyệt', 'trên', 'triệu']
2025-12-31 11:04:03 | DEBUG    | log:153 | [classify_query_intent] Classified: 'Cho tôi xem các giao dịch trên...' -> getTransactionList | Tra cứu g (score=3)
2025-12-31 11:04:03 | DEBUG    | log:153 | [normalize_query] 'Liệt kê toàn bộ giao dịch trên 500 triệu...' -> 'Liệt kê toàn bộ giao dịch trên 500 triệu...'
2025-12-31 11:04:03 | DEBUG    | log:153 | [perform_hybrid_search] query_text: [Liệt kê toàn bộ giao dịch trên 500 triệu chưa được phê duyệt] - formatted_query: [Liệt kê toàn bộ giao dịch trên 500 triệu chưa được phê duyệt] - normalized_query: [Liệt kê toàn bộ giao dịch trên 500 triệu chưa được phê duyệt]
2025-12-31 11:04:03 | DEBUG    | log:153 | [perform_hybrid_search] BM25 raw scores: min=18.7792, max=48.4146
2025-12-31 11:04:03 | DEBUG    | log:153 | [get_keyword_boost] Query: 'Liệt kê toàn bộ giao dịch trên...' | Doc: getTransactionList | | Boost: 0.50 | Matched: ['chưa được phê duyệt', 'toàn bộ']
2025-12-31 11:04:03 | DEBUG    | log:153 | [get_keyword_boost] Query: 'Liệt kê toàn bộ giao dịch trên...' | Doc: getTransactionList | | Boost: 0.50 | Matched: ['trên', 'triệu']
2025-12-31 11:04:03 | DEBUG    | log:153 | [classify_query_intent] Ambiguous: 'Liệt kê toàn bộ giao dịch trên...' | Scores: {'getTransactionList | Tra cứu giao dịch đang chờ xử lý hoặc chờ duyệt': 2, 'getTransactionList | Tra cứu giao dịch chờ duyệt theo số tiền hoặc hạn mức': 2}
2025-12-31 11:04:03 | DEBUG    | log:153 | [normalize_query] 'Có giao dịch nào trên 1 tỷ đang pending ...' -> 'Có giao dịch nào trên 1 tỷ đang pending ...'
2025-12-31 11:04:03 | DEBUG    | log:153 | [perform_hybrid_search] query_text: [Có giao dịch nào trên 1 tỷ đang pending không] - formatted_query: [Có giao dịch nào trên 1 tỷ đang pending không] - normalized_query: [Có giao dịch nào trên 1 tỷ đang pending không]
2025-12-31 11:04:03 | DEBUG    | log:153 | [perform_hybrid_search] BM25 raw scores: min=16.0757, max=32.0213
2025-12-31 11:04:03 | DEBUG    | log:153 | [get_keyword_boost] Query: 'Có giao dịch nào trên 1 tỷ đan...' | Doc: getTransactionList | | Boost: 0.25 | Matched: ['pending']
2025-12-31 11:04:03 | DEBUG    | log:153 | [get_keyword_boost] Query: 'Có giao dịch nào trên 1 tỷ đan...' | Doc: getTransactionList | | Boost: 0.25 | Matched: ['pending']
2025-12-31 11:04:03 | DEBUG    | log:153 | [get_keyword_boost] Query: 'Có giao dịch nào trên 1 tỷ đan...' | Doc: getTransactionList | | Boost: 0.25 | Matched: ['pending']
2025-12-31 11:04:03 | DEBUG    | log:153 | [get_keyword_boost] Query: 'Có giao dịch nào trên 1 tỷ đan...' | Doc: getTransactionList | | Boost: 0.25 | Matched: ['pending']
2025-12-31 11:04:03 | DEBUG    | log:153 | [get_keyword_boost] Query: 'Có giao dịch nào trên 1 tỷ đan...' | Doc: getTransactionList | | Boost: 0.75 | Matched: ['pending', 'trên', 'tỷ']
2025-12-31 11:04:03 | DEBUG    | log:153 | [classify_query_intent] Classified: 'Có giao dịch nào trên 1 tỷ đan...' -> getTransactionList | Tra cứu g (score=3)
2025-12-31 11:04:03 | DEBUG    | log:153 | [normalize_query] 'Hiển thị danh sách giao dịch chưa hoàn t...' -> 'Hiển thị danh sách giao dịch chưa hoàn t...'
2025-12-31 11:04:03 | DEBUG    | log:153 | [perform_hybrid_search] query_text: [Hiển thị danh sách giao dịch chưa hoàn tất với số tiền từ 200 triệu trở lên] - formatted_query: [Hiển thị danh sách giao dịch chưa hoàn tất với số tiền từ 200 triệu trở lên] - normalized_query: [Hiển thị danh sách giao dịch chưa hoàn tất với số tiền từ 200 triệu trở lên]
2025-12-31 11:04:03 | DEBUG    | log:153 | [perform_hybrid_search] BM25 raw scores: min=25.0440, max=51.0044
2025-12-31 11:04:03 | DEBUG    | log:153 | [get_keyword_boost] Query: 'Hiển thị danh sách giao dịch c...' | Doc: getTransactionList | | Boost: 0.75 | Matched: ['số tiền', 'từ', 'triệu']
2025-12-31 11:04:03 | DEBUG    | log:153 | [classify_query_intent] Classified: 'Hiển thị danh sách giao dịch c...' -> getTransactionList | Tra cứu g (score=3)
2025-12-31 11:04:03 | DEBUG    | log:153 | [normalize_query] 'Tôi muốn xem tất cả giao dịch trên 500 t...' -> 'Tôi muốn xem tất cả giao dịch trên 500 t...'
2025-12-31 11:04:03 | DEBUG    | log:153 | [perform_hybrid_search] query_text: [Tôi muốn xem tất cả giao dịch trên 500 triệu đang chờ xử lý] - formatted_query: [Tôi muốn xem tất cả giao dịch trên 500 triệu đang chờ xử lý] - normalized_query: [Tôi muốn xem tất cả giao dịch trên 500 triệu đang chờ xử lý]
2025-12-31 11:04:03 | DEBUG    | log:153 | [perform_hybrid_search] BM25 raw scores: min=12.8998, max=43.7128
2025-12-31 11:04:03 | DEBUG    | log:153 | [get_keyword_boost] Query: 'Tôi muốn xem tất cả giao dịch ...' | Doc: getTransactionList | | Boost: 0.75 | Matched: ['chờ xử lý', 'đang chờ', 'tất cả']
2025-12-31 11:04:03 | DEBUG    | log:153 | [get_keyword_boost] Query: 'Tôi muốn xem tất cả giao dịch ...' | Doc: getTransactionList | | Boost: 0.25 | Matched: ['chờ xử lý']
2025-12-31 11:04:03 | DEBUG    | log:153 | [get_keyword_boost] Query: 'Tôi muốn xem tất cả giao dịch ...' | Doc: getTransactionList | | Boost: 0.25 | Matched: ['chờ xử lý']
2025-12-31 11:04:03 | DEBUG    | log:153 | [get_keyword_boost] Query: 'Tôi muốn xem tất cả giao dịch ...' | Doc: getTransactionList | | Boost: 0.25 | Matched: ['chờ xử lý']
2025-12-31 11:04:03 | DEBUG    | log:153 | [get_keyword_boost] Query: 'Tôi muốn xem tất cả giao dịch ...' | Doc: getTransactionList | | Boost: 0.75 | Matched: ['chờ xử lý', 'trên', 'triệu']
2025-12-31 11:04:03 | DEBUG    | log:153 | [classify_query_intent] Ambiguous: 'Tôi muốn xem tất cả giao dịch ...' | Scores: {'getTransactionList | Tra cứu giao dịch đang chờ xử lý hoặc chờ duyệt': 3, 'getTransactionList | Tra cứu giao dịch chờ duyệt theo số tài khoản nguồn': 1, 'getTransactionList | Tra cứu giao dịch chờ duyệt theo khoảng thời gian': 1, 'getTransactionList | Tra cứu giao dịch chờ duyệt theo loại giao dịch': 1, 'getTransactionList | Tra cứu giao dịch chờ duyệt theo số tiền hoặc hạn mức': 3}
2025-12-31 11:04:03 | DEBUG    | log:153 | [normalize_query] 'Các lệnh chuyển tiền nào trên 100 triệu ...' -> 'Các lệnh chuyển tiền nào trên 100 triệu ...'
2025-12-31 11:04:03 | DEBUG    | log:153 | [perform_hybrid_search] query_text: [Các lệnh chuyển tiền nào trên 100 triệu chưa được duyệt] - formatted_query: [Các lệnh chuyển tiền nào trên 100 triệu chưa được duyệt] - normalized_query: [Các lệnh chuyển tiền nào trên 100 triệu chưa được duyệt]
2025-12-31 11:04:03 | DEBUG    | log:153 | [perform_hybrid_search] BM25 raw scores: min=13.7549, max=31.7678
2025-12-31 11:04:03 | DEBUG    | log:153 | [get_keyword_boost] Query: 'Các lệnh chuyển tiền nào trên ...' | Doc: getTransactionList | | Boost: 0.25 | Matched: ['chưa được duyệt']
2025-12-31 11:04:03 | DEBUG    | log:153 | [get_keyword_boost] Query: 'Các lệnh chuyển tiền nào trên ...' | Doc: getTransactionList | | Boost: 0.25 | Matched: ['chuyển tiền']
2025-12-31 11:04:03 | DEBUG    | log:153 | [get_keyword_boost] Query: 'Các lệnh chuyển tiền nào trên ...' | Doc: getTransactionList | | Boost: 0.50 | Matched: ['trên', 'triệu']
2025-12-31 11:04:03 | DEBUG    | log:153 | [classify_query_intent] Classified: 'Các lệnh chuyển tiền nào trên ...' -> getTransactionList | Tra cứu g (score=2)
2025-12-31 11:04:03 | DEBUG    | log:153 | [normalize_query] 'Cho biết giao dịch nào trên 500 triệu ch...' -> 'Cho biết giao dịch nào trên 500 triệu ch...'
2025-12-31 11:04:03 | DEBUG    | log:153 | [perform_hybrid_search] query_text: [Cho biết giao dịch nào trên 500 triệu chưa được phê duyệt] - formatted_query: [Cho biết giao dịch nào trên 500 triệu chưa được phê duyệt] - normalized_query: [Cho biết giao dịch nào trên 500 triệu chưa được phê duyệt]
2025-12-31 11:04:03 | DEBUG    | log:153 | [perform_hybrid_search] BM25 raw scores: min=16.3682, max=41.0774
2025-12-31 11:04:03 | DEBUG    | log:153 | [get_keyword_boost] Query: 'Cho biết giao dịch nào trên 50...' | Doc: getTransactionList | | Boost: 0.25 | Matched: ['chưa được phê duyệt']
2025-12-31 11:04:03 | DEBUG    | log:153 | [get_keyword_boost] Query: 'Cho biết giao dịch nào trên 50...' | Doc: getTransactionList | | Boost: 0.50 | Matched: ['trên', 'triệu']
2025-12-31 11:04:03 | DEBUG    | log:153 | [classify_query_intent] Classified: 'Cho biết giao dịch nào trên 50...' -> getTransactionList | Tra cứu g (score=2)
2025-12-31 11:04:03 | DEBUG    | log:153 | [normalize_query] 'Liệt kê các giao dịch bị treo với hạn mứ...' -> 'Liệt kê các giao dịch bị treo với hạn mứ...'
2025-12-31 11:04:03 | DEBUG    | log:153 | [perform_hybrid_search] query_text: [Liệt kê các giao dịch bị treo với hạn mức trên 50 triệu] - formatted_query: [Liệt kê các giao dịch bị treo với hạn mức trên 50 triệu] - normalized_query: [Liệt kê các giao dịch bị treo với hạn mức trên 50 triệu]
2025-12-31 11:04:03 | DEBUG    | log:153 | [perform_hybrid_search] BM25 raw scores: min=10.7787, max=33.8277
2025-12-31 11:04:03 | DEBUG    | log:153 | [get_keyword_boost] Query: 'Liệt kê các giao dịch bị treo ...' | Doc: getTransactionList | | Boost: 0.75 | Matched: ['hạn mức', 'trên', 'triệu']
2025-12-31 11:04:03 | DEBUG    | log:153 | [classify_query_intent] Classified: 'Liệt kê các giao dịch bị treo ...' -> getTransactionList | Tra cứu g (score=3)
2025-12-31 11:04:03 | DEBUG    | log:153 | [normalize_query] 'Xem toàn bộ giao dịch chưa duyệt có số t...' -> 'Xem toàn bộ giao dịch chưa duyệt có số t...'
2025-12-31 11:04:03 | DEBUG    | log:153 | [perform_hybrid_search] query_text: [Xem toàn bộ giao dịch chưa duyệt có số tiền từ 10 triệu trở lên] - formatted_query: [Xem toàn bộ giao dịch chưa duyệt có số tiền từ 10 triệu trở lên] - normalized_query: [Xem toàn bộ giao dịch chưa duyệt có số tiền từ 10 triệu trở lên]
2025-12-31 11:04:03 | DEBUG    | log:153 | [perform_hybrid_search] BM25 raw scores: min=17.8816, max=47.4125
2025-12-31 11:04:03 | DEBUG    | log:153 | [get_keyword_boost] Query: 'Xem toàn bộ giao dịch chưa duy...' | Doc: getTransactionList | | Boost: 0.25 | Matched: ['toàn bộ']
2025-12-31 11:04:03 | DEBUG    | log:153 | [get_keyword_boost] Query: 'Xem toàn bộ giao dịch chưa duy...' | Doc: getTransactionList | | Boost: 0.75 | Matched: ['số tiền', 'từ', 'triệu']
2025-12-31 11:04:03 | DEBUG    | log:153 | [classify_query_intent] Classified: 'Xem toàn bộ giao dịch chưa duy...' -> getTransactionList | Tra cứu g (score=3)
2025-12-31 11:04:03 | DEBUG    | log:153 | [normalize_query] 'Có giao dịch nào trên 2 tỷ đang ở trạng ...' -> 'Có giao dịch nào trên 2 tỷ đang ở trạng ...'
2025-12-31 11:04:03 | DEBUG    | log:153 | [perform_hybrid_search] query_text: [Có giao dịch nào trên 2 tỷ đang ở trạng thái “chờ duyệt” không] - formatted_query: [Có giao dịch nào trên 2 tỷ đang ở trạng thái “chờ duyệt” không] - normalized_query: [Có giao dịch nào trên 2 tỷ đang ở trạng thái “chờ duyệt” không]
2025-12-31 11:04:03 | DEBUG    | log:153 | [perform_hybrid_search] BM25 raw scores: min=14.1416, max=34.5637
2025-12-31 11:04:03 | DEBUG    | log:153 | [get_keyword_boost] Query: 'Có giao dịch nào trên 2 tỷ đan...' | Doc: getTransactionList | | Boost: 0.25 | Matched: ['chờ duyệt']
2025-12-31 11:04:03 | DEBUG    | log:153 | [get_keyword_boost] Query: 'Có giao dịch nào trên 2 tỷ đan...' | Doc: getTransactionList | | Boost: 0.25 | Matched: ['chờ duyệt']
2025-12-31 11:04:03 | DEBUG    | log:153 | [get_keyword_boost] Query: 'Có giao dịch nào trên 2 tỷ đan...' | Doc: getTransactionList | | Boost: 0.25 | Matched: ['chờ duyệt']
2025-12-31 11:04:03 | DEBUG    | log:153 | [get_keyword_boost] Query: 'Có giao dịch nào trên 2 tỷ đan...' | Doc: getTransactionList | | Boost: 0.25 | Matched: ['chờ duyệt']
2025-12-31 11:04:03 | DEBUG    | log:153 | [get_keyword_boost] Query: 'Có giao dịch nào trên 2 tỷ đan...' | Doc: getTransactionList | | Boost: 0.75 | Matched: ['chờ duyệt', 'trên', 'tỷ']
2025-12-31 11:04:03 | DEBUG    | log:153 | [classify_query_intent] Classified: 'Có giao dịch nào trên 2 tỷ đan...' -> getTransactionList | Tra cứu g (score=3)
2025-12-31 11:04:03 | DEBUG    | log:153 | [normalize_query] 'Hiển thị các lệnh chưa được xử lý với số...' -> 'Hiển thị các lệnh chưa được xử lý với số...'
2025-12-31 11:04:03 | DEBUG    | log:153 | [perform_hybrid_search] query_text: [Hiển thị các lệnh chưa được xử lý với số tiền lớn trên 500 triệu] - formatted_query: [Hiển thị các lệnh chưa được xử lý với số tiền lớn trên 500 triệu] - normalized_query: [Hiển thị các lệnh chưa được xử lý với số tiền lớn trên 500 triệu]
2025-12-31 11:04:03 | DEBUG    | log:153 | [perform_hybrid_search] BM25 raw scores: min=9.9419, max=38.6474
2025-12-31 11:04:03 | DEBUG    | log:153 | [get_keyword_boost] Query: 'Hiển thị các lệnh chưa được xử...' | Doc: getTransactionList | | Boost: 0.75 | Matched: ['số tiền', 'trên', 'triệu']
2025-12-31 11:04:03 | DEBUG    | log:153 | [classify_query_intent] Classified: 'Hiển thị các lệnh chưa được xử...' -> getTransactionList | Tra cứu g (score=3)
2025-12-31 11:04:03 | DEBUG    | log:153 | [normalize_query] 'Tôi muốn kiểm tra các giao dịch trên 500...' -> 'Tôi muốn kiểm tra các giao dịch trên 500...'
2025-12-31 11:04:03 | DEBUG    | log:153 | [perform_hybrid_search] query_text: [Tôi muốn kiểm tra các giao dịch trên 500 triệu đang pending] - formatted_query: [Tôi muốn kiểm tra các giao dịch trên 500 triệu đang pending] - normalized_query: [Tôi muốn kiểm tra các giao dịch trên 500 triệu đang pending]
2025-12-31 11:04:03 | DEBUG    | log:153 | [perform_hybrid_search] BM25 raw scores: min=9.2488, max=34.1438
2025-12-31 11:04:03 | DEBUG    | log:153 | [get_keyword_boost] Query: 'Tôi muốn kiểm tra các giao dịc...' | Doc: getTransactionList | | Boost: 0.25 | Matched: ['pending']
2025-12-31 11:04:03 | DEBUG    | log:153 | [get_keyword_boost] Query: 'Tôi muốn kiểm tra các giao dịc...' | Doc: getTransactionList | | Boost: 0.25 | Matched: ['pending']
2025-12-31 11:04:03 | DEBUG    | log:153 | [get_keyword_boost] Query: 'Tôi muốn kiểm tra các giao dịc...' | Doc: getTransactionList | | Boost: 0.25 | Matched: ['pending']
2025-12-31 11:04:03 | DEBUG    | log:153 | [get_keyword_boost] Query: 'Tôi muốn kiểm tra các giao dịc...' | Doc: getTransactionList | | Boost: 0.25 | Matched: ['pending']
2025-12-31 11:04:03 | DEBUG    | log:153 | [get_keyword_boost] Query: 'Tôi muốn kiểm tra các giao dịc...' | Doc: getTransactionList | | Boost: 0.75 | Matched: ['pending', 'trên', 'triệu']
2025-12-31 11:04:03 | DEBUG    | log:153 | [classify_query_intent] Classified: 'Tôi muốn kiểm tra các giao dịc...' -> getTransactionList | Tra cứu g (score=3)
2025-12-31 11:04:03 | DEBUG    | log:153 | [normalize_query] 'Cho tôi biết những giao dịch nào chưa đư...' -> 'Cho tôi biết những giao dịch nào chưa đư...'
2025-12-31 11:04:03 | DEBUG    | log:153 | [perform_hybrid_search] query_text: [Cho tôi biết những giao dịch nào chưa được duyệt với số tiền trên 300 triệu] - formatted_query: [Cho tôi biết những giao dịch nào chưa được duyệt với số tiền trên 300 triệu] - normalized_query: [Cho tôi biết những giao dịch nào chưa được duyệt với số tiền trên 300 triệu]
2025-12-31 11:04:03 | DEBUG    | log:153 | [perform_hybrid_search] BM25 raw scores: min=17.2978, max=33.9603
2025-12-31 11:04:03 | DEBUG    | log:153 | [get_keyword_boost] Query: 'Cho tôi biết những giao dịch n...' | Doc: getTransactionList | | Boost: 0.25 | Matched: ['chưa được duyệt']
2025-12-31 11:04:03 | DEBUG    | log:153 | [get_keyword_boost] Query: 'Cho tôi biết những giao dịch n...' | Doc: getTransactionList | | Boost: 0.75 | Matched: ['số tiền', 'trên', 'triệu']
2025-12-31 11:04:03 | DEBUG    | log:153 | [classify_query_intent] Classified: 'Cho tôi biết những giao dịch n...' -> getTransactionList | Tra cứu g (score=3)
2025-12-31 11:04:03 | DEBUG    | log:153 | [normalize_query] 'Liệt kê các lệnh chuyển tiền chưa phê du...' -> 'Liệt kê các lệnh chuyển tiền chưa phê du...'
2025-12-31 11:04:03 | DEBUG    | log:153 | [perform_hybrid_search] query_text: [Liệt kê các lệnh chuyển tiền chưa phê duyệt có giá trị trên 500 triệu] - formatted_query: [Liệt kê các lệnh chuyển tiền chưa phê duyệt có giá trị trên 500 triệu] - normalized_query: [Liệt kê các lệnh chuyển tiền chưa phê duyệt có giá trị trên 500 triệu]
2025-12-31 11:04:03 | DEBUG    | log:153 | [perform_hybrid_search] BM25 raw scores: min=19.5151, max=56.3077
2025-12-31 11:04:03 | DEBUG    | log:153 | [get_keyword_boost] Query: 'Liệt kê các lệnh chuyển tiền c...' | Doc: getTransactionList | | Boost: 0.25 | Matched: ['chuyển tiền']
2025-12-31 11:04:03 | DEBUG    | log:153 | [get_keyword_boost] Query: 'Liệt kê các lệnh chuyển tiền c...' | Doc: getTransactionList | | Boost: 0.75 | Matched: ['giá trị', 'trên', 'triệu']
2025-12-31 11:04:03 | DEBUG    | log:153 | [classify_query_intent] Classified: 'Liệt kê các lệnh chuyển tiền c...' -> getTransactionList | Tra cứu g (score=3)
2025-12-31 11:04:03 | DEBUG    | log:153 | [normalize_query] 'Các giao dịch nào hiện tại chưa được duy...' -> 'Các giao dịch nào hiện tại chưa được duy...'
2025-12-31 11:04:03 | DEBUG    | log:153 | [perform_hybrid_search] query_text: [Các giao dịch nào hiện tại chưa được duyệt với số tiền từ 5 triệu trở lên] - formatted_query: [Các giao dịch nào hiện tại chưa được duyệt với số tiền từ 5 triệu trở lên] - normalized_query: [Các giao dịch nào hiện tại chưa được duyệt với số tiền từ 5 triệu trở lên]
2025-12-31 11:04:03 | DEBUG    | log:153 | [perform_hybrid_search] BM25 raw scores: min=14.1409, max=41.7323
2025-12-31 11:04:03 | DEBUG    | log:153 | [get_keyword_boost] Query: 'Các giao dịch nào hiện tại chư...' | Doc: getTransactionList | | Boost: 0.25 | Matched: ['chưa được duyệt']
2025-12-31 11:04:03 | DEBUG    | log:153 | [get_keyword_boost] Query: 'Các giao dịch nào hiện tại chư...' | Doc: getTransactionList | | Boost: 0.75 | Matched: ['số tiền', 'từ', 'triệu']
2025-12-31 11:04:03 | DEBUG    | log:153 | [classify_query_intent] Classified: 'Các giao dịch nào hiện tại chư...' -> getTransactionList | Tra cứu g (score=3)
2025-12-31 11:04:03 | DEBUG    | log:153 | [normalize_query] 'Xem danh sách giao dịch pending có số ti...' -> 'Xem danh sách giao dịch pending có số ti...'
2025-12-31 11:04:03 | DEBUG    | log:153 | [perform_hybrid_search] query_text: [Xem danh sách giao dịch pending có số tiền trên 100 triệu] - formatted_query: [Xem danh sách giao dịch pending có số tiền trên 100 triệu] - normalized_query: [Xem danh sách giao dịch pending có số tiền trên 100 triệu]
2025-12-31 11:04:03 | DEBUG    | log:153 | [perform_hybrid_search] BM25 raw scores: min=12.8874, max=32.6833
2025-12-31 11:04:03 | DEBUG    | log:153 | [get_keyword_boost] Query: 'Xem danh sách giao dịch pendin...' | Doc: getTransactionList | | Boost: 0.25 | Matched: ['pending']
2025-12-31 11:04:03 | DEBUG    | log:153 | [get_keyword_boost] Query: 'Xem danh sách giao dịch pendin...' | Doc: getTransactionList | | Boost: 0.25 | Matched: ['pending']
2025-12-31 11:04:03 | DEBUG    | log:153 | [get_keyword_boost] Query: 'Xem danh sách giao dịch pendin...' | Doc: getTransactionList | | Boost: 0.25 | Matched: ['pending']
2025-12-31 11:04:03 | DEBUG    | log:153 | [get_keyword_boost] Query: 'Xem danh sách giao dịch pendin...' | Doc: getTransactionList | | Boost: 0.25 | Matched: ['pending']
2025-12-31 11:04:03 | DEBUG    | log:153 | [get_keyword_boost] Query: 'Xem danh sách giao dịch pendin...' | Doc: getTransactionList | | Boost: 1.00 | Matched: ['pending', 'số tiền', 'trên']
2025-12-31 11:04:03 | DEBUG    | log:153 | [classify_query_intent] Classified: 'Xem danh sách giao dịch pendin...' -> getTransactionList | Tra cứu g (score=4)
2025-12-31 11:04:03 | DEBUG    | log:153 | [normalize_query] 'Hiển thị toàn bộ giao dịch chưa phê duyệ...' -> 'Hiển thị toàn bộ giao dịch chưa phê duyệ...'
2025-12-31 11:04:03 | DEBUG    | log:153 | [perform_hybrid_search] query_text: [Hiển thị toàn bộ giao dịch chưa phê duyệt với hạn mức trên 500 triệu] - formatted_query: [Hiển thị toàn bộ giao dịch chưa phê duyệt với hạn mức trên 500 triệu] - normalized_query: [Hiển thị toàn bộ giao dịch chưa phê duyệt với hạn mức trên 500 triệu]
2025-12-31 11:04:03 | DEBUG    | log:153 | [perform_hybrid_search] BM25 raw scores: min=24.9196, max=56.3615
2025-12-31 11:04:03 | DEBUG    | log:153 | [get_keyword_boost] Query: 'Hiển thị toàn bộ giao dịch chư...' | Doc: getTransactionList | | Boost: 0.25 | Matched: ['toàn bộ']
2025-12-31 11:04:03 | DEBUG    | log:153 | [get_keyword_boost] Query: 'Hiển thị toàn bộ giao dịch chư...' | Doc: getTransactionList | | Boost: 0.75 | Matched: ['hạn mức', 'trên', 'triệu']
2025-12-31 11:04:03 | DEBUG    | log:153 | [classify_query_intent] Classified: 'Hiển thị toàn bộ giao dịch chư...' -> getTransactionList | Tra cứu g (score=3)
2025-12-31 11:04:03 | DEBUG    | log:153 | [normalize_query] 'Có giao dịch nào đang bị treo với số tiề...' -> 'Có giao dịch nào đang bị treo với số tiề...'
2025-12-31 11:04:03 | DEBUG    | log:153 | [perform_hybrid_search] query_text: [Có giao dịch nào đang bị treo với số tiền trên 500 triệu không] - formatted_query: [Có giao dịch nào đang bị treo với số tiền trên 500 triệu không] - normalized_query: [Có giao dịch nào đang bị treo với số tiền trên 500 triệu không]
2025-12-31 11:04:03 | DEBUG    | log:153 | [perform_hybrid_search] BM25 raw scores: min=15.1191, max=41.3045
2025-12-31 11:04:03 | DEBUG    | log:153 | [get_keyword_boost] Query: 'Có giao dịch nào đang bị treo ...' | Doc: getTransactionList | | Boost: 0.75 | Matched: ['số tiền', 'trên', 'triệu']
2025-12-31 11:04:03 | DEBUG    | log:153 | [classify_query_intent] Classified: 'Có giao dịch nào đang bị treo ...' -> getTransactionList | Tra cứu g (score=3)
2025-12-31 11:04:03 | DEBUG    | log:153 | [normalize_query] 'Cho tôi xem các giao dịch chưa xử lý trê...' -> 'Cho tôi xem các giao dịch chưa xử lý trê...'
2025-12-31 11:04:03 | DEBUG    | log:153 | [perform_hybrid_search] query_text: [Cho tôi xem các giao dịch chưa xử lý trên 20 triệu] - formatted_query: [Cho tôi xem các giao dịch chưa xử lý trên 20 triệu] - normalized_query: [Cho tôi xem các giao dịch chưa xử lý trên 20 triệu]
2025-12-31 11:04:03 | DEBUG    | log:153 | [perform_hybrid_search] BM25 raw scores: min=6.3474, max=21.0324
2025-12-31 11:04:03 | DEBUG    | log:153 | [get_keyword_boost] Query: 'Cho tôi xem các giao dịch chưa...' | Doc: getTransactionList | | Boost: 0.50 | Matched: ['trên', 'triệu']
2025-12-31 11:04:03 | DEBUG    | log:153 | [classify_query_intent] Classified: 'Cho tôi xem các giao dịch chưa...' -> getTransactionList | Tra cứu g (score=2)
2025-12-31 11:04:03 | DEBUG    | log:153 | [normalize_query] 'Liệt kê tất cả giao dịch cần duyệt có gi...' -> 'Liệt kê tất cả giao dịch cần duyệt có gi...'
2025-12-31 11:04:03 | DEBUG    | log:153 | [perform_hybrid_search] query_text: [Liệt kê tất cả giao dịch cần duyệt có giá trị cao trên 500 triệu] - formatted_query: [Liệt kê tất cả giao dịch cần duyệt có giá trị cao trên 500 triệu] - normalized_query: [Liệt kê tất cả giao dịch cần duyệt có giá trị cao trên 500 triệu]
2025-12-31 11:04:03 | DEBUG    | log:153 | [perform_hybrid_search] BM25 raw scores: min=22.0504, max=60.2302
2025-12-31 11:04:03 | DEBUG    | log:153 | [get_keyword_boost] Query: 'Liệt kê tất cả giao dịch cần d...' | Doc: getTransactionList | | Boost: 0.50 | Matched: ['cần duyệt', 'tất cả']
2025-12-31 11:04:03 | DEBUG    | log:153 | [get_keyword_boost] Query: 'Liệt kê tất cả giao dịch cần d...' | Doc: getTransactionList | | Boost: 1.00 | Matched: ['giá trị', 'trên', 'triệu']
2025-12-31 11:04:03 | DEBUG    | log:153 | [classify_query_intent] Classified: 'Liệt kê tất cả giao dịch cần d...' -> getTransactionList | Tra cứu g (score=4)
2025-12-31 11:04:03 | INFO     | log:151 | [search_batch_stream] Completed in 2.57s, avg 0.026s/row, saved to quick-test_192-168-40-86_20251231_110401.xlsx
2025-12-31 11:05:23 | INFO     | log:151 | [search_batch_stream] Batch stream search from: quick-test.xlsx
2025-12-31 11:05:23 | DEBUG    | log:153 | [get_tables] Getting tables...
2025-12-31 11:05:23 | DEBUG    | log:153 | [get_tables] Returning cached tables
2025-12-31 11:05:23 | DEBUG    | log:153 | [normalize_query] 'Cho tôi xem danh sách các giao dịch đang...' -> 'Cho tôi xem danh sách các giao dịch đang...'
2025-12-31 11:05:23 | DEBUG    | log:153 | [perform_hybrid_search] query_text: [Cho tôi xem danh sách các giao dịch đang chờ duyệt] - formatted_query: [Cho tôi xem danh sách các giao dịch đang chờ duyệt] - normalized_query: [Cho tôi xem danh sách các giao dịch đang chờ duyệt]
2025-12-31 11:05:23 | DEBUG    | log:153 | [perform_hybrid_search] BM25 raw scores: min=12.8074, max=20.3508
2025-12-31 11:05:23 | DEBUG    | log:153 | [get_keyword_boost] Query: 'Cho tôi xem danh sách các giao...' | Doc: getTransactionList | | Boost: 0.50 | Matched: ['chờ duyệt', 'đang chờ']
2025-12-31 11:05:23 | DEBUG    | log:153 | [get_keyword_boost] Query: 'Cho tôi xem danh sách các giao...' | Doc: getTransactionList | | Boost: 0.25 | Matched: ['chờ duyệt']
2025-12-31 11:05:23 | DEBUG    | log:153 | [get_keyword_boost] Query: 'Cho tôi xem danh sách các giao...' | Doc: getTransactionList | | Boost: 0.25 | Matched: ['chờ duyệt']
2025-12-31 11:05:23 | DEBUG    | log:153 | [get_keyword_boost] Query: 'Cho tôi xem danh sách các giao...' | Doc: getTransactionList | | Boost: 0.25 | Matched: ['chờ duyệt']
2025-12-31 11:05:23 | DEBUG    | log:153 | [get_keyword_boost] Query: 'Cho tôi xem danh sách các giao...' | Doc: getTransactionList | | Boost: 0.25 | Matched: ['chờ duyệt']
2025-12-31 11:05:23 | DEBUG    | log:153 | [classify_query_intent] Classified: 'Cho tôi xem danh sách các giao...' -> getTransactionList | Tra cứu g (score=2)
2025-12-31 11:05:23 | DEBUG    | log:153 | [normalize_query] 'Liệt kê toàn bộ giao dịch đang pending...' -> 'Liệt kê toàn bộ giao dịch đang pending...'
2025-12-31 11:05:23 | DEBUG    | log:153 | [perform_hybrid_search] query_text: [Liệt kê toàn bộ giao dịch đang pending] - formatted_query: [Liệt kê toàn bộ giao dịch đang pending] - normalized_query: [Liệt kê toàn bộ giao dịch đang pending]
2025-12-31 11:05:23 | DEBUG    | log:153 | [perform_hybrid_search] BM25 raw scores: min=16.7761, max=26.4459
2025-12-31 11:05:23 | DEBUG    | log:153 | [get_keyword_boost] Query: 'Liệt kê toàn bộ giao dịch đang...' | Doc: getTransactionList | | Boost: 0.50 | Matched: ['pending', 'toàn bộ']
2025-12-31 11:05:23 | DEBUG    | log:153 | [get_keyword_boost] Query: 'Liệt kê toàn bộ giao dịch đang...' | Doc: getTransactionList | | Boost: 0.25 | Matched: ['pending']
2025-12-31 11:05:23 | DEBUG    | log:153 | [get_keyword_boost] Query: 'Liệt kê toàn bộ giao dịch đang...' | Doc: getTransactionList | | Boost: 0.25 | Matched: ['pending']
2025-12-31 11:05:23 | DEBUG    | log:153 | [get_keyword_boost] Query: 'Liệt kê toàn bộ giao dịch đang...' | Doc: getTransactionList | | Boost: 0.25 | Matched: ['pending']
2025-12-31 11:05:23 | DEBUG    | log:153 | [get_keyword_boost] Query: 'Liệt kê toàn bộ giao dịch đang...' | Doc: getTransactionList | | Boost: 0.25 | Matched: ['pending']
2025-12-31 11:05:23 | DEBUG    | log:153 | [classify_query_intent] Classified: 'Liệt kê toàn bộ giao dịch đang...' -> getTransactionList | Tra cứu g (score=2)
2025-12-31 11:05:23 | DEBUG    | log:153 | [normalize_query] 'Có giao dịch nào đang chờ xử lý không?...' -> 'Có giao dịch nào đang chờ xử lý không...'
2025-12-31 11:05:23 | DEBUG    | log:153 | [perform_hybrid_search] query_text: [Có giao dịch nào đang chờ xử lý không?] - formatted_query: [Có giao dịch nào đang chờ xử lý không] - normalized_query: [Có giao dịch nào đang chờ xử lý không]
2025-12-31 11:05:23 | DEBUG    | log:153 | [perform_hybrid_search] BM25 raw scores: min=14.9891, max=22.9459
2025-12-31 11:05:23 | DEBUG    | log:153 | [get_keyword_boost] Query: 'Có giao dịch nào đang chờ xử l...' | Doc: getTransactionList | | Boost: 0.50 | Matched: ['chờ xử lý', 'đang chờ']
2025-12-31 11:05:23 | DEBUG    | log:153 | [get_keyword_boost] Query: 'Có giao dịch nào đang chờ xử l...' | Doc: getTransactionList | | Boost: 0.25 | Matched: ['chờ xử lý']
2025-12-31 11:05:23 | DEBUG    | log:153 | [get_keyword_boost] Query: 'Có giao dịch nào đang chờ xử l...' | Doc: getTransactionList | | Boost: 0.25 | Matched: ['chờ xử lý']
2025-12-31 11:05:23 | DEBUG    | log:153 | [get_keyword_boost] Query: 'Có giao dịch nào đang chờ xử l...' | Doc: getTransactionList | | Boost: 0.25 | Matched: ['chờ xử lý']
2025-12-31 11:05:23 | DEBUG    | log:153 | [get_keyword_boost] Query: 'Có giao dịch nào đang chờ xử l...' | Doc: getTransactionList | | Boost: 0.25 | Matched: ['chờ xử lý']
2025-12-31 11:05:23 | DEBUG    | log:153 | [classify_query_intent] Classified: 'Có giao dịch nào đang chờ xử l...' -> getTransactionList | Tra cứu g (score=2)
2025-12-31 11:05:23 | DEBUG    | log:153 | [normalize_query] 'Hiển thị các giao dịch chưa được phê duy...' -> 'Hiển thị các giao dịch chưa được phê duy...'
2025-12-31 11:05:23 | DEBUG    | log:153 | [perform_hybrid_search] query_text: [Hiển thị các giao dịch chưa được phê duyệt] - formatted_query: [Hiển thị các giao dịch chưa được phê duyệt] - normalized_query: [Hiển thị các giao dịch chưa được phê duyệt]
2025-12-31 11:05:23 | DEBUG    | log:153 | [perform_hybrid_search] BM25 raw scores: min=12.0412, max=20.1232
2025-12-31 11:05:23 | DEBUG    | log:153 | [get_keyword_boost] Query: 'Hiển thị các giao dịch chưa đư...' | Doc: getTransactionList | | Boost: 0.25 | Matched: ['chưa được phê duyệt']
2025-12-31 11:05:23 | DEBUG    | log:153 | [classify_query_intent] Classified: 'Hiển thị các giao dịch chưa đư...' -> getTransactionList | Tra cứu g (score=1)
2025-12-31 11:05:23 | DEBUG    | log:153 | [normalize_query] 'Tôi muốn xem tất cả giao dịch đang ở trạ...' -> 'Tôi muốn xem tất cả giao dịch đang ở trạ...'
2025-12-31 11:05:23 | DEBUG    | log:153 | [perform_hybrid_search] query_text: [Tôi muốn xem tất cả giao dịch đang ở trạng thái pending] - formatted_query: [Tôi muốn xem tất cả giao dịch đang ở trạng thái pending] - normalized_query: [Tôi muốn xem tất cả giao dịch đang ở trạng thái pending]
2025-12-31 11:05:23 | DEBUG    | log:153 | [perform_hybrid_search] BM25 raw scores: min=15.4511, max=34.8117
2025-12-31 11:05:23 | DEBUG    | log:153 | [get_keyword_boost] Query: 'Tôi muốn xem tất cả giao dịch ...' | Doc: getTransactionList | | Boost: 0.50 | Matched: ['pending', 'tất cả']
2025-12-31 11:05:23 | DEBUG    | log:153 | [get_keyword_boost] Query: 'Tôi muốn xem tất cả giao dịch ...' | Doc: getTransactionList | | Boost: 0.25 | Matched: ['pending']
2025-12-31 11:05:23 | DEBUG    | log:153 | [get_keyword_boost] Query: 'Tôi muốn xem tất cả giao dịch ...' | Doc: getTransactionList | | Boost: 0.25 | Matched: ['pending']
2025-12-31 11:05:23 | DEBUG    | log:153 | [get_keyword_boost] Query: 'Tôi muốn xem tất cả giao dịch ...' | Doc: getTransactionList | | Boost: 0.25 | Matched: ['pending']
2025-12-31 11:05:23 | DEBUG    | log:153 | [get_keyword_boost] Query: 'Tôi muốn xem tất cả giao dịch ...' | Doc: getTransactionList | | Boost: 0.25 | Matched: ['pending']
2025-12-31 11:05:23 | DEBUG    | log:153 | [classify_query_intent] Classified: 'Tôi muốn xem tất cả giao dịch ...' -> getTransactionList | Tra cứu g (score=2)
2025-12-31 11:05:23 | DEBUG    | log:153 | [normalize_query] 'Các giao dịch nào chưa được duyệt?...' -> 'Các giao dịch nào chưa được duyệt...'
2025-12-31 11:05:23 | DEBUG    | log:153 | [perform_hybrid_search] query_text: [Các giao dịch nào chưa được duyệt?] - formatted_query: [Các giao dịch nào chưa được duyệt] - normalized_query: [Các giao dịch nào chưa được duyệt]
2025-12-31 11:05:23 | DEBUG    | log:153 | [perform_hybrid_search] BM25 raw scores: min=13.0984, max=16.3179
2025-12-31 11:05:23 | DEBUG    | log:153 | [get_keyword_boost] Query: 'Các giao dịch nào chưa được du...' | Doc: getTransactionList | | Boost: 0.25 | Matched: ['chưa được duyệt']
2025-12-31 11:05:23 | DEBUG    | log:153 | [classify_query_intent] Classified: 'Các giao dịch nào chưa được du...' -> getTransactionList | Tra cứu g (score=1)
2025-12-31 11:05:23 | DEBUG    | log:153 | [normalize_query] 'Cho biết danh sách giao dịch cần checker...' -> 'Cho biết danh sách giao dịch cần checker...'
2025-12-31 11:05:23 | DEBUG    | log:153 | [perform_hybrid_search] query_text: [Cho biết danh sách giao dịch cần checker phê duyệt] - formatted_query: [Cho biết danh sách giao dịch cần checker phê duyệt] - normalized_query: [Cho biết danh sách giao dịch cần checker phê duyệt]
2025-12-31 11:05:23 | DEBUG    | log:153 | [perform_hybrid_search] BM25 raw scores: min=11.1299, max=25.1942
2025-12-31 11:05:23 | DEBUG    | log:153 | [classify_query_intent] No keyword matches found in: 'Cho biết danh sách giao dịch cần checker phê duyệt'
2025-12-31 11:05:23 | DEBUG    | log:153 | [normalize_query] 'Liệt kê các giao dịch đang chờ xử lý tro...' -> 'Liệt kê các giao dịch đang chờ xử lý tro...'
2025-12-31 11:05:23 | DEBUG    | log:153 | [perform_hybrid_search] query_text: [Liệt kê các giao dịch đang chờ xử lý trong hệ thống] - formatted_query: [Liệt kê các giao dịch đang chờ xử lý trong hệ thống] - normalized_query: [Liệt kê các giao dịch đang chờ xử lý trong hệ thống]
2025-12-31 11:05:23 | DEBUG    | log:153 | [perform_hybrid_search] BM25 raw scores: min=11.3204, max=21.3618
2025-12-31 11:05:23 | DEBUG    | log:153 | [get_keyword_boost] Query: 'Liệt kê các giao dịch đang chờ...' | Doc: getTransactionList | | Boost: 0.50 | Matched: ['chờ xử lý', 'đang chờ']
2025-12-31 11:05:23 | DEBUG    | log:153 | [get_keyword_boost] Query: 'Liệt kê các giao dịch đang chờ...' | Doc: getTransactionList | | Boost: 0.25 | Matched: ['chờ xử lý']
2025-12-31 11:05:23 | DEBUG    | log:153 | [get_keyword_boost] Query: 'Liệt kê các giao dịch đang chờ...' | Doc: getTransactionList | | Boost: 0.50 | Matched: ['chờ xử lý', 'trong']
2025-12-31 11:05:23 | DEBUG    | log:153 | [get_keyword_boost] Query: 'Liệt kê các giao dịch đang chờ...' | Doc: getTransactionList | | Boost: 0.25 | Matched: ['chờ xử lý']
2025-12-31 11:05:23 | DEBUG    | log:153 | [get_keyword_boost] Query: 'Liệt kê các giao dịch đang chờ...' | Doc: getTransactionList | | Boost: 0.25 | Matched: ['chờ xử lý']
2025-12-31 11:05:23 | DEBUG    | log:153 | [classify_query_intent] Ambiguous: 'Liệt kê các giao dịch đang chờ...' | Scores: {'getTransactionList | Tra cứu giao dịch đang chờ xử lý hoặc chờ duyệt': 2, 'getTransactionList | Tra cứu giao dịch chờ duyệt theo số tài khoản nguồn': 1, 'getTransactionList | Tra cứu giao dịch chờ duyệt theo khoảng thời gian': 2, 'getTransactionList | Tra cứu giao dịch chờ duyệt theo loại giao dịch': 1, 'getTransactionList | Tra cứu giao dịch chờ duyệt theo số tiền hoặc hạn mức': 1}
2025-12-31 11:05:23 | DEBUG    | log:153 | [normalize_query] 'Xem toàn bộ giao dịch chưa hoàn tất...' -> 'Xem toàn bộ giao dịch chưa hoàn tất...'
2025-12-31 11:05:23 | DEBUG    | log:153 | [perform_hybrid_search] query_text: [Xem toàn bộ giao dịch chưa hoàn tất] - formatted_query: [Xem toàn bộ giao dịch chưa hoàn tất] - normalized_query: [Xem toàn bộ giao dịch chưa hoàn tất]
2025-12-31 11:05:23 | DEBUG    | log:153 | [perform_hybrid_search] BM25 raw scores: min=21.7773, max=31.3413
2025-12-31 11:05:23 | DEBUG    | log:153 | [get_keyword_boost] Query: 'Xem toàn bộ giao dịch chưa hoà...' | Doc: getTransactionList | | Boost: 0.25 | Matched: ['toàn bộ']
2025-12-31 11:05:23 | DEBUG    | log:153 | [classify_query_intent] Classified: 'Xem toàn bộ giao dịch chưa hoà...' -> getTransactionList | Tra cứu g (score=1)
2025-12-31 11:05:23 | DEBUG    | log:153 | [normalize_query] 'Có giao dịch nào đang ở trạng thái “chờ ...' -> 'Có giao dịch nào đang ở trạng thái “chờ ...'
2025-12-31 11:05:23 | DEBUG    | log:153 | [perform_hybrid_search] query_text: [Có giao dịch nào đang ở trạng thái “chờ duyệt” không?] - formatted_query: [Có giao dịch nào đang ở trạng thái “chờ duyệt” không] - normalized_query: [Có giao dịch nào đang ở trạng thái “chờ duyệt” không]
2025-12-31 11:05:23 | DEBUG    | log:153 | [perform_hybrid_search] BM25 raw scores: min=15.4659, max=29.6700
2025-12-31 11:05:23 | DEBUG    | log:153 | [get_keyword_boost] Query: 'Có giao dịch nào đang ở trạng ...' | Doc: getTransactionList | | Boost: 0.25 | Matched: ['chờ duyệt']
2025-12-31 11:05:23 | DEBUG    | log:153 | [get_keyword_boost] Query: 'Có giao dịch nào đang ở trạng ...' | Doc: getTransactionList | | Boost: 0.25 | Matched: ['chờ duyệt']
2025-12-31 11:05:23 | DEBUG    | log:153 | [get_keyword_boost] Query: 'Có giao dịch nào đang ở trạng ...' | Doc: getTransactionList | | Boost: 0.25 | Matched: ['chờ duyệt']
2025-12-31 11:05:23 | DEBUG    | log:153 | [get_keyword_boost] Query: 'Có giao dịch nào đang ở trạng ...' | Doc: getTransactionList | | Boost: 0.25 | Matched: ['chờ duyệt']
2025-12-31 11:05:23 | DEBUG    | log:153 | [get_keyword_boost] Query: 'Có giao dịch nào đang ở trạng ...' | Doc: getTransactionList | | Boost: 0.25 | Matched: ['chờ duyệt']
2025-12-31 11:05:23 | DEBUG    | log:153 | [classify_query_intent] Ambiguous: 'Có giao dịch nào đang ở trạng ...' | Scores: {'getTransactionList | Tra cứu giao dịch đang chờ xử lý hoặc chờ duyệt': 1, 'getTransactionList | Tra cứu giao dịch chờ duyệt theo số tài khoản nguồn': 1, 'getTransactionList | Tra cứu giao dịch chờ duyệt theo khoảng thời gian': 1, 'getTransactionList | Tra cứu giao dịch chờ duyệt theo loại giao dịch': 1, 'getTransactionList | Tra cứu giao dịch chờ duyệt theo số tiền hoặc hạn mức': 1}
2025-12-31 11:05:23 | DEBUG    | log:153 | [normalize_query] 'Hiển thị danh sách các giao dịch chưa đư...' -> 'Hiển thị danh sách các giao dịch chưa đư...'
2025-12-31 11:05:23 | DEBUG    | log:153 | [perform_hybrid_search] query_text: [Hiển thị danh sách các giao dịch chưa được xử lý] - formatted_query: [Hiển thị danh sách các giao dịch chưa được xử lý] - normalized_query: [Hiển thị danh sách các giao dịch chưa được xử lý]
2025-12-31 11:05:23 | DEBUG    | log:153 | [perform_hybrid_search] BM25 raw scores: min=18.9152, max=28.9317
2025-12-31 11:05:23 | DEBUG    | log:153 | [classify_query_intent] No keyword matches found in: 'Hiển thị danh sách các giao dịch chưa được xử lý'
2025-12-31 11:05:23 | DEBUG    | log:153 | [normalize_query] 'Tôi muốn kiểm tra các giao dịch đang pen...' -> 'Tôi muốn kiểm tra các giao dịch đang pen...'
2025-12-31 11:05:23 | DEBUG    | log:153 | [perform_hybrid_search] query_text: [Tôi muốn kiểm tra các giao dịch đang pending] - formatted_query: [Tôi muốn kiểm tra các giao dịch đang pending] - normalized_query: [Tôi muốn kiểm tra các giao dịch đang pending]
2025-12-31 11:05:23 | DEBUG    | log:153 | [perform_hybrid_search] BM25 raw scores: min=9.2113, max=12.5564
2025-12-31 11:05:23 | DEBUG    | log:153 | [get_keyword_boost] Query: 'Tôi muốn kiểm tra các giao dịc...' | Doc: getTransactionList | | Boost: 0.25 | Matched: ['pending']
2025-12-31 11:05:23 | DEBUG    | log:153 | [get_keyword_boost] Query: 'Tôi muốn kiểm tra các giao dịc...' | Doc: getTransactionList | | Boost: 0.25 | Matched: ['pending']
2025-12-31 11:05:23 | DEBUG    | log:153 | [get_keyword_boost] Query: 'Tôi muốn kiểm tra các giao dịc...' | Doc: getTransactionList | | Boost: 0.25 | Matched: ['pending']
2025-12-31 11:05:23 | DEBUG    | log:153 | [get_keyword_boost] Query: 'Tôi muốn kiểm tra các giao dịc...' | Doc: getTransactionList | | Boost: 0.25 | Matched: ['pending']
2025-12-31 11:05:23 | DEBUG    | log:153 | [get_keyword_boost] Query: 'Tôi muốn kiểm tra các giao dịc...' | Doc: getTransactionList | | Boost: 0.25 | Matched: ['pending']
2025-12-31 11:05:23 | DEBUG    | log:153 | [classify_query_intent] Ambiguous: 'Tôi muốn kiểm tra các giao dịc...' | Scores: {'getTransactionList | Tra cứu giao dịch đang chờ xử lý hoặc chờ duyệt': 1, 'getTransactionList | Tra cứu giao dịch chờ duyệt theo số tài khoản nguồn': 1, 'getTransactionList | Tra cứu giao dịch chờ duyệt theo khoảng thời gian': 1, 'getTransactionList | Tra cứu giao dịch chờ duyệt theo loại giao dịch': 1, 'getTransactionList | Tra cứu giao dịch chờ duyệt theo số tiền hoặc hạn mức': 1}
2025-12-31 11:05:23 | DEBUG    | log:153 | [normalize_query] 'Cho tôi biết những giao dịch nào chưa đư...' -> 'Cho tôi biết những giao dịch nào chưa đư...'
2025-12-31 11:05:23 | DEBUG    | log:153 | [perform_hybrid_search] query_text: [Cho tôi biết những giao dịch nào chưa được duyệt] - formatted_query: [Cho tôi biết những giao dịch nào chưa được duyệt] - normalized_query: [Cho tôi biết những giao dịch nào chưa được duyệt]
2025-12-31 11:05:23 | DEBUG    | log:153 | [perform_hybrid_search] BM25 raw scores: min=16.9430, max=20.2726
2025-12-31 11:05:23 | DEBUG    | log:153 | [get_keyword_boost] Query: 'Cho tôi biết những giao dịch n...' | Doc: getTransactionList | | Boost: 0.25 | Matched: ['chưa được duyệt']
2025-12-31 11:05:23 | DEBUG    | log:153 | [classify_query_intent] Classified: 'Cho tôi biết những giao dịch n...' -> getTransactionList | Tra cứu g (score=1)
2025-12-31 11:05:23 | DEBUG    | log:153 | [normalize_query] 'Liệt kê các lệnh đang chờ phê duyệt...' -> 'Liệt kê các lệnh đang chờ phê duyệt...'
2025-12-31 11:05:23 | DEBUG    | log:153 | [perform_hybrid_search] query_text: [Liệt kê các lệnh đang chờ phê duyệt] - formatted_query: [Liệt kê các lệnh đang chờ phê duyệt] - normalized_query: [Liệt kê các lệnh đang chờ phê duyệt]
2025-12-31 11:05:23 | DEBUG    | log:153 | [perform_hybrid_search] BM25 raw scores: min=11.2497, max=16.6063
2025-12-31 11:05:23 | DEBUG    | log:153 | [get_keyword_boost] Query: 'Liệt kê các lệnh đang chờ phê ...' | Doc: getTransactionList | | Boost: 0.50 | Matched: ['chờ phê duyệt', 'đang chờ']
2025-12-31 11:05:23 | DEBUG    | log:153 | [classify_query_intent] Classified: 'Liệt kê các lệnh đang chờ phê ...' -> getTransactionList | Tra cứu g (score=2)
2025-12-31 11:05:23 | DEBUG    | log:153 | [normalize_query] 'Các giao dịch nào hiện tại chưa hoàn tất...' -> 'Các giao dịch nào hiện tại chưa hoàn tất...'
2025-12-31 11:05:23 | DEBUG    | log:153 | [perform_hybrid_search] query_text: [Các giao dịch nào hiện tại chưa hoàn tất?] - formatted_query: [Các giao dịch nào hiện tại chưa hoàn tất] - normalized_query: [Các giao dịch nào hiện tại chưa hoàn tất]
2025-12-31 11:05:23 | DEBUG    | log:153 | [perform_hybrid_search] BM25 raw scores: min=17.4586, max=26.1556
2025-12-31 11:05:23 | DEBUG    | log:153 | [classify_query_intent] No keyword matches found in: 'Các giao dịch nào hiện tại chưa hoàn tất'
2025-12-31 11:05:23 | DEBUG    | log:153 | [normalize_query] 'Xem danh sách giao dịch đang chờ xử lý...' -> 'Xem danh sách giao dịch đang chờ xử lý...'
2025-12-31 11:05:23 | DEBUG    | log:153 | [perform_hybrid_search] query_text: [Xem danh sách giao dịch đang chờ xử lý] - formatted_query: [Xem danh sách giao dịch đang chờ xử lý] - normalized_query: [Xem danh sách giao dịch đang chờ xử lý]
2025-12-31 11:05:23 | DEBUG    | log:153 | [perform_hybrid_search] BM25 raw scores: min=12.6036, max=20.2531
2025-12-31 11:05:23 | DEBUG    | log:153 | [get_keyword_boost] Query: 'Xem danh sách giao dịch đang c...' | Doc: getTransactionList | | Boost: 0.50 | Matched: ['chờ xử lý', 'đang chờ']
2025-12-31 11:05:23 | DEBUG    | log:153 | [get_keyword_boost] Query: 'Xem danh sách giao dịch đang c...' | Doc: getTransactionList | | Boost: 0.25 | Matched: ['chờ xử lý']
2025-12-31 11:05:23 | DEBUG    | log:153 | [get_keyword_boost] Query: 'Xem danh sách giao dịch đang c...' | Doc: getTransactionList | | Boost: 0.25 | Matched: ['chờ xử lý']
2025-12-31 11:05:23 | DEBUG    | log:153 | [get_keyword_boost] Query: 'Xem danh sách giao dịch đang c...' | Doc: getTransactionList | | Boost: 0.25 | Matched: ['chờ xử lý']
2025-12-31 11:05:23 | DEBUG    | log:153 | [get_keyword_boost] Query: 'Xem danh sách giao dịch đang c...' | Doc: getTransactionList | | Boost: 0.25 | Matched: ['chờ xử lý']
2025-12-31 11:05:23 | DEBUG    | log:153 | [classify_query_intent] Classified: 'Xem danh sách giao dịch đang c...' -> getTransactionList | Tra cứu g (score=2)
2025-12-31 11:05:23 | DEBUG    | log:153 | [normalize_query] 'Hiển thị toàn bộ giao dịch chưa được phê...' -> 'Hiển thị toàn bộ giao dịch chưa được phê...'
2025-12-31 11:05:23 | DEBUG    | log:153 | [perform_hybrid_search] query_text: [Hiển thị toàn bộ giao dịch chưa được phê duyệt] - formatted_query: [Hiển thị toàn bộ giao dịch chưa được phê duyệt] - normalized_query: [Hiển thị toàn bộ giao dịch chưa được phê duyệt]
2025-12-31 11:05:23 | DEBUG    | log:153 | [perform_hybrid_search] BM25 raw scores: min=24.9196, max=31.9145
2025-12-31 11:05:23 | DEBUG    | log:153 | [get_keyword_boost] Query: 'Hiển thị toàn bộ giao dịch chư...' | Doc: getTransactionList | | Boost: 0.50 | Matched: ['chưa được phê duyệt', 'toàn bộ']
2025-12-31 11:05:23 | DEBUG    | log:153 | [classify_query_intent] Classified: 'Hiển thị toàn bộ giao dịch chư...' -> getTransactionList | Tra cứu g (score=2)
2025-12-31 11:05:23 | DEBUG    | log:153 | [normalize_query] 'Có giao dịch nào đang bị treo không?...' -> 'Có giao dịch nào đang bị treo không...'
2025-12-31 11:05:23 | DEBUG    | log:153 | [perform_hybrid_search] query_text: [Có giao dịch nào đang bị treo không?] - formatted_query: [Có giao dịch nào đang bị treo không] - normalized_query: [Có giao dịch nào đang bị treo không]
2025-12-31 11:05:23 | DEBUG    | log:153 | [perform_hybrid_search] BM25 raw scores: min=16.3365, max=22.4007
2025-12-31 11:05:23 | DEBUG    | log:153 | [classify_query_intent] No keyword matches found in: 'Có giao dịch nào đang bị treo không'
2025-12-31 11:05:23 | DEBUG    | log:153 | [normalize_query] 'Cho tôi xem các giao dịch đang ở trạng t...' -> 'Cho tôi xem các giao dịch đang ở trạng t...'
2025-12-31 11:05:23 | DEBUG    | log:153 | [perform_hybrid_search] query_text: [Cho tôi xem các giao dịch đang ở trạng thái pending] - formatted_query: [Cho tôi xem các giao dịch đang ở trạng thái pending] - normalized_query: [Cho tôi xem các giao dịch đang ở trạng thái pending]
2025-12-31 11:05:23 | DEBUG    | log:153 | [perform_hybrid_search] BM25 raw scores: min=5.8383, max=16.7521
2025-12-31 11:05:23 | DEBUG    | log:153 | [get_keyword_boost] Query: 'Cho tôi xem các giao dịch đang...' | Doc: getTransactionList | | Boost: 0.25 | Matched: ['pending']
2025-12-31 11:05:23 | DEBUG    | log:153 | [get_keyword_boost] Query: 'Cho tôi xem các giao dịch đang...' | Doc: getTransactionList | | Boost: 0.25 | Matched: ['pending']
2025-12-31 11:05:23 | DEBUG    | log:153 | [get_keyword_boost] Query: 'Cho tôi xem các giao dịch đang...' | Doc: getTransactionList | | Boost: 0.25 | Matched: ['pending']
2025-12-31 11:05:23 | DEBUG    | log:153 | [get_keyword_boost] Query: 'Cho tôi xem các giao dịch đang...' | Doc: getTransactionList | | Boost: 0.25 | Matched: ['pending']
2025-12-31 11:05:23 | DEBUG    | log:153 | [get_keyword_boost] Query: 'Cho tôi xem các giao dịch đang...' | Doc: getTransactionList | | Boost: 0.25 | Matched: ['pending']
2025-12-31 11:05:23 | DEBUG    | log:153 | [classify_query_intent] Ambiguous: 'Cho tôi xem các giao dịch đang...' | Scores: {'getTransactionList | Tra cứu giao dịch đang chờ xử lý hoặc chờ duyệt': 1, 'getTransactionList | Tra cứu giao dịch chờ duyệt theo số tài khoản nguồn': 1, 'getTransactionList | Tra cứu giao dịch chờ duyệt theo khoảng thời gian': 1, 'getTransactionList | Tra cứu giao dịch chờ duyệt theo loại giao dịch': 1, 'getTransactionList | Tra cứu giao dịch chờ duyệt theo số tiền hoặc hạn mức': 1}
2025-12-31 11:05:23 | DEBUG    | log:153 | [normalize_query] 'Liệt kê tất cả giao dịch cần duyệt trong...' -> 'Liệt kê tất cả giao dịch cần duyệt trong...'
2025-12-31 11:05:23 | DEBUG    | log:153 | [perform_hybrid_search] query_text: [Liệt kê tất cả giao dịch cần duyệt trong hệ thống] - formatted_query: [Liệt kê tất cả giao dịch cần duyệt trong hệ thống] - normalized_query: [Liệt kê tất cả giao dịch cần duyệt trong hệ thống]
2025-12-31 11:05:23 | DEBUG    | log:153 | [perform_hybrid_search] BM25 raw scores: min=21.8649, max=39.6056
2025-12-31 11:05:23 | DEBUG    | log:153 | [get_keyword_boost] Query: 'Liệt kê tất cả giao dịch cần d...' | Doc: getTransactionList | | Boost: 0.50 | Matched: ['cần duyệt', 'tất cả']
2025-12-31 11:05:23 | DEBUG    | log:153 | [get_keyword_boost] Query: 'Liệt kê tất cả giao dịch cần d...' | Doc: getTransactionList | | Boost: 0.25 | Matched: ['trong']
2025-12-31 11:05:23 | DEBUG    | log:153 | [classify_query_intent] Classified: 'Liệt kê tất cả giao dịch cần d...' -> getTransactionList | Tra cứu g (score=2)
2025-12-31 11:05:23 | DEBUG    | log:153 | [normalize_query] 'Cho tôi xem các giao dịch đang chờ duyệt...' -> 'Cho tôi xem các giao dịch đang chờ duyệt...'
2025-12-31 11:05:23 | DEBUG    | log:153 | [perform_hybrid_search] query_text: [Cho tôi xem các giao dịch đang chờ duyệt của tài khoản 0123456789] - formatted_query: [Cho tôi xem các giao dịch đang chờ duyệt của tài khoản 0123456789] - normalized_query: [Cho tôi xem các giao dịch đang chờ duyệt của tài khoản 0123456789]
2025-12-31 11:05:23 | DEBUG    | log:153 | [perform_hybrid_search] BM25 raw scores: min=6.4856, max=19.8306
2025-12-31 11:05:23 | DEBUG    | log:153 | [get_keyword_boost] Query: 'Cho tôi xem các giao dịch đang...' | Doc: getTransactionList | | Boost: 0.50 | Matched: ['chờ duyệt', 'đang chờ']
2025-12-31 11:05:23 | DEBUG    | log:153 | [get_keyword_boost] Query: 'Cho tôi xem các giao dịch đang...' | Doc: getTransactionList | | Boost: 0.75 | Matched: ['chờ duyệt', 'tài khoản', 'của tài khoản']
2025-12-31 11:05:23 | DEBUG    | log:153 | [get_keyword_boost] Query: 'Cho tôi xem các giao dịch đang...' | Doc: getTransactionList | | Boost: 0.25 | Matched: ['chờ duyệt']
2025-12-31 11:05:23 | DEBUG    | log:153 | [get_keyword_boost] Query: 'Cho tôi xem các giao dịch đang...' | Doc: getTransactionList | | Boost: 0.25 | Matched: ['chờ duyệt']
2025-12-31 11:05:23 | DEBUG    | log:153 | [get_keyword_boost] Query: 'Cho tôi xem các giao dịch đang...' | Doc: getTransactionList | | Boost: 0.25 | Matched: ['chờ duyệt']
2025-12-31 11:05:23 | DEBUG    | log:153 | [classify_query_intent] Classified: 'Cho tôi xem các giao dịch đang...' -> getTransactionList | Tra cứu g (score=3)
2025-12-31 11:05:23 | DEBUG    | log:153 | [normalize_query] 'Liệt kê giao dịch pending từ số tài khoả...' -> 'Liệt kê giao dịch pending từ số tài khoả...'
2025-12-31 11:05:23 | DEBUG    | log:153 | [perform_hybrid_search] query_text: [Liệt kê giao dịch pending từ số tài khoản 0123456789] - formatted_query: [Liệt kê giao dịch pending từ số tài khoản 0123456789] - normalized_query: [Liệt kê giao dịch pending từ số tài khoản 0123456789]
2025-12-31 11:05:23 | DEBUG    | log:153 | [perform_hybrid_search] BM25 raw scores: min=11.3945, max=33.0353
2025-12-31 11:05:23 | DEBUG    | log:153 | [get_keyword_boost] Query: 'Liệt kê giao dịch pending từ s...' | Doc: getTransactionList | | Boost: 0.25 | Matched: ['pending']
2025-12-31 11:05:23 | DEBUG    | log:153 | [get_keyword_boost] Query: 'Liệt kê giao dịch pending từ s...' | Doc: getTransactionList | | Boost: 0.75 | Matched: ['pending', 'tài khoản', 'số tài khoản']
2025-12-31 11:05:23 | DEBUG    | log:153 | [get_keyword_boost] Query: 'Liệt kê giao dịch pending từ s...' | Doc: getTransactionList | | Boost: 0.25 | Matched: ['pending']
2025-12-31 11:05:23 | DEBUG    | log:153 | [get_keyword_boost] Query: 'Liệt kê giao dịch pending từ s...' | Doc: getTransactionList | | Boost: 0.25 | Matched: ['pending']
2025-12-31 11:05:23 | DEBUG    | log:153 | [get_keyword_boost] Query: 'Liệt kê giao dịch pending từ s...' | Doc: getTransactionList | | Boost: 0.50 | Matched: ['pending', 'từ']
2025-12-31 11:05:23 | DEBUG    | log:153 | [classify_query_intent] Classified: 'Liệt kê giao dịch pending từ s...' -> getTransactionList | Tra cứu g (score=3)
2025-12-31 11:05:23 | DEBUG    | log:153 | [normalize_query] 'Tài khoản 0123456789 có lệnh nào chưa đư...' -> 'Tài khoản 0123456789 có lệnh nào chưa đư...'
2025-12-31 11:05:23 | DEBUG    | log:153 | [perform_hybrid_search] query_text: [Tài khoản 0123456789 có lệnh nào chưa được duyệt không] - formatted_query: [Tài khoản 0123456789 có lệnh nào chưa được duyệt không] - normalized_query: [Tài khoản 0123456789 có lệnh nào chưa được duyệt không]
2025-12-31 11:05:23 | DEBUG    | log:153 | [perform_hybrid_search] BM25 raw scores: min=12.4305, max=29.0040
2025-12-31 11:05:23 | DEBUG    | log:153 | [get_keyword_boost] Query: 'Tài khoản 0123456789 có lệnh n...' | Doc: getTransactionList | | Boost: 0.25 | Matched: ['chưa được duyệt']
2025-12-31 11:05:23 | DEBUG    | log:153 | [get_keyword_boost] Query: 'Tài khoản 0123456789 có lệnh n...' | Doc: getTransactionList | | Boost: 0.25 | Matched: ['tài khoản']
2025-12-31 11:05:23 | DEBUG    | log:153 | [classify_query_intent] Ambiguous: 'Tài khoản 0123456789 có lệnh n...' | Scores: {'getTransactionList | Tra cứu giao dịch đang chờ xử lý hoặc chờ duyệt': 1, 'getTransactionList | Tra cứu giao dịch chờ duyệt theo số tài khoản nguồn': 1}
2025-12-31 11:05:23 | DEBUG    | log:153 | [normalize_query] 'Hiển thị danh sách giao dịch chờ xử lý c...' -> 'Hiển thị danh sách giao dịch chờ xử lý c...'
2025-12-31 11:05:23 | DEBUG    | log:153 | [perform_hybrid_search] query_text: [Hiển thị danh sách giao dịch chờ xử lý của tài khoản 0123456789] - formatted_query: [Hiển thị danh sách giao dịch chờ xử lý của tài khoản 0123456789] - normalized_query: [Hiển thị danh sách giao dịch chờ xử lý của tài khoản 0123456789]
2025-12-31 11:05:23 | DEBUG    | log:153 | [perform_hybrid_search] BM25 raw scores: min=17.6328, max=34.6831
2025-12-31 11:05:23 | DEBUG    | log:153 | [get_keyword_boost] Query: 'Hiển thị danh sách giao dịch c...' | Doc: getTransactionList | | Boost: 0.25 | Matched: ['chờ xử lý']
2025-12-31 11:05:23 | DEBUG    | log:153 | [get_keyword_boost] Query: 'Hiển thị danh sách giao dịch c...' | Doc: getTransactionList | | Boost: 0.75 | Matched: ['chờ xử lý', 'tài khoản', 'của tài khoản']
2025-12-31 11:05:23 | DEBUG    | log:153 | [get_keyword_boost] Query: 'Hiển thị danh sách giao dịch c...' | Doc: getTransactionList | | Boost: 0.25 | Matched: ['chờ xử lý']
2025-12-31 11:05:23 | DEBUG    | log:153 | [get_keyword_boost] Query: 'Hiển thị danh sách giao dịch c...' | Doc: getTransactionList | | Boost: 0.25 | Matched: ['chờ xử lý']
2025-12-31 11:05:23 | DEBUG    | log:153 | [get_keyword_boost] Query: 'Hiển thị danh sách giao dịch c...' | Doc: getTransactionList | | Boost: 0.25 | Matched: ['chờ xử lý']
2025-12-31 11:05:23 | DEBUG    | log:153 | [classify_query_intent] Classified: 'Hiển thị danh sách giao dịch c...' -> getTransactionList | Tra cứu g (score=3)
2025-12-31 11:05:23 | DEBUG    | log:153 | [normalize_query] 'Tôi muốn kiểm tra các giao dịch chưa hoà...' -> 'Tôi muốn kiểm tra các giao dịch chưa hoà...'
2025-12-31 11:05:23 | DEBUG    | log:153 | [perform_hybrid_search] query_text: [Tôi muốn kiểm tra các giao dịch chưa hoàn tất từ tài khoản 0123456789] - formatted_query: [Tôi muốn kiểm tra các giao dịch chưa hoàn tất từ tài khoản 0123456789] - normalized_query: [Tôi muốn kiểm tra các giao dịch chưa hoàn tất từ tài khoản 0123456789]
2025-12-31 11:05:23 | DEBUG    | log:153 | [perform_hybrid_search] BM25 raw scores: min=15.7872, max=39.0433
2025-12-31 11:05:23 | DEBUG    | log:153 | [get_keyword_boost] Query: 'Tôi muốn kiểm tra các giao dịc...' | Doc: getTransactionList | | Boost: 0.50 | Matched: ['tài khoản', 'từ tài khoản']
2025-12-31 11:05:23 | DEBUG    | log:153 | [get_keyword_boost] Query: 'Tôi muốn kiểm tra các giao dịc...' | Doc: getTransactionList | | Boost: 0.25 | Matched: ['từ']
2025-12-31 11:05:23 | DEBUG    | log:153 | [classify_query_intent] Classified: 'Tôi muốn kiểm tra các giao dịc...' -> getTransactionList | Tra cứu g (score=2)
2025-12-31 11:05:23 | DEBUG    | log:153 | [normalize_query] 'Các lệnh chuyển tiền từ tài khoản 012345...' -> 'Các lệnh chuyển tiền từ tài khoản 012345...'
2025-12-31 11:05:23 | DEBUG    | log:153 | [perform_hybrid_search] query_text: [Các lệnh chuyển tiền từ tài khoản 0123456789 đang ở trạng thái nào] - formatted_query: [Các lệnh chuyển tiền từ tài khoản 0123456789 đang ở trạng thái nào] - normalized_query: [Các lệnh chuyển tiền từ tài khoản 0123456789 đang ở trạng thái nào]
2025-12-31 11:05:23 | DEBUG    | log:153 | [perform_hybrid_search] BM25 raw scores: min=15.5611, max=39.4085
2025-12-31 11:05:23 | DEBUG    | log:153 | [get_keyword_boost] Query: 'Các lệnh chuyển tiền từ tài kh...' | Doc: getTransactionList | | Boost: 0.50 | Matched: ['tài khoản', 'từ tài khoản']
2025-12-31 11:05:23 | DEBUG    | log:153 | [get_keyword_boost] Query: 'Các lệnh chuyển tiền từ tài kh...' | Doc: getTransactionList | | Boost: 0.25 | Matched: ['chuyển tiền']
2025-12-31 11:05:23 | DEBUG    | log:153 | [get_keyword_boost] Query: 'Các lệnh chuyển tiền từ tài kh...' | Doc: getTransactionList | | Boost: 0.25 | Matched: ['từ']
2025-12-31 11:05:23 | DEBUG    | log:153 | [classify_query_intent] Classified: 'Các lệnh chuyển tiền từ tài kh...' -> getTransactionList | Tra cứu g (score=2)
2025-12-31 11:05:23 | DEBUG    | log:153 | [normalize_query] 'Cho biết giao dịch nào từ tài khoản 0123...' -> 'Cho biết giao dịch nào từ tài khoản 0123...'
2025-12-31 11:05:23 | DEBUG    | log:153 | [perform_hybrid_search] query_text: [Cho biết giao dịch nào từ tài khoản 0123456789 chưa được phê duyệt] - formatted_query: [Cho biết giao dịch nào từ tài khoản 0123456789 chưa được phê duyệt] - normalized_query: [Cho biết giao dịch nào từ tài khoản 0123456789 chưa được phê duyệt]
2025-12-31 11:05:23 | DEBUG    | log:153 | [perform_hybrid_search] BM25 raw scores: min=16.9814, max=41.3035
2025-12-31 11:05:23 | DEBUG    | log:153 | [get_keyword_boost] Query: 'Cho biết giao dịch nào từ tài ...' | Doc: getTransactionList | | Boost: 0.25 | Matched: ['chưa được phê duyệt']
2025-12-31 11:05:23 | DEBUG    | log:153 | [get_keyword_boost] Query: 'Cho biết giao dịch nào từ tài ...' | Doc: getTransactionList | | Boost: 0.50 | Matched: ['tài khoản', 'từ tài khoản']
2025-12-31 11:05:23 | DEBUG    | log:153 | [get_keyword_boost] Query: 'Cho biết giao dịch nào từ tài ...' | Doc: getTransactionList | | Boost: 0.25 | Matched: ['từ']
2025-12-31 11:05:23 | DEBUG    | log:153 | [classify_query_intent] Classified: 'Cho biết giao dịch nào từ tài ...' -> getTransactionList | Tra cứu g (score=2)
2025-12-31 11:05:23 | DEBUG    | log:153 | [normalize_query] 'Liệt kê các giao dịch bị treo của tài kh...' -> 'Liệt kê các giao dịch bị treo của tài kh...'
2025-12-31 11:05:23 | DEBUG    | log:153 | [perform_hybrid_search] query_text: [Liệt kê các giao dịch bị treo của tài khoản 0123456789] - formatted_query: [Liệt kê các giao dịch bị treo của tài khoản 0123456789] - normalized_query: [Liệt kê các giao dịch bị treo của tài khoản 0123456789]
2025-12-31 11:05:23 | DEBUG    | log:153 | [perform_hybrid_search] BM25 raw scores: min=11.1734, max=25.6727
2025-12-31 11:05:23 | DEBUG    | log:153 | [get_keyword_boost] Query: 'Liệt kê các giao dịch bị treo ...' | Doc: getTransactionList | | Boost: 0.50 | Matched: ['tài khoản', 'của tài khoản']
2025-12-31 11:05:23 | DEBUG    | log:153 | [classify_query_intent] Classified: 'Liệt kê các giao dịch bị treo ...' -> getTransactionList | Tra cứu g (score=2)
2025-12-31 11:05:23 | DEBUG    | log:153 | [normalize_query] 'Xem toàn bộ giao dịch chưa duyệt từ số t...' -> 'Xem toàn bộ giao dịch chưa duyệt từ số t...'
2025-12-31 11:05:23 | DEBUG    | log:153 | [perform_hybrid_search] query_text: [Xem toàn bộ giao dịch chưa duyệt từ số tài khoản 0123456789] - formatted_query: [Xem toàn bộ giao dịch chưa duyệt từ số tài khoản 0123456789] - normalized_query: [Xem toàn bộ giao dịch chưa duyệt từ số tài khoản 0123456789]
2025-12-31 11:05:23 | DEBUG    | log:153 | [perform_hybrid_search] BM25 raw scores: min=17.9036, max=36.5895
2025-12-31 11:05:23 | DEBUG    | log:153 | [get_keyword_boost] Query: 'Xem toàn bộ giao dịch chưa duy...' | Doc: getTransactionList | | Boost: 0.25 | Matched: ['toàn bộ']
2025-12-31 11:05:23 | DEBUG    | log:153 | [get_keyword_boost] Query: 'Xem toàn bộ giao dịch chưa duy...' | Doc: getTransactionList | | Boost: 0.50 | Matched: ['tài khoản', 'số tài khoản']
2025-12-31 11:05:23 | DEBUG    | log:153 | [get_keyword_boost] Query: 'Xem toàn bộ giao dịch chưa duy...' | Doc: getTransactionList | | Boost: 0.25 | Matched: ['từ']
2025-12-31 11:05:23 | DEBUG    | log:153 | [classify_query_intent] Classified: 'Xem toàn bộ giao dịch chưa duy...' -> getTransactionList | Tra cứu g (score=2)
2025-12-31 11:05:23 | DEBUG    | log:153 | [normalize_query] 'Có giao dịch nào từ tài khoản 0123456789...' -> 'Có giao dịch nào từ tài khoản 0123456789...'
2025-12-31 11:05:23 | DEBUG    | log:153 | [perform_hybrid_search] query_text: [Có giao dịch nào từ tài khoản 0123456789 đang pending không] - formatted_query: [Có giao dịch nào từ tài khoản 0123456789 đang pending không] - normalized_query: [Có giao dịch nào từ tài khoản 0123456789 đang pending không]
2025-12-31 11:05:23 | DEBUG    | log:153 | [perform_hybrid_search] BM25 raw scores: min=16.5945, max=41.9692
2025-12-31 11:05:23 | DEBUG    | log:153 | [get_keyword_boost] Query: 'Có giao dịch nào từ tài khoản ...' | Doc: getTransactionList | | Boost: 0.25 | Matched: ['pending']
2025-12-31 11:05:23 | DEBUG    | log:153 | [get_keyword_boost] Query: 'Có giao dịch nào từ tài khoản ...' | Doc: getTransactionList | | Boost: 0.75 | Matched: ['pending', 'tài khoản', 'từ tài khoản']
2025-12-31 11:05:23 | DEBUG    | log:153 | [get_keyword_boost] Query: 'Có giao dịch nào từ tài khoản ...' | Doc: getTransactionList | | Boost: 0.25 | Matched: ['pending']
2025-12-31 11:05:23 | DEBUG    | log:153 | [get_keyword_boost] Query: 'Có giao dịch nào từ tài khoản ...' | Doc: getTransactionList | | Boost: 0.25 | Matched: ['pending']
2025-12-31 11:05:23 | DEBUG    | log:153 | [get_keyword_boost] Query: 'Có giao dịch nào từ tài khoản ...' | Doc: getTransactionList | | Boost: 0.50 | Matched: ['pending', 'từ']
2025-12-31 11:05:23 | DEBUG    | log:153 | [classify_query_intent] Classified: 'Có giao dịch nào từ tài khoản ...' -> getTransactionList | Tra cứu g (score=3)
2025-12-31 11:05:23 | DEBUG    | log:153 | [normalize_query] 'Hiển thị các lệnh chưa được xử lý của tà...' -> 'Hiển thị các lệnh chưa được xử lý của tà...'
2025-12-31 11:05:23 | DEBUG    | log:153 | [perform_hybrid_search] query_text: [Hiển thị các lệnh chưa được xử lý của tài khoản 0123456789] - formatted_query: [Hiển thị các lệnh chưa được xử lý của tài khoản 0123456789] - normalized_query: [Hiển thị các lệnh chưa được xử lý của tài khoản 0123456789]
2025-12-31 11:05:23 | DEBUG    | log:153 | [perform_hybrid_search] BM25 raw scores: min=9.9643, max=28.8778
2025-12-31 11:05:23 | DEBUG    | log:153 | [get_keyword_boost] Query: 'Hiển thị các lệnh chưa được xử...' | Doc: getTransactionList | | Boost: 0.50 | Matched: ['tài khoản', 'của tài khoản']
2025-12-31 11:05:23 | DEBUG    | log:153 | [classify_query_intent] Classified: 'Hiển thị các lệnh chưa được xử...' -> getTransactionList | Tra cứu g (score=2)
2025-12-31 11:05:23 | DEBUG    | log:153 | [normalize_query] 'Tôi muốn tra cứu giao dịch chờ duyệt của...' -> 'Tôi muốn tra cứu giao dịch chờ duyệt của...'
2025-12-31 11:05:23 | DEBUG    | log:153 | [perform_hybrid_search] query_text: [Tôi muốn tra cứu giao dịch chờ duyệt của STK 0123456789] - formatted_query: [Tôi muốn tra cứu giao dịch chờ duyệt của stk 0123456789] - normalized_query: [Tôi muốn tra cứu giao dịch chờ duyệt của stk 0123456789]
2025-12-31 11:05:23 | DEBUG    | log:153 | [perform_hybrid_search] BM25 raw scores: min=2.7208, max=12.1519
2025-12-31 11:05:23 | DEBUG    | log:153 | [get_keyword_boost] Query: 'Tôi muốn tra cứu giao dịch chờ...' | Doc: getTransactionList | | Boost: 0.25 | Matched: ['chờ duyệt']
2025-12-31 11:05:23 | DEBUG    | log:153 | [get_keyword_boost] Query: 'Tôi muốn tra cứu giao dịch chờ...' | Doc: getTransactionList | | Boost: 0.50 | Matched: ['chờ duyệt', 'stk']
2025-12-31 11:05:23 | DEBUG    | log:153 | [get_keyword_boost] Query: 'Tôi muốn tra cứu giao dịch chờ...' | Doc: getTransactionList | | Boost: 0.25 | Matched: ['chờ duyệt']
2025-12-31 11:05:23 | DEBUG    | log:153 | [get_keyword_boost] Query: 'Tôi muốn tra cứu giao dịch chờ...' | Doc: getTransactionList | | Boost: 0.25 | Matched: ['chờ duyệt']
2025-12-31 11:05:23 | DEBUG    | log:153 | [get_keyword_boost] Query: 'Tôi muốn tra cứu giao dịch chờ...' | Doc: getTransactionList | | Boost: 0.25 | Matched: ['chờ duyệt']
2025-12-31 11:05:23 | DEBUG    | log:153 | [classify_query_intent] Classified: 'Tôi muốn tra cứu giao dịch chờ...' -> getTransactionList | Tra cứu g (score=2)
2025-12-31 11:05:23 | DEBUG    | log:153 | [normalize_query] 'Cho tôi biết những giao dịch nào từ tài ...' -> 'Cho tôi biết những giao dịch nào từ tài ...'
2025-12-31 11:05:23 | DEBUG    | log:153 | [perform_hybrid_search] query_text: [Cho tôi biết những giao dịch nào từ tài khoản 0123456789 chưa hoàn tất] - formatted_query: [Cho tôi biết những giao dịch nào từ tài khoản 0123456789 chưa hoàn tất] - normalized_query: [Cho tôi biết những giao dịch nào từ tài khoản 0123456789 chưa hoàn tất]
2025-12-31 11:05:23 | DEBUG    | log:153 | [perform_hybrid_search] BM25 raw scores: min=19.1940, max=46.6436
2025-12-31 11:05:23 | DEBUG    | log:153 | [get_keyword_boost] Query: 'Cho tôi biết những giao dịch n...' | Doc: getTransactionList | | Boost: 0.50 | Matched: ['tài khoản', 'từ tài khoản']
2025-12-31 11:05:23 | DEBUG    | log:153 | [get_keyword_boost] Query: 'Cho tôi biết những giao dịch n...' | Doc: getTransactionList | | Boost: 0.25 | Matched: ['từ']
2025-12-31 11:05:23 | DEBUG    | log:153 | [classify_query_intent] Classified: 'Cho tôi biết những giao dịch n...' -> getTransactionList | Tra cứu g (score=2)
2025-12-31 11:05:23 | DEBUG    | log:153 | [normalize_query] 'Liệt kê các lệnh chuyển tiền chưa duyệt ...' -> 'Liệt kê các lệnh chuyển tiền chưa duyệt ...'
2025-12-31 11:05:23 | DEBUG    | log:153 | [perform_hybrid_search] query_text: [Liệt kê các lệnh chuyển tiền chưa duyệt từ tài khoản 0123456789] - formatted_query: [Liệt kê các lệnh chuyển tiền chưa duyệt từ tài khoản 0123456789] - normalized_query: [Liệt kê các lệnh chuyển tiền chưa duyệt từ tài khoản 0123456789]
2025-12-31 11:05:24 | DEBUG    | log:153 | [perform_hybrid_search] BM25 raw scores: min=17.5421, max=40.7045
2025-12-31 11:05:24 | DEBUG    | log:153 | [get_keyword_boost] Query: 'Liệt kê các lệnh chuyển tiền c...' | Doc: getTransactionList | | Boost: 0.50 | Matched: ['tài khoản', 'từ tài khoản']
2025-12-31 11:05:24 | DEBUG    | log:153 | [get_keyword_boost] Query: 'Liệt kê các lệnh chuyển tiền c...' | Doc: getTransactionList | | Boost: 0.25 | Matched: ['chuyển tiền']
2025-12-31 11:05:24 | DEBUG    | log:153 | [get_keyword_boost] Query: 'Liệt kê các lệnh chuyển tiền c...' | Doc: getTransactionList | | Boost: 0.25 | Matched: ['từ']
2025-12-31 11:05:24 | DEBUG    | log:153 | [classify_query_intent] Classified: 'Liệt kê các lệnh chuyển tiền c...' -> getTransactionList | Tra cứu g (score=2)
2025-12-31 11:05:24 | DEBUG    | log:153 | [normalize_query] 'Các giao dịch nào từ tài khoản 012345678...' -> 'Các giao dịch nào từ tài khoản 012345678...'
2025-12-31 11:05:24 | DEBUG    | log:153 | [perform_hybrid_search] query_text: [Các giao dịch nào từ tài khoản 0123456789 hiện tại chưa được duyệt] - formatted_query: [Các giao dịch nào từ tài khoản 0123456789 hiện tại chưa được duyệt] - normalized_query: [Các giao dịch nào từ tài khoản 0123456789 hiện tại chưa được duyệt]
2025-12-31 11:05:24 | DEBUG    | log:153 | [perform_hybrid_search] BM25 raw scores: min=14.2493, max=38.9141
2025-12-31 11:05:24 | DEBUG    | log:153 | [get_keyword_boost] Query: 'Các giao dịch nào từ tài khoản...' | Doc: getTransactionList | | Boost: 0.25 | Matched: ['chưa được duyệt']
2025-12-31 11:05:24 | DEBUG    | log:153 | [get_keyword_boost] Query: 'Các giao dịch nào từ tài khoản...' | Doc: getTransactionList | | Boost: 0.50 | Matched: ['tài khoản', 'từ tài khoản']
2025-12-31 11:05:24 | DEBUG    | log:153 | [get_keyword_boost] Query: 'Các giao dịch nào từ tài khoản...' | Doc: getTransactionList | | Boost: 0.25 | Matched: ['từ']
2025-12-31 11:05:24 | DEBUG    | log:153 | [classify_query_intent] Classified: 'Các giao dịch nào từ tài khoản...' -> getTransactionList | Tra cứu g (score=2)
2025-12-31 11:05:24 | DEBUG    | log:153 | [normalize_query] 'Xem danh sách giao dịch pending của tài ...' -> 'Xem danh sách giao dịch pending của tài ...'
2025-12-31 11:05:24 | DEBUG    | log:153 | [perform_hybrid_search] query_text: [Xem danh sách giao dịch pending của tài khoản 0123456789] - formatted_query: [Xem danh sách giao dịch pending của tài khoản 0123456789] - normalized_query: [Xem danh sách giao dịch pending của tài khoản 0123456789]
2025-12-31 11:05:24 | DEBUG    | log:153 | [perform_hybrid_search] BM25 raw scores: min=12.7554, max=26.4825
2025-12-31 11:05:24 | DEBUG    | log:153 | [get_keyword_boost] Query: 'Xem danh sách giao dịch pendin...' | Doc: getTransactionList | | Boost: 0.25 | Matched: ['pending']
2025-12-31 11:05:24 | DEBUG    | log:153 | [get_keyword_boost] Query: 'Xem danh sách giao dịch pendin...' | Doc: getTransactionList | | Boost: 0.75 | Matched: ['pending', 'tài khoản', 'của tài khoản']
2025-12-31 11:05:24 | DEBUG    | log:153 | [get_keyword_boost] Query: 'Xem danh sách giao dịch pendin...' | Doc: getTransactionList | | Boost: 0.25 | Matched: ['pending']
2025-12-31 11:05:24 | DEBUG    | log:153 | [get_keyword_boost] Query: 'Xem danh sách giao dịch pendin...' | Doc: getTransactionList | | Boost: 0.25 | Matched: ['pending']
2025-12-31 11:05:24 | DEBUG    | log:153 | [get_keyword_boost] Query: 'Xem danh sách giao dịch pendin...' | Doc: getTransactionList | | Boost: 0.25 | Matched: ['pending']
2025-12-31 11:05:24 | DEBUG    | log:153 | [classify_query_intent] Classified: 'Xem danh sách giao dịch pendin...' -> getTransactionList | Tra cứu g (score=3)
2025-12-31 11:05:24 | DEBUG    | log:153 | [normalize_query] 'Hiển thị toàn bộ giao dịch chưa phê duyệ...' -> 'Hiển thị toàn bộ giao dịch chưa phê duyệ...'
2025-12-31 11:05:24 | DEBUG    | log:153 | [perform_hybrid_search] query_text: [Hiển thị toàn bộ giao dịch chưa phê duyệt từ tài khoản 0123456789] - formatted_query: [Hiển thị toàn bộ giao dịch chưa phê duyệt từ tài khoản 0123456789] - normalized_query: [Hiển thị toàn bộ giao dịch chưa phê duyệt từ tài khoản 0123456789]
2025-12-31 11:05:24 | DEBUG    | log:153 | [perform_hybrid_search] BM25 raw scores: min=25.7472, max=42.8612
2025-12-31 11:05:24 | DEBUG    | log:153 | [get_keyword_boost] Query: 'Hiển thị toàn bộ giao dịch chư...' | Doc: getTransactionList | | Boost: 0.25 | Matched: ['toàn bộ']
2025-12-31 11:05:24 | DEBUG    | log:153 | [get_keyword_boost] Query: 'Hiển thị toàn bộ giao dịch chư...' | Doc: getTransactionList | | Boost: 0.50 | Matched: ['tài khoản', 'từ tài khoản']
2025-12-31 11:05:24 | DEBUG    | log:153 | [get_keyword_boost] Query: 'Hiển thị toàn bộ giao dịch chư...' | Doc: getTransactionList | | Boost: 0.25 | Matched: ['từ']
2025-12-31 11:05:24 | DEBUG    | log:153 | [classify_query_intent] Classified: 'Hiển thị toàn bộ giao dịch chư...' -> getTransactionList | Tra cứu g (score=2)
2025-12-31 11:05:24 | DEBUG    | log:153 | [normalize_query] 'Có giao dịch nào từ tài khoản 0123456789...' -> 'Có giao dịch nào từ tài khoản 0123456789...'
2025-12-31 11:05:24 | DEBUG    | log:153 | [perform_hybrid_search] query_text: [Có giao dịch nào từ tài khoản 0123456789 đang bị treo không] - formatted_query: [Có giao dịch nào từ tài khoản 0123456789 đang bị treo không] - normalized_query: [Có giao dịch nào từ tài khoản 0123456789 đang bị treo không]
2025-12-31 11:05:24 | DEBUG    | log:153 | [perform_hybrid_search] BM25 raw scores: min=15.6600, max=41.9535
2025-12-31 11:05:24 | DEBUG    | log:153 | [get_keyword_boost] Query: 'Có giao dịch nào từ tài khoản ...' | Doc: getTransactionList | | Boost: 0.50 | Matched: ['tài khoản', 'từ tài khoản']
2025-12-31 11:05:24 | DEBUG    | log:153 | [get_keyword_boost] Query: 'Có giao dịch nào từ tài khoản ...' | Doc: getTransactionList | | Boost: 0.25 | Matched: ['từ']
2025-12-31 11:05:24 | DEBUG    | log:153 | [classify_query_intent] Classified: 'Có giao dịch nào từ tài khoản ...' -> getTransactionList | Tra cứu g (score=2)
2025-12-31 11:05:24 | DEBUG    | log:153 | [normalize_query] 'Cho tôi xem các giao dịch chưa xử lý của...' -> 'Cho tôi xem các giao dịch chưa xử lý của...'
2025-12-31 11:05:24 | DEBUG    | log:153 | [perform_hybrid_search] query_text: [Cho tôi xem các giao dịch chưa xử lý của tài khoản 0123456789] - formatted_query: [Cho tôi xem các giao dịch chưa xử lý của tài khoản 0123456789] - normalized_query: [Cho tôi xem các giao dịch chưa xử lý của tài khoản 0123456789]
2025-12-31 11:05:24 | DEBUG    | log:153 | [perform_hybrid_search] BM25 raw scores: min=6.7421, max=25.8442
2025-12-31 11:05:24 | DEBUG    | log:153 | [get_keyword_boost] Query: 'Cho tôi xem các giao dịch chưa...' | Doc: getTransactionList | | Boost: 0.50 | Matched: ['tài khoản', 'của tài khoản']
2025-12-31 11:05:24 | DEBUG    | log:153 | [classify_query_intent] Classified: 'Cho tôi xem các giao dịch chưa...' -> getTransactionList | Tra cứu g (score=2)
2025-12-31 11:05:24 | DEBUG    | log:153 | [normalize_query] 'Liệt kê tất cả giao dịch cần duyệt từ tà...' -> 'Liệt kê tất cả giao dịch cần duyệt từ tà...'
2025-12-31 11:05:24 | DEBUG    | log:153 | [perform_hybrid_search] query_text: [Liệt kê tất cả giao dịch cần duyệt từ tài khoản 0123456789] - formatted_query: [Liệt kê tất cả giao dịch cần duyệt từ tài khoản 0123456789] - normalized_query: [Liệt kê tất cả giao dịch cần duyệt từ tài khoản 0123456789]
2025-12-31 11:05:24 | DEBUG    | log:153 | [perform_hybrid_search] BM25 raw scores: min=23.9371, max=39.7571
2025-12-31 11:05:24 | DEBUG    | log:153 | [get_keyword_boost] Query: 'Liệt kê tất cả giao dịch cần d...' | Doc: getTransactionList | | Boost: 0.50 | Matched: ['cần duyệt', 'tất cả']
2025-12-31 11:05:24 | DEBUG    | log:153 | [get_keyword_boost] Query: 'Liệt kê tất cả giao dịch cần d...' | Doc: getTransactionList | | Boost: 0.50 | Matched: ['tài khoản', 'từ tài khoản']
2025-12-31 11:05:24 | DEBUG    | log:153 | [get_keyword_boost] Query: 'Liệt kê tất cả giao dịch cần d...' | Doc: getTransactionList | | Boost: 0.25 | Matched: ['từ']
2025-12-31 11:05:24 | DEBUG    | log:153 | [classify_query_intent] Ambiguous: 'Liệt kê tất cả giao dịch cần d...' | Scores: {'getTransactionList | Tra cứu giao dịch đang chờ xử lý hoặc chờ duyệt': 2, 'getTransactionList | Tra cứu giao dịch chờ duyệt theo số tài khoản nguồn': 2, 'getTransactionList | Tra cứu giao dịch chờ duyệt theo số tiền hoặc hạn mức': 1}
2025-12-31 11:05:24 | DEBUG    | log:153 | [normalize_query] 'Cho tôi xem các giao dịch chờ duyệt tron...' -> 'Cho tôi xem các giao dịch chờ duyệt tron...'
2025-12-31 11:05:24 | DEBUG    | log:153 | [perform_hybrid_search] query_text: [Cho tôi xem các giao dịch chờ duyệt trong tuần này] - formatted_query: [Cho tôi xem các giao dịch chờ duyệt trong tuần này] - normalized_query: [Cho tôi xem các giao dịch chờ duyệt trong tuần này]
2025-12-31 11:05:24 | DEBUG    | log:153 | [perform_hybrid_search] BM25 raw scores: min=5.2652, max=10.2779
2025-12-31 11:05:24 | DEBUG    | log:153 | [get_keyword_boost] Query: 'Cho tôi xem các giao dịch chờ ...' | Doc: getTransactionList | | Boost: 0.25 | Matched: ['chờ duyệt']
2025-12-31 11:05:24 | DEBUG    | log:153 | [get_keyword_boost] Query: 'Cho tôi xem các giao dịch chờ ...' | Doc: getTransactionList | | Boost: 0.25 | Matched: ['chờ duyệt']
2025-12-31 11:05:24 | DEBUG    | log:153 | [get_keyword_boost] Query: 'Cho tôi xem các giao dịch chờ ...' | Doc: getTransactionList | | Boost: 0.75 | Matched: ['chờ duyệt', 'tuần', 'trong']
2025-12-31 11:05:24 | DEBUG    | log:153 | [get_keyword_boost] Query: 'Cho tôi xem các giao dịch chờ ...' | Doc: getTransactionList | | Boost: 0.25 | Matched: ['chờ duyệt']
2025-12-31 11:05:24 | DEBUG    | log:153 | [get_keyword_boost] Query: 'Cho tôi xem các giao dịch chờ ...' | Doc: getTransactionList | | Boost: 0.25 | Matched: ['chờ duyệt']
2025-12-31 11:05:24 | DEBUG    | log:153 | [classify_query_intent] Classified: 'Cho tôi xem các giao dịch chờ ...' -> getTransactionList | Tra cứu g (score=3)
2025-12-31 11:05:24 | DEBUG    | log:153 | [normalize_query] 'Liệt kê giao dịch pending từ ngày 01/12 ...' -> 'Liệt kê giao dịch pending từ ngày 01/12 ...'
2025-12-31 11:05:24 | DEBUG    | log:153 | [perform_hybrid_search] query_text: [Liệt kê giao dịch pending từ ngày 01/12 đến 07/12] - formatted_query: [Liệt kê giao dịch pending từ ngày 01/12 đến 07/12] - normalized_query: [Liệt kê giao dịch pending từ ngày 01/12 đến 07/12]
2025-12-31 11:05:24 | DEBUG    | log:153 | [perform_hybrid_search] BM25 raw scores: min=10.8971, max=32.5186
2025-12-31 11:05:24 | DEBUG    | log:153 | [get_keyword_boost] Query: 'Liệt kê giao dịch pending từ n...' | Doc: getTransactionList | | Boost: 0.25 | Matched: ['pending']
2025-12-31 11:05:24 | DEBUG    | log:153 | [get_keyword_boost] Query: 'Liệt kê giao dịch pending từ n...' | Doc: getTransactionList | | Boost: 0.25 | Matched: ['pending']
2025-12-31 11:05:24 | DEBUG    | log:153 | [get_keyword_boost] Query: 'Liệt kê giao dịch pending từ n...' | Doc: getTransactionList | | Boost: 0.75 | Matched: ['pending', 'ngày', 'từ ngày']
2025-12-31 11:05:24 | DEBUG    | log:153 | [get_keyword_boost] Query: 'Liệt kê giao dịch pending từ n...' | Doc: getTransactionList | | Boost: 0.25 | Matched: ['pending']
2025-12-31 11:05:24 | DEBUG    | log:153 | [get_keyword_boost] Query: 'Liệt kê giao dịch pending từ n...' | Doc: getTransactionList | | Boost: 0.50 | Matched: ['pending', 'từ']
2025-12-31 11:05:24 | DEBUG    | log:153 | [classify_query_intent] Classified: 'Liệt kê giao dịch pending từ n...' -> getTransactionList | Tra cứu g (score=3)
2025-12-31 11:05:24 | DEBUG    | log:153 | [normalize_query] 'Có giao dịch nào đang chờ xử lý trong th...' -> 'Có giao dịch nào đang chờ xử lý trong th...'
2025-12-31 11:05:24 | DEBUG    | log:153 | [perform_hybrid_search] query_text: [Có giao dịch nào đang chờ xử lý trong tháng 11 không] - formatted_query: [Có giao dịch nào đang chờ xử lý trong tháng 11 không] - normalized_query: [Có giao dịch nào đang chờ xử lý trong tháng 11 không]
2025-12-31 11:05:24 | DEBUG    | log:153 | [perform_hybrid_search] BM25 raw scores: min=14.9891, max=28.4990
2025-12-31 11:05:24 | DEBUG    | log:153 | [get_keyword_boost] Query: 'Có giao dịch nào đang chờ xử l...' | Doc: getTransactionList | | Boost: 0.50 | Matched: ['chờ xử lý', 'đang chờ']
2025-12-31 11:05:24 | DEBUG    | log:153 | [get_keyword_boost] Query: 'Có giao dịch nào đang chờ xử l...' | Doc: getTransactionList | | Boost: 0.25 | Matched: ['chờ xử lý']
2025-12-31 11:05:24 | DEBUG    | log:153 | [get_keyword_boost] Query: 'Có giao dịch nào đang chờ xử l...' | Doc: getTransactionList | | Boost: 0.75 | Matched: ['chờ xử lý', 'tháng', 'trong']
2025-12-31 11:05:24 | DEBUG    | log:153 | [get_keyword_boost] Query: 'Có giao dịch nào đang chờ xử l...' | Doc: getTransactionList | | Boost: 0.25 | Matched: ['chờ xử lý']
2025-12-31 11:05:24 | DEBUG    | log:153 | [get_keyword_boost] Query: 'Có giao dịch nào đang chờ xử l...' | Doc: getTransactionList | | Boost: 0.25 | Matched: ['chờ xử lý']
2025-12-31 11:05:24 | DEBUG    | log:153 | [classify_query_intent] Classified: 'Có giao dịch nào đang chờ xử l...' -> getTransactionList | Tra cứu g (score=3)
2025-12-31 11:05:24 | DEBUG    | log:153 | [normalize_query] 'Hiển thị danh sách giao dịch chưa được p...' -> 'Hiển thị danh sách giao dịch chưa được p...'
2025-12-31 11:05:24 | DEBUG    | log:153 | [perform_hybrid_search] query_text: [Hiển thị danh sách giao dịch chưa được phê duyệt hôm qua] - formatted_query: [Hiển thị danh sách giao dịch chưa được phê duyệt hôm qua] - normalized_query: [Hiển thị danh sách giao dịch chưa được phê duyệt hôm qua]
2025-12-31 11:05:24 | DEBUG    | log:153 | [perform_hybrid_search] BM25 raw scores: min=22.4424, max=35.9463
2025-12-31 11:05:24 | DEBUG    | log:153 | [get_keyword_boost] Query: 'Hiển thị danh sách giao dịch c...' | Doc: getTransactionList | | Boost: 0.25 | Matched: ['chưa được phê duyệt']
2025-12-31 11:05:24 | DEBUG    | log:153 | [get_keyword_boost] Query: 'Hiển thị danh sách giao dịch c...' | Doc: getTransactionList | | Boost: 0.25 | Matched: ['hôm qua']
2025-12-31 11:05:24 | DEBUG    | log:153 | [classify_query_intent] Ambiguous: 'Hiển thị danh sách giao dịch c...' | Scores: {'getTransactionList | Tra cứu giao dịch đang chờ xử lý hoặc chờ duyệt': 1, 'getTransactionList | Tra cứu giao dịch chờ duyệt theo khoảng thời gian': 1}
2025-12-31 11:05:24 | DEBUG    | log:153 | [normalize_query] 'Tôi muốn xem tất cả giao dịch pending tr...' -> 'Tôi muốn xem tất cả giao dịch pending tr...'
2025-12-31 11:05:24 | DEBUG    | log:153 | [perform_hybrid_search] query_text: [Tôi muốn xem tất cả giao dịch pending trong tháng này] - formatted_query: [Tôi muốn xem tất cả giao dịch pending trong tháng này] - normalized_query: [Tôi muốn xem tất cả giao dịch pending trong tháng này]
2025-12-31 11:05:24 | DEBUG    | log:153 | [perform_hybrid_search] BM25 raw scores: min=14.3382, max=26.4082
2025-12-31 11:05:24 | DEBUG    | log:153 | [get_keyword_boost] Query: 'Tôi muốn xem tất cả giao dịch ...' | Doc: getTransactionList | | Boost: 0.50 | Matched: ['pending', 'tất cả']
2025-12-31 11:05:24 | DEBUG    | log:153 | [get_keyword_boost] Query: 'Tôi muốn xem tất cả giao dịch ...' | Doc: getTransactionList | | Boost: 0.25 | Matched: ['pending']
2025-12-31 11:05:24 | DEBUG    | log:153 | [get_keyword_boost] Query: 'Tôi muốn xem tất cả giao dịch ...' | Doc: getTransactionList | | Boost: 0.75 | Matched: ['pending', 'tháng', 'trong']
2025-12-31 11:05:24 | DEBUG    | log:153 | [get_keyword_boost] Query: 'Tôi muốn xem tất cả giao dịch ...' | Doc: getTransactionList | | Boost: 0.25 | Matched: ['pending']
2025-12-31 11:05:24 | DEBUG    | log:153 | [get_keyword_boost] Query: 'Tôi muốn xem tất cả giao dịch ...' | Doc: getTransactionList | | Boost: 0.25 | Matched: ['pending']
2025-12-31 11:05:24 | DEBUG    | log:153 | [classify_query_intent] Classified: 'Tôi muốn xem tất cả giao dịch ...' -> getTransactionList | Tra cứu g (score=3)
2025-12-31 11:05:24 | DEBUG    | log:153 | [normalize_query] 'Các lệnh chuyển tiền nào chưa được duyệt...' -> 'Các lệnh chuyển tiền nào chưa được duyệt...'
2025-12-31 11:05:24 | DEBUG    | log:153 | [perform_hybrid_search] query_text: [Các lệnh chuyển tiền nào chưa được duyệt trong tuần qua] - formatted_query: [Các lệnh chuyển tiền nào chưa được duyệt trong tuần qua] - normalized_query: [Các lệnh chuyển tiền nào chưa được duyệt trong tuần qua]
2025-12-31 11:05:24 | DEBUG    | log:153 | [perform_hybrid_search] BM25 raw scores: min=16.2999, max=27.5502
2025-12-31 11:05:24 | DEBUG    | log:153 | [get_keyword_boost] Query: 'Các lệnh chuyển tiền nào chưa ...' | Doc: getTransactionList | | Boost: 0.25 | Matched: ['chưa được duyệt']
2025-12-31 11:05:24 | DEBUG    | log:153 | [get_keyword_boost] Query: 'Các lệnh chuyển tiền nào chưa ...' | Doc: getTransactionList | | Boost: 0.50 | Matched: ['tuần', 'trong']
2025-12-31 11:05:24 | DEBUG    | log:153 | [get_keyword_boost] Query: 'Các lệnh chuyển tiền nào chưa ...' | Doc: getTransactionList | | Boost: 0.25 | Matched: ['chuyển tiền']
2025-12-31 11:05:24 | DEBUG    | log:153 | [classify_query_intent] Classified: 'Các lệnh chuyển tiền nào chưa ...' -> getTransactionList | Tra cứu g (score=2)
2025-12-31 11:05:24 | DEBUG    | log:153 | [normalize_query] 'Cho biết giao dịch nào chưa được phê duy...' -> 'Cho biết giao dịch nào chưa được phê duy...'
2025-12-31 11:05:24 | DEBUG    | log:153 | [perform_hybrid_search] query_text: [Cho biết giao dịch nào chưa được phê duyệt trong ngày hôm nay] - formatted_query: [Cho biết giao dịch nào chưa được phê duyệt trong ngày hôm nay] - normalized_query: [Cho biết giao dịch nào chưa được phê duyệt trong ngày hôm nay]
2025-12-31 11:05:24 | DEBUG    | log:153 | [perform_hybrid_search] BM25 raw scores: min=17.1543, max=33.8154
2025-12-31 11:05:24 | DEBUG    | log:153 | [get_keyword_boost] Query: 'Cho biết giao dịch nào chưa đư...' | Doc: getTransactionList | | Boost: 0.25 | Matched: ['chưa được phê duyệt']
2025-12-31 11:05:24 | DEBUG    | log:153 | [get_keyword_boost] Query: 'Cho biết giao dịch nào chưa đư...' | Doc: getTransactionList | | Boost: 0.75 | Matched: ['ngày', 'hôm nay', 'trong']
2025-12-31 11:05:24 | DEBUG    | log:153 | [classify_query_intent] Classified: 'Cho biết giao dịch nào chưa đư...' -> getTransactionList | Tra cứu g (score=3)
2025-12-31 11:05:24 | DEBUG    | log:153 | [normalize_query] 'Liệt kê các giao dịch bị treo trong khoả...' -> 'Liệt kê các giao dịch bị treo trong khoả...'
2025-12-31 11:05:24 | DEBUG    | log:153 | [perform_hybrid_search] query_text: [Liệt kê các giao dịch bị treo trong khoảng từ 01/10 đến 15/10] - formatted_query: [Liệt kê các giao dịch bị treo trong khoảng từ 01/10 đến 15/10] - normalized_query: [Liệt kê các giao dịch bị treo trong khoảng từ 01/10 đến 15/10]
2025-12-31 11:05:24 | DEBUG    | log:153 | [perform_hybrid_search] BM25 raw scores: min=10.8815, max=31.3814
2025-12-31 11:05:24 | DEBUG    | log:153 | [get_keyword_boost] Query: 'Liệt kê các giao dịch bị treo ...' | Doc: getTransactionList | | Boost: 0.25 | Matched: ['trong']
2025-12-31 11:05:24 | DEBUG    | log:153 | [get_keyword_boost] Query: 'Liệt kê các giao dịch bị treo ...' | Doc: getTransactionList | | Boost: 0.25 | Matched: ['từ']
2025-12-31 11:05:24 | DEBUG    | log:153 | [classify_query_intent] Ambiguous: 'Liệt kê các giao dịch bị treo ...' | Scores: {'getTransactionList | Tra cứu giao dịch chờ duyệt theo khoảng thời gian': 1, 'getTransactionList | Tra cứu giao dịch chờ duyệt theo số tiền hoặc hạn mức': 1}
2025-12-31 11:05:24 | DEBUG    | log:153 | [normalize_query] 'Xem toàn bộ giao dịch chưa hoàn tất tron...' -> 'Xem toàn bộ giao dịch chưa hoàn tất tron...'
2025-12-31 11:05:24 | DEBUG    | log:153 | [perform_hybrid_search] query_text: [Xem toàn bộ giao dịch chưa hoàn tất trong tháng 9] - formatted_query: [Xem toàn bộ giao dịch chưa hoàn tất trong tháng 9] - normalized_query: [Xem toàn bộ giao dịch chưa hoàn tất trong tháng 9]
2025-12-31 11:05:24 | DEBUG    | log:153 | [perform_hybrid_search] BM25 raw scores: min=21.7773, max=31.3413
2025-12-31 11:05:24 | DEBUG    | log:153 | [get_keyword_boost] Query: 'Xem toàn bộ giao dịch chưa hoà...' | Doc: getTransactionList | | Boost: 0.25 | Matched: ['toàn bộ']
2025-12-31 11:05:24 | DEBUG    | log:153 | [get_keyword_boost] Query: 'Xem toàn bộ giao dịch chưa hoà...' | Doc: getTransactionList | | Boost: 0.50 | Matched: ['tháng', 'trong']
2025-12-31 11:05:24 | DEBUG    | log:153 | [classify_query_intent] Classified: 'Xem toàn bộ giao dịch chưa hoà...' -> getTransactionList | Tra cứu g (score=2)
2025-12-31 11:05:24 | DEBUG    | log:153 | [normalize_query] 'Có giao dịch nào đang ở trạng thái “chờ ...' -> 'Có giao dịch nào đang ở trạng thái “chờ ...'
2025-12-31 11:05:24 | DEBUG    | log:153 | [perform_hybrid_search] query_text: [Có giao dịch nào đang ở trạng thái “chờ duyệt” trong 3 ngày gần đây không] - formatted_query: [Có giao dịch nào đang ở trạng thái “chờ duyệt” trong 3 ngày gần đây không] - normalized_query: [Có giao dịch nào đang ở trạng thái “chờ duyệt” trong 3 ngày gần đây không]
2025-12-31 11:05:24 | DEBUG    | log:153 | [perform_hybrid_search] BM25 raw scores: min=15.4659, max=40.3976
2025-12-31 11:05:24 | DEBUG    | log:153 | [get_keyword_boost] Query: 'Có giao dịch nào đang ở trạng ...' | Doc: getTransactionList | | Boost: 0.25 | Matched: ['chờ duyệt']
2025-12-31 11:05:24 | DEBUG    | log:153 | [get_keyword_boost] Query: 'Có giao dịch nào đang ở trạng ...' | Doc: getTransactionList | | Boost: 0.25 | Matched: ['chờ duyệt']
2025-12-31 11:05:24 | DEBUG    | log:153 | [get_keyword_boost] Query: 'Có giao dịch nào đang ở trạng ...' | Doc: getTransactionList | | Boost: 1.00 | Matched: ['chờ duyệt', 'ngày', 'trong']
2025-12-31 11:05:24 | DEBUG    | log:153 | [get_keyword_boost] Query: 'Có giao dịch nào đang ở trạng ...' | Doc: getTransactionList | | Boost: 0.25 | Matched: ['chờ duyệt']
2025-12-31 11:05:24 | DEBUG    | log:153 | [get_keyword_boost] Query: 'Có giao dịch nào đang ở trạng ...' | Doc: getTransactionList | | Boost: 0.25 | Matched: ['chờ duyệt']
2025-12-31 11:05:24 | DEBUG    | log:153 | [classify_query_intent] Classified: 'Có giao dịch nào đang ở trạng ...' -> getTransactionList | Tra cứu g (score=4)
2025-12-31 11:05:24 | DEBUG    | log:153 | [normalize_query] 'Hiển thị các lệnh chưa được xử lý trong ...' -> 'Hiển thị các lệnh chưa được xử lý trong ...'
2025-12-31 11:05:24 | DEBUG    | log:153 | [perform_hybrid_search] query_text: [Hiển thị các lệnh chưa được xử lý trong tuần trước] - formatted_query: [Hiển thị các lệnh chưa được xử lý trong tuần trước] - normalized_query: [Hiển thị các lệnh chưa được xử lý trong tuần trước]
2025-12-31 11:05:24 | DEBUG    | log:153 | [perform_hybrid_search] BM25 raw scores: min=9.6876, max=19.7685
2025-12-31 11:05:24 | DEBUG    | log:153 | [get_keyword_boost] Query: 'Hiển thị các lệnh chưa được xử...' | Doc: getTransactionList | | Boost: 0.50 | Matched: ['tuần', 'trong']
2025-12-31 11:05:24 | DEBUG    | log:153 | [classify_query_intent] Classified: 'Hiển thị các lệnh chưa được xử...' -> getTransactionList | Tra cứu g (score=2)
2025-12-31 11:05:24 | DEBUG    | log:153 | [normalize_query] 'Tôi muốn kiểm tra các giao dịch đang pen...' -> 'Tôi muốn kiểm tra các giao dịch đang pen...'
2025-12-31 11:05:24 | DEBUG    | log:153 | [perform_hybrid_search] query_text: [Tôi muốn kiểm tra các giao dịch đang pending trong tháng 8] - formatted_query: [Tôi muốn kiểm tra các giao dịch đang pending trong tháng 8] - normalized_query: [Tôi muốn kiểm tra các giao dịch đang pending trong tháng 8]
2025-12-31 11:05:24 | DEBUG    | log:153 | [perform_hybrid_search] BM25 raw scores: min=9.2113, max=16.6462
2025-12-31 11:05:24 | DEBUG    | log:153 | [get_keyword_boost] Query: 'Tôi muốn kiểm tra các giao dịc...' | Doc: getTransactionList | | Boost: 0.25 | Matched: ['pending']
2025-12-31 11:05:24 | DEBUG    | log:153 | [get_keyword_boost] Query: 'Tôi muốn kiểm tra các giao dịc...' | Doc: getTransactionList | | Boost: 0.25 | Matched: ['pending']
2025-12-31 11:05:24 | DEBUG    | log:153 | [get_keyword_boost] Query: 'Tôi muốn kiểm tra các giao dịc...' | Doc: getTransactionList | | Boost: 0.75 | Matched: ['pending', 'tháng', 'trong']
2025-12-31 11:05:24 | DEBUG    | log:153 | [get_keyword_boost] Query: 'Tôi muốn kiểm tra các giao dịc...' | Doc: getTransactionList | | Boost: 0.25 | Matched: ['pending']
2025-12-31 11:05:24 | DEBUG    | log:153 | [get_keyword_boost] Query: 'Tôi muốn kiểm tra các giao dịc...' | Doc: getTransactionList | | Boost: 0.25 | Matched: ['pending']
2025-12-31 11:05:24 | DEBUG    | log:153 | [classify_query_intent] Classified: 'Tôi muốn kiểm tra các giao dịc...' -> getTransactionList | Tra cứu g (score=3)
2025-12-31 11:05:24 | DEBUG    | log:153 | [normalize_query] 'Cho tôi biết những giao dịch nào chưa đư...' -> 'Cho tôi biết những giao dịch nào chưa đư...'
2025-12-31 11:05:24 | DEBUG    | log:153 | [perform_hybrid_search] query_text: [Cho tôi biết những giao dịch nào chưa được duyệt trong kỳ vừa qua] - formatted_query: [Cho tôi biết những giao dịch nào chưa được duyệt trong kỳ vừa qua] - normalized_query: [Cho tôi biết những giao dịch nào chưa được duyệt trong kỳ vừa qua]
2025-12-31 11:05:24 | DEBUG    | log:153 | [perform_hybrid_search] BM25 raw scores: min=16.9430, max=30.3215
2025-12-31 11:05:24 | DEBUG    | log:153 | [get_keyword_boost] Query: 'Cho tôi biết những giao dịch n...' | Doc: getTransactionList | | Boost: 0.25 | Matched: ['chưa được duyệt']
2025-12-31 11:05:24 | DEBUG    | log:153 | [get_keyword_boost] Query: 'Cho tôi biết những giao dịch n...' | Doc: getTransactionList | | Boost: 0.25 | Matched: ['trong']
2025-12-31 11:05:24 | DEBUG    | log:153 | [classify_query_intent] Ambiguous: 'Cho tôi biết những giao dịch n...' | Scores: {'getTransactionList | Tra cứu giao dịch đang chờ xử lý hoặc chờ duyệt': 1, 'getTransactionList | Tra cứu giao dịch chờ duyệt theo khoảng thời gian': 1}
2025-12-31 11:05:24 | DEBUG    | log:153 | [normalize_query] 'Liệt kê các lệnh chuyển tiền chưa duyệt ...' -> 'Liệt kê các lệnh chuyển tiền chưa duyệt ...'
2025-12-31 11:05:24 | DEBUG    | log:153 | [perform_hybrid_search] query_text: [Liệt kê các lệnh chuyển tiền chưa duyệt từ ngày 20/12 đến 25/12] - formatted_query: [Liệt kê các lệnh chuyển tiền chưa duyệt từ ngày 20/12 đến 25/12] - normalized_query: [Liệt kê các lệnh chuyển tiền chưa duyệt từ ngày 20/12 đến 25/12]
2025-12-31 11:05:24 | DEBUG    | log:153 | [perform_hybrid_search] BM25 raw scores: min=17.2653, max=37.4925
2025-12-31 11:05:24 | DEBUG    | log:153 | [get_keyword_boost] Query: 'Liệt kê các lệnh chuyển tiền c...' | Doc: getTransactionList | | Boost: 0.50 | Matched: ['ngày', 'từ ngày']
2025-12-31 11:05:24 | DEBUG    | log:153 | [get_keyword_boost] Query: 'Liệt kê các lệnh chuyển tiền c...' | Doc: getTransactionList | | Boost: 0.25 | Matched: ['chuyển tiền']
2025-12-31 11:05:24 | DEBUG    | log:153 | [get_keyword_boost] Query: 'Liệt kê các lệnh chuyển tiền c...' | Doc: getTransactionList | | Boost: 0.25 | Matched: ['từ']
2025-12-31 11:05:24 | DEBUG    | log:153 | [classify_query_intent] Classified: 'Liệt kê các lệnh chuyển tiền c...' -> getTransactionList | Tra cứu g (score=2)
2025-12-31 11:05:24 | DEBUG    | log:153 | [normalize_query] 'Các giao dịch nào hiện tại chưa được duy...' -> 'Các giao dịch nào hiện tại chưa được duy...'
2025-12-31 11:05:24 | DEBUG    | log:153 | [perform_hybrid_search] query_text: [Các giao dịch nào hiện tại chưa được duyệt trong quý 3] - formatted_query: [Các giao dịch nào hiện tại chưa được duyệt trong quý 3] - normalized_query: [Các giao dịch nào hiện tại chưa được duyệt trong quý 3]
2025-12-31 11:05:24 | DEBUG    | log:153 | [perform_hybrid_search] BM25 raw scores: min=13.7519, max=23.8916
2025-12-31 11:05:24 | DEBUG    | log:153 | [get_keyword_boost] Query: 'Các giao dịch nào hiện tại chư...' | Doc: getTransactionList | | Boost: 0.25 | Matched: ['chưa được duyệt']
2025-12-31 11:05:24 | DEBUG    | log:153 | [get_keyword_boost] Query: 'Các giao dịch nào hiện tại chư...' | Doc: getTransactionList | | Boost: 0.50 | Matched: ['quý', 'trong']
2025-12-31 11:05:24 | DEBUG    | log:153 | [classify_query_intent] Classified: 'Các giao dịch nào hiện tại chư...' -> getTransactionList | Tra cứu g (score=2)
2025-12-31 11:05:24 | DEBUG    | log:153 | [normalize_query] 'Xem danh sách giao dịch pending trong 10...' -> 'Xem danh sách giao dịch pending trong 10...'
2025-12-31 11:05:24 | DEBUG    | log:153 | [perform_hybrid_search] query_text: [Xem danh sách giao dịch pending trong 10 ngày gần nhất] - formatted_query: [Xem danh sách giao dịch pending trong 10 ngày gần nhất] - normalized_query: [Xem danh sách giao dịch pending trong 10 ngày gần nhất]
2025-12-31 11:05:24 | DEBUG    | log:153 | [perform_hybrid_search] BM25 raw scores: min=12.3607, max=30.3774
2025-12-31 11:05:24 | DEBUG    | log:153 | [get_keyword_boost] Query: 'Xem danh sách giao dịch pendin...' | Doc: getTransactionList | | Boost: 0.25 | Matched: ['pending']
2025-12-31 11:05:24 | DEBUG    | log:153 | [get_keyword_boost] Query: 'Xem danh sách giao dịch pendin...' | Doc: getTransactionList | | Boost: 0.25 | Matched: ['pending']
2025-12-31 11:05:24 | DEBUG    | log:153 | [get_keyword_boost] Query: 'Xem danh sách giao dịch pendin...' | Doc: getTransactionList | | Boost: 0.75 | Matched: ['pending', 'ngày', 'trong']
2025-12-31 11:05:24 | DEBUG    | log:153 | [get_keyword_boost] Query: 'Xem danh sách giao dịch pendin...' | Doc: getTransactionList | | Boost: 0.25 | Matched: ['pending']
2025-12-31 11:05:24 | DEBUG    | log:153 | [get_keyword_boost] Query: 'Xem danh sách giao dịch pendin...' | Doc: getTransactionList | | Boost: 0.25 | Matched: ['pending']
2025-12-31 11:05:24 | DEBUG    | log:153 | [classify_query_intent] Classified: 'Xem danh sách giao dịch pendin...' -> getTransactionList | Tra cứu g (score=3)
2025-12-31 11:05:24 | DEBUG    | log:153 | [normalize_query] 'Hiển thị toàn bộ giao dịch chưa phê duyệ...' -> 'Hiển thị toàn bộ giao dịch chưa phê duyệ...'
2025-12-31 11:05:24 | DEBUG    | log:153 | [perform_hybrid_search] query_text: [Hiển thị toàn bộ giao dịch chưa phê duyệt trong tháng 7] - formatted_query: [Hiển thị toàn bộ giao dịch chưa phê duyệt trong tháng 7] - normalized_query: [Hiển thị toàn bộ giao dịch chưa phê duyệt trong tháng 7]
2025-12-31 11:05:24 | DEBUG    | log:153 | [perform_hybrid_search] BM25 raw scores: min=24.9196, max=32.9396
2025-12-31 11:05:24 | DEBUG    | log:153 | [get_keyword_boost] Query: 'Hiển thị toàn bộ giao dịch chư...' | Doc: getTransactionList | | Boost: 0.25 | Matched: ['toàn bộ']
2025-12-31 11:05:24 | DEBUG    | log:153 | [get_keyword_boost] Query: 'Hiển thị toàn bộ giao dịch chư...' | Doc: getTransactionList | | Boost: 0.50 | Matched: ['tháng', 'trong']
2025-12-31 11:05:24 | DEBUG    | log:153 | [classify_query_intent] Classified: 'Hiển thị toàn bộ giao dịch chư...' -> getTransactionList | Tra cứu g (score=2)
2025-12-31 11:05:24 | DEBUG    | log:153 | [normalize_query] 'Có giao dịch nào đang bị treo trong tuần...' -> 'Có giao dịch nào đang bị treo trong tuần...'
2025-12-31 11:05:24 | DEBUG    | log:153 | [perform_hybrid_search] query_text: [Có giao dịch nào đang bị treo trong tuần này không] - formatted_query: [Có giao dịch nào đang bị treo trong tuần này không] - normalized_query: [Có giao dịch nào đang bị treo trong tuần này không]
2025-12-31 11:05:24 | DEBUG    | log:153 | [perform_hybrid_search] BM25 raw scores: min=14.7643, max=25.5388
2025-12-31 11:05:24 | DEBUG    | log:153 | [get_keyword_boost] Query: 'Có giao dịch nào đang bị treo ...' | Doc: getTransactionList | | Boost: 0.50 | Matched: ['tuần', 'trong']
2025-12-31 11:05:24 | DEBUG    | log:153 | [classify_query_intent] Classified: 'Có giao dịch nào đang bị treo ...' -> getTransactionList | Tra cứu g (score=2)
2025-12-31 11:05:24 | DEBUG    | log:153 | [normalize_query] 'Cho tôi xem các giao dịch chưa xử lý tro...' -> 'Cho tôi xem các giao dịch chưa xử lý tro...'
2025-12-31 11:05:24 | DEBUG    | log:153 | [perform_hybrid_search] query_text: [Cho tôi xem các giao dịch chưa xử lý trong khoảng từ 01/05 đến 15/05] - formatted_query: [Cho tôi xem các giao dịch chưa xử lý trong khoảng từ 01/05 đến 15/05] - normalized_query: [Cho tôi xem các giao dịch chưa xử lý trong khoảng từ 01/05 đến 15/05]
2025-12-31 11:05:24 | DEBUG    | log:153 | [perform_hybrid_search] BM25 raw scores: min=6.4501, max=27.8949
2025-12-31 11:05:24 | DEBUG    | log:153 | [get_keyword_boost] Query: 'Cho tôi xem các giao dịch chưa...' | Doc: getTransactionList | | Boost: 0.25 | Matched: ['trong']
2025-12-31 11:05:24 | DEBUG    | log:153 | [get_keyword_boost] Query: 'Cho tôi xem các giao dịch chưa...' | Doc: getTransactionList | | Boost: 0.25 | Matched: ['từ']
2025-12-31 11:05:24 | DEBUG    | log:153 | [classify_query_intent] Ambiguous: 'Cho tôi xem các giao dịch chưa...' | Scores: {'getTransactionList | Tra cứu giao dịch chờ duyệt theo khoảng thời gian': 1, 'getTransactionList | Tra cứu giao dịch chờ duyệt theo số tiền hoặc hạn mức': 1}
2025-12-31 11:05:24 | DEBUG    | log:153 | [normalize_query] 'Liệt kê tất cả giao dịch cần duyệt trong...' -> 'Liệt kê tất cả giao dịch cần duyệt trong...'
2025-12-31 11:05:24 | DEBUG    | log:153 | [perform_hybrid_search] query_text: [Liệt kê tất cả giao dịch cần duyệt trong tháng 6] - formatted_query: [Liệt kê tất cả giao dịch cần duyệt trong tháng 6] - normalized_query: [Liệt kê tất cả giao dịch cần duyệt trong tháng 6]
2025-12-31 11:05:24 | DEBUG    | log:153 | [perform_hybrid_search] BM25 raw scores: min=21.8155, max=31.5902
2025-12-31 11:05:24 | DEBUG    | log:153 | [get_keyword_boost] Query: 'Liệt kê tất cả giao dịch cần d...' | Doc: getTransactionList | | Boost: 0.50 | Matched: ['cần duyệt', 'tất cả']
2025-12-31 11:05:24 | DEBUG    | log:153 | [get_keyword_boost] Query: 'Liệt kê tất cả giao dịch cần d...' | Doc: getTransactionList | | Boost: 0.50 | Matched: ['tháng', 'trong']
2025-12-31 11:05:24 | DEBUG    | log:153 | [classify_query_intent] Ambiguous: 'Liệt kê tất cả giao dịch cần d...' | Scores: {'getTransactionList | Tra cứu giao dịch đang chờ xử lý hoặc chờ duyệt': 2, 'getTransactionList | Tra cứu giao dịch chờ duyệt theo khoảng thời gian': 2}
2025-12-31 11:05:24 | DEBUG    | log:153 | [normalize_query] 'Cho tôi xem các giao dịch chuyển tiền đa...' -> 'Cho tôi xem các giao dịch chuyển tiền đa...'
2025-12-31 11:05:24 | DEBUG    | log:153 | [perform_hybrid_search] query_text: [Cho tôi xem các giao dịch chuyển tiền đang chờ duyệt] - formatted_query: [Cho tôi xem các giao dịch chuyển tiền đang chờ duyệt] - normalized_query: [Cho tôi xem các giao dịch chuyển tiền đang chờ duyệt]
2025-12-31 11:05:24 | DEBUG    | log:153 | [perform_hybrid_search] BM25 raw scores: min=8.3858, max=19.8579
2025-12-31 11:05:24 | DEBUG    | log:153 | [get_keyword_boost] Query: 'Cho tôi xem các giao dịch chuy...' | Doc: getTransactionList | | Boost: 0.50 | Matched: ['chờ duyệt', 'đang chờ']
2025-12-31 11:05:24 | DEBUG    | log:153 | [get_keyword_boost] Query: 'Cho tôi xem các giao dịch chuy...' | Doc: getTransactionList | | Boost: 0.25 | Matched: ['chờ duyệt']
2025-12-31 11:05:24 | DEBUG    | log:153 | [get_keyword_boost] Query: 'Cho tôi xem các giao dịch chuy...' | Doc: getTransactionList | | Boost: 0.25 | Matched: ['chờ duyệt']
2025-12-31 11:05:24 | DEBUG    | log:153 | [get_keyword_boost] Query: 'Cho tôi xem các giao dịch chuy...' | Doc: getTransactionList | | Boost: 0.50 | Matched: ['chờ duyệt', 'chuyển tiền']
2025-12-31 11:05:24 | DEBUG    | log:153 | [get_keyword_boost] Query: 'Cho tôi xem các giao dịch chuy...' | Doc: getTransactionList | | Boost: 0.25 | Matched: ['chờ duyệt']
2025-12-31 11:05:24 | DEBUG    | log:153 | [classify_query_intent] Ambiguous: 'Cho tôi xem các giao dịch chuy...' | Scores: {'getTransactionList | Tra cứu giao dịch đang chờ xử lý hoặc chờ duyệt': 2, 'getTransactionList | Tra cứu giao dịch chờ duyệt theo số tài khoản nguồn': 1, 'getTransactionList | Tra cứu giao dịch chờ duyệt theo khoảng thời gian': 1, 'getTransactionList | Tra cứu giao dịch chờ duyệt theo loại giao dịch': 2, 'getTransactionList | Tra cứu giao dịch chờ duyệt theo số tiền hoặc hạn mức': 1}
2025-12-31 11:05:24 | DEBUG    | log:153 | [normalize_query] 'Liệt kê toàn bộ giao dịch thanh toán hóa...' -> 'Liệt kê toàn bộ giao dịch thanh toán hóa...'
2025-12-31 11:05:24 | DEBUG    | log:153 | [perform_hybrid_search] query_text: [Liệt kê toàn bộ giao dịch thanh toán hóa đơn chưa được phê duyệt] - formatted_query: [Liệt kê toàn bộ giao dịch thanh toán hóa đơn chưa được phê duyệt] - normalized_query: [Liệt kê toàn bộ giao dịch thanh toán hóa đơn chưa được phê duyệt]
2025-12-31 11:05:24 | DEBUG    | log:153 | [perform_hybrid_search] BM25 raw scores: min=18.8779, max=50.6419
2025-12-31 11:05:24 | DEBUG    | log:153 | [get_keyword_boost] Query: 'Liệt kê toàn bộ giao dịch than...' | Doc: getTransactionList | | Boost: 0.50 | Matched: ['chưa được phê duyệt', 'toàn bộ']
2025-12-31 11:05:24 | DEBUG    | log:153 | [get_keyword_boost] Query: 'Liệt kê toàn bộ giao dịch than...' | Doc: getTransactionList | | Boost: 0.50 | Matched: ['thanh toán', 'thanh toán hóa đơn']
2025-12-31 11:05:24 | DEBUG    | log:153 | [classify_query_intent] Ambiguous: 'Liệt kê toàn bộ giao dịch than...' | Scores: {'getTransactionList | Tra cứu giao dịch đang chờ xử lý hoặc chờ duyệt': 2, 'getTransactionList | Tra cứu giao dịch chờ duyệt theo loại giao dịch': 2}
2025-12-31 11:05:24 | DEBUG    | log:153 | [normalize_query] 'Có giao dịch thẻ nào đang pending không...' -> 'Có giao dịch thẻ nào đang pending không...'
2025-12-31 11:05:24 | DEBUG    | log:153 | [perform_hybrid_search] query_text: [Có giao dịch thẻ nào đang pending không] - formatted_query: [Có giao dịch thẻ nào đang pending không] - normalized_query: [Có giao dịch thẻ nào đang pending không]
2025-12-31 11:05:24 | DEBUG    | log:153 | [perform_hybrid_search] BM25 raw scores: min=12.7270, max=28.9173
2025-12-31 11:05:24 | DEBUG    | log:153 | [get_keyword_boost] Query: 'Có giao dịch thẻ nào đang pend...' | Doc: getTransactionList | | Boost: 0.25 | Matched: ['pending']
2025-12-31 11:05:24 | DEBUG    | log:153 | [get_keyword_boost] Query: 'Có giao dịch thẻ nào đang pend...' | Doc: getTransactionList | | Boost: 0.25 | Matched: ['pending']
2025-12-31 11:05:24 | DEBUG    | log:153 | [get_keyword_boost] Query: 'Có giao dịch thẻ nào đang pend...' | Doc: getTransactionList | | Boost: 0.25 | Matched: ['pending']
2025-12-31 11:05:24 | DEBUG    | log:153 | [get_keyword_boost] Query: 'Có giao dịch thẻ nào đang pend...' | Doc: getTransactionList | | Boost: 0.75 | Matched: ['pending', 'thẻ', 'giao dịch thẻ']
2025-12-31 11:05:24 | DEBUG    | log:153 | [get_keyword_boost] Query: 'Có giao dịch thẻ nào đang pend...' | Doc: getTransactionList | | Boost: 0.25 | Matched: ['pending']
2025-12-31 11:05:24 | DEBUG    | log:153 | [classify_query_intent] Classified: 'Có giao dịch thẻ nào đang pend...' -> getTransactionList | Tra cứu g (score=3)
2025-12-31 11:05:24 | DEBUG    | log:153 | [normalize_query] 'Hiển thị danh sách giao dịch chuyển khoả...' -> 'Hiển thị danh sách giao dịch chuyển khoả...'
2025-12-31 11:05:24 | DEBUG    | log:153 | [perform_hybrid_search] query_text: [Hiển thị danh sách giao dịch chuyển khoản chưa hoàn tất] - formatted_query: [Hiển thị danh sách giao dịch chuyển khoản chưa hoàn tất] - normalized_query: [Hiển thị danh sách giao dịch chuyển khoản chưa hoàn tất]
2025-12-31 11:05:24 | DEBUG    | log:153 | [perform_hybrid_search] BM25 raw scores: min=24.1554, max=38.5531
2025-12-31 11:05:24 | DEBUG    | log:153 | [get_keyword_boost] Query: 'Hiển thị danh sách giao dịch c...' | Doc: getTransactionList | | Boost: 0.25 | Matched: ['chuyển khoản']
2025-12-31 11:05:24 | DEBUG    | log:153 | [classify_query_intent] Classified: 'Hiển thị danh sách giao dịch c...' -> getTransactionList | Tra cứu g (score=1)
2025-12-31 11:05:24 | DEBUG    | log:153 | [normalize_query] 'Tôi muốn xem tất cả giao dịch thanh toán...' -> 'Tôi muốn xem tất cả giao dịch thanh toán...'
2025-12-31 11:05:24 | DEBUG    | log:153 | [perform_hybrid_search] query_text: [Tôi muốn xem tất cả giao dịch thanh toán đang chờ xử lý] - formatted_query: [Tôi muốn xem tất cả giao dịch thanh toán đang chờ xử lý] - normalized_query: [Tôi muốn xem tất cả giao dịch thanh toán đang chờ xử lý]
2025-12-31 11:05:24 | DEBUG    | log:153 | [perform_hybrid_search] BM25 raw scores: min=13.7091, max=36.3541
2025-12-31 11:05:24 | DEBUG    | log:153 | [get_keyword_boost] Query: 'Tôi muốn xem tất cả giao dịch ...' | Doc: getTransactionList | | Boost: 0.75 | Matched: ['chờ xử lý', 'đang chờ', 'tất cả']
2025-12-31 11:05:24 | DEBUG    | log:153 | [get_keyword_boost] Query: 'Tôi muốn xem tất cả giao dịch ...' | Doc: getTransactionList | | Boost: 0.25 | Matched: ['chờ xử lý']
2025-12-31 11:05:24 | DEBUG    | log:153 | [get_keyword_boost] Query: 'Tôi muốn xem tất cả giao dịch ...' | Doc: getTransactionList | | Boost: 0.25 | Matched: ['chờ xử lý']
2025-12-31 11:05:24 | DEBUG    | log:153 | [get_keyword_boost] Query: 'Tôi muốn xem tất cả giao dịch ...' | Doc: getTransactionList | | Boost: 0.50 | Matched: ['chờ xử lý', 'thanh toán']
2025-12-31 11:05:24 | DEBUG    | log:153 | [get_keyword_boost] Query: 'Tôi muốn xem tất cả giao dịch ...' | Doc: getTransactionList | | Boost: 0.25 | Matched: ['chờ xử lý']
2025-12-31 11:05:24 | DEBUG    | log:153 | [classify_query_intent] Classified: 'Tôi muốn xem tất cả giao dịch ...' -> getTransactionList | Tra cứu g (score=3)
2025-12-31 11:05:24 | DEBUG    | log:153 | [normalize_query] 'Các lệnh chuyển tiền nào chưa được duyệt...' -> 'Các lệnh chuyển tiền nào chưa được duyệt...'
2025-12-31 11:05:24 | DEBUG    | log:153 | [perform_hybrid_search] query_text: [Các lệnh chuyển tiền nào chưa được duyệt trong hệ thống] - formatted_query: [Các lệnh chuyển tiền nào chưa được duyệt trong hệ thống] - normalized_query: [Các lệnh chuyển tiền nào chưa được duyệt trong hệ thống]
2025-12-31 11:05:24 | DEBUG    | log:153 | [perform_hybrid_search] BM25 raw scores: min=16.3492, max=27.4522
2025-12-31 11:05:24 | DEBUG    | log:153 | [get_keyword_boost] Query: 'Các lệnh chuyển tiền nào chưa ...' | Doc: getTransactionList | | Boost: 0.25 | Matched: ['chưa được duyệt']
2025-12-31 11:05:24 | DEBUG    | log:153 | [get_keyword_boost] Query: 'Các lệnh chuyển tiền nào chưa ...' | Doc: getTransactionList | | Boost: 0.25 | Matched: ['trong']
2025-12-31 11:05:24 | DEBUG    | log:153 | [get_keyword_boost] Query: 'Các lệnh chuyển tiền nào chưa ...' | Doc: getTransactionList | | Boost: 0.25 | Matched: ['chuyển tiền']
2025-12-31 11:05:24 | DEBUG    | log:153 | [classify_query_intent] Ambiguous: 'Các lệnh chuyển tiền nào chưa ...' | Scores: {'getTransactionList | Tra cứu giao dịch đang chờ xử lý hoặc chờ duyệt': 1, 'getTransactionList | Tra cứu giao dịch chờ duyệt theo khoảng thời gian': 1, 'getTransactionList | Tra cứu giao dịch chờ duyệt theo loại giao dịch': 1}
2025-12-31 11:05:24 | DEBUG    | log:153 | [normalize_query] 'Cho biết giao dịch thẻ nào chưa được phê...' -> 'Cho biết giao dịch thẻ nào chưa được phê...'
2025-12-31 11:05:24 | DEBUG    | log:153 | [perform_hybrid_search] query_text: [Cho biết giao dịch thẻ nào chưa được phê duyệt] - formatted_query: [Cho biết giao dịch thẻ nào chưa được phê duyệt] - normalized_query: [Cho biết giao dịch thẻ nào chưa được phê duyệt]
2025-12-31 11:05:24 | DEBUG    | log:153 | [perform_hybrid_search] BM25 raw scores: min=13.5291, max=27.9666
2025-12-31 11:05:24 | DEBUG    | log:153 | [get_keyword_boost] Query: 'Cho biết giao dịch thẻ nào chư...' | Doc: getTransactionList | | Boost: 0.25 | Matched: ['chưa được phê duyệt']
2025-12-31 11:05:24 | DEBUG    | log:153 | [get_keyword_boost] Query: 'Cho biết giao dịch thẻ nào chư...' | Doc: getTransactionList | | Boost: 0.50 | Matched: ['thẻ', 'giao dịch thẻ']
2025-12-31 11:05:24 | DEBUG    | log:153 | [classify_query_intent] Classified: 'Cho biết giao dịch thẻ nào chư...' -> getTransactionList | Tra cứu g (score=2)
2025-12-31 11:05:24 | DEBUG    | log:153 | [normalize_query] 'Liệt kê các giao dịch thanh toán hóa đơn...' -> 'Liệt kê các giao dịch thanh toán hóa đơn...'
2025-12-31 11:05:24 | DEBUG    | log:153 | [perform_hybrid_search] query_text: [Liệt kê các giao dịch thanh toán hóa đơn bị treo] - formatted_query: [Liệt kê các giao dịch thanh toán hóa đơn bị treo] - normalized_query: [Liệt kê các giao dịch thanh toán hóa đơn bị treo]
2025-12-31 11:05:24 | DEBUG    | log:153 | [perform_hybrid_search] BM25 raw scores: min=11.0469, max=36.2682
2025-12-31 11:05:24 | DEBUG    | log:153 | [get_keyword_boost] Query: 'Liệt kê các giao dịch thanh to...' | Doc: getTransactionList | | Boost: 0.50 | Matched: ['thanh toán', 'thanh toán hóa đơn']
2025-12-31 11:05:24 | DEBUG    | log:153 | [classify_query_intent] Classified: 'Liệt kê các giao dịch thanh to...' -> getTransactionList | Tra cứu g (score=2)
2025-12-31 11:05:24 | DEBUG    | log:153 | [normalize_query] 'Xem toàn bộ giao dịch chuyển tiền chưa d...' -> 'Xem toàn bộ giao dịch chuyển tiền chưa d...'
2025-12-31 11:05:24 | DEBUG    | log:153 | [perform_hybrid_search] query_text: [Xem toàn bộ giao dịch chuyển tiền chưa duyệt] - formatted_query: [Xem toàn bộ giao dịch chuyển tiền chưa duyệt] - normalized_query: [Xem toàn bộ giao dịch chuyển tiền chưa duyệt]
2025-12-31 11:05:24 | DEBUG    | log:153 | [perform_hybrid_search] BM25 raw scores: min=19.5286, max=31.2298
2025-12-31 11:05:24 | DEBUG    | log:153 | [get_keyword_boost] Query: 'Xem toàn bộ giao dịch chuyển t...' | Doc: getTransactionList | | Boost: 0.25 | Matched: ['toàn bộ']
2025-12-31 11:05:24 | DEBUG    | log:153 | [get_keyword_boost] Query: 'Xem toàn bộ giao dịch chuyển t...' | Doc: getTransactionList | | Boost: 0.25 | Matched: ['chuyển tiền']
2025-12-31 11:05:24 | DEBUG    | log:153 | [classify_query_intent] Ambiguous: 'Xem toàn bộ giao dịch chuyển t...' | Scores: {'getTransactionList | Tra cứu giao dịch đang chờ xử lý hoặc chờ duyệt': 1, 'getTransactionList | Tra cứu giao dịch chờ duyệt theo loại giao dịch': 1}
2025-12-31 11:05:24 | DEBUG    | log:153 | [normalize_query] 'Có giao dịch nào thuộc loại thanh toán đ...' -> 'Có giao dịch nào thuộc loại thanh toán đ...'
2025-12-31 11:05:24 | DEBUG    | log:153 | [perform_hybrid_search] query_text: [Có giao dịch nào thuộc loại thanh toán đang pending không] - formatted_query: [Có giao dịch nào thuộc loại thanh toán đang pending không] - normalized_query: [Có giao dịch nào thuộc loại thanh toán đang pending không]
2025-12-31 11:05:24 | DEBUG    | log:153 | [perform_hybrid_search] BM25 raw scores: min=16.9593, max=38.0001
2025-12-31 11:05:24 | DEBUG    | log:153 | [get_keyword_boost] Query: 'Có giao dịch nào thuộc loại th...' | Doc: getTransactionList | | Boost: 0.25 | Matched: ['pending']
2025-12-31 11:05:24 | DEBUG    | log:153 | [get_keyword_boost] Query: 'Có giao dịch nào thuộc loại th...' | Doc: getTransactionList | | Boost: 0.25 | Matched: ['pending']
2025-12-31 11:05:24 | DEBUG    | log:153 | [get_keyword_boost] Query: 'Có giao dịch nào thuộc loại th...' | Doc: getTransactionList | | Boost: 0.25 | Matched: ['pending']
2025-12-31 11:05:24 | DEBUG    | log:153 | [get_keyword_boost] Query: 'Có giao dịch nào thuộc loại th...' | Doc: getTransactionList | | Boost: 0.50 | Matched: ['pending', 'thanh toán']
2025-12-31 11:05:24 | DEBUG    | log:153 | [get_keyword_boost] Query: 'Có giao dịch nào thuộc loại th...' | Doc: getTransactionList | | Boost: 0.25 | Matched: ['pending']
2025-12-31 11:05:24 | DEBUG    | log:153 | [classify_query_intent] Classified: 'Có giao dịch nào thuộc loại th...' -> getTransactionList | Tra cứu g (score=2)
2025-12-31 11:05:24 | DEBUG    | log:153 | [normalize_query] 'Hiển thị các lệnh chuyển khoản chưa được...' -> 'Hiển thị các lệnh chuyển khoản chưa được...'
2025-12-31 11:05:24 | DEBUG    | log:153 | [perform_hybrid_search] query_text: [Hiển thị các lệnh chuyển khoản chưa được xử lý] - formatted_query: [Hiển thị các lệnh chuyển khoản chưa được xử lý] - normalized_query: [Hiển thị các lệnh chuyển khoản chưa được xử lý]
2025-12-31 11:05:24 | DEBUG    | log:153 | [perform_hybrid_search] BM25 raw scores: min=11.7939, max=23.3116
2025-12-31 11:05:24 | DEBUG    | log:153 | [get_keyword_boost] Query: 'Hiển thị các lệnh chuyển khoản...' | Doc: getTransactionList | | Boost: 0.25 | Matched: ['chuyển khoản']
2025-12-31 11:05:24 | DEBUG    | log:153 | [classify_query_intent] Classified: 'Hiển thị các lệnh chuyển khoản...' -> getTransactionList | Tra cứu g (score=1)
2025-12-31 11:05:24 | DEBUG    | log:153 | [normalize_query] 'Tôi muốn kiểm tra các giao dịch thẻ đang...' -> 'Tôi muốn kiểm tra các giao dịch thẻ đang...'
2025-12-31 11:05:24 | DEBUG    | log:153 | [perform_hybrid_search] query_text: [Tôi muốn kiểm tra các giao dịch thẻ đang pending] - formatted_query: [Tôi muốn kiểm tra các giao dịch thẻ đang pending] - normalized_query: [Tôi muốn kiểm tra các giao dịch thẻ đang pending]
2025-12-31 11:05:24 | DEBUG    | log:153 | [perform_hybrid_search] BM25 raw scores: min=9.1197, max=22.0966
2025-12-31 11:05:24 | DEBUG    | log:153 | [get_keyword_boost] Query: 'Tôi muốn kiểm tra các giao dịc...' | Doc: getTransactionList | | Boost: 0.25 | Matched: ['pending']
2025-12-31 11:05:24 | DEBUG    | log:153 | [get_keyword_boost] Query: 'Tôi muốn kiểm tra các giao dịc...' | Doc: getTransactionList | | Boost: 0.25 | Matched: ['pending']
2025-12-31 11:05:24 | DEBUG    | log:153 | [get_keyword_boost] Query: 'Tôi muốn kiểm tra các giao dịc...' | Doc: getTransactionList | | Boost: 0.25 | Matched: ['pending']
2025-12-31 11:05:24 | DEBUG    | log:153 | [get_keyword_boost] Query: 'Tôi muốn kiểm tra các giao dịc...' | Doc: getTransactionList | | Boost: 0.75 | Matched: ['pending', 'thẻ', 'giao dịch thẻ']
2025-12-31 11:05:24 | DEBUG    | log:153 | [get_keyword_boost] Query: 'Tôi muốn kiểm tra các giao dịc...' | Doc: getTransactionList | | Boost: 0.25 | Matched: ['pending']
2025-12-31 11:05:24 | DEBUG    | log:153 | [classify_query_intent] Classified: 'Tôi muốn kiểm tra các giao dịc...' -> getTransactionList | Tra cứu g (score=3)
2025-12-31 11:05:24 | DEBUG    | log:153 | [normalize_query] 'Cho tôi biết những giao dịch thanh toán ...' -> 'Cho tôi biết những giao dịch thanh toán ...'
2025-12-31 11:05:24 | DEBUG    | log:153 | [perform_hybrid_search] query_text: [Cho tôi biết những giao dịch thanh toán nào chưa được duyệt] - formatted_query: [Cho tôi biết những giao dịch thanh toán nào chưa được duyệt] - normalized_query: [Cho tôi biết những giao dịch thanh toán nào chưa được duyệt]
2025-12-31 11:05:24 | DEBUG    | log:153 | [perform_hybrid_search] BM25 raw scores: min=13.2244, max=29.8300
2025-12-31 11:05:25 | DEBUG    | log:153 | [get_keyword_boost] Query: 'Cho tôi biết những giao dịch t...' | Doc: getTransactionList | | Boost: 0.25 | Matched: ['chưa được duyệt']
2025-12-31 11:05:25 | DEBUG    | log:153 | [get_keyword_boost] Query: 'Cho tôi biết những giao dịch t...' | Doc: getTransactionList | | Boost: 0.25 | Matched: ['thanh toán']
2025-12-31 11:05:25 | DEBUG    | log:153 | [classify_query_intent] Ambiguous: 'Cho tôi biết những giao dịch t...' | Scores: {'getTransactionList | Tra cứu giao dịch đang chờ xử lý hoặc chờ duyệt': 1, 'getTransactionList | Tra cứu giao dịch chờ duyệt theo loại giao dịch': 1}
2025-12-31 11:05:25 | DEBUG    | log:153 | [normalize_query] 'Liệt kê các lệnh chuyển tiền chưa phê du...' -> 'Liệt kê các lệnh chuyển tiền chưa phê du...'
2025-12-31 11:05:25 | DEBUG    | log:153 | [perform_hybrid_search] query_text: [Liệt kê các lệnh chuyển tiền chưa phê duyệt] - formatted_query: [Liệt kê các lệnh chuyển tiền chưa phê duyệt] - normalized_query: [Liệt kê các lệnh chuyển tiền chưa phê duyệt]
2025-12-31 11:05:25 | DEBUG    | log:153 | [perform_hybrid_search] BM25 raw scores: min=19.2640, max=28.1699
2025-12-31 11:05:25 | DEBUG    | log:153 | [get_keyword_boost] Query: 'Liệt kê các lệnh chuyển tiền c...' | Doc: getTransactionList | | Boost: 0.25 | Matched: ['chuyển tiền']
2025-12-31 11:05:25 | DEBUG    | log:153 | [classify_query_intent] Classified: 'Liệt kê các lệnh chuyển tiền c...' -> getTransactionList | Tra cứu g (score=1)
2025-12-31 11:05:25 | DEBUG    | log:153 | [normalize_query] 'Các giao dịch nào thuộc loại hóa đơn hiệ...' -> 'Các giao dịch nào thuộc loại hóa đơn hiệ...'
2025-12-31 11:05:25 | DEBUG    | log:153 | [perform_hybrid_search] query_text: [Các giao dịch nào thuộc loại hóa đơn hiện tại chưa được duyệt] - formatted_query: [Các giao dịch nào thuộc loại hóa đơn hiện tại chưa được duyệt] - normalized_query: [Các giao dịch nào thuộc loại hóa đơn hiện tại chưa được duyệt]
2025-12-31 11:05:25 | DEBUG    | log:153 | [perform_hybrid_search] BM25 raw scores: min=14.7218, max=31.3942
2025-12-31 11:05:25 | DEBUG    | log:153 | [get_keyword_boost] Query: 'Các giao dịch nào thuộc loại h...' | Doc: getTransactionList | | Boost: 0.25 | Matched: ['chưa được duyệt']
2025-12-31 11:05:25 | DEBUG    | log:153 | [classify_query_intent] Classified: 'Các giao dịch nào thuộc loại h...' -> getTransactionList | Tra cứu g (score=1)
2025-12-31 11:05:25 | DEBUG    | log:153 | [normalize_query] 'Xem danh sách giao dịch thẻ đang chờ xử ...' -> 'Xem danh sách giao dịch thẻ đang chờ xử ...'
2025-12-31 11:05:25 | DEBUG    | log:153 | [perform_hybrid_search] query_text: [Xem danh sách giao dịch thẻ đang chờ xử lý] - formatted_query: [Xem danh sách giao dịch thẻ đang chờ xử lý] - normalized_query: [Xem danh sách giao dịch thẻ đang chờ xử lý]
2025-12-31 11:05:25 | DEBUG    | log:153 | [perform_hybrid_search] BM25 raw scores: min=12.4662, max=25.3755
2025-12-31 11:05:25 | DEBUG    | log:153 | [get_keyword_boost] Query: 'Xem danh sách giao dịch thẻ đa...' | Doc: getTransactionList | | Boost: 0.50 | Matched: ['chờ xử lý', 'đang chờ']
2025-12-31 11:05:25 | DEBUG    | log:153 | [get_keyword_boost] Query: 'Xem danh sách giao dịch thẻ đa...' | Doc: getTransactionList | | Boost: 0.25 | Matched: ['chờ xử lý']
2025-12-31 11:05:25 | DEBUG    | log:153 | [get_keyword_boost] Query: 'Xem danh sách giao dịch thẻ đa...' | Doc: getTransactionList | | Boost: 0.25 | Matched: ['chờ xử lý']
2025-12-31 11:05:25 | DEBUG    | log:153 | [get_keyword_boost] Query: 'Xem danh sách giao dịch thẻ đa...' | Doc: getTransactionList | | Boost: 0.75 | Matched: ['chờ xử lý', 'thẻ', 'giao dịch thẻ']
2025-12-31 11:05:25 | DEBUG    | log:153 | [get_keyword_boost] Query: 'Xem danh sách giao dịch thẻ đa...' | Doc: getTransactionList | | Boost: 0.25 | Matched: ['chờ xử lý']
2025-12-31 11:05:25 | DEBUG    | log:153 | [classify_query_intent] Classified: 'Xem danh sách giao dịch thẻ đa...' -> getTransactionList | Tra cứu g (score=3)
2025-12-31 11:05:25 | DEBUG    | log:153 | [normalize_query] 'Hiển thị toàn bộ giao dịch thanh toán ch...' -> 'Hiển thị toàn bộ giao dịch thanh toán ch...'
2025-12-31 11:05:25 | DEBUG    | log:153 | [perform_hybrid_search] query_text: [Hiển thị toàn bộ giao dịch thanh toán chưa phê duyệt] - formatted_query: [Hiển thị toàn bộ giao dịch thanh toán chưa phê duyệt] - normalized_query: [Hiển thị toàn bộ giao dịch thanh toán chưa phê duyệt]
2025-12-31 11:05:25 | DEBUG    | log:153 | [perform_hybrid_search] BM25 raw scores: min=20.3911, max=38.9034
2025-12-31 11:05:25 | DEBUG    | log:153 | [get_keyword_boost] Query: 'Hiển thị toàn bộ giao dịch tha...' | Doc: getTransactionList | | Boost: 0.25 | Matched: ['toàn bộ']
2025-12-31 11:05:25 | DEBUG    | log:153 | [get_keyword_boost] Query: 'Hiển thị toàn bộ giao dịch tha...' | Doc: getTransactionList | | Boost: 0.25 | Matched: ['thanh toán']
2025-12-31 11:05:25 | DEBUG    | log:153 | [classify_query_intent] Ambiguous: 'Hiển thị toàn bộ giao dịch tha...' | Scores: {'getTransactionList | Tra cứu giao dịch đang chờ xử lý hoặc chờ duyệt': 1, 'getTransactionList | Tra cứu giao dịch chờ duyệt theo loại giao dịch': 1}
2025-12-31 11:05:25 | DEBUG    | log:153 | [normalize_query] 'Có giao dịch chuyển khoản nào đang bị tr...' -> 'Có giao dịch chuyển khoản nào đang bị tr...'
2025-12-31 11:05:25 | DEBUG    | log:153 | [perform_hybrid_search] query_text: [Có giao dịch chuyển khoản nào đang bị treo không] - formatted_query: [Có giao dịch chuyển khoản nào đang bị treo không] - normalized_query: [Có giao dịch chuyển khoản nào đang bị treo không]
2025-12-31 11:05:25 | DEBUG    | log:153 | [perform_hybrid_search] BM25 raw scores: min=14.0145, max=28.2826
2025-12-31 11:05:25 | DEBUG    | log:153 | [get_keyword_boost] Query: 'Có giao dịch chuyển khoản nào ...' | Doc: getTransactionList | | Boost: 0.25 | Matched: ['chuyển khoản']
2025-12-31 11:05:25 | DEBUG    | log:153 | [classify_query_intent] Classified: 'Có giao dịch chuyển khoản nào ...' -> getTransactionList | Tra cứu g (score=1)
2025-12-31 11:05:25 | DEBUG    | log:153 | [normalize_query] 'Cho tôi xem các giao dịch thẻ chưa xử lý...' -> 'Cho tôi xem các giao dịch thẻ chưa xử lý...'
2025-12-31 11:05:25 | DEBUG    | log:153 | [perform_hybrid_search] query_text: [Cho tôi xem các giao dịch thẻ chưa xử lý] - formatted_query: [Cho tôi xem các giao dịch thẻ chưa xử lý] - normalized_query: [Cho tôi xem các giao dịch thẻ chưa xử lý]
2025-12-31 11:05:25 | DEBUG    | log:153 | [perform_hybrid_search] BM25 raw scores: min=5.5357, max=16.9808
2025-12-31 11:05:25 | DEBUG    | log:153 | [get_keyword_boost] Query: 'Cho tôi xem các giao dịch thẻ ...' | Doc: getTransactionList | | Boost: 0.50 | Matched: ['thẻ', 'giao dịch thẻ']
2025-12-31 11:05:25 | DEBUG    | log:153 | [classify_query_intent] Classified: 'Cho tôi xem các giao dịch thẻ ...' -> getTransactionList | Tra cứu g (score=2)
2025-12-31 11:05:25 | DEBUG    | log:153 | [normalize_query] 'Liệt kê tất cả giao dịch cần duyệt theo ...' -> 'Liệt kê tất cả giao dịch cần duyệt theo ...'
2025-12-31 11:05:25 | DEBUG    | log:153 | [perform_hybrid_search] query_text: [Liệt kê tất cả giao dịch cần duyệt theo loại thanh toán] - formatted_query: [Liệt kê tất cả giao dịch cần duyệt theo loại thanh toán] - normalized_query: [Liệt kê tất cả giao dịch cần duyệt theo loại thanh toán]
2025-12-31 11:05:25 | DEBUG    | log:153 | [perform_hybrid_search] BM25 raw scores: min=22.8867, max=39.5221
2025-12-31 11:05:25 | DEBUG    | log:153 | [get_keyword_boost] Query: 'Liệt kê tất cả giao dịch cần d...' | Doc: getTransactionList | | Boost: 0.50 | Matched: ['cần duyệt', 'tất cả']
2025-12-31 11:05:25 | DEBUG    | log:153 | [get_keyword_boost] Query: 'Liệt kê tất cả giao dịch cần d...' | Doc: getTransactionList | | Boost: 0.25 | Matched: ['thanh toán']
2025-12-31 11:05:25 | DEBUG    | log:153 | [classify_query_intent] Classified: 'Liệt kê tất cả giao dịch cần d...' -> getTransactionList | Tra cứu g (score=2)
2025-12-31 11:05:25 | DEBUG    | log:153 | [normalize_query] 'Cho tôi xem các giao dịch trên 500 triệu...' -> 'Cho tôi xem các giao dịch trên 500 triệu...'
2025-12-31 11:05:25 | DEBUG    | log:153 | [perform_hybrid_search] query_text: [Cho tôi xem các giao dịch trên 500 triệu đang chờ duyệt] - formatted_query: [Cho tôi xem các giao dịch trên 500 triệu đang chờ duyệt] - normalized_query: [Cho tôi xem các giao dịch trên 500 triệu đang chờ duyệt]
2025-12-31 11:05:25 | DEBUG    | log:153 | [perform_hybrid_search] BM25 raw scores: min=6.0136, max=31.8875
2025-12-31 11:05:25 | DEBUG    | log:153 | [get_keyword_boost] Query: 'Cho tôi xem các giao dịch trên...' | Doc: getTransactionList | | Boost: 0.50 | Matched: ['chờ duyệt', 'đang chờ']
2025-12-31 11:05:25 | DEBUG    | log:153 | [get_keyword_boost] Query: 'Cho tôi xem các giao dịch trên...' | Doc: getTransactionList | | Boost: 0.25 | Matched: ['chờ duyệt']
2025-12-31 11:05:25 | DEBUG    | log:153 | [get_keyword_boost] Query: 'Cho tôi xem các giao dịch trên...' | Doc: getTransactionList | | Boost: 0.25 | Matched: ['chờ duyệt']
2025-12-31 11:05:25 | DEBUG    | log:153 | [get_keyword_boost] Query: 'Cho tôi xem các giao dịch trên...' | Doc: getTransactionList | | Boost: 0.25 | Matched: ['chờ duyệt']
2025-12-31 11:05:25 | DEBUG    | log:153 | [get_keyword_boost] Query: 'Cho tôi xem các giao dịch trên...' | Doc: getTransactionList | | Boost: 0.75 | Matched: ['chờ duyệt', 'trên', 'triệu']
2025-12-31 11:05:25 | DEBUG    | log:153 | [classify_query_intent] Classified: 'Cho tôi xem các giao dịch trên...' -> getTransactionList | Tra cứu g (score=3)
2025-12-31 11:05:25 | DEBUG    | log:153 | [normalize_query] 'Liệt kê toàn bộ giao dịch trên 500 triệu...' -> 'Liệt kê toàn bộ giao dịch trên 500 triệu...'
2025-12-31 11:05:25 | DEBUG    | log:153 | [perform_hybrid_search] query_text: [Liệt kê toàn bộ giao dịch trên 500 triệu chưa được phê duyệt] - formatted_query: [Liệt kê toàn bộ giao dịch trên 500 triệu chưa được phê duyệt] - normalized_query: [Liệt kê toàn bộ giao dịch trên 500 triệu chưa được phê duyệt]
2025-12-31 11:05:25 | DEBUG    | log:153 | [perform_hybrid_search] BM25 raw scores: min=18.7792, max=48.4146
2025-12-31 11:05:25 | DEBUG    | log:153 | [get_keyword_boost] Query: 'Liệt kê toàn bộ giao dịch trên...' | Doc: getTransactionList | | Boost: 0.50 | Matched: ['chưa được phê duyệt', 'toàn bộ']
2025-12-31 11:05:25 | DEBUG    | log:153 | [get_keyword_boost] Query: 'Liệt kê toàn bộ giao dịch trên...' | Doc: getTransactionList | | Boost: 0.50 | Matched: ['trên', 'triệu']
2025-12-31 11:05:25 | DEBUG    | log:153 | [classify_query_intent] Ambiguous: 'Liệt kê toàn bộ giao dịch trên...' | Scores: {'getTransactionList | Tra cứu giao dịch đang chờ xử lý hoặc chờ duyệt': 2, 'getTransactionList | Tra cứu giao dịch chờ duyệt theo số tiền hoặc hạn mức': 2}
2025-12-31 11:05:25 | DEBUG    | log:153 | [normalize_query] 'Có giao dịch nào trên 1 tỷ đang pending ...' -> 'Có giao dịch nào trên 1 tỷ đang pending ...'
2025-12-31 11:05:25 | DEBUG    | log:153 | [perform_hybrid_search] query_text: [Có giao dịch nào trên 1 tỷ đang pending không] - formatted_query: [Có giao dịch nào trên 1 tỷ đang pending không] - normalized_query: [Có giao dịch nào trên 1 tỷ đang pending không]
2025-12-31 11:05:25 | DEBUG    | log:153 | [perform_hybrid_search] BM25 raw scores: min=16.0757, max=32.0213
2025-12-31 11:05:25 | DEBUG    | log:153 | [get_keyword_boost] Query: 'Có giao dịch nào trên 1 tỷ đan...' | Doc: getTransactionList | | Boost: 0.25 | Matched: ['pending']
2025-12-31 11:05:25 | DEBUG    | log:153 | [get_keyword_boost] Query: 'Có giao dịch nào trên 1 tỷ đan...' | Doc: getTransactionList | | Boost: 0.25 | Matched: ['pending']
2025-12-31 11:05:25 | DEBUG    | log:153 | [get_keyword_boost] Query: 'Có giao dịch nào trên 1 tỷ đan...' | Doc: getTransactionList | | Boost: 0.25 | Matched: ['pending']
2025-12-31 11:05:25 | DEBUG    | log:153 | [get_keyword_boost] Query: 'Có giao dịch nào trên 1 tỷ đan...' | Doc: getTransactionList | | Boost: 0.25 | Matched: ['pending']
2025-12-31 11:05:25 | DEBUG    | log:153 | [get_keyword_boost] Query: 'Có giao dịch nào trên 1 tỷ đan...' | Doc: getTransactionList | | Boost: 0.75 | Matched: ['pending', 'trên', 'tỷ']
2025-12-31 11:05:25 | DEBUG    | log:153 | [classify_query_intent] Classified: 'Có giao dịch nào trên 1 tỷ đan...' -> getTransactionList | Tra cứu g (score=3)
2025-12-31 11:05:25 | DEBUG    | log:153 | [normalize_query] 'Hiển thị danh sách giao dịch chưa hoàn t...' -> 'Hiển thị danh sách giao dịch chưa hoàn t...'
2025-12-31 11:05:25 | DEBUG    | log:153 | [perform_hybrid_search] query_text: [Hiển thị danh sách giao dịch chưa hoàn tất với số tiền từ 200 triệu trở lên] - formatted_query: [Hiển thị danh sách giao dịch chưa hoàn tất với số tiền từ 200 triệu trở lên] - normalized_query: [Hiển thị danh sách giao dịch chưa hoàn tất với số tiền từ 200 triệu trở lên]
2025-12-31 11:05:25 | DEBUG    | log:153 | [perform_hybrid_search] BM25 raw scores: min=25.0440, max=51.0044
2025-12-31 11:05:25 | DEBUG    | log:153 | [get_keyword_boost] Query: 'Hiển thị danh sách giao dịch c...' | Doc: getTransactionList | | Boost: 0.75 | Matched: ['số tiền', 'từ', 'triệu']
2025-12-31 11:05:25 | DEBUG    | log:153 | [classify_query_intent] Classified: 'Hiển thị danh sách giao dịch c...' -> getTransactionList | Tra cứu g (score=3)
2025-12-31 11:05:25 | DEBUG    | log:153 | [normalize_query] 'Tôi muốn xem tất cả giao dịch trên 500 t...' -> 'Tôi muốn xem tất cả giao dịch trên 500 t...'
2025-12-31 11:05:25 | DEBUG    | log:153 | [perform_hybrid_search] query_text: [Tôi muốn xem tất cả giao dịch trên 500 triệu đang chờ xử lý] - formatted_query: [Tôi muốn xem tất cả giao dịch trên 500 triệu đang chờ xử lý] - normalized_query: [Tôi muốn xem tất cả giao dịch trên 500 triệu đang chờ xử lý]
2025-12-31 11:05:25 | DEBUG    | log:153 | [perform_hybrid_search] BM25 raw scores: min=12.8998, max=43.7128
2025-12-31 11:05:25 | DEBUG    | log:153 | [get_keyword_boost] Query: 'Tôi muốn xem tất cả giao dịch ...' | Doc: getTransactionList | | Boost: 0.75 | Matched: ['chờ xử lý', 'đang chờ', 'tất cả']
2025-12-31 11:05:25 | DEBUG    | log:153 | [get_keyword_boost] Query: 'Tôi muốn xem tất cả giao dịch ...' | Doc: getTransactionList | | Boost: 0.25 | Matched: ['chờ xử lý']
2025-12-31 11:05:25 | DEBUG    | log:153 | [get_keyword_boost] Query: 'Tôi muốn xem tất cả giao dịch ...' | Doc: getTransactionList | | Boost: 0.25 | Matched: ['chờ xử lý']
2025-12-31 11:05:25 | DEBUG    | log:153 | [get_keyword_boost] Query: 'Tôi muốn xem tất cả giao dịch ...' | Doc: getTransactionList | | Boost: 0.25 | Matched: ['chờ xử lý']
2025-12-31 11:05:25 | DEBUG    | log:153 | [get_keyword_boost] Query: 'Tôi muốn xem tất cả giao dịch ...' | Doc: getTransactionList | | Boost: 0.75 | Matched: ['chờ xử lý', 'trên', 'triệu']
2025-12-31 11:05:25 | DEBUG    | log:153 | [classify_query_intent] Ambiguous: 'Tôi muốn xem tất cả giao dịch ...' | Scores: {'getTransactionList | Tra cứu giao dịch đang chờ xử lý hoặc chờ duyệt': 3, 'getTransactionList | Tra cứu giao dịch chờ duyệt theo số tài khoản nguồn': 1, 'getTransactionList | Tra cứu giao dịch chờ duyệt theo khoảng thời gian': 1, 'getTransactionList | Tra cứu giao dịch chờ duyệt theo loại giao dịch': 1, 'getTransactionList | Tra cứu giao dịch chờ duyệt theo số tiền hoặc hạn mức': 3}
2025-12-31 11:05:25 | DEBUG    | log:153 | [normalize_query] 'Các lệnh chuyển tiền nào trên 100 triệu ...' -> 'Các lệnh chuyển tiền nào trên 100 triệu ...'
2025-12-31 11:05:25 | DEBUG    | log:153 | [perform_hybrid_search] query_text: [Các lệnh chuyển tiền nào trên 100 triệu chưa được duyệt] - formatted_query: [Các lệnh chuyển tiền nào trên 100 triệu chưa được duyệt] - normalized_query: [Các lệnh chuyển tiền nào trên 100 triệu chưa được duyệt]
2025-12-31 11:05:25 | DEBUG    | log:153 | [perform_hybrid_search] BM25 raw scores: min=13.7549, max=31.7678
2025-12-31 11:05:25 | DEBUG    | log:153 | [get_keyword_boost] Query: 'Các lệnh chuyển tiền nào trên ...' | Doc: getTransactionList | | Boost: 0.25 | Matched: ['chưa được duyệt']
2025-12-31 11:05:25 | DEBUG    | log:153 | [get_keyword_boost] Query: 'Các lệnh chuyển tiền nào trên ...' | Doc: getTransactionList | | Boost: 0.25 | Matched: ['chuyển tiền']
2025-12-31 11:05:25 | DEBUG    | log:153 | [get_keyword_boost] Query: 'Các lệnh chuyển tiền nào trên ...' | Doc: getTransactionList | | Boost: 0.50 | Matched: ['trên', 'triệu']
2025-12-31 11:05:25 | DEBUG    | log:153 | [classify_query_intent] Classified: 'Các lệnh chuyển tiền nào trên ...' -> getTransactionList | Tra cứu g (score=2)
2025-12-31 11:05:25 | DEBUG    | log:153 | [normalize_query] 'Cho biết giao dịch nào trên 500 triệu ch...' -> 'Cho biết giao dịch nào trên 500 triệu ch...'
2025-12-31 11:05:25 | DEBUG    | log:153 | [perform_hybrid_search] query_text: [Cho biết giao dịch nào trên 500 triệu chưa được phê duyệt] - formatted_query: [Cho biết giao dịch nào trên 500 triệu chưa được phê duyệt] - normalized_query: [Cho biết giao dịch nào trên 500 triệu chưa được phê duyệt]
2025-12-31 11:05:25 | DEBUG    | log:153 | [perform_hybrid_search] BM25 raw scores: min=16.3682, max=41.0774
2025-12-31 11:05:25 | DEBUG    | log:153 | [get_keyword_boost] Query: 'Cho biết giao dịch nào trên 50...' | Doc: getTransactionList | | Boost: 0.25 | Matched: ['chưa được phê duyệt']
2025-12-31 11:05:25 | DEBUG    | log:153 | [get_keyword_boost] Query: 'Cho biết giao dịch nào trên 50...' | Doc: getTransactionList | | Boost: 0.50 | Matched: ['trên', 'triệu']
2025-12-31 11:05:25 | DEBUG    | log:153 | [classify_query_intent] Classified: 'Cho biết giao dịch nào trên 50...' -> getTransactionList | Tra cứu g (score=2)
2025-12-31 11:05:25 | DEBUG    | log:153 | [normalize_query] 'Liệt kê các giao dịch bị treo với hạn mứ...' -> 'Liệt kê các giao dịch bị treo với hạn mứ...'
2025-12-31 11:05:25 | DEBUG    | log:153 | [perform_hybrid_search] query_text: [Liệt kê các giao dịch bị treo với hạn mức trên 50 triệu] - formatted_query: [Liệt kê các giao dịch bị treo với hạn mức trên 50 triệu] - normalized_query: [Liệt kê các giao dịch bị treo với hạn mức trên 50 triệu]
2025-12-31 11:05:25 | DEBUG    | log:153 | [perform_hybrid_search] BM25 raw scores: min=10.7787, max=33.8277
2025-12-31 11:05:25 | DEBUG    | log:153 | [get_keyword_boost] Query: 'Liệt kê các giao dịch bị treo ...' | Doc: getTransactionList | | Boost: 0.75 | Matched: ['hạn mức', 'trên', 'triệu']
2025-12-31 11:05:25 | DEBUG    | log:153 | [classify_query_intent] Classified: 'Liệt kê các giao dịch bị treo ...' -> getTransactionList | Tra cứu g (score=3)
2025-12-31 11:05:25 | DEBUG    | log:153 | [normalize_query] 'Xem toàn bộ giao dịch chưa duyệt có số t...' -> 'Xem toàn bộ giao dịch chưa duyệt có số t...'
2025-12-31 11:05:25 | DEBUG    | log:153 | [perform_hybrid_search] query_text: [Xem toàn bộ giao dịch chưa duyệt có số tiền từ 10 triệu trở lên] - formatted_query: [Xem toàn bộ giao dịch chưa duyệt có số tiền từ 10 triệu trở lên] - normalized_query: [Xem toàn bộ giao dịch chưa duyệt có số tiền từ 10 triệu trở lên]
2025-12-31 11:05:25 | DEBUG    | log:153 | [perform_hybrid_search] BM25 raw scores: min=17.8816, max=47.4125
2025-12-31 11:05:25 | DEBUG    | log:153 | [get_keyword_boost] Query: 'Xem toàn bộ giao dịch chưa duy...' | Doc: getTransactionList | | Boost: 0.25 | Matched: ['toàn bộ']
2025-12-31 11:05:25 | DEBUG    | log:153 | [get_keyword_boost] Query: 'Xem toàn bộ giao dịch chưa duy...' | Doc: getTransactionList | | Boost: 0.75 | Matched: ['số tiền', 'từ', 'triệu']
2025-12-31 11:05:25 | DEBUG    | log:153 | [classify_query_intent] Classified: 'Xem toàn bộ giao dịch chưa duy...' -> getTransactionList | Tra cứu g (score=3)
2025-12-31 11:05:25 | DEBUG    | log:153 | [normalize_query] 'Có giao dịch nào trên 2 tỷ đang ở trạng ...' -> 'Có giao dịch nào trên 2 tỷ đang ở trạng ...'
2025-12-31 11:05:25 | DEBUG    | log:153 | [perform_hybrid_search] query_text: [Có giao dịch nào trên 2 tỷ đang ở trạng thái “chờ duyệt” không] - formatted_query: [Có giao dịch nào trên 2 tỷ đang ở trạng thái “chờ duyệt” không] - normalized_query: [Có giao dịch nào trên 2 tỷ đang ở trạng thái “chờ duyệt” không]
2025-12-31 11:05:25 | DEBUG    | log:153 | [perform_hybrid_search] BM25 raw scores: min=14.1416, max=34.5637
2025-12-31 11:05:25 | DEBUG    | log:153 | [get_keyword_boost] Query: 'Có giao dịch nào trên 2 tỷ đan...' | Doc: getTransactionList | | Boost: 0.25 | Matched: ['chờ duyệt']
2025-12-31 11:05:25 | DEBUG    | log:153 | [get_keyword_boost] Query: 'Có giao dịch nào trên 2 tỷ đan...' | Doc: getTransactionList | | Boost: 0.25 | Matched: ['chờ duyệt']
2025-12-31 11:05:25 | DEBUG    | log:153 | [get_keyword_boost] Query: 'Có giao dịch nào trên 2 tỷ đan...' | Doc: getTransactionList | | Boost: 0.25 | Matched: ['chờ duyệt']
2025-12-31 11:05:25 | DEBUG    | log:153 | [get_keyword_boost] Query: 'Có giao dịch nào trên 2 tỷ đan...' | Doc: getTransactionList | | Boost: 0.25 | Matched: ['chờ duyệt']
2025-12-31 11:05:25 | DEBUG    | log:153 | [get_keyword_boost] Query: 'Có giao dịch nào trên 2 tỷ đan...' | Doc: getTransactionList | | Boost: 0.75 | Matched: ['chờ duyệt', 'trên', 'tỷ']
2025-12-31 11:05:25 | DEBUG    | log:153 | [classify_query_intent] Classified: 'Có giao dịch nào trên 2 tỷ đan...' -> getTransactionList | Tra cứu g (score=3)
2025-12-31 11:05:25 | DEBUG    | log:153 | [normalize_query] 'Hiển thị các lệnh chưa được xử lý với số...' -> 'Hiển thị các lệnh chưa được xử lý với số...'
2025-12-31 11:05:25 | DEBUG    | log:153 | [perform_hybrid_search] query_text: [Hiển thị các lệnh chưa được xử lý với số tiền lớn trên 500 triệu] - formatted_query: [Hiển thị các lệnh chưa được xử lý với số tiền lớn trên 500 triệu] - normalized_query: [Hiển thị các lệnh chưa được xử lý với số tiền lớn trên 500 triệu]
2025-12-31 11:05:25 | DEBUG    | log:153 | [perform_hybrid_search] BM25 raw scores: min=9.9419, max=38.6474
2025-12-31 11:05:25 | DEBUG    | log:153 | [get_keyword_boost] Query: 'Hiển thị các lệnh chưa được xử...' | Doc: getTransactionList | | Boost: 0.75 | Matched: ['số tiền', 'trên', 'triệu']
2025-12-31 11:05:25 | DEBUG    | log:153 | [classify_query_intent] Classified: 'Hiển thị các lệnh chưa được xử...' -> getTransactionList | Tra cứu g (score=3)
2025-12-31 11:05:25 | DEBUG    | log:153 | [normalize_query] 'Tôi muốn kiểm tra các giao dịch trên 500...' -> 'Tôi muốn kiểm tra các giao dịch trên 500...'
2025-12-31 11:05:25 | DEBUG    | log:153 | [perform_hybrid_search] query_text: [Tôi muốn kiểm tra các giao dịch trên 500 triệu đang pending] - formatted_query: [Tôi muốn kiểm tra các giao dịch trên 500 triệu đang pending] - normalized_query: [Tôi muốn kiểm tra các giao dịch trên 500 triệu đang pending]
2025-12-31 11:05:25 | DEBUG    | log:153 | [perform_hybrid_search] BM25 raw scores: min=9.2488, max=34.1438
2025-12-31 11:05:25 | DEBUG    | log:153 | [get_keyword_boost] Query: 'Tôi muốn kiểm tra các giao dịc...' | Doc: getTransactionList | | Boost: 0.25 | Matched: ['pending']
2025-12-31 11:05:25 | DEBUG    | log:153 | [get_keyword_boost] Query: 'Tôi muốn kiểm tra các giao dịc...' | Doc: getTransactionList | | Boost: 0.25 | Matched: ['pending']
2025-12-31 11:05:25 | DEBUG    | log:153 | [get_keyword_boost] Query: 'Tôi muốn kiểm tra các giao dịc...' | Doc: getTransactionList | | Boost: 0.25 | Matched: ['pending']
2025-12-31 11:05:25 | DEBUG    | log:153 | [get_keyword_boost] Query: 'Tôi muốn kiểm tra các giao dịc...' | Doc: getTransactionList | | Boost: 0.25 | Matched: ['pending']
2025-12-31 11:05:25 | DEBUG    | log:153 | [get_keyword_boost] Query: 'Tôi muốn kiểm tra các giao dịc...' | Doc: getTransactionList | | Boost: 0.75 | Matched: ['pending', 'trên', 'triệu']
2025-12-31 11:05:25 | DEBUG    | log:153 | [classify_query_intent] Classified: 'Tôi muốn kiểm tra các giao dịc...' -> getTransactionList | Tra cứu g (score=3)
2025-12-31 11:05:25 | DEBUG    | log:153 | [normalize_query] 'Cho tôi biết những giao dịch nào chưa đư...' -> 'Cho tôi biết những giao dịch nào chưa đư...'
2025-12-31 11:05:25 | DEBUG    | log:153 | [perform_hybrid_search] query_text: [Cho tôi biết những giao dịch nào chưa được duyệt với số tiền trên 300 triệu] - formatted_query: [Cho tôi biết những giao dịch nào chưa được duyệt với số tiền trên 300 triệu] - normalized_query: [Cho tôi biết những giao dịch nào chưa được duyệt với số tiền trên 300 triệu]
2025-12-31 11:05:25 | DEBUG    | log:153 | [perform_hybrid_search] BM25 raw scores: min=17.2978, max=33.9603
2025-12-31 11:05:25 | DEBUG    | log:153 | [get_keyword_boost] Query: 'Cho tôi biết những giao dịch n...' | Doc: getTransactionList | | Boost: 0.25 | Matched: ['chưa được duyệt']
2025-12-31 11:05:25 | DEBUG    | log:153 | [get_keyword_boost] Query: 'Cho tôi biết những giao dịch n...' | Doc: getTransactionList | | Boost: 0.75 | Matched: ['số tiền', 'trên', 'triệu']
2025-12-31 11:05:25 | DEBUG    | log:153 | [classify_query_intent] Classified: 'Cho tôi biết những giao dịch n...' -> getTransactionList | Tra cứu g (score=3)
2025-12-31 11:05:25 | DEBUG    | log:153 | [normalize_query] 'Liệt kê các lệnh chuyển tiền chưa phê du...' -> 'Liệt kê các lệnh chuyển tiền chưa phê du...'
2025-12-31 11:05:25 | DEBUG    | log:153 | [perform_hybrid_search] query_text: [Liệt kê các lệnh chuyển tiền chưa phê duyệt có giá trị trên 500 triệu] - formatted_query: [Liệt kê các lệnh chuyển tiền chưa phê duyệt có giá trị trên 500 triệu] - normalized_query: [Liệt kê các lệnh chuyển tiền chưa phê duyệt có giá trị trên 500 triệu]
2025-12-31 11:05:25 | DEBUG    | log:153 | [perform_hybrid_search] BM25 raw scores: min=19.5151, max=56.3077
2025-12-31 11:05:25 | DEBUG    | log:153 | [get_keyword_boost] Query: 'Liệt kê các lệnh chuyển tiền c...' | Doc: getTransactionList | | Boost: 0.25 | Matched: ['chuyển tiền']
2025-12-31 11:05:25 | DEBUG    | log:153 | [get_keyword_boost] Query: 'Liệt kê các lệnh chuyển tiền c...' | Doc: getTransactionList | | Boost: 0.75 | Matched: ['giá trị', 'trên', 'triệu']
2025-12-31 11:05:25 | DEBUG    | log:153 | [classify_query_intent] Classified: 'Liệt kê các lệnh chuyển tiền c...' -> getTransactionList | Tra cứu g (score=3)
2025-12-31 11:05:25 | DEBUG    | log:153 | [normalize_query] 'Các giao dịch nào hiện tại chưa được duy...' -> 'Các giao dịch nào hiện tại chưa được duy...'
2025-12-31 11:05:25 | DEBUG    | log:153 | [perform_hybrid_search] query_text: [Các giao dịch nào hiện tại chưa được duyệt với số tiền từ 5 triệu trở lên] - formatted_query: [Các giao dịch nào hiện tại chưa được duyệt với số tiền từ 5 triệu trở lên] - normalized_query: [Các giao dịch nào hiện tại chưa được duyệt với số tiền từ 5 triệu trở lên]
2025-12-31 11:05:25 | DEBUG    | log:153 | [perform_hybrid_search] BM25 raw scores: min=14.1409, max=41.7323
2025-12-31 11:05:25 | DEBUG    | log:153 | [get_keyword_boost] Query: 'Các giao dịch nào hiện tại chư...' | Doc: getTransactionList | | Boost: 0.25 | Matched: ['chưa được duyệt']
2025-12-31 11:05:25 | DEBUG    | log:153 | [get_keyword_boost] Query: 'Các giao dịch nào hiện tại chư...' | Doc: getTransactionList | | Boost: 0.75 | Matched: ['số tiền', 'từ', 'triệu']
2025-12-31 11:05:25 | DEBUG    | log:153 | [classify_query_intent] Classified: 'Các giao dịch nào hiện tại chư...' -> getTransactionList | Tra cứu g (score=3)
2025-12-31 11:05:25 | DEBUG    | log:153 | [normalize_query] 'Xem danh sách giao dịch pending có số ti...' -> 'Xem danh sách giao dịch pending có số ti...'
2025-12-31 11:05:25 | DEBUG    | log:153 | [perform_hybrid_search] query_text: [Xem danh sách giao dịch pending có số tiền trên 100 triệu] - formatted_query: [Xem danh sách giao dịch pending có số tiền trên 100 triệu] - normalized_query: [Xem danh sách giao dịch pending có số tiền trên 100 triệu]
2025-12-31 11:05:25 | DEBUG    | log:153 | [perform_hybrid_search] BM25 raw scores: min=12.8874, max=32.6833
2025-12-31 11:05:25 | DEBUG    | log:153 | [get_keyword_boost] Query: 'Xem danh sách giao dịch pendin...' | Doc: getTransactionList | | Boost: 0.25 | Matched: ['pending']
2025-12-31 11:05:25 | DEBUG    | log:153 | [get_keyword_boost] Query: 'Xem danh sách giao dịch pendin...' | Doc: getTransactionList | | Boost: 0.25 | Matched: ['pending']
2025-12-31 11:05:25 | DEBUG    | log:153 | [get_keyword_boost] Query: 'Xem danh sách giao dịch pendin...' | Doc: getTransactionList | | Boost: 0.25 | Matched: ['pending']
2025-12-31 11:05:25 | DEBUG    | log:153 | [get_keyword_boost] Query: 'Xem danh sách giao dịch pendin...' | Doc: getTransactionList | | Boost: 0.25 | Matched: ['pending']
2025-12-31 11:05:25 | DEBUG    | log:153 | [get_keyword_boost] Query: 'Xem danh sách giao dịch pendin...' | Doc: getTransactionList | | Boost: 1.00 | Matched: ['pending', 'số tiền', 'trên']
2025-12-31 11:05:25 | DEBUG    | log:153 | [classify_query_intent] Classified: 'Xem danh sách giao dịch pendin...' -> getTransactionList | Tra cứu g (score=4)
2025-12-31 11:05:25 | DEBUG    | log:153 | [normalize_query] 'Hiển thị toàn bộ giao dịch chưa phê duyệ...' -> 'Hiển thị toàn bộ giao dịch chưa phê duyệ...'
2025-12-31 11:05:25 | DEBUG    | log:153 | [perform_hybrid_search] query_text: [Hiển thị toàn bộ giao dịch chưa phê duyệt với hạn mức trên 500 triệu] - formatted_query: [Hiển thị toàn bộ giao dịch chưa phê duyệt với hạn mức trên 500 triệu] - normalized_query: [Hiển thị toàn bộ giao dịch chưa phê duyệt với hạn mức trên 500 triệu]
2025-12-31 11:05:25 | DEBUG    | log:153 | [perform_hybrid_search] BM25 raw scores: min=24.9196, max=56.3615
2025-12-31 11:05:25 | DEBUG    | log:153 | [get_keyword_boost] Query: 'Hiển thị toàn bộ giao dịch chư...' | Doc: getTransactionList | | Boost: 0.25 | Matched: ['toàn bộ']
2025-12-31 11:05:25 | DEBUG    | log:153 | [get_keyword_boost] Query: 'Hiển thị toàn bộ giao dịch chư...' | Doc: getTransactionList | | Boost: 0.75 | Matched: ['hạn mức', 'trên', 'triệu']
2025-12-31 11:05:25 | DEBUG    | log:153 | [classify_query_intent] Classified: 'Hiển thị toàn bộ giao dịch chư...' -> getTransactionList | Tra cứu g (score=3)
2025-12-31 11:05:25 | DEBUG    | log:153 | [normalize_query] 'Có giao dịch nào đang bị treo với số tiề...' -> 'Có giao dịch nào đang bị treo với số tiề...'
2025-12-31 11:05:25 | DEBUG    | log:153 | [perform_hybrid_search] query_text: [Có giao dịch nào đang bị treo với số tiền trên 500 triệu không] - formatted_query: [Có giao dịch nào đang bị treo với số tiền trên 500 triệu không] - normalized_query: [Có giao dịch nào đang bị treo với số tiền trên 500 triệu không]
2025-12-31 11:05:25 | DEBUG    | log:153 | [perform_hybrid_search] BM25 raw scores: min=15.1191, max=41.3045
2025-12-31 11:05:25 | DEBUG    | log:153 | [get_keyword_boost] Query: 'Có giao dịch nào đang bị treo ...' | Doc: getTransactionList | | Boost: 0.75 | Matched: ['số tiền', 'trên', 'triệu']
2025-12-31 11:05:25 | DEBUG    | log:153 | [classify_query_intent] Classified: 'Có giao dịch nào đang bị treo ...' -> getTransactionList | Tra cứu g (score=3)
2025-12-31 11:05:25 | DEBUG    | log:153 | [normalize_query] 'Cho tôi xem các giao dịch chưa xử lý trê...' -> 'Cho tôi xem các giao dịch chưa xử lý trê...'
2025-12-31 11:05:25 | DEBUG    | log:153 | [perform_hybrid_search] query_text: [Cho tôi xem các giao dịch chưa xử lý trên 20 triệu] - formatted_query: [Cho tôi xem các giao dịch chưa xử lý trên 20 triệu] - normalized_query: [Cho tôi xem các giao dịch chưa xử lý trên 20 triệu]
2025-12-31 11:05:25 | DEBUG    | log:153 | [perform_hybrid_search] BM25 raw scores: min=6.3474, max=21.0324
2025-12-31 11:05:25 | DEBUG    | log:153 | [get_keyword_boost] Query: 'Cho tôi xem các giao dịch chưa...' | Doc: getTransactionList | | Boost: 0.50 | Matched: ['trên', 'triệu']
2025-12-31 11:05:25 | DEBUG    | log:153 | [classify_query_intent] Classified: 'Cho tôi xem các giao dịch chưa...' -> getTransactionList | Tra cứu g (score=2)
2025-12-31 11:05:25 | DEBUG    | log:153 | [normalize_query] 'Liệt kê tất cả giao dịch cần duyệt có gi...' -> 'Liệt kê tất cả giao dịch cần duyệt có gi...'
2025-12-31 11:05:25 | DEBUG    | log:153 | [perform_hybrid_search] query_text: [Liệt kê tất cả giao dịch cần duyệt có giá trị cao trên 500 triệu] - formatted_query: [Liệt kê tất cả giao dịch cần duyệt có giá trị cao trên 500 triệu] - normalized_query: [Liệt kê tất cả giao dịch cần duyệt có giá trị cao trên 500 triệu]
2025-12-31 11:05:25 | DEBUG    | log:153 | [perform_hybrid_search] BM25 raw scores: min=22.0504, max=60.2302
2025-12-31 11:05:25 | DEBUG    | log:153 | [get_keyword_boost] Query: 'Liệt kê tất cả giao dịch cần d...' | Doc: getTransactionList | | Boost: 0.50 | Matched: ['cần duyệt', 'tất cả']
2025-12-31 11:05:25 | DEBUG    | log:153 | [get_keyword_boost] Query: 'Liệt kê tất cả giao dịch cần d...' | Doc: getTransactionList | | Boost: 1.00 | Matched: ['giá trị', 'trên', 'triệu']
2025-12-31 11:05:25 | DEBUG    | log:153 | [classify_query_intent] Classified: 'Liệt kê tất cả giao dịch cần d...' -> getTransactionList | Tra cứu g (score=4)
2025-12-31 11:05:25 | INFO     | log:151 | [search_batch_stream] Completed in 2.69s, avg 0.027s/row, saved to quick-test_192-168-40-86_20251231_110523.xlsx
2025-12-31 11:16:50 | INFO     | log:151 | [search_batch_stream] Batch stream search from: query_getTransactionList_2.xlsx
2025-12-31 11:16:50 | DEBUG    | log:153 | [get_tables] Getting tables...
2025-12-31 11:16:50 | DEBUG    | log:153 | [get_tables] Returning cached tables
2025-12-31 11:16:50 | DEBUG    | log:153 | [normalize_query] 'check ds cho duyet...' -> 'Check ds cho duyet...'
2025-12-31 11:16:50 | DEBUG    | log:153 | [perform_hybrid_search] query_text: [check ds cho duyet] - formatted_query: [Check ds cho duyet] - normalized_query: [Check ds cho duyet]
2025-12-31 11:16:50 | DEBUG    | log:153 | [perform_hybrid_search] BM25 raw scores: min=0.1622, max=0.1682
2025-12-31 11:16:50 | DEBUG    | log:153 | [classify_query_intent] No keyword matches found in: 'Check ds cho duyet'
2025-12-31 11:16:50 | DEBUG    | log:153 | [normalize_query] 'có giao dịch nào chưa được phê duyệt khô...' -> 'Có giao dịch nào chưa được phê duyệt khô...'
2025-12-31 11:16:50 | DEBUG    | log:153 | [perform_hybrid_search] query_text: [có giao dịch nào chưa được phê duyệt không?] - formatted_query: [Có giao dịch nào chưa được phê duyệt không] - normalized_query: [Có giao dịch nào chưa được phê duyệt không]
2025-12-31 11:16:50 | DEBUG    | log:153 | [perform_hybrid_search] BM25 raw scores: min=18.5161, max=22.8099
2025-12-31 11:16:50 | DEBUG    | log:153 | [get_keyword_boost] Query: 'Có giao dịch nào chưa được phê...' | Doc: getTransactionList | | Boost: 0.25 | Matched: ['chưa được phê duyệt']
2025-12-31 11:16:50 | DEBUG    | log:153 | [classify_query_intent] Classified: 'Có giao dịch nào chưa được phê...' -> getTransactionList | Tra cứu g (score=1)
2025-12-31 11:16:50 | DEBUG    | log:153 | [normalize_query] 'show me pending trans...' -> 'Show me pending trans...'
2025-12-31 11:16:50 | DEBUG    | log:153 | [perform_hybrid_search] query_text: [show me pending trans] - formatted_query: [Show me pending trans] - normalized_query: [Show me pending trans]
2025-12-31 11:16:50 | DEBUG    | log:153 | [perform_hybrid_search] BM25 raw scores: min=0.1123, max=0.1372
2025-12-31 11:16:50 | DEBUG    | log:153 | [get_keyword_boost] Query: 'Show me pending trans...' | Doc: getTransactionList | | Boost: 0.25 | Matched: ['pending']
2025-12-31 11:16:50 | DEBUG    | log:153 | [get_keyword_boost] Query: 'Show me pending trans...' | Doc: getTransactionList | | Boost: 0.25 | Matched: ['pending']
2025-12-31 11:16:50 | DEBUG    | log:153 | [get_keyword_boost] Query: 'Show me pending trans...' | Doc: getTransactionList | | Boost: 0.25 | Matched: ['pending']
2025-12-31 11:16:50 | DEBUG    | log:153 | [get_keyword_boost] Query: 'Show me pending trans...' | Doc: getTransactionList | | Boost: 0.25 | Matched: ['pending']
2025-12-31 11:16:50 | DEBUG    | log:153 | [get_keyword_boost] Query: 'Show me pending trans...' | Doc: getTransactionList | | Boost: 0.25 | Matched: ['pending']
2025-12-31 11:16:50 | DEBUG    | log:153 | [classify_query_intent] Ambiguous: 'Show me pending trans...' | Scores: {'getTransactionList | Tra cứu giao dịch đang chờ xử lý hoặc chờ duyệt': 1, 'getTransactionList | Tra cứu giao dịch chờ duyệt theo số tài khoản nguồn': 1, 'getTransactionList | Tra cứu giao dịch chờ duyệt theo khoảng thời gian': 1, 'getTransactionList | Tra cứu giao dịch chờ duyệt theo loại giao dịch': 1, 'getTransactionList | Tra cứu giao dịch chờ duyệt theo số tiền hoặc hạn mức': 1}
2025-12-31 11:16:50 | DEBUG    | log:153 | [normalize_query] 'liet ke cac lenh dang treo...' -> 'Liet ke cac lenh dang treo...'
2025-12-31 11:16:50 | DEBUG    | log:153 | [perform_hybrid_search] query_text: [liet ke cac lenh dang treo] - formatted_query: [Liet ke cac lenh dang treo] - normalized_query: [Liet ke cac lenh dang treo]
2025-12-31 11:16:50 | DEBUG    | log:153 | [perform_hybrid_search] BM25 raw scores: min=5.2612, max=5.7647
2025-12-31 11:16:50 | DEBUG    | log:153 | [classify_query_intent] No keyword matches found in: 'Liet ke cac lenh dang treo'
2025-12-31 11:16:50 | DEBUG    | log:153 | [normalize_query] 'gd nào chưa xong...' -> 'Gd nào chưa xong...'
2025-12-31 11:16:50 | DEBUG    | log:153 | [perform_hybrid_search] query_text: [gd nào chưa xong] - formatted_query: [Gd nào chưa xong] - normalized_query: [Gd nào chưa xong]
2025-12-31 11:16:50 | DEBUG    | log:153 | [perform_hybrid_search] BM25 raw scores: min=5.4096, max=6.5802
2025-12-31 11:16:50 | DEBUG    | log:153 | [classify_query_intent] No keyword matches found in: 'Gd nào chưa xong'
2025-12-31 11:16:50 | DEBUG    | log:153 | [normalize_query] 'danh sach cho xu ly...' -> 'Danh sach cho xu ly...'
2025-12-31 11:16:50 | DEBUG    | log:153 | [perform_hybrid_search] query_text: [danh sach cho xu ly] - formatted_query: [Danh sach cho xu ly] - normalized_query: [Danh sach cho xu ly]
2025-12-31 11:16:50 | DEBUG    | log:153 | [perform_hybrid_search] BM25 raw scores: min=3.8418, max=6.8298
2025-12-31 11:16:50 | DEBUG    | log:153 | [classify_query_intent] No keyword matches found in: 'Danh sach cho xu ly'
2025-12-31 11:16:50 | DEBUG    | log:153 | [normalize_query] 'xem list pending...' -> 'Xem list pending...'
2025-12-31 11:16:50 | DEBUG    | log:153 | [perform_hybrid_search] query_text: [xem list pending] - formatted_query: [Xem list pending] - normalized_query: [Xem list pending]
2025-12-31 11:16:50 | DEBUG    | log:153 | [perform_hybrid_search] BM25 raw scores: min=1.9886, max=2.3223
2025-12-31 11:16:50 | DEBUG    | log:153 | [get_keyword_boost] Query: 'Xem list pending...' | Doc: getTransactionList | | Boost: 0.25 | Matched: ['pending']
2025-12-31 11:16:50 | DEBUG    | log:153 | [get_keyword_boost] Query: 'Xem list pending...' | Doc: getTransactionList | | Boost: 0.25 | Matched: ['pending']
2025-12-31 11:16:50 | DEBUG    | log:153 | [get_keyword_boost] Query: 'Xem list pending...' | Doc: getTransactionList | | Boost: 0.25 | Matched: ['pending']
2025-12-31 11:16:50 | DEBUG    | log:153 | [get_keyword_boost] Query: 'Xem list pending...' | Doc: getTransactionList | | Boost: 0.25 | Matched: ['pending']
2025-12-31 11:16:50 | DEBUG    | log:153 | [get_keyword_boost] Query: 'Xem list pending...' | Doc: getTransactionList | | Boost: 0.25 | Matched: ['pending']
2025-12-31 11:16:50 | DEBUG    | log:153 | [classify_query_intent] Ambiguous: 'Xem list pending...' | Scores: {'getTransactionList | Tra cứu giao dịch đang chờ xử lý hoặc chờ duyệt': 1, 'getTransactionList | Tra cứu giao dịch chờ duyệt theo số tài khoản nguồn': 1, 'getTransactionList | Tra cứu giao dịch chờ duyệt theo khoảng thời gian': 1, 'getTransactionList | Tra cứu giao dịch chờ duyệt theo loại giao dịch': 1, 'getTransactionList | Tra cứu giao dịch chờ duyệt theo số tiền hoặc hạn mức': 1}
2025-12-31 11:16:50 | DEBUG    | log:153 | [normalize_query] 'co lenh nao dang doi khong...' -> 'Co lenh nao dang doi khong...'
2025-12-31 11:16:50 | DEBUG    | log:153 | [perform_hybrid_search] query_text: [co lenh nao dang doi khong] - formatted_query: [Co lenh nao dang doi khong] - normalized_query: [Co lenh nao dang doi khong]
2025-12-31 11:16:50 | DEBUG    | log:153 | [perform_hybrid_search] BM25 raw scores: min=5.5321, max=5.9911
2025-12-31 11:16:50 | DEBUG    | log:153 | [classify_query_intent] No keyword matches found in: 'Co lenh nao dang doi khong'
2025-12-31 11:16:50 | DEBUG    | log:153 | [normalize_query] 'ktra cac giao dich chua duoc duyet...' -> 'Ktra cac giao dich chua duoc duyet...'
2025-12-31 11:16:50 | DEBUG    | log:153 | [perform_hybrid_search] query_text: [ktra cac giao dich chua duoc duyet] - formatted_query: [Ktra cac giao dich chua duoc duyet] - normalized_query: [Ktra cac giao dich chua duoc duyet]
2025-12-31 11:16:50 | DEBUG    | log:153 | [perform_hybrid_search] BM25 raw scores: min=0.8926, max=4.8936
2025-12-31 11:16:50 | DEBUG    | log:153 | [classify_query_intent] No keyword matches found in: 'Ktra cac giao dich chua duoc duyet'
2025-12-31 11:16:50 | DEBUG    | log:153 | [normalize_query] 'show gđ cho duyet...' -> 'Show gđ cho duyet...'
2025-12-31 11:16:50 | DEBUG    | log:153 | [perform_hybrid_search] query_text: [show gđ cho duyet] - formatted_query: [Show gđ cho duyet] - normalized_query: [Show gđ cho duyet]
2025-12-31 11:16:50 | DEBUG    | log:153 | [perform_hybrid_search] BM25 raw scores: min=0.1622, max=0.1682
2025-12-31 11:16:50 | DEBUG    | log:153 | [classify_query_intent] No keyword matches found in: 'Show gđ cho duyet'
2025-12-31 11:16:50 | DEBUG    | log:153 | [normalize_query] 'liệt kê tất cả lệnh đang ở trạng thái ch...' -> 'Liệt kê tất cả lệnh đang ở trạng thái ch...'
2025-12-31 11:16:50 | DEBUG    | log:153 | [perform_hybrid_search] query_text: [liệt kê tất cả lệnh đang ở trạng thái chờ] - formatted_query: [Liệt kê tất cả lệnh đang ở trạng thái chờ] - normalized_query: [Liệt kê tất cả lệnh đang ở trạng thái chờ]
2025-12-31 11:16:50 | DEBUG    | log:153 | [perform_hybrid_search] BM25 raw scores: min=19.7494, max=30.6126
2025-12-31 11:16:50 | DEBUG    | log:153 | [get_keyword_boost] Query: 'Liệt kê tất cả lệnh đang ở trạ...' | Doc: getTransactionList | | Boost: 0.25 | Matched: ['tất cả']
2025-12-31 11:16:50 | DEBUG    | log:153 | [classify_query_intent] Classified: 'Liệt kê tất cả lệnh đang ở trạ...' -> getTransactionList | Tra cứu g (score=1)
2025-12-31 11:16:50 | DEBUG    | log:153 | [normalize_query] 'ds gd dang cho...' -> 'Ds gd dang cho...'
2025-12-31 11:16:50 | DEBUG    | log:153 | [perform_hybrid_search] query_text: [ds gd dang cho] - formatted_query: [Ds gd dang cho] - normalized_query: [Ds gd dang cho]
2025-12-31 11:16:50 | DEBUG    | log:153 | [perform_hybrid_search] BM25 raw scores: min=0.0458, max=0.0553
2025-12-31 11:16:50 | DEBUG    | log:153 | [classify_query_intent] No keyword matches found in: 'Ds gd dang cho'
2025-12-31 11:16:50 | DEBUG    | log:153 | [normalize_query] 'check transactions pending...' -> 'Check transactions pending...'
2025-12-31 11:16:50 | DEBUG    | log:153 | [perform_hybrid_search] query_text: [check transactions pending] - formatted_query: [Check transactions pending] - normalized_query: [Check transactions pending]
2025-12-31 11:16:50 | DEBUG    | log:153 | [perform_hybrid_search] BM25 raw scores: min=0.1123, max=0.1372
2025-12-31 11:16:50 | DEBUG    | log:153 | [get_keyword_boost] Query: 'Check transactions pending...' | Doc: getTransactionList | | Boost: 0.25 | Matched: ['pending']
2025-12-31 11:16:50 | DEBUG    | log:153 | [get_keyword_boost] Query: 'Check transactions pending...' | Doc: getTransactionList | | Boost: 0.25 | Matched: ['pending']
2025-12-31 11:16:50 | DEBUG    | log:153 | [get_keyword_boost] Query: 'Check transactions pending...' | Doc: getTransactionList | | Boost: 0.25 | Matched: ['pending']
2025-12-31 11:16:50 | DEBUG    | log:153 | [get_keyword_boost] Query: 'Check transactions pending...' | Doc: getTransactionList | | Boost: 0.25 | Matched: ['pending']
2025-12-31 11:16:50 | DEBUG    | log:153 | [get_keyword_boost] Query: 'Check transactions pending...' | Doc: getTransactionList | | Boost: 0.25 | Matched: ['pending']
2025-12-31 11:16:50 | DEBUG    | log:153 | [classify_query_intent] Ambiguous: 'Check transactions pending...' | Scores: {'getTransactionList | Tra cứu giao dịch đang chờ xử lý hoặc chờ duyệt': 1, 'getTransactionList | Tra cứu giao dịch chờ duyệt theo số tài khoản nguồn': 1, 'getTransactionList | Tra cứu giao dịch chờ duyệt theo khoảng thời gian': 1, 'getTransactionList | Tra cứu giao dịch chờ duyệt theo loại giao dịch': 1, 'getTransactionList | Tra cứu giao dịch chờ duyệt theo số tiền hoặc hạn mức': 1}
2025-12-31 11:16:50 | DEBUG    | log:153 | [normalize_query] 'co lenh chuyen tien nao chua ok ko...' -> 'Co lenh chuyen tien nao chua ok ko...'
2025-12-31 11:16:50 | DEBUG    | log:153 | [perform_hybrid_search] query_text: [co lenh chuyen tien nao chua ok ko] - formatted_query: [Co lenh chuyen tien nao chua ok ko] - normalized_query: [Co lenh chuyen tien nao chua ok ko]
2025-12-31 11:16:50 | DEBUG    | log:153 | [perform_hybrid_search] BM25 raw scores: min=7.8668, max=12.6757
2025-12-31 11:16:50 | DEBUG    | log:153 | [classify_query_intent] No keyword matches found in: 'Co lenh chuyen tien nao chua ok ko'
2025-12-31 11:16:50 | DEBUG    | log:153 | [normalize_query] 'cho xem các giao dịch đang đợi duyệt...' -> 'Cho xem các giao dịch đang đợi duyệt...'
2025-12-31 11:16:50 | DEBUG    | log:153 | [perform_hybrid_search] query_text: [cho xem các giao dịch đang đợi duyệt] - formatted_query: [Cho xem các giao dịch đang đợi duyệt] - normalized_query: [Cho xem các giao dịch đang đợi duyệt]
2025-12-31 11:16:50 | DEBUG    | log:153 | [perform_hybrid_search] BM25 raw scores: min=5.1757, max=5.7523
2025-12-31 11:16:50 | DEBUG    | log:153 | [classify_query_intent] No keyword matches found in: 'Cho xem các giao dịch đang đợi duyệt'
2025-12-31 11:16:50 | DEBUG    | log:153 | [normalize_query] 'hiển thị các gd pending...' -> 'Hiển thị các gd pending...'
2025-12-31 11:16:50 | DEBUG    | log:153 | [perform_hybrid_search] query_text: [hiển thị các gd pending] - formatted_query: [Hiển thị các gd pending] - normalized_query: [Hiển thị các gd pending]
2025-12-31 11:16:50 | DEBUG    | log:153 | [perform_hybrid_search] BM25 raw scores: min=6.5231, max=7.3973
2025-12-31 11:16:50 | DEBUG    | log:153 | [get_keyword_boost] Query: 'Hiển thị các gd pending...' | Doc: getTransactionList | | Boost: 0.25 | Matched: ['pending']
2025-12-31 11:16:50 | DEBUG    | log:153 | [get_keyword_boost] Query: 'Hiển thị các gd pending...' | Doc: getTransactionList | | Boost: 0.25 | Matched: ['pending']
2025-12-31 11:16:50 | DEBUG    | log:153 | [get_keyword_boost] Query: 'Hiển thị các gd pending...' | Doc: getTransactionList | | Boost: 0.25 | Matched: ['pending']
2025-12-31 11:16:50 | DEBUG    | log:153 | [get_keyword_boost] Query: 'Hiển thị các gd pending...' | Doc: getTransactionList | | Boost: 0.25 | Matched: ['pending']
2025-12-31 11:16:50 | DEBUG    | log:153 | [get_keyword_boost] Query: 'Hiển thị các gd pending...' | Doc: getTransactionList | | Boost: 0.25 | Matched: ['pending']
2025-12-31 11:16:50 | DEBUG    | log:153 | [classify_query_intent] Ambiguous: 'Hiển thị các gd pending...' | Scores: {'getTransactionList | Tra cứu giao dịch đang chờ xử lý hoặc chờ duyệt': 1, 'getTransactionList | Tra cứu giao dịch chờ duyệt theo số tài khoản nguồn': 1, 'getTransactionList | Tra cứu giao dịch chờ duyệt theo khoảng thời gian': 1, 'getTransactionList | Tra cứu giao dịch chờ duyệt theo loại giao dịch': 1, 'getTransactionList | Tra cứu giao dịch chờ duyệt theo số tiền hoặc hạn mức': 1}
2025-12-31 11:16:50 | DEBUG    | log:153 | [normalize_query] 'xem ds lenh chua duoc accept...' -> 'Xem ds lenh chua duoc accept...'
2025-12-31 11:16:50 | DEBUG    | log:153 | [perform_hybrid_search] query_text: [xem ds lenh chua duoc accept] - formatted_query: [Xem ds lenh chua duoc accept] - normalized_query: [Xem ds lenh chua duoc accept]
2025-12-31 11:16:50 | DEBUG    | log:153 | [perform_hybrid_search] BM25 raw scores: min=3.7503, max=4.7414
2025-12-31 11:16:50 | DEBUG    | log:153 | [classify_query_intent] No keyword matches found in: 'Xem ds lenh chua duoc accept'
2025-12-31 11:16:50 | DEBUG    | log:153 | [normalize_query] 'gd nào đang ở bước checker?...' -> 'Gd nào đang ở bước checker...'
2025-12-31 11:16:50 | DEBUG    | log:153 | [perform_hybrid_search] query_text: [gd nào đang ở bước checker?] - formatted_query: [Gd nào đang ở bước checker] - normalized_query: [Gd nào đang ở bước checker]
2025-12-31 11:16:50 | DEBUG    | log:153 | [perform_hybrid_search] BM25 raw scores: min=5.5770, max=10.1021
2025-12-31 11:16:50 | DEBUG    | log:153 | [classify_query_intent] No keyword matches found in: 'Gd nào đang ở bước checker'
2025-12-31 11:16:50 | DEBUG    | log:153 | [normalize_query] 'liệt kê lệnh chưa hoàn tất phê duyệt...' -> 'Liệt kê lệnh chưa hoàn tất phê duyệt...'
2025-12-31 11:16:50 | DEBUG    | log:153 | [perform_hybrid_search] query_text: [liệt kê lệnh chưa hoàn tất phê duyệt] - formatted_query: [Liệt kê lệnh chưa hoàn tất phê duyệt] - normalized_query: [Liệt kê lệnh chưa hoàn tất phê duyệt]
2025-12-31 11:16:50 | DEBUG    | log:153 | [perform_hybrid_search] BM25 raw scores: min=17.5911, max=21.9040
2025-12-31 11:16:50 | DEBUG    | log:153 | [classify_query_intent] No keyword matches found in: 'Liệt kê lệnh chưa hoàn tất phê duyệt'
2025-12-31 11:16:50 | DEBUG    | log:153 | [normalize_query] 'các giao dịch nào đang chờ vậy?...' -> 'Các giao dịch nào đang chờ vậy...'
2025-12-31 11:16:50 | DEBUG    | log:153 | [perform_hybrid_search] query_text: [các giao dịch nào đang chờ vậy?] - formatted_query: [Các giao dịch nào đang chờ vậy] - normalized_query: [Các giao dịch nào đang chờ vậy]
2025-12-31 11:16:50 | DEBUG    | log:153 | [perform_hybrid_search] BM25 raw scores: min=9.7714, max=14.6089
2025-12-31 11:16:50 | DEBUG    | log:153 | [get_keyword_boost] Query: 'Các giao dịch nào đang chờ vậy...' | Doc: getTransactionList | | Boost: 0.25 | Matched: ['đang chờ']
2025-12-31 11:16:50 | DEBUG    | log:153 | [classify_query_intent] Classified: 'Các giao dịch nào đang chờ vậy...' -> getTransactionList | Tra cứu g (score=1)
2025-12-31 11:16:50 | DEBUG    | log:153 | [normalize_query] 'check gd cho duyet cua tk 0123456789...' -> 'Check gd cho duyet cua tk 0123456789...'
2025-12-31 11:16:50 | DEBUG    | log:153 | [perform_hybrid_search] query_text: [check gd cho duyet cua tk 0123456789] - formatted_query: [Check gd cho duyet cua tk 0123456789] - normalized_query: [Check gd cho duyet cua tk 0123456789]
2025-12-31 11:16:50 | DEBUG    | log:153 | [perform_hybrid_search] BM25 raw scores: min=0.1657, max=3.1233
2025-12-31 11:16:50 | DEBUG    | log:153 | [classify_query_intent] No keyword matches found in: 'Check gd cho duyet cua tk 0123456789'
2025-12-31 11:16:50 | DEBUG    | log:153 | [normalize_query] 'stk 0123456789 có lệnh nào chưa duyệt ko...' -> 'Stk 0123456789 có lệnh nào chưa duyệt ko...'
2025-12-31 11:16:50 | DEBUG    | log:153 | [perform_hybrid_search] query_text: [stk 0123456789 có lệnh nào chưa duyệt ko?] - formatted_query: [Stk 0123456789 có lệnh nào chưa duyệt ko] - normalized_query: [Stk 0123456789 có lệnh nào chưa duyệt ko]
2025-12-31 11:16:51 | DEBUG    | log:153 | [perform_hybrid_search] BM25 raw scores: min=9.9310, max=20.2846
2025-12-31 11:16:51 | DEBUG    | log:153 | [get_keyword_boost] Query: 'Stk 0123456789 có lệnh nào chư...' | Doc: getTransactionList | | Boost: 0.25 | Matched: ['stk']
2025-12-31 11:16:51 | DEBUG    | log:153 | [classify_query_intent] Classified: 'Stk 0123456789 có lệnh nào chư...' -> getTransactionList | Tra cứu g (score=1)
2025-12-31 11:16:51 | DEBUG    | log:153 | [normalize_query] 'xem ds pending của số tài khoản 01234567...' -> 'Xem ds pending của số tài khoản 01234567...'
2025-12-31 11:16:51 | DEBUG    | log:153 | [perform_hybrid_search] query_text: [xem ds pending của số tài khoản 0123456789] - formatted_query: [Xem ds pending của số tài khoản 0123456789] - normalized_query: [Xem ds pending của số tài khoản 0123456789]
2025-12-31 11:16:51 | DEBUG    | log:153 | [perform_hybrid_search] BM25 raw scores: min=2.5876, max=15.2044
2025-12-31 11:16:51 | DEBUG    | log:153 | [get_keyword_boost] Query: 'Xem ds pending của số tài khoả...' | Doc: getTransactionList | | Boost: 0.25 | Matched: ['pending']
2025-12-31 11:16:51 | DEBUG    | log:153 | [get_keyword_boost] Query: 'Xem ds pending của số tài khoả...' | Doc: getTransactionList | | Boost: 0.75 | Matched: ['pending', 'tài khoản', 'số tài khoản']
2025-12-31 11:16:51 | DEBUG    | log:153 | [get_keyword_boost] Query: 'Xem ds pending của số tài khoả...' | Doc: getTransactionList | | Boost: 0.25 | Matched: ['pending']
2025-12-31 11:16:51 | DEBUG    | log:153 | [get_keyword_boost] Query: 'Xem ds pending của số tài khoả...' | Doc: getTransactionList | | Boost: 0.25 | Matched: ['pending']
2025-12-31 11:16:51 | DEBUG    | log:153 | [get_keyword_boost] Query: 'Xem ds pending của số tài khoả...' | Doc: getTransactionList | | Boost: 0.25 | Matched: ['pending']
2025-12-31 11:16:51 | DEBUG    | log:153 | [classify_query_intent] Classified: 'Xem ds pending của số tài khoả...' -> getTransactionList | Tra cứu g (score=3)
2025-12-31 11:16:51 | DEBUG    | log:153 | [normalize_query] 'tk 0123456789 đang có lệnh treo đúng ko...' -> 'Tk 0123456789 đang có lệnh treo đúng ko...'
2025-12-31 11:16:51 | DEBUG    | log:153 | [perform_hybrid_search] query_text: [tk 0123456789 đang có lệnh treo đúng ko] - formatted_query: [Tk 0123456789 đang có lệnh treo đúng ko] - normalized_query: [Tk 0123456789 đang có lệnh treo đúng ko]
2025-12-31 11:16:51 | DEBUG    | log:153 | [perform_hybrid_search] BM25 raw scores: min=1.9201, max=7.7068
2025-12-31 11:16:51 | DEBUG    | log:153 | [classify_query_intent] No keyword matches found in: 'Tk 0123456789 đang có lệnh treo đúng ko'
2025-12-31 11:16:51 | DEBUG    | log:153 | [normalize_query] 'liet ke giao dich chua duoc duyet stk 01...' -> 'Liet ke giao dich chua duoc duyet stk 01...'
2025-12-31 11:16:51 | DEBUG    | log:153 | [perform_hybrid_search] query_text: [liet ke giao dich chua duoc duyet stk 0123456789] - formatted_query: [Liet ke giao dich chua duoc duyet stk 0123456789] - normalized_query: [Liet ke giao dich chua duoc duyet stk 0123456789]
2025-12-31 11:16:51 | DEBUG    | log:153 | [perform_hybrid_search] BM25 raw scores: min=4.7253, max=14.9575
2025-12-31 11:16:51 | DEBUG    | log:153 | [get_keyword_boost] Query: 'Liet ke giao dich chua duoc du...' | Doc: getTransactionList | | Boost: 0.25 | Matched: ['stk']
2025-12-31 11:16:51 | DEBUG    | log:153 | [classify_query_intent] Classified: 'Liet ke giao dich chua duoc du...' -> getTransactionList | Tra cứu g (score=1)
2025-12-31 11:16:51 | DEBUG    | log:153 | [normalize_query] 'tìm các gd chưa xong của account 0123456...' -> 'Tìm các gd chưa xong của account 0123456...'
2025-12-31 11:16:51 | DEBUG    | log:153 | [perform_hybrid_search] query_text: [tìm các gd chưa xong của account 0123456789] - formatted_query: [Tìm các gd chưa xong của account 0123456789] - normalized_query: [Tìm các gd chưa xong của account 0123456789]
2025-12-31 11:16:51 | DEBUG    | log:153 | [perform_hybrid_search] BM25 raw scores: min=0.1592, max=3.1271
2025-12-31 11:16:51 | DEBUG    | log:153 | [classify_query_intent] No keyword matches found in: 'Tìm các gd chưa xong của account 0123456789'
2025-12-31 11:16:51 | DEBUG    | log:153 | [normalize_query] 'gd cho duyet tk 0123456789...' -> 'Gd cho duyet tk 0123456789...'
2025-12-31 11:16:51 | DEBUG    | log:153 | [perform_hybrid_search] query_text: [gd cho duyet tk 0123456789] - formatted_query: [Gd cho duyet tk 0123456789] - normalized_query: [Gd cho duyet tk 0123456789]
2025-12-31 11:16:51 | DEBUG    | log:153 | [perform_hybrid_search] BM25 raw scores: min=0.1657, max=3.1233
2025-12-31 11:16:51 | DEBUG    | log:153 | [classify_query_intent] No keyword matches found in: 'Gd cho duyet tk 0123456789'
2025-12-31 11:16:51 | DEBUG    | log:153 | [normalize_query] 'số tài khoản 0123456789 có gd nào dang c...' -> 'Số tài khoản 0123456789 có gd nào dang c...'
2025-12-31 11:16:51 | DEBUG    | log:153 | [perform_hybrid_search] query_text: [số tài khoản 0123456789 có gd nào dang cho ko] - formatted_query: [Số tài khoản 0123456789 có gd nào dang cho ko] - normalized_query: [Số tài khoản 0123456789 có gd nào dang cho ko]
2025-12-31 11:16:51 | DEBUG    | log:153 | [perform_hybrid_search] BM25 raw scores: min=5.3510, max=19.7337
2025-12-31 11:16:51 | DEBUG    | log:153 | [get_keyword_boost] Query: 'Số tài khoản 0123456789 có gd ...' | Doc: getTransactionList | | Boost: 0.50 | Matched: ['tài khoản', 'số tài khoản']
2025-12-31 11:16:51 | DEBUG    | log:153 | [classify_query_intent] Classified: 'Số tài khoản 0123456789 có gd ...' -> getTransactionList | Tra cứu g (score=2)
2025-12-31 11:16:51 | DEBUG    | log:153 | [normalize_query] 'ktra tk 0123456789 có lệnh chuyển tiền n...' -> 'Ktra tk 0123456789 có lệnh chuyển tiền n...'
2025-12-31 11:16:51 | DEBUG    | log:153 | [perform_hybrid_search] query_text: [ktra tk 0123456789 có lệnh chuyển tiền nào chưa duyệt] - formatted_query: [Ktra tk 0123456789 có lệnh chuyển tiền nào chưa duyệt] - normalized_query: [Ktra tk 0123456789 có lệnh chuyển tiền nào chưa duyệt]
2025-12-31 11:16:51 | DEBUG    | log:153 | [perform_hybrid_search] BM25 raw scores: min=16.6889, max=22.6986
2025-12-31 11:16:51 | DEBUG    | log:153 | [get_keyword_boost] Query: 'Ktra tk 0123456789 có lệnh chu...' | Doc: getTransactionList | | Boost: 0.25 | Matched: ['chuyển tiền']
2025-12-31 11:16:51 | DEBUG    | log:153 | [classify_query_intent] Classified: 'Ktra tk 0123456789 có lệnh chu...' -> getTransactionList | Tra cứu g (score=1)
2025-12-31 11:16:51 | DEBUG    | log:153 | [normalize_query] 'liệt kê các gd pending cho số tk 0123456...' -> 'Liệt kê các gd pending cho số tk 0123456...'
2025-12-31 11:16:51 | DEBUG    | log:153 | [perform_hybrid_search] query_text: [liệt kê các gd pending cho số tk 0123456789] - formatted_query: [Liệt kê các gd pending cho số tk 0123456789] - normalized_query: [Liệt kê các gd pending cho số tk 0123456789]
2025-12-31 11:16:51 | DEBUG    | log:153 | [perform_hybrid_search] BM25 raw scores: min=7.5647, max=10.7668
2025-12-31 11:16:51 | DEBUG    | log:153 | [get_keyword_boost] Query: 'Liệt kê các gd pending cho số ...' | Doc: getTransactionList | | Boost: 0.25 | Matched: ['pending']
2025-12-31 11:16:51 | DEBUG    | log:153 | [get_keyword_boost] Query: 'Liệt kê các gd pending cho số ...' | Doc: getTransactionList | | Boost: 0.25 | Matched: ['pending']
2025-12-31 11:16:51 | DEBUG    | log:153 | [get_keyword_boost] Query: 'Liệt kê các gd pending cho số ...' | Doc: getTransactionList | | Boost: 0.25 | Matched: ['pending']
2025-12-31 11:16:51 | DEBUG    | log:153 | [get_keyword_boost] Query: 'Liệt kê các gd pending cho số ...' | Doc: getTransactionList | | Boost: 0.25 | Matched: ['pending']
2025-12-31 11:16:51 | DEBUG    | log:153 | [get_keyword_boost] Query: 'Liệt kê các gd pending cho số ...' | Doc: getTransactionList | | Boost: 0.25 | Matched: ['pending']
2025-12-31 11:16:51 | DEBUG    | log:153 | [classify_query_intent] Ambiguous: 'Liệt kê các gd pending cho số ...' | Scores: {'getTransactionList | Tra cứu giao dịch đang chờ xử lý hoặc chờ duyệt': 1, 'getTransactionList | Tra cứu giao dịch chờ duyệt theo số tài khoản nguồn': 1, 'getTransactionList | Tra cứu giao dịch chờ duyệt theo khoảng thời gian': 1, 'getTransactionList | Tra cứu giao dịch chờ duyệt theo loại giao dịch': 1, 'getTransactionList | Tra cứu giao dịch chờ duyệt theo số tiền hoặc hạn mức': 1}
2025-12-31 11:16:51 | DEBUG    | log:153 | [normalize_query] 'tai khoan 0123456789 co lenh dang doi ko...' -> 'Tai khoan 0123456789 co lenh dang doi ko...'
2025-12-31 11:16:51 | DEBUG    | log:153 | [perform_hybrid_search] query_text: [tai khoan 0123456789 co lenh dang doi ko] - formatted_query: [Tai khoan 0123456789 co lenh dang doi ko] - normalized_query: [Tai khoan 0123456789 co lenh dang doi ko]
2025-12-31 11:16:51 | DEBUG    | log:153 | [perform_hybrid_search] BM25 raw scores: min=1.7529, max=8.4951
2025-12-31 11:16:51 | DEBUG    | log:153 | [classify_query_intent] No keyword matches found in: 'Tai khoan 0123456789 co lenh dang doi ko'
2025-12-31 11:16:51 | DEBUG    | log:153 | [normalize_query] 'show me pending for 0123456789...' -> 'Show me pending for 0123456789...'
2025-12-31 11:16:51 | DEBUG    | log:153 | [perform_hybrid_search] query_text: [show me pending for 0123456789] - formatted_query: [Show me pending for 0123456789] - normalized_query: [Show me pending for 0123456789]
2025-12-31 11:16:51 | DEBUG    | log:153 | [perform_hybrid_search] BM25 raw scores: min=0.1123, max=3.0785
2025-12-31 11:16:51 | DEBUG    | log:153 | [get_keyword_boost] Query: 'Show me pending for 0123456789...' | Doc: getTransactionList | | Boost: 0.25 | Matched: ['pending']
2025-12-31 11:16:51 | DEBUG    | log:153 | [get_keyword_boost] Query: 'Show me pending for 0123456789...' | Doc: getTransactionList | | Boost: 0.25 | Matched: ['pending']
2025-12-31 11:16:51 | DEBUG    | log:153 | [get_keyword_boost] Query: 'Show me pending for 0123456789...' | Doc: getTransactionList | | Boost: 0.25 | Matched: ['pending']
2025-12-31 11:16:51 | DEBUG    | log:153 | [get_keyword_boost] Query: 'Show me pending for 0123456789...' | Doc: getTransactionList | | Boost: 0.25 | Matched: ['pending']
2025-12-31 11:16:51 | DEBUG    | log:153 | [get_keyword_boost] Query: 'Show me pending for 0123456789...' | Doc: getTransactionList | | Boost: 0.25 | Matched: ['pending']
2025-12-31 11:16:51 | DEBUG    | log:153 | [classify_query_intent] Ambiguous: 'Show me pending for 0123456789...' | Scores: {'getTransactionList | Tra cứu giao dịch đang chờ xử lý hoặc chờ duyệt': 1, 'getTransactionList | Tra cứu giao dịch chờ duyệt theo số tài khoản nguồn': 1, 'getTransactionList | Tra cứu giao dịch chờ duyệt theo khoảng thời gian': 1, 'getTransactionList | Tra cứu giao dịch chờ duyệt theo loại giao dịch': 1, 'getTransactionList | Tra cứu giao dịch chờ duyệt theo số tiền hoặc hạn mức': 1}
2025-12-31 11:16:51 | DEBUG    | log:153 | [normalize_query] 'tk nguồn 0123456789 còn lệnh nào chưa ac...' -> 'Tk nguồn 0123456789 còn lệnh nào chưa ac...'
2025-12-31 11:16:51 | DEBUG    | log:153 | [perform_hybrid_search] query_text: [tk nguồn 0123456789 còn lệnh nào chưa accept ko] - formatted_query: [Tk nguồn 0123456789 còn lệnh nào chưa accept ko] - normalized_query: [Tk nguồn 0123456789 còn lệnh nào chưa accept ko]
2025-12-31 11:16:51 | DEBUG    | log:153 | [perform_hybrid_search] BM25 raw scores: min=6.9960, max=12.0675
2025-12-31 11:16:51 | DEBUG    | log:153 | [classify_query_intent] No keyword matches found in: 'Tk nguồn 0123456789 còn lệnh nào chưa accept ko'
2025-12-31 11:16:51 | DEBUG    | log:153 | [normalize_query] 'tra cứu gd chưa phê duyệt của tk 0123456...' -> 'Tra cứu gd chưa phê duyệt của tk 0123456...'
2025-12-31 11:16:51 | DEBUG    | log:153 | [perform_hybrid_search] query_text: [tra cứu gd chưa phê duyệt của tk 0123456789] - formatted_query: [Tra cứu gd chưa phê duyệt của tk 0123456789] - normalized_query: [Tra cứu gd chưa phê duyệt của tk 0123456789]
2025-12-31 11:16:51 | DEBUG    | log:153 | [perform_hybrid_search] BM25 raw scores: min=4.2540, max=6.5011
2025-12-31 11:16:51 | DEBUG    | log:153 | [classify_query_intent] No keyword matches found in: 'Tra cứu gd chưa phê duyệt của tk 0123456789'
2025-12-31 11:16:51 | DEBUG    | log:153 | [normalize_query] 'tk 0123456789 co lenh nao chua duoc chec...' -> 'Tk 0123456789 co lenh nao chua duoc chec...'
2025-12-31 11:16:51 | DEBUG    | log:153 | [perform_hybrid_search] query_text: [tk 0123456789 co lenh nao chua duoc checker duyet ko?] - formatted_query: [Tk 0123456789 co lenh nao chua duoc checker duyet ko] - normalized_query: [Tk 0123456789 co lenh nao chua duoc checker duyet ko]
2025-12-31 11:16:51 | DEBUG    | log:153 | [perform_hybrid_search] BM25 raw scores: min=4.2772, max=7.6087
2025-12-31 11:16:51 | DEBUG    | log:153 | [classify_query_intent] No keyword matches found in: 'Tk 0123456789 co lenh nao chua duoc checker duyet '
2025-12-31 11:16:51 | DEBUG    | log:153 | [normalize_query] 'check status gđ chưa duyệt tk 0123456789...' -> 'Check status gđ chưa duyệt tk 0123456789...'
2025-12-31 11:16:51 | DEBUG    | log:153 | [perform_hybrid_search] query_text: [check status gđ chưa duyệt tk 0123456789] - formatted_query: [Check status gđ chưa duyệt tk 0123456789] - normalized_query: [Check status gđ chưa duyệt tk 0123456789]
2025-12-31 11:16:51 | DEBUG    | log:153 | [perform_hybrid_search] BM25 raw scores: min=2.0807, max=5.1605
2025-12-31 11:16:51 | DEBUG    | log:153 | [classify_query_intent] No keyword matches found in: 'Check status gđ chưa duyệt tk 0123456789'
2025-12-31 11:16:51 | DEBUG    | log:153 | [normalize_query] 'liệt kê các lệnh chuyển tiền bị treo của...' -> 'Liệt kê các lệnh chuyển tiền bị treo của...'
2025-12-31 11:16:51 | DEBUG    | log:153 | [perform_hybrid_search] query_text: [liệt kê các lệnh chuyển tiền bị treo của stk 0123456789] - formatted_query: [Liệt kê các lệnh chuyển tiền bị treo của stk 0123456789] - normalized_query: [Liệt kê các lệnh chuyển tiền bị treo của stk 0123456789]
2025-12-31 11:16:51 | DEBUG    | log:153 | [perform_hybrid_search] BM25 raw scores: min=15.1068, max=22.8403
2025-12-31 11:16:51 | DEBUG    | log:153 | [get_keyword_boost] Query: 'Liệt kê các lệnh chuyển tiền b...' | Doc: getTransactionList | | Boost: 0.25 | Matched: ['stk']
2025-12-31 11:16:51 | DEBUG    | log:153 | [get_keyword_boost] Query: 'Liệt kê các lệnh chuyển tiền b...' | Doc: getTransactionList | | Boost: 0.25 | Matched: ['chuyển tiền']
2025-12-31 11:16:51 | DEBUG    | log:153 | [classify_query_intent] Ambiguous: 'Liệt kê các lệnh chuyển tiền b...' | Scores: {'getTransactionList | Tra cứu giao dịch chờ duyệt theo số tài khoản nguồn': 1, 'getTransactionList | Tra cứu giao dịch chờ duyệt theo loại giao dịch': 1}
2025-12-31 11:16:51 | DEBUG    | log:153 | [normalize_query] 'ds giao dịch pending stk 0123456789...' -> 'Ds giao dịch pending stk 0123456789...'
2025-12-31 11:16:51 | DEBUG    | log:153 | [perform_hybrid_search] query_text: [ds giao dịch pending stk 0123456789] - formatted_query: [Ds giao dịch pending stk 0123456789] - normalized_query: [Ds giao dịch pending stk 0123456789]
2025-12-31 11:16:51 | DEBUG    | log:153 | [perform_hybrid_search] BM25 raw scores: min=0.6735, max=8.2528
2025-12-31 11:16:51 | DEBUG    | log:153 | [get_keyword_boost] Query: 'Ds giao dịch pending stk 01234...' | Doc: getTransactionList | | Boost: 0.25 | Matched: ['pending']
2025-12-31 11:16:51 | DEBUG    | log:153 | [get_keyword_boost] Query: 'Ds giao dịch pending stk 01234...' | Doc: getTransactionList | | Boost: 0.50 | Matched: ['pending', 'stk']
2025-12-31 11:16:51 | DEBUG    | log:153 | [get_keyword_boost] Query: 'Ds giao dịch pending stk 01234...' | Doc: getTransactionList | | Boost: 0.25 | Matched: ['pending']
2025-12-31 11:16:51 | DEBUG    | log:153 | [get_keyword_boost] Query: 'Ds giao dịch pending stk 01234...' | Doc: getTransactionList | | Boost: 0.25 | Matched: ['pending']
2025-12-31 11:16:51 | DEBUG    | log:153 | [get_keyword_boost] Query: 'Ds giao dịch pending stk 01234...' | Doc: getTransactionList | | Boost: 0.25 | Matched: ['pending']
2025-12-31 11:16:51 | DEBUG    | log:153 | [classify_query_intent] Classified: 'Ds giao dịch pending stk 01234...' -> getTransactionList | Tra cứu g (score=2)
2025-12-31 11:16:51 | DEBUG    | log:153 | [normalize_query] 'tk 0123456789 co gd nao chua ok ko...' -> 'Tk 0123456789 co gd nao chua ok ko...'
2025-12-31 11:16:51 | DEBUG    | log:153 | [perform_hybrid_search] query_text: [tk 0123456789 co gd nao chua ok ko] - formatted_query: [Tk 0123456789 co gd nao chua ok ko] - normalized_query: [Tk 0123456789 co gd nao chua ok ko]
2025-12-31 11:16:51 | DEBUG    | log:153 | [perform_hybrid_search] BM25 raw scores: min=2.5709, max=5.5753
2025-12-31 11:16:51 | DEBUG    | log:153 | [classify_query_intent] No keyword matches found in: 'Tk 0123456789 co gd nao chua ok ko'
2025-12-31 11:16:51 | DEBUG    | log:153 | [normalize_query] 'cho minh xem cac lenh dang cho cua tai k...' -> 'Cho minh xem cac lenh dang cho cua tai k...'
2025-12-31 11:16:51 | DEBUG    | log:153 | [perform_hybrid_search] query_text: [cho minh xem cac lenh dang cho cua tai khoan 0123456789] - formatted_query: [Cho minh xem cac lenh dang cho cua tai khoan 0123456789] - normalized_query: [Cho minh xem cac lenh dang cho cua tai khoan 0123456789]
2025-12-31 11:16:51 | DEBUG    | log:153 | [perform_hybrid_search] BM25 raw scores: min=3.7045, max=10.2488
2025-12-31 11:16:51 | DEBUG    | log:153 | [classify_query_intent] No keyword matches found in: 'Cho minh xem cac lenh dang cho cua tai khoan 01234'
2025-12-31 11:16:51 | DEBUG    | log:153 | [normalize_query] 'tim cac gd treo tu ngay 1/12 den 15/12...' -> 'Tim cac gd treo tu ngay 1/12 den 15/12...'
2025-12-31 11:16:51 | DEBUG    | log:153 | [perform_hybrid_search] query_text: [tim cac gd treo tu ngay 1/12 den 15/12] - formatted_query: [Tim cac gd treo tu ngay 1/12 den 15/12] - normalized_query: [Tim cac gd treo tu ngay 1/12 den 15/12]
2025-12-31 11:16:51 | DEBUG    | log:153 | [perform_hybrid_search] BM25 raw scores: min=0.1436, max=5.1185
2025-12-31 11:16:51 | DEBUG    | log:153 | [classify_query_intent] No keyword matches found in: 'Tim cac gd treo tu ngay 1/12 den 15/12'
2025-12-31 11:16:51 | DEBUG    | log:153 | [normalize_query] 'xem lệnh chưa duyệt trong tháng này...' -> 'Xem lệnh chưa duyệt trong tháng này...'
2025-12-31 11:16:51 | DEBUG    | log:153 | [perform_hybrid_search] query_text: [xem lệnh chưa duyệt trong tháng này] - formatted_query: [Xem lệnh chưa duyệt trong tháng này] - normalized_query: [Xem lệnh chưa duyệt trong tháng này]
2025-12-31 11:16:51 | DEBUG    | log:153 | [perform_hybrid_search] BM25 raw scores: min=5.6718, max=10.5024
2025-12-31 11:16:51 | DEBUG    | log:153 | [get_keyword_boost] Query: 'Xem lệnh chưa duyệt trong thán...' | Doc: getTransactionList | | Boost: 0.50 | Matched: ['tháng', 'trong']
2025-12-31 11:16:51 | DEBUG    | log:153 | [classify_query_intent] Classified: 'Xem lệnh chưa duyệt trong thán...' -> getTransactionList | Tra cứu g (score=2)
2025-12-31 11:16:51 | DEBUG    | log:153 | [normalize_query] 'lọc gd pending từ tuần trước...' -> 'Lọc gd pending từ tuần trước...'
2025-12-31 11:16:51 | DEBUG    | log:153 | [perform_hybrid_search] query_text: [lọc gd pending từ tuần trước] - formatted_query: [Lọc gd pending từ tuần trước] - normalized_query: [Lọc gd pending từ tuần trước]
2025-12-31 11:16:51 | DEBUG    | log:153 | [perform_hybrid_search] BM25 raw scores: min=0.3258, max=5.0373
2025-12-31 11:16:51 | DEBUG    | log:153 | [get_keyword_boost] Query: 'Lọc gd pending từ tuần trước...' | Doc: getTransactionList | | Boost: 0.25 | Matched: ['pending']
2025-12-31 11:16:51 | DEBUG    | log:153 | [get_keyword_boost] Query: 'Lọc gd pending từ tuần trước...' | Doc: getTransactionList | | Boost: 0.25 | Matched: ['pending']
2025-12-31 11:16:51 | DEBUG    | log:153 | [get_keyword_boost] Query: 'Lọc gd pending từ tuần trước...' | Doc: getTransactionList | | Boost: 0.50 | Matched: ['pending', 'tuần']
2025-12-31 11:16:51 | DEBUG    | log:153 | [get_keyword_boost] Query: 'Lọc gd pending từ tuần trước...' | Doc: getTransactionList | | Boost: 0.25 | Matched: ['pending']
2025-12-31 11:16:51 | DEBUG    | log:153 | [get_keyword_boost] Query: 'Lọc gd pending từ tuần trước...' | Doc: getTransactionList | | Boost: 0.50 | Matched: ['pending', 'từ']
2025-12-31 11:16:51 | DEBUG    | log:153 | [classify_query_intent] Ambiguous: 'Lọc gd pending từ tuần trước...' | Scores: {'getTransactionList | Tra cứu giao dịch đang chờ xử lý hoặc chờ duyệt': 1, 'getTransactionList | Tra cứu giao dịch chờ duyệt theo số tài khoản nguồn': 1, 'getTransactionList | Tra cứu giao dịch chờ duyệt theo khoảng thời gian': 2, 'getTransactionList | Tra cứu giao dịch chờ duyệt theo loại giao dịch': 1, 'getTransactionList | Tra cứu giao dịch chờ duyệt theo số tiền hoặc hạn mức': 2}
2025-12-31 11:16:51 | DEBUG    | log:153 | [normalize_query] 'gđ chờ duyệt hôm qua có không...' -> 'Gđ chờ duyệt hôm qua có không...'
2025-12-31 11:16:51 | DEBUG    | log:153 | [perform_hybrid_search] query_text: [gđ chờ duyệt hôm qua có không] - formatted_query: [Gđ chờ duyệt hôm qua có không] - normalized_query: [Gđ chờ duyệt hôm qua có không]
2025-12-31 11:16:51 | DEBUG    | log:153 | [perform_hybrid_search] BM25 raw scores: min=2.3239, max=10.5917
2025-12-31 11:16:51 | DEBUG    | log:153 | [get_keyword_boost] Query: 'Gđ chờ duyệt hôm qua có không...' | Doc: getTransactionList | | Boost: 0.25 | Matched: ['chờ duyệt']
2025-12-31 11:16:51 | DEBUG    | log:153 | [get_keyword_boost] Query: 'Gđ chờ duyệt hôm qua có không...' | Doc: getTransactionList | | Boost: 0.25 | Matched: ['chờ duyệt']
2025-12-31 11:16:51 | DEBUG    | log:153 | [get_keyword_boost] Query: 'Gđ chờ duyệt hôm qua có không...' | Doc: getTransactionList | | Boost: 0.50 | Matched: ['chờ duyệt', 'hôm qua']
2025-12-31 11:16:51 | DEBUG    | log:153 | [get_keyword_boost] Query: 'Gđ chờ duyệt hôm qua có không...' | Doc: getTransactionList | | Boost: 0.25 | Matched: ['chờ duyệt']
2025-12-31 11:16:51 | DEBUG    | log:153 | [get_keyword_boost] Query: 'Gđ chờ duyệt hôm qua có không...' | Doc: getTransactionList | | Boost: 0.25 | Matched: ['chờ duyệt']
2025-12-31 11:16:51 | DEBUG    | log:153 | [classify_query_intent] Classified: 'Gđ chờ duyệt hôm qua có không...' -> getTransactionList | Tra cứu g (score=2)
2025-12-31 11:16:51 | DEBUG    | log:153 | [normalize_query] 'list trans pending from 10/11 to 20/11...' -> 'List trans pending from 10/11 to 20/11...'
2025-12-31 11:16:51 | DEBUG    | log:153 | [perform_hybrid_search] query_text: [list trans pending from 10/11 to 20/11] - formatted_query: [List trans pending from 10/11 to 20/11] - normalized_query: [List trans pending from 10/11 to 20/11]
2025-12-31 11:16:51 | DEBUG    | log:153 | [perform_hybrid_search] BM25 raw scores: min=0.1174, max=3.0777
2025-12-31 11:16:51 | DEBUG    | log:153 | [get_keyword_boost] Query: 'List trans pending from 10/11 ...' | Doc: getTransactionList | | Boost: 0.25 | Matched: ['pending']
2025-12-31 11:16:51 | DEBUG    | log:153 | [get_keyword_boost] Query: 'List trans pending from 10/11 ...' | Doc: getTransactionList | | Boost: 0.25 | Matched: ['pending']
2025-12-31 11:16:51 | DEBUG    | log:153 | [get_keyword_boost] Query: 'List trans pending from 10/11 ...' | Doc: getTransactionList | | Boost: 0.25 | Matched: ['pending']
2025-12-31 11:16:51 | DEBUG    | log:153 | [get_keyword_boost] Query: 'List trans pending from 10/11 ...' | Doc: getTransactionList | | Boost: 0.25 | Matched: ['pending']
2025-12-31 11:16:51 | DEBUG    | log:153 | [get_keyword_boost] Query: 'List trans pending from 10/11 ...' | Doc: getTransactionList | | Boost: 0.25 | Matched: ['pending']
2025-12-31 11:16:51 | DEBUG    | log:153 | [classify_query_intent] Ambiguous: 'List trans pending from 10/11 ...' | Scores: {'getTransactionList | Tra cứu giao dịch đang chờ xử lý hoặc chờ duyệt': 1, 'getTransactionList | Tra cứu giao dịch chờ duyệt theo số tài khoản nguồn': 1, 'getTransactionList | Tra cứu giao dịch chờ duyệt theo khoảng thời gian': 1, 'getTransactionList | Tra cứu giao dịch chờ duyệt theo loại giao dịch': 1, 'getTransactionList | Tra cứu giao dịch chờ duyệt theo số tiền hoặc hạn mức': 1}
2025-12-31 11:16:51 | DEBUG    | log:153 | [normalize_query] 'có lệnh nào chưa duyệt phát sinh sáng na...' -> 'Có lệnh nào chưa duyệt phát sinh sáng na...'
2025-12-31 11:16:51 | DEBUG    | log:153 | [perform_hybrid_search] query_text: [có lệnh nào chưa duyệt phát sinh sáng nay ko] - formatted_query: [Có lệnh nào chưa duyệt phát sinh sáng nay ko] - normalized_query: [Có lệnh nào chưa duyệt phát sinh sáng nay ko]
2025-12-31 11:16:51 | DEBUG    | log:153 | [perform_hybrid_search] BM25 raw scores: min=10.0685, max=13.8317
2025-12-31 11:16:51 | DEBUG    | log:153 | [classify_query_intent] No keyword matches found in: 'Có lệnh nào chưa duyệt phát sinh sáng nay ko'
2025-12-31 11:16:51 | DEBUG    | log:153 | [normalize_query] 'check ds chờ từ đầu năm đến giờ...' -> 'Check ds chờ từ đầu năm đến giờ...'
2025-12-31 11:16:51 | DEBUG    | log:153 | [perform_hybrid_search] query_text: [check ds chờ từ đầu năm đến giờ] - formatted_query: [Check ds chờ từ đầu năm đến giờ] - normalized_query: [Check ds chờ từ đầu năm đến giờ]
2025-12-31 11:16:51 | DEBUG    | log:153 | [perform_hybrid_search] BM25 raw scores: min=0.3433, max=2.1310
2025-12-31 11:16:51 | DEBUG    | log:153 | [get_keyword_boost] Query: 'Check ds chờ từ đầu năm đến gi...' | Doc: getTransactionList | | Boost: 0.25 | Matched: ['năm']
2025-12-31 11:16:51 | DEBUG    | log:153 | [get_keyword_boost] Query: 'Check ds chờ từ đầu năm đến gi...' | Doc: getTransactionList | | Boost: 0.25 | Matched: ['từ']
2025-12-31 11:16:51 | DEBUG    | log:153 | [classify_query_intent] Ambiguous: 'Check ds chờ từ đầu năm đến gi...' | Scores: {'getTransactionList | Tra cứu giao dịch chờ duyệt theo khoảng thời gian': 1, 'getTransactionList | Tra cứu giao dịch chờ duyệt theo số tiền hoặc hạn mức': 1}
2025-12-31 11:16:51 | DEBUG    | log:153 | [normalize_query] 'các gd chưa ok trong 3 ngày gần đây...' -> 'Các gd chưa ok trong 3 ngày gần đây...'
2025-12-31 11:16:51 | DEBUG    | log:153 | [perform_hybrid_search] query_text: [các gd chưa ok trong 3 ngày gần đây] - formatted_query: [Các gd chưa ok trong 3 ngày gần đây] - normalized_query: [Các gd chưa ok trong 3 ngày gần đây]
2025-12-31 11:16:51 | DEBUG    | log:153 | [perform_hybrid_search] BM25 raw scores: min=0.1657, max=12.9654
2025-12-31 11:16:51 | DEBUG    | log:153 | [get_keyword_boost] Query: 'Các gd chưa ok trong 3 ngày gầ...' | Doc: getTransactionList | | Boost: 0.75 | Matched: ['ngày', 'trong', 'gần đây']
2025-12-31 11:16:51 | DEBUG    | log:153 | [classify_query_intent] Classified: 'Các gd chưa ok trong 3 ngày gầ...' -> getTransactionList | Tra cứu g (score=3)
2025-12-31 11:16:51 | DEBUG    | log:153 | [normalize_query] 'show me pending trans last month...' -> 'Show me pending trans last month...'
2025-12-31 11:16:51 | DEBUG    | log:153 | [perform_hybrid_search] query_text: [show me pending trans last month] - formatted_query: [Show me pending trans last month] - normalized_query: [Show me pending trans last month]
2025-12-31 11:16:51 | DEBUG    | log:153 | [perform_hybrid_search] BM25 raw scores: min=0.1123, max=0.1372
2025-12-31 11:16:51 | DEBUG    | log:153 | [get_keyword_boost] Query: 'Show me pending trans last mon...' | Doc: getTransactionList | | Boost: 0.25 | Matched: ['pending']
2025-12-31 11:16:51 | DEBUG    | log:153 | [get_keyword_boost] Query: 'Show me pending trans last mon...' | Doc: getTransactionList | | Boost: 0.25 | Matched: ['pending']
2025-12-31 11:16:51 | DEBUG    | log:153 | [get_keyword_boost] Query: 'Show me pending trans last mon...' | Doc: getTransactionList | | Boost: 0.25 | Matched: ['pending']
2025-12-31 11:16:51 | DEBUG    | log:153 | [get_keyword_boost] Query: 'Show me pending trans last mon...' | Doc: getTransactionList | | Boost: 0.25 | Matched: ['pending']
2025-12-31 11:16:51 | DEBUG    | log:153 | [get_keyword_boost] Query: 'Show me pending trans last mon...' | Doc: getTransactionList | | Boost: 0.25 | Matched: ['pending']
2025-12-31 11:16:51 | DEBUG    | log:153 | [classify_query_intent] Ambiguous: 'Show me pending trans last mon...' | Scores: {'getTransactionList | Tra cứu giao dịch đang chờ xử lý hoặc chờ duyệt': 1, 'getTransactionList | Tra cứu giao dịch chờ duyệt theo số tài khoản nguồn': 1, 'getTransactionList | Tra cứu giao dịch chờ duyệt theo khoảng thời gian': 1, 'getTransactionList | Tra cứu giao dịch chờ duyệt theo loại giao dịch': 1, 'getTransactionList | Tra cứu giao dịch chờ duyệt theo số tiền hoặc hạn mức': 1}
2025-12-31 11:16:51 | DEBUG    | log:153 | [normalize_query] 'tra cứu gd treo khoảng tgian từ mùng 1...' -> 'Tra cứu gd treo khoảng tgian từ mùng 1...'
2025-12-31 11:16:51 | DEBUG    | log:153 | [perform_hybrid_search] query_text: [tra cứu gd treo khoảng tgian từ mùng 1] - formatted_query: [Tra cứu gd treo khoảng tgian từ mùng 1] - normalized_query: [Tra cứu gd treo khoảng tgian từ mùng 1]
2025-12-31 11:16:51 | DEBUG    | log:153 | [perform_hybrid_search] BM25 raw scores: min=0.4447, max=3.0789
2025-12-31 11:16:51 | DEBUG    | log:153 | [get_keyword_boost] Query: 'Tra cứu gd treo khoảng tgian t...' | Doc: getTransactionList | | Boost: 0.25 | Matched: ['từ']
2025-12-31 11:16:51 | DEBUG    | log:153 | [classify_query_intent] Classified: 'Tra cứu gd treo khoảng tgian t...' -> getTransactionList | Tra cứu g (score=1)
2025-12-31 11:16:51 | DEBUG    | log:153 | [normalize_query] 'tim lenh chua duoc accept tu ngay... den...' -> 'Tim lenh chua duoc accept tu ngay... den...'
2025-12-31 11:16:51 | DEBUG    | log:153 | [perform_hybrid_search] query_text: [tim lenh chua duoc accept tu ngay... den ngay...] - formatted_query: [Tim lenh chua duoc accept tu ngay... den ngay] - normalized_query: [Tim lenh chua duoc accept tu ngay... den ngay]
2025-12-31 11:16:51 | DEBUG    | log:153 | [perform_hybrid_search] BM25 raw scores: min=1.6205, max=5.0208
2025-12-31 11:16:51 | DEBUG    | log:153 | [classify_query_intent] No keyword matches found in: 'Tim lenh chua duoc accept tu ngay... den ngay'
2025-12-31 11:16:51 | DEBUG    | log:153 | [normalize_query] 'lọc các lệnh đang đợi từ thứ 2...' -> 'Lọc các lệnh đang đợi từ thứ 2...'
2025-12-31 11:16:51 | DEBUG    | log:153 | [perform_hybrid_search] query_text: [lọc các lệnh đang đợi từ thứ 2] - formatted_query: [Lọc các lệnh đang đợi từ thứ 2] - normalized_query: [Lọc các lệnh đang đợi từ thứ 2]
2025-12-31 11:16:51 | DEBUG    | log:153 | [perform_hybrid_search] BM25 raw scores: min=2.0443, max=2.7393
2025-12-31 11:16:51 | DEBUG    | log:153 | [get_keyword_boost] Query: 'Lọc các lệnh đang đợi từ thứ 2...' | Doc: getTransactionList | | Boost: 0.25 | Matched: ['từ']
2025-12-31 11:16:51 | DEBUG    | log:153 | [classify_query_intent] Classified: 'Lọc các lệnh đang đợi từ thứ 2...' -> getTransactionList | Tra cứu g (score=1)
2025-12-31 11:16:51 | DEBUG    | log:153 | [normalize_query] 'ds gd chưa duyệt trong quý này...' -> 'Ds gd chưa duyệt trong quý này...'
2025-12-31 11:16:51 | DEBUG    | log:153 | [perform_hybrid_search] query_text: [ds gd chưa duyệt trong quý này] - formatted_query: [Ds gd chưa duyệt trong quý này] - normalized_query: [Ds gd chưa duyệt trong quý này]
2025-12-31 11:16:51 | DEBUG    | log:153 | [perform_hybrid_search] BM25 raw scores: min=2.0807, max=6.5098
2025-12-31 11:16:51 | DEBUG    | log:153 | [get_keyword_boost] Query: 'Ds gd chưa duyệt trong quý này...' | Doc: getTransactionList | | Boost: 0.50 | Matched: ['quý', 'trong']
2025-12-31 11:16:51 | DEBUG    | log:153 | [classify_query_intent] Classified: 'Ds gd chưa duyệt trong quý này...' -> getTransactionList | Tra cứu g (score=2)
2025-12-31 11:16:51 | DEBUG    | log:153 | [normalize_query] 'có giao dịch nào bị kẹt từ ngày 20 không...' -> 'Có giao dịch nào bị kẹt từ ngày 20 không...'
2025-12-31 11:16:51 | DEBUG    | log:153 | [perform_hybrid_search] query_text: [có giao dịch nào bị kẹt từ ngày 20 không?] - formatted_query: [Có giao dịch nào bị kẹt từ ngày 20 không] - normalized_query: [Có giao dịch nào bị kẹt từ ngày 20 không]
2025-12-31 11:16:51 | DEBUG    | log:153 | [perform_hybrid_search] BM25 raw scores: min=13.2894, max=21.6109
2025-12-31 11:16:51 | DEBUG    | log:153 | [get_keyword_boost] Query: 'Có giao dịch nào bị kẹt từ ngà...' | Doc: getTransactionList | | Boost: 0.50 | Matched: ['ngày', 'từ ngày']
2025-12-31 11:16:51 | DEBUG    | log:153 | [get_keyword_boost] Query: 'Có giao dịch nào bị kẹt từ ngà...' | Doc: getTransactionList | | Boost: 0.25 | Matched: ['từ']
2025-12-31 11:16:51 | DEBUG    | log:153 | [classify_query_intent] Classified: 'Có giao dịch nào bị kẹt từ ngà...' -> getTransactionList | Tra cứu g (score=2)
2025-12-31 11:16:51 | DEBUG    | log:153 | [normalize_query] 'xem gd cho duyet trong khoang thoi gian ...' -> 'Xem gd cho duyet trong khoang thoi gian ...'
2025-12-31 11:16:51 | DEBUG    | log:153 | [perform_hybrid_search] query_text: [xem gd cho duyet trong khoang thoi gian vua roi] - formatted_query: [Xem gd cho duyet trong khoang thoi gian vua roi] - normalized_query: [Xem gd cho duyet trong khoang thoi gian vua roi]
2025-12-31 11:16:51 | DEBUG    | log:153 | [perform_hybrid_search] BM25 raw scores: min=2.1814, max=8.1503
2025-12-31 11:16:51 | DEBUG    | log:153 | [get_keyword_boost] Query: 'Xem gd cho duyet trong khoang ...' | Doc: getTransactionList | | Boost: 0.25 | Matched: ['trong']
2025-12-31 11:16:51 | DEBUG    | log:153 | [classify_query_intent] Classified: 'Xem gd cho duyet trong khoang ...' -> getTransactionList | Tra cứu g (score=1)
2025-12-31 11:16:51 | DEBUG    | log:153 | [normalize_query] 'kiem tra cac lenh chua duyet tu 15/12...' -> 'Kiem tra cac lenh chua duyet tu 15/12...'
2025-12-31 11:16:51 | DEBUG    | log:153 | [perform_hybrid_search] query_text: [kiem tra cac lenh chua duyet tu 15/12] - formatted_query: [Kiem tra cac lenh chua duyet tu 15/12] - normalized_query: [Kiem tra cac lenh chua duyet tu 15/12]
2025-12-31 11:16:51 | DEBUG    | log:153 | [perform_hybrid_search] BM25 raw scores: min=6.2757, max=10.0134
2025-12-31 11:16:51 | DEBUG    | log:153 | [classify_query_intent] No keyword matches found in: 'Kiem tra cac lenh chua duyet tu 15/12'
2025-12-31 11:16:51 | DEBUG    | log:153 | [normalize_query] 'lọc lệnh pending theo ngày...' -> 'Lọc lệnh pending theo ngày...'
2025-12-31 11:16:51 | DEBUG    | log:153 | [perform_hybrid_search] query_text: [lọc lệnh pending theo ngày] - formatted_query: [Lọc lệnh pending theo ngày] - normalized_query: [Lọc lệnh pending theo ngày]
2025-12-31 11:16:51 | DEBUG    | log:153 | [perform_hybrid_search] BM25 raw scores: min=1.7091, max=4.1924
2025-12-31 11:16:51 | DEBUG    | log:153 | [get_keyword_boost] Query: 'Lọc lệnh pending theo ngày...' | Doc: getTransactionList | | Boost: 0.25 | Matched: ['pending']
2025-12-31 11:16:51 | DEBUG    | log:153 | [get_keyword_boost] Query: 'Lọc lệnh pending theo ngày...' | Doc: getTransactionList | | Boost: 0.25 | Matched: ['pending']
2025-12-31 11:16:51 | DEBUG    | log:153 | [get_keyword_boost] Query: 'Lọc lệnh pending theo ngày...' | Doc: getTransactionList | | Boost: 0.50 | Matched: ['pending', 'ngày']
2025-12-31 11:16:51 | DEBUG    | log:153 | [get_keyword_boost] Query: 'Lọc lệnh pending theo ngày...' | Doc: getTransactionList | | Boost: 0.25 | Matched: ['pending']
2025-12-31 11:16:51 | DEBUG    | log:153 | [get_keyword_boost] Query: 'Lọc lệnh pending theo ngày...' | Doc: getTransactionList | | Boost: 0.25 | Matched: ['pending']
2025-12-31 11:16:51 | DEBUG    | log:153 | [classify_query_intent] Classified: 'Lọc lệnh pending theo ngày...' -> getTransactionList | Tra cứu g (score=2)
2025-12-31 11:16:51 | DEBUG    | log:153 | [normalize_query] 'show list chờ duyệt từ đầu tuần...' -> 'Show list chờ duyệt từ đầu tuần...'
2025-12-31 11:16:51 | DEBUG    | log:153 | [perform_hybrid_search] query_text: [show list chờ duyệt từ đầu tuần] - formatted_query: [Show list chờ duyệt từ đầu tuần] - normalized_query: [Show list chờ duyệt từ đầu tuần]
2025-12-31 11:16:51 | DEBUG    | log:153 | [perform_hybrid_search] BM25 raw scores: min=0.6459, max=2.9564
2025-12-31 11:16:51 | DEBUG    | log:153 | [get_keyword_boost] Query: 'Show list chờ duyệt từ đầu tuầ...' | Doc: getTransactionList | | Boost: 0.25 | Matched: ['chờ duyệt']
2025-12-31 11:16:51 | DEBUG    | log:153 | [get_keyword_boost] Query: 'Show list chờ duyệt từ đầu tuầ...' | Doc: getTransactionList | | Boost: 0.25 | Matched: ['chờ duyệt']
2025-12-31 11:16:51 | DEBUG    | log:153 | [get_keyword_boost] Query: 'Show list chờ duyệt từ đầu tuầ...' | Doc: getTransactionList | | Boost: 0.50 | Matched: ['chờ duyệt', 'tuần']
2025-12-31 11:16:51 | DEBUG    | log:153 | [get_keyword_boost] Query: 'Show list chờ duyệt từ đầu tuầ...' | Doc: getTransactionList | | Boost: 0.25 | Matched: ['chờ duyệt']
2025-12-31 11:16:51 | DEBUG    | log:153 | [get_keyword_boost] Query: 'Show list chờ duyệt từ đầu tuầ...' | Doc: getTransactionList | | Boost: 0.50 | Matched: ['chờ duyệt', 'từ']
2025-12-31 11:16:51 | DEBUG    | log:153 | [classify_query_intent] Ambiguous: 'Show list chờ duyệt từ đầu tuầ...' | Scores: {'getTransactionList | Tra cứu giao dịch đang chờ xử lý hoặc chờ duyệt': 1, 'getTransactionList | Tra cứu giao dịch chờ duyệt theo số tài khoản nguồn': 1, 'getTransactionList | Tra cứu giao dịch chờ duyệt theo khoảng thời gian': 2, 'getTransactionList | Tra cứu giao dịch chờ duyệt theo loại giao dịch': 1, 'getTransactionList | Tra cứu giao dịch chờ duyệt theo số tiền hoặc hạn mức': 2}
2025-12-31 11:16:51 | DEBUG    | log:153 | [normalize_query] 'những gd nào chưa hoàn tất từ hôm kia?...' -> 'Những gd nào chưa hoàn tất từ hôm kia...'
2025-12-31 11:16:51 | DEBUG    | log:153 | [perform_hybrid_search] query_text: [những gd nào chưa hoàn tất từ hôm kia?] - formatted_query: [Những gd nào chưa hoàn tất từ hôm kia] - normalized_query: [Những gd nào chưa hoàn tất từ hôm kia]
2025-12-31 11:16:51 | DEBUG    | log:153 | [perform_hybrid_search] BM25 raw scores: min=11.6346, max=16.7235
2025-12-31 11:16:51 | DEBUG    | log:153 | [get_keyword_boost] Query: 'Những gd nào chưa hoàn tất từ ...' | Doc: getTransactionList | | Boost: 0.25 | Matched: ['từ']
2025-12-31 11:16:51 | DEBUG    | log:153 | [classify_query_intent] Classified: 'Những gd nào chưa hoàn tất từ ...' -> getTransactionList | Tra cứu g (score=1)
2025-12-31 11:16:51 | DEBUG    | log:153 | [normalize_query] 'check gd pending theo date range...' -> 'Check gd pending theo date range...'
2025-12-31 11:16:51 | DEBUG    | log:153 | [perform_hybrid_search] query_text: [check gd pending theo date range] - formatted_query: [Check gd pending theo date range] - normalized_query: [Check gd pending theo date range]
2025-12-31 11:16:51 | DEBUG    | log:153 | [perform_hybrid_search] BM25 raw scores: min=0.1581, max=0.2034
2025-12-31 11:16:51 | DEBUG    | log:153 | [get_keyword_boost] Query: 'Check gd pending theo date ran...' | Doc: getTransactionList | | Boost: 0.25 | Matched: ['pending']
2025-12-31 11:16:51 | DEBUG    | log:153 | [get_keyword_boost] Query: 'Check gd pending theo date ran...' | Doc: getTransactionList | | Boost: 0.25 | Matched: ['pending']
2025-12-31 11:16:51 | DEBUG    | log:153 | [get_keyword_boost] Query: 'Check gd pending theo date ran...' | Doc: getTransactionList | | Boost: 0.25 | Matched: ['pending']
2025-12-31 11:16:51 | DEBUG    | log:153 | [get_keyword_boost] Query: 'Check gd pending theo date ran...' | Doc: getTransactionList | | Boost: 0.25 | Matched: ['pending']
2025-12-31 11:16:51 | DEBUG    | log:153 | [get_keyword_boost] Query: 'Check gd pending theo date ran...' | Doc: getTransactionList | | Boost: 0.25 | Matched: ['pending']
2025-12-31 11:16:51 | DEBUG    | log:153 | [classify_query_intent] Ambiguous: 'Check gd pending theo date ran...' | Scores: {'getTransactionList | Tra cứu giao dịch đang chờ xử lý hoặc chờ duyệt': 1, 'getTransactionList | Tra cứu giao dịch chờ duyệt theo số tài khoản nguồn': 1, 'getTransactionList | Tra cứu giao dịch chờ duyệt theo khoảng thời gian': 1, 'getTransactionList | Tra cứu giao dịch chờ duyệt theo loại giao dịch': 1, 'getTransactionList | Tra cứu giao dịch chờ duyệt theo số tiền hoặc hạn mức': 1}
2025-12-31 11:16:51 | DEBUG    | log:153 | [normalize_query] 'check gd bill chua duyet...' -> 'Check gd bill chua duyet...'
2025-12-31 11:16:51 | DEBUG    | log:153 | [perform_hybrid_search] query_text: [check gd bill chua duyet] - formatted_query: [Check gd bill chua duyet] - normalized_query: [Check gd bill chua duyet]
2025-12-31 11:16:51 | DEBUG    | log:153 | [perform_hybrid_search] BM25 raw scores: min=2.0807, max=2.2558
2025-12-31 11:16:51 | DEBUG    | log:153 | [classify_query_intent] No keyword matches found in: 'Check gd bill chua duyet'
2025-12-31 11:16:51 | DEBUG    | log:153 | [normalize_query] 'show các lệnh ck đang treo...' -> 'Show các lệnh ck đang treo...'
2025-12-31 11:16:51 | DEBUG    | log:153 | [perform_hybrid_search] query_text: [show các lệnh ck đang treo] - formatted_query: [Show các lệnh ck đang treo] - normalized_query: [Show các lệnh ck đang treo]
2025-12-31 11:16:51 | DEBUG    | log:153 | [perform_hybrid_search] BM25 raw scores: min=2.5088, max=2.8885
2025-12-31 11:16:51 | DEBUG    | log:153 | [classify_query_intent] No keyword matches found in: 'Show các lệnh ck đang treo'
2025-12-31 11:16:52 | DEBUG    | log:153 | [normalize_query] 'liệt kê gd card pending...' -> 'Liệt kê gd card pending...'
2025-12-31 11:16:52 | DEBUG    | log:153 | [perform_hybrid_search] query_text: [liệt kê gd card pending] - formatted_query: [Liệt kê gd card pending] - normalized_query: [Liệt kê gd card pending]
2025-12-31 11:16:52 | DEBUG    | log:153 | [perform_hybrid_search] BM25 raw scores: min=7.2685, max=8.1386
2025-12-31 11:16:52 | DEBUG    | log:153 | [get_keyword_boost] Query: 'Liệt kê gd card pending...' | Doc: getTransactionList | | Boost: 0.25 | Matched: ['pending']
2025-12-31 11:16:52 | DEBUG    | log:153 | [get_keyword_boost] Query: 'Liệt kê gd card pending...' | Doc: getTransactionList | | Boost: 0.25 | Matched: ['pending']
2025-12-31 11:16:52 | DEBUG    | log:153 | [get_keyword_boost] Query: 'Liệt kê gd card pending...' | Doc: getTransactionList | | Boost: 0.25 | Matched: ['pending']
2025-12-31 11:16:52 | DEBUG    | log:153 | [get_keyword_boost] Query: 'Liệt kê gd card pending...' | Doc: getTransactionList | | Boost: 0.25 | Matched: ['pending']
2025-12-31 11:16:52 | DEBUG    | log:153 | [get_keyword_boost] Query: 'Liệt kê gd card pending...' | Doc: getTransactionList | | Boost: 0.25 | Matched: ['pending']
2025-12-31 11:16:52 | DEBUG    | log:153 | [classify_query_intent] Ambiguous: 'Liệt kê gd card pending...' | Scores: {'getTransactionList | Tra cứu giao dịch đang chờ xử lý hoặc chờ duyệt': 1, 'getTransactionList | Tra cứu giao dịch chờ duyệt theo số tài khoản nguồn': 1, 'getTransactionList | Tra cứu giao dịch chờ duyệt theo khoảng thời gian': 1, 'getTransactionList | Tra cứu giao dịch chờ duyệt theo loại giao dịch': 1, 'getTransactionList | Tra cứu giao dịch chờ duyệt theo số tiền hoặc hạn mức': 1}
2025-12-31 11:16:52 | DEBUG    | log:153 | [normalize_query] 'có gd thanh toán nào chưa xong ko...' -> 'Có gd thanh toán nào chưa xong ko...'
2025-12-31 11:16:52 | DEBUG    | log:153 | [perform_hybrid_search] query_text: [có gd thanh toán nào chưa xong ko] - formatted_query: [Có gd thanh toán nào chưa xong ko] - normalized_query: [Có gd thanh toán nào chưa xong ko]
2025-12-31 11:16:52 | DEBUG    | log:153 | [perform_hybrid_search] BM25 raw scores: min=6.6579, max=15.8224
2025-12-31 11:16:52 | DEBUG    | log:153 | [get_keyword_boost] Query: 'Có gd thanh toán nào chưa xong...' | Doc: getTransactionList | | Boost: 0.25 | Matched: ['thanh toán']
2025-12-31 11:16:52 | DEBUG    | log:153 | [classify_query_intent] Classified: 'Có gd thanh toán nào chưa xong...' -> getTransactionList | Tra cứu g (score=1)
2025-12-31 11:16:52 | DEBUG    | log:153 | [normalize_query] 'tim lenh chuyen khoan cho phe duyet...' -> 'Tim lenh chuyen khoan cho phe duyet...'
2025-12-31 11:16:52 | DEBUG    | log:153 | [perform_hybrid_search] query_text: [tim lenh chuyen khoan cho phe duyet] - formatted_query: [Tim lenh chuyen khoan cho phe duyet] - normalized_query: [Tim lenh chuyen khoan cho phe duyet]
2025-12-31 11:16:52 | DEBUG    | log:153 | [perform_hybrid_search] BM25 raw scores: min=3.8176, max=9.7283
2025-12-31 11:16:52 | DEBUG    | log:153 | [classify_query_intent] No keyword matches found in: 'Tim lenh chuyen khoan cho phe duyet'
2025-12-31 11:16:52 | DEBUG    | log:153 | [normalize_query] 'ds gd hoa don chua thanh toan...' -> 'Ds gd hoa don chua thanh toan...'
2025-12-31 11:16:52 | DEBUG    | log:153 | [perform_hybrid_search] query_text: [ds gd hoa don chua thanh toan] - formatted_query: [Ds gd hoa don chua thanh toan] - normalized_query: [Ds gd hoa don chua thanh toan]
2025-12-31 11:16:52 | DEBUG    | log:153 | [perform_hybrid_search] BM25 raw scores: min=1.0247, max=6.8377
2025-12-31 11:16:52 | DEBUG    | log:153 | [classify_query_intent] No keyword matches found in: 'Ds gd hoa don chua thanh toan'
2025-12-31 11:16:52 | DEBUG    | log:153 | [normalize_query] 'xem giao dich the dang doi duyet...' -> 'Xem giao dich the dang doi duyet...'
2025-12-31 11:16:52 | DEBUG    | log:153 | [perform_hybrid_search] query_text: [xem giao dich the dang doi duyet] - formatted_query: [Xem giao dich the dang doi duyet] - normalized_query: [Xem giao dich the dang doi duyet]
2025-12-31 11:16:52 | DEBUG    | log:153 | [perform_hybrid_search] BM25 raw scores: min=4.7378, max=6.9478
2025-12-31 11:16:52 | DEBUG    | log:153 | [classify_query_intent] No keyword matches found in: 'Xem giao dich the dang doi duyet'
2025-12-31 11:16:52 | DEBUG    | log:153 | [normalize_query] 'co lenh ck nao chua duoc checker bam ko...' -> 'Co lenh ck nao chua duoc checker bam ko...'
2025-12-31 11:16:52 | DEBUG    | log:153 | [perform_hybrid_search] query_text: [co lenh ck nao chua duoc checker bam ko] - formatted_query: [Co lenh ck nao chua duoc checker bam ko] - normalized_query: [Co lenh ck nao chua duoc checker bam ko]
2025-12-31 11:16:52 | DEBUG    | log:153 | [perform_hybrid_search] BM25 raw scores: min=4.1115, max=4.9011
2025-12-31 11:16:52 | DEBUG    | log:153 | [classify_query_intent] No keyword matches found in: 'Co lenh ck nao chua duoc checker bam ko'
2025-12-31 11:16:52 | DEBUG    | log:153 | [normalize_query] 'show gd bill pending...' -> 'Show gd bill pending...'
2025-12-31 11:16:52 | DEBUG    | log:153 | [perform_hybrid_search] query_text: [show gd bill pending] - formatted_query: [Show gd bill pending] - normalized_query: [Show gd bill pending]
2025-12-31 11:16:52 | DEBUG    | log:153 | [perform_hybrid_search] BM25 raw scores: min=0.1123, max=0.1372
2025-12-31 11:16:52 | DEBUG    | log:153 | [get_keyword_boost] Query: 'Show gd bill pending...' | Doc: getTransactionList | | Boost: 0.25 | Matched: ['pending']
2025-12-31 11:16:52 | DEBUG    | log:153 | [get_keyword_boost] Query: 'Show gd bill pending...' | Doc: getTransactionList | | Boost: 0.25 | Matched: ['pending']
2025-12-31 11:16:52 | DEBUG    | log:153 | [get_keyword_boost] Query: 'Show gd bill pending...' | Doc: getTransactionList | | Boost: 0.25 | Matched: ['pending']
2025-12-31 11:16:52 | DEBUG    | log:153 | [get_keyword_boost] Query: 'Show gd bill pending...' | Doc: getTransactionList | | Boost: 0.25 | Matched: ['pending']
2025-12-31 11:16:52 | DEBUG    | log:153 | [get_keyword_boost] Query: 'Show gd bill pending...' | Doc: getTransactionList | | Boost: 0.25 | Matched: ['pending']
2025-12-31 11:16:52 | DEBUG    | log:153 | [classify_query_intent] Ambiguous: 'Show gd bill pending...' | Scores: {'getTransactionList | Tra cứu giao dịch đang chờ xử lý hoặc chờ duyệt': 1, 'getTransactionList | Tra cứu giao dịch chờ duyệt theo số tài khoản nguồn': 1, 'getTransactionList | Tra cứu giao dịch chờ duyệt theo khoảng thời gian': 1, 'getTransactionList | Tra cứu giao dịch chờ duyệt theo loại giao dịch': 1, 'getTransactionList | Tra cứu giao dịch chờ duyệt theo số tiền hoặc hạn mức': 1}
2025-12-31 11:16:52 | DEBUG    | log:153 | [normalize_query] 'liet ke thanh toan hoa don chua duyet...' -> 'Liet ke thanh toan hoa don chua duyet...'
2025-12-31 11:16:52 | DEBUG    | log:153 | [perform_hybrid_search] query_text: [liet ke thanh toan hoa don chua duyet] - formatted_query: [Liet ke thanh toan hoa don chua duyet] - normalized_query: [Liet ke thanh toan hoa don chua duyet]
2025-12-31 11:16:52 | DEBUG    | log:153 | [perform_hybrid_search] BM25 raw scores: min=6.7174, max=12.7548
2025-12-31 11:16:52 | DEBUG    | log:153 | [classify_query_intent] No keyword matches found in: 'Liet ke thanh toan hoa don chua duyet'
2025-12-31 11:16:52 | DEBUG    | log:153 | [normalize_query] 'check cac giao dich card dang treo...' -> 'Check cac giao dich card dang treo...'
2025-12-31 11:16:52 | DEBUG    | log:153 | [perform_hybrid_search] query_text: [check cac giao dich card dang treo] - formatted_query: [Check cac giao dich card dang treo] - normalized_query: [Check cac giao dich card dang treo]
2025-12-31 11:16:52 | DEBUG    | log:153 | [perform_hybrid_search] BM25 raw scores: min=0.6826, max=0.7092
2025-12-31 11:16:52 | DEBUG    | log:153 | [classify_query_intent] No keyword matches found in: 'Check cac giao dich card dang treo'
2025-12-31 11:16:52 | DEBUG    | log:153 | [normalize_query] 'tim cac lenh chuyen tien chua thanh cong...' -> 'Tim cac lenh chuyen tien chua thanh cong...'
2025-12-31 11:16:52 | DEBUG    | log:153 | [perform_hybrid_search] query_text: [tim cac lenh chuyen tien chua thanh cong] - formatted_query: [Tim cac lenh chuyen tien chua thanh cong] - normalized_query: [Tim cac lenh chuyen tien chua thanh cong]
2025-12-31 11:16:52 | DEBUG    | log:153 | [perform_hybrid_search] BM25 raw scores: min=5.4126, max=15.3015
2025-12-31 11:16:52 | DEBUG    | log:153 | [classify_query_intent] No keyword matches found in: 'Tim cac lenh chuyen tien chua thanh cong'
2025-12-31 11:16:52 | DEBUG    | log:153 | [normalize_query] 'gd chuyen khoan nao chua duoc duyet nhi...' -> 'Gd chuyen khoan nao chua duoc duyet nhi...'
2025-12-31 11:16:52 | DEBUG    | log:153 | [perform_hybrid_search] query_text: [gd chuyen khoan nao chua duoc duyet nhi] - formatted_query: [Gd chuyen khoan nao chua duoc duyet nhi] - normalized_query: [Gd chuyen khoan nao chua duoc duyet nhi]
2025-12-31 11:16:52 | DEBUG    | log:153 | [perform_hybrid_search] BM25 raw scores: min=3.8805, max=7.9840
2025-12-31 11:16:52 | DEBUG    | log:153 | [classify_query_intent] No keyword matches found in: 'Gd chuyen khoan nao chua duoc duyet nhi'
2025-12-31 11:16:52 | DEBUG    | log:153 | [normalize_query] 'xem list gd thanh toan dang cho...' -> 'Xem list gd thanh toan dang cho...'
2025-12-31 11:16:52 | DEBUG    | log:153 | [perform_hybrid_search] query_text: [xem list gd thanh toan dang cho] - formatted_query: [Xem list gd thanh toan dang cho] - normalized_query: [Xem list gd thanh toan dang cho]
2025-12-31 11:16:52 | DEBUG    | log:153 | [perform_hybrid_search] BM25 raw scores: min=2.7298, max=8.7020
2025-12-31 11:16:52 | DEBUG    | log:153 | [classify_query_intent] No keyword matches found in: 'Xem list gd thanh toan dang cho'
2025-12-31 11:16:52 | DEBUG    | log:153 | [normalize_query] 'co hoa don nao chua duoc xac nhan ko...' -> 'Co hoa don nao chua duoc xac nhan ko...'
2025-12-31 11:16:52 | DEBUG    | log:153 | [perform_hybrid_search] query_text: [co hoa don nao chua duoc xac nhan ko] - formatted_query: [Co hoa don nao chua duoc xac nhan ko] - normalized_query: [Co hoa don nao chua duoc xac nhan ko]
2025-12-31 11:16:52 | DEBUG    | log:153 | [perform_hybrid_search] BM25 raw scores: min=2.6167, max=3.6009
2025-12-31 11:16:52 | DEBUG    | log:153 | [classify_query_intent] No keyword matches found in: 'Co hoa don nao chua duoc xac nhan ko'
2025-12-31 11:16:52 | DEBUG    | log:153 | [normalize_query] 'liet ke gd the chua phe duyet...' -> 'Liet ke gd the chua phe duyet...'
2025-12-31 11:16:52 | DEBUG    | log:153 | [perform_hybrid_search] query_text: [liet ke gd the chua phe duyet] - formatted_query: [Liet ke gd the chua phe duyet] - normalized_query: [Liet ke gd the chua phe duyet]
2025-12-31 11:16:52 | DEBUG    | log:153 | [perform_hybrid_search] BM25 raw scores: min=4.0339, max=5.7263
2025-12-31 11:16:52 | DEBUG    | log:153 | [classify_query_intent] No keyword matches found in: 'Liet ke gd the chua phe duyet'
2025-12-31 11:16:52 | DEBUG    | log:153 | [normalize_query] 'check pending bill payments...' -> 'Check pending bill payments...'
2025-12-31 11:16:52 | DEBUG    | log:153 | [perform_hybrid_search] query_text: [check pending bill payments] - formatted_query: [Check pending bill payments] - normalized_query: [Check pending bill payments]
2025-12-31 11:16:52 | DEBUG    | log:153 | [perform_hybrid_search] BM25 raw scores: min=0.1123, max=0.1372
2025-12-31 11:16:52 | DEBUG    | log:153 | [get_keyword_boost] Query: 'Check pending bill payments...' | Doc: getTransactionList | | Boost: 0.25 | Matched: ['pending']
2025-12-31 11:16:52 | DEBUG    | log:153 | [get_keyword_boost] Query: 'Check pending bill payments...' | Doc: getTransactionList | | Boost: 0.25 | Matched: ['pending']
2025-12-31 11:16:52 | DEBUG    | log:153 | [get_keyword_boost] Query: 'Check pending bill payments...' | Doc: getTransactionList | | Boost: 0.25 | Matched: ['pending']
2025-12-31 11:16:52 | DEBUG    | log:153 | [get_keyword_boost] Query: 'Check pending bill payments...' | Doc: getTransactionList | | Boost: 0.25 | Matched: ['pending']
2025-12-31 11:16:52 | DEBUG    | log:153 | [get_keyword_boost] Query: 'Check pending bill payments...' | Doc: getTransactionList | | Boost: 0.25 | Matched: ['pending']
2025-12-31 11:16:52 | DEBUG    | log:153 | [classify_query_intent] Ambiguous: 'Check pending bill payments...' | Scores: {'getTransactionList | Tra cứu giao dịch đang chờ xử lý hoặc chờ duyệt': 1, 'getTransactionList | Tra cứu giao dịch chờ duyệt theo số tài khoản nguồn': 1, 'getTransactionList | Tra cứu giao dịch chờ duyệt theo khoảng thời gian': 1, 'getTransactionList | Tra cứu giao dịch chờ duyệt theo loại giao dịch': 1, 'getTransactionList | Tra cứu giao dịch chờ duyệt theo số tiền hoặc hạn mức': 1}
2025-12-31 11:16:52 | DEBUG    | log:153 | [normalize_query] 'xem các giao dịch chuyển tiền đang ở trạ...' -> 'Xem các giao dịch chuyển tiền đang ở trạ...'
2025-12-31 11:16:52 | DEBUG    | log:153 | [perform_hybrid_search] query_text: [xem các giao dịch chuyển tiền đang ở trạng thái chờ] - formatted_query: [Xem các giao dịch chuyển tiền đang ở trạng thái chờ] - normalized_query: [Xem các giao dịch chuyển tiền đang ở trạng thái chờ]
2025-12-31 11:16:52 | DEBUG    | log:153 | [perform_hybrid_search] BM25 raw scores: min=11.4829, max=18.1063
2025-12-31 11:16:52 | DEBUG    | log:153 | [get_keyword_boost] Query: 'Xem các giao dịch chuyển tiền ...' | Doc: getTransactionList | | Boost: 0.25 | Matched: ['chuyển tiền']
2025-12-31 11:16:52 | DEBUG    | log:153 | [classify_query_intent] Classified: 'Xem các giao dịch chuyển tiền ...' -> getTransactionList | Tra cứu g (score=1)
2025-12-31 11:16:52 | DEBUG    | log:153 | [normalize_query] 'có gd thẻ nào bị kẹt không...' -> 'Có gd thẻ nào bị kẹt không...'
2025-12-31 11:16:52 | DEBUG    | log:153 | [perform_hybrid_search] query_text: [có gd thẻ nào bị kẹt không] - formatted_query: [Có gd thẻ nào bị kẹt không] - normalized_query: [Có gd thẻ nào bị kẹt không]
2025-12-31 11:16:52 | DEBUG    | log:153 | [perform_hybrid_search] BM25 raw scores: min=6.3509, max=11.6477
2025-12-31 11:16:52 | DEBUG    | log:153 | [get_keyword_boost] Query: 'Có gd thẻ nào bị kẹt không...' | Doc: getTransactionList | | Boost: 0.25 | Matched: ['thẻ']
2025-12-31 11:16:52 | DEBUG    | log:153 | [classify_query_intent] Classified: 'Có gd thẻ nào bị kẹt không...' -> getTransactionList | Tra cứu g (score=1)
2025-12-31 11:16:52 | DEBUG    | log:153 | [normalize_query] 'tìm lệnh chuyển khoản chưa hoàn tất...' -> 'Tìm lệnh chuyển khoản chưa hoàn tất...'
2025-12-31 11:16:52 | DEBUG    | log:153 | [perform_hybrid_search] query_text: [tìm lệnh chuyển khoản chưa hoàn tất] - formatted_query: [Tìm lệnh chuyển khoản chưa hoàn tất] - normalized_query: [Tìm lệnh chuyển khoản chưa hoàn tất]
2025-12-31 11:16:52 | DEBUG    | log:153 | [perform_hybrid_search] BM25 raw scores: min=10.5270, max=19.6762
2025-12-31 11:16:52 | DEBUG    | log:153 | [get_keyword_boost] Query: 'Tìm lệnh chuyển khoản chưa hoà...' | Doc: getTransactionList | | Boost: 0.25 | Matched: ['chuyển khoản']
2025-12-31 11:16:52 | DEBUG    | log:153 | [classify_query_intent] Classified: 'Tìm lệnh chuyển khoản chưa hoà...' -> getTransactionList | Tra cứu g (score=1)
2025-12-31 11:16:52 | DEBUG    | log:153 | [normalize_query] 'check gd tren 100tr dang treo...' -> 'Check gd tren 100tr dang treo...'
2025-12-31 11:16:52 | DEBUG    | log:153 | [perform_hybrid_search] query_text: [check gd tren 100tr dang treo] - formatted_query: [Check gd tren 100tr dang treo] - normalized_query: [Check gd tren 100tr dang treo]
2025-12-31 11:16:52 | DEBUG    | log:153 | [perform_hybrid_search] BM25 raw scores: min=0.1436, max=3.0109
2025-12-31 11:16:52 | DEBUG    | log:153 | [classify_query_intent] No keyword matches found in: 'Check gd tren 100tr dang treo'
2025-12-31 11:16:52 | DEBUG    | log:153 | [normalize_query] 'có lệnh nào trên 500 triệu chưa duyệt ko...' -> 'Có lệnh nào trên 500 triệu chưa duyệt ko...'
2025-12-31 11:16:52 | DEBUG    | log:153 | [perform_hybrid_search] query_text: [có lệnh nào trên 500 triệu chưa duyệt ko?] - formatted_query: [Có lệnh nào trên 500 triệu chưa duyệt ko] - normalized_query: [Có lệnh nào trên 500 triệu chưa duyệt ko]
2025-12-31 11:16:52 | DEBUG    | log:153 | [perform_hybrid_search] BM25 raw scores: min=8.3949, max=30.3124
2025-12-31 11:16:52 | DEBUG    | log:153 | [get_keyword_boost] Query: 'Có lệnh nào trên 500 triệu chư...' | Doc: getTransactionList | | Boost: 0.50 | Matched: ['trên', 'triệu']
2025-12-31 11:16:52 | DEBUG    | log:153 | [classify_query_intent] Classified: 'Có lệnh nào trên 500 triệu chư...' -> getTransactionList | Tra cứu g (score=2)
2025-12-31 11:16:52 | DEBUG    | log:153 | [normalize_query] 'tìm gd giá trị lớn đang chờ...' -> 'Tìm gd giá trị lớn đang chờ...'
2025-12-31 11:16:52 | DEBUG    | log:153 | [perform_hybrid_search] query_text: [tìm gd giá trị lớn đang chờ] - formatted_query: [Tìm gd giá trị lớn đang chờ] - normalized_query: [Tìm gd giá trị lớn đang chờ]
2025-12-31 11:16:52 | DEBUG    | log:153 | [perform_hybrid_search] BM25 raw scores: min=0.4447, max=12.0370
2025-12-31 11:16:52 | DEBUG    | log:153 | [get_keyword_boost] Query: 'Tìm gd giá trị lớn đang chờ...' | Doc: getTransactionList | | Boost: 0.25 | Matched: ['đang chờ']
2025-12-31 11:16:52 | DEBUG    | log:153 | [get_keyword_boost] Query: 'Tìm gd giá trị lớn đang chờ...' | Doc: getTransactionList | | Boost: 0.50 | Matched: ['giá trị', 'giá trị lớn']
2025-12-31 11:16:52 | DEBUG    | log:153 | [classify_query_intent] Classified: 'Tìm gd giá trị lớn đang chờ...' -> getTransactionList | Tra cứu g (score=2)
2025-12-31 11:16:52 | DEBUG    | log:153 | [normalize_query] 'liet ke lenh tren 1 ty chua xong...' -> 'Liet ke lenh tren 1 ty chua xong...'
2025-12-31 11:16:52 | DEBUG    | log:153 | [perform_hybrid_search] query_text: [liet ke lenh tren 1 ty chua xong] - formatted_query: [Liet ke lenh tren 1 ty chua xong] - normalized_query: [Liet ke lenh tren 1 ty chua xong]
2025-12-31 11:16:52 | DEBUG    | log:153 | [perform_hybrid_search] BM25 raw scores: min=5.5659, max=10.4232
2025-12-31 11:16:52 | DEBUG    | log:153 | [classify_query_intent] No keyword matches found in: 'Liet ke lenh tren 1 ty chua xong'
2025-12-31 11:16:52 | DEBUG    | log:153 | [normalize_query] 'show gd pending > 50tr...' -> 'Show gd pending > 50tr...'
2025-12-31 11:16:52 | DEBUG    | log:153 | [perform_hybrid_search] query_text: [show gd pending > 50tr] - formatted_query: [Show gd pending > 50tr] - normalized_query: [Show gd pending > 50tr]
2025-12-31 11:16:52 | DEBUG    | log:153 | [perform_hybrid_search] BM25 raw scores: min=0.1123, max=0.1372
2025-12-31 11:16:52 | DEBUG    | log:153 | [get_keyword_boost] Query: 'Show gd pending > 50tr...' | Doc: getTransactionList | | Boost: 0.25 | Matched: ['pending']
2025-12-31 11:16:52 | DEBUG    | log:153 | [get_keyword_boost] Query: 'Show gd pending > 50tr...' | Doc: getTransactionList | | Boost: 0.25 | Matched: ['pending']
2025-12-31 11:16:52 | DEBUG    | log:153 | [get_keyword_boost] Query: 'Show gd pending > 50tr...' | Doc: getTransactionList | | Boost: 0.25 | Matched: ['pending']
2025-12-31 11:16:52 | DEBUG    | log:153 | [get_keyword_boost] Query: 'Show gd pending > 50tr...' | Doc: getTransactionList | | Boost: 0.25 | Matched: ['pending']
2025-12-31 11:16:52 | DEBUG    | log:153 | [get_keyword_boost] Query: 'Show gd pending > 50tr...' | Doc: getTransactionList | | Boost: 0.25 | Matched: ['pending']
2025-12-31 11:16:52 | DEBUG    | log:153 | [classify_query_intent] Ambiguous: 'Show gd pending > 50tr...' | Scores: {'getTransactionList | Tra cứu giao dịch đang chờ xử lý hoặc chờ duyệt': 1, 'getTransactionList | Tra cứu giao dịch chờ duyệt theo số tài khoản nguồn': 1, 'getTransactionList | Tra cứu giao dịch chờ duyệt theo khoảng thời gian': 1, 'getTransactionList | Tra cứu giao dịch chờ duyệt theo loại giao dịch': 1, 'getTransactionList | Tra cứu giao dịch chờ duyệt theo số tiền hoặc hạn mức': 1}
2025-12-31 11:16:52 | DEBUG    | log:153 | [normalize_query] 'tim lenh chuyen tien tren 200tr chua duy...' -> 'Tim lenh chuyen tien tren 200tr chua duy...'
2025-12-31 11:16:52 | DEBUG    | log:153 | [perform_hybrid_search] query_text: [tim lenh chuyen tien tren 200tr chua duyet] - formatted_query: [Tim lenh chuyen tien tren 200tr chua duyet] - normalized_query: [Tim lenh chuyen tien tren 200tr chua duyet]
2025-12-31 11:16:52 | DEBUG    | log:153 | [perform_hybrid_search] BM25 raw scores: min=7.3341, max=13.3684
2025-12-31 11:16:52 | DEBUG    | log:153 | [classify_query_intent] No keyword matches found in: 'Tim lenh chuyen tien tren 200tr chua duyet'
2025-12-31 11:16:52 | DEBUG    | log:153 | [normalize_query] 'gd nao tren 10 cu dang doi nhi...' -> 'Gd nao tren 10 cu dang doi nhi...'
2025-12-31 11:16:52 | DEBUG    | log:153 | [perform_hybrid_search] query_text: [gd nao tren 10 cu dang doi nhi] - formatted_query: [Gd nao tren 10 cu dang doi nhi] - normalized_query: [Gd nao tren 10 cu dang doi nhi]
2025-12-31 11:16:52 | DEBUG    | log:153 | [perform_hybrid_search] BM25 raw scores: min=2.3839, max=5.9010
2025-12-31 11:16:52 | DEBUG    | log:153 | [classify_query_intent] No keyword matches found in: 'Gd nao tren 10 cu dang doi nhi'
2025-12-31 11:16:52 | DEBUG    | log:153 | [normalize_query] 'co lenh chuyen tien ty nao dang treo ko?...' -> 'Co lenh chuyen tien ty nao dang treo ko...'
2025-12-31 11:16:52 | DEBUG    | log:153 | [perform_hybrid_search] query_text: [co lenh chuyen tien ty nao dang treo ko?] - formatted_query: [Co lenh chuyen tien ty nao dang treo ko] - normalized_query: [Co lenh chuyen tien ty nao dang treo ko]
2025-12-31 11:16:52 | DEBUG    | log:153 | [perform_hybrid_search] BM25 raw scores: min=7.8511, max=12.6604
2025-12-31 11:16:52 | DEBUG    | log:153 | [classify_query_intent] No keyword matches found in: 'Co lenh chuyen tien ty nao dang treo ko'
2025-12-31 11:16:52 | DEBUG    | log:153 | [normalize_query] 'check cac gd > 1.000.000.000 chua duyet...' -> 'Check cac gd > 1.000.000.000 chua duyet...'
2025-12-31 11:16:52 | DEBUG    | log:153 | [perform_hybrid_search] query_text: [check cac gd > 1.000.000.000 chua duyet] - formatted_query: [Check cac gd > 1.000.000.000 chua duyet] - normalized_query: [Check cac gd > 1.000.000.000 chua duyet]
2025-12-31 11:16:52 | DEBUG    | log:153 | [perform_hybrid_search] BM25 raw scores: min=2.0807, max=2.2558
2025-12-31 11:16:52 | DEBUG    | log:153 | [classify_query_intent] No keyword matches found in: 'Check cac gd > 1.000.000.000 chua duyet'
2025-12-31 11:16:52 | DEBUG    | log:153 | [normalize_query] 'tim gd han muc cao dang cho phe duyet...' -> 'Tim gd han muc cao dang cho phe duyet...'
2025-12-31 11:16:52 | DEBUG    | log:153 | [perform_hybrid_search] query_text: [tim gd han muc cao dang cho phe duyet] - formatted_query: [Tim gd han muc cao dang cho phe duyet] - normalized_query: [Tim gd han muc cao dang cho phe duyet]
2025-12-31 11:16:52 | DEBUG    | log:153 | [perform_hybrid_search] BM25 raw scores: min=0.3134, max=4.6228
2025-12-31 11:16:52 | DEBUG    | log:153 | [classify_query_intent] No keyword matches found in: 'Tim gd han muc cao dang cho phe duyet'
2025-12-31 11:16:52 | DEBUG    | log:153 | [normalize_query] 'liet ke lenh tren 300 trieu chua ok...' -> 'Liet ke lenh tren 300 trieu chua ok...'
2025-12-31 11:16:52 | DEBUG    | log:153 | [perform_hybrid_search] query_text: [liet ke lenh tren 300 trieu chua ok] - formatted_query: [Liet ke lenh tren 300 trieu chua ok] - normalized_query: [Liet ke lenh tren 300 trieu chua ok]
2025-12-31 11:16:52 | DEBUG    | log:153 | [perform_hybrid_search] BM25 raw scores: min=5.5659, max=15.5073
2025-12-31 11:16:52 | DEBUG    | log:153 | [classify_query_intent] No keyword matches found in: 'Liet ke lenh tren 300 trieu chua ok'
2025-12-31 11:16:52 | DEBUG    | log:153 | [normalize_query] 'show list pending amount > 100m...' -> 'Show list pending amount > 100m...'
2025-12-31 11:16:52 | DEBUG    | log:153 | [perform_hybrid_search] query_text: [show list pending amount > 100m] - formatted_query: [Show list pending amount > 100m] - normalized_query: [Show list pending amount > 100m]
2025-12-31 11:16:52 | DEBUG    | log:153 | [perform_hybrid_search] BM25 raw scores: min=0.1123, max=0.1372
2025-12-31 11:16:52 | DEBUG    | log:153 | [get_keyword_boost] Query: 'Show list pending amount > 100...' | Doc: getTransactionList | | Boost: 0.25 | Matched: ['pending']
2025-12-31 11:16:52 | DEBUG    | log:153 | [get_keyword_boost] Query: 'Show list pending amount > 100...' | Doc: getTransactionList | | Boost: 0.25 | Matched: ['pending']
2025-12-31 11:16:52 | DEBUG    | log:153 | [get_keyword_boost] Query: 'Show list pending amount > 100...' | Doc: getTransactionList | | Boost: 0.25 | Matched: ['pending']
2025-12-31 11:16:52 | DEBUG    | log:153 | [get_keyword_boost] Query: 'Show list pending amount > 100...' | Doc: getTransactionList | | Boost: 0.25 | Matched: ['pending']
2025-12-31 11:16:52 | DEBUG    | log:153 | [get_keyword_boost] Query: 'Show list pending amount > 100...' | Doc: getTransactionList | | Boost: 0.25 | Matched: ['pending']
2025-12-31 11:16:52 | DEBUG    | log:153 | [classify_query_intent] Ambiguous: 'Show list pending amount > 100...' | Scores: {'getTransactionList | Tra cứu giao dịch đang chờ xử lý hoặc chờ duyệt': 1, 'getTransactionList | Tra cứu giao dịch chờ duyệt theo số tài khoản nguồn': 1, 'getTransactionList | Tra cứu giao dịch chờ duyệt theo khoảng thời gian': 1, 'getTransactionList | Tra cứu giao dịch chờ duyệt theo loại giao dịch': 1, 'getTransactionList | Tra cứu giao dịch chờ duyệt theo số tiền hoặc hạn mức': 1}
2025-12-31 11:16:52 | DEBUG    | log:153 | [normalize_query] 'co lenh nao tren 100tr chua duoc duyet k...' -> 'Co lenh nao tren 100tr chua duoc duyet k...'
2025-12-31 11:16:52 | DEBUG    | log:153 | [perform_hybrid_search] query_text: [co lenh nao tren 100tr chua duoc duyet ko] - formatted_query: [Co lenh nao tren 100tr chua duoc duyet ko] - normalized_query: [Co lenh nao tren 100tr chua duoc duyet ko]
2025-12-31 11:16:52 | DEBUG    | log:153 | [perform_hybrid_search] BM25 raw scores: min=4.1875, max=7.1456
2025-12-31 11:16:52 | DEBUG    | log:153 | [classify_query_intent] No keyword matches found in: 'Co lenh nao tren 100tr chua duoc duyet ko'
2025-12-31 11:16:52 | DEBUG    | log:153 | [normalize_query] 'tra cuu gd gia tri cao chua xuly...' -> 'Tra cuu gd gia tri cao chua xuly...'
2025-12-31 11:16:52 | DEBUG    | log:153 | [perform_hybrid_search] query_text: [tra cuu gd gia tri cao chua xuly] - formatted_query: [Tra cuu gd gia tri cao chua xuly] - normalized_query: [Tra cuu gd gia tri cao chua xuly]
2025-12-31 11:16:52 | DEBUG    | log:153 | [perform_hybrid_search] BM25 raw scores: min=0.3016, max=4.5742
2025-12-31 11:16:52 | DEBUG    | log:153 | [classify_query_intent] No keyword matches found in: 'Tra cuu gd gia tri cao chua xuly'
2025-12-31 11:16:52 | DEBUG    | log:153 | [normalize_query] 'ds pending tren 500 cu...' -> 'Ds pending tren 500 cu...'
2025-12-31 11:16:52 | DEBUG    | log:153 | [perform_hybrid_search] query_text: [ds pending tren 500 cu] - formatted_query: [Ds pending tren 500 cu] - normalized_query: [Ds pending tren 500 cu]
2025-12-31 11:16:52 | DEBUG    | log:153 | [perform_hybrid_search] BM25 raw scores: min=0.1317, max=8.0222
2025-12-31 11:16:52 | DEBUG    | log:153 | [get_keyword_boost] Query: 'Ds pending tren 500 cu...' | Doc: getTransactionList | | Boost: 0.25 | Matched: ['pending']
2025-12-31 11:16:52 | DEBUG    | log:153 | [get_keyword_boost] Query: 'Ds pending tren 500 cu...' | Doc: getTransactionList | | Boost: 0.25 | Matched: ['pending']
2025-12-31 11:16:52 | DEBUG    | log:153 | [get_keyword_boost] Query: 'Ds pending tren 500 cu...' | Doc: getTransactionList | | Boost: 0.25 | Matched: ['pending']
2025-12-31 11:16:52 | DEBUG    | log:153 | [get_keyword_boost] Query: 'Ds pending tren 500 cu...' | Doc: getTransactionList | | Boost: 0.25 | Matched: ['pending']
2025-12-31 11:16:52 | DEBUG    | log:153 | [get_keyword_boost] Query: 'Ds pending tren 500 cu...' | Doc: getTransactionList | | Boost: 0.25 | Matched: ['pending']
2025-12-31 11:16:52 | DEBUG    | log:153 | [classify_query_intent] Ambiguous: 'Ds pending tren 500 cu...' | Scores: {'getTransactionList | Tra cứu giao dịch đang chờ xử lý hoặc chờ duyệt': 1, 'getTransactionList | Tra cứu giao dịch chờ duyệt theo số tài khoản nguồn': 1, 'getTransactionList | Tra cứu giao dịch chờ duyệt theo khoảng thời gian': 1, 'getTransactionList | Tra cứu giao dịch chờ duyệt theo loại giao dịch': 1, 'getTransactionList | Tra cứu giao dịch chờ duyệt theo số tiền hoặc hạn mức': 1}
2025-12-31 11:16:52 | DEBUG    | log:153 | [normalize_query] 'check gd > 50.000.000 dang doi...' -> 'Check gd > 50.000.000 dang doi...'
2025-12-31 11:16:52 | DEBUG    | log:153 | [perform_hybrid_search] query_text: [check gd > 50.000.000 dang doi] - formatted_query: [Check gd > 50.000.000 dang doi] - normalized_query: [Check gd > 50.000.000 dang doi]
2025-12-31 11:16:52 | DEBUG    | log:153 | [perform_hybrid_search] BM25 raw scores: min=0.0493, max=0.7756
2025-12-31 11:16:52 | DEBUG    | log:153 | [classify_query_intent] No keyword matches found in: 'Check gd > 50.000.000 dang doi'
2025-12-31 11:16:52 | DEBUG    | log:153 | [normalize_query] 'tìm các lệnh giá trị cao chưa phê duyệt...' -> 'Tìm các lệnh giá trị cao chưa phê duyệt...'
2025-12-31 11:16:52 | DEBUG    | log:153 | [perform_hybrid_search] query_text: [tìm các lệnh giá trị cao chưa phê duyệt] - formatted_query: [Tìm các lệnh giá trị cao chưa phê duyệt] - normalized_query: [Tìm các lệnh giá trị cao chưa phê duyệt]
2025-12-31 11:16:52 | DEBUG    | log:153 | [perform_hybrid_search] BM25 raw scores: min=5.0680, max=17.1433
2025-12-31 11:16:52 | DEBUG    | log:153 | [get_keyword_boost] Query: 'Tìm các lệnh giá trị cao chưa ...' | Doc: getTransactionList | | Boost: 0.50 | Matched: ['giá trị', 'giá trị cao']
2025-12-31 11:16:52 | DEBUG    | log:153 | [classify_query_intent] Classified: 'Tìm các lệnh giá trị cao chưa ...' -> getTransactionList | Tra cứu g (score=2)
2025-12-31 11:16:52 | DEBUG    | log:153 | [normalize_query] 'liệt kê giao dịch hạn mức lớn đang treo...' -> 'Liệt kê giao dịch hạn mức lớn đang treo...'
2025-12-31 11:16:52 | DEBUG    | log:153 | [perform_hybrid_search] query_text: [liệt kê giao dịch hạn mức lớn đang treo] - formatted_query: [Liệt kê giao dịch hạn mức lớn đang treo] - normalized_query: [Liệt kê giao dịch hạn mức lớn đang treo]
2025-12-31 11:16:52 | DEBUG    | log:153 | [perform_hybrid_search] BM25 raw scores: min=11.7521, max=20.9684
2025-12-31 11:16:52 | DEBUG    | log:153 | [get_keyword_boost] Query: 'Liệt kê giao dịch hạn mức lớn ...' | Doc: getTransactionList | | Boost: 0.25 | Matched: ['hạn mức']
2025-12-31 11:16:52 | DEBUG    | log:153 | [classify_query_intent] Classified: 'Liệt kê giao dịch hạn mức lớn ...' -> getTransactionList | Tra cứu g (score=1)
2025-12-31 11:16:52 | DEBUG    | log:153 | [normalize_query] 'tim list pending tren 200 trieu...' -> 'Tim list pending tren 200 trieu...'
2025-12-31 11:16:52 | DEBUG    | log:153 | [perform_hybrid_search] query_text: [tim list pending tren 200 trieu] - formatted_query: [Tim list pending tren 200 trieu] - normalized_query: [Tim list pending tren 200 trieu]
2025-12-31 11:16:52 | DEBUG    | log:153 | [perform_hybrid_search] BM25 raw scores: min=0.1174, max=7.3349
2025-12-31 11:16:52 | DEBUG    | log:153 | [get_keyword_boost] Query: 'Tim list pending tren 200 trie...' | Doc: getTransactionList | | Boost: 0.25 | Matched: ['pending']
2025-12-31 11:16:52 | DEBUG    | log:153 | [get_keyword_boost] Query: 'Tim list pending tren 200 trie...' | Doc: getTransactionList | | Boost: 0.25 | Matched: ['pending']
2025-12-31 11:16:52 | DEBUG    | log:153 | [get_keyword_boost] Query: 'Tim list pending tren 200 trie...' | Doc: getTransactionList | | Boost: 0.25 | Matched: ['pending']
2025-12-31 11:16:52 | DEBUG    | log:153 | [get_keyword_boost] Query: 'Tim list pending tren 200 trie...' | Doc: getTransactionList | | Boost: 0.25 | Matched: ['pending']
2025-12-31 11:16:52 | DEBUG    | log:153 | [get_keyword_boost] Query: 'Tim list pending tren 200 trie...' | Doc: getTransactionList | | Boost: 0.25 | Matched: ['pending']
2025-12-31 11:16:52 | DEBUG    | log:153 | [classify_query_intent] Ambiguous: 'Tim list pending tren 200 trie...' | Scores: {'getTransactionList | Tra cứu giao dịch đang chờ xử lý hoặc chờ duyệt': 1, 'getTransactionList | Tra cứu giao dịch chờ duyệt theo số tài khoản nguồn': 1, 'getTransactionList | Tra cứu giao dịch chờ duyệt theo khoảng thời gian': 1, 'getTransactionList | Tra cứu giao dịch chờ duyệt theo loại giao dịch': 1, 'getTransactionList | Tra cứu giao dịch chờ duyệt theo số tiền hoặc hạn mức': 1}
2025-12-31 11:16:52 | DEBUG    | log:153 | [normalize_query] 'xem lệnh trên 50 triệu chưa duyệt...' -> 'Xem lệnh trên 50 triệu chưa duyệt...'
2025-12-31 11:16:52 | DEBUG    | log:153 | [perform_hybrid_search] query_text: [xem lệnh trên 50 triệu chưa duyệt] - formatted_query: [Xem lệnh trên 50 triệu chưa duyệt] - normalized_query: [Xem lệnh trên 50 triệu chưa duyệt]
2025-12-31 11:16:52 | DEBUG    | log:153 | [perform_hybrid_search] BM25 raw scores: min=5.6718, max=16.5945
2025-12-31 11:16:52 | DEBUG    | log:153 | [get_keyword_boost] Query: 'Xem lệnh trên 50 triệu chưa du...' | Doc: getTransactionList | | Boost: 0.50 | Matched: ['trên', 'triệu']
2025-12-31 11:16:52 | DEBUG    | log:153 | [classify_query_intent] Classified: 'Xem lệnh trên 50 triệu chưa du...' -> getTransactionList | Tra cứu g (score=2)
2025-12-31 11:16:52 | DEBUG    | log:153 | [normalize_query] 'check gd bill dang doi...' -> 'Check gd bill dang doi...'
2025-12-31 11:16:52 | DEBUG    | log:153 | [perform_hybrid_search] query_text: [check gd bill dang doi] - formatted_query: [Check gd bill dang doi] - normalized_query: [Check gd bill dang doi]
2025-12-31 11:16:52 | DEBUG    | log:153 | [perform_hybrid_search] BM25 raw scores: min=0.0458, max=0.0553
2025-12-31 11:16:52 | DEBUG    | log:153 | [classify_query_intent] No keyword matches found in: 'Check gd bill dang doi'
2025-12-31 11:16:52 | DEBUG    | log:153 | [normalize_query] 'liet ke ck chua duyet...' -> 'Liet ke ck chua duyet...'
2025-12-31 11:16:52 | DEBUG    | log:153 | [perform_hybrid_search] query_text: [liet ke ck chua duyet] - formatted_query: [Liet ke ck chua duyet] - normalized_query: [Liet ke ck chua duyet]
2025-12-31 11:16:52 | DEBUG    | log:153 | [perform_hybrid_search] BM25 raw scores: min=5.6986, max=6.0884
2025-12-31 11:16:52 | DEBUG    | log:153 | [classify_query_intent] No keyword matches found in: 'Liet ke ck chua duyet'
2025-12-31 11:16:52 | DEBUG    | log:153 | [normalize_query] 'gd the co lenh nao dang treo ko...' -> 'Gd the co lenh nao dang treo ko...'
2025-12-31 11:16:52 | DEBUG    | log:153 | [perform_hybrid_search] query_text: [gd the co lenh nao dang treo ko] - formatted_query: [Gd the co lenh nao dang treo ko] - normalized_query: [Gd the co lenh nao dang treo ko]
2025-12-31 11:16:53 | DEBUG    | log:153 | [perform_hybrid_search] BM25 raw scores: min=4.0036, max=5.7367
2025-12-31 11:16:53 | DEBUG    | log:153 | [classify_query_intent] No keyword matches found in: 'Gd the co lenh nao dang treo ko'
2025-12-31 11:16:53 | DEBUG    | log:153 | [normalize_query] 'show me pending card trans...' -> 'Show me pending card trans...'
2025-12-31 11:16:53 | DEBUG    | log:153 | [perform_hybrid_search] query_text: [show me pending card trans] - formatted_query: [Show me pending card trans] - normalized_query: [Show me pending card trans]
2025-12-31 11:16:53 | DEBUG    | log:153 | [perform_hybrid_search] BM25 raw scores: min=0.1123, max=0.1372
2025-12-31 11:16:53 | DEBUG    | log:153 | [get_keyword_boost] Query: 'Show me pending card trans...' | Doc: getTransactionList | | Boost: 0.25 | Matched: ['pending']
2025-12-31 11:16:53 | DEBUG    | log:153 | [get_keyword_boost] Query: 'Show me pending card trans...' | Doc: getTransactionList | | Boost: 0.25 | Matched: ['pending']
2025-12-31 11:16:53 | DEBUG    | log:153 | [get_keyword_boost] Query: 'Show me pending card trans...' | Doc: getTransactionList | | Boost: 0.25 | Matched: ['pending']
2025-12-31 11:16:53 | DEBUG    | log:153 | [get_keyword_boost] Query: 'Show me pending card trans...' | Doc: getTransactionList | | Boost: 0.25 | Matched: ['pending']
2025-12-31 11:16:53 | DEBUG    | log:153 | [get_keyword_boost] Query: 'Show me pending card trans...' | Doc: getTransactionList | | Boost: 0.25 | Matched: ['pending']
2025-12-31 11:16:53 | DEBUG    | log:153 | [classify_query_intent] Ambiguous: 'Show me pending card trans...' | Scores: {'getTransactionList | Tra cứu giao dịch đang chờ xử lý hoặc chờ duyệt': 1, 'getTransactionList | Tra cứu giao dịch chờ duyệt theo số tài khoản nguồn': 1, 'getTransactionList | Tra cứu giao dịch chờ duyệt theo khoảng thời gian': 1, 'getTransactionList | Tra cứu giao dịch chờ duyệt theo loại giao dịch': 1, 'getTransactionList | Tra cứu giao dịch chờ duyệt theo số tiền hoặc hạn mức': 1}
2025-12-31 11:16:53 | DEBUG    | log:153 | [normalize_query] 'tk hoa don nao chua dc approve...' -> 'Tk hoa don nao chua dc approve...'
2025-12-31 11:16:53 | DEBUG    | log:153 | [perform_hybrid_search] query_text: [tk hoa don nao chua dc approve] - formatted_query: [Tk hoa don nao chua dc approve] - normalized_query: [Tk hoa don nao chua dc approve]
2025-12-31 11:16:53 | DEBUG    | log:153 | [perform_hybrid_search] BM25 raw scores: min=2.4686, max=2.6621
2025-12-31 11:16:53 | DEBUG    | log:153 | [classify_query_intent] No keyword matches found in: 'Tk hoa don nao chua dc approve'
2025-12-31 11:16:53 | DEBUG    | log:153 | [normalize_query] 'check gđ chuyển khoản pending...' -> 'Check gđ chuyển khoản pending...'
2025-12-31 11:16:53 | DEBUG    | log:153 | [perform_hybrid_search] query_text: [check gđ chuyển khoản pending] - formatted_query: [Check gđ chuyển khoản pending] - normalized_query: [Check gđ chuyển khoản pending]
2025-12-31 11:16:53 | DEBUG    | log:153 | [perform_hybrid_search] BM25 raw scores: min=1.3616, max=5.3943
2025-12-31 11:16:53 | DEBUG    | log:153 | [get_keyword_boost] Query: 'Check gđ chuyển khoản pending...' | Doc: getTransactionList | | Boost: 0.25 | Matched: ['pending']
2025-12-31 11:16:53 | DEBUG    | log:153 | [get_keyword_boost] Query: 'Check gđ chuyển khoản pending...' | Doc: getTransactionList | | Boost: 0.25 | Matched: ['pending']
2025-12-31 11:16:53 | DEBUG    | log:153 | [get_keyword_boost] Query: 'Check gđ chuyển khoản pending...' | Doc: getTransactionList | | Boost: 0.25 | Matched: ['pending']
2025-12-31 11:16:53 | DEBUG    | log:153 | [get_keyword_boost] Query: 'Check gđ chuyển khoản pending...' | Doc: getTransactionList | | Boost: 0.50 | Matched: ['pending', 'chuyển khoản']
2025-12-31 11:16:53 | DEBUG    | log:153 | [get_keyword_boost] Query: 'Check gđ chuyển khoản pending...' | Doc: getTransactionList | | Boost: 0.25 | Matched: ['pending']
2025-12-31 11:16:53 | DEBUG    | log:153 | [classify_query_intent] Classified: 'Check gđ chuyển khoản pending...' -> getTransactionList | Tra cứu g (score=2)
2025-12-31 11:16:53 | DEBUG    | log:153 | [normalize_query] 'co gd bill nao chua thanh toan ko...' -> 'Co gd bill nao chua thanh toan ko...'
2025-12-31 11:16:53 | DEBUG    | log:153 | [perform_hybrid_search] query_text: [co gd bill nao chua thanh toan ko] - formatted_query: [Co gd bill nao chua thanh toan ko] - normalized_query: [Co gd bill nao chua thanh toan ko]
2025-12-31 11:16:53 | DEBUG    | log:153 | [perform_hybrid_search] BM25 raw scores: min=3.4236, max=9.2082
2025-12-31 11:16:53 | DEBUG    | log:153 | [classify_query_intent] No keyword matches found in: 'Co gd bill nao chua thanh toan ko'
2025-12-31 11:16:53 | DEBUG    | log:153 | [normalize_query] 'danh sach lenh ck dang doi checker...' -> 'Danh sach lenh ck dang doi checker...'
2025-12-31 11:16:53 | DEBUG    | log:153 | [perform_hybrid_search] query_text: [danh sach lenh ck dang doi checker] - formatted_query: [Danh sach lenh ck dang doi checker] - normalized_query: [Danh sach lenh ck dang doi checker]
2025-12-31 11:16:53 | DEBUG    | log:153 | [perform_hybrid_search] BM25 raw scores: min=5.2036, max=8.8986
2025-12-31 11:16:53 | DEBUG    | log:153 | [classify_query_intent] No keyword matches found in: 'Danh sach lenh ck dang doi checker'
2025-12-31 11:16:53 | DEBUG    | log:153 | [normalize_query] 'show gd card chua duoc duyet...' -> 'Show gd card chua duoc duyet...'
2025-12-31 11:16:53 | DEBUG    | log:153 | [perform_hybrid_search] query_text: [show gd card chua duoc duyet] - formatted_query: [Show gd card chua duoc duyet] - normalized_query: [Show gd card chua duoc duyet]
2025-12-31 11:16:53 | DEBUG    | log:153 | [perform_hybrid_search] BM25 raw scores: min=0.3274, max=0.3395
2025-12-31 11:16:53 | DEBUG    | log:153 | [classify_query_intent] No keyword matches found in: 'Show gd card chua duoc duyet'
2025-12-31 11:16:53 | DEBUG    | log:153 | [normalize_query] 'tim gd thanh toan hoa don dang treo...' -> 'Tim gd thanh toan hoa don dang treo...'
2025-12-31 11:16:53 | DEBUG    | log:153 | [perform_hybrid_search] query_text: [tim gd thanh toan hoa don dang treo] - formatted_query: [Tim gd thanh toan hoa don dang treo] - normalized_query: [Tim gd thanh toan hoa don dang treo]
2025-12-31 11:16:53 | DEBUG    | log:153 | [perform_hybrid_search] BM25 raw scores: min=1.0098, max=6.8224
2025-12-31 11:16:53 | DEBUG    | log:153 | [classify_query_intent] No keyword matches found in: 'Tim gd thanh toan hoa don dang treo'
2025-12-31 11:16:53 | DEBUG    | log:153 | [normalize_query] 'check status gd ck chua xong...' -> 'Check status gd ck chua xong...'
2025-12-31 11:16:53 | DEBUG    | log:153 | [perform_hybrid_search] query_text: [check status gd ck chua xong] - formatted_query: [Check status gd ck chua xong] - normalized_query: [Check status gd ck chua xong]
2025-12-31 11:16:53 | DEBUG    | log:153 | [perform_hybrid_search] BM25 raw scores: min=0.1592, max=0.1713
2025-12-31 11:16:53 | DEBUG    | log:153 | [classify_query_intent] No keyword matches found in: 'Check status gd ck chua xong'
2025-12-31 11:16:53 | DEBUG    | log:153 | [normalize_query] 'gd chuyen khoan co lenh nao chua ok...' -> 'Gd chuyen khoan co lenh nao chua ok...'
2025-12-31 11:16:53 | DEBUG    | log:153 | [perform_hybrid_search] query_text: [gd chuyen khoan co lenh nao chua ok] - formatted_query: [Gd chuyen khoan co lenh nao chua ok] - normalized_query: [Gd chuyen khoan co lenh nao chua ok]
2025-12-31 11:16:53 | DEBUG    | log:153 | [perform_hybrid_search] BM25 raw scores: min=5.2437, max=9.6040
2025-12-31 11:16:53 | DEBUG    | log:153 | [classify_query_intent] No keyword matches found in: 'Gd chuyen khoan co lenh nao chua ok'
2025-12-31 11:16:53 | DEBUG    | log:153 | [normalize_query] 'liet ke gd card chua phe duyet...' -> 'Liet ke gd card chua phe duyet...'
2025-12-31 11:16:53 | DEBUG    | log:153 | [perform_hybrid_search] query_text: [liet ke gd card chua phe duyet] - formatted_query: [Liet ke gd card chua phe duyet] - normalized_query: [Liet ke gd card chua phe duyet]
2025-12-31 11:16:53 | DEBUG    | log:153 | [perform_hybrid_search] BM25 raw scores: min=4.0339, max=4.4653
2025-12-31 11:16:53 | DEBUG    | log:153 | [classify_query_intent] No keyword matches found in: 'Liet ke gd card chua phe duyet'
2025-12-31 11:16:53 | DEBUG    | log:153 | [normalize_query] 'xem lenh thanh toan bill chua dc duyet...' -> 'Xem lenh thanh toan bill chua dc duyet...'
2025-12-31 11:16:53 | DEBUG    | log:153 | [perform_hybrid_search] query_text: [xem lenh thanh toan bill chua dc duyet] - formatted_query: [Xem lenh thanh toan bill chua dc duyet] - normalized_query: [Xem lenh thanh toan bill chua dc duyet]
2025-12-31 11:16:53 | DEBUG    | log:153 | [perform_hybrid_search] BM25 raw scores: min=4.8257, max=10.6578
2025-12-31 11:16:53 | DEBUG    | log:153 | [classify_query_intent] No keyword matches found in: 'Xem lenh thanh toan bill chua dc duyet'
2025-12-31 11:16:53 | DEBUG    | log:153 | [normalize_query] 'check transactions chuyen khoan pending...' -> 'Check transactions chuyen khoan pending...'
2025-12-31 11:16:53 | DEBUG    | log:153 | [perform_hybrid_search] query_text: [check transactions chuyen khoan pending] - formatted_query: [Check transactions chuyen khoan pending] - normalized_query: [Check transactions chuyen khoan pending]
2025-12-31 11:16:53 | DEBUG    | log:153 | [perform_hybrid_search] BM25 raw scores: min=1.3616, max=5.3943
2025-12-31 11:16:53 | DEBUG    | log:153 | [get_keyword_boost] Query: 'Check transactions chuyen khoa...' | Doc: getTransactionList | | Boost: 0.25 | Matched: ['pending']
2025-12-31 11:16:53 | DEBUG    | log:153 | [get_keyword_boost] Query: 'Check transactions chuyen khoa...' | Doc: getTransactionList | | Boost: 0.25 | Matched: ['pending']
2025-12-31 11:16:53 | DEBUG    | log:153 | [get_keyword_boost] Query: 'Check transactions chuyen khoa...' | Doc: getTransactionList | | Boost: 0.25 | Matched: ['pending']
2025-12-31 11:16:53 | DEBUG    | log:153 | [get_keyword_boost] Query: 'Check transactions chuyen khoa...' | Doc: getTransactionList | | Boost: 0.25 | Matched: ['pending']
2025-12-31 11:16:53 | DEBUG    | log:153 | [get_keyword_boost] Query: 'Check transactions chuyen khoa...' | Doc: getTransactionList | | Boost: 0.25 | Matched: ['pending']
2025-12-31 11:16:53 | DEBUG    | log:153 | [classify_query_intent] Ambiguous: 'Check transactions chuyen khoa...' | Scores: {'getTransactionList | Tra cứu giao dịch đang chờ xử lý hoặc chờ duyệt': 1, 'getTransactionList | Tra cứu giao dịch chờ duyệt theo số tài khoản nguồn': 1, 'getTransactionList | Tra cứu giao dịch chờ duyệt theo khoảng thời gian': 1, 'getTransactionList | Tra cứu giao dịch chờ duyệt theo loại giao dịch': 1, 'getTransactionList | Tra cứu giao dịch chờ duyệt theo số tiền hoặc hạn mức': 1}
2025-12-31 11:16:53 | DEBUG    | log:153 | [normalize_query] 'co giao dịch thẻ nào chưa duyệt ko...' -> 'Co giao dịch thẻ nào chưa duyệt ko...'
2025-12-31 11:16:53 | DEBUG    | log:153 | [perform_hybrid_search] query_text: [co giao dịch thẻ nào chưa duyệt ko] - formatted_query: [Co giao dịch thẻ nào chưa duyệt ko] - normalized_query: [Co giao dịch thẻ nào chưa duyệt ko]
2025-12-31 11:16:53 | DEBUG    | log:153 | [perform_hybrid_search] BM25 raw scores: min=8.7824, max=22.3072
2025-12-31 11:16:53 | DEBUG    | log:153 | [get_keyword_boost] Query: 'Co giao dịch thẻ nào chưa duyệ...' | Doc: getTransactionList | | Boost: 0.50 | Matched: ['thẻ', 'giao dịch thẻ']
2025-12-31 11:16:53 | DEBUG    | log:153 | [classify_query_intent] Classified: 'Co giao dịch thẻ nào chưa duyệ...' -> getTransactionList | Tra cứu g (score=2)
2025-12-31 11:16:53 | DEBUG    | log:153 | [normalize_query] 'danh sach gd ck chua hoan tat...' -> 'Danh sach gd ck chua hoan tat...'
2025-12-31 11:16:53 | DEBUG    | log:153 | [perform_hybrid_search] query_text: [danh sach gd ck chua hoan tat] - formatted_query: [Danh sach gd ck chua hoan tat] - normalized_query: [Danh sach gd ck chua hoan tat]
2025-12-31 11:16:53 | DEBUG    | log:153 | [perform_hybrid_search] BM25 raw scores: min=6.7832, max=11.7117
2025-12-31 11:16:53 | DEBUG    | log:153 | [classify_query_intent] No keyword matches found in: 'Danh sach gd ck chua hoan tat'
2025-12-31 11:16:53 | DEBUG    | log:153 | [normalize_query] 'show lenh card dang cho xuly...' -> 'Show lenh card dang cho xuly...'
2025-12-31 11:16:53 | DEBUG    | log:153 | [perform_hybrid_search] query_text: [show lenh card dang cho xuly] - formatted_query: [Show lenh card dang cho xuly] - normalized_query: [Show lenh card dang cho xuly]
2025-12-31 11:16:53 | DEBUG    | log:153 | [perform_hybrid_search] BM25 raw scores: min=1.4613, max=1.9205
2025-12-31 11:16:53 | DEBUG    | log:153 | [classify_query_intent] No keyword matches found in: 'Show lenh card dang cho xuly'
2025-12-31 11:16:53 | DEBUG    | log:153 | [normalize_query] 'ktr gd thanh toan bill dang doi...' -> 'Ktr gd thanh toan bill dang doi...'
2025-12-31 11:16:53 | DEBUG    | log:153 | [perform_hybrid_search] query_text: [ktr gd thanh toan bill dang doi] - formatted_query: [Ktr gd thanh toan bill dang doi] - normalized_query: [Ktr gd thanh toan bill dang doi]
2025-12-31 11:16:53 | DEBUG    | log:153 | [perform_hybrid_search] BM25 raw scores: min=0.8587, max=6.5975
2025-12-31 11:16:53 | DEBUG    | log:153 | [classify_query_intent] No keyword matches found in: 'Ktr gd thanh toan bill dang doi'
2025-12-31 11:16:53 | DEBUG    | log:153 | [normalize_query] 'tim các giao dịch chuyển tiền chưa duyệt...' -> 'Tim các giao dịch chuyển tiền chưa duyệt...'
2025-12-31 11:16:53 | DEBUG    | log:153 | [perform_hybrid_search] query_text: [tim các giao dịch chuyển tiền chưa duyệt] - formatted_query: [Tim các giao dịch chuyển tiền chưa duyệt] - normalized_query: [Tim các giao dịch chuyển tiền chưa duyệt]
2025-12-31 11:16:53 | DEBUG    | log:153 | [perform_hybrid_search] BM25 raw scores: min=4.7300, max=16.7867
2025-12-31 11:16:53 | DEBUG    | log:153 | [get_keyword_boost] Query: 'Tim các giao dịch chuyển tiền ...' | Doc: getTransactionList | | Boost: 0.25 | Matched: ['chuyển tiền']
2025-12-31 11:16:53 | DEBUG    | log:153 | [classify_query_intent] Classified: 'Tim các giao dịch chuyển tiền ...' -> getTransactionList | Tra cứu g (score=1)
2025-12-31 11:16:53 | DEBUG    | log:153 | [normalize_query] 'gd tren 50tr dang treo...' -> 'Gd tren 50tr dang treo...'
2025-12-31 11:16:53 | DEBUG    | log:153 | [perform_hybrid_search] query_text: [gd tren 50tr dang treo] - formatted_query: [Gd tren 50tr dang treo] - normalized_query: [Gd tren 50tr dang treo]
2025-12-31 11:16:53 | DEBUG    | log:153 | [perform_hybrid_search] BM25 raw scores: min=0.1436, max=3.0109
2025-12-31 11:16:53 | DEBUG    | log:153 | [classify_query_intent] No keyword matches found in: 'Gd tren 50tr dang treo'
2025-12-31 11:16:53 | DEBUG    | log:153 | [normalize_query] 'check gd > 100tr chua duyet...' -> 'Check gd > 100tr chua duyet...'
2025-12-31 11:16:53 | DEBUG    | log:153 | [perform_hybrid_search] query_text: [check gd > 100tr chua duyet] - formatted_query: [Check gd > 100tr chua duyet] - normalized_query: [Check gd > 100tr chua duyet]
2025-12-31 11:16:53 | DEBUG    | log:153 | [perform_hybrid_search] BM25 raw scores: min=2.0807, max=2.2558
2025-12-31 11:16:53 | DEBUG    | log:153 | [classify_query_intent] No keyword matches found in: 'Check gd > 100tr chua duyet'
2025-12-31 11:16:53 | DEBUG    | log:153 | [normalize_query] 'lenh tren 1 ty co cai nao dang doi ko...' -> 'Lenh tren 1 ty co cai nao dang doi ko...'
2025-12-31 11:16:53 | DEBUG    | log:153 | [perform_hybrid_search] query_text: [lenh tren 1 ty co cai nao dang doi ko] - formatted_query: [Lenh tren 1 ty co cai nao dang doi ko] - normalized_query: [Lenh tren 1 ty co cai nao dang doi ko]
2025-12-31 11:16:53 | DEBUG    | log:153 | [perform_hybrid_search] BM25 raw scores: min=3.9154, max=9.1303
2025-12-31 11:16:53 | DEBUG    | log:153 | [classify_query_intent] No keyword matches found in: 'Lenh tren 1 ty co cai nao dang doi ko'
2025-12-31 11:16:53 | DEBUG    | log:153 | [normalize_query] 'show gd pending amount lon...' -> 'Show gd pending amount lon...'
2025-12-31 11:16:53 | DEBUG    | log:153 | [perform_hybrid_search] query_text: [show gd pending amount lon] - formatted_query: [Show gd pending amount lon] - normalized_query: [Show gd pending amount lon]
2025-12-31 11:16:53 | DEBUG    | log:153 | [perform_hybrid_search] BM25 raw scores: min=0.1174, max=1.3180
2025-12-31 11:16:53 | DEBUG    | log:153 | [get_keyword_boost] Query: 'Show gd pending amount lon...' | Doc: getTransactionList | | Boost: 0.25 | Matched: ['pending']
2025-12-31 11:16:53 | DEBUG    | log:153 | [get_keyword_boost] Query: 'Show gd pending amount lon...' | Doc: getTransactionList | | Boost: 0.25 | Matched: ['pending']
2025-12-31 11:16:53 | DEBUG    | log:153 | [get_keyword_boost] Query: 'Show gd pending amount lon...' | Doc: getTransactionList | | Boost: 0.25 | Matched: ['pending']
2025-12-31 11:16:53 | DEBUG    | log:153 | [get_keyword_boost] Query: 'Show gd pending amount lon...' | Doc: getTransactionList | | Boost: 0.25 | Matched: ['pending']
2025-12-31 11:16:53 | DEBUG    | log:153 | [get_keyword_boost] Query: 'Show gd pending amount lon...' | Doc: getTransactionList | | Boost: 0.25 | Matched: ['pending']
2025-12-31 11:16:53 | DEBUG    | log:153 | [classify_query_intent] Ambiguous: 'Show gd pending amount lon...' | Scores: {'getTransactionList | Tra cứu giao dịch đang chờ xử lý hoặc chờ duyệt': 1, 'getTransactionList | Tra cứu giao dịch chờ duyệt theo số tài khoản nguồn': 1, 'getTransactionList | Tra cứu giao dịch chờ duyệt theo khoảng thời gian': 1, 'getTransactionList | Tra cứu giao dịch chờ duyệt theo loại giao dịch': 1, 'getTransactionList | Tra cứu giao dịch chờ duyệt theo số tiền hoặc hạn mức': 1}
2025-12-31 11:16:53 | DEBUG    | log:153 | [normalize_query] 'tim gd tren 200 cu chua phe duyet...' -> 'Tim gd tren 200 cu chua phe duyet...'
2025-12-31 11:16:53 | DEBUG    | log:153 | [perform_hybrid_search] query_text: [tim gd tren 200 cu chua phe duyet] - formatted_query: [Tim gd tren 200 cu chua phe duyet] - normalized_query: [Tim gd tren 200 cu chua phe duyet]
2025-12-31 11:16:53 | DEBUG    | log:153 | [perform_hybrid_search] BM25 raw scores: min=0.4555, max=4.0540
2025-12-31 11:16:53 | DEBUG    | log:153 | [classify_query_intent] No keyword matches found in: 'Tim gd tren 200 cu chua phe duyet'
2025-12-31 11:16:53 | DEBUG    | log:153 | [normalize_query] 'check gđ giá trị cao dang treo...' -> 'Check gđ giá trị cao dang treo...'
2025-12-31 11:16:53 | DEBUG    | log:153 | [perform_hybrid_search] query_text: [check gđ giá trị cao dang treo] - formatted_query: [Check gđ giá trị cao dang treo] - normalized_query: [Check gđ giá trị cao dang treo]
2025-12-31 11:16:53 | DEBUG    | log:153 | [perform_hybrid_search] BM25 raw scores: min=0.1436, max=11.4627
2025-12-31 11:16:53 | DEBUG    | log:153 | [get_keyword_boost] Query: 'Check gđ giá trị cao dang treo...' | Doc: getTransactionList | | Boost: 0.50 | Matched: ['giá trị', 'giá trị cao']
2025-12-31 11:16:53 | DEBUG    | log:153 | [classify_query_intent] Classified: 'Check gđ giá trị cao dang treo...' -> getTransactionList | Tra cứu g (score=2)
2025-12-31 11:16:53 | DEBUG    | log:153 | [normalize_query] 'co lenh nao tren 500tr chua ok ko...' -> 'Co lenh nao tren 500tr chua ok ko...'
2025-12-31 11:16:53 | DEBUG    | log:153 | [perform_hybrid_search] query_text: [co lenh nao tren 500tr chua ok ko] - formatted_query: [Co lenh nao tren 500tr chua ok ko] - normalized_query: [Co lenh nao tren 500tr chua ok ko]
2025-12-31 11:16:53 | DEBUG    | log:153 | [perform_hybrid_search] BM25 raw scores: min=4.0193, max=6.9798
2025-12-31 11:16:53 | DEBUG    | log:153 | [classify_query_intent] No keyword matches found in: 'Co lenh nao tren 500tr chua ok ko'
2025-12-31 11:16:53 | DEBUG    | log:153 | [normalize_query] 'liet ke gd han muc tren 10tr dang pendin...' -> 'Liet ke gd han muc tren 10tr dang pendin...'
2025-12-31 11:16:53 | DEBUG    | log:153 | [perform_hybrid_search] query_text: [liet ke gd han muc tren 10tr dang pending] - formatted_query: [Liet ke gd han muc tren 10tr dang pending] - normalized_query: [Liet ke gd han muc tren 10tr dang pending]
2025-12-31 11:16:53 | DEBUG    | log:153 | [perform_hybrid_search] BM25 raw scores: min=3.9091, max=9.6857
2025-12-31 11:16:53 | DEBUG    | log:153 | [get_keyword_boost] Query: 'Liet ke gd han muc tren 10tr d...' | Doc: getTransactionList | | Boost: 0.25 | Matched: ['pending']
2025-12-31 11:16:53 | DEBUG    | log:153 | [get_keyword_boost] Query: 'Liet ke gd han muc tren 10tr d...' | Doc: getTransactionList | | Boost: 0.25 | Matched: ['pending']
2025-12-31 11:16:53 | DEBUG    | log:153 | [get_keyword_boost] Query: 'Liet ke gd han muc tren 10tr d...' | Doc: getTransactionList | | Boost: 0.25 | Matched: ['pending']
2025-12-31 11:16:53 | DEBUG    | log:153 | [get_keyword_boost] Query: 'Liet ke gd han muc tren 10tr d...' | Doc: getTransactionList | | Boost: 0.25 | Matched: ['pending']
2025-12-31 11:16:53 | DEBUG    | log:153 | [get_keyword_boost] Query: 'Liet ke gd han muc tren 10tr d...' | Doc: getTransactionList | | Boost: 0.25 | Matched: ['pending']
2025-12-31 11:16:53 | DEBUG    | log:153 | [classify_query_intent] Ambiguous: 'Liet ke gd han muc tren 10tr d...' | Scores: {'getTransactionList | Tra cứu giao dịch đang chờ xử lý hoặc chờ duyệt': 1, 'getTransactionList | Tra cứu giao dịch chờ duyệt theo số tài khoản nguồn': 1, 'getTransactionList | Tra cứu giao dịch chờ duyệt theo khoảng thời gian': 1, 'getTransactionList | Tra cứu giao dịch chờ duyệt theo loại giao dịch': 1, 'getTransactionList | Tra cứu giao dịch chờ duyệt theo số tiền hoặc hạn mức': 1}
2025-12-31 11:16:53 | DEBUG    | log:153 | [normalize_query] 'xem gd tren 1 ty chua hoan tat...' -> 'Xem gd tren 1 ty chua hoan tat...'
2025-12-31 11:16:53 | DEBUG    | log:153 | [perform_hybrid_search] query_text: [xem gd tren 1 ty chua hoan tat] - formatted_query: [Xem gd tren 1 ty chua hoan tat] - normalized_query: [Xem gd tren 1 ty chua hoan tat]
2025-12-31 11:16:53 | DEBUG    | log:153 | [perform_hybrid_search] BM25 raw scores: min=5.5553, max=10.2854
2025-12-31 11:16:53 | DEBUG    | log:153 | [classify_query_intent] No keyword matches found in: 'Xem gd tren 1 ty chua hoan tat'
2025-12-31 11:16:53 | DEBUG    | log:153 | [normalize_query] 'check status gd > 100 trieu...' -> 'Check status gd > 100 trieu...'
2025-12-31 11:16:53 | DEBUG    | log:153 | [perform_hybrid_search] query_text: [check status gd > 100 trieu] - formatted_query: [Check status gd > 100 trieu] - normalized_query: [Check status gd > 100 trieu]
2025-12-31 11:16:53 | DEBUG    | log:153 | [perform_hybrid_search] BM25 raw scores: min=0.0000, max=5.3061
2025-12-31 11:16:53 | DEBUG    | log:153 | [classify_query_intent] No keyword matches found in: 'Check status gd > 100 trieu'
2025-12-31 11:16:53 | DEBUG    | log:153 | [normalize_query] 'gd so tien lon co lenh nao chua duyet...' -> 'Gd so tien lon co lenh nao chua duyet...'
2025-12-31 11:16:53 | DEBUG    | log:153 | [perform_hybrid_search] query_text: [gd so tien lon co lenh nao chua duyet] - formatted_query: [Gd so tien lon co lenh nao chua duyet] - normalized_query: [Gd so tien lon co lenh nao chua duyet]
2025-12-31 11:16:53 | DEBUG    | log:153 | [perform_hybrid_search] BM25 raw scores: min=6.0843, max=7.5783
2025-12-31 11:16:53 | DEBUG    | log:153 | [classify_query_intent] No keyword matches found in: 'Gd so tien lon co lenh nao chua duyet'
2025-12-31 11:16:53 | DEBUG    | log:153 | [normalize_query] 'tim giao dich tren 500 trieu chua xong...' -> 'Tim giao dich tren 500 trieu chua xong...'
2025-12-31 11:16:53 | DEBUG    | log:153 | [perform_hybrid_search] query_text: [tim giao dich tren 500 trieu chua xong] - formatted_query: [Tim giao dich tren 500 trieu chua xong] - normalized_query: [Tim giao dich tren 500 trieu chua xong]
2025-12-31 11:16:53 | DEBUG    | log:153 | [perform_hybrid_search] BM25 raw scores: min=0.7097, max=24.6653
2025-12-31 11:16:53 | DEBUG    | log:153 | [classify_query_intent] No keyword matches found in: 'Tim giao dich tren 500 trieu chua xong'
2025-12-31 11:16:53 | DEBUG    | log:153 | [normalize_query] 'liet ke cac lenh tren 200m dang treo...' -> 'Liet ke cac lenh tren 200m dang treo...'
2025-12-31 11:16:53 | DEBUG    | log:153 | [perform_hybrid_search] query_text: [liet ke cac lenh tren 200m dang treo] - formatted_query: [Liet ke cac lenh tren 200m dang treo] - normalized_query: [Liet ke cac lenh tren 200m dang treo]
2025-12-31 11:16:53 | DEBUG    | log:153 | [perform_hybrid_search] BM25 raw scores: min=5.5503, max=8.1295
2025-12-31 11:16:53 | DEBUG    | log:153 | [classify_query_intent] No keyword matches found in: 'Liet ke cac lenh tren 200m dang treo'
2025-12-31 11:16:53 | DEBUG    | log:153 | [normalize_query] 'show gđ số tiền từ 1 tỷ...' -> 'Show gđ số tiền từ 1 tỷ...'
2025-12-31 11:16:53 | DEBUG    | log:153 | [perform_hybrid_search] query_text: [show gđ số tiền từ 1 tỷ] - formatted_query: [Show gđ số tiền từ 1 tỷ] - normalized_query: [Show gđ số tiền từ 1 tỷ]
2025-12-31 11:16:53 | DEBUG    | log:153 | [perform_hybrid_search] BM25 raw scores: min=0.3650, max=7.7194
2025-12-31 11:16:53 | DEBUG    | log:153 | [get_keyword_boost] Query: 'Show gđ số tiền từ 1 tỷ...' | Doc: getTransactionList | | Boost: 0.75 | Matched: ['số tiền', 'từ', 'tỷ']
2025-12-31 11:16:53 | DEBUG    | log:153 | [classify_query_intent] Classified: 'Show gđ số tiền từ 1 tỷ...' -> getTransactionList | Tra cứu g (score=3)
2025-12-31 11:16:53 | DEBUG    | log:153 | [normalize_query] 'check pending trans > 50tr...' -> 'Check pending trans > 50tr...'
2025-12-31 11:16:53 | DEBUG    | log:153 | [perform_hybrid_search] query_text: [check pending trans > 50tr] - formatted_query: [Check pending trans > 50tr] - normalized_query: [Check pending trans > 50tr]
2025-12-31 11:16:53 | DEBUG    | log:153 | [perform_hybrid_search] BM25 raw scores: min=0.1123, max=0.1372
2025-12-31 11:16:53 | DEBUG    | log:153 | [get_keyword_boost] Query: 'Check pending trans > 50tr...' | Doc: getTransactionList | | Boost: 0.25 | Matched: ['pending']
2025-12-31 11:16:53 | DEBUG    | log:153 | [get_keyword_boost] Query: 'Check pending trans > 50tr...' | Doc: getTransactionList | | Boost: 0.25 | Matched: ['pending']
2025-12-31 11:16:53 | DEBUG    | log:153 | [get_keyword_boost] Query: 'Check pending trans > 50tr...' | Doc: getTransactionList | | Boost: 0.25 | Matched: ['pending']
2025-12-31 11:16:53 | DEBUG    | log:153 | [get_keyword_boost] Query: 'Check pending trans > 50tr...' | Doc: getTransactionList | | Boost: 0.25 | Matched: ['pending']
2025-12-31 11:16:53 | DEBUG    | log:153 | [get_keyword_boost] Query: 'Check pending trans > 50tr...' | Doc: getTransactionList | | Boost: 0.25 | Matched: ['pending']
2025-12-31 11:16:53 | DEBUG    | log:153 | [classify_query_intent] Ambiguous: 'Check pending trans > 50tr...' | Scores: {'getTransactionList | Tra cứu giao dịch đang chờ xử lý hoặc chờ duyệt': 1, 'getTransactionList | Tra cứu giao dịch chờ duyệt theo số tài khoản nguồn': 1, 'getTransactionList | Tra cứu giao dịch chờ duyệt theo khoảng thời gian': 1, 'getTransactionList | Tra cứu giao dịch chờ duyệt theo loại giao dịch': 1, 'getTransactionList | Tra cứu giao dịch chờ duyệt theo số tiền hoặc hạn mức': 1}
2025-12-31 11:16:53 | DEBUG    | log:153 | [normalize_query] 'co gd nao tren 100.000.000 chua duyet ko...' -> 'Co gd nao tren 100.000.000 chua duyet ko...'
2025-12-31 11:16:53 | DEBUG    | log:153 | [perform_hybrid_search] query_text: [co gd nao tren 100.000.000 chua duyet ko] - formatted_query: [Co gd nao tren 100.000.000 chua duyet ko] - normalized_query: [Co gd nao tren 100.000.000 chua duyet ko]
2025-12-31 11:16:53 | DEBUG    | log:153 | [perform_hybrid_search] BM25 raw scores: min=4.5348, max=9.8055
2025-12-31 11:16:53 | DEBUG    | log:153 | [classify_query_intent] No keyword matches found in: 'Co gd nao tren 100.000.000 chua duyet ko'
2025-12-31 11:16:53 | DEBUG    | log:153 | [normalize_query] 'danh sach gd gia tri lon chua duoc appro...' -> 'Danh sach gd gia tri lon chua duoc appro...'
2025-12-31 11:16:53 | DEBUG    | log:153 | [perform_hybrid_search] query_text: [danh sach gd gia tri lon chua duoc approve] - formatted_query: [Danh sach gd gia tri lon chua duoc approve] - normalized_query: [Danh sach gd gia tri lon chua duoc approve]
2025-12-31 11:16:53 | DEBUG    | log:153 | [perform_hybrid_search] BM25 raw scores: min=4.0107, max=8.0699
2025-12-31 11:16:53 | DEBUG    | log:153 | [classify_query_intent] No keyword matches found in: 'Danh sach gd gia tri lon chua duoc approve'
2025-12-31 11:16:53 | DEBUG    | log:153 | [normalize_query] 'xem lenh chuyen tien tren 500tr dang cho...' -> 'Xem lenh chuyen tien tren 500tr dang cho...'
2025-12-31 11:16:53 | DEBUG    | log:153 | [perform_hybrid_search] query_text: [xem lenh chuyen tien tren 500tr dang cho] - formatted_query: [Xem lenh chuyen tien tren 500tr dang cho] - normalized_query: [Xem lenh chuyen tien tren 500tr dang cho]
2025-12-31 11:16:53 | DEBUG    | log:153 | [perform_hybrid_search] BM25 raw scores: min=7.4939, max=13.2743
2025-12-31 11:16:53 | DEBUG    | log:153 | [classify_query_intent] No keyword matches found in: 'Xem lenh chuyen tien tren 500tr dang cho'
2025-12-31 11:16:53 | DEBUG    | log:153 | [normalize_query] 'ktr gd tren 1 ty dang pending...' -> 'Ktr gd tren 1 ty dang pending...'
2025-12-31 11:16:53 | DEBUG    | log:153 | [perform_hybrid_search] query_text: [ktr gd tren 1 ty dang pending] - formatted_query: [Ktr gd tren 1 ty dang pending] - normalized_query: [Ktr gd tren 1 ty dang pending]
2025-12-31 11:16:53 | DEBUG    | log:153 | [perform_hybrid_search] BM25 raw scores: min=0.1668, max=5.2969
2025-12-31 11:16:53 | DEBUG    | log:153 | [get_keyword_boost] Query: 'Ktr gd tren 1 ty dang pending...' | Doc: getTransactionList | | Boost: 0.25 | Matched: ['pending']
2025-12-31 11:16:53 | DEBUG    | log:153 | [get_keyword_boost] Query: 'Ktr gd tren 1 ty dang pending...' | Doc: getTransactionList | | Boost: 0.25 | Matched: ['pending']
2025-12-31 11:16:53 | DEBUG    | log:153 | [get_keyword_boost] Query: 'Ktr gd tren 1 ty dang pending...' | Doc: getTransactionList | | Boost: 0.25 | Matched: ['pending']
2025-12-31 11:16:53 | DEBUG    | log:153 | [get_keyword_boost] Query: 'Ktr gd tren 1 ty dang pending...' | Doc: getTransactionList | | Boost: 0.25 | Matched: ['pending']
2025-12-31 11:16:53 | DEBUG    | log:153 | [get_keyword_boost] Query: 'Ktr gd tren 1 ty dang pending...' | Doc: getTransactionList | | Boost: 0.25 | Matched: ['pending']
2025-12-31 11:16:53 | DEBUG    | log:153 | [classify_query_intent] Ambiguous: 'Ktr gd tren 1 ty dang pending...' | Scores: {'getTransactionList | Tra cứu giao dịch đang chờ xử lý hoặc chờ duyệt': 1, 'getTransactionList | Tra cứu giao dịch chờ duyệt theo số tài khoản nguồn': 1, 'getTransactionList | Tra cứu giao dịch chờ duyệt theo khoảng thời gian': 1, 'getTransactionList | Tra cứu giao dịch chờ duyệt theo loại giao dịch': 1, 'getTransactionList | Tra cứu giao dịch chờ duyệt theo số tiền hoặc hạn mức': 1}
2025-12-31 11:16:53 | DEBUG    | log:153 | [normalize_query] 'tim các lệnh chuyển khoản số tiền lớn ch...' -> 'Tim các lệnh chuyển khoản số tiền lớn ch...'
2025-12-31 11:16:53 | DEBUG    | log:153 | [perform_hybrid_search] query_text: [tim các lệnh chuyển khoản số tiền lớn chưa duyệt] - formatted_query: [Tim các lệnh chuyển khoản số tiền lớn chưa duyệt] - normalized_query: [Tim các lệnh chuyển khoản số tiền lớn chưa duyệt]
2025-12-31 11:16:53 | DEBUG    | log:153 | [perform_hybrid_search] BM25 raw scores: min=5.8472, max=11.9701
2025-12-31 11:16:53 | DEBUG    | log:153 | [get_keyword_boost] Query: 'Tim các lệnh chuyển khoản số t...' | Doc: getTransactionList | | Boost: 0.25 | Matched: ['chuyển khoản']
2025-12-31 11:16:53 | DEBUG    | log:153 | [get_keyword_boost] Query: 'Tim các lệnh chuyển khoản số t...' | Doc: getTransactionList | | Boost: 0.25 | Matched: ['số tiền']
2025-12-31 11:16:53 | DEBUG    | log:153 | [classify_query_intent] Ambiguous: 'Tim các lệnh chuyển khoản số t...' | Scores: {'getTransactionList | Tra cứu giao dịch chờ duyệt theo loại giao dịch': 1, 'getTransactionList | Tra cứu giao dịch chờ duyệt theo số tiền hoặc hạn mức': 1}
2025-12-31 11:16:53 | INFO     | log:151 | [search_batch_stream] Completed in 3.56s, avg 0.025s/row, saved to query_getTransactionList_2_192-168-40-86_20251231_111650.xlsx
