2025-12-31 09:18:49 | INFO     | log:151 | [search_batch_stream] Batch stream search from: query_getTransactionList_1.xlsx
2025-12-31 09:18:49 | DEBUG    | log:153 | [get_tables] Getting tables...
2025-12-31 09:18:49 | DEBUG    | log:153 | [get_tables] Returning cached tables
2025-12-31 09:18:49 | INFO     | log:151 | [get_corpus_stats] Rebuilding corpus stats cache...
2025-12-31 09:18:49 | DEBUG    | log:153 | [normalize_query] 'check ds cho duyet...' -> 'Check ds cho duyet...'
2025-12-31 09:18:49 | DEBUG    | log:153 | [perform_hybrid_search] query_text: [check ds cho duyet] - formatted_query: [Check ds cho duyet] - normalized_query: [Check ds cho duyet]
2025-12-31 09:18:50 | INFO     | log:151 | [build_embeddings_cache] Building embeddings cache...
2025-12-31 09:18:50 | INFO     | log:151 | [build_embeddings_cache] Cache built in 0.78s: 411 examples, 23 docs on GPU (NVIDIA RTX A5000)
2025-12-31 09:18:50 | DEBUG    | log:153 | [perform_hybrid_search] BM25 raw scores: min=0.0000, max=1.7851
2025-12-31 09:18:50 | DEBUG    | log:153 | [get_keyword_boost] Query: 'Check ds cho duyet...' | Doc: Tra cứu giao dịch ch | Boost: 0.25 | Matched: ['ck']
2025-12-31 09:18:50 | DEBUG    | log:153 | [classify_query_intent] Classified: 'Check ds cho duyet...' -> Tra cứu giao dịch chuyển tiền (score=1)
2025-12-31 09:18:50 | DEBUG    | log:153 | [normalize_query] 'có giao dịch nào chưa được phê duyệt khô...' -> 'Có giao dịch nào chưa được phê duyệt khô...'
2025-12-31 09:18:50 | DEBUG    | log:153 | [perform_hybrid_search] query_text: [có giao dịch nào chưa được phê duyệt không?] - formatted_query: [Có giao dịch nào chưa được phê duyệt không] - normalized_query: [Có giao dịch nào chưa được phê duyệt không]
2025-12-31 09:18:50 | DEBUG    | log:153 | [perform_hybrid_search] BM25 raw scores: min=0.0647, max=49.0214
2025-12-31 09:18:50 | DEBUG    | log:153 | [get_keyword_boost] Query: 'Có giao dịch nào chưa được phê...' | Doc: Tra cứu giao dịch th | Boost: 0.25 | Matched: ['phê duyệt']
2025-12-31 09:18:50 | DEBUG    | log:153 | [classify_query_intent] Classified: 'Có giao dịch nào chưa được phê...' -> Tra cứu giao dịch theo trạng t (score=1)
2025-12-31 09:18:50 | DEBUG    | log:153 | [normalize_query] 'show me pending trans...' -> 'Show me pending trans...'
2025-12-31 09:18:50 | DEBUG    | log:153 | [perform_hybrid_search] query_text: [show me pending trans] - formatted_query: [Show me pending trans] - normalized_query: [Show me pending trans]
2025-12-31 09:18:50 | DEBUG    | log:153 | [perform_hybrid_search] BM25 raw scores: min=0.0000, max=1.5501
2025-12-31 09:18:50 | DEBUG    | log:153 | [get_keyword_boost] Query: 'Show me pending trans...' | Doc: getTransactionList | | Boost: 0.25 | Matched: ['pending']
2025-12-31 09:18:50 | DEBUG    | log:153 | [get_keyword_boost] Query: 'Show me pending trans...' | Doc: getTransactionList | | Boost: 0.25 | Matched: ['pending']
2025-12-31 09:18:50 | DEBUG    | log:153 | [get_keyword_boost] Query: 'Show me pending trans...' | Doc: getTransactionList | | Boost: 0.25 | Matched: ['pending']
2025-12-31 09:18:50 | DEBUG    | log:153 | [get_keyword_boost] Query: 'Show me pending trans...' | Doc: getTransactionList | | Boost: 0.25 | Matched: ['pending']
2025-12-31 09:18:50 | DEBUG    | log:153 | [get_keyword_boost] Query: 'Show me pending trans...' | Doc: getTransactionList | | Boost: 0.25 | Matched: ['pending']
2025-12-31 09:18:50 | DEBUG    | log:153 | [get_keyword_boost] Query: 'Show me pending trans...' | Doc: getTransactionList | | Boost: 0.25 | Matched: ['pending']
2025-12-31 09:18:50 | DEBUG    | log:153 | [get_keyword_boost] Query: 'Show me pending trans...' | Doc: getTransactionList | | Boost: 0.25 | Matched: ['pending']
2025-12-31 09:18:50 | DEBUG    | log:153 | [get_keyword_boost] Query: 'Show me pending trans...' | Doc: getTransactionList | | Boost: 0.25 | Matched: ['pending']
2025-12-31 09:18:50 | DEBUG    | log:153 | [classify_query_intent] Ambiguous: 'Show me pending trans...' | Scores: {'getTransactionList | Tra cứu toàn bộ giao dịch đang chờ xử lý hoặc chờ duyệt': 1, 'getTransactionList | Tra cứu giao dịch chờ duyệt theo số tài khoản nguồn': 1, 'getTransactionList | Tra cứu giao dịch chờ duyệt theo khoảng thời gian': 1, 'getTransactionList | Tra cứu giao dịch chờ duyệt theo loại giao dịch': 1, 'getTransactionList | Tra cứu giao dịch chờ duyệt theo số tiền hoặc hạn mức': 1, 'getTransactionList | Kiểm tra trạng thái phê duyệt của giao dịch': 1, 'getTransactionList | Tra cứu giao dịch doanh nghiệp đang chờ duyệt': 1, 'getTransactionList | Tra cứu giao dịch theo kênh tạo lệnh': 1}
2025-12-31 09:18:50 | DEBUG    | log:153 | [normalize_query] 'liet ke cac lenh dang treo...' -> 'Liet ke cac lenh dang treo...'
2025-12-31 09:18:50 | DEBUG    | log:153 | [perform_hybrid_search] query_text: [liet ke cac lenh dang treo] - formatted_query: [Liet ke cac lenh dang treo] - normalized_query: [Liet ke cac lenh dang treo]
2025-12-31 09:18:50 | DEBUG    | log:153 | [perform_hybrid_search] BM25 raw scores: min=0.2309, max=11.1767
2025-12-31 09:18:50 | DEBUG    | log:153 | [classify_query_intent] No keyword matches found in: 'Liet ke cac lenh dang treo'
2025-12-31 09:18:50 | DEBUG    | log:153 | [normalize_query] 'gd nào chưa xong...' -> 'Gd nào chưa xong...'
2025-12-31 09:18:50 | DEBUG    | log:153 | [perform_hybrid_search] query_text: [gd nào chưa xong] - formatted_query: [Gd nào chưa xong] - normalized_query: [Gd nào chưa xong]
2025-12-31 09:18:50 | DEBUG    | log:153 | [perform_hybrid_search] BM25 raw scores: min=0.0000, max=14.3378
2025-12-31 09:18:50 | DEBUG    | log:153 | [classify_query_intent] No keyword matches found in: 'Gd nào chưa xong'
2025-12-31 09:18:50 | DEBUG    | log:153 | [normalize_query] 'danh sach cho xu ly...' -> 'Danh sach cho xu ly...'
2025-12-31 09:18:50 | DEBUG    | log:153 | [perform_hybrid_search] query_text: [danh sach cho xu ly] - formatted_query: [Danh sach cho xu ly] - normalized_query: [Danh sach cho xu ly]
2025-12-31 09:18:50 | DEBUG    | log:153 | [perform_hybrid_search] BM25 raw scores: min=0.0000, max=7.2688
2025-12-31 09:18:50 | DEBUG    | log:153 | [classify_query_intent] No keyword matches found in: 'Danh sach cho xu ly'
2025-12-31 09:18:50 | DEBUG    | log:153 | [normalize_query] 'xem list pending...' -> 'Xem list pending...'
2025-12-31 09:18:50 | DEBUG    | log:153 | [perform_hybrid_search] query_text: [xem list pending] - formatted_query: [Xem list pending] - normalized_query: [Xem list pending]
2025-12-31 09:18:50 | DEBUG    | log:153 | [perform_hybrid_search] BM25 raw scores: min=0.0000, max=3.2117
2025-12-31 09:18:50 | DEBUG    | log:153 | [get_keyword_boost] Query: 'Xem list pending...' | Doc: getTransactionList | | Boost: 0.25 | Matched: ['pending']
2025-12-31 09:18:50 | DEBUG    | log:153 | [get_keyword_boost] Query: 'Xem list pending...' | Doc: getTransactionList | | Boost: 0.25 | Matched: ['pending']
2025-12-31 09:18:50 | DEBUG    | log:153 | [get_keyword_boost] Query: 'Xem list pending...' | Doc: getTransactionList | | Boost: 0.25 | Matched: ['pending']
2025-12-31 09:18:50 | DEBUG    | log:153 | [get_keyword_boost] Query: 'Xem list pending...' | Doc: getTransactionList | | Boost: 0.25 | Matched: ['pending']
2025-12-31 09:18:50 | DEBUG    | log:153 | [get_keyword_boost] Query: 'Xem list pending...' | Doc: getTransactionList | | Boost: 0.25 | Matched: ['pending']
2025-12-31 09:18:50 | DEBUG    | log:153 | [get_keyword_boost] Query: 'Xem list pending...' | Doc: getTransactionList | | Boost: 0.25 | Matched: ['pending']
2025-12-31 09:18:50 | DEBUG    | log:153 | [get_keyword_boost] Query: 'Xem list pending...' | Doc: getTransactionList | | Boost: 0.25 | Matched: ['pending']
2025-12-31 09:18:50 | DEBUG    | log:153 | [get_keyword_boost] Query: 'Xem list pending...' | Doc: getTransactionList | | Boost: 0.25 | Matched: ['pending']
2025-12-31 09:18:50 | DEBUG    | log:153 | [classify_query_intent] Ambiguous: 'Xem list pending...' | Scores: {'getTransactionList | Tra cứu toàn bộ giao dịch đang chờ xử lý hoặc chờ duyệt': 1, 'getTransactionList | Tra cứu giao dịch chờ duyệt theo số tài khoản nguồn': 1, 'getTransactionList | Tra cứu giao dịch chờ duyệt theo khoảng thời gian': 1, 'getTransactionList | Tra cứu giao dịch chờ duyệt theo loại giao dịch': 1, 'getTransactionList | Tra cứu giao dịch chờ duyệt theo số tiền hoặc hạn mức': 1, 'getTransactionList | Kiểm tra trạng thái phê duyệt của giao dịch': 1, 'getTransactionList | Tra cứu giao dịch doanh nghiệp đang chờ duyệt': 1, 'getTransactionList | Tra cứu giao dịch theo kênh tạo lệnh': 1}
2025-12-31 09:18:50 | DEBUG    | log:153 | [normalize_query] 'co lenh nao dang doi khong...' -> 'Co lenh nao dang doi khong...'
2025-12-31 09:18:50 | DEBUG    | log:153 | [perform_hybrid_search] query_text: [co lenh nao dang doi khong] - formatted_query: [Co lenh nao dang doi khong] - normalized_query: [Co lenh nao dang doi khong]
2025-12-31 09:18:51 | DEBUG    | log:153 | [perform_hybrid_search] BM25 raw scores: min=0.2331, max=9.9818
2025-12-31 09:18:51 | DEBUG    | log:153 | [classify_query_intent] No keyword matches found in: 'Co lenh nao dang doi khong'
2025-12-31 09:18:51 | DEBUG    | log:153 | [normalize_query] 'ktra cac giao dich chua duoc duyet...' -> 'Ktra cac giao dich chua duoc duyet...'
2025-12-31 09:18:51 | DEBUG    | log:153 | [perform_hybrid_search] query_text: [ktra cac giao dich chua duoc duyet] - formatted_query: [Ktra cac giao dich chua duoc duyet] - normalized_query: [Ktra cac giao dich chua duoc duyet]
2025-12-31 09:18:51 | DEBUG    | log:153 | [perform_hybrid_search] BM25 raw scores: min=0.0647, max=11.2163
2025-12-31 09:18:51 | DEBUG    | log:153 | [classify_query_intent] No keyword matches found in: 'Ktra cac giao dich chua duoc duyet'
2025-12-31 09:18:51 | DEBUG    | log:153 | [normalize_query] 'show gđ cho duyet...' -> 'Show gđ cho duyet...'
2025-12-31 09:18:51 | DEBUG    | log:153 | [perform_hybrid_search] query_text: [show gđ cho duyet] - formatted_query: [Show gđ cho duyet] - normalized_query: [Show gđ cho duyet]
2025-12-31 09:18:51 | DEBUG    | log:153 | [perform_hybrid_search] BM25 raw scores: min=0.0000, max=1.7851
2025-12-31 09:18:51 | DEBUG    | log:153 | [classify_query_intent] No keyword matches found in: 'Show gđ cho duyet'
2025-12-31 09:18:51 | DEBUG    | log:153 | [normalize_query] 'liệt kê tất cả lệnh đang ở trạng thái ch...' -> 'Liệt kê tất cả lệnh đang ở trạng thái ch...'
2025-12-31 09:18:51 | DEBUG    | log:153 | [perform_hybrid_search] query_text: [liệt kê tất cả lệnh đang ở trạng thái chờ] - formatted_query: [Liệt kê tất cả lệnh đang ở trạng thái chờ] - normalized_query: [Liệt kê tất cả lệnh đang ở trạng thái chờ]
2025-12-31 09:18:51 | DEBUG    | log:153 | [perform_hybrid_search] BM25 raw scores: min=0.0000, max=62.2582
2025-12-31 09:18:51 | DEBUG    | log:153 | [get_keyword_boost] Query: 'Liệt kê tất cả lệnh đang ở trạ...' | Doc: Tra cứu giao dịch th | Boost: 0.50 | Matched: ['trạng thái', 'chờ']
2025-12-31 09:18:51 | DEBUG    | log:153 | [classify_query_intent] Classified: 'Liệt kê tất cả lệnh đang ở trạ...' -> Tra cứu giao dịch theo trạng t (score=2)
2025-12-31 09:18:51 | DEBUG    | log:153 | [normalize_query] 'ds gd dang cho...' -> 'Ds gd dang cho...'
2025-12-31 09:18:51 | DEBUG    | log:153 | [perform_hybrid_search] query_text: [ds gd dang cho] - formatted_query: [Ds gd dang cho] - normalized_query: [Ds gd dang cho]
2025-12-31 09:18:51 | DEBUG    | log:153 | [perform_hybrid_search] BM25 raw scores: min=0.0000, max=0.4586
2025-12-31 09:18:51 | DEBUG    | log:153 | [classify_query_intent] No keyword matches found in: 'Ds gd dang cho'
2025-12-31 09:18:51 | DEBUG    | log:153 | [normalize_query] 'check transactions pending...' -> 'Check transactions pending...'
2025-12-31 09:18:51 | DEBUG    | log:153 | [perform_hybrid_search] query_text: [check transactions pending] - formatted_query: [Check transactions pending] - normalized_query: [Check transactions pending]
2025-12-31 09:18:51 | DEBUG    | log:153 | [perform_hybrid_search] BM25 raw scores: min=0.0000, max=1.5501
2025-12-31 09:18:51 | DEBUG    | log:153 | [get_keyword_boost] Query: 'Check transactions pending...' | Doc: Tra cứu giao dịch ch | Boost: 0.25 | Matched: ['ck']
2025-12-31 09:18:51 | DEBUG    | log:153 | [get_keyword_boost] Query: 'Check transactions pending...' | Doc: getTransactionList | | Boost: 0.25 | Matched: ['pending']
2025-12-31 09:18:51 | DEBUG    | log:153 | [get_keyword_boost] Query: 'Check transactions pending...' | Doc: getTransactionList | | Boost: 0.25 | Matched: ['pending']
2025-12-31 09:18:51 | DEBUG    | log:153 | [get_keyword_boost] Query: 'Check transactions pending...' | Doc: getTransactionList | | Boost: 0.25 | Matched: ['pending']
2025-12-31 09:18:51 | DEBUG    | log:153 | [get_keyword_boost] Query: 'Check transactions pending...' | Doc: getTransactionList | | Boost: 0.25 | Matched: ['pending']
2025-12-31 09:18:51 | DEBUG    | log:153 | [get_keyword_boost] Query: 'Check transactions pending...' | Doc: getTransactionList | | Boost: 0.25 | Matched: ['pending']
2025-12-31 09:18:51 | DEBUG    | log:153 | [get_keyword_boost] Query: 'Check transactions pending...' | Doc: getTransactionList | | Boost: 0.25 | Matched: ['pending']
2025-12-31 09:18:51 | DEBUG    | log:153 | [get_keyword_boost] Query: 'Check transactions pending...' | Doc: getTransactionList | | Boost: 0.25 | Matched: ['pending']
2025-12-31 09:18:51 | DEBUG    | log:153 | [get_keyword_boost] Query: 'Check transactions pending...' | Doc: getTransactionList | | Boost: 0.25 | Matched: ['pending']
2025-12-31 09:18:51 | DEBUG    | log:153 | [classify_query_intent] Ambiguous: 'Check transactions pending...' | Scores: {'Tra cứu giao dịch chuyển tiền': 1, 'getTransactionList | Tra cứu toàn bộ giao dịch đang chờ xử lý hoặc chờ duyệt': 1, 'getTransactionList | Tra cứu giao dịch chờ duyệt theo số tài khoản nguồn': 1, 'getTransactionList | Tra cứu giao dịch chờ duyệt theo khoảng thời gian': 1, 'getTransactionList | Tra cứu giao dịch chờ duyệt theo loại giao dịch': 1, 'getTransactionList | Tra cứu giao dịch chờ duyệt theo số tiền hoặc hạn mức': 1, 'getTransactionList | Kiểm tra trạng thái phê duyệt của giao dịch': 1, 'getTransactionList | Tra cứu giao dịch doanh nghiệp đang chờ duyệt': 1, 'getTransactionList | Tra cứu giao dịch theo kênh tạo lệnh': 1}
2025-12-31 09:18:51 | DEBUG    | log:153 | [normalize_query] 'co lenh chuyen tien nao chua ok ko...' -> 'Co lenh chuyen tien nao chua ok ko...'
2025-12-31 09:18:51 | DEBUG    | log:153 | [perform_hybrid_search] query_text: [co lenh chuyen tien nao chua ok ko] - formatted_query: [Co lenh chuyen tien nao chua ok ko] - normalized_query: [Co lenh chuyen tien nao chua ok ko]
2025-12-31 09:18:51 | DEBUG    | log:153 | [perform_hybrid_search] BM25 raw scores: min=0.0449, max=11.3646
2025-12-31 09:18:51 | DEBUG    | log:153 | [classify_query_intent] No keyword matches found in: 'Co lenh chuyen tien nao chua ok ko'
2025-12-31 09:18:51 | DEBUG    | log:153 | [normalize_query] 'cho xem các giao dịch đang đợi duyệt...' -> 'Cho xem các giao dịch đang đợi duyệt...'
2025-12-31 09:18:51 | DEBUG    | log:153 | [perform_hybrid_search] query_text: [cho xem các giao dịch đang đợi duyệt] - formatted_query: [Cho xem các giao dịch đang đợi duyệt] - normalized_query: [Cho xem các giao dịch đang đợi duyệt]
2025-12-31 09:18:51 | DEBUG    | log:153 | [perform_hybrid_search] BM25 raw scores: min=0.0647, max=11.1389
2025-12-31 09:18:51 | DEBUG    | log:153 | [classify_query_intent] No keyword matches found in: 'Cho xem các giao dịch đang đợi duyệt'
2025-12-31 09:18:51 | DEBUG    | log:153 | [normalize_query] 'hiển thị các gd pending...' -> 'Hiển thị các gd pending...'
2025-12-31 09:18:51 | DEBUG    | log:153 | [perform_hybrid_search] query_text: [hiển thị các gd pending] - formatted_query: [Hiển thị các gd pending] - normalized_query: [Hiển thị các gd pending]
2025-12-31 09:18:51 | DEBUG    | log:153 | [perform_hybrid_search] BM25 raw scores: min=0.0000, max=13.1151
2025-12-31 09:18:51 | DEBUG    | log:153 | [get_keyword_boost] Query: 'Hiển thị các gd pending...' | Doc: getTransactionList | | Boost: 0.25 | Matched: ['pending']
2025-12-31 09:18:51 | DEBUG    | log:153 | [get_keyword_boost] Query: 'Hiển thị các gd pending...' | Doc: getTransactionList | | Boost: 0.25 | Matched: ['pending']
2025-12-31 09:18:51 | DEBUG    | log:153 | [get_keyword_boost] Query: 'Hiển thị các gd pending...' | Doc: getTransactionList | | Boost: 0.25 | Matched: ['pending']
2025-12-31 09:18:51 | DEBUG    | log:153 | [get_keyword_boost] Query: 'Hiển thị các gd pending...' | Doc: getTransactionList | | Boost: 0.25 | Matched: ['pending']
2025-12-31 09:18:51 | DEBUG    | log:153 | [get_keyword_boost] Query: 'Hiển thị các gd pending...' | Doc: getTransactionList | | Boost: 0.25 | Matched: ['pending']
2025-12-31 09:18:51 | DEBUG    | log:153 | [get_keyword_boost] Query: 'Hiển thị các gd pending...' | Doc: getTransactionList | | Boost: 0.25 | Matched: ['pending']
2025-12-31 09:18:51 | DEBUG    | log:153 | [get_keyword_boost] Query: 'Hiển thị các gd pending...' | Doc: getTransactionList | | Boost: 0.25 | Matched: ['pending']
2025-12-31 09:18:51 | DEBUG    | log:153 | [get_keyword_boost] Query: 'Hiển thị các gd pending...' | Doc: getTransactionList | | Boost: 0.25 | Matched: ['pending']
2025-12-31 09:18:51 | DEBUG    | log:153 | [classify_query_intent] Ambiguous: 'Hiển thị các gd pending...' | Scores: {'getTransactionList | Tra cứu toàn bộ giao dịch đang chờ xử lý hoặc chờ duyệt': 1, 'getTransactionList | Tra cứu giao dịch chờ duyệt theo số tài khoản nguồn': 1, 'getTransactionList | Tra cứu giao dịch chờ duyệt theo khoảng thời gian': 1, 'getTransactionList | Tra cứu giao dịch chờ duyệt theo loại giao dịch': 1, 'getTransactionList | Tra cứu giao dịch chờ duyệt theo số tiền hoặc hạn mức': 1, 'getTransactionList | Kiểm tra trạng thái phê duyệt của giao dịch': 1, 'getTransactionList | Tra cứu giao dịch doanh nghiệp đang chờ duyệt': 1, 'getTransactionList | Tra cứu giao dịch theo kênh tạo lệnh': 1}
2025-12-31 09:18:51 | DEBUG    | log:153 | [normalize_query] 'xem ds lenh chua duoc accept...' -> 'Xem ds lenh chua duoc accept...'
2025-12-31 09:18:51 | DEBUG    | log:153 | [perform_hybrid_search] query_text: [xem ds lenh chua duoc accept] - formatted_query: [Xem ds lenh chua duoc accept] - normalized_query: [Xem ds lenh chua duoc accept]
2025-12-31 09:18:51 | DEBUG    | log:153 | [perform_hybrid_search] BM25 raw scores: min=0.0000, max=6.3364
2025-12-31 09:18:51 | DEBUG    | log:153 | [classify_query_intent] No keyword matches found in: 'Xem ds lenh chua duoc accept'
2025-12-31 09:18:51 | DEBUG    | log:153 | [normalize_query] 'gd nào đang ở bước checker?...' -> 'Gd nào đang ở bước checker...'
2025-12-31 09:18:51 | DEBUG    | log:153 | [perform_hybrid_search] query_text: [gd nào đang ở bước checker?] - formatted_query: [Gd nào đang ở bước checker] - normalized_query: [Gd nào đang ở bước checker]
2025-12-31 09:18:51 | DEBUG    | log:153 | [perform_hybrid_search] BM25 raw scores: min=0.0000, max=20.6031
2025-12-31 09:18:51 | DEBUG    | log:153 | [get_keyword_boost] Query: 'Gd nào đang ở bước checker...' | Doc: Tra cứu giao dịch ch | Boost: 0.25 | Matched: ['ck']
2025-12-31 09:18:51 | DEBUG    | log:153 | [classify_query_intent] Classified: 'Gd nào đang ở bước checker...' -> Tra cứu giao dịch chuyển tiền (score=1)
2025-12-31 09:18:51 | DEBUG    | log:153 | [normalize_query] 'liệt kê lệnh chưa hoàn tất phê duyệt...' -> 'Liệt kê lệnh chưa hoàn tất phê duyệt...'
2025-12-31 09:18:51 | DEBUG    | log:153 | [perform_hybrid_search] query_text: [liệt kê lệnh chưa hoàn tất phê duyệt] - formatted_query: [Liệt kê lệnh chưa hoàn tất phê duyệt] - normalized_query: [Liệt kê lệnh chưa hoàn tất phê duyệt]
2025-12-31 09:18:51 | DEBUG    | log:153 | [perform_hybrid_search] BM25 raw scores: min=0.2309, max=42.8266
2025-12-31 09:18:51 | DEBUG    | log:153 | [get_keyword_boost] Query: 'Liệt kê lệnh chưa hoàn tất phê...' | Doc: Tra cứu giao dịch th | Boost: 0.50 | Matched: ['phê duyệt', 'hoàn tất']
2025-12-31 09:18:51 | DEBUG    | log:153 | [classify_query_intent] Classified: 'Liệt kê lệnh chưa hoàn tất phê...' -> Tra cứu giao dịch theo trạng t (score=2)
2025-12-31 09:18:51 | DEBUG    | log:153 | [normalize_query] 'các giao dịch nào đang chờ vậy?...' -> 'Các giao dịch nào đang chờ vậy...'
2025-12-31 09:18:51 | DEBUG    | log:153 | [perform_hybrid_search] query_text: [các giao dịch nào đang chờ vậy?] - formatted_query: [Các giao dịch nào đang chờ vậy] - normalized_query: [Các giao dịch nào đang chờ vậy]
2025-12-31 09:18:51 | DEBUG    | log:153 | [perform_hybrid_search] BM25 raw scores: min=0.0647, max=32.2215
2025-12-31 09:18:51 | DEBUG    | log:153 | [get_keyword_boost] Query: 'Các giao dịch nào đang chờ vậy...' | Doc: Tra cứu giao dịch th | Boost: 0.25 | Matched: ['chờ']
2025-12-31 09:18:51 | DEBUG    | log:153 | [classify_query_intent] Classified: 'Các giao dịch nào đang chờ vậy...' -> Tra cứu giao dịch theo trạng t (score=1)
2025-12-31 09:18:51 | DEBUG    | log:153 | [normalize_query] 'check gd cho duyet cua tk 0123456789...' -> 'Check gd cho duyet cua tk 0123456789...'
2025-12-31 09:18:51 | DEBUG    | log:153 | [perform_hybrid_search] query_text: [check gd cho duyet cua tk 0123456789] - formatted_query: [Check gd cho duyet cua tk 0123456789] - normalized_query: [Check gd cho duyet cua tk 0123456789]
2025-12-31 09:18:51 | DEBUG    | log:153 | [perform_hybrid_search] BM25 raw scores: min=0.0000, max=9.7761
2025-12-31 09:18:51 | DEBUG    | log:153 | [get_keyword_boost] Query: 'Check gd cho duyet cua tk 0123...' | Doc: Tra cứu lịch sử giao | Boost: 0.25 | Matched: ['tk']
2025-12-31 09:18:51 | DEBUG    | log:153 | [get_keyword_boost] Query: 'Check gd cho duyet cua tk 0123...' | Doc: Tra cứu giao dịch ch | Boost: 0.25 | Matched: ['ck']
2025-12-31 09:18:51 | DEBUG    | log:153 | [classify_query_intent] Ambiguous: 'Check gd cho duyet cua tk 0123...' | Scores: {'Tra cứu lịch sử giao dịch theo số tài khoản': 1, 'Tra cứu giao dịch chuyển tiền': 1}
2025-12-31 09:18:51 | DEBUG    | log:153 | [normalize_query] 'stk 0123456789 có lệnh nào chưa duyệt ko...' -> 'Stk 0123456789 có lệnh nào chưa duyệt ko...'
2025-12-31 09:18:51 | DEBUG    | log:153 | [perform_hybrid_search] query_text: [stk 0123456789 có lệnh nào chưa duyệt ko?] - formatted_query: [Stk 0123456789 có lệnh nào chưa duyệt ko] - normalized_query: [Stk 0123456789 có lệnh nào chưa duyệt ko]
2025-12-31 09:18:51 | DEBUG    | log:153 | [perform_hybrid_search] BM25 raw scores: min=0.2331, max=36.8106
2025-12-31 09:18:51 | DEBUG    | log:153 | [get_keyword_boost] Query: 'Stk 0123456789 có lệnh nào chư...' | Doc: Tra cứu lịch sử giao | Boost: 0.50 | Matched: ['tk', 'stk']
2025-12-31 09:18:51 | DEBUG    | log:153 | [classify_query_intent] Classified: 'Stk 0123456789 có lệnh nào chư...' -> Tra cứu lịch sử giao dịch theo (score=2)
2025-12-31 09:18:51 | DEBUG    | log:153 | [normalize_query] 'xem ds pending của số tài khoản 01234567...' -> 'Xem ds pending của số tài khoản 01234567...'
2025-12-31 09:18:51 | DEBUG    | log:153 | [perform_hybrid_search] query_text: [xem ds pending của số tài khoản 0123456789] - formatted_query: [Xem ds pending của số tài khoản 0123456789] - normalized_query: [Xem ds pending của số tài khoản 0123456789]
2025-12-31 09:18:51 | DEBUG    | log:153 | [perform_hybrid_search] BM25 raw scores: min=1.7028, max=28.4594
2025-12-31 09:18:51 | DEBUG    | log:153 | [get_keyword_boost] Query: 'Xem ds pending của số tài khoả...' | Doc: Tra cứu lịch sử giao | Boost: 0.25 | Matched: ['tài khoản']
2025-12-31 09:18:51 | DEBUG    | log:153 | [get_keyword_boost] Query: 'Xem ds pending của số tài khoả...' | Doc: getTransactionList | | Boost: 0.25 | Matched: ['pending']
2025-12-31 09:18:51 | DEBUG    | log:153 | [get_keyword_boost] Query: 'Xem ds pending của số tài khoả...' | Doc: getTransactionList | | Boost: 0.25 | Matched: ['pending']
2025-12-31 09:18:51 | DEBUG    | log:153 | [get_keyword_boost] Query: 'Xem ds pending của số tài khoả...' | Doc: getTransactionList | | Boost: 0.25 | Matched: ['pending']
2025-12-31 09:18:51 | DEBUG    | log:153 | [get_keyword_boost] Query: 'Xem ds pending của số tài khoả...' | Doc: getTransactionList | | Boost: 0.25 | Matched: ['pending']
2025-12-31 09:18:51 | DEBUG    | log:153 | [get_keyword_boost] Query: 'Xem ds pending của số tài khoả...' | Doc: getTransactionList | | Boost: 0.25 | Matched: ['pending']
2025-12-31 09:18:51 | DEBUG    | log:153 | [get_keyword_boost] Query: 'Xem ds pending của số tài khoả...' | Doc: getTransactionList | | Boost: 0.25 | Matched: ['pending']
2025-12-31 09:18:51 | DEBUG    | log:153 | [get_keyword_boost] Query: 'Xem ds pending của số tài khoả...' | Doc: getTransactionList | | Boost: 0.25 | Matched: ['pending']
2025-12-31 09:18:51 | DEBUG    | log:153 | [get_keyword_boost] Query: 'Xem ds pending của số tài khoả...' | Doc: getTransactionList | | Boost: 0.25 | Matched: ['pending']
2025-12-31 09:18:51 | DEBUG    | log:153 | [classify_query_intent] Ambiguous: 'Xem ds pending của số tài khoả...' | Scores: {'Tra cứu lịch sử giao dịch theo số tài khoản': 1, 'getTransactionList | Tra cứu toàn bộ giao dịch đang chờ xử lý hoặc chờ duyệt': 1, 'getTransactionList | Tra cứu giao dịch chờ duyệt theo số tài khoản nguồn': 1, 'getTransactionList | Tra cứu giao dịch chờ duyệt theo khoảng thời gian': 1, 'getTransactionList | Tra cứu giao dịch chờ duyệt theo loại giao dịch': 1, 'getTransactionList | Tra cứu giao dịch chờ duyệt theo số tiền hoặc hạn mức': 1, 'getTransactionList | Kiểm tra trạng thái phê duyệt của giao dịch': 1, 'getTransactionList | Tra cứu giao dịch doanh nghiệp đang chờ duyệt': 1, 'getTransactionList | Tra cứu giao dịch theo kênh tạo lệnh': 1}
2025-12-31 09:18:51 | DEBUG    | log:153 | [normalize_query] 'tk 0123456789 đang có lệnh treo đúng ko...' -> 'Tk 0123456789 đang có lệnh treo đúng ko...'
2025-12-31 09:18:51 | DEBUG    | log:153 | [perform_hybrid_search] query_text: [tk 0123456789 đang có lệnh treo đúng ko] - formatted_query: [Tk 0123456789 đang có lệnh treo đúng ko] - normalized_query: [Tk 0123456789 đang có lệnh treo đúng ko]
2025-12-31 09:18:51 | DEBUG    | log:153 | [perform_hybrid_search] BM25 raw scores: min=0.0000, max=16.7255
2025-12-31 09:18:51 | DEBUG    | log:153 | [get_keyword_boost] Query: 'Tk 0123456789 đang có lệnh tre...' | Doc: Tra cứu lịch sử giao | Boost: 0.25 | Matched: ['tk']
2025-12-31 09:18:51 | DEBUG    | log:153 | [classify_query_intent] Classified: 'Tk 0123456789 đang có lệnh tre...' -> Tra cứu lịch sử giao dịch theo (score=1)
2025-12-31 09:18:51 | DEBUG    | log:153 | [normalize_query] 'liet ke giao dich chua duoc duyet stk 01...' -> 'Liet ke giao dich chua duoc duyet stk 01...'
2025-12-31 09:18:51 | DEBUG    | log:153 | [perform_hybrid_search] query_text: [liet ke giao dich chua duoc duyet stk 0123456789] - formatted_query: [Liet ke giao dich chua duoc duyet stk 0123456789] - normalized_query: [Liet ke giao dich chua duoc duyet stk 0123456789]
2025-12-31 09:18:51 | DEBUG    | log:153 | [perform_hybrid_search] BM25 raw scores: min=0.3535, max=27.3135
2025-12-31 09:18:51 | DEBUG    | log:153 | [get_keyword_boost] Query: 'Liet ke giao dich chua duoc du...' | Doc: Tra cứu lịch sử giao | Boost: 0.50 | Matched: ['tk', 'stk']
2025-12-31 09:18:51 | DEBUG    | log:153 | [classify_query_intent] Classified: 'Liet ke giao dich chua duoc du...' -> Tra cứu lịch sử giao dịch theo (score=2)
2025-12-31 09:18:51 | DEBUG    | log:153 | [normalize_query] 'tìm các gd chưa xong của account 0123456...' -> 'Tìm các gd chưa xong của account 0123456...'
2025-12-31 09:18:51 | DEBUG    | log:153 | [perform_hybrid_search] query_text: [tìm các gd chưa xong của account 0123456789] - formatted_query: [Tìm các gd chưa xong của account 0123456789] - normalized_query: [Tìm các gd chưa xong của account 0123456789]
2025-12-31 09:18:51 | DEBUG    | log:153 | [perform_hybrid_search] BM25 raw scores: min=0.0000, max=8.8165
2025-12-31 09:18:51 | DEBUG    | log:153 | [classify_query_intent] No keyword matches found in: 'Tìm các gd chưa xong của account 0123456789'
2025-12-31 09:18:51 | DEBUG    | log:153 | [normalize_query] 'gd cho duyet tk 0123456789...' -> 'Gd cho duyet tk 0123456789...'
2025-12-31 09:18:51 | DEBUG    | log:153 | [perform_hybrid_search] query_text: [gd cho duyet tk 0123456789] - formatted_query: [Gd cho duyet tk 0123456789] - normalized_query: [Gd cho duyet tk 0123456789]
2025-12-31 09:18:51 | DEBUG    | log:153 | [perform_hybrid_search] BM25 raw scores: min=0.0000, max=9.7761
2025-12-31 09:18:51 | DEBUG    | log:153 | [get_keyword_boost] Query: 'Gd cho duyet tk 0123456789...' | Doc: Tra cứu lịch sử giao | Boost: 0.25 | Matched: ['tk']
2025-12-31 09:18:51 | DEBUG    | log:153 | [classify_query_intent] Classified: 'Gd cho duyet tk 0123456789...' -> Tra cứu lịch sử giao dịch theo (score=1)
2025-12-31 09:18:51 | DEBUG    | log:153 | [normalize_query] 'số tài khoản 0123456789 có gd nào dang c...' -> 'Số tài khoản 0123456789 có gd nào dang c...'
2025-12-31 09:18:51 | DEBUG    | log:153 | [perform_hybrid_search] query_text: [số tài khoản 0123456789 có gd nào dang cho ko] - formatted_query: [Số tài khoản 0123456789 có gd nào dang cho ko] - normalized_query: [Số tài khoản 0123456789 có gd nào dang cho ko]
2025-12-31 09:18:51 | DEBUG    | log:153 | [perform_hybrid_search] BM25 raw scores: min=1.4681, max=38.7903
2025-12-31 09:18:51 | DEBUG    | log:153 | [get_keyword_boost] Query: 'Số tài khoản 0123456789 có gd ...' | Doc: Tra cứu lịch sử giao | Boost: 0.25 | Matched: ['tài khoản']
2025-12-31 09:18:51 | DEBUG    | log:153 | [classify_query_intent] Classified: 'Số tài khoản 0123456789 có gd ...' -> Tra cứu lịch sử giao dịch theo (score=1)
2025-12-31 09:18:51 | DEBUG    | log:153 | [normalize_query] 'ktra tk 0123456789 có lệnh chuyển tiền n...' -> 'Ktra tk 0123456789 có lệnh chuyển tiền n...'
2025-12-31 09:18:51 | DEBUG    | log:153 | [perform_hybrid_search] query_text: [ktra tk 0123456789 có lệnh chuyển tiền nào chưa duyệt] - formatted_query: [Ktra tk 0123456789 có lệnh chuyển tiền nào chưa duyệt] - normalized_query: [Ktra tk 0123456789 có lệnh chuyển tiền nào chưa duyệt]
2025-12-31 09:18:51 | DEBUG    | log:153 | [perform_hybrid_search] BM25 raw scores: min=0.0449, max=33.4633
2025-12-31 09:18:51 | DEBUG    | log:153 | [get_keyword_boost] Query: 'Ktra tk 0123456789 có lệnh chu...' | Doc: Tra cứu lịch sử giao | Boost: 0.25 | Matched: ['tk']
2025-12-31 09:18:51 | DEBUG    | log:153 | [get_keyword_boost] Query: 'Ktra tk 0123456789 có lệnh chu...' | Doc: Tra cứu giao dịch th | Boost: 0.25 | Matched: ['chuyển tiền']
2025-12-31 09:18:51 | DEBUG    | log:153 | [get_keyword_boost] Query: 'Ktra tk 0123456789 có lệnh chu...' | Doc: Tra cứu giao dịch ch | Boost: 0.25 | Matched: ['chuyển tiền']
2025-12-31 09:18:51 | DEBUG    | log:153 | [get_keyword_boost] Query: 'Ktra tk 0123456789 có lệnh chu...' | Doc: getTransactionList | | Boost: 0.25 | Matched: ['lệnh chuyển tiền']
2025-12-31 09:18:51 | DEBUG    | log:153 | [get_keyword_boost] Query: 'Ktra tk 0123456789 có lệnh chu...' | Doc: getTransactionList | | Boost: 0.25 | Matched: ['lệnh chuyển tiền']
2025-12-31 09:18:51 | DEBUG    | log:153 | [get_keyword_boost] Query: 'Ktra tk 0123456789 có lệnh chu...' | Doc: getTransactionList | | Boost: 0.25 | Matched: ['lệnh chuyển tiền']
2025-12-31 09:18:51 | DEBUG    | log:153 | [get_keyword_boost] Query: 'Ktra tk 0123456789 có lệnh chu...' | Doc: getTransactionList | | Boost: 0.25 | Matched: ['lệnh chuyển tiền']
2025-12-31 09:18:51 | DEBUG    | log:153 | [get_keyword_boost] Query: 'Ktra tk 0123456789 có lệnh chu...' | Doc: getTransactionList | | Boost: 0.25 | Matched: ['lệnh chuyển tiền']
2025-12-31 09:18:51 | DEBUG    | log:153 | [get_keyword_boost] Query: 'Ktra tk 0123456789 có lệnh chu...' | Doc: getTransactionList | | Boost: 0.25 | Matched: ['lệnh chuyển tiền']
2025-12-31 09:18:51 | DEBUG    | log:153 | [get_keyword_boost] Query: 'Ktra tk 0123456789 có lệnh chu...' | Doc: getTransactionList | | Boost: 0.25 | Matched: ['lệnh chuyển tiền']
2025-12-31 09:18:51 | DEBUG    | log:153 | [get_keyword_boost] Query: 'Ktra tk 0123456789 có lệnh chu...' | Doc: getTransactionList | | Boost: 0.25 | Matched: ['lệnh chuyển tiền']
2025-12-31 09:18:51 | DEBUG    | log:153 | [classify_query_intent] Ambiguous: 'Ktra tk 0123456789 có lệnh chu...' | Scores: {'Tra cứu lịch sử giao dịch theo số tài khoản': 1, 'Tra cứu giao dịch theo loại giao dịch': 1, 'Tra cứu giao dịch chuyển tiền': 1, 'getTransactionList | Tra cứu toàn bộ giao dịch đang chờ xử lý hoặc chờ duyệt': 1, 'getTransactionList | Tra cứu giao dịch chờ duyệt theo số tài khoản nguồn': 1, 'getTransactionList | Tra cứu giao dịch chờ duyệt theo khoảng thời gian': 1, 'getTransactionList | Tra cứu giao dịch chờ duyệt theo loại giao dịch': 1, 'getTransactionList | Tra cứu giao dịch chờ duyệt theo số tiền hoặc hạn mức': 1, 'getTransactionList | Kiểm tra trạng thái phê duyệt của giao dịch': 1, 'getTransactionList | Tra cứu giao dịch doanh nghiệp đang chờ duyệt': 1, 'getTransactionList | Tra cứu giao dịch theo kênh tạo lệnh': 1}
2025-12-31 09:18:51 | DEBUG    | log:153 | [normalize_query] 'liệt kê các gd pending cho số tk 0123456...' -> 'Liệt kê các gd pending cho số tk 0123456...'
2025-12-31 09:18:51 | DEBUG    | log:153 | [perform_hybrid_search] query_text: [liệt kê các gd pending cho số tk 0123456789] - formatted_query: [Liệt kê các gd pending cho số tk 0123456789] - normalized_query: [Liệt kê các gd pending cho số tk 0123456789]
2025-12-31 09:18:51 | DEBUG    | log:153 | [perform_hybrid_search] BM25 raw scores: min=0.0431, max=20.9485
2025-12-31 09:18:51 | DEBUG    | log:153 | [get_keyword_boost] Query: 'Liệt kê các gd pending cho số ...' | Doc: Tra cứu lịch sử giao | Boost: 0.25 | Matched: ['tk']
2025-12-31 09:18:51 | DEBUG    | log:153 | [get_keyword_boost] Query: 'Liệt kê các gd pending cho số ...' | Doc: getTransactionList | | Boost: 0.25 | Matched: ['pending']
2025-12-31 09:18:51 | DEBUG    | log:153 | [get_keyword_boost] Query: 'Liệt kê các gd pending cho số ...' | Doc: getTransactionList | | Boost: 0.25 | Matched: ['pending']
2025-12-31 09:18:51 | DEBUG    | log:153 | [get_keyword_boost] Query: 'Liệt kê các gd pending cho số ...' | Doc: getTransactionList | | Boost: 0.25 | Matched: ['pending']
2025-12-31 09:18:51 | DEBUG    | log:153 | [get_keyword_boost] Query: 'Liệt kê các gd pending cho số ...' | Doc: getTransactionList | | Boost: 0.25 | Matched: ['pending']
2025-12-31 09:18:51 | DEBUG    | log:153 | [get_keyword_boost] Query: 'Liệt kê các gd pending cho số ...' | Doc: getTransactionList | | Boost: 0.25 | Matched: ['pending']
2025-12-31 09:18:51 | DEBUG    | log:153 | [get_keyword_boost] Query: 'Liệt kê các gd pending cho số ...' | Doc: getTransactionList | | Boost: 0.25 | Matched: ['pending']
2025-12-31 09:18:51 | DEBUG    | log:153 | [get_keyword_boost] Query: 'Liệt kê các gd pending cho số ...' | Doc: getTransactionList | | Boost: 0.25 | Matched: ['pending']
2025-12-31 09:18:51 | DEBUG    | log:153 | [get_keyword_boost] Query: 'Liệt kê các gd pending cho số ...' | Doc: getTransactionList | | Boost: 0.25 | Matched: ['pending']
2025-12-31 09:18:51 | DEBUG    | log:153 | [classify_query_intent] Ambiguous: 'Liệt kê các gd pending cho số ...' | Scores: {'Tra cứu lịch sử giao dịch theo số tài khoản': 1, 'getTransactionList | Tra cứu toàn bộ giao dịch đang chờ xử lý hoặc chờ duyệt': 1, 'getTransactionList | Tra cứu giao dịch chờ duyệt theo số tài khoản nguồn': 1, 'getTransactionList | Tra cứu giao dịch chờ duyệt theo khoảng thời gian': 1, 'getTransactionList | Tra cứu giao dịch chờ duyệt theo loại giao dịch': 1, 'getTransactionList | Tra cứu giao dịch chờ duyệt theo số tiền hoặc hạn mức': 1, 'getTransactionList | Kiểm tra trạng thái phê duyệt của giao dịch': 1, 'getTransactionList | Tra cứu giao dịch doanh nghiệp đang chờ duyệt': 1, 'getTransactionList | Tra cứu giao dịch theo kênh tạo lệnh': 1}
2025-12-31 09:18:51 | DEBUG    | log:153 | [normalize_query] 'tai khoan 0123456789 co lenh dang doi ko...' -> 'Tai khoan 0123456789 co lenh dang doi ko...'
2025-12-31 09:18:51 | DEBUG    | log:153 | [perform_hybrid_search] query_text: [tai khoan 0123456789 co lenh dang doi ko] - formatted_query: [Tai khoan 0123456789 co lenh dang doi ko] - normalized_query: [Tai khoan 0123456789 co lenh dang doi ko]
2025-12-31 09:18:51 | DEBUG    | log:153 | [perform_hybrid_search] BM25 raw scores: min=0.9367, max=16.3823
2025-12-31 09:18:51 | DEBUG    | log:153 | [classify_query_intent] No keyword matches found in: 'Tai khoan 0123456789 co lenh dang doi ko'
2025-12-31 09:18:51 | DEBUG    | log:153 | [normalize_query] 'show me pending for 0123456789...' -> 'Show me pending for 0123456789...'
2025-12-31 09:18:51 | DEBUG    | log:153 | [perform_hybrid_search] query_text: [show me pending for 0123456789] - formatted_query: [Show me pending for 0123456789] - normalized_query: [Show me pending for 0123456789]
2025-12-31 09:18:51 | DEBUG    | log:153 | [perform_hybrid_search] BM25 raw scores: min=0.0000, max=7.0228
2025-12-31 09:18:51 | DEBUG    | log:153 | [get_keyword_boost] Query: 'Show me pending for 0123456789...' | Doc: getTransactionList | | Boost: 0.25 | Matched: ['pending']
2025-12-31 09:18:51 | DEBUG    | log:153 | [get_keyword_boost] Query: 'Show me pending for 0123456789...' | Doc: getTransactionList | | Boost: 0.25 | Matched: ['pending']
2025-12-31 09:18:51 | DEBUG    | log:153 | [get_keyword_boost] Query: 'Show me pending for 0123456789...' | Doc: getTransactionList | | Boost: 0.25 | Matched: ['pending']
2025-12-31 09:18:51 | DEBUG    | log:153 | [get_keyword_boost] Query: 'Show me pending for 0123456789...' | Doc: getTransactionList | | Boost: 0.25 | Matched: ['pending']
2025-12-31 09:18:51 | DEBUG    | log:153 | [get_keyword_boost] Query: 'Show me pending for 0123456789...' | Doc: getTransactionList | | Boost: 0.25 | Matched: ['pending']
2025-12-31 09:18:51 | DEBUG    | log:153 | [get_keyword_boost] Query: 'Show me pending for 0123456789...' | Doc: getTransactionList | | Boost: 0.25 | Matched: ['pending']
2025-12-31 09:18:51 | DEBUG    | log:153 | [get_keyword_boost] Query: 'Show me pending for 0123456789...' | Doc: getTransactionList | | Boost: 0.25 | Matched: ['pending']
2025-12-31 09:18:51 | DEBUG    | log:153 | [get_keyword_boost] Query: 'Show me pending for 0123456789...' | Doc: getTransactionList | | Boost: 0.25 | Matched: ['pending']
2025-12-31 09:18:51 | DEBUG    | log:153 | [classify_query_intent] Ambiguous: 'Show me pending for 0123456789...' | Scores: {'getTransactionList | Tra cứu toàn bộ giao dịch đang chờ xử lý hoặc chờ duyệt': 1, 'getTransactionList | Tra cứu giao dịch chờ duyệt theo số tài khoản nguồn': 1, 'getTransactionList | Tra cứu giao dịch chờ duyệt theo khoảng thời gian': 1, 'getTransactionList | Tra cứu giao dịch chờ duyệt theo loại giao dịch': 1, 'getTransactionList | Tra cứu giao dịch chờ duyệt theo số tiền hoặc hạn mức': 1, 'getTransactionList | Kiểm tra trạng thái phê duyệt của giao dịch': 1, 'getTransactionList | Tra cứu giao dịch doanh nghiệp đang chờ duyệt': 1, 'getTransactionList | Tra cứu giao dịch theo kênh tạo lệnh': 1}
2025-12-31 09:18:51 | DEBUG    | log:153 | [normalize_query] 'tk nguồn 0123456789 còn lệnh nào chưa ac...' -> 'Tk nguồn 0123456789 còn lệnh nào chưa ac...'
2025-12-31 09:18:51 | DEBUG    | log:153 | [perform_hybrid_search] query_text: [tk nguồn 0123456789 còn lệnh nào chưa accept ko] - formatted_query: [Tk nguồn 0123456789 còn lệnh nào chưa accept ko] - normalized_query: [Tk nguồn 0123456789 còn lệnh nào chưa accept ko]
2025-12-31 09:18:51 | DEBUG    | log:153 | [perform_hybrid_search] BM25 raw scores: min=0.0000, max=22.1107
2025-12-31 09:18:51 | DEBUG    | log:153 | [get_keyword_boost] Query: 'Tk nguồn 0123456789 còn lệnh n...' | Doc: Tra cứu lịch sử giao | Boost: 0.25 | Matched: ['tk']
2025-12-31 09:18:51 | DEBUG    | log:153 | [classify_query_intent] Classified: 'Tk nguồn 0123456789 còn lệnh n...' -> Tra cứu lịch sử giao dịch theo (score=1)
2025-12-31 09:18:51 | DEBUG    | log:153 | [normalize_query] 'tra cứu gd chưa phê duyệt của tk 0123456...' -> 'Tra cứu gd chưa phê duyệt của tk 0123456...'
2025-12-31 09:18:51 | DEBUG    | log:153 | [perform_hybrid_search] query_text: [tra cứu gd chưa phê duyệt của tk 0123456789] - formatted_query: [Tra cứu gd chưa phê duyệt của tk 0123456789] - normalized_query: [Tra cứu gd chưa phê duyệt của tk 0123456789]
2025-12-31 09:18:51 | DEBUG    | log:153 | [perform_hybrid_search] BM25 raw scores: min=0.4358, max=17.1309
2025-12-31 09:18:51 | DEBUG    | log:153 | [get_keyword_boost] Query: 'Tra cứu gd chưa phê duyệt của ...' | Doc: Tra cứu lịch sử giao | Boost: 0.25 | Matched: ['tk']
2025-12-31 09:18:51 | DEBUG    | log:153 | [get_keyword_boost] Query: 'Tra cứu gd chưa phê duyệt của ...' | Doc: Tra cứu giao dịch th | Boost: 0.25 | Matched: ['phê duyệt']
2025-12-31 09:18:51 | DEBUG    | log:153 | [classify_query_intent] Ambiguous: 'Tra cứu gd chưa phê duyệt của ...' | Scores: {'Tra cứu lịch sử giao dịch theo số tài khoản': 1, 'Tra cứu giao dịch theo trạng thái': 1}
2025-12-31 09:18:51 | DEBUG    | log:153 | [normalize_query] 'tk 0123456789 co lenh nao chua duoc chec...' -> 'Tk 0123456789 co lenh nao chua duoc chec...'
2025-12-31 09:18:51 | DEBUG    | log:153 | [perform_hybrid_search] query_text: [tk 0123456789 co lenh nao chua duoc checker duyet ko?] - formatted_query: [Tk 0123456789 co lenh nao chua duoc checker duyet ko] - normalized_query: [Tk 0123456789 co lenh nao chua duoc checker duyet ko]
2025-12-31 09:18:51 | DEBUG    | log:153 | [perform_hybrid_search] BM25 raw scores: min=0.0000, max=15.8570
2025-12-31 09:18:51 | DEBUG    | log:153 | [get_keyword_boost] Query: 'Tk 0123456789 co lenh nao chua...' | Doc: Tra cứu lịch sử giao | Boost: 0.25 | Matched: ['tk']
2025-12-31 09:18:51 | DEBUG    | log:153 | [get_keyword_boost] Query: 'Tk 0123456789 co lenh nao chua...' | Doc: Tra cứu giao dịch ch | Boost: 0.25 | Matched: ['ck']
2025-12-31 09:18:51 | DEBUG    | log:153 | [classify_query_intent] Ambiguous: 'Tk 0123456789 co lenh nao chua...' | Scores: {'Tra cứu lịch sử giao dịch theo số tài khoản': 1, 'Tra cứu giao dịch chuyển tiền': 1}
2025-12-31 09:18:51 | DEBUG    | log:153 | [normalize_query] 'check status gđ chưa duyệt tk 0123456789...' -> 'Check status gđ chưa duyệt tk 0123456789...'
2025-12-31 09:18:51 | DEBUG    | log:153 | [perform_hybrid_search] query_text: [check status gđ chưa duyệt tk 0123456789] - formatted_query: [Check status gđ chưa duyệt tk 0123456789] - normalized_query: [Check status gđ chưa duyệt tk 0123456789]
2025-12-31 09:18:51 | DEBUG    | log:153 | [perform_hybrid_search] BM25 raw scores: min=0.0000, max=12.6839
2025-12-31 09:18:51 | DEBUG    | log:153 | [get_keyword_boost] Query: 'Check status gđ chưa duyệt tk ...' | Doc: Tra cứu lịch sử giao | Boost: 0.25 | Matched: ['tk']
2025-12-31 09:18:51 | DEBUG    | log:153 | [get_keyword_boost] Query: 'Check status gđ chưa duyệt tk ...' | Doc: Tra cứu giao dịch ch | Boost: 0.25 | Matched: ['ck']
2025-12-31 09:18:51 | DEBUG    | log:153 | [classify_query_intent] Ambiguous: 'Check status gđ chưa duyệt tk ...' | Scores: {'Tra cứu lịch sử giao dịch theo số tài khoản': 1, 'Tra cứu giao dịch chuyển tiền': 1}
2025-12-31 09:18:51 | DEBUG    | log:153 | [normalize_query] 'liệt kê các lệnh chuyển tiền bị treo của...' -> 'Liệt kê các lệnh chuyển tiền bị treo của...'
2025-12-31 09:18:51 | DEBUG    | log:153 | [perform_hybrid_search] query_text: [liệt kê các lệnh chuyển tiền bị treo của stk 0123456789] - formatted_query: [Liệt kê các lệnh chuyển tiền bị treo của stk 0123456789] - normalized_query: [Liệt kê các lệnh chuyển tiền bị treo của stk 0123456789]
2025-12-31 09:18:51 | DEBUG    | log:153 | [perform_hybrid_search] BM25 raw scores: min=0.3449, max=30.9682
2025-12-31 09:18:51 | DEBUG    | log:153 | [get_keyword_boost] Query: 'Liệt kê các lệnh chuyển tiền b...' | Doc: Tra cứu lịch sử giao | Boost: 0.50 | Matched: ['tk', 'stk']
2025-12-31 09:18:51 | DEBUG    | log:153 | [get_keyword_boost] Query: 'Liệt kê các lệnh chuyển tiền b...' | Doc: Tra cứu giao dịch th | Boost: 0.25 | Matched: ['chuyển tiền']
2025-12-31 09:18:51 | DEBUG    | log:153 | [get_keyword_boost] Query: 'Liệt kê các lệnh chuyển tiền b...' | Doc: Tra cứu giao dịch ch | Boost: 0.25 | Matched: ['chuyển tiền']
2025-12-31 09:18:51 | DEBUG    | log:153 | [get_keyword_boost] Query: 'Liệt kê các lệnh chuyển tiền b...' | Doc: getTransactionList | | Boost: 0.25 | Matched: ['lệnh chuyển tiền']
2025-12-31 09:18:51 | DEBUG    | log:153 | [get_keyword_boost] Query: 'Liệt kê các lệnh chuyển tiền b...' | Doc: getTransactionList | | Boost: 0.25 | Matched: ['lệnh chuyển tiền']
2025-12-31 09:18:51 | DEBUG    | log:153 | [get_keyword_boost] Query: 'Liệt kê các lệnh chuyển tiền b...' | Doc: getTransactionList | | Boost: 0.25 | Matched: ['lệnh chuyển tiền']
2025-12-31 09:18:51 | DEBUG    | log:153 | [get_keyword_boost] Query: 'Liệt kê các lệnh chuyển tiền b...' | Doc: getTransactionList | | Boost: 0.25 | Matched: ['lệnh chuyển tiền']
2025-12-31 09:18:51 | DEBUG    | log:153 | [get_keyword_boost] Query: 'Liệt kê các lệnh chuyển tiền b...' | Doc: getTransactionList | | Boost: 0.25 | Matched: ['lệnh chuyển tiền']
2025-12-31 09:18:51 | DEBUG    | log:153 | [get_keyword_boost] Query: 'Liệt kê các lệnh chuyển tiền b...' | Doc: getTransactionList | | Boost: 0.25 | Matched: ['lệnh chuyển tiền']
2025-12-31 09:18:51 | DEBUG    | log:153 | [get_keyword_boost] Query: 'Liệt kê các lệnh chuyển tiền b...' | Doc: getTransactionList | | Boost: 0.25 | Matched: ['lệnh chuyển tiền']
2025-12-31 09:18:51 | DEBUG    | log:153 | [get_keyword_boost] Query: 'Liệt kê các lệnh chuyển tiền b...' | Doc: getTransactionList | | Boost: 0.25 | Matched: ['lệnh chuyển tiền']
2025-12-31 09:18:51 | DEBUG    | log:153 | [classify_query_intent] Classified: 'Liệt kê các lệnh chuyển tiền b...' -> Tra cứu lịch sử giao dịch theo (score=2)
2025-12-31 09:18:51 | DEBUG    | log:153 | [normalize_query] 'ds giao dịch pending stk 0123456789...' -> 'Ds giao dịch pending stk 0123456789...'
2025-12-31 09:18:51 | DEBUG    | log:153 | [perform_hybrid_search] query_text: [ds giao dịch pending stk 0123456789] - formatted_query: [Ds giao dịch pending stk 0123456789] - normalized_query: [Ds giao dịch pending stk 0123456789]
2025-12-31 09:18:51 | DEBUG    | log:153 | [perform_hybrid_search] BM25 raw scores: min=0.3405, max=13.2396
2025-12-31 09:18:51 | DEBUG    | log:153 | [get_keyword_boost] Query: 'Ds giao dịch pending stk 01234...' | Doc: Tra cứu lịch sử giao | Boost: 0.50 | Matched: ['tk', 'stk']
2025-12-31 09:18:51 | DEBUG    | log:153 | [get_keyword_boost] Query: 'Ds giao dịch pending stk 01234...' | Doc: getTransactionList | | Boost: 0.25 | Matched: ['pending']
2025-12-31 09:18:51 | DEBUG    | log:153 | [get_keyword_boost] Query: 'Ds giao dịch pending stk 01234...' | Doc: getTransactionList | | Boost: 0.25 | Matched: ['pending']
2025-12-31 09:18:51 | DEBUG    | log:153 | [get_keyword_boost] Query: 'Ds giao dịch pending stk 01234...' | Doc: getTransactionList | | Boost: 0.25 | Matched: ['pending']
2025-12-31 09:18:51 | DEBUG    | log:153 | [get_keyword_boost] Query: 'Ds giao dịch pending stk 01234...' | Doc: getTransactionList | | Boost: 0.25 | Matched: ['pending']
2025-12-31 09:18:51 | DEBUG    | log:153 | [get_keyword_boost] Query: 'Ds giao dịch pending stk 01234...' | Doc: getTransactionList | | Boost: 0.25 | Matched: ['pending']
2025-12-31 09:18:51 | DEBUG    | log:153 | [get_keyword_boost] Query: 'Ds giao dịch pending stk 01234...' | Doc: getTransactionList | | Boost: 0.25 | Matched: ['pending']
2025-12-31 09:18:51 | DEBUG    | log:153 | [get_keyword_boost] Query: 'Ds giao dịch pending stk 01234...' | Doc: getTransactionList | | Boost: 0.25 | Matched: ['pending']
2025-12-31 09:18:51 | DEBUG    | log:153 | [get_keyword_boost] Query: 'Ds giao dịch pending stk 01234...' | Doc: getTransactionList | | Boost: 0.25 | Matched: ['pending']
2025-12-31 09:18:51 | DEBUG    | log:153 | [classify_query_intent] Classified: 'Ds giao dịch pending stk 01234...' -> Tra cứu lịch sử giao dịch theo (score=2)
2025-12-31 09:18:51 | DEBUG    | log:153 | [normalize_query] 'tk 0123456789 co gd nao chua ok ko...' -> 'Tk 0123456789 co gd nao chua ok ko...'
2025-12-31 09:18:51 | DEBUG    | log:153 | [perform_hybrid_search] query_text: [tk 0123456789 co gd nao chua ok ko] - formatted_query: [Tk 0123456789 co gd nao chua ok ko] - normalized_query: [Tk 0123456789 co gd nao chua ok ko]
2025-12-31 09:18:51 | DEBUG    | log:153 | [perform_hybrid_search] BM25 raw scores: min=0.0000, max=12.9491
2025-12-31 09:18:51 | DEBUG    | log:153 | [get_keyword_boost] Query: 'Tk 0123456789 co gd nao chua o...' | Doc: Tra cứu lịch sử giao | Boost: 0.25 | Matched: ['tk']
2025-12-31 09:18:51 | DEBUG    | log:153 | [classify_query_intent] Classified: 'Tk 0123456789 co gd nao chua o...' -> Tra cứu lịch sử giao dịch theo (score=1)
2025-12-31 09:18:51 | DEBUG    | log:153 | [normalize_query] 'cho minh xem cac lenh dang cho cua tai k...' -> 'Cho minh xem cac lenh dang cho cua tai k...'
2025-12-31 09:18:51 | DEBUG    | log:153 | [perform_hybrid_search] query_text: [cho minh xem cac lenh dang cho cua tai khoan 0123456789] - formatted_query: [Cho minh xem cac lenh dang cho cua tai khoan 0123456789] - normalized_query: [Cho minh xem cac lenh dang cho cua tai khoan 0123456789]
2025-12-31 09:18:51 | DEBUG    | log:153 | [perform_hybrid_search] BM25 raw scores: min=1.7905, max=17.0012
2025-12-31 09:18:51 | DEBUG    | log:153 | [classify_query_intent] No keyword matches found in: 'Cho minh xem cac lenh dang cho cua tai khoan 01234'
2025-12-31 09:18:51 | DEBUG    | log:153 | [normalize_query] 'tim cac gd treo tu ngay 1/12 den 15/12...' -> 'Tim cac gd treo tu ngay 1/12 den 15/12...'
2025-12-31 09:18:51 | DEBUG    | log:153 | [perform_hybrid_search] query_text: [tim cac gd treo tu ngay 1/12 den 15/12] - formatted_query: [Tim cac gd treo tu ngay 1/12 den 15/12] - normalized_query: [Tim cac gd treo tu ngay 1/12 den 15/12]
2025-12-31 09:18:51 | DEBUG    | log:153 | [perform_hybrid_search] BM25 raw scores: min=0.0000, max=16.1060
2025-12-31 09:18:51 | DEBUG    | log:153 | [classify_query_intent] No keyword matches found in: 'Tim cac gd treo tu ngay 1/12 den 15/12'
2025-12-31 09:18:51 | DEBUG    | log:153 | [normalize_query] 'xem lệnh chưa duyệt trong tháng này...' -> 'Xem lệnh chưa duyệt trong tháng này...'
2025-12-31 09:18:51 | DEBUG    | log:153 | [perform_hybrid_search] query_text: [xem lệnh chưa duyệt trong tháng này] - formatted_query: [Xem lệnh chưa duyệt trong tháng này] - normalized_query: [Xem lệnh chưa duyệt trong tháng này]
2025-12-31 09:18:51 | DEBUG    | log:153 | [perform_hybrid_search] BM25 raw scores: min=0.0000, max=17.5422
2025-12-31 09:18:51 | DEBUG    | log:153 | [get_keyword_boost] Query: 'Xem lệnh chưa duyệt trong thán...' | Doc: Tra cứu lịch sử giao | Boost: 0.25 | Matched: ['tháng']
2025-12-31 09:18:51 | DEBUG    | log:153 | [classify_query_intent] Classified: 'Xem lệnh chưa duyệt trong thán...' -> Tra cứu lịch sử giao dịch theo (score=1)
2025-12-31 09:18:51 | DEBUG    | log:153 | [normalize_query] 'lọc gd pending từ tuần trước...' -> 'Lọc gd pending từ tuần trước...'
2025-12-31 09:18:51 | DEBUG    | log:153 | [perform_hybrid_search] query_text: [lọc gd pending từ tuần trước] - formatted_query: [Lọc gd pending từ tuần trước] - normalized_query: [Lọc gd pending từ tuần trước]
2025-12-31 09:18:52 | DEBUG    | log:153 | [perform_hybrid_search] BM25 raw scores: min=0.0230, max=11.5754
2025-12-31 09:18:52 | DEBUG    | log:153 | [get_keyword_boost] Query: 'Lọc gd pending từ tuần trước...' | Doc: getTransactionList | | Boost: 0.25 | Matched: ['pending']
2025-12-31 09:18:52 | DEBUG    | log:153 | [get_keyword_boost] Query: 'Lọc gd pending từ tuần trước...' | Doc: getTransactionList | | Boost: 0.25 | Matched: ['pending']
2025-12-31 09:18:52 | DEBUG    | log:153 | [get_keyword_boost] Query: 'Lọc gd pending từ tuần trước...' | Doc: getTransactionList | | Boost: 0.25 | Matched: ['pending']
2025-12-31 09:18:52 | DEBUG    | log:153 | [get_keyword_boost] Query: 'Lọc gd pending từ tuần trước...' | Doc: getTransactionList | | Boost: 0.25 | Matched: ['pending']
2025-12-31 09:18:52 | DEBUG    | log:153 | [get_keyword_boost] Query: 'Lọc gd pending từ tuần trước...' | Doc: getTransactionList | | Boost: 0.25 | Matched: ['pending']
2025-12-31 09:18:52 | DEBUG    | log:153 | [get_keyword_boost] Query: 'Lọc gd pending từ tuần trước...' | Doc: getTransactionList | | Boost: 0.25 | Matched: ['pending']
2025-12-31 09:18:52 | DEBUG    | log:153 | [get_keyword_boost] Query: 'Lọc gd pending từ tuần trước...' | Doc: getTransactionList | | Boost: 0.25 | Matched: ['pending']
2025-12-31 09:18:52 | DEBUG    | log:153 | [get_keyword_boost] Query: 'Lọc gd pending từ tuần trước...' | Doc: getTransactionList | | Boost: 0.25 | Matched: ['pending']
2025-12-31 09:18:52 | DEBUG    | log:153 | [classify_query_intent] Ambiguous: 'Lọc gd pending từ tuần trước...' | Scores: {'getTransactionList | Tra cứu toàn bộ giao dịch đang chờ xử lý hoặc chờ duyệt': 1, 'getTransactionList | Tra cứu giao dịch chờ duyệt theo số tài khoản nguồn': 1, 'getTransactionList | Tra cứu giao dịch chờ duyệt theo khoảng thời gian': 1, 'getTransactionList | Tra cứu giao dịch chờ duyệt theo loại giao dịch': 1, 'getTransactionList | Tra cứu giao dịch chờ duyệt theo số tiền hoặc hạn mức': 1, 'getTransactionList | Kiểm tra trạng thái phê duyệt của giao dịch': 1, 'getTransactionList | Tra cứu giao dịch doanh nghiệp đang chờ duyệt': 1, 'getTransactionList | Tra cứu giao dịch theo kênh tạo lệnh': 1}
2025-12-31 09:18:52 | DEBUG    | log:153 | [normalize_query] 'gđ chờ duyệt hôm qua có không...' -> 'Gđ chờ duyệt hôm qua có không...'
2025-12-31 09:18:52 | DEBUG    | log:153 | [perform_hybrid_search] query_text: [gđ chờ duyệt hôm qua có không] - formatted_query: [Gđ chờ duyệt hôm qua có không] - normalized_query: [Gđ chờ duyệt hôm qua có không]
2025-12-31 09:18:52 | DEBUG    | log:153 | [perform_hybrid_search] BM25 raw scores: min=0.0000, max=21.7744
2025-12-31 09:18:52 | DEBUG    | log:153 | [get_keyword_boost] Query: 'Gđ chờ duyệt hôm qua có không...' | Doc: Tra cứu lịch sử giao | Boost: 0.25 | Matched: ['hôm qua']
2025-12-31 09:18:52 | DEBUG    | log:153 | [get_keyword_boost] Query: 'Gđ chờ duyệt hôm qua có không...' | Doc: Tra cứu giao dịch th | Boost: 0.25 | Matched: ['chờ']
2025-12-31 09:18:52 | DEBUG    | log:153 | [get_keyword_boost] Query: 'Gđ chờ duyệt hôm qua có không...' | Doc: getTransactionList | | Boost: 0.25 | Matched: ['chờ duyệt']
2025-12-31 09:18:52 | DEBUG    | log:153 | [get_keyword_boost] Query: 'Gđ chờ duyệt hôm qua có không...' | Doc: getTransactionList | | Boost: 0.25 | Matched: ['chờ duyệt']
2025-12-31 09:18:52 | DEBUG    | log:153 | [get_keyword_boost] Query: 'Gđ chờ duyệt hôm qua có không...' | Doc: getTransactionList | | Boost: 0.25 | Matched: ['chờ duyệt']
2025-12-31 09:18:52 | DEBUG    | log:153 | [get_keyword_boost] Query: 'Gđ chờ duyệt hôm qua có không...' | Doc: getTransactionList | | Boost: 0.25 | Matched: ['chờ duyệt']
2025-12-31 09:18:52 | DEBUG    | log:153 | [get_keyword_boost] Query: 'Gđ chờ duyệt hôm qua có không...' | Doc: getTransactionList | | Boost: 0.25 | Matched: ['chờ duyệt']
2025-12-31 09:18:52 | DEBUG    | log:153 | [get_keyword_boost] Query: 'Gđ chờ duyệt hôm qua có không...' | Doc: getTransactionList | | Boost: 0.25 | Matched: ['chờ duyệt']
2025-12-31 09:18:52 | DEBUG    | log:153 | [get_keyword_boost] Query: 'Gđ chờ duyệt hôm qua có không...' | Doc: getTransactionList | | Boost: 0.25 | Matched: ['chờ duyệt']
2025-12-31 09:18:52 | DEBUG    | log:153 | [get_keyword_boost] Query: 'Gđ chờ duyệt hôm qua có không...' | Doc: getTransactionList | | Boost: 0.25 | Matched: ['chờ duyệt']
2025-12-31 09:18:52 | DEBUG    | log:153 | [classify_query_intent] Ambiguous: 'Gđ chờ duyệt hôm qua có không...' | Scores: {'Tra cứu lịch sử giao dịch theo khoảng thời gian': 1, 'Tra cứu giao dịch theo trạng thái': 1, 'getTransactionList | Tra cứu toàn bộ giao dịch đang chờ xử lý hoặc chờ duyệt': 1, 'getTransactionList | Tra cứu giao dịch chờ duyệt theo số tài khoản nguồn': 1, 'getTransactionList | Tra cứu giao dịch chờ duyệt theo khoảng thời gian': 1, 'getTransactionList | Tra cứu giao dịch chờ duyệt theo loại giao dịch': 1, 'getTransactionList | Tra cứu giao dịch chờ duyệt theo số tiền hoặc hạn mức': 1, 'getTransactionList | Kiểm tra trạng thái phê duyệt của giao dịch': 1, 'getTransactionList | Tra cứu giao dịch doanh nghiệp đang chờ duyệt': 1, 'getTransactionList | Tra cứu giao dịch theo kênh tạo lệnh': 1}
2025-12-31 09:18:52 | DEBUG    | log:153 | [normalize_query] 'list trans pending from 10/11 to 20/11...' -> 'List trans pending from 10/11 to 20/11...'
2025-12-31 09:18:52 | DEBUG    | log:153 | [perform_hybrid_search] query_text: [list trans pending from 10/11 to 20/11] - formatted_query: [List trans pending from 10/11 to 20/11] - normalized_query: [List trans pending from 10/11 to 20/11]
2025-12-31 09:18:52 | DEBUG    | log:153 | [perform_hybrid_search] BM25 raw scores: min=0.0000, max=6.8211
2025-12-31 09:18:52 | DEBUG    | log:153 | [get_keyword_boost] Query: 'List trans pending from 10/11 ...' | Doc: getTransactionList | | Boost: 0.25 | Matched: ['pending']
2025-12-31 09:18:52 | DEBUG    | log:153 | [get_keyword_boost] Query: 'List trans pending from 10/11 ...' | Doc: getTransactionList | | Boost: 0.25 | Matched: ['pending']
2025-12-31 09:18:52 | DEBUG    | log:153 | [get_keyword_boost] Query: 'List trans pending from 10/11 ...' | Doc: getTransactionList | | Boost: 0.25 | Matched: ['pending']
2025-12-31 09:18:52 | DEBUG    | log:153 | [get_keyword_boost] Query: 'List trans pending from 10/11 ...' | Doc: getTransactionList | | Boost: 0.25 | Matched: ['pending']
2025-12-31 09:18:52 | DEBUG    | log:153 | [get_keyword_boost] Query: 'List trans pending from 10/11 ...' | Doc: getTransactionList | | Boost: 0.25 | Matched: ['pending']
2025-12-31 09:18:52 | DEBUG    | log:153 | [get_keyword_boost] Query: 'List trans pending from 10/11 ...' | Doc: getTransactionList | | Boost: 0.25 | Matched: ['pending']
2025-12-31 09:18:52 | DEBUG    | log:153 | [get_keyword_boost] Query: 'List trans pending from 10/11 ...' | Doc: getTransactionList | | Boost: 0.25 | Matched: ['pending']
2025-12-31 09:18:52 | DEBUG    | log:153 | [get_keyword_boost] Query: 'List trans pending from 10/11 ...' | Doc: getTransactionList | | Boost: 0.25 | Matched: ['pending']
2025-12-31 09:18:52 | DEBUG    | log:153 | [classify_query_intent] Ambiguous: 'List trans pending from 10/11 ...' | Scores: {'getTransactionList | Tra cứu toàn bộ giao dịch đang chờ xử lý hoặc chờ duyệt': 1, 'getTransactionList | Tra cứu giao dịch chờ duyệt theo số tài khoản nguồn': 1, 'getTransactionList | Tra cứu giao dịch chờ duyệt theo khoảng thời gian': 1, 'getTransactionList | Tra cứu giao dịch chờ duyệt theo loại giao dịch': 1, 'getTransactionList | Tra cứu giao dịch chờ duyệt theo số tiền hoặc hạn mức': 1, 'getTransactionList | Kiểm tra trạng thái phê duyệt của giao dịch': 1, 'getTransactionList | Tra cứu giao dịch doanh nghiệp đang chờ duyệt': 1, 'getTransactionList | Tra cứu giao dịch theo kênh tạo lệnh': 1}
2025-12-31 09:18:52 | DEBUG    | log:153 | [normalize_query] 'có lệnh nào chưa duyệt phát sinh sáng na...' -> 'Có lệnh nào chưa duyệt phát sinh sáng na...'
2025-12-31 09:18:52 | DEBUG    | log:153 | [perform_hybrid_search] query_text: [có lệnh nào chưa duyệt phát sinh sáng nay ko] - formatted_query: [Có lệnh nào chưa duyệt phát sinh sáng nay ko] - normalized_query: [Có lệnh nào chưa duyệt phát sinh sáng nay ko]
2025-12-31 09:18:52 | DEBUG    | log:153 | [perform_hybrid_search] BM25 raw scores: min=0.0000, max=26.7964
2025-12-31 09:18:52 | DEBUG    | log:153 | [get_keyword_boost] Query: 'Có lệnh nào chưa duyệt phát si...' | Doc: Tra cứu lịch sử giao | Boost: 0.25 | Matched: ['nay']
2025-12-31 09:18:52 | DEBUG    | log:153 | [classify_query_intent] Classified: 'Có lệnh nào chưa duyệt phát si...' -> Tra cứu lịch sử giao dịch theo (score=1)
2025-12-31 09:18:52 | DEBUG    | log:153 | [normalize_query] 'check ds chờ từ đầu năm đến giờ...' -> 'Check ds chờ từ đầu năm đến giờ...'
2025-12-31 09:18:52 | DEBUG    | log:153 | [perform_hybrid_search] query_text: [check ds chờ từ đầu năm đến giờ] - formatted_query: [Check ds chờ từ đầu năm đến giờ] - normalized_query: [Check ds chờ từ đầu năm đến giờ]
2025-12-31 09:18:52 | DEBUG    | log:153 | [perform_hybrid_search] BM25 raw scores: min=0.0000, max=19.4185
2025-12-31 09:18:52 | DEBUG    | log:153 | [get_keyword_boost] Query: 'Check ds chờ từ đầu năm đến gi...' | Doc: Tra cứu lịch sử giao | Boost: 0.25 | Matched: ['năm']
2025-12-31 09:18:52 | DEBUG    | log:153 | [get_keyword_boost] Query: 'Check ds chờ từ đầu năm đến gi...' | Doc: Tra cứu giao dịch th | Boost: 0.25 | Matched: ['chờ']
2025-12-31 09:18:52 | DEBUG    | log:153 | [get_keyword_boost] Query: 'Check ds chờ từ đầu năm đến gi...' | Doc: Tra cứu giao dịch ch | Boost: 0.25 | Matched: ['ck']
2025-12-31 09:18:52 | DEBUG    | log:153 | [classify_query_intent] Ambiguous: 'Check ds chờ từ đầu năm đến gi...' | Scores: {'Tra cứu lịch sử giao dịch theo khoảng thời gian': 1, 'Tra cứu giao dịch theo trạng thái': 1, 'Tra cứu giao dịch chuyển tiền': 1}
2025-12-31 09:18:52 | DEBUG    | log:153 | [normalize_query] 'các gd chưa ok trong 3 ngày gần đây...' -> 'Các gd chưa ok trong 3 ngày gần đây...'
2025-12-31 09:18:52 | DEBUG    | log:153 | [perform_hybrid_search] query_text: [các gd chưa ok trong 3 ngày gần đây] - formatted_query: [Các gd chưa ok trong 3 ngày gần đây] - normalized_query: [Các gd chưa ok trong 3 ngày gần đây]
2025-12-31 09:18:52 | DEBUG    | log:153 | [perform_hybrid_search] BM25 raw scores: min=0.0000, max=21.1809
2025-12-31 09:18:52 | DEBUG    | log:153 | [get_keyword_boost] Query: 'Các gd chưa ok trong 3 ngày gầ...' | Doc: Tra cứu lịch sử giao | Boost: 0.50 | Matched: ['ngày', 'gần đây']
2025-12-31 09:18:52 | DEBUG    | log:153 | [classify_query_intent] Classified: 'Các gd chưa ok trong 3 ngày gầ...' -> Tra cứu lịch sử giao dịch theo (score=2)
2025-12-31 09:18:52 | DEBUG    | log:153 | [normalize_query] 'show me pending trans last month...' -> 'Show me pending trans last month...'
2025-12-31 09:18:52 | DEBUG    | log:153 | [perform_hybrid_search] query_text: [show me pending trans last month] - formatted_query: [Show me pending trans last month] - normalized_query: [Show me pending trans last month]
2025-12-31 09:18:52 | DEBUG    | log:153 | [perform_hybrid_search] BM25 raw scores: min=0.0000, max=1.5501
2025-12-31 09:18:52 | DEBUG    | log:153 | [get_keyword_boost] Query: 'Show me pending trans last mon...' | Doc: getTransactionList | | Boost: 0.25 | Matched: ['pending']
2025-12-31 09:18:52 | DEBUG    | log:153 | [get_keyword_boost] Query: 'Show me pending trans last mon...' | Doc: getTransactionList | | Boost: 0.25 | Matched: ['pending']
2025-12-31 09:18:52 | DEBUG    | log:153 | [get_keyword_boost] Query: 'Show me pending trans last mon...' | Doc: getTransactionList | | Boost: 0.25 | Matched: ['pending']
2025-12-31 09:18:52 | DEBUG    | log:153 | [get_keyword_boost] Query: 'Show me pending trans last mon...' | Doc: getTransactionList | | Boost: 0.25 | Matched: ['pending']
2025-12-31 09:18:52 | DEBUG    | log:153 | [get_keyword_boost] Query: 'Show me pending trans last mon...' | Doc: getTransactionList | | Boost: 0.25 | Matched: ['pending']
2025-12-31 09:18:52 | DEBUG    | log:153 | [get_keyword_boost] Query: 'Show me pending trans last mon...' | Doc: getTransactionList | | Boost: 0.25 | Matched: ['pending']
2025-12-31 09:18:52 | DEBUG    | log:153 | [get_keyword_boost] Query: 'Show me pending trans last mon...' | Doc: getTransactionList | | Boost: 0.25 | Matched: ['pending']
2025-12-31 09:18:52 | DEBUG    | log:153 | [get_keyword_boost] Query: 'Show me pending trans last mon...' | Doc: getTransactionList | | Boost: 0.25 | Matched: ['pending']
2025-12-31 09:18:52 | DEBUG    | log:153 | [classify_query_intent] Ambiguous: 'Show me pending trans last mon...' | Scores: {'getTransactionList | Tra cứu toàn bộ giao dịch đang chờ xử lý hoặc chờ duyệt': 1, 'getTransactionList | Tra cứu giao dịch chờ duyệt theo số tài khoản nguồn': 1, 'getTransactionList | Tra cứu giao dịch chờ duyệt theo khoảng thời gian': 1, 'getTransactionList | Tra cứu giao dịch chờ duyệt theo loại giao dịch': 1, 'getTransactionList | Tra cứu giao dịch chờ duyệt theo số tiền hoặc hạn mức': 1, 'getTransactionList | Kiểm tra trạng thái phê duyệt của giao dịch': 1, 'getTransactionList | Tra cứu giao dịch doanh nghiệp đang chờ duyệt': 1, 'getTransactionList | Tra cứu giao dịch theo kênh tạo lệnh': 1}
2025-12-31 09:18:52 | DEBUG    | log:153 | [normalize_query] 'tra cứu gd treo khoảng tgian từ mùng 1...' -> 'Tra cứu gd treo khoảng tgian từ mùng 1...'
2025-12-31 09:18:52 | DEBUG    | log:153 | [perform_hybrid_search] query_text: [tra cứu gd treo khoảng tgian từ mùng 1] - formatted_query: [Tra cứu gd treo khoảng tgian từ mùng 1] - normalized_query: [Tra cứu gd treo khoảng tgian từ mùng 1]
2025-12-31 09:18:52 | DEBUG    | log:153 | [perform_hybrid_search] BM25 raw scores: min=0.5057, max=7.0652
2025-12-31 09:18:52 | DEBUG    | log:153 | [classify_query_intent] No keyword matches found in: 'Tra cứu gd treo khoảng tgian từ mùng 1'
2025-12-31 09:18:52 | DEBUG    | log:153 | [normalize_query] 'tim lenh chua duoc accept tu ngay... den...' -> 'Tim lenh chua duoc accept tu ngay... den...'
2025-12-31 09:18:52 | DEBUG    | log:153 | [perform_hybrid_search] query_text: [tim lenh chua duoc accept tu ngay... den ngay...] - formatted_query: [Tim lenh chua duoc accept tu ngay... den ngay] - normalized_query: [Tim lenh chua duoc accept tu ngay... den ngay]
2025-12-31 09:18:52 | DEBUG    | log:153 | [perform_hybrid_search] BM25 raw scores: min=0.0000, max=9.0239
2025-12-31 09:18:52 | DEBUG    | log:153 | [classify_query_intent] No keyword matches found in: 'Tim lenh chua duoc accept tu ngay... den ngay'
2025-12-31 09:18:52 | DEBUG    | log:153 | [normalize_query] 'lọc các lệnh đang đợi từ thứ 2...' -> 'Lọc các lệnh đang đợi từ thứ 2...'
2025-12-31 09:18:52 | DEBUG    | log:153 | [perform_hybrid_search] query_text: [lọc các lệnh đang đợi từ thứ 2] - formatted_query: [Lọc các lệnh đang đợi từ thứ 2] - normalized_query: [Lọc các lệnh đang đợi từ thứ 2]
2025-12-31 09:18:52 | DEBUG    | log:153 | [perform_hybrid_search] BM25 raw scores: min=0.2567, max=6.1394
2025-12-31 09:18:52 | DEBUG    | log:153 | [classify_query_intent] No keyword matches found in: 'Lọc các lệnh đang đợi từ thứ 2'
2025-12-31 09:18:52 | DEBUG    | log:153 | [normalize_query] 'ds gd chưa duyệt trong quý này...' -> 'Ds gd chưa duyệt trong quý này...'
2025-12-31 09:18:52 | DEBUG    | log:153 | [perform_hybrid_search] query_text: [ds gd chưa duyệt trong quý này] - formatted_query: [Ds gd chưa duyệt trong quý này] - normalized_query: [Ds gd chưa duyệt trong quý này]
2025-12-31 09:18:52 | DEBUG    | log:153 | [perform_hybrid_search] BM25 raw scores: min=0.0000, max=13.0918
2025-12-31 09:18:52 | DEBUG    | log:153 | [get_keyword_boost] Query: 'Ds gd chưa duyệt trong quý này...' | Doc: Tra cứu lịch sử giao | Boost: 0.25 | Matched: ['quý']
2025-12-31 09:18:52 | DEBUG    | log:153 | [classify_query_intent] Classified: 'Ds gd chưa duyệt trong quý này...' -> Tra cứu lịch sử giao dịch theo (score=1)
2025-12-31 09:18:52 | DEBUG    | log:153 | [normalize_query] 'có giao dịch nào bị kẹt từ ngày 20 không...' -> 'Có giao dịch nào bị kẹt từ ngày 20 không...'
2025-12-31 09:18:52 | DEBUG    | log:153 | [perform_hybrid_search] query_text: [có giao dịch nào bị kẹt từ ngày 20 không?] - formatted_query: [Có giao dịch nào bị kẹt từ ngày 20 không] - normalized_query: [Có giao dịch nào bị kẹt từ ngày 20 không]
2025-12-31 09:18:52 | DEBUG    | log:153 | [perform_hybrid_search] BM25 raw scores: min=0.0647, max=40.7743
2025-12-31 09:18:52 | DEBUG    | log:153 | [get_keyword_boost] Query: 'Có giao dịch nào bị kẹt từ ngà...' | Doc: Tra cứu lịch sử giao | Boost: 0.25 | Matched: ['ngày']
2025-12-31 09:18:52 | DEBUG    | log:153 | [classify_query_intent] Classified: 'Có giao dịch nào bị kẹt từ ngà...' -> Tra cứu lịch sử giao dịch theo (score=1)
2025-12-31 09:18:52 | DEBUG    | log:153 | [normalize_query] 'xem gd cho duyet trong khoang thoi gian ...' -> 'Xem gd cho duyet trong khoang thoi gian ...'
2025-12-31 09:18:52 | DEBUG    | log:153 | [perform_hybrid_search] query_text: [xem gd cho duyet trong khoang thoi gian vua roi] - formatted_query: [Xem gd cho duyet trong khoang thoi gian vua roi] - normalized_query: [Xem gd cho duyet trong khoang thoi gian vua roi]
2025-12-31 09:18:52 | DEBUG    | log:153 | [perform_hybrid_search] BM25 raw scores: min=0.0647, max=6.5115
2025-12-31 09:18:52 | DEBUG    | log:153 | [classify_query_intent] No keyword matches found in: 'Xem gd cho duyet trong khoang thoi gian vua roi'
2025-12-31 09:18:52 | DEBUG    | log:153 | [normalize_query] 'kiem tra cac lenh chua duyet tu 15/12...' -> 'Kiem tra cac lenh chua duyet tu 15/12...'
2025-12-31 09:18:52 | DEBUG    | log:153 | [perform_hybrid_search] query_text: [kiem tra cac lenh chua duyet tu 15/12] - formatted_query: [Kiem tra cac lenh chua duyet tu 15/12] - normalized_query: [Kiem tra cac lenh chua duyet tu 15/12]
2025-12-31 09:18:52 | DEBUG    | log:153 | [perform_hybrid_search] BM25 raw scores: min=0.0216, max=19.4373
2025-12-31 09:18:52 | DEBUG    | log:153 | [classify_query_intent] No keyword matches found in: 'Kiem tra cac lenh chua duyet tu 15/12'
2025-12-31 09:18:52 | DEBUG    | log:153 | [normalize_query] 'lọc lệnh pending theo ngày...' -> 'Lọc lệnh pending theo ngày...'
2025-12-31 09:18:52 | DEBUG    | log:153 | [perform_hybrid_search] query_text: [lọc lệnh pending theo ngày] - formatted_query: [Lọc lệnh pending theo ngày] - normalized_query: [Lọc lệnh pending theo ngày]
2025-12-31 09:18:52 | DEBUG    | log:153 | [perform_hybrid_search] BM25 raw scores: min=0.0302, max=6.0917
2025-12-31 09:18:52 | DEBUG    | log:153 | [get_keyword_boost] Query: 'Lọc lệnh pending theo ngày...' | Doc: Tra cứu lịch sử giao | Boost: 0.25 | Matched: ['ngày']
2025-12-31 09:18:52 | DEBUG    | log:153 | [get_keyword_boost] Query: 'Lọc lệnh pending theo ngày...' | Doc: getTransactionList | | Boost: 0.25 | Matched: ['pending']
2025-12-31 09:18:52 | DEBUG    | log:153 | [get_keyword_boost] Query: 'Lọc lệnh pending theo ngày...' | Doc: getTransactionList | | Boost: 0.25 | Matched: ['pending']
2025-12-31 09:18:52 | DEBUG    | log:153 | [get_keyword_boost] Query: 'Lọc lệnh pending theo ngày...' | Doc: getTransactionList | | Boost: 0.25 | Matched: ['pending']
2025-12-31 09:18:52 | DEBUG    | log:153 | [get_keyword_boost] Query: 'Lọc lệnh pending theo ngày...' | Doc: getTransactionList | | Boost: 0.25 | Matched: ['pending']
2025-12-31 09:18:52 | DEBUG    | log:153 | [get_keyword_boost] Query: 'Lọc lệnh pending theo ngày...' | Doc: getTransactionList | | Boost: 0.25 | Matched: ['pending']
2025-12-31 09:18:52 | DEBUG    | log:153 | [get_keyword_boost] Query: 'Lọc lệnh pending theo ngày...' | Doc: getTransactionList | | Boost: 0.25 | Matched: ['pending']
2025-12-31 09:18:52 | DEBUG    | log:153 | [get_keyword_boost] Query: 'Lọc lệnh pending theo ngày...' | Doc: getTransactionList | | Boost: 0.25 | Matched: ['pending']
2025-12-31 09:18:52 | DEBUG    | log:153 | [get_keyword_boost] Query: 'Lọc lệnh pending theo ngày...' | Doc: getTransactionList | | Boost: 0.25 | Matched: ['pending']
2025-12-31 09:18:52 | DEBUG    | log:153 | [classify_query_intent] Ambiguous: 'Lọc lệnh pending theo ngày...' | Scores: {'Tra cứu lịch sử giao dịch theo khoảng thời gian': 1, 'getTransactionList | Tra cứu toàn bộ giao dịch đang chờ xử lý hoặc chờ duyệt': 1, 'getTransactionList | Tra cứu giao dịch chờ duyệt theo số tài khoản nguồn': 1, 'getTransactionList | Tra cứu giao dịch chờ duyệt theo khoảng thời gian': 1, 'getTransactionList | Tra cứu giao dịch chờ duyệt theo loại giao dịch': 1, 'getTransactionList | Tra cứu giao dịch chờ duyệt theo số tiền hoặc hạn mức': 1, 'getTransactionList | Kiểm tra trạng thái phê duyệt của giao dịch': 1, 'getTransactionList | Tra cứu giao dịch doanh nghiệp đang chờ duyệt': 1, 'getTransactionList | Tra cứu giao dịch theo kênh tạo lệnh': 1}
2025-12-31 09:18:52 | DEBUG    | log:153 | [normalize_query] 'show list chờ duyệt từ đầu tuần...' -> 'Show list chờ duyệt từ đầu tuần...'
2025-12-31 09:18:52 | DEBUG    | log:153 | [perform_hybrid_search] query_text: [show list chờ duyệt từ đầu tuần] - formatted_query: [Show list chờ duyệt từ đầu tuần] - normalized_query: [Show list chờ duyệt từ đầu tuần]
2025-12-31 09:18:52 | DEBUG    | log:153 | [perform_hybrid_search] BM25 raw scores: min=0.0000, max=12.8210
2025-12-31 09:18:52 | DEBUG    | log:153 | [get_keyword_boost] Query: 'Show list chờ duyệt từ đầu tuầ...' | Doc: Tra cứu giao dịch th | Boost: 0.25 | Matched: ['chờ']
2025-12-31 09:18:52 | DEBUG    | log:153 | [get_keyword_boost] Query: 'Show list chờ duyệt từ đầu tuầ...' | Doc: getTransactionList | | Boost: 0.25 | Matched: ['chờ duyệt']
2025-12-31 09:18:52 | DEBUG    | log:153 | [get_keyword_boost] Query: 'Show list chờ duyệt từ đầu tuầ...' | Doc: getTransactionList | | Boost: 0.25 | Matched: ['chờ duyệt']
2025-12-31 09:18:52 | DEBUG    | log:153 | [get_keyword_boost] Query: 'Show list chờ duyệt từ đầu tuầ...' | Doc: getTransactionList | | Boost: 0.25 | Matched: ['chờ duyệt']
2025-12-31 09:18:52 | DEBUG    | log:153 | [get_keyword_boost] Query: 'Show list chờ duyệt từ đầu tuầ...' | Doc: getTransactionList | | Boost: 0.25 | Matched: ['chờ duyệt']
2025-12-31 09:18:52 | DEBUG    | log:153 | [get_keyword_boost] Query: 'Show list chờ duyệt từ đầu tuầ...' | Doc: getTransactionList | | Boost: 0.25 | Matched: ['chờ duyệt']
2025-12-31 09:18:52 | DEBUG    | log:153 | [get_keyword_boost] Query: 'Show list chờ duyệt từ đầu tuầ...' | Doc: getTransactionList | | Boost: 0.25 | Matched: ['chờ duyệt']
2025-12-31 09:18:52 | DEBUG    | log:153 | [get_keyword_boost] Query: 'Show list chờ duyệt từ đầu tuầ...' | Doc: getTransactionList | | Boost: 0.25 | Matched: ['chờ duyệt']
2025-12-31 09:18:52 | DEBUG    | log:153 | [get_keyword_boost] Query: 'Show list chờ duyệt từ đầu tuầ...' | Doc: getTransactionList | | Boost: 0.25 | Matched: ['chờ duyệt']
2025-12-31 09:18:52 | DEBUG    | log:153 | [classify_query_intent] Ambiguous: 'Show list chờ duyệt từ đầu tuầ...' | Scores: {'Tra cứu giao dịch theo trạng thái': 1, 'getTransactionList | Tra cứu toàn bộ giao dịch đang chờ xử lý hoặc chờ duyệt': 1, 'getTransactionList | Tra cứu giao dịch chờ duyệt theo số tài khoản nguồn': 1, 'getTransactionList | Tra cứu giao dịch chờ duyệt theo khoảng thời gian': 1, 'getTransactionList | Tra cứu giao dịch chờ duyệt theo loại giao dịch': 1, 'getTransactionList | Tra cứu giao dịch chờ duyệt theo số tiền hoặc hạn mức': 1, 'getTransactionList | Kiểm tra trạng thái phê duyệt của giao dịch': 1, 'getTransactionList | Tra cứu giao dịch doanh nghiệp đang chờ duyệt': 1, 'getTransactionList | Tra cứu giao dịch theo kênh tạo lệnh': 1}
2025-12-31 09:18:52 | DEBUG    | log:153 | [normalize_query] 'những gd nào chưa hoàn tất từ hôm kia?...' -> 'Những gd nào chưa hoàn tất từ hôm kia...'
2025-12-31 09:18:52 | DEBUG    | log:153 | [perform_hybrid_search] query_text: [những gd nào chưa hoàn tất từ hôm kia?] - formatted_query: [Những gd nào chưa hoàn tất từ hôm kia] - normalized_query: [Những gd nào chưa hoàn tất từ hôm kia]
2025-12-31 09:18:52 | DEBUG    | log:153 | [perform_hybrid_search] BM25 raw scores: min=0.2342, max=31.7680
2025-12-31 09:18:52 | DEBUG    | log:153 | [get_keyword_boost] Query: 'Những gd nào chưa hoàn tất từ ...' | Doc: Tra cứu giao dịch th | Boost: 0.25 | Matched: ['hoàn tất']
2025-12-31 09:18:52 | DEBUG    | log:153 | [classify_query_intent] Classified: 'Những gd nào chưa hoàn tất từ ...' -> Tra cứu giao dịch theo trạng t (score=1)
2025-12-31 09:18:52 | DEBUG    | log:153 | [normalize_query] 'check gd pending theo date range...' -> 'Check gd pending theo date range...'
2025-12-31 09:18:52 | DEBUG    | log:153 | [perform_hybrid_search] query_text: [check gd pending theo date range] - formatted_query: [Check gd pending theo date range] - normalized_query: [Check gd pending theo date range]
2025-12-31 09:18:52 | DEBUG    | log:153 | [perform_hybrid_search] BM25 raw scores: min=0.0101, max=1.5621
2025-12-31 09:18:52 | DEBUG    | log:153 | [get_keyword_boost] Query: 'Check gd pending theo date ran...' | Doc: Tra cứu giao dịch ch | Boost: 0.25 | Matched: ['ck']
2025-12-31 09:18:52 | DEBUG    | log:153 | [get_keyword_boost] Query: 'Check gd pending theo date ran...' | Doc: getTransactionList | | Boost: 0.25 | Matched: ['pending']
2025-12-31 09:18:52 | DEBUG    | log:153 | [get_keyword_boost] Query: 'Check gd pending theo date ran...' | Doc: getTransactionList | | Boost: 0.25 | Matched: ['pending']
2025-12-31 09:18:52 | DEBUG    | log:153 | [get_keyword_boost] Query: 'Check gd pending theo date ran...' | Doc: getTransactionList | | Boost: 0.25 | Matched: ['pending']
2025-12-31 09:18:52 | DEBUG    | log:153 | [get_keyword_boost] Query: 'Check gd pending theo date ran...' | Doc: getTransactionList | | Boost: 0.25 | Matched: ['pending']
2025-12-31 09:18:52 | DEBUG    | log:153 | [get_keyword_boost] Query: 'Check gd pending theo date ran...' | Doc: getTransactionList | | Boost: 0.25 | Matched: ['pending']
2025-12-31 09:18:52 | DEBUG    | log:153 | [get_keyword_boost] Query: 'Check gd pending theo date ran...' | Doc: getTransactionList | | Boost: 0.25 | Matched: ['pending']
2025-12-31 09:18:52 | DEBUG    | log:153 | [get_keyword_boost] Query: 'Check gd pending theo date ran...' | Doc: getTransactionList | | Boost: 0.25 | Matched: ['pending']
2025-12-31 09:18:52 | DEBUG    | log:153 | [get_keyword_boost] Query: 'Check gd pending theo date ran...' | Doc: getTransactionList | | Boost: 0.25 | Matched: ['pending']
2025-12-31 09:18:52 | DEBUG    | log:153 | [classify_query_intent] Ambiguous: 'Check gd pending theo date ran...' | Scores: {'Tra cứu giao dịch chuyển tiền': 1, 'getTransactionList | Tra cứu toàn bộ giao dịch đang chờ xử lý hoặc chờ duyệt': 1, 'getTransactionList | Tra cứu giao dịch chờ duyệt theo số tài khoản nguồn': 1, 'getTransactionList | Tra cứu giao dịch chờ duyệt theo khoảng thời gian': 1, 'getTransactionList | Tra cứu giao dịch chờ duyệt theo loại giao dịch': 1, 'getTransactionList | Tra cứu giao dịch chờ duyệt theo số tiền hoặc hạn mức': 1, 'getTransactionList | Kiểm tra trạng thái phê duyệt của giao dịch': 1, 'getTransactionList | Tra cứu giao dịch doanh nghiệp đang chờ duyệt': 1, 'getTransactionList | Tra cứu giao dịch theo kênh tạo lệnh': 1}
2025-12-31 09:18:52 | DEBUG    | log:153 | [normalize_query] 'check gd bill chua duyet...' -> 'Check gd bill chua duyet...'
2025-12-31 09:18:52 | DEBUG    | log:153 | [perform_hybrid_search] query_text: [check gd bill chua duyet] - formatted_query: [Check gd bill chua duyet] - normalized_query: [Check gd bill chua duyet]
2025-12-31 09:18:52 | DEBUG    | log:153 | [perform_hybrid_search] BM25 raw scores: min=0.0000, max=7.4443
2025-12-31 09:18:52 | DEBUG    | log:153 | [get_keyword_boost] Query: 'Check gd bill chua duyet...' | Doc: Tra cứu giao dịch ch | Boost: 0.25 | Matched: ['ck']
2025-12-31 09:18:52 | DEBUG    | log:153 | [classify_query_intent] Classified: 'Check gd bill chua duyet...' -> Tra cứu giao dịch chuyển tiền (score=1)
2025-12-31 09:18:52 | DEBUG    | log:153 | [normalize_query] 'show các lệnh ck đang treo...' -> 'Show các lệnh ck đang treo...'
2025-12-31 09:18:52 | DEBUG    | log:153 | [perform_hybrid_search] query_text: [show các lệnh ck đang treo] - formatted_query: [Show các lệnh ck đang treo] - normalized_query: [Show các lệnh ck đang treo]
2025-12-31 09:18:52 | DEBUG    | log:153 | [perform_hybrid_search] BM25 raw scores: min=0.0000, max=7.0893
2025-12-31 09:18:52 | DEBUG    | log:153 | [get_keyword_boost] Query: 'Show các lệnh ck đang treo...' | Doc: Tra cứu giao dịch ch | Boost: 0.25 | Matched: ['ck']
2025-12-31 09:18:52 | DEBUG    | log:153 | [classify_query_intent] Classified: 'Show các lệnh ck đang treo...' -> Tra cứu giao dịch chuyển tiền (score=1)
2025-12-31 09:18:52 | DEBUG    | log:153 | [normalize_query] 'liệt kê gd card pending...' -> 'Liệt kê gd card pending...'
2025-12-31 09:18:52 | DEBUG    | log:153 | [perform_hybrid_search] query_text: [liệt kê gd card pending] - formatted_query: [Liệt kê gd card pending] - normalized_query: [Liệt kê gd card pending]
2025-12-31 09:18:52 | DEBUG    | log:153 | [perform_hybrid_search] BM25 raw scores: min=0.0000, max=17.5252
2025-12-31 09:18:52 | DEBUG    | log:153 | [get_keyword_boost] Query: 'Liệt kê gd card pending...' | Doc: Tra cứu giao dịch th | Boost: 0.25 | Matched: ['card']
2025-12-31 09:18:52 | DEBUG    | log:153 | [get_keyword_boost] Query: 'Liệt kê gd card pending...' | Doc: getTransactionList | | Boost: 0.25 | Matched: ['pending']
2025-12-31 09:18:52 | DEBUG    | log:153 | [get_keyword_boost] Query: 'Liệt kê gd card pending...' | Doc: getTransactionList | | Boost: 0.25 | Matched: ['pending']
2025-12-31 09:18:52 | DEBUG    | log:153 | [get_keyword_boost] Query: 'Liệt kê gd card pending...' | Doc: getTransactionList | | Boost: 0.25 | Matched: ['pending']
2025-12-31 09:18:52 | DEBUG    | log:153 | [get_keyword_boost] Query: 'Liệt kê gd card pending...' | Doc: getTransactionList | | Boost: 0.25 | Matched: ['pending']
2025-12-31 09:18:52 | DEBUG    | log:153 | [get_keyword_boost] Query: 'Liệt kê gd card pending...' | Doc: getTransactionList | | Boost: 0.25 | Matched: ['pending']
2025-12-31 09:18:52 | DEBUG    | log:153 | [get_keyword_boost] Query: 'Liệt kê gd card pending...' | Doc: getTransactionList | | Boost: 0.25 | Matched: ['pending']
2025-12-31 09:18:52 | DEBUG    | log:153 | [get_keyword_boost] Query: 'Liệt kê gd card pending...' | Doc: getTransactionList | | Boost: 0.25 | Matched: ['pending']
2025-12-31 09:18:52 | DEBUG    | log:153 | [get_keyword_boost] Query: 'Liệt kê gd card pending...' | Doc: getTransactionList | | Boost: 0.25 | Matched: ['pending']
2025-12-31 09:18:52 | DEBUG    | log:153 | [classify_query_intent] Ambiguous: 'Liệt kê gd card pending...' | Scores: {'Tra cứu giao dịch thẻ': 1, 'getTransactionList | Tra cứu toàn bộ giao dịch đang chờ xử lý hoặc chờ duyệt': 1, 'getTransactionList | Tra cứu giao dịch chờ duyệt theo số tài khoản nguồn': 1, 'getTransactionList | Tra cứu giao dịch chờ duyệt theo khoảng thời gian': 1, 'getTransactionList | Tra cứu giao dịch chờ duyệt theo loại giao dịch': 1, 'getTransactionList | Tra cứu giao dịch chờ duyệt theo số tiền hoặc hạn mức': 1, 'getTransactionList | Kiểm tra trạng thái phê duyệt của giao dịch': 1, 'getTransactionList | Tra cứu giao dịch doanh nghiệp đang chờ duyệt': 1, 'getTransactionList | Tra cứu giao dịch theo kênh tạo lệnh': 1}
2025-12-31 09:18:52 | DEBUG    | log:153 | [normalize_query] 'có gd thanh toán nào chưa xong ko...' -> 'Có gd thanh toán nào chưa xong ko...'
2025-12-31 09:18:52 | DEBUG    | log:153 | [perform_hybrid_search] query_text: [có gd thanh toán nào chưa xong ko] - formatted_query: [Có gd thanh toán nào chưa xong ko] - normalized_query: [Có gd thanh toán nào chưa xong ko]
2025-12-31 09:18:52 | DEBUG    | log:153 | [perform_hybrid_search] BM25 raw scores: min=0.2331, max=27.0244
2025-12-31 09:18:52 | DEBUG    | log:153 | [get_keyword_boost] Query: 'Có gd thanh toán nào chưa xong...' | Doc: Tra cứu giao dịch th | Boost: 0.25 | Matched: ['thanh toán']
2025-12-31 09:18:52 | DEBUG    | log:153 | [get_keyword_boost] Query: 'Có gd thanh toán nào chưa xong...' | Doc: Tra cứu giao dịch th | Boost: 0.25 | Matched: ['thanh toán']
2025-12-31 09:18:52 | DEBUG    | log:153 | [classify_query_intent] Ambiguous: 'Có gd thanh toán nào chưa xong...' | Scores: {'Tra cứu giao dịch theo loại giao dịch': 1, 'Tra cứu giao dịch thanh toán hóa đơn': 1}
2025-12-31 09:18:52 | DEBUG    | log:153 | [normalize_query] 'tim lenh chuyen khoan cho phe duyet...' -> 'Tim lenh chuyen khoan cho phe duyet...'
2025-12-31 09:18:52 | DEBUG    | log:153 | [perform_hybrid_search] query_text: [tim lenh chuyen khoan cho phe duyet] - formatted_query: [Tim lenh chuyen khoan cho phe duyet] - normalized_query: [Tim lenh chuyen khoan cho phe duyet]
2025-12-31 09:18:52 | DEBUG    | log:153 | [perform_hybrid_search] BM25 raw scores: min=0.9614, max=11.4022
2025-12-31 09:18:52 | DEBUG    | log:153 | [classify_query_intent] No keyword matches found in: 'Tim lenh chuyen khoan cho phe duyet'
2025-12-31 09:18:52 | DEBUG    | log:153 | [normalize_query] 'ds gd hoa don chua thanh toan...' -> 'Ds gd hoa don chua thanh toan...'
2025-12-31 09:18:52 | DEBUG    | log:153 | [perform_hybrid_search] query_text: [ds gd hoa don chua thanh toan] - formatted_query: [Ds gd hoa don chua thanh toan] - normalized_query: [Ds gd hoa don chua thanh toan]
2025-12-31 09:18:52 | DEBUG    | log:153 | [perform_hybrid_search] BM25 raw scores: min=0.4181, max=9.2043
2025-12-31 09:18:52 | DEBUG    | log:153 | [classify_query_intent] No keyword matches found in: 'Ds gd hoa don chua thanh toan'
2025-12-31 09:18:52 | DEBUG    | log:153 | [normalize_query] 'xem giao dich the dang doi duyet...' -> 'Xem giao dich the dang doi duyet...'
2025-12-31 09:18:52 | DEBUG    | log:153 | [perform_hybrid_search] query_text: [xem giao dich the dang doi duyet] - formatted_query: [Xem giao dich the dang doi duyet] - normalized_query: [Xem giao dich the dang doi duyet]
2025-12-31 09:18:52 | DEBUG    | log:153 | [perform_hybrid_search] BM25 raw scores: min=0.5123, max=6.2013
2025-12-31 09:18:52 | DEBUG    | log:153 | [classify_query_intent] No keyword matches found in: 'Xem giao dich the dang doi duyet'
2025-12-31 09:18:52 | DEBUG    | log:153 | [normalize_query] 'co lenh ck nao chua duoc checker bam ko...' -> 'Co lenh ck nao chua duoc checker bam ko...'
2025-12-31 09:18:52 | DEBUG    | log:153 | [perform_hybrid_search] query_text: [co lenh ck nao chua duoc checker bam ko] - formatted_query: [Co lenh ck nao chua duoc checker bam ko] - normalized_query: [Co lenh ck nao chua duoc checker bam ko]
2025-12-31 09:18:52 | DEBUG    | log:153 | [perform_hybrid_search] BM25 raw scores: min=0.0000, max=9.9572
2025-12-31 09:18:52 | DEBUG    | log:153 | [get_keyword_boost] Query: 'Co lenh ck nao chua duoc check...' | Doc: Tra cứu giao dịch ch | Boost: 0.25 | Matched: ['ck']
2025-12-31 09:18:52 | DEBUG    | log:153 | [classify_query_intent] Classified: 'Co lenh ck nao chua duoc check...' -> Tra cứu giao dịch chuyển tiền (score=1)
2025-12-31 09:18:52 | DEBUG    | log:153 | [normalize_query] 'show gd bill pending...' -> 'Show gd bill pending...'
2025-12-31 09:18:52 | DEBUG    | log:153 | [perform_hybrid_search] query_text: [show gd bill pending] - formatted_query: [Show gd bill pending] - normalized_query: [Show gd bill pending]
2025-12-31 09:18:52 | DEBUG    | log:153 | [perform_hybrid_search] BM25 raw scores: min=0.0000, max=1.5501
2025-12-31 09:18:52 | DEBUG    | log:153 | [get_keyword_boost] Query: 'Show gd bill pending...' | Doc: getTransactionList | | Boost: 0.25 | Matched: ['pending']
2025-12-31 09:18:52 | DEBUG    | log:153 | [get_keyword_boost] Query: 'Show gd bill pending...' | Doc: getTransactionList | | Boost: 0.25 | Matched: ['pending']
2025-12-31 09:18:52 | DEBUG    | log:153 | [get_keyword_boost] Query: 'Show gd bill pending...' | Doc: getTransactionList | | Boost: 0.25 | Matched: ['pending']
2025-12-31 09:18:52 | DEBUG    | log:153 | [get_keyword_boost] Query: 'Show gd bill pending...' | Doc: getTransactionList | | Boost: 0.25 | Matched: ['pending']
2025-12-31 09:18:52 | DEBUG    | log:153 | [get_keyword_boost] Query: 'Show gd bill pending...' | Doc: getTransactionList | | Boost: 0.25 | Matched: ['pending']
2025-12-31 09:18:52 | DEBUG    | log:153 | [get_keyword_boost] Query: 'Show gd bill pending...' | Doc: getTransactionList | | Boost: 0.25 | Matched: ['pending']
2025-12-31 09:18:52 | DEBUG    | log:153 | [get_keyword_boost] Query: 'Show gd bill pending...' | Doc: getTransactionList | | Boost: 0.25 | Matched: ['pending']
2025-12-31 09:18:52 | DEBUG    | log:153 | [get_keyword_boost] Query: 'Show gd bill pending...' | Doc: getTransactionList | | Boost: 0.25 | Matched: ['pending']
2025-12-31 09:18:52 | DEBUG    | log:153 | [classify_query_intent] Ambiguous: 'Show gd bill pending...' | Scores: {'getTransactionList | Tra cứu toàn bộ giao dịch đang chờ xử lý hoặc chờ duyệt': 1, 'getTransactionList | Tra cứu giao dịch chờ duyệt theo số tài khoản nguồn': 1, 'getTransactionList | Tra cứu giao dịch chờ duyệt theo khoảng thời gian': 1, 'getTransactionList | Tra cứu giao dịch chờ duyệt theo loại giao dịch': 1, 'getTransactionList | Tra cứu giao dịch chờ duyệt theo số tiền hoặc hạn mức': 1, 'getTransactionList | Kiểm tra trạng thái phê duyệt của giao dịch': 1, 'getTransactionList | Tra cứu giao dịch doanh nghiệp đang chờ duyệt': 1, 'getTransactionList | Tra cứu giao dịch theo kênh tạo lệnh': 1}
2025-12-31 09:18:52 | DEBUG    | log:153 | [normalize_query] 'liet ke thanh toan hoa don chua duyet...' -> 'Liet ke thanh toan hoa don chua duyet...'
2025-12-31 09:18:52 | DEBUG    | log:153 | [perform_hybrid_search] query_text: [liet ke thanh toan hoa don chua duyet] - formatted_query: [Liet ke thanh toan hoa don chua duyet] - normalized_query: [Liet ke thanh toan hoa don chua duyet]
2025-12-31 09:18:52 | DEBUG    | log:153 | [perform_hybrid_search] BM25 raw scores: min=0.9173, max=21.7517
2025-12-31 09:18:52 | DEBUG    | log:153 | [classify_query_intent] No keyword matches found in: 'Liet ke thanh toan hoa don chua duyet'
2025-12-31 09:18:52 | DEBUG    | log:153 | [normalize_query] 'check cac giao dich card dang treo...' -> 'Check cac giao dich card dang treo...'
2025-12-31 09:18:52 | DEBUG    | log:153 | [perform_hybrid_search] query_text: [check cac giao dich card dang treo] - formatted_query: [Check cac giao dich card dang treo] - normalized_query: [Check cac giao dich card dang treo]
2025-12-31 09:18:52 | DEBUG    | log:153 | [perform_hybrid_search] BM25 raw scores: min=0.1353, max=2.6182
2025-12-31 09:18:52 | DEBUG    | log:153 | [get_keyword_boost] Query: 'Check cac giao dich card dang ...' | Doc: Tra cứu giao dịch ch | Boost: 0.25 | Matched: ['ck']
2025-12-31 09:18:52 | DEBUG    | log:153 | [get_keyword_boost] Query: 'Check cac giao dich card dang ...' | Doc: Tra cứu giao dịch th | Boost: 0.25 | Matched: ['card']
2025-12-31 09:18:52 | DEBUG    | log:153 | [classify_query_intent] Ambiguous: 'Check cac giao dich card dang ...' | Scores: {'Tra cứu giao dịch chuyển tiền': 1, 'Tra cứu giao dịch thẻ': 1}
2025-12-31 09:18:52 | DEBUG    | log:153 | [normalize_query] 'tim cac lenh chuyen tien chua thanh cong...' -> 'Tim cac lenh chuyen tien chua thanh cong...'
2025-12-31 09:18:52 | DEBUG    | log:153 | [perform_hybrid_search] query_text: [tim cac lenh chuyen tien chua thanh cong] - formatted_query: [Tim cac lenh chuyen tien chua thanh cong] - normalized_query: [Tim cac lenh chuyen tien chua thanh cong]
2025-12-31 09:18:52 | DEBUG    | log:153 | [perform_hybrid_search] BM25 raw scores: min=0.5470, max=12.8199
2025-12-31 09:18:52 | DEBUG    | log:153 | [classify_query_intent] No keyword matches found in: 'Tim cac lenh chuyen tien chua thanh cong'
2025-12-31 09:18:52 | DEBUG    | log:153 | [normalize_query] 'gd chuyen khoan nao chua duoc duyet nhi...' -> 'Gd chuyen khoan nao chua duoc duyet nhi...'
2025-12-31 09:18:52 | DEBUG    | log:153 | [perform_hybrid_search] query_text: [gd chuyen khoan nao chua duoc duyet nhi] - formatted_query: [Gd chuyen khoan nao chua duoc duyet nhi] - normalized_query: [Gd chuyen khoan nao chua duoc duyet nhi]
2025-12-31 09:18:52 | DEBUG    | log:153 | [perform_hybrid_search] BM25 raw scores: min=0.0230, max=12.4158
2025-12-31 09:18:52 | DEBUG    | log:153 | [classify_query_intent] No keyword matches found in: 'Gd chuyen khoan nao chua duoc duyet nhi'
2025-12-31 09:18:52 | DEBUG    | log:153 | [normalize_query] 'xem list gd thanh toan dang cho...' -> 'Xem list gd thanh toan dang cho...'
2025-12-31 09:18:52 | DEBUG    | log:153 | [perform_hybrid_search] query_text: [xem list gd thanh toan dang cho] - formatted_query: [Xem list gd thanh toan dang cho] - normalized_query: [Xem list gd thanh toan dang cho]
2025-12-31 09:18:52 | DEBUG    | log:153 | [perform_hybrid_search] BM25 raw scores: min=0.9173, max=9.7707
2025-12-31 09:18:52 | DEBUG    | log:153 | [classify_query_intent] No keyword matches found in: 'Xem list gd thanh toan dang cho'
2025-12-31 09:18:52 | DEBUG    | log:153 | [normalize_query] 'co hoa don nao chua duoc xac nhan ko...' -> 'Co hoa don nao chua duoc xac nhan ko...'
2025-12-31 09:18:52 | DEBUG    | log:153 | [perform_hybrid_search] query_text: [co hoa don nao chua duoc xac nhan ko] - formatted_query: [Co hoa don nao chua duoc xac nhan ko] - normalized_query: [Co hoa don nao chua duoc xac nhan ko]
2025-12-31 09:18:52 | DEBUG    | log:153 | [perform_hybrid_search] BM25 raw scores: min=0.6254, max=7.8601
2025-12-31 09:18:52 | DEBUG    | log:153 | [classify_query_intent] No keyword matches found in: 'Co hoa don nao chua duoc xac nhan ko'
2025-12-31 09:18:52 | DEBUG    | log:153 | [normalize_query] 'liet ke gd the chua phe duyet...' -> 'Liet ke gd the chua phe duyet...'
2025-12-31 09:18:52 | DEBUG    | log:153 | [perform_hybrid_search] query_text: [liet ke gd the chua phe duyet] - formatted_query: [Liet ke gd the chua phe duyet] - normalized_query: [Liet ke gd the chua phe duyet]
2025-12-31 09:18:52 | DEBUG    | log:153 | [perform_hybrid_search] BM25 raw scores: min=0.0000, max=12.6630
2025-12-31 09:18:52 | DEBUG    | log:153 | [classify_query_intent] No keyword matches found in: 'Liet ke gd the chua phe duyet'
2025-12-31 09:18:52 | DEBUG    | log:153 | [normalize_query] 'check pending bill payments...' -> 'Check pending bill payments...'
2025-12-31 09:18:52 | DEBUG    | log:153 | [perform_hybrid_search] query_text: [check pending bill payments] - formatted_query: [Check pending bill payments] - normalized_query: [Check pending bill payments]
2025-12-31 09:18:52 | DEBUG    | log:153 | [perform_hybrid_search] BM25 raw scores: min=0.0000, max=1.5501
2025-12-31 09:18:52 | DEBUG    | log:153 | [get_keyword_boost] Query: 'Check pending bill payments...' | Doc: Tra cứu giao dịch ch | Boost: 0.25 | Matched: ['ck']
2025-12-31 09:18:52 | DEBUG    | log:153 | [get_keyword_boost] Query: 'Check pending bill payments...' | Doc: getTransactionList | | Boost: 0.25 | Matched: ['pending']
2025-12-31 09:18:52 | DEBUG    | log:153 | [get_keyword_boost] Query: 'Check pending bill payments...' | Doc: getTransactionList | | Boost: 0.25 | Matched: ['pending']
2025-12-31 09:18:52 | DEBUG    | log:153 | [get_keyword_boost] Query: 'Check pending bill payments...' | Doc: getTransactionList | | Boost: 0.25 | Matched: ['pending']
2025-12-31 09:18:52 | DEBUG    | log:153 | [get_keyword_boost] Query: 'Check pending bill payments...' | Doc: getTransactionList | | Boost: 0.25 | Matched: ['pending']
2025-12-31 09:18:52 | DEBUG    | log:153 | [get_keyword_boost] Query: 'Check pending bill payments...' | Doc: getTransactionList | | Boost: 0.25 | Matched: ['pending']
2025-12-31 09:18:52 | DEBUG    | log:153 | [get_keyword_boost] Query: 'Check pending bill payments...' | Doc: getTransactionList | | Boost: 0.25 | Matched: ['pending']
2025-12-31 09:18:52 | DEBUG    | log:153 | [get_keyword_boost] Query: 'Check pending bill payments...' | Doc: getTransactionList | | Boost: 0.25 | Matched: ['pending']
2025-12-31 09:18:52 | DEBUG    | log:153 | [get_keyword_boost] Query: 'Check pending bill payments...' | Doc: getTransactionList | | Boost: 0.25 | Matched: ['pending']
2025-12-31 09:18:52 | DEBUG    | log:153 | [classify_query_intent] Ambiguous: 'Check pending bill payments...' | Scores: {'Tra cứu giao dịch chuyển tiền': 1, 'getTransactionList | Tra cứu toàn bộ giao dịch đang chờ xử lý hoặc chờ duyệt': 1, 'getTransactionList | Tra cứu giao dịch chờ duyệt theo số tài khoản nguồn': 1, 'getTransactionList | Tra cứu giao dịch chờ duyệt theo khoảng thời gian': 1, 'getTransactionList | Tra cứu giao dịch chờ duyệt theo loại giao dịch': 1, 'getTransactionList | Tra cứu giao dịch chờ duyệt theo số tiền hoặc hạn mức': 1, 'getTransactionList | Kiểm tra trạng thái phê duyệt của giao dịch': 1, 'getTransactionList | Tra cứu giao dịch doanh nghiệp đang chờ duyệt': 1, 'getTransactionList | Tra cứu giao dịch theo kênh tạo lệnh': 1}
2025-12-31 09:18:52 | DEBUG    | log:153 | [normalize_query] 'xem các giao dịch chuyển tiền đang ở trạ...' -> 'Xem các giao dịch chuyển tiền đang ở trạ...'
2025-12-31 09:18:52 | DEBUG    | log:153 | [perform_hybrid_search] query_text: [xem các giao dịch chuyển tiền đang ở trạng thái chờ] - formatted_query: [Xem các giao dịch chuyển tiền đang ở trạng thái chờ] - normalized_query: [Xem các giao dịch chuyển tiền đang ở trạng thái chờ]
2025-12-31 09:18:53 | DEBUG    | log:153 | [perform_hybrid_search] BM25 raw scores: min=1.5788, max=28.1842
2025-12-31 09:18:53 | DEBUG    | log:153 | [get_keyword_boost] Query: 'Xem các giao dịch chuyển tiền ...' | Doc: Tra cứu giao dịch th | Boost: 0.50 | Matched: ['trạng thái', 'chờ']
2025-12-31 09:18:53 | DEBUG    | log:153 | [get_keyword_boost] Query: 'Xem các giao dịch chuyển tiền ...' | Doc: Tra cứu giao dịch th | Boost: 0.25 | Matched: ['chuyển tiền']
2025-12-31 09:18:53 | DEBUG    | log:153 | [get_keyword_boost] Query: 'Xem các giao dịch chuyển tiền ...' | Doc: Tra cứu giao dịch ch | Boost: 0.25 | Matched: ['chuyển tiền']
2025-12-31 09:18:53 | DEBUG    | log:153 | [classify_query_intent] Classified: 'Xem các giao dịch chuyển tiền ...' -> Tra cứu giao dịch theo trạng t (score=2)
2025-12-31 09:18:53 | DEBUG    | log:153 | [normalize_query] 'có gd thẻ nào bị kẹt không...' -> 'Có gd thẻ nào bị kẹt không...'
2025-12-31 09:18:53 | DEBUG    | log:153 | [perform_hybrid_search] query_text: [có gd thẻ nào bị kẹt không] - formatted_query: [Có gd thẻ nào bị kẹt không] - normalized_query: [Có gd thẻ nào bị kẹt không]
2025-12-31 09:18:53 | DEBUG    | log:153 | [perform_hybrid_search] BM25 raw scores: min=0.0000, max=19.4854
2025-12-31 09:18:53 | DEBUG    | log:153 | [get_keyword_boost] Query: 'Có gd thẻ nào bị kẹt không...' | Doc: Tra cứu giao dịch th | Boost: 0.25 | Matched: ['thẻ']
2025-12-31 09:18:53 | DEBUG    | log:153 | [classify_query_intent] Classified: 'Có gd thẻ nào bị kẹt không...' -> Tra cứu giao dịch thẻ (score=1)
2025-12-31 09:18:53 | DEBUG    | log:153 | [normalize_query] 'tìm lệnh chuyển khoản chưa hoàn tất...' -> 'Tìm lệnh chuyển khoản chưa hoàn tất...'
2025-12-31 09:18:53 | DEBUG    | log:153 | [perform_hybrid_search] query_text: [tìm lệnh chuyển khoản chưa hoàn tất] - formatted_query: [Tìm lệnh chuyển khoản chưa hoàn tất] - normalized_query: [Tìm lệnh chuyển khoản chưa hoàn tất]
2025-12-31 09:18:53 | DEBUG    | log:153 | [perform_hybrid_search] BM25 raw scores: min=1.4201, max=27.5455
2025-12-31 09:18:53 | DEBUG    | log:153 | [get_keyword_boost] Query: 'Tìm lệnh chuyển khoản chưa hoà...' | Doc: Tra cứu giao dịch th | Boost: 0.25 | Matched: ['hoàn tất']
2025-12-31 09:18:53 | DEBUG    | log:153 | [get_keyword_boost] Query: 'Tìm lệnh chuyển khoản chưa hoà...' | Doc: Tra cứu giao dịch ch | Boost: 0.25 | Matched: ['chuyển khoản']
2025-12-31 09:18:53 | DEBUG    | log:153 | [classify_query_intent] Ambiguous: 'Tìm lệnh chuyển khoản chưa hoà...' | Scores: {'Tra cứu giao dịch theo trạng thái': 1, 'Tra cứu giao dịch chuyển tiền': 1}
2025-12-31 09:18:53 | DEBUG    | log:153 | [normalize_query] 'check gd tren 100tr dang treo...' -> 'Check gd tren 100tr dang treo...'
2025-12-31 09:18:53 | DEBUG    | log:153 | [perform_hybrid_search] query_text: [check gd tren 100tr dang treo] - formatted_query: [Check gd tren 100tr dang treo] - normalized_query: [Check gd tren 100tr dang treo]
2025-12-31 09:18:53 | DEBUG    | log:153 | [perform_hybrid_search] BM25 raw scores: min=0.0000, max=5.8544
2025-12-31 09:18:53 | DEBUG    | log:153 | [get_keyword_boost] Query: 'Check gd tren 100tr dang treo...' | Doc: Tra cứu giao dịch ch | Boost: 0.25 | Matched: ['ck']
2025-12-31 09:18:53 | DEBUG    | log:153 | [classify_query_intent] Classified: 'Check gd tren 100tr dang treo...' -> Tra cứu giao dịch chuyển tiền (score=1)
2025-12-31 09:18:53 | DEBUG    | log:153 | [normalize_query] 'có lệnh nào trên 500 triệu chưa duyệt ko...' -> 'Có lệnh nào trên 500 triệu chưa duyệt ko...'
2025-12-31 09:18:53 | DEBUG    | log:153 | [perform_hybrid_search] query_text: [có lệnh nào trên 500 triệu chưa duyệt ko?] - formatted_query: [Có lệnh nào trên 500 triệu chưa duyệt ko] - normalized_query: [Có lệnh nào trên 500 triệu chưa duyệt ko]
2025-12-31 09:18:53 | DEBUG    | log:153 | [perform_hybrid_search] BM25 raw scores: min=0.0000, max=37.9849
2025-12-31 09:18:53 | DEBUG    | log:153 | [get_keyword_boost] Query: 'Có lệnh nào trên 500 triệu chư...' | Doc: Tra cứu giao dịch th | Boost: 0.50 | Matched: ['trên', 'triệu']
2025-12-31 09:18:53 | DEBUG    | log:153 | [classify_query_intent] Classified: 'Có lệnh nào trên 500 triệu chư...' -> Tra cứu giao dịch theo số tiền (score=2)
2025-12-31 09:18:53 | DEBUG    | log:153 | [normalize_query] 'tìm gd giá trị lớn đang chờ...' -> 'Tìm gd giá trị lớn đang chờ...'
2025-12-31 09:18:53 | DEBUG    | log:153 | [perform_hybrid_search] query_text: [tìm gd giá trị lớn đang chờ] - formatted_query: [Tìm gd giá trị lớn đang chờ] - normalized_query: [Tìm gd giá trị lớn đang chờ]
2025-12-31 09:18:53 | DEBUG    | log:153 | [perform_hybrid_search] BM25 raw scores: min=0.0000, max=37.2016
2025-12-31 09:18:53 | DEBUG    | log:153 | [get_keyword_boost] Query: 'Tìm gd giá trị lớn đang chờ...' | Doc: Tra cứu giao dịch th | Boost: 0.25 | Matched: ['giá trị']
2025-12-31 09:18:53 | DEBUG    | log:153 | [get_keyword_boost] Query: 'Tìm gd giá trị lớn đang chờ...' | Doc: Tra cứu giao dịch th | Boost: 0.25 | Matched: ['chờ']
2025-12-31 09:18:53 | DEBUG    | log:153 | [classify_query_intent] Ambiguous: 'Tìm gd giá trị lớn đang chờ...' | Scores: {'Tra cứu giao dịch theo số tiền': 1, 'Tra cứu giao dịch theo trạng thái': 1}
2025-12-31 09:18:53 | DEBUG    | log:153 | [normalize_query] 'liet ke lenh tren 1 ty chua xong...' -> 'Liet ke lenh tren 1 ty chua xong...'
2025-12-31 09:18:53 | DEBUG    | log:153 | [perform_hybrid_search] query_text: [liet ke lenh tren 1 ty chua xong] - formatted_query: [Liet ke lenh tren 1 ty chua xong] - normalized_query: [Liet ke lenh tren 1 ty chua xong]
2025-12-31 09:18:53 | DEBUG    | log:153 | [perform_hybrid_search] BM25 raw scores: min=0.0000, max=16.9558
2025-12-31 09:18:53 | DEBUG    | log:153 | [classify_query_intent] No keyword matches found in: 'Liet ke lenh tren 1 ty chua xong'
2025-12-31 09:18:53 | DEBUG    | log:153 | [normalize_query] 'show gd pending > 50tr...' -> 'Show gd pending > 50tr...'
2025-12-31 09:18:53 | DEBUG    | log:153 | [perform_hybrid_search] query_text: [show gd pending > 50tr] - formatted_query: [Show gd pending > 50tr] - normalized_query: [Show gd pending > 50tr]
2025-12-31 09:18:53 | DEBUG    | log:153 | [perform_hybrid_search] BM25 raw scores: min=0.0000, max=1.5501
2025-12-31 09:18:53 | DEBUG    | log:153 | [get_keyword_boost] Query: 'Show gd pending > 50tr...' | Doc: getTransactionList | | Boost: 0.25 | Matched: ['pending']
2025-12-31 09:18:53 | DEBUG    | log:153 | [get_keyword_boost] Query: 'Show gd pending > 50tr...' | Doc: getTransactionList | | Boost: 0.25 | Matched: ['pending']
2025-12-31 09:18:53 | DEBUG    | log:153 | [get_keyword_boost] Query: 'Show gd pending > 50tr...' | Doc: getTransactionList | | Boost: 0.25 | Matched: ['pending']
2025-12-31 09:18:53 | DEBUG    | log:153 | [get_keyword_boost] Query: 'Show gd pending > 50tr...' | Doc: getTransactionList | | Boost: 0.25 | Matched: ['pending']
2025-12-31 09:18:53 | DEBUG    | log:153 | [get_keyword_boost] Query: 'Show gd pending > 50tr...' | Doc: getTransactionList | | Boost: 0.25 | Matched: ['pending']
2025-12-31 09:18:53 | DEBUG    | log:153 | [get_keyword_boost] Query: 'Show gd pending > 50tr...' | Doc: getTransactionList | | Boost: 0.25 | Matched: ['pending']
2025-12-31 09:18:53 | DEBUG    | log:153 | [get_keyword_boost] Query: 'Show gd pending > 50tr...' | Doc: getTransactionList | | Boost: 0.25 | Matched: ['pending']
2025-12-31 09:18:53 | DEBUG    | log:153 | [get_keyword_boost] Query: 'Show gd pending > 50tr...' | Doc: getTransactionList | | Boost: 0.25 | Matched: ['pending']
2025-12-31 09:18:53 | DEBUG    | log:153 | [classify_query_intent] Ambiguous: 'Show gd pending > 50tr...' | Scores: {'getTransactionList | Tra cứu toàn bộ giao dịch đang chờ xử lý hoặc chờ duyệt': 1, 'getTransactionList | Tra cứu giao dịch chờ duyệt theo số tài khoản nguồn': 1, 'getTransactionList | Tra cứu giao dịch chờ duyệt theo khoảng thời gian': 1, 'getTransactionList | Tra cứu giao dịch chờ duyệt theo loại giao dịch': 1, 'getTransactionList | Tra cứu giao dịch chờ duyệt theo số tiền hoặc hạn mức': 1, 'getTransactionList | Kiểm tra trạng thái phê duyệt của giao dịch': 1, 'getTransactionList | Tra cứu giao dịch doanh nghiệp đang chờ duyệt': 1, 'getTransactionList | Tra cứu giao dịch theo kênh tạo lệnh': 1}
2025-12-31 09:18:53 | DEBUG    | log:153 | [normalize_query] 'tim lenh chuyen tien tren 200tr chua duy...' -> 'Tim lenh chuyen tien tren 200tr chua duy...'
2025-12-31 09:18:53 | DEBUG    | log:153 | [perform_hybrid_search] query_text: [tim lenh chuyen tien tren 200tr chua duyet] - formatted_query: [Tim lenh chuyen tien tren 200tr chua duyet] - normalized_query: [Tim lenh chuyen tien tren 200tr chua duyet]
2025-12-31 09:18:53 | DEBUG    | log:153 | [perform_hybrid_search] BM25 raw scores: min=0.0862, max=16.2576
2025-12-31 09:18:53 | DEBUG    | log:153 | [classify_query_intent] No keyword matches found in: 'Tim lenh chuyen tien tren 200tr chua duyet'
2025-12-31 09:18:53 | DEBUG    | log:153 | [normalize_query] 'gd nao tren 10 cu dang doi nhi...' -> 'Gd nao tren 10 cu dang doi nhi...'
2025-12-31 09:18:53 | DEBUG    | log:153 | [perform_hybrid_search] query_text: [gd nao tren 10 cu dang doi nhi] - formatted_query: [Gd nao tren 10 cu dang doi nhi] - normalized_query: [Gd nao tren 10 cu dang doi nhi]
2025-12-31 09:18:53 | DEBUG    | log:153 | [perform_hybrid_search] BM25 raw scores: min=0.2309, max=9.7606
2025-12-31 09:18:53 | DEBUG    | log:153 | [classify_query_intent] No keyword matches found in: 'Gd nao tren 10 cu dang doi nhi'
2025-12-31 09:18:53 | DEBUG    | log:153 | [normalize_query] 'co lenh chuyen tien ty nao dang treo ko?...' -> 'Co lenh chuyen tien ty nao dang treo ko...'
2025-12-31 09:18:53 | DEBUG    | log:153 | [perform_hybrid_search] query_text: [co lenh chuyen tien ty nao dang treo ko?] - formatted_query: [Co lenh chuyen tien ty nao dang treo ko] - normalized_query: [Co lenh chuyen tien ty nao dang treo ko]
2025-12-31 09:18:53 | DEBUG    | log:153 | [perform_hybrid_search] BM25 raw scores: min=0.2780, max=14.9322
2025-12-31 09:18:53 | DEBUG    | log:153 | [classify_query_intent] No keyword matches found in: 'Co lenh chuyen tien ty nao dang treo ko'
2025-12-31 09:18:53 | DEBUG    | log:153 | [normalize_query] 'check cac gd > 1.000.000.000 chua duyet...' -> 'Check cac gd > 1.000.000.000 chua duyet...'
2025-12-31 09:18:53 | DEBUG    | log:153 | [perform_hybrid_search] query_text: [check cac gd > 1.000.000.000 chua duyet] - formatted_query: [Check cac gd > 1.000.000.000 chua duyet] - normalized_query: [Check cac gd > 1.000.000.000 chua duyet]
2025-12-31 09:18:53 | DEBUG    | log:153 | [perform_hybrid_search] BM25 raw scores: min=0.0000, max=11.9631
2025-12-31 09:18:53 | DEBUG    | log:153 | [get_keyword_boost] Query: 'Check cac gd > 1.000.000.000 c...' | Doc: Tra cứu giao dịch ch | Boost: 0.25 | Matched: ['ck']
2025-12-31 09:18:53 | DEBUG    | log:153 | [classify_query_intent] Classified: 'Check cac gd > 1.000.000.000 c...' -> Tra cứu giao dịch chuyển tiền (score=1)
2025-12-31 09:18:53 | DEBUG    | log:153 | [normalize_query] 'tim gd han muc cao dang cho phe duyet...' -> 'Tim gd han muc cao dang cho phe duyet...'
2025-12-31 09:18:53 | DEBUG    | log:153 | [perform_hybrid_search] query_text: [tim gd han muc cao dang cho phe duyet] - formatted_query: [Tim gd han muc cao dang cho phe duyet] - normalized_query: [Tim gd han muc cao dang cho phe duyet]
2025-12-31 09:18:53 | DEBUG    | log:153 | [perform_hybrid_search] BM25 raw scores: min=0.4476, max=11.9369
2025-12-31 09:18:53 | DEBUG    | log:153 | [classify_query_intent] No keyword matches found in: 'Tim gd han muc cao dang cho phe duyet'
2025-12-31 09:18:53 | DEBUG    | log:153 | [normalize_query] 'liet ke lenh tren 300 trieu chua ok...' -> 'Liet ke lenh tren 300 trieu chua ok...'
2025-12-31 09:18:53 | DEBUG    | log:153 | [perform_hybrid_search] query_text: [liet ke lenh tren 300 trieu chua ok] - formatted_query: [Liet ke lenh tren 300 trieu chua ok] - normalized_query: [Liet ke lenh tren 300 trieu chua ok]
2025-12-31 09:18:53 | DEBUG    | log:153 | [perform_hybrid_search] BM25 raw scores: min=0.0000, max=24.6409
2025-12-31 09:18:53 | DEBUG    | log:153 | [classify_query_intent] No keyword matches found in: 'Liet ke lenh tren 300 trieu chua ok'
2025-12-31 09:18:53 | DEBUG    | log:153 | [normalize_query] 'show list pending amount > 100m...' -> 'Show list pending amount > 100m...'
2025-12-31 09:18:53 | DEBUG    | log:153 | [perform_hybrid_search] query_text: [show list pending amount > 100m] - formatted_query: [Show list pending amount > 100m] - normalized_query: [Show list pending amount > 100m]
2025-12-31 09:18:53 | DEBUG    | log:153 | [perform_hybrid_search] BM25 raw scores: min=0.0000, max=1.5501
2025-12-31 09:18:53 | DEBUG    | log:153 | [get_keyword_boost] Query: 'Show list pending amount > 100...' | Doc: getTransactionList | | Boost: 0.25 | Matched: ['pending']
2025-12-31 09:18:53 | DEBUG    | log:153 | [get_keyword_boost] Query: 'Show list pending amount > 100...' | Doc: getTransactionList | | Boost: 0.25 | Matched: ['pending']
2025-12-31 09:18:53 | DEBUG    | log:153 | [get_keyword_boost] Query: 'Show list pending amount > 100...' | Doc: getTransactionList | | Boost: 0.25 | Matched: ['pending']
2025-12-31 09:18:53 | DEBUG    | log:153 | [get_keyword_boost] Query: 'Show list pending amount > 100...' | Doc: getTransactionList | | Boost: 0.25 | Matched: ['pending']
2025-12-31 09:18:53 | DEBUG    | log:153 | [get_keyword_boost] Query: 'Show list pending amount > 100...' | Doc: getTransactionList | | Boost: 0.25 | Matched: ['pending']
2025-12-31 09:18:53 | DEBUG    | log:153 | [get_keyword_boost] Query: 'Show list pending amount > 100...' | Doc: getTransactionList | | Boost: 0.25 | Matched: ['pending']
2025-12-31 09:18:53 | DEBUG    | log:153 | [get_keyword_boost] Query: 'Show list pending amount > 100...' | Doc: getTransactionList | | Boost: 0.25 | Matched: ['pending']
2025-12-31 09:18:53 | DEBUG    | log:153 | [get_keyword_boost] Query: 'Show list pending amount > 100...' | Doc: getTransactionList | | Boost: 0.25 | Matched: ['pending']
2025-12-31 09:18:53 | DEBUG    | log:153 | [classify_query_intent] Ambiguous: 'Show list pending amount > 100...' | Scores: {'getTransactionList | Tra cứu toàn bộ giao dịch đang chờ xử lý hoặc chờ duyệt': 1, 'getTransactionList | Tra cứu giao dịch chờ duyệt theo số tài khoản nguồn': 1, 'getTransactionList | Tra cứu giao dịch chờ duyệt theo khoảng thời gian': 1, 'getTransactionList | Tra cứu giao dịch chờ duyệt theo loại giao dịch': 1, 'getTransactionList | Tra cứu giao dịch chờ duyệt theo số tiền hoặc hạn mức': 1, 'getTransactionList | Kiểm tra trạng thái phê duyệt của giao dịch': 1, 'getTransactionList | Tra cứu giao dịch doanh nghiệp đang chờ duyệt': 1, 'getTransactionList | Tra cứu giao dịch theo kênh tạo lệnh': 1}
2025-12-31 09:18:53 | DEBUG    | log:153 | [normalize_query] 'co lenh nao tren 100tr chua duoc duyet k...' -> 'Co lenh nao tren 100tr chua duoc duyet k...'
2025-12-31 09:18:53 | DEBUG    | log:153 | [perform_hybrid_search] query_text: [co lenh nao tren 100tr chua duoc duyet ko] - formatted_query: [Co lenh nao tren 100tr chua duoc duyet ko] - normalized_query: [Co lenh nao tren 100tr chua duoc duyet ko]
2025-12-31 09:18:53 | DEBUG    | log:153 | [perform_hybrid_search] BM25 raw scores: min=0.0000, max=13.9371
2025-12-31 09:18:53 | DEBUG    | log:153 | [classify_query_intent] No keyword matches found in: 'Co lenh nao tren 100tr chua duoc duyet ko'
2025-12-31 09:18:53 | DEBUG    | log:153 | [normalize_query] 'tra cuu gd gia tri cao chua xuly...' -> 'Tra cuu gd gia tri cao chua xuly...'
2025-12-31 09:18:53 | DEBUG    | log:153 | [perform_hybrid_search] query_text: [tra cuu gd gia tri cao chua xuly] - formatted_query: [Tra cuu gd gia tri cao chua xuly] - normalized_query: [Tra cuu gd gia tri cao chua xuly]
2025-12-31 09:18:53 | DEBUG    | log:153 | [perform_hybrid_search] BM25 raw scores: min=0.1829, max=12.7461
2025-12-31 09:18:53 | DEBUG    | log:153 | [classify_query_intent] No keyword matches found in: 'Tra cuu gd gia tri cao chua xuly'
2025-12-31 09:18:53 | DEBUG    | log:153 | [normalize_query] 'ds pending tren 500 cu...' -> 'Ds pending tren 500 cu...'
2025-12-31 09:18:53 | DEBUG    | log:153 | [perform_hybrid_search] query_text: [ds pending tren 500 cu] - formatted_query: [Ds pending tren 500 cu] - normalized_query: [Ds pending tren 500 cu]
2025-12-31 09:18:53 | DEBUG    | log:153 | [perform_hybrid_search] BM25 raw scores: min=0.0000, max=7.5094
2025-12-31 09:18:53 | DEBUG    | log:153 | [get_keyword_boost] Query: 'Ds pending tren 500 cu...' | Doc: getTransactionList | | Boost: 0.25 | Matched: ['pending']
2025-12-31 09:18:53 | DEBUG    | log:153 | [get_keyword_boost] Query: 'Ds pending tren 500 cu...' | Doc: getTransactionList | | Boost: 0.25 | Matched: ['pending']
2025-12-31 09:18:53 | DEBUG    | log:153 | [get_keyword_boost] Query: 'Ds pending tren 500 cu...' | Doc: getTransactionList | | Boost: 0.25 | Matched: ['pending']
2025-12-31 09:18:53 | DEBUG    | log:153 | [get_keyword_boost] Query: 'Ds pending tren 500 cu...' | Doc: getTransactionList | | Boost: 0.25 | Matched: ['pending']
2025-12-31 09:18:53 | DEBUG    | log:153 | [get_keyword_boost] Query: 'Ds pending tren 500 cu...' | Doc: getTransactionList | | Boost: 0.25 | Matched: ['pending']
2025-12-31 09:18:53 | DEBUG    | log:153 | [get_keyword_boost] Query: 'Ds pending tren 500 cu...' | Doc: getTransactionList | | Boost: 0.25 | Matched: ['pending']
2025-12-31 09:18:53 | DEBUG    | log:153 | [get_keyword_boost] Query: 'Ds pending tren 500 cu...' | Doc: getTransactionList | | Boost: 0.25 | Matched: ['pending']
2025-12-31 09:18:53 | DEBUG    | log:153 | [get_keyword_boost] Query: 'Ds pending tren 500 cu...' | Doc: getTransactionList | | Boost: 0.25 | Matched: ['pending']
2025-12-31 09:18:53 | DEBUG    | log:153 | [classify_query_intent] Ambiguous: 'Ds pending tren 500 cu...' | Scores: {'getTransactionList | Tra cứu toàn bộ giao dịch đang chờ xử lý hoặc chờ duyệt': 1, 'getTransactionList | Tra cứu giao dịch chờ duyệt theo số tài khoản nguồn': 1, 'getTransactionList | Tra cứu giao dịch chờ duyệt theo khoảng thời gian': 1, 'getTransactionList | Tra cứu giao dịch chờ duyệt theo loại giao dịch': 1, 'getTransactionList | Tra cứu giao dịch chờ duyệt theo số tiền hoặc hạn mức': 1, 'getTransactionList | Kiểm tra trạng thái phê duyệt của giao dịch': 1, 'getTransactionList | Tra cứu giao dịch doanh nghiệp đang chờ duyệt': 1, 'getTransactionList | Tra cứu giao dịch theo kênh tạo lệnh': 1}
2025-12-31 09:18:53 | DEBUG    | log:153 | [normalize_query] 'check gd > 50.000.000 dang doi...' -> 'Check gd > 50.000.000 dang doi...'
2025-12-31 09:18:53 | DEBUG    | log:153 | [perform_hybrid_search] query_text: [check gd > 50.000.000 dang doi] - formatted_query: [Check gd > 50.000.000 dang doi] - normalized_query: [Check gd > 50.000.000 dang doi]
2025-12-31 09:18:53 | DEBUG    | log:153 | [perform_hybrid_search] BM25 raw scores: min=0.0000, max=13.2490
2025-12-31 09:18:53 | DEBUG    | log:153 | [get_keyword_boost] Query: 'Check gd > 50.000.000 dang doi...' | Doc: Tra cứu giao dịch ch | Boost: 0.25 | Matched: ['ck']
2025-12-31 09:18:53 | DEBUG    | log:153 | [classify_query_intent] Classified: 'Check gd > 50.000.000 dang doi...' -> Tra cứu giao dịch chuyển tiền (score=1)
2025-12-31 09:18:53 | DEBUG    | log:153 | [normalize_query] 'tìm các lệnh giá trị cao chưa phê duyệt...' -> 'Tìm các lệnh giá trị cao chưa phê duyệt...'
2025-12-31 09:18:53 | DEBUG    | log:153 | [perform_hybrid_search] query_text: [tìm các lệnh giá trị cao chưa phê duyệt] - formatted_query: [Tìm các lệnh giá trị cao chưa phê duyệt] - normalized_query: [Tìm các lệnh giá trị cao chưa phê duyệt]
2025-12-31 09:18:53 | DEBUG    | log:153 | [perform_hybrid_search] BM25 raw scores: min=0.0000, max=42.7806
2025-12-31 09:18:53 | DEBUG    | log:153 | [get_keyword_boost] Query: 'Tìm các lệnh giá trị cao chưa ...' | Doc: Tra cứu giao dịch th | Boost: 0.25 | Matched: ['giá trị']
2025-12-31 09:18:53 | DEBUG    | log:153 | [get_keyword_boost] Query: 'Tìm các lệnh giá trị cao chưa ...' | Doc: Tra cứu giao dịch th | Boost: 0.25 | Matched: ['phê duyệt']
2025-12-31 09:18:53 | DEBUG    | log:153 | [classify_query_intent] Ambiguous: 'Tìm các lệnh giá trị cao chưa ...' | Scores: {'Tra cứu giao dịch theo số tiền': 1, 'Tra cứu giao dịch theo trạng thái': 1}
2025-12-31 09:18:53 | DEBUG    | log:153 | [normalize_query] 'liệt kê giao dịch hạn mức lớn đang treo...' -> 'Liệt kê giao dịch hạn mức lớn đang treo...'
2025-12-31 09:18:53 | DEBUG    | log:153 | [perform_hybrid_search] query_text: [liệt kê giao dịch hạn mức lớn đang treo] - formatted_query: [Liệt kê giao dịch hạn mức lớn đang treo] - normalized_query: [Liệt kê giao dịch hạn mức lớn đang treo]
2025-12-31 09:18:53 | DEBUG    | log:153 | [perform_hybrid_search] BM25 raw scores: min=0.0647, max=42.6428
2025-12-31 09:18:53 | DEBUG    | log:153 | [classify_query_intent] No keyword matches found in: 'Liệt kê giao dịch hạn mức lớn đang treo'
2025-12-31 09:18:53 | DEBUG    | log:153 | [normalize_query] 'tim list pending tren 200 trieu...' -> 'Tim list pending tren 200 trieu...'
2025-12-31 09:18:53 | DEBUG    | log:153 | [perform_hybrid_search] query_text: [tim list pending tren 200 trieu] - formatted_query: [Tim list pending tren 200 trieu] - normalized_query: [Tim list pending tren 200 trieu]
2025-12-31 09:18:53 | DEBUG    | log:153 | [perform_hybrid_search] BM25 raw scores: min=0.0000, max=12.1869
2025-12-31 09:18:53 | DEBUG    | log:153 | [get_keyword_boost] Query: 'Tim list pending tren 200 trie...' | Doc: getTransactionList | | Boost: 0.25 | Matched: ['pending']
2025-12-31 09:18:53 | DEBUG    | log:153 | [get_keyword_boost] Query: 'Tim list pending tren 200 trie...' | Doc: getTransactionList | | Boost: 0.25 | Matched: ['pending']
2025-12-31 09:18:53 | DEBUG    | log:153 | [get_keyword_boost] Query: 'Tim list pending tren 200 trie...' | Doc: getTransactionList | | Boost: 0.25 | Matched: ['pending']
2025-12-31 09:18:53 | DEBUG    | log:153 | [get_keyword_boost] Query: 'Tim list pending tren 200 trie...' | Doc: getTransactionList | | Boost: 0.25 | Matched: ['pending']
2025-12-31 09:18:53 | DEBUG    | log:153 | [get_keyword_boost] Query: 'Tim list pending tren 200 trie...' | Doc: getTransactionList | | Boost: 0.25 | Matched: ['pending']
2025-12-31 09:18:53 | DEBUG    | log:153 | [get_keyword_boost] Query: 'Tim list pending tren 200 trie...' | Doc: getTransactionList | | Boost: 0.25 | Matched: ['pending']
2025-12-31 09:18:53 | DEBUG    | log:153 | [get_keyword_boost] Query: 'Tim list pending tren 200 trie...' | Doc: getTransactionList | | Boost: 0.25 | Matched: ['pending']
2025-12-31 09:18:53 | DEBUG    | log:153 | [get_keyword_boost] Query: 'Tim list pending tren 200 trie...' | Doc: getTransactionList | | Boost: 0.25 | Matched: ['pending']
2025-12-31 09:18:53 | DEBUG    | log:153 | [classify_query_intent] Ambiguous: 'Tim list pending tren 200 trie...' | Scores: {'getTransactionList | Tra cứu toàn bộ giao dịch đang chờ xử lý hoặc chờ duyệt': 1, 'getTransactionList | Tra cứu giao dịch chờ duyệt theo số tài khoản nguồn': 1, 'getTransactionList | Tra cứu giao dịch chờ duyệt theo khoảng thời gian': 1, 'getTransactionList | Tra cứu giao dịch chờ duyệt theo loại giao dịch': 1, 'getTransactionList | Tra cứu giao dịch chờ duyệt theo số tiền hoặc hạn mức': 1, 'getTransactionList | Kiểm tra trạng thái phê duyệt của giao dịch': 1, 'getTransactionList | Tra cứu giao dịch doanh nghiệp đang chờ duyệt': 1, 'getTransactionList | Tra cứu giao dịch theo kênh tạo lệnh': 1}
2025-12-31 09:18:53 | DEBUG    | log:153 | [normalize_query] 'xem lệnh trên 50 triệu chưa duyệt...' -> 'Xem lệnh trên 50 triệu chưa duyệt...'
2025-12-31 09:18:53 | DEBUG    | log:153 | [perform_hybrid_search] query_text: [xem lệnh trên 50 triệu chưa duyệt] - formatted_query: [Xem lệnh trên 50 triệu chưa duyệt] - normalized_query: [Xem lệnh trên 50 triệu chưa duyệt]
2025-12-31 09:18:53 | DEBUG    | log:153 | [perform_hybrid_search] BM25 raw scores: min=0.0000, max=25.8221
2025-12-31 09:18:53 | DEBUG    | log:153 | [get_keyword_boost] Query: 'Xem lệnh trên 50 triệu chưa du...' | Doc: Tra cứu giao dịch th | Boost: 0.50 | Matched: ['trên', 'triệu']
2025-12-31 09:18:53 | DEBUG    | log:153 | [classify_query_intent] Classified: 'Xem lệnh trên 50 triệu chưa du...' -> Tra cứu giao dịch theo số tiền (score=2)
2025-12-31 09:18:53 | DEBUG    | log:153 | [normalize_query] 'check trang thai gd 112233...' -> 'Check trang thai gd 112233...'
2025-12-31 09:18:53 | DEBUG    | log:153 | [perform_hybrid_search] query_text: [check trang thai gd 112233] - formatted_query: [Check trang thai gd 112233] - normalized_query: [Check trang thai gd 112233]
2025-12-31 09:18:53 | DEBUG    | log:153 | [perform_hybrid_search] BM25 raw scores: min=0.0000, max=5.7374
2025-12-31 09:18:53 | DEBUG    | log:153 | [get_keyword_boost] Query: 'Check trang thai gd 112233...' | Doc: Tra cứu giao dịch ch | Boost: 0.25 | Matched: ['ck']
2025-12-31 09:18:53 | DEBUG    | log:153 | [classify_query_intent] Classified: 'Check trang thai gd 112233...' -> Tra cứu giao dịch chuyển tiền (score=1)
2025-12-31 09:18:53 | DEBUG    | log:153 | [normalize_query] 'gd 556677 da dc duyet chua...' -> 'Gd 556677 da dc duyet chua...'
2025-12-31 09:18:53 | DEBUG    | log:153 | [perform_hybrid_search] query_text: [gd 556677 da dc duyet chua] - formatted_query: [Gd 556677 da dc duyet chua] - normalized_query: [Gd 556677 da dc duyet chua]
2025-12-31 09:18:53 | DEBUG    | log:153 | [perform_hybrid_search] BM25 raw scores: min=0.0000, max=8.6966
2025-12-31 09:18:53 | DEBUG    | log:153 | [classify_query_intent] No keyword matches found in: 'Gd 556677 da dc duyet chua'
2025-12-31 09:18:53 | DEBUG    | log:153 | [normalize_query] 'xem tinh trang lenh 998877...' -> 'Xem tinh trang lenh 998877...'
2025-12-31 09:18:53 | DEBUG    | log:153 | [perform_hybrid_search] query_text: [xem tinh trang lenh 998877] - formatted_query: [Xem tinh trang lenh 998877] - normalized_query: [Xem tinh trang lenh 998877]
2025-12-31 09:18:53 | DEBUG    | log:153 | [perform_hybrid_search] BM25 raw scores: min=0.0000, max=6.1649
2025-12-31 09:18:53 | DEBUG    | log:153 | [classify_query_intent] No keyword matches found in: 'Xem tinh trang lenh 998877'
2025-12-31 09:18:53 | DEBUG    | log:153 | [normalize_query] 'status gd 445566 la gi...' -> 'Status gd 445566 la gi...'
2025-12-31 09:18:53 | DEBUG    | log:153 | [perform_hybrid_search] query_text: [status gd 445566 la gi] - formatted_query: [Status gd 445566 la gi] - normalized_query: [Status gd 445566 la gi]
2025-12-31 09:18:53 | DEBUG    | log:153 | [perform_hybrid_search] BM25 raw scores: min=0.0000, max=4.4950
2025-12-31 09:18:53 | DEBUG    | log:153 | [classify_query_intent] No keyword matches found in: 'Status gd 445566 la gi'
2025-12-31 09:18:53 | DEBUG    | log:153 | [normalize_query] 'ma gd 223344 phe duyet chua...' -> 'Ma gd 223344 phe duyet chua...'
2025-12-31 09:18:53 | DEBUG    | log:153 | [perform_hybrid_search] query_text: [ma gd 223344 phe duyet chua] - formatted_query: [Ma gd 223344 phe duyet chua] - normalized_query: [Ma gd 223344 phe duyet chua]
2025-12-31 09:18:53 | DEBUG    | log:153 | [perform_hybrid_search] BM25 raw scores: min=0.2091, max=10.2394
2025-12-31 09:18:53 | DEBUG    | log:153 | [classify_query_intent] No keyword matches found in: 'Ma gd 223344 phe duyet chua'
2025-12-31 09:18:53 | DEBUG    | log:153 | [normalize_query] 'ktr lenh 778899 dang o buoc nao...' -> 'Ktr lenh 778899 dang o buoc nao...'
2025-12-31 09:18:53 | DEBUG    | log:153 | [perform_hybrid_search] query_text: [ktr lenh 778899 dang o buoc nao] - formatted_query: [Ktr lenh 778899 dang o buoc nao] - normalized_query: [Ktr lenh 778899 dang o buoc nao]
2025-12-31 09:18:53 | DEBUG    | log:153 | [perform_hybrid_search] BM25 raw scores: min=0.2309, max=5.9756
2025-12-31 09:18:53 | DEBUG    | log:153 | [classify_query_intent] No keyword matches found in: 'Ktr lenh 778899 dang o buoc nao'
2025-12-31 09:18:53 | DEBUG    | log:153 | [normalize_query] 'gd 665544 co bi tu choi ko...' -> 'Gd 665544 co bi tu choi ko...'
2025-12-31 09:18:53 | DEBUG    | log:153 | [perform_hybrid_search] query_text: [gd 665544 co bi tu choi ko] - formatted_query: [Gd 665544 co bi tu choi ko] - normalized_query: [Gd 665544 co bi tu choi ko]
2025-12-31 09:18:53 | DEBUG    | log:153 | [perform_hybrid_search] BM25 raw scores: min=0.0000, max=3.1603
2025-12-31 09:18:53 | DEBUG    | log:153 | [classify_query_intent] No keyword matches found in: 'Gd 665544 co bi tu choi ko'
2025-12-31 09:18:53 | DEBUG    | log:153 | [normalize_query] 'show status of 334455...' -> 'Show status of 334455...'
2025-12-31 09:18:53 | DEBUG    | log:153 | [perform_hybrid_search] query_text: [show status of 334455] - formatted_query: [Show status of 334455] - normalized_query: [Show status of 334455]
2025-12-31 09:18:53 | DEBUG    | log:153 | [perform_hybrid_search] BM25 raw scores: min=0.0000, max=1.7283
2025-12-31 09:18:53 | DEBUG    | log:153 | [classify_query_intent] No keyword matches found in: 'Show status of 334455'
2025-12-31 09:18:53 | DEBUG    | log:153 | [normalize_query] 'lenh 889900 checker da bam chua...' -> 'Lenh 889900 checker da bam chua...'
2025-12-31 09:18:53 | DEBUG    | log:153 | [perform_hybrid_search] query_text: [lenh 889900 checker da bam chua] - formatted_query: [Lenh 889900 checker da bam chua] - normalized_query: [Lenh 889900 checker da bam chua]
2025-12-31 09:18:53 | DEBUG    | log:153 | [perform_hybrid_search] BM25 raw scores: min=0.0000, max=8.3934
2025-12-31 09:18:53 | DEBUG    | log:153 | [get_keyword_boost] Query: 'Lenh 889900 checker da bam chu...' | Doc: Tra cứu giao dịch ch | Boost: 0.25 | Matched: ['ck']
2025-12-31 09:18:53 | DEBUG    | log:153 | [classify_query_intent] Classified: 'Lenh 889900 checker da bam chu...' -> Tra cứu giao dịch chuyển tiền (score=1)
2025-12-31 09:18:53 | DEBUG    | log:153 | [normalize_query] 'gd 102030 tinh trang the nao...' -> 'Gd 102030 tinh trang the nao...'
2025-12-31 09:18:53 | DEBUG    | log:153 | [perform_hybrid_search] query_text: [gd 102030 tinh trang the nao] - formatted_query: [Gd 102030 tinh trang the nao] - normalized_query: [Gd 102030 tinh trang the nao]
2025-12-31 09:18:53 | DEBUG    | log:153 | [perform_hybrid_search] BM25 raw scores: min=0.0000, max=5.5854
2025-12-31 09:18:53 | DEBUG    | log:153 | [classify_query_intent] No keyword matches found in: 'Gd 102030 tinh trang the nao'
2025-12-31 09:18:53 | DEBUG    | log:153 | [normalize_query] 'check duyệt lệnh 121212...' -> 'Check duyệt lệnh 121212...'
2025-12-31 09:18:53 | DEBUG    | log:153 | [perform_hybrid_search] query_text: [check duyệt lệnh 121212] - formatted_query: [Check duyệt lệnh 121212] - normalized_query: [Check duyệt lệnh 121212]
2025-12-31 09:18:53 | DEBUG    | log:153 | [perform_hybrid_search] BM25 raw scores: min=0.0000, max=4.9897
2025-12-31 09:18:53 | DEBUG    | log:153 | [get_keyword_boost] Query: 'Check duyệt lệnh 121212...' | Doc: Tra cứu giao dịch ch | Boost: 0.25 | Matched: ['ck']
2025-12-31 09:18:53 | DEBUG    | log:153 | [classify_query_intent] Classified: 'Check duyệt lệnh 121212...' -> Tra cứu giao dịch chuyển tiền (score=1)
2025-12-31 09:18:53 | DEBUG    | log:153 | [normalize_query] 'mã 343434 đã được ok chưa...' -> 'Mã 343434 đã được ok chưa...'
2025-12-31 09:18:53 | DEBUG    | log:153 | [perform_hybrid_search] query_text: [mã 343434 đã được ok chưa] - formatted_query: [Mã 343434 đã được ok chưa] - normalized_query: [Mã 343434 đã được ok chưa]
2025-12-31 09:18:53 | DEBUG    | log:153 | [perform_hybrid_search] BM25 raw scores: min=0.2091, max=6.1858
2025-12-31 09:18:53 | DEBUG    | log:153 | [get_keyword_boost] Query: 'Mã 343434 đã được ok chưa...' | Doc: Tra cứu chi tiết một | Boost: 0.25 | Matched: ['mã']
2025-12-31 09:18:54 | DEBUG    | log:153 | [classify_query_intent] Classified: 'Mã 343434 đã được ok chưa...' -> Tra cứu chi tiết một giao dịch (score=1)
2025-12-31 09:18:54 | DEBUG    | log:153 | [normalize_query] 'xem gd 565656 phê duyệt tới đâu rồi...' -> 'Xem gd 565656 phê duyệt tới đâu rồi...'
2025-12-31 09:18:54 | DEBUG    | log:153 | [perform_hybrid_search] query_text: [xem gd 565656 phê duyệt tới đâu rồi] - formatted_query: [Xem gd 565656 phê duyệt tới đâu rồi] - normalized_query: [Xem gd 565656 phê duyệt tới đâu rồi]
2025-12-31 09:18:54 | DEBUG    | log:153 | [perform_hybrid_search] BM25 raw scores: min=0.0000, max=9.7571
2025-12-31 09:18:54 | DEBUG    | log:153 | [get_keyword_boost] Query: 'Xem gd 565656 phê duyệt tới đâ...' | Doc: Tra cứu giao dịch th | Boost: 0.25 | Matched: ['phê duyệt']
2025-12-31 09:18:54 | DEBUG    | log:153 | [classify_query_intent] Classified: 'Xem gd 565656 phê duyệt tới đâ...' -> Tra cứu giao dịch theo trạng t (score=1)
2025-12-31 09:18:54 | DEBUG    | log:153 | [normalize_query] 'lệnh 787878 có bị reject không...' -> 'Lệnh 787878 có bị reject không...'
2025-12-31 09:18:54 | DEBUG    | log:153 | [perform_hybrid_search] query_text: [lệnh 787878 có bị reject không] - formatted_query: [Lệnh 787878 có bị reject không] - normalized_query: [Lệnh 787878 có bị reject không]
2025-12-31 09:18:54 | DEBUG    | log:153 | [perform_hybrid_search] BM25 raw scores: min=0.0000, max=11.4355
2025-12-31 09:18:54 | DEBUG    | log:153 | [classify_query_intent] No keyword matches found in: 'Lệnh 787878 có bị reject không'
2025-12-31 09:18:54 | DEBUG    | log:153 | [normalize_query] 'tra cứu trạng thái gd 909090...' -> 'Tra cứu trạng thái gd 909090...'
2025-12-31 09:18:54 | DEBUG    | log:153 | [perform_hybrid_search] query_text: [tra cứu trạng thái gd 909090] - formatted_query: [Tra cứu trạng thái gd 909090] - normalized_query: [Tra cứu trạng thái gd 909090]
2025-12-31 09:18:54 | DEBUG    | log:153 | [perform_hybrid_search] BM25 raw scores: min=0.4358, max=5.7674
2025-12-31 09:18:54 | DEBUG    | log:153 | [get_keyword_boost] Query: 'Tra cứu trạng thái gd 909090...' | Doc: Tra cứu giao dịch th | Boost: 0.25 | Matched: ['trạng thái']
2025-12-31 09:18:54 | DEBUG    | log:153 | [classify_query_intent] Classified: 'Tra cứu trạng thái gd 909090...' -> Tra cứu giao dịch theo trạng t (score=1)
2025-12-31 09:18:54 | DEBUG    | log:153 | [normalize_query] 'gd số 010101 hiện tại ra sao...' -> 'Gd số 010101 hiện tại ra sao...'
2025-12-31 09:18:54 | DEBUG    | log:153 | [perform_hybrid_search] query_text: [gd số 010101 hiện tại ra sao] - formatted_query: [Gd số 010101 hiện tại ra sao] - normalized_query: [Gd số 010101 hiện tại ra sao]
2025-12-31 09:18:54 | DEBUG    | log:153 | [perform_hybrid_search] BM25 raw scores: min=0.0237, max=4.7863
2025-12-31 09:18:54 | DEBUG    | log:153 | [classify_query_intent] No keyword matches found in: 'Gd số 010101 hiện tại ra sao'
2025-12-31 09:18:54 | DEBUG    | log:153 | [normalize_query] 'ma giao dich 131313 duyet xong chua...' -> 'Ma giao dich 131313 duyet xong chua...'
2025-12-31 09:18:54 | DEBUG    | log:153 | [perform_hybrid_search] query_text: [ma giao dich 131313 duyet xong chua] - formatted_query: [Ma giao dich 131313 duyet xong chua] - normalized_query: [Ma giao dich 131313 duyet xong chua]
2025-12-31 09:18:54 | DEBUG    | log:153 | [perform_hybrid_search] BM25 raw scores: min=0.3405, max=3.9161
2025-12-31 09:18:54 | DEBUG    | log:153 | [classify_query_intent] No keyword matches found in: 'Ma giao dich 131313 duyet xong chua'
2025-12-31 09:18:54 | DEBUG    | log:153 | [normalize_query] 'check status order 242424...' -> 'Check status order 242424...'
2025-12-31 09:18:54 | DEBUG    | log:153 | [perform_hybrid_search] query_text: [check status order 242424] - formatted_query: [Check status order 242424] - normalized_query: [Check status order 242424]
2025-12-31 09:18:54 | DEBUG    | log:153 | [perform_hybrid_search] BM25 raw scores: min=0.0000, max=0.0000
2025-12-31 09:18:54 | DEBUG    | log:153 | [get_keyword_boost] Query: 'Check status order 242424...' | Doc: Tra cứu giao dịch ch | Boost: 0.25 | Matched: ['ck']
2025-12-31 09:18:54 | DEBUG    | log:153 | [classify_query_intent] Classified: 'Check status order 242424...' -> Tra cứu giao dịch chuyển tiền (score=1)
2025-12-31 09:18:54 | DEBUG    | log:153 | [normalize_query] 'gd 959595 da co checker duyet chua...' -> 'Gd 959595 da co checker duyet chua...'
2025-12-31 09:18:54 | DEBUG    | log:153 | [perform_hybrid_search] query_text: [gd 959595 da co checker duyet chua] - formatted_query: [Gd 959595 da co checker duyet chua] - normalized_query: [Gd 959595 da co checker duyet chua]
2025-12-31 09:18:54 | DEBUG    | log:153 | [perform_hybrid_search] BM25 raw scores: min=0.0000, max=13.2391
2025-12-31 09:18:54 | DEBUG    | log:153 | [get_keyword_boost] Query: 'Gd 959595 da co checker duyet ...' | Doc: Tra cứu giao dịch ch | Boost: 0.25 | Matched: ['ck']
2025-12-31 09:18:54 | DEBUG    | log:153 | [classify_query_intent] Classified: 'Gd 959595 da co checker duyet ...' -> Tra cứu giao dịch chuyển tiền (score=1)
2025-12-31 09:18:54 | DEBUG    | log:153 | [normalize_query] 'xem tinh trang phe duyet ma gd 141414...' -> 'Xem tinh trang phe duyet ma gd 141414...'
2025-12-31 09:18:54 | DEBUG    | log:153 | [perform_hybrid_search] query_text: [xem tinh trang phe duyet ma gd 141414] - formatted_query: [Xem tinh trang phe duyet ma gd 141414] - normalized_query: [Xem tinh trang phe duyet ma gd 141414]
2025-12-31 09:18:54 | DEBUG    | log:153 | [perform_hybrid_search] BM25 raw scores: min=0.4476, max=6.2796
2025-12-31 09:18:54 | DEBUG    | log:153 | [classify_query_intent] No keyword matches found in: 'Xem tinh trang phe duyet ma gd 141414'
2025-12-31 09:18:54 | DEBUG    | log:153 | [normalize_query] 'gd cty dang cho...' -> 'Gd cty dang cho...'
2025-12-31 09:18:54 | DEBUG    | log:153 | [perform_hybrid_search] query_text: [gd cty dang cho] - formatted_query: [Gd cty dang cho] - normalized_query: [Gd cty dang cho]
2025-12-31 09:18:54 | DEBUG    | log:153 | [perform_hybrid_search] BM25 raw scores: min=0.0000, max=0.4586
2025-12-31 09:18:54 | DEBUG    | log:153 | [classify_query_intent] No keyword matches found in: 'Gd cty dang cho'
2025-12-31 09:18:54 | DEBUG    | log:153 | [normalize_query] 'lệnh của doanh nghiệp nào chưa duyệt...' -> 'Lệnh của doanh nghiệp nào chưa duyệt...'
2025-12-31 09:18:54 | DEBUG    | log:153 | [perform_hybrid_search] query_text: [lệnh của doanh nghiệp nào chưa duyệt] - formatted_query: [Lệnh của doanh nghiệp nào chưa duyệt] - normalized_query: [Lệnh của doanh nghiệp nào chưa duyệt]
2025-12-31 09:18:54 | DEBUG    | log:153 | [perform_hybrid_search] BM25 raw scores: min=0.0000, max=45.5028
2025-12-31 09:18:54 | DEBUG    | log:153 | [classify_query_intent] No keyword matches found in: 'Lệnh của doanh nghiệp nào chưa duyệt'
2025-12-31 09:18:54 | DEBUG    | log:153 | [normalize_query] 'xem gd doanh nghiep pending...' -> 'Xem gd doanh nghiep pending...'
2025-12-31 09:18:54 | DEBUG    | log:153 | [perform_hybrid_search] query_text: [xem gd doanh nghiep pending] - formatted_query: [Xem gd doanh nghiep pending] - normalized_query: [Xem gd doanh nghiep pending]
2025-12-31 09:18:54 | DEBUG    | log:153 | [perform_hybrid_search] BM25 raw scores: min=0.0000, max=12.5210
2025-12-31 09:18:54 | DEBUG    | log:153 | [get_keyword_boost] Query: 'Xem gd doanh nghiep pending...' | Doc: getTransactionList | | Boost: 0.25 | Matched: ['pending']
2025-12-31 09:18:54 | DEBUG    | log:153 | [get_keyword_boost] Query: 'Xem gd doanh nghiep pending...' | Doc: getTransactionList | | Boost: 0.25 | Matched: ['pending']
2025-12-31 09:18:54 | DEBUG    | log:153 | [get_keyword_boost] Query: 'Xem gd doanh nghiep pending...' | Doc: getTransactionList | | Boost: 0.25 | Matched: ['pending']
2025-12-31 09:18:54 | DEBUG    | log:153 | [get_keyword_boost] Query: 'Xem gd doanh nghiep pending...' | Doc: getTransactionList | | Boost: 0.25 | Matched: ['pending']
2025-12-31 09:18:54 | DEBUG    | log:153 | [get_keyword_boost] Query: 'Xem gd doanh nghiep pending...' | Doc: getTransactionList | | Boost: 0.25 | Matched: ['pending']
2025-12-31 09:18:54 | DEBUG    | log:153 | [get_keyword_boost] Query: 'Xem gd doanh nghiep pending...' | Doc: getTransactionList | | Boost: 0.25 | Matched: ['pending']
2025-12-31 09:18:54 | DEBUG    | log:153 | [get_keyword_boost] Query: 'Xem gd doanh nghiep pending...' | Doc: getTransactionList | | Boost: 0.25 | Matched: ['pending']
2025-12-31 09:18:54 | DEBUG    | log:153 | [get_keyword_boost] Query: 'Xem gd doanh nghiep pending...' | Doc: getTransactionList | | Boost: 0.25 | Matched: ['pending']
2025-12-31 09:18:54 | DEBUG    | log:153 | [classify_query_intent] Ambiguous: 'Xem gd doanh nghiep pending...' | Scores: {'getTransactionList | Tra cứu toàn bộ giao dịch đang chờ xử lý hoặc chờ duyệt': 1, 'getTransactionList | Tra cứu giao dịch chờ duyệt theo số tài khoản nguồn': 1, 'getTransactionList | Tra cứu giao dịch chờ duyệt theo khoảng thời gian': 1, 'getTransactionList | Tra cứu giao dịch chờ duyệt theo loại giao dịch': 1, 'getTransactionList | Tra cứu giao dịch chờ duyệt theo số tiền hoặc hạn mức': 1, 'getTransactionList | Kiểm tra trạng thái phê duyệt của giao dịch': 1, 'getTransactionList | Tra cứu giao dịch doanh nghiệp đang chờ duyệt': 1, 'getTransactionList | Tra cứu giao dịch theo kênh tạo lệnh': 1}
2025-12-31 09:18:54 | DEBUG    | log:153 | [normalize_query] 'gd corp chưa xong...' -> 'Gd corp chưa xong...'
2025-12-31 09:18:54 | DEBUG    | log:153 | [perform_hybrid_search] query_text: [gd corp chưa xong] - formatted_query: [Gd corp chưa xong] - normalized_query: [Gd corp chưa xong]
2025-12-31 09:18:54 | DEBUG    | log:153 | [perform_hybrid_search] BM25 raw scores: min=0.0000, max=1.9993
2025-12-31 09:18:54 | DEBUG    | log:153 | [classify_query_intent] No keyword matches found in: 'Gd corp chưa xong'
2025-12-31 09:18:54 | DEBUG    | log:153 | [normalize_query] 'kiểm tra các lệnh cty đang treo...' -> 'Kiểm tra các lệnh cty đang treo...'
2025-12-31 09:18:54 | DEBUG    | log:153 | [perform_hybrid_search] query_text: [kiểm tra các lệnh cty đang treo] - formatted_query: [Kiểm tra các lệnh cty đang treo] - normalized_query: [Kiểm tra các lệnh cty đang treo]
2025-12-31 09:18:54 | DEBUG    | log:153 | [perform_hybrid_search] BM25 raw scores: min=0.0216, max=12.5777
2025-12-31 09:18:54 | DEBUG    | log:153 | [classify_query_intent] No keyword matches found in: 'Kiểm tra các lệnh cty đang treo'
2025-12-31 09:18:54 | DEBUG    | log:153 | [normalize_query] 'list pending corp...' -> 'List pending corp...'
2025-12-31 09:18:54 | DEBUG    | log:153 | [perform_hybrid_search] query_text: [list pending corp] - formatted_query: [List pending corp] - normalized_query: [List pending corp]
2025-12-31 09:18:54 | DEBUG    | log:153 | [perform_hybrid_search] BM25 raw scores: min=0.0000, max=1.5501
2025-12-31 09:18:54 | DEBUG    | log:153 | [get_keyword_boost] Query: 'List pending corp...' | Doc: getTransactionList | | Boost: 0.25 | Matched: ['pending']
2025-12-31 09:18:54 | DEBUG    | log:153 | [get_keyword_boost] Query: 'List pending corp...' | Doc: getTransactionList | | Boost: 0.25 | Matched: ['pending']
2025-12-31 09:18:54 | DEBUG    | log:153 | [get_keyword_boost] Query: 'List pending corp...' | Doc: getTransactionList | | Boost: 0.25 | Matched: ['pending']
2025-12-31 09:18:54 | DEBUG    | log:153 | [get_keyword_boost] Query: 'List pending corp...' | Doc: getTransactionList | | Boost: 0.25 | Matched: ['pending']
2025-12-31 09:18:54 | DEBUG    | log:153 | [get_keyword_boost] Query: 'List pending corp...' | Doc: getTransactionList | | Boost: 0.25 | Matched: ['pending']
2025-12-31 09:18:54 | DEBUG    | log:153 | [get_keyword_boost] Query: 'List pending corp...' | Doc: getTransactionList | | Boost: 0.25 | Matched: ['pending']
2025-12-31 09:18:54 | DEBUG    | log:153 | [get_keyword_boost] Query: 'List pending corp...' | Doc: getTransactionList | | Boost: 0.25 | Matched: ['pending']
2025-12-31 09:18:54 | DEBUG    | log:153 | [get_keyword_boost] Query: 'List pending corp...' | Doc: getTransactionList | | Boost: 0.25 | Matched: ['pending']
2025-12-31 09:18:54 | DEBUG    | log:153 | [classify_query_intent] Ambiguous: 'List pending corp...' | Scores: {'getTransactionList | Tra cứu toàn bộ giao dịch đang chờ xử lý hoặc chờ duyệt': 1, 'getTransactionList | Tra cứu giao dịch chờ duyệt theo số tài khoản nguồn': 1, 'getTransactionList | Tra cứu giao dịch chờ duyệt theo khoảng thời gian': 1, 'getTransactionList | Tra cứu giao dịch chờ duyệt theo loại giao dịch': 1, 'getTransactionList | Tra cứu giao dịch chờ duyệt theo số tiền hoặc hạn mức': 1, 'getTransactionList | Kiểm tra trạng thái phê duyệt của giao dịch': 1, 'getTransactionList | Tra cứu giao dịch doanh nghiệp đang chờ duyệt': 1, 'getTransactionList | Tra cứu giao dịch theo kênh tạo lệnh': 1}
2025-12-31 09:18:54 | DEBUG    | log:153 | [normalize_query] 'gd công ty ABC chưa duyệt...' -> 'Gd công ty abc chưa duyệt...'
2025-12-31 09:18:54 | DEBUG    | log:153 | [perform_hybrid_search] query_text: [gd công ty ABC chưa duyệt] - formatted_query: [Gd công ty abc chưa duyệt] - normalized_query: [Gd công ty abc chưa duyệt]
2025-12-31 09:18:54 | DEBUG    | log:153 | [perform_hybrid_search] BM25 raw scores: min=0.0000, max=16.9317
2025-12-31 09:18:54 | DEBUG    | log:153 | [classify_query_intent] No keyword matches found in: 'Gd công ty abc chưa duyệt'
2025-12-31 09:18:54 | DEBUG    | log:153 | [normalize_query] 'show lệnh cty đang đợi...' -> 'Show lệnh cty đang đợi...'
2025-12-31 09:18:54 | DEBUG    | log:153 | [perform_hybrid_search] query_text: [show lệnh cty đang đợi] - formatted_query: [Show lệnh cty đang đợi] - normalized_query: [Show lệnh cty đang đợi]
2025-12-31 09:18:54 | DEBUG    | log:153 | [perform_hybrid_search] BM25 raw scores: min=0.0000, max=3.2480
2025-12-31 09:18:54 | DEBUG    | log:153 | [classify_query_intent] No keyword matches found in: 'Show lệnh cty đang đợi'
2025-12-31 09:18:54 | DEBUG    | log:153 | [normalize_query] 'gd doanh nghiep nao bi ket ko...' -> 'Gd doanh nghiep nao bi ket ko...'
2025-12-31 09:18:54 | DEBUG    | log:153 | [perform_hybrid_search] query_text: [gd doanh nghiep nao bi ket ko] - formatted_query: [Gd doanh nghiep nao bi ket ko] - normalized_query: [Gd doanh nghiep nao bi ket ko]
2025-12-31 09:18:54 | DEBUG    | log:153 | [perform_hybrid_search] BM25 raw scores: min=0.0000, max=11.0829
2025-12-31 09:18:54 | DEBUG    | log:153 | [classify_query_intent] No keyword matches found in: 'Gd doanh nghiep nao bi ket ko'
2025-12-31 09:18:54 | DEBUG    | log:153 | [normalize_query] 'tra cuu gd cty chua phe duyet...' -> 'Tra cuu gd cty chua phe duyet...'
2025-12-31 09:18:54 | DEBUG    | log:153 | [perform_hybrid_search] query_text: [tra cuu gd cty chua phe duyet] - formatted_query: [Tra cuu gd cty chua phe duyet] - normalized_query: [Tra cuu gd cty chua phe duyet]
2025-12-31 09:18:54 | DEBUG    | log:153 | [perform_hybrid_search] BM25 raw scores: min=0.1609, max=5.2403
2025-12-31 09:18:54 | DEBUG    | log:153 | [classify_query_intent] No keyword matches found in: 'Tra cuu gd cty chua phe duyet'
2025-12-31 09:18:54 | DEBUG    | log:153 | [normalize_query] 'gd cty dang o trang thai pending...' -> 'Gd cty dang o trang thai pending...'
2025-12-31 09:18:54 | DEBUG    | log:153 | [perform_hybrid_search] query_text: [gd cty dang o trang thai pending] - formatted_query: [Gd cty dang o trang thai pending] - normalized_query: [Gd cty dang o trang thai pending]
2025-12-31 09:18:54 | DEBUG    | log:153 | [perform_hybrid_search] BM25 raw scores: min=0.2091, max=9.7074
2025-12-31 09:18:54 | DEBUG    | log:153 | [get_keyword_boost] Query: 'Gd cty dang o trang thai pendi...' | Doc: getTransactionList | | Boost: 0.25 | Matched: ['pending']
2025-12-31 09:18:54 | DEBUG    | log:153 | [get_keyword_boost] Query: 'Gd cty dang o trang thai pendi...' | Doc: getTransactionList | | Boost: 0.25 | Matched: ['pending']
2025-12-31 09:18:54 | DEBUG    | log:153 | [get_keyword_boost] Query: 'Gd cty dang o trang thai pendi...' | Doc: getTransactionList | | Boost: 0.25 | Matched: ['pending']
2025-12-31 09:18:54 | DEBUG    | log:153 | [get_keyword_boost] Query: 'Gd cty dang o trang thai pendi...' | Doc: getTransactionList | | Boost: 0.25 | Matched: ['pending']
2025-12-31 09:18:54 | DEBUG    | log:153 | [get_keyword_boost] Query: 'Gd cty dang o trang thai pendi...' | Doc: getTransactionList | | Boost: 0.25 | Matched: ['pending']
2025-12-31 09:18:54 | DEBUG    | log:153 | [get_keyword_boost] Query: 'Gd cty dang o trang thai pendi...' | Doc: getTransactionList | | Boost: 0.25 | Matched: ['pending']
2025-12-31 09:18:54 | DEBUG    | log:153 | [get_keyword_boost] Query: 'Gd cty dang o trang thai pendi...' | Doc: getTransactionList | | Boost: 0.25 | Matched: ['pending']
2025-12-31 09:18:54 | DEBUG    | log:153 | [get_keyword_boost] Query: 'Gd cty dang o trang thai pendi...' | Doc: getTransactionList | | Boost: 0.25 | Matched: ['pending']
2025-12-31 09:18:54 | DEBUG    | log:153 | [classify_query_intent] Ambiguous: 'Gd cty dang o trang thai pendi...' | Scores: {'getTransactionList | Tra cứu toàn bộ giao dịch đang chờ xử lý hoặc chờ duyệt': 1, 'getTransactionList | Tra cứu giao dịch chờ duyệt theo số tài khoản nguồn': 1, 'getTransactionList | Tra cứu giao dịch chờ duyệt theo khoảng thời gian': 1, 'getTransactionList | Tra cứu giao dịch chờ duyệt theo loại giao dịch': 1, 'getTransactionList | Tra cứu giao dịch chờ duyệt theo số tiền hoặc hạn mức': 1, 'getTransactionList | Kiểm tra trạng thái phê duyệt của giao dịch': 1, 'getTransactionList | Tra cứu giao dịch doanh nghiệp đang chờ duyệt': 1, 'getTransactionList | Tra cứu giao dịch theo kênh tạo lệnh': 1}
2025-12-31 09:18:54 | DEBUG    | log:153 | [normalize_query] 'xem lệnh chuyển tiền của doanh nghiệp...' -> 'Xem lệnh chuyển tiền của doanh nghiệp...'
2025-12-31 09:18:54 | DEBUG    | log:153 | [perform_hybrid_search] query_text: [xem lệnh chuyển tiền của doanh nghiệp] - formatted_query: [Xem lệnh chuyển tiền của doanh nghiệp] - normalized_query: [Xem lệnh chuyển tiền của doanh nghiệp]
2025-12-31 09:18:54 | DEBUG    | log:153 | [perform_hybrid_search] BM25 raw scores: min=0.0862, max=19.4144
2025-12-31 09:18:54 | DEBUG    | log:153 | [get_keyword_boost] Query: 'Xem lệnh chuyển tiền của doanh...' | Doc: Tra cứu giao dịch th | Boost: 0.25 | Matched: ['chuyển tiền']
2025-12-31 09:18:54 | DEBUG    | log:153 | [get_keyword_boost] Query: 'Xem lệnh chuyển tiền của doanh...' | Doc: Tra cứu giao dịch ch | Boost: 0.25 | Matched: ['chuyển tiền']
2025-12-31 09:18:54 | DEBUG    | log:153 | [get_keyword_boost] Query: 'Xem lệnh chuyển tiền của doanh...' | Doc: getTransactionList | | Boost: 0.25 | Matched: ['lệnh chuyển tiền']
2025-12-31 09:18:54 | DEBUG    | log:153 | [get_keyword_boost] Query: 'Xem lệnh chuyển tiền của doanh...' | Doc: getTransactionList | | Boost: 0.25 | Matched: ['lệnh chuyển tiền']
2025-12-31 09:18:54 | DEBUG    | log:153 | [get_keyword_boost] Query: 'Xem lệnh chuyển tiền của doanh...' | Doc: getTransactionList | | Boost: 0.25 | Matched: ['lệnh chuyển tiền']
2025-12-31 09:18:54 | DEBUG    | log:153 | [get_keyword_boost] Query: 'Xem lệnh chuyển tiền của doanh...' | Doc: getTransactionList | | Boost: 0.25 | Matched: ['lệnh chuyển tiền']
2025-12-31 09:18:54 | DEBUG    | log:153 | [get_keyword_boost] Query: 'Xem lệnh chuyển tiền của doanh...' | Doc: getTransactionList | | Boost: 0.25 | Matched: ['lệnh chuyển tiền']
2025-12-31 09:18:54 | DEBUG    | log:153 | [get_keyword_boost] Query: 'Xem lệnh chuyển tiền của doanh...' | Doc: getTransactionList | | Boost: 0.25 | Matched: ['lệnh chuyển tiền']
2025-12-31 09:18:54 | DEBUG    | log:153 | [get_keyword_boost] Query: 'Xem lệnh chuyển tiền của doanh...' | Doc: getTransactionList | | Boost: 0.25 | Matched: ['lệnh chuyển tiền']
2025-12-31 09:18:54 | DEBUG    | log:153 | [get_keyword_boost] Query: 'Xem lệnh chuyển tiền của doanh...' | Doc: getTransactionList | | Boost: 0.25 | Matched: ['lệnh chuyển tiền']
2025-12-31 09:18:54 | DEBUG    | log:153 | [classify_query_intent] Ambiguous: 'Xem lệnh chuyển tiền của doanh...' | Scores: {'Tra cứu giao dịch theo loại giao dịch': 1, 'Tra cứu giao dịch chuyển tiền': 1, 'getTransactionList | Tra cứu toàn bộ giao dịch đang chờ xử lý hoặc chờ duyệt': 1, 'getTransactionList | Tra cứu giao dịch chờ duyệt theo số tài khoản nguồn': 1, 'getTransactionList | Tra cứu giao dịch chờ duyệt theo khoảng thời gian': 1, 'getTransactionList | Tra cứu giao dịch chờ duyệt theo loại giao dịch': 1, 'getTransactionList | Tra cứu giao dịch chờ duyệt theo số tiền hoặc hạn mức': 1, 'getTransactionList | Kiểm tra trạng thái phê duyệt của giao dịch': 1, 'getTransactionList | Tra cứu giao dịch doanh nghiệp đang chờ duyệt': 1, 'getTransactionList | Tra cứu giao dịch theo kênh tạo lệnh': 1}
2025-12-31 09:18:54 | DEBUG    | log:153 | [normalize_query] 'list gd cty chua dc confirm...' -> 'List gd cty chua dc confirm...'
2025-12-31 09:18:54 | DEBUG    | log:153 | [perform_hybrid_search] query_text: [list gd cty chua dc confirm] - formatted_query: [List gd cty chua dc confirm] - normalized_query: [List gd cty chua dc confirm]
2025-12-31 09:18:54 | DEBUG    | log:153 | [perform_hybrid_search] BM25 raw scores: min=0.0000, max=1.9993
2025-12-31 09:18:54 | DEBUG    | log:153 | [classify_query_intent] No keyword matches found in: 'List gd cty chua dc confirm'
2025-12-31 09:18:54 | DEBUG    | log:153 | [normalize_query] 'hiển thị lệnh corp đang chờ checker...' -> 'Hiển thị lệnh corp đang chờ checker...'
2025-12-31 09:18:54 | DEBUG    | log:153 | [perform_hybrid_search] query_text: [hiển thị lệnh corp đang chờ checker] - formatted_query: [Hiển thị lệnh corp đang chờ checker] - normalized_query: [Hiển thị lệnh corp đang chờ checker]
2025-12-31 09:18:54 | DEBUG    | log:153 | [perform_hybrid_search] BM25 raw scores: min=0.0000, max=21.1884
2025-12-31 09:18:54 | DEBUG    | log:153 | [get_keyword_boost] Query: 'Hiển thị lệnh corp đang chờ ch...' | Doc: Tra cứu giao dịch th | Boost: 0.25 | Matched: ['chờ']
2025-12-31 09:18:54 | DEBUG    | log:153 | [get_keyword_boost] Query: 'Hiển thị lệnh corp đang chờ ch...' | Doc: Tra cứu giao dịch ch | Boost: 0.25 | Matched: ['ck']
2025-12-31 09:18:54 | DEBUG    | log:153 | [classify_query_intent] Ambiguous: 'Hiển thị lệnh corp đang chờ ch...' | Scores: {'Tra cứu giao dịch theo trạng thái': 1, 'Tra cứu giao dịch chuyển tiền': 1}
2025-12-31 09:18:54 | DEBUG    | log:153 | [normalize_query] 'gd doanh nghiệp chờ duyệt...' -> 'Gd doanh nghiệp chờ duyệt...'
2025-12-31 09:18:54 | DEBUG    | log:153 | [perform_hybrid_search] query_text: [gd doanh nghiệp chờ duyệt] - formatted_query: [Gd doanh nghiệp chờ duyệt] - normalized_query: [Gd doanh nghiệp chờ duyệt]
2025-12-31 09:18:54 | DEBUG    | log:153 | [perform_hybrid_search] BM25 raw scores: min=0.0000, max=11.9106
2025-12-31 09:18:54 | DEBUG    | log:153 | [get_keyword_boost] Query: 'Gd doanh nghiệp chờ duyệt...' | Doc: Tra cứu giao dịch th | Boost: 0.25 | Matched: ['chờ']
2025-12-31 09:18:54 | DEBUG    | log:153 | [get_keyword_boost] Query: 'Gd doanh nghiệp chờ duyệt...' | Doc: getTransactionList | | Boost: 0.25 | Matched: ['chờ duyệt']
2025-12-31 09:18:54 | DEBUG    | log:153 | [get_keyword_boost] Query: 'Gd doanh nghiệp chờ duyệt...' | Doc: getTransactionList | | Boost: 0.25 | Matched: ['chờ duyệt']
2025-12-31 09:18:54 | DEBUG    | log:153 | [get_keyword_boost] Query: 'Gd doanh nghiệp chờ duyệt...' | Doc: getTransactionList | | Boost: 0.25 | Matched: ['chờ duyệt']
2025-12-31 09:18:54 | DEBUG    | log:153 | [get_keyword_boost] Query: 'Gd doanh nghiệp chờ duyệt...' | Doc: getTransactionList | | Boost: 0.25 | Matched: ['chờ duyệt']
2025-12-31 09:18:54 | DEBUG    | log:153 | [get_keyword_boost] Query: 'Gd doanh nghiệp chờ duyệt...' | Doc: getTransactionList | | Boost: 0.25 | Matched: ['chờ duyệt']
2025-12-31 09:18:54 | DEBUG    | log:153 | [get_keyword_boost] Query: 'Gd doanh nghiệp chờ duyệt...' | Doc: getTransactionList | | Boost: 0.25 | Matched: ['chờ duyệt']
2025-12-31 09:18:54 | DEBUG    | log:153 | [get_keyword_boost] Query: 'Gd doanh nghiệp chờ duyệt...' | Doc: getTransactionList | | Boost: 0.25 | Matched: ['chờ duyệt']
2025-12-31 09:18:54 | DEBUG    | log:153 | [get_keyword_boost] Query: 'Gd doanh nghiệp chờ duyệt...' | Doc: getTransactionList | | Boost: 0.25 | Matched: ['chờ duyệt']
2025-12-31 09:18:54 | DEBUG    | log:153 | [classify_query_intent] Ambiguous: 'Gd doanh nghiệp chờ duyệt...' | Scores: {'Tra cứu giao dịch theo trạng thái': 1, 'getTransactionList | Tra cứu toàn bộ giao dịch đang chờ xử lý hoặc chờ duyệt': 1, 'getTransactionList | Tra cứu giao dịch chờ duyệt theo số tài khoản nguồn': 1, 'getTransactionList | Tra cứu giao dịch chờ duyệt theo khoảng thời gian': 1, 'getTransactionList | Tra cứu giao dịch chờ duyệt theo loại giao dịch': 1, 'getTransactionList | Tra cứu giao dịch chờ duyệt theo số tiền hoặc hạn mức': 1, 'getTransactionList | Kiểm tra trạng thái phê duyệt của giao dịch': 1, 'getTransactionList | Tra cứu giao dịch doanh nghiệp đang chờ duyệt': 1, 'getTransactionList | Tra cứu giao dịch theo kênh tạo lệnh': 1}
2025-12-31 09:18:54 | DEBUG    | log:153 | [normalize_query] 'có lệnh cty nào chưa xử lý ko...' -> 'Có lệnh cty nào chưa xử lý ko...'
2025-12-31 09:18:54 | DEBUG    | log:153 | [perform_hybrid_search] query_text: [có lệnh cty nào chưa xử lý ko] - formatted_query: [Có lệnh cty nào chưa xử lý ko] - normalized_query: [Có lệnh cty nào chưa xử lý ko]
2025-12-31 09:18:54 | DEBUG    | log:153 | [perform_hybrid_search] BM25 raw scores: min=0.0000, max=28.4586
2025-12-31 09:18:54 | DEBUG    | log:153 | [get_keyword_boost] Query: 'Có lệnh cty nào chưa xử lý ko...' | Doc: Tra cứu giao dịch th | Boost: 0.25 | Matched: ['xử lý']
2025-12-31 09:18:54 | DEBUG    | log:153 | [classify_query_intent] Classified: 'Có lệnh cty nào chưa xử lý ko...' -> Tra cứu giao dịch theo trạng t (score=1)
2025-12-31 09:18:54 | DEBUG    | log:153 | [normalize_query] 'tìm gd doanh nghiệp đang đợi phê duyệt...' -> 'Tìm gd doanh nghiệp đang đợi phê duyệt...'
2025-12-31 09:18:54 | DEBUG    | log:153 | [perform_hybrid_search] query_text: [tìm gd doanh nghiệp đang đợi phê duyệt] - formatted_query: [Tìm gd doanh nghiệp đang đợi phê duyệt] - normalized_query: [Tìm gd doanh nghiệp đang đợi phê duyệt]
2025-12-31 09:18:54 | DEBUG    | log:153 | [perform_hybrid_search] BM25 raw scores: min=0.0000, max=20.3752
2025-12-31 09:18:54 | DEBUG    | log:153 | [get_keyword_boost] Query: 'Tìm gd doanh nghiệp đang đợi p...' | Doc: Tra cứu giao dịch th | Boost: 0.25 | Matched: ['phê duyệt']
2025-12-31 09:18:54 | DEBUG    | log:153 | [classify_query_intent] Classified: 'Tìm gd doanh nghiệp đang đợi p...' -> Tra cứu giao dịch theo trạng t (score=1)
2025-12-31 09:18:54 | DEBUG    | log:153 | [normalize_query] 'ds lệnh doanh nghiệp chưa ok...' -> 'Ds lệnh doanh nghiệp chưa ok...'
2025-12-31 09:18:54 | DEBUG    | log:153 | [perform_hybrid_search] query_text: [ds lệnh doanh nghiệp chưa ok] - formatted_query: [Ds lệnh doanh nghiệp chưa ok] - normalized_query: [Ds lệnh doanh nghiệp chưa ok]
2025-12-31 09:18:54 | DEBUG    | log:153 | [perform_hybrid_search] BM25 raw scores: min=0.0000, max=20.9772
2025-12-31 09:18:54 | DEBUG    | log:153 | [classify_query_intent] No keyword matches found in: 'Ds lệnh doanh nghiệp chưa ok'
2025-12-31 09:18:54 | DEBUG    | log:153 | [normalize_query] 'gd corp chưa xong...' -> 'Gd corp chưa xong...'
2025-12-31 09:18:54 | DEBUG    | log:153 | [perform_hybrid_search] query_text: [gd corp chưa xong] - formatted_query: [Gd corp chưa xong] - normalized_query: [Gd corp chưa xong]
2025-12-31 09:18:54 | DEBUG    | log:153 | [perform_hybrid_search] BM25 raw scores: min=0.0000, max=1.9993
2025-12-31 09:18:54 | DEBUG    | log:153 | [classify_query_intent] No keyword matches found in: 'Gd corp chưa xong'
2025-12-31 09:18:54 | DEBUG    | log:153 | [normalize_query] 'xem ds chờ duyệt của cty...' -> 'Xem ds chờ duyệt của cty...'
2025-12-31 09:18:54 | DEBUG    | log:153 | [perform_hybrid_search] query_text: [xem ds chờ duyệt của cty] - formatted_query: [Xem ds chờ duyệt của cty] - normalized_query: [Xem ds chờ duyệt của cty]
2025-12-31 09:18:54 | DEBUG    | log:153 | [perform_hybrid_search] BM25 raw scores: min=0.0000, max=7.7443
2025-12-31 09:18:54 | DEBUG    | log:153 | [get_keyword_boost] Query: 'Xem ds chờ duyệt của cty...' | Doc: Tra cứu giao dịch th | Boost: 0.25 | Matched: ['chờ']
2025-12-31 09:18:54 | DEBUG    | log:153 | [get_keyword_boost] Query: 'Xem ds chờ duyệt của cty...' | Doc: getTransactionList | | Boost: 0.25 | Matched: ['chờ duyệt']
2025-12-31 09:18:54 | DEBUG    | log:153 | [get_keyword_boost] Query: 'Xem ds chờ duyệt của cty...' | Doc: getTransactionList | | Boost: 0.25 | Matched: ['chờ duyệt']
2025-12-31 09:18:54 | DEBUG    | log:153 | [get_keyword_boost] Query: 'Xem ds chờ duyệt của cty...' | Doc: getTransactionList | | Boost: 0.25 | Matched: ['chờ duyệt']
2025-12-31 09:18:54 | DEBUG    | log:153 | [get_keyword_boost] Query: 'Xem ds chờ duyệt của cty...' | Doc: getTransactionList | | Boost: 0.25 | Matched: ['chờ duyệt']
2025-12-31 09:18:54 | DEBUG    | log:153 | [get_keyword_boost] Query: 'Xem ds chờ duyệt của cty...' | Doc: getTransactionList | | Boost: 0.25 | Matched: ['chờ duyệt']
2025-12-31 09:18:54 | DEBUG    | log:153 | [get_keyword_boost] Query: 'Xem ds chờ duyệt của cty...' | Doc: getTransactionList | | Boost: 0.25 | Matched: ['chờ duyệt']
2025-12-31 09:18:54 | DEBUG    | log:153 | [get_keyword_boost] Query: 'Xem ds chờ duyệt của cty...' | Doc: getTransactionList | | Boost: 0.25 | Matched: ['chờ duyệt']
2025-12-31 09:18:54 | DEBUG    | log:153 | [get_keyword_boost] Query: 'Xem ds chờ duyệt của cty...' | Doc: getTransactionList | | Boost: 0.25 | Matched: ['chờ duyệt']
2025-12-31 09:18:54 | DEBUG    | log:153 | [classify_query_intent] Ambiguous: 'Xem ds chờ duyệt của cty...' | Scores: {'Tra cứu giao dịch theo trạng thái': 1, 'getTransactionList | Tra cứu toàn bộ giao dịch đang chờ xử lý hoặc chờ duyệt': 1, 'getTransactionList | Tra cứu giao dịch chờ duyệt theo số tài khoản nguồn': 1, 'getTransactionList | Tra cứu giao dịch chờ duyệt theo khoảng thời gian': 1, 'getTransactionList | Tra cứu giao dịch chờ duyệt theo loại giao dịch': 1, 'getTransactionList | Tra cứu giao dịch chờ duyệt theo số tiền hoặc hạn mức': 1, 'getTransactionList | Kiểm tra trạng thái phê duyệt của giao dịch': 1, 'getTransactionList | Tra cứu giao dịch doanh nghiệp đang chờ duyệt': 1, 'getTransactionList | Tra cứu giao dịch theo kênh tạo lệnh': 1}
2025-12-31 09:18:54 | DEBUG    | log:153 | [normalize_query] 'check gd bill dang doi...' -> 'Check gd bill dang doi...'
2025-12-31 09:18:54 | DEBUG    | log:153 | [perform_hybrid_search] query_text: [check gd bill dang doi] - formatted_query: [Check gd bill dang doi] - normalized_query: [Check gd bill dang doi]
2025-12-31 09:18:54 | DEBUG    | log:153 | [perform_hybrid_search] BM25 raw scores: min=0.0000, max=0.4586
2025-12-31 09:18:54 | DEBUG    | log:153 | [get_keyword_boost] Query: 'Check gd bill dang doi...' | Doc: Tra cứu giao dịch ch | Boost: 0.25 | Matched: ['ck']
2025-12-31 09:18:54 | DEBUG    | log:153 | [classify_query_intent] Classified: 'Check gd bill dang doi...' -> Tra cứu giao dịch chuyển tiền (score=1)
2025-12-31 09:18:54 | DEBUG    | log:153 | [normalize_query] 'liet ke ck chua duyet...' -> 'Liet ke ck chua duyet...'
2025-12-31 09:18:54 | DEBUG    | log:153 | [perform_hybrid_search] query_text: [liet ke ck chua duyet] - formatted_query: [Liet ke ck chua duyet] - normalized_query: [Liet ke ck chua duyet]
2025-12-31 09:18:54 | DEBUG    | log:153 | [perform_hybrid_search] BM25 raw scores: min=0.0000, max=14.7643
2025-12-31 09:18:54 | DEBUG    | log:153 | [get_keyword_boost] Query: 'Liet ke ck chua duyet...' | Doc: Tra cứu giao dịch ch | Boost: 0.25 | Matched: ['ck']
2025-12-31 09:18:54 | DEBUG    | log:153 | [classify_query_intent] Classified: 'Liet ke ck chua duyet...' -> Tra cứu giao dịch chuyển tiền (score=1)
2025-12-31 09:18:54 | DEBUG    | log:153 | [normalize_query] 'gd the co lenh nao dang treo ko...' -> 'Gd the co lenh nao dang treo ko...'
2025-12-31 09:18:54 | DEBUG    | log:153 | [perform_hybrid_search] query_text: [gd the co lenh nao dang treo ko] - formatted_query: [Gd the co lenh nao dang treo ko] - normalized_query: [Gd the co lenh nao dang treo ko]
2025-12-31 09:18:54 | DEBUG    | log:153 | [perform_hybrid_search] BM25 raw scores: min=0.3719, max=9.5732
2025-12-31 09:18:54 | DEBUG    | log:153 | [classify_query_intent] No keyword matches found in: 'Gd the co lenh nao dang treo ko'
2025-12-31 09:18:54 | DEBUG    | log:153 | [normalize_query] 'show me pending card trans...' -> 'Show me pending card trans...'
2025-12-31 09:18:54 | DEBUG    | log:153 | [perform_hybrid_search] query_text: [show me pending card trans] - formatted_query: [Show me pending card trans] - normalized_query: [Show me pending card trans]
2025-12-31 09:18:54 | DEBUG    | log:153 | [perform_hybrid_search] BM25 raw scores: min=0.0000, max=1.7247
2025-12-31 09:18:54 | DEBUG    | log:153 | [get_keyword_boost] Query: 'Show me pending card trans...' | Doc: Tra cứu giao dịch th | Boost: 0.25 | Matched: ['card']
2025-12-31 09:18:54 | DEBUG    | log:153 | [get_keyword_boost] Query: 'Show me pending card trans...' | Doc: getTransactionList | | Boost: 0.25 | Matched: ['pending']
2025-12-31 09:18:54 | DEBUG    | log:153 | [get_keyword_boost] Query: 'Show me pending card trans...' | Doc: getTransactionList | | Boost: 0.25 | Matched: ['pending']
2025-12-31 09:18:54 | DEBUG    | log:153 | [get_keyword_boost] Query: 'Show me pending card trans...' | Doc: getTransactionList | | Boost: 0.25 | Matched: ['pending']
2025-12-31 09:18:54 | DEBUG    | log:153 | [get_keyword_boost] Query: 'Show me pending card trans...' | Doc: getTransactionList | | Boost: 0.25 | Matched: ['pending']
2025-12-31 09:18:54 | DEBUG    | log:153 | [get_keyword_boost] Query: 'Show me pending card trans...' | Doc: getTransactionList | | Boost: 0.25 | Matched: ['pending']
2025-12-31 09:18:54 | DEBUG    | log:153 | [get_keyword_boost] Query: 'Show me pending card trans...' | Doc: getTransactionList | | Boost: 0.25 | Matched: ['pending']
2025-12-31 09:18:54 | DEBUG    | log:153 | [get_keyword_boost] Query: 'Show me pending card trans...' | Doc: getTransactionList | | Boost: 0.25 | Matched: ['pending']
2025-12-31 09:18:54 | DEBUG    | log:153 | [get_keyword_boost] Query: 'Show me pending card trans...' | Doc: getTransactionList | | Boost: 0.25 | Matched: ['pending']
2025-12-31 09:18:54 | DEBUG    | log:153 | [classify_query_intent] Ambiguous: 'Show me pending card trans...' | Scores: {'Tra cứu giao dịch thẻ': 1, 'getTransactionList | Tra cứu toàn bộ giao dịch đang chờ xử lý hoặc chờ duyệt': 1, 'getTransactionList | Tra cứu giao dịch chờ duyệt theo số tài khoản nguồn': 1, 'getTransactionList | Tra cứu giao dịch chờ duyệt theo khoảng thời gian': 1, 'getTransactionList | Tra cứu giao dịch chờ duyệt theo loại giao dịch': 1, 'getTransactionList | Tra cứu giao dịch chờ duyệt theo số tiền hoặc hạn mức': 1, 'getTransactionList | Kiểm tra trạng thái phê duyệt của giao dịch': 1, 'getTransactionList | Tra cứu giao dịch doanh nghiệp đang chờ duyệt': 1, 'getTransactionList | Tra cứu giao dịch theo kênh tạo lệnh': 1}
2025-12-31 09:18:54 | DEBUG    | log:153 | [normalize_query] 'tk hoa don nao chua dc approve...' -> 'Tk hoa don nao chua dc approve...'
2025-12-31 09:18:54 | DEBUG    | log:153 | [perform_hybrid_search] query_text: [tk hoa don nao chua dc approve] - formatted_query: [Tk hoa don nao chua dc approve] - normalized_query: [Tk hoa don nao chua dc approve]
2025-12-31 09:18:54 | DEBUG    | log:153 | [perform_hybrid_search] BM25 raw scores: min=0.2309, max=7.2614
2025-12-31 09:18:54 | DEBUG    | log:153 | [get_keyword_boost] Query: 'Tk hoa don nao chua dc approve...' | Doc: Tra cứu lịch sử giao | Boost: 0.25 | Matched: ['tk']
2025-12-31 09:18:54 | DEBUG    | log:153 | [classify_query_intent] Classified: 'Tk hoa don nao chua dc approve...' -> Tra cứu lịch sử giao dịch theo (score=1)
2025-12-31 09:18:54 | DEBUG    | log:153 | [normalize_query] 'check gđ chuyển khoản pending...' -> 'Check gđ chuyển khoản pending...'
2025-12-31 09:18:54 | DEBUG    | log:153 | [perform_hybrid_search] query_text: [check gđ chuyển khoản pending] - formatted_query: [Check gđ chuyển khoản pending] - normalized_query: [Check gđ chuyển khoản pending]
2025-12-31 09:18:54 | DEBUG    | log:153 | [perform_hybrid_search] BM25 raw scores: min=0.0230, max=5.5084
2025-12-31 09:18:54 | DEBUG    | log:153 | [get_keyword_boost] Query: 'Check gđ chuyển khoản pending...' | Doc: Tra cứu giao dịch ch | Boost: 0.50 | Matched: ['chuyển khoản', 'ck']
2025-12-31 09:18:54 | DEBUG    | log:153 | [get_keyword_boost] Query: 'Check gđ chuyển khoản pending...' | Doc: getTransactionList | | Boost: 0.25 | Matched: ['pending']
2025-12-31 09:18:54 | DEBUG    | log:153 | [get_keyword_boost] Query: 'Check gđ chuyển khoản pending...' | Doc: getTransactionList | | Boost: 0.25 | Matched: ['pending']
2025-12-31 09:18:54 | DEBUG    | log:153 | [get_keyword_boost] Query: 'Check gđ chuyển khoản pending...' | Doc: getTransactionList | | Boost: 0.25 | Matched: ['pending']
2025-12-31 09:18:54 | DEBUG    | log:153 | [get_keyword_boost] Query: 'Check gđ chuyển khoản pending...' | Doc: getTransactionList | | Boost: 0.25 | Matched: ['pending']
2025-12-31 09:18:54 | DEBUG    | log:153 | [get_keyword_boost] Query: 'Check gđ chuyển khoản pending...' | Doc: getTransactionList | | Boost: 0.25 | Matched: ['pending']
2025-12-31 09:18:54 | DEBUG    | log:153 | [get_keyword_boost] Query: 'Check gđ chuyển khoản pending...' | Doc: getTransactionList | | Boost: 0.25 | Matched: ['pending']
2025-12-31 09:18:54 | DEBUG    | log:153 | [get_keyword_boost] Query: 'Check gđ chuyển khoản pending...' | Doc: getTransactionList | | Boost: 0.25 | Matched: ['pending']
2025-12-31 09:18:54 | DEBUG    | log:153 | [get_keyword_boost] Query: 'Check gđ chuyển khoản pending...' | Doc: getTransactionList | | Boost: 0.25 | Matched: ['pending']
2025-12-31 09:18:54 | DEBUG    | log:153 | [classify_query_intent] Classified: 'Check gđ chuyển khoản pending...' -> Tra cứu giao dịch chuyển tiền (score=2)
2025-12-31 09:18:54 | DEBUG    | log:153 | [normalize_query] 'co gd bill nao chua thanh toan ko...' -> 'Co gd bill nao chua thanh toan ko...'
2025-12-31 09:18:54 | DEBUG    | log:153 | [perform_hybrid_search] query_text: [co gd bill nao chua thanh toan ko] - formatted_query: [Co gd bill nao chua thanh toan ko] - normalized_query: [Co gd bill nao chua thanh toan ko]
2025-12-31 09:18:54 | DEBUG    | log:153 | [perform_hybrid_search] BM25 raw scores: min=0.2331, max=14.1001
2025-12-31 09:18:54 | DEBUG    | log:153 | [classify_query_intent] No keyword matches found in: 'Co gd bill nao chua thanh toan ko'
2025-12-31 09:18:55 | DEBUG    | log:153 | [normalize_query] 'danh sach lenh ck dang doi checker...' -> 'Danh sach lenh ck dang doi checker...'
2025-12-31 09:18:55 | DEBUG    | log:153 | [perform_hybrid_search] query_text: [danh sach lenh ck dang doi checker] - formatted_query: [Danh sach lenh ck dang doi checker] - normalized_query: [Danh sach lenh ck dang doi checker]
2025-12-31 09:18:55 | DEBUG    | log:153 | [perform_hybrid_search] BM25 raw scores: min=0.2309, max=7.4583
2025-12-31 09:18:55 | DEBUG    | log:153 | [get_keyword_boost] Query: 'Danh sach lenh ck dang doi che...' | Doc: Tra cứu giao dịch ch | Boost: 0.25 | Matched: ['ck']
2025-12-31 09:18:55 | DEBUG    | log:153 | [classify_query_intent] Classified: 'Danh sach lenh ck dang doi che...' -> Tra cứu giao dịch chuyển tiền (score=1)
2025-12-31 09:18:55 | DEBUG    | log:153 | [normalize_query] 'show gd card chua duoc duyet...' -> 'Show gd card chua duoc duyet...'
2025-12-31 09:18:55 | DEBUG    | log:153 | [perform_hybrid_search] query_text: [show gd card chua duoc duyet] - formatted_query: [Show gd card chua duoc duyet] - normalized_query: [Show gd card chua duoc duyet]
2025-12-31 09:18:55 | DEBUG    | log:153 | [perform_hybrid_search] BM25 raw scores: min=0.0000, max=3.7843
2025-12-31 09:18:55 | DEBUG    | log:153 | [get_keyword_boost] Query: 'Show gd card chua duoc duyet...' | Doc: Tra cứu giao dịch th | Boost: 0.25 | Matched: ['card']
2025-12-31 09:18:55 | DEBUG    | log:153 | [classify_query_intent] Classified: 'Show gd card chua duoc duyet...' -> Tra cứu giao dịch thẻ (score=1)
2025-12-31 09:18:55 | DEBUG    | log:153 | [normalize_query] 'tim gd thanh toan hoa don dang treo...' -> 'Tim gd thanh toan hoa don dang treo...'
2025-12-31 09:18:55 | DEBUG    | log:153 | [perform_hybrid_search] query_text: [tim gd thanh toan hoa don dang treo] - formatted_query: [Tim gd thanh toan hoa don dang treo] - normalized_query: [Tim gd thanh toan hoa don dang treo]
2025-12-31 09:18:55 | DEBUG    | log:153 | [perform_hybrid_search] BM25 raw scores: min=0.0000, max=12.9306
2025-12-31 09:18:55 | DEBUG    | log:153 | [classify_query_intent] No keyword matches found in: 'Tim gd thanh toan hoa don dang treo'
2025-12-31 09:18:55 | DEBUG    | log:153 | [normalize_query] 'check status gd ck chua xong...' -> 'Check status gd ck chua xong...'
2025-12-31 09:18:55 | DEBUG    | log:153 | [perform_hybrid_search] query_text: [check status gd ck chua xong] - formatted_query: [Check status gd ck chua xong] - normalized_query: [Check status gd ck chua xong]
2025-12-31 09:18:55 | DEBUG    | log:153 | [perform_hybrid_search] BM25 raw scores: min=0.0000, max=2.8387
2025-12-31 09:18:55 | DEBUG    | log:153 | [get_keyword_boost] Query: 'Check status gd ck chua xong...' | Doc: Tra cứu giao dịch ch | Boost: 0.25 | Matched: ['ck']
2025-12-31 09:18:55 | DEBUG    | log:153 | [classify_query_intent] Classified: 'Check status gd ck chua xong...' -> Tra cứu giao dịch chuyển tiền (score=1)
2025-12-31 09:18:55 | DEBUG    | log:153 | [normalize_query] 'gd chuyen khoan co lenh nao chua ok...' -> 'Gd chuyen khoan co lenh nao chua ok...'
2025-12-31 09:18:55 | DEBUG    | log:153 | [perform_hybrid_search] query_text: [gd chuyen khoan co lenh nao chua ok] - formatted_query: [Gd chuyen khoan co lenh nao chua ok] - normalized_query: [Gd chuyen khoan co lenh nao chua ok]
2025-12-31 09:18:55 | DEBUG    | log:153 | [perform_hybrid_search] BM25 raw scores: min=0.4909, max=12.8786
2025-12-31 09:18:55 | DEBUG    | log:153 | [classify_query_intent] No keyword matches found in: 'Gd chuyen khoan co lenh nao chua ok'
2025-12-31 09:18:55 | DEBUG    | log:153 | [normalize_query] 'liet ke gd card chua phe duyet...' -> 'Liet ke gd card chua phe duyet...'
2025-12-31 09:18:55 | DEBUG    | log:153 | [perform_hybrid_search] query_text: [liet ke gd card chua phe duyet] - formatted_query: [Liet ke gd card chua phe duyet] - normalized_query: [Liet ke gd card chua phe duyet]
2025-12-31 09:18:55 | DEBUG    | log:153 | [perform_hybrid_search] BM25 raw scores: min=0.0000, max=12.4662
2025-12-31 09:18:55 | DEBUG    | log:153 | [get_keyword_boost] Query: 'Liet ke gd card chua phe duyet...' | Doc: Tra cứu giao dịch th | Boost: 0.25 | Matched: ['card']
2025-12-31 09:18:55 | DEBUG    | log:153 | [classify_query_intent] Classified: 'Liet ke gd card chua phe duyet...' -> Tra cứu giao dịch thẻ (score=1)
2025-12-31 09:18:55 | DEBUG    | log:153 | [normalize_query] 'xem lenh thanh toan bill chua dc duyet...' -> 'Xem lenh thanh toan bill chua dc duyet...'
2025-12-31 09:18:55 | DEBUG    | log:153 | [perform_hybrid_search] query_text: [xem lenh thanh toan bill chua dc duyet] - formatted_query: [Xem lenh thanh toan bill chua dc duyet] - normalized_query: [Xem lenh thanh toan bill chua dc duyet]
2025-12-31 09:18:55 | DEBUG    | log:153 | [perform_hybrid_search] BM25 raw scores: min=0.4586, max=13.4046
2025-12-31 09:18:55 | DEBUG    | log:153 | [classify_query_intent] No keyword matches found in: 'Xem lenh thanh toan bill chua dc duyet'
2025-12-31 09:18:55 | DEBUG    | log:153 | [normalize_query] 'check transactions chuyen khoan pending...' -> 'Check transactions chuyen khoan pending...'
2025-12-31 09:18:55 | DEBUG    | log:153 | [perform_hybrid_search] query_text: [check transactions chuyen khoan pending] - formatted_query: [Check transactions chuyen khoan pending] - normalized_query: [Check transactions chuyen khoan pending]
2025-12-31 09:18:55 | DEBUG    | log:153 | [perform_hybrid_search] BM25 raw scores: min=0.0230, max=5.5084
2025-12-31 09:18:55 | DEBUG    | log:153 | [get_keyword_boost] Query: 'Check transactions chuyen khoa...' | Doc: Tra cứu giao dịch ch | Boost: 0.25 | Matched: ['ck']
2025-12-31 09:18:55 | DEBUG    | log:153 | [get_keyword_boost] Query: 'Check transactions chuyen khoa...' | Doc: getTransactionList | | Boost: 0.25 | Matched: ['pending']
2025-12-31 09:18:55 | DEBUG    | log:153 | [get_keyword_boost] Query: 'Check transactions chuyen khoa...' | Doc: getTransactionList | | Boost: 0.25 | Matched: ['pending']
2025-12-31 09:18:55 | DEBUG    | log:153 | [get_keyword_boost] Query: 'Check transactions chuyen khoa...' | Doc: getTransactionList | | Boost: 0.25 | Matched: ['pending']
2025-12-31 09:18:55 | DEBUG    | log:153 | [get_keyword_boost] Query: 'Check transactions chuyen khoa...' | Doc: getTransactionList | | Boost: 0.25 | Matched: ['pending']
2025-12-31 09:18:55 | DEBUG    | log:153 | [get_keyword_boost] Query: 'Check transactions chuyen khoa...' | Doc: getTransactionList | | Boost: 0.25 | Matched: ['pending']
2025-12-31 09:18:55 | DEBUG    | log:153 | [get_keyword_boost] Query: 'Check transactions chuyen khoa...' | Doc: getTransactionList | | Boost: 0.25 | Matched: ['pending']
2025-12-31 09:18:55 | DEBUG    | log:153 | [get_keyword_boost] Query: 'Check transactions chuyen khoa...' | Doc: getTransactionList | | Boost: 0.25 | Matched: ['pending']
2025-12-31 09:18:55 | DEBUG    | log:153 | [get_keyword_boost] Query: 'Check transactions chuyen khoa...' | Doc: getTransactionList | | Boost: 0.25 | Matched: ['pending']
2025-12-31 09:18:55 | DEBUG    | log:153 | [classify_query_intent] Ambiguous: 'Check transactions chuyen khoa...' | Scores: {'Tra cứu giao dịch chuyển tiền': 1, 'getTransactionList | Tra cứu toàn bộ giao dịch đang chờ xử lý hoặc chờ duyệt': 1, 'getTransactionList | Tra cứu giao dịch chờ duyệt theo số tài khoản nguồn': 1, 'getTransactionList | Tra cứu giao dịch chờ duyệt theo khoảng thời gian': 1, 'getTransactionList | Tra cứu giao dịch chờ duyệt theo loại giao dịch': 1, 'getTransactionList | Tra cứu giao dịch chờ duyệt theo số tiền hoặc hạn mức': 1, 'getTransactionList | Kiểm tra trạng thái phê duyệt của giao dịch': 1, 'getTransactionList | Tra cứu giao dịch doanh nghiệp đang chờ duyệt': 1, 'getTransactionList | Tra cứu giao dịch theo kênh tạo lệnh': 1}
2025-12-31 09:18:55 | DEBUG    | log:153 | [normalize_query] 'co giao dịch thẻ nào chưa duyệt ko...' -> 'Co giao dịch thẻ nào chưa duyệt ko...'
2025-12-31 09:18:55 | DEBUG    | log:153 | [perform_hybrid_search] query_text: [co giao dịch thẻ nào chưa duyệt ko] - formatted_query: [Co giao dịch thẻ nào chưa duyệt ko] - normalized_query: [Co giao dịch thẻ nào chưa duyệt ko]
2025-12-31 09:18:55 | DEBUG    | log:153 | [perform_hybrid_search] BM25 raw scores: min=0.0647, max=40.4134
2025-12-31 09:18:55 | DEBUG    | log:153 | [get_keyword_boost] Query: 'Co giao dịch thẻ nào chưa duyệ...' | Doc: Tra cứu giao dịch th | Boost: 0.25 | Matched: ['thẻ']
2025-12-31 09:18:55 | DEBUG    | log:153 | [classify_query_intent] Classified: 'Co giao dịch thẻ nào chưa duyệ...' -> Tra cứu giao dịch thẻ (score=1)
2025-12-31 09:18:55 | DEBUG    | log:153 | [normalize_query] 'danh sach gd ck chua hoan tat...' -> 'Danh sach gd ck chua hoan tat...'
2025-12-31 09:18:55 | DEBUG    | log:153 | [perform_hybrid_search] query_text: [danh sach gd ck chua hoan tat] - formatted_query: [Danh sach gd ck chua hoan tat] - normalized_query: [Danh sach gd ck chua hoan tat]
2025-12-31 09:18:55 | DEBUG    | log:153 | [perform_hybrid_search] BM25 raw scores: min=0.2309, max=13.2263
2025-12-31 09:18:55 | DEBUG    | log:153 | [get_keyword_boost] Query: 'Danh sach gd ck chua hoan tat...' | Doc: Tra cứu giao dịch ch | Boost: 0.25 | Matched: ['ck']
2025-12-31 09:18:55 | DEBUG    | log:153 | [classify_query_intent] Classified: 'Danh sach gd ck chua hoan tat...' -> Tra cứu giao dịch chuyển tiền (score=1)
2025-12-31 09:18:55 | DEBUG    | log:153 | [normalize_query] 'show lenh card dang cho xuly...' -> 'Show lenh card dang cho xuly...'
2025-12-31 09:18:55 | DEBUG    | log:153 | [perform_hybrid_search] query_text: [show lenh card dang cho xuly] - formatted_query: [Show lenh card dang cho xuly] - normalized_query: [Show lenh card dang cho xuly]
2025-12-31 09:18:55 | DEBUG    | log:153 | [perform_hybrid_search] BM25 raw scores: min=0.2091, max=1.9967
2025-12-31 09:18:55 | DEBUG    | log:153 | [get_keyword_boost] Query: 'Show lenh card dang cho xuly...' | Doc: Tra cứu giao dịch th | Boost: 0.25 | Matched: ['card']
2025-12-31 09:18:55 | DEBUG    | log:153 | [classify_query_intent] Classified: 'Show lenh card dang cho xuly...' -> Tra cứu giao dịch thẻ (score=1)
2025-12-31 09:18:55 | DEBUG    | log:153 | [normalize_query] 'ktr gd thanh toan bill dang doi...' -> 'Ktr gd thanh toan bill dang doi...'
2025-12-31 09:18:55 | DEBUG    | log:153 | [perform_hybrid_search] query_text: [ktr gd thanh toan bill dang doi] - formatted_query: [Ktr gd thanh toan bill dang doi] - normalized_query: [Ktr gd thanh toan bill dang doi]
2025-12-31 09:18:55 | DEBUG    | log:153 | [perform_hybrid_search] BM25 raw scores: min=0.0000, max=8.3679
2025-12-31 09:18:55 | DEBUG    | log:153 | [classify_query_intent] No keyword matches found in: 'Ktr gd thanh toan bill dang doi'
2025-12-31 09:18:55 | DEBUG    | log:153 | [normalize_query] 'tim các giao dịch chuyển tiền chưa duyệt...' -> 'Tim các giao dịch chuyển tiền chưa duyệt...'
2025-12-31 09:18:55 | DEBUG    | log:153 | [perform_hybrid_search] query_text: [tim các giao dịch chuyển tiền chưa duyệt] - formatted_query: [Tim các giao dịch chuyển tiền chưa duyệt] - normalized_query: [Tim các giao dịch chuyển tiền chưa duyệt]
2025-12-31 09:18:55 | DEBUG    | log:153 | [perform_hybrid_search] BM25 raw scores: min=0.1546, max=23.5784
2025-12-31 09:18:55 | DEBUG    | log:153 | [get_keyword_boost] Query: 'Tim các giao dịch chuyển tiền ...' | Doc: Tra cứu giao dịch th | Boost: 0.25 | Matched: ['chuyển tiền']
2025-12-31 09:18:55 | DEBUG    | log:153 | [get_keyword_boost] Query: 'Tim các giao dịch chuyển tiền ...' | Doc: Tra cứu giao dịch ch | Boost: 0.25 | Matched: ['chuyển tiền']
2025-12-31 09:18:55 | DEBUG    | log:153 | [classify_query_intent] Ambiguous: 'Tim các giao dịch chuyển tiền ...' | Scores: {'Tra cứu giao dịch theo loại giao dịch': 1, 'Tra cứu giao dịch chuyển tiền': 1}
2025-12-31 09:18:55 | DEBUG    | log:153 | [normalize_query] 'gd tren 50tr dang treo...' -> 'Gd tren 50tr dang treo...'
2025-12-31 09:18:55 | DEBUG    | log:153 | [perform_hybrid_search] query_text: [gd tren 50tr dang treo] - formatted_query: [Gd tren 50tr dang treo] - normalized_query: [Gd tren 50tr dang treo]
2025-12-31 09:18:55 | DEBUG    | log:153 | [perform_hybrid_search] BM25 raw scores: min=0.0000, max=5.8544
2025-12-31 09:18:55 | DEBUG    | log:153 | [classify_query_intent] No keyword matches found in: 'Gd tren 50tr dang treo'
2025-12-31 09:18:55 | DEBUG    | log:153 | [normalize_query] 'check gd > 100tr chua duyet...' -> 'Check gd > 100tr chua duyet...'
2025-12-31 09:18:55 | DEBUG    | log:153 | [perform_hybrid_search] query_text: [check gd > 100tr chua duyet] - formatted_query: [Check gd > 100tr chua duyet] - normalized_query: [Check gd > 100tr chua duyet]
2025-12-31 09:18:55 | DEBUG    | log:153 | [perform_hybrid_search] BM25 raw scores: min=0.0000, max=7.4443
2025-12-31 09:18:55 | DEBUG    | log:153 | [get_keyword_boost] Query: 'Check gd > 100tr chua duyet...' | Doc: Tra cứu giao dịch ch | Boost: 0.25 | Matched: ['ck']
2025-12-31 09:18:55 | DEBUG    | log:153 | [classify_query_intent] Classified: 'Check gd > 100tr chua duyet...' -> Tra cứu giao dịch chuyển tiền (score=1)
2025-12-31 09:18:55 | DEBUG    | log:153 | [normalize_query] 'lenh tren 1 ty co cai nao dang doi ko...' -> 'Lenh tren 1 ty co cai nao dang doi ko...'
2025-12-31 09:18:55 | DEBUG    | log:153 | [perform_hybrid_search] query_text: [lenh tren 1 ty co cai nao dang doi ko] - formatted_query: [Lenh tren 1 ty co cai nao dang doi ko] - normalized_query: [Lenh tren 1 ty co cai nao dang doi ko]
2025-12-31 09:18:55 | DEBUG    | log:153 | [perform_hybrid_search] BM25 raw scores: min=0.2331, max=13.8157
2025-12-31 09:18:55 | DEBUG    | log:153 | [classify_query_intent] No keyword matches found in: 'Lenh tren 1 ty co cai nao dang doi ko'
2025-12-31 09:18:55 | DEBUG    | log:153 | [normalize_query] 'show gd pending amount lon...' -> 'Show gd pending amount lon...'
2025-12-31 09:18:55 | DEBUG    | log:153 | [perform_hybrid_search] query_text: [show gd pending amount lon] - formatted_query: [Show gd pending amount lon] - normalized_query: [Show gd pending amount lon]
2025-12-31 09:18:55 | DEBUG    | log:153 | [perform_hybrid_search] BM25 raw scores: min=0.0000, max=4.2731
2025-12-31 09:18:55 | DEBUG    | log:153 | [get_keyword_boost] Query: 'Show gd pending amount lon...' | Doc: getTransactionList | | Boost: 0.25 | Matched: ['pending']
2025-12-31 09:18:55 | DEBUG    | log:153 | [get_keyword_boost] Query: 'Show gd pending amount lon...' | Doc: getTransactionList | | Boost: 0.25 | Matched: ['pending']
2025-12-31 09:18:55 | DEBUG    | log:153 | [get_keyword_boost] Query: 'Show gd pending amount lon...' | Doc: getTransactionList | | Boost: 0.25 | Matched: ['pending']
2025-12-31 09:18:55 | DEBUG    | log:153 | [get_keyword_boost] Query: 'Show gd pending amount lon...' | Doc: getTransactionList | | Boost: 0.25 | Matched: ['pending']
2025-12-31 09:18:55 | DEBUG    | log:153 | [get_keyword_boost] Query: 'Show gd pending amount lon...' | Doc: getTransactionList | | Boost: 0.25 | Matched: ['pending']
2025-12-31 09:18:55 | DEBUG    | log:153 | [get_keyword_boost] Query: 'Show gd pending amount lon...' | Doc: getTransactionList | | Boost: 0.25 | Matched: ['pending']
2025-12-31 09:18:55 | DEBUG    | log:153 | [get_keyword_boost] Query: 'Show gd pending amount lon...' | Doc: getTransactionList | | Boost: 0.25 | Matched: ['pending']
2025-12-31 09:18:55 | DEBUG    | log:153 | [get_keyword_boost] Query: 'Show gd pending amount lon...' | Doc: getTransactionList | | Boost: 0.25 | Matched: ['pending']
2025-12-31 09:18:55 | DEBUG    | log:153 | [classify_query_intent] Ambiguous: 'Show gd pending amount lon...' | Scores: {'getTransactionList | Tra cứu toàn bộ giao dịch đang chờ xử lý hoặc chờ duyệt': 1, 'getTransactionList | Tra cứu giao dịch chờ duyệt theo số tài khoản nguồn': 1, 'getTransactionList | Tra cứu giao dịch chờ duyệt theo khoảng thời gian': 1, 'getTransactionList | Tra cứu giao dịch chờ duyệt theo loại giao dịch': 1, 'getTransactionList | Tra cứu giao dịch chờ duyệt theo số tiền hoặc hạn mức': 1, 'getTransactionList | Kiểm tra trạng thái phê duyệt của giao dịch': 1, 'getTransactionList | Tra cứu giao dịch doanh nghiệp đang chờ duyệt': 1, 'getTransactionList | Tra cứu giao dịch theo kênh tạo lệnh': 1}
2025-12-31 09:18:55 | DEBUG    | log:153 | [normalize_query] 'tim gd tren 200 cu chua phe duyet...' -> 'Tim gd tren 200 cu chua phe duyet...'
2025-12-31 09:18:55 | DEBUG    | log:153 | [perform_hybrid_search] query_text: [tim gd tren 200 cu chua phe duyet] - formatted_query: [Tim gd tren 200 cu chua phe duyet] - normalized_query: [Tim gd tren 200 cu chua phe duyet]
2025-12-31 09:18:55 | DEBUG    | log:153 | [perform_hybrid_search] BM25 raw scores: min=0.0000, max=9.8142
2025-12-31 09:18:55 | DEBUG    | log:153 | [classify_query_intent] No keyword matches found in: 'Tim gd tren 200 cu chua phe duyet'
2025-12-31 09:18:55 | DEBUG    | log:153 | [normalize_query] 'check gđ giá trị cao dang treo...' -> 'Check gđ giá trị cao dang treo...'
2025-12-31 09:18:55 | DEBUG    | log:153 | [perform_hybrid_search] query_text: [check gđ giá trị cao dang treo] - formatted_query: [Check gđ giá trị cao dang treo] - normalized_query: [Check gđ giá trị cao dang treo]
2025-12-31 09:18:55 | DEBUG    | log:153 | [perform_hybrid_search] BM25 raw scores: min=0.0000, max=29.7415
2025-12-31 09:18:55 | DEBUG    | log:153 | [get_keyword_boost] Query: 'Check gđ giá trị cao dang treo...' | Doc: Tra cứu giao dịch th | Boost: 0.25 | Matched: ['giá trị']
2025-12-31 09:18:55 | DEBUG    | log:153 | [get_keyword_boost] Query: 'Check gđ giá trị cao dang treo...' | Doc: Tra cứu giao dịch ch | Boost: 0.25 | Matched: ['ck']
2025-12-31 09:18:55 | DEBUG    | log:153 | [classify_query_intent] Ambiguous: 'Check gđ giá trị cao dang treo...' | Scores: {'Tra cứu giao dịch theo số tiền': 1, 'Tra cứu giao dịch chuyển tiền': 1}
2025-12-31 09:18:55 | DEBUG    | log:153 | [normalize_query] 'co lenh nao tren 500tr chua ok ko...' -> 'Co lenh nao tren 500tr chua ok ko...'
2025-12-31 09:18:55 | DEBUG    | log:153 | [perform_hybrid_search] query_text: [co lenh nao tren 500tr chua ok ko] - formatted_query: [Co lenh nao tren 500tr chua ok ko] - normalized_query: [Co lenh nao tren 500tr chua ok ko]
2025-12-31 09:18:55 | DEBUG    | log:153 | [perform_hybrid_search] BM25 raw scores: min=0.0000, max=12.2353
2025-12-31 09:18:55 | DEBUG    | log:153 | [classify_query_intent] No keyword matches found in: 'Co lenh nao tren 500tr chua ok ko'
2025-12-31 09:18:55 | DEBUG    | log:153 | [normalize_query] 'liet ke gd han muc tren 10tr dang pendin...' -> 'Liet ke gd han muc tren 10tr dang pendin...'
2025-12-31 09:18:55 | DEBUG    | log:153 | [perform_hybrid_search] query_text: [liet ke gd han muc tren 10tr dang pending] - formatted_query: [Liet ke gd han muc tren 10tr dang pending] - normalized_query: [Liet ke gd han muc tren 10tr dang pending]
2025-12-31 09:18:55 | DEBUG    | log:153 | [perform_hybrid_search] BM25 raw scores: min=0.2309, max=17.2318
2025-12-31 09:18:55 | DEBUG    | log:153 | [get_keyword_boost] Query: 'Liet ke gd han muc tren 10tr d...' | Doc: getTransactionList | | Boost: 0.25 | Matched: ['pending']
2025-12-31 09:18:55 | DEBUG    | log:153 | [get_keyword_boost] Query: 'Liet ke gd han muc tren 10tr d...' | Doc: getTransactionList | | Boost: 0.25 | Matched: ['pending']
2025-12-31 09:18:55 | DEBUG    | log:153 | [get_keyword_boost] Query: 'Liet ke gd han muc tren 10tr d...' | Doc: getTransactionList | | Boost: 0.25 | Matched: ['pending']
2025-12-31 09:18:55 | DEBUG    | log:153 | [get_keyword_boost] Query: 'Liet ke gd han muc tren 10tr d...' | Doc: getTransactionList | | Boost: 0.25 | Matched: ['pending']
2025-12-31 09:18:55 | DEBUG    | log:153 | [get_keyword_boost] Query: 'Liet ke gd han muc tren 10tr d...' | Doc: getTransactionList | | Boost: 0.25 | Matched: ['pending']
2025-12-31 09:18:55 | DEBUG    | log:153 | [get_keyword_boost] Query: 'Liet ke gd han muc tren 10tr d...' | Doc: getTransactionList | | Boost: 0.25 | Matched: ['pending']
2025-12-31 09:18:55 | DEBUG    | log:153 | [get_keyword_boost] Query: 'Liet ke gd han muc tren 10tr d...' | Doc: getTransactionList | | Boost: 0.25 | Matched: ['pending']
2025-12-31 09:18:55 | DEBUG    | log:153 | [get_keyword_boost] Query: 'Liet ke gd han muc tren 10tr d...' | Doc: getTransactionList | | Boost: 0.25 | Matched: ['pending']
2025-12-31 09:18:55 | DEBUG    | log:153 | [classify_query_intent] Ambiguous: 'Liet ke gd han muc tren 10tr d...' | Scores: {'getTransactionList | Tra cứu toàn bộ giao dịch đang chờ xử lý hoặc chờ duyệt': 1, 'getTransactionList | Tra cứu giao dịch chờ duyệt theo số tài khoản nguồn': 1, 'getTransactionList | Tra cứu giao dịch chờ duyệt theo khoảng thời gian': 1, 'getTransactionList | Tra cứu giao dịch chờ duyệt theo loại giao dịch': 1, 'getTransactionList | Tra cứu giao dịch chờ duyệt theo số tiền hoặc hạn mức': 1, 'getTransactionList | Kiểm tra trạng thái phê duyệt của giao dịch': 1, 'getTransactionList | Tra cứu giao dịch doanh nghiệp đang chờ duyệt': 1, 'getTransactionList | Tra cứu giao dịch theo kênh tạo lệnh': 1}
2025-12-31 09:18:55 | DEBUG    | log:153 | [normalize_query] 'xem gd tren 1 ty chua hoan tat...' -> 'Xem gd tren 1 ty chua hoan tat...'
2025-12-31 09:18:55 | DEBUG    | log:153 | [perform_hybrid_search] query_text: [xem gd tren 1 ty chua hoan tat] - formatted_query: [Xem gd tren 1 ty chua hoan tat] - normalized_query: [Xem gd tren 1 ty chua hoan tat]
2025-12-31 09:18:55 | DEBUG    | log:153 | [perform_hybrid_search] BM25 raw scores: min=0.4476, max=14.9035
2025-12-31 09:18:55 | DEBUG    | log:153 | [classify_query_intent] No keyword matches found in: 'Xem gd tren 1 ty chua hoan tat'
2025-12-31 09:18:55 | DEBUG    | log:153 | [normalize_query] 'check status gd > 100 trieu...' -> 'Check status gd > 100 trieu...'
2025-12-31 09:18:55 | DEBUG    | log:153 | [perform_hybrid_search] query_text: [check status gd > 100 trieu] - formatted_query: [Check status gd > 100 trieu] - normalized_query: [Check status gd > 100 trieu]
2025-12-31 09:18:55 | DEBUG    | log:153 | [perform_hybrid_search] BM25 raw scores: min=0.0000, max=9.0529
2025-12-31 09:18:55 | DEBUG    | log:153 | [get_keyword_boost] Query: 'Check status gd > 100 trieu...' | Doc: Tra cứu giao dịch ch | Boost: 0.25 | Matched: ['ck']
2025-12-31 09:18:55 | DEBUG    | log:153 | [classify_query_intent] Classified: 'Check status gd > 100 trieu...' -> Tra cứu giao dịch chuyển tiền (score=1)
2025-12-31 09:18:55 | DEBUG    | log:153 | [normalize_query] 'gd so tien lon co lenh nao chua duyet...' -> 'Gd so tien lon co lenh nao chua duyet...'
2025-12-31 09:18:55 | DEBUG    | log:153 | [perform_hybrid_search] query_text: [gd so tien lon co lenh nao chua duyet] - formatted_query: [Gd so tien lon co lenh nao chua duyet] - normalized_query: [Gd so tien lon co lenh nao chua duyet]
2025-12-31 09:18:55 | DEBUG    | log:153 | [perform_hybrid_search] BM25 raw scores: min=0.0225, max=16.6975
2025-12-31 09:18:55 | DEBUG    | log:153 | [classify_query_intent] No keyword matches found in: 'Gd so tien lon co lenh nao chua duyet'
2025-12-31 09:18:55 | DEBUG    | log:153 | [normalize_query] 'tim giao dich tren 500 trieu chua xong...' -> 'Tim giao dich tren 500 trieu chua xong...'
2025-12-31 09:18:55 | DEBUG    | log:153 | [perform_hybrid_search] query_text: [tim giao dich tren 500 trieu chua xong] - formatted_query: [Tim giao dich tren 500 trieu chua xong] - normalized_query: [Tim giao dich tren 500 trieu chua xong]
2025-12-31 09:18:55 | DEBUG    | log:153 | [perform_hybrid_search] BM25 raw scores: min=0.0647, max=20.7681
2025-12-31 09:18:55 | DEBUG    | log:153 | [classify_query_intent] No keyword matches found in: 'Tim giao dich tren 500 trieu chua xong'
2025-12-31 09:18:55 | DEBUG    | log:153 | [normalize_query] 'liet ke cac lenh tren 200m dang treo...' -> 'Liet ke cac lenh tren 200m dang treo...'
2025-12-31 09:18:55 | DEBUG    | log:153 | [perform_hybrid_search] query_text: [liet ke cac lenh tren 200m dang treo] - formatted_query: [Liet ke cac lenh tren 200m dang treo] - normalized_query: [Liet ke cac lenh tren 200m dang treo]
2025-12-31 09:18:55 | DEBUG    | log:153 | [perform_hybrid_search] BM25 raw scores: min=0.2309, max=13.7509
2025-12-31 09:18:55 | DEBUG    | log:153 | [classify_query_intent] No keyword matches found in: 'Liet ke cac lenh tren 200m dang treo'
2025-12-31 09:18:55 | DEBUG    | log:153 | [normalize_query] 'show gđ số tiền từ 1 tỷ...' -> 'Show gđ số tiền từ 1 tỷ...'
2025-12-31 09:18:55 | DEBUG    | log:153 | [perform_hybrid_search] query_text: [show gđ số tiền từ 1 tỷ] - formatted_query: [Show gđ số tiền từ 1 tỷ] - normalized_query: [Show gđ số tiền từ 1 tỷ]
2025-12-31 09:18:55 | DEBUG    | log:153 | [perform_hybrid_search] BM25 raw scores: min=0.0728, max=13.2520
2025-12-31 09:18:55 | DEBUG    | log:153 | [classify_query_intent] No keyword matches found in: 'Show gđ số tiền từ 1 tỷ'
2025-12-31 09:18:55 | DEBUG    | log:153 | [normalize_query] 'check pending trans > 50tr...' -> 'Check pending trans > 50tr...'
2025-12-31 09:18:55 | DEBUG    | log:153 | [perform_hybrid_search] query_text: [check pending trans > 50tr] - formatted_query: [Check pending trans > 50tr] - normalized_query: [Check pending trans > 50tr]
2025-12-31 09:18:55 | DEBUG    | log:153 | [perform_hybrid_search] BM25 raw scores: min=0.0000, max=1.5501
2025-12-31 09:18:55 | DEBUG    | log:153 | [get_keyword_boost] Query: 'Check pending trans > 50tr...' | Doc: Tra cứu giao dịch ch | Boost: 0.25 | Matched: ['ck']
2025-12-31 09:18:55 | DEBUG    | log:153 | [get_keyword_boost] Query: 'Check pending trans > 50tr...' | Doc: getTransactionList | | Boost: 0.25 | Matched: ['pending']
2025-12-31 09:18:55 | DEBUG    | log:153 | [get_keyword_boost] Query: 'Check pending trans > 50tr...' | Doc: getTransactionList | | Boost: 0.25 | Matched: ['pending']
2025-12-31 09:18:55 | DEBUG    | log:153 | [get_keyword_boost] Query: 'Check pending trans > 50tr...' | Doc: getTransactionList | | Boost: 0.25 | Matched: ['pending']
2025-12-31 09:18:55 | DEBUG    | log:153 | [get_keyword_boost] Query: 'Check pending trans > 50tr...' | Doc: getTransactionList | | Boost: 0.25 | Matched: ['pending']
2025-12-31 09:18:55 | DEBUG    | log:153 | [get_keyword_boost] Query: 'Check pending trans > 50tr...' | Doc: getTransactionList | | Boost: 0.25 | Matched: ['pending']
2025-12-31 09:18:55 | DEBUG    | log:153 | [get_keyword_boost] Query: 'Check pending trans > 50tr...' | Doc: getTransactionList | | Boost: 0.25 | Matched: ['pending']
2025-12-31 09:18:55 | DEBUG    | log:153 | [get_keyword_boost] Query: 'Check pending trans > 50tr...' | Doc: getTransactionList | | Boost: 0.25 | Matched: ['pending']
2025-12-31 09:18:55 | DEBUG    | log:153 | [get_keyword_boost] Query: 'Check pending trans > 50tr...' | Doc: getTransactionList | | Boost: 0.25 | Matched: ['pending']
2025-12-31 09:18:55 | DEBUG    | log:153 | [classify_query_intent] Ambiguous: 'Check pending trans > 50tr...' | Scores: {'Tra cứu giao dịch chuyển tiền': 1, 'getTransactionList | Tra cứu toàn bộ giao dịch đang chờ xử lý hoặc chờ duyệt': 1, 'getTransactionList | Tra cứu giao dịch chờ duyệt theo số tài khoản nguồn': 1, 'getTransactionList | Tra cứu giao dịch chờ duyệt theo khoảng thời gian': 1, 'getTransactionList | Tra cứu giao dịch chờ duyệt theo loại giao dịch': 1, 'getTransactionList | Tra cứu giao dịch chờ duyệt theo số tiền hoặc hạn mức': 1, 'getTransactionList | Kiểm tra trạng thái phê duyệt của giao dịch': 1, 'getTransactionList | Tra cứu giao dịch doanh nghiệp đang chờ duyệt': 1, 'getTransactionList | Tra cứu giao dịch theo kênh tạo lệnh': 1}
2025-12-31 09:18:55 | DEBUG    | log:153 | [normalize_query] 'co gd nao tren 100.000.000 chua duyet ko...' -> 'Co gd nao tren 100.000.000 chua duyet ko...'
2025-12-31 09:18:55 | DEBUG    | log:153 | [perform_hybrid_search] query_text: [co gd nao tren 100.000.000 chua duyet ko] - formatted_query: [Co gd nao tren 100.000.000 chua duyet ko] - normalized_query: [Co gd nao tren 100.000.000 chua duyet ko]
2025-12-31 09:18:55 | DEBUG    | log:153 | [perform_hybrid_search] BM25 raw scores: min=0.0000, max=20.3932
2025-12-31 09:18:55 | DEBUG    | log:153 | [classify_query_intent] No keyword matches found in: 'Co gd nao tren 100.000.000 chua duyet ko'
2025-12-31 09:18:55 | DEBUG    | log:153 | [normalize_query] 'danh sach gd gia tri lon chua duoc appro...' -> 'Danh sach gd gia tri lon chua duoc appro...'
2025-12-31 09:18:55 | DEBUG    | log:153 | [perform_hybrid_search] query_text: [danh sach gd gia tri lon chua duoc approve] - formatted_query: [Danh sach gd gia tri lon chua duoc approve] - normalized_query: [Danh sach gd gia tri lon chua duoc approve]
2025-12-31 09:18:55 | DEBUG    | log:153 | [perform_hybrid_search] BM25 raw scores: min=0.0000, max=15.5412
2025-12-31 09:18:55 | DEBUG    | log:153 | [classify_query_intent] No keyword matches found in: 'Danh sach gd gia tri lon chua duoc approve'
2025-12-31 09:18:55 | DEBUG    | log:153 | [normalize_query] 'xem lenh chuyen tien tren 500tr dang cho...' -> 'Xem lenh chuyen tien tren 500tr dang cho...'
2025-12-31 09:18:55 | DEBUG    | log:153 | [perform_hybrid_search] query_text: [xem lenh chuyen tien tren 500tr dang cho] - formatted_query: [Xem lenh chuyen tien tren 500tr dang cho] - normalized_query: [Xem lenh chuyen tien tren 500tr dang cho]
2025-12-31 09:18:55 | DEBUG    | log:153 | [perform_hybrid_search] BM25 raw scores: min=0.5339, max=10.8302
2025-12-31 09:18:55 | DEBUG    | log:153 | [classify_query_intent] No keyword matches found in: 'Xem lenh chuyen tien tren 500tr dang cho'
2025-12-31 09:18:55 | DEBUG    | log:153 | [normalize_query] 'ktr gd tren 1 ty dang pending...' -> 'Ktr gd tren 1 ty dang pending...'
2025-12-31 09:18:55 | DEBUG    | log:153 | [perform_hybrid_search] query_text: [ktr gd tren 1 ty dang pending] - formatted_query: [Ktr gd tren 1 ty dang pending] - normalized_query: [Ktr gd tren 1 ty dang pending]
2025-12-31 09:18:55 | DEBUG    | log:153 | [perform_hybrid_search] BM25 raw scores: min=0.2309, max=8.3983
2025-12-31 09:18:55 | DEBUG    | log:153 | [get_keyword_boost] Query: 'Ktr gd tren 1 ty dang pending...' | Doc: getTransactionList | | Boost: 0.25 | Matched: ['pending']
2025-12-31 09:18:55 | DEBUG    | log:153 | [get_keyword_boost] Query: 'Ktr gd tren 1 ty dang pending...' | Doc: getTransactionList | | Boost: 0.25 | Matched: ['pending']
2025-12-31 09:18:55 | DEBUG    | log:153 | [get_keyword_boost] Query: 'Ktr gd tren 1 ty dang pending...' | Doc: getTransactionList | | Boost: 0.25 | Matched: ['pending']
2025-12-31 09:18:55 | DEBUG    | log:153 | [get_keyword_boost] Query: 'Ktr gd tren 1 ty dang pending...' | Doc: getTransactionList | | Boost: 0.25 | Matched: ['pending']
2025-12-31 09:18:55 | DEBUG    | log:153 | [get_keyword_boost] Query: 'Ktr gd tren 1 ty dang pending...' | Doc: getTransactionList | | Boost: 0.25 | Matched: ['pending']
2025-12-31 09:18:55 | DEBUG    | log:153 | [get_keyword_boost] Query: 'Ktr gd tren 1 ty dang pending...' | Doc: getTransactionList | | Boost: 0.25 | Matched: ['pending']
2025-12-31 09:18:55 | DEBUG    | log:153 | [get_keyword_boost] Query: 'Ktr gd tren 1 ty dang pending...' | Doc: getTransactionList | | Boost: 0.25 | Matched: ['pending']
2025-12-31 09:18:55 | DEBUG    | log:153 | [get_keyword_boost] Query: 'Ktr gd tren 1 ty dang pending...' | Doc: getTransactionList | | Boost: 0.25 | Matched: ['pending']
2025-12-31 09:18:55 | DEBUG    | log:153 | [classify_query_intent] Ambiguous: 'Ktr gd tren 1 ty dang pending...' | Scores: {'getTransactionList | Tra cứu toàn bộ giao dịch đang chờ xử lý hoặc chờ duyệt': 1, 'getTransactionList | Tra cứu giao dịch chờ duyệt theo số tài khoản nguồn': 1, 'getTransactionList | Tra cứu giao dịch chờ duyệt theo khoảng thời gian': 1, 'getTransactionList | Tra cứu giao dịch chờ duyệt theo loại giao dịch': 1, 'getTransactionList | Tra cứu giao dịch chờ duyệt theo số tiền hoặc hạn mức': 1, 'getTransactionList | Kiểm tra trạng thái phê duyệt của giao dịch': 1, 'getTransactionList | Tra cứu giao dịch doanh nghiệp đang chờ duyệt': 1, 'getTransactionList | Tra cứu giao dịch theo kênh tạo lệnh': 1}
2025-12-31 09:18:55 | DEBUG    | log:153 | [normalize_query] 'tim các lệnh chuyển khoản số tiền lớn ch...' -> 'Tim các lệnh chuyển khoản số tiền lớn ch...'
2025-12-31 09:18:55 | DEBUG    | log:153 | [perform_hybrid_search] query_text: [tim các lệnh chuyển khoản số tiền lớn chưa duyệt] - formatted_query: [Tim các lệnh chuyển khoản số tiền lớn chưa duyệt] - normalized_query: [Tim các lệnh chuyển khoản số tiền lớn chưa duyệt]
2025-12-31 09:18:55 | DEBUG    | log:153 | [perform_hybrid_search] BM25 raw scores: min=1.0498, max=24.6383
2025-12-31 09:18:55 | DEBUG    | log:153 | [get_keyword_boost] Query: 'Tim các lệnh chuyển khoản số t...' | Doc: Tra cứu giao dịch ch | Boost: 0.25 | Matched: ['chuyển khoản']
2025-12-31 09:18:55 | DEBUG    | log:153 | [classify_query_intent] Classified: 'Tim các lệnh chuyển khoản số t...' -> Tra cứu giao dịch chuyển tiền (score=1)
2025-12-31 09:18:55 | DEBUG    | log:153 | [normalize_query] 'status gd 112233...' -> 'Status gd 112233...'
2025-12-31 09:18:55 | DEBUG    | log:153 | [perform_hybrid_search] query_text: [status gd 112233] - formatted_query: [Status gd 112233] - normalized_query: [Status gd 112233]
2025-12-31 09:18:55 | DEBUG    | log:153 | [perform_hybrid_search] BM25 raw scores: min=0.0000, max=1.7283
2025-12-31 09:18:55 | DEBUG    | log:153 | [classify_query_intent] No keyword matches found in: 'Status gd 112233'
2025-12-31 09:18:55 | DEBUG    | log:153 | [normalize_query] 'check trang thai gd 445566...' -> 'Check trang thai gd 445566...'
2025-12-31 09:18:55 | DEBUG    | log:153 | [perform_hybrid_search] query_text: [check trang thai gd 445566] - formatted_query: [Check trang thai gd 445566] - normalized_query: [Check trang thai gd 445566]
2025-12-31 09:18:55 | DEBUG    | log:153 | [perform_hybrid_search] BM25 raw scores: min=0.0000, max=5.7374
2025-12-31 09:18:55 | DEBUG    | log:153 | [get_keyword_boost] Query: 'Check trang thai gd 445566...' | Doc: Tra cứu giao dịch ch | Boost: 0.25 | Matched: ['ck']
2025-12-31 09:18:55 | DEBUG    | log:153 | [classify_query_intent] Classified: 'Check trang thai gd 445566...' -> Tra cứu giao dịch chuyển tiền (score=1)
2025-12-31 09:18:55 | DEBUG    | log:153 | [normalize_query] 'gd 778899 da duoc duyet chua nhi...' -> 'Gd 778899 da duoc duyet chua nhi...'
2025-12-31 09:18:55 | DEBUG    | log:153 | [perform_hybrid_search] query_text: [gd 778899 da duoc duyet chua nhi] - formatted_query: [Gd 778899 da duoc duyet chua nhi] - normalized_query: [Gd 778899 da duoc duyet chua nhi]
2025-12-31 09:18:56 | DEBUG    | log:153 | [perform_hybrid_search] BM25 raw scores: min=0.0000, max=8.6966
2025-12-31 09:18:56 | DEBUG    | log:153 | [classify_query_intent] No keyword matches found in: 'Gd 778899 da duoc duyet chua nhi'
2025-12-31 09:18:56 | DEBUG    | log:153 | [normalize_query] 'xem stt ma gd 990011...' -> 'Xem stt ma gd 990011...'
2025-12-31 09:18:56 | DEBUG    | log:153 | [perform_hybrid_search] query_text: [xem stt ma gd 990011] - formatted_query: [Xem stt ma gd 990011] - normalized_query: [Xem stt ma gd 990011]
2025-12-31 09:18:56 | DEBUG    | log:153 | [perform_hybrid_search] BM25 raw scores: min=0.4476, max=2.4700
2025-12-31 09:18:56 | DEBUG    | log:153 | [classify_query_intent] No keyword matches found in: 'Xem stt ma gd 990011'
2025-12-31 09:18:56 | DEBUG    | log:153 | [normalize_query] 'lệnh 223344 có bị từ chối không...' -> 'Lệnh 223344 có bị từ chối không...'
2025-12-31 09:18:56 | DEBUG    | log:153 | [perform_hybrid_search] query_text: [lệnh 223344 có bị từ chối không] - formatted_query: [Lệnh 223344 có bị từ chối không] - normalized_query: [Lệnh 223344 có bị từ chối không]
2025-12-31 09:18:56 | DEBUG    | log:153 | [perform_hybrid_search] BM25 raw scores: min=0.0000, max=26.6512
2025-12-31 09:18:56 | DEBUG    | log:153 | [get_keyword_boost] Query: 'Lệnh 223344 có bị từ chối khôn...' | Doc: Tra cứu giao dịch th | Boost: 0.25 | Matched: ['từ chối']
2025-12-31 09:18:56 | DEBUG    | log:153 | [classify_query_intent] Classified: 'Lệnh 223344 có bị từ chối khôn...' -> Tra cứu giao dịch theo trạng t (score=1)
2025-12-31 09:18:56 | DEBUG    | log:153 | [normalize_query] 'gd 556677 dang o buoc nao...' -> 'Gd 556677 dang o buoc nao...'
2025-12-31 09:18:56 | DEBUG    | log:153 | [perform_hybrid_search] query_text: [gd 556677 dang o buoc nao] - formatted_query: [Gd 556677 dang o buoc nao] - normalized_query: [Gd 556677 dang o buoc nao]
2025-12-31 09:18:56 | DEBUG    | log:153 | [perform_hybrid_search] BM25 raw scores: min=0.2309, max=4.5880
2025-12-31 09:18:56 | DEBUG    | log:153 | [classify_query_intent] No keyword matches found in: 'Gd 556677 dang o buoc nao'
2025-12-31 09:18:56 | DEBUG    | log:153 | [normalize_query] 'check phê duyệt giao dịch 889900...' -> 'Check phê duyệt giao dịch 889900...'
2025-12-31 09:18:56 | DEBUG    | log:153 | [perform_hybrid_search] query_text: [check phê duyệt giao dịch 889900] - formatted_query: [Check phê duyệt giao dịch 889900] - normalized_query: [Check phê duyệt giao dịch 889900]
2025-12-31 09:18:56 | DEBUG    | log:153 | [perform_hybrid_search] BM25 raw scores: min=0.0647, max=15.8385
2025-12-31 09:18:56 | DEBUG    | log:153 | [get_keyword_boost] Query: 'Check phê duyệt giao dịch 8899...' | Doc: Tra cứu giao dịch th | Boost: 0.25 | Matched: ['phê duyệt']
2025-12-31 09:18:56 | DEBUG    | log:153 | [get_keyword_boost] Query: 'Check phê duyệt giao dịch 8899...' | Doc: Tra cứu giao dịch ch | Boost: 0.25 | Matched: ['ck']
2025-12-31 09:18:56 | DEBUG    | log:153 | [classify_query_intent] Ambiguous: 'Check phê duyệt giao dịch 8899...' | Scores: {'Tra cứu giao dịch theo trạng thái': 1, 'Tra cứu giao dịch chuyển tiền': 1}
2025-12-31 09:18:56 | DEBUG    | log:153 | [normalize_query] 'ma gd 102030 da ok chua...' -> 'Ma gd 102030 da ok chua...'
2025-12-31 09:18:56 | DEBUG    | log:153 | [perform_hybrid_search] query_text: [ma gd 102030 da ok chua] - formatted_query: [Ma gd 102030 da ok chua] - normalized_query: [Ma gd 102030 da ok chua]
2025-12-31 09:18:56 | DEBUG    | log:153 | [perform_hybrid_search] BM25 raw scores: min=0.2091, max=1.9993
2025-12-31 09:18:56 | DEBUG    | log:153 | [classify_query_intent] No keyword matches found in: 'Ma gd 102030 da ok chua'
2025-12-31 09:18:56 | DEBUG    | log:153 | [normalize_query] 'tình trạng gd 304050 ra sao...' -> 'Tình trạng gd 304050 ra sao...'
2025-12-31 09:18:56 | DEBUG    | log:153 | [perform_hybrid_search] query_text: [tình trạng gd 304050 ra sao] - formatted_query: [Tình trạng gd 304050 ra sao] - normalized_query: [Tình trạng gd 304050 ra sao]
2025-12-31 09:18:56 | DEBUG    | log:153 | [perform_hybrid_search] BM25 raw scores: min=0.0000, max=3.0878
2025-12-31 09:18:56 | DEBUG    | log:153 | [classify_query_intent] No keyword matches found in: 'Tình trạng gd 304050 ra sao'
2025-12-31 09:18:56 | DEBUG    | log:153 | [normalize_query] 'ktr lenh 607080 da co checker chua...' -> 'Ktr lenh 607080 da co checker chua...'
2025-12-31 09:18:56 | DEBUG    | log:153 | [perform_hybrid_search] query_text: [ktr lenh 607080 da co checker chua] - formatted_query: [Ktr lenh 607080 da co checker chua] - normalized_query: [Ktr lenh 607080 da co checker chua]
2025-12-31 09:18:56 | DEBUG    | log:153 | [perform_hybrid_search] BM25 raw scores: min=0.0000, max=6.0227
2025-12-31 09:18:56 | DEBUG    | log:153 | [get_keyword_boost] Query: 'Ktr lenh 607080 da co checker ...' | Doc: Tra cứu giao dịch ch | Boost: 0.25 | Matched: ['ck']
2025-12-31 09:18:56 | DEBUG    | log:153 | [classify_query_intent] Classified: 'Ktr lenh 607080 da co checker ...' -> Tra cứu giao dịch chuyển tiền (score=1)
2025-12-31 09:18:56 | DEBUG    | log:153 | [normalize_query] 'gd 131313 status hien tai...' -> 'Gd 131313 status hien tai...'
2025-12-31 09:18:56 | DEBUG    | log:153 | [perform_hybrid_search] query_text: [gd 131313 status hien tai] - formatted_query: [Gd 131313 status hien tai] - normalized_query: [Gd 131313 status hien tai]
2025-12-31 09:18:56 | DEBUG    | log:153 | [perform_hybrid_search] BM25 raw scores: min=0.2580, max=2.5741
2025-12-31 09:18:56 | DEBUG    | log:153 | [classify_query_intent] No keyword matches found in: 'Gd 131313 status hien tai'
2025-12-31 09:18:56 | DEBUG    | log:153 | [normalize_query] 'tra cuu gd 242424 phe duyet den dau...' -> 'Tra cuu gd 242424 phe duyet den dau...'
2025-12-31 09:18:56 | DEBUG    | log:153 | [perform_hybrid_search] query_text: [tra cuu gd 242424 phe duyet den dau] - formatted_query: [Tra cuu gd 242424 phe duyet den dau] - normalized_query: [Tra cuu gd 242424 phe duyet den dau]
2025-12-31 09:18:56 | DEBUG    | log:153 | [perform_hybrid_search] BM25 raw scores: min=0.1609, max=3.3536
2025-12-31 09:18:56 | DEBUG    | log:153 | [classify_query_intent] No keyword matches found in: 'Tra cuu gd 242424 phe duyet den dau'
2025-12-31 09:18:56 | DEBUG    | log:153 | [normalize_query] 'gd số 353535 có bị cancel ko...' -> 'Gd số 353535 có bị cancel ko...'
2025-12-31 09:18:56 | DEBUG    | log:153 | [perform_hybrid_search] query_text: [gd số 353535 có bị cancel ko] - formatted_query: [Gd số 353535 có bị cancel ko] - normalized_query: [Gd số 353535 có bị cancel ko]
2025-12-31 09:18:56 | DEBUG    | log:153 | [perform_hybrid_search] BM25 raw scores: min=0.0225, max=5.6547
2025-12-31 09:18:56 | DEBUG    | log:153 | [classify_query_intent] No keyword matches found in: 'Gd số 353535 có bị cancel ko'
2025-12-31 09:18:56 | DEBUG    | log:153 | [normalize_query] 'xem trạng thái gđ 464646...' -> 'Xem trạng thái gđ 464646...'
2025-12-31 09:18:56 | DEBUG    | log:153 | [perform_hybrid_search] query_text: [xem trạng thái gđ 464646] - formatted_query: [Xem trạng thái gđ 464646] - normalized_query: [Xem trạng thái gđ 464646]
2025-12-31 09:18:56 | DEBUG    | log:153 | [perform_hybrid_search] BM25 raw scores: min=0.0000, max=11.1622
2025-12-31 09:18:56 | DEBUG    | log:153 | [get_keyword_boost] Query: 'Xem trạng thái gđ 464646...' | Doc: Tra cứu giao dịch th | Boost: 0.25 | Matched: ['trạng thái']
2025-12-31 09:18:56 | DEBUG    | log:153 | [classify_query_intent] Classified: 'Xem trạng thái gđ 464646...' -> Tra cứu giao dịch theo trạng t (score=1)
2025-12-31 09:18:56 | DEBUG    | log:153 | [normalize_query] 'check approve_status gd 575757...' -> 'Check approve_status gd 575757...'
2025-12-31 09:18:56 | DEBUG    | log:153 | [perform_hybrid_search] query_text: [check approve_status gd 575757] - formatted_query: [Check approve_status gd 575757] - normalized_query: [Check approve_status gd 575757]
2025-12-31 09:18:56 | DEBUG    | log:153 | [perform_hybrid_search] BM25 raw scores: min=0.0000, max=2.7667
2025-12-31 09:18:56 | DEBUG    | log:153 | [get_keyword_boost] Query: 'Check approve_status gd 575757...' | Doc: Tra cứu giao dịch ch | Boost: 0.25 | Matched: ['ck']
2025-12-31 09:18:56 | DEBUG    | log:153 | [classify_query_intent] Classified: 'Check approve_status gd 575757...' -> Tra cứu giao dịch chuyển tiền (score=1)
2025-12-31 09:18:56 | DEBUG    | log:153 | [normalize_query] 'lệnh 686868 đã được approve chưa...' -> 'Lệnh 686868 đã được approve chưa...'
2025-12-31 09:18:56 | DEBUG    | log:153 | [perform_hybrid_search] query_text: [lệnh 686868 đã được approve chưa] - formatted_query: [Lệnh 686868 đã được approve chưa] - normalized_query: [Lệnh 686868 đã được approve chưa]
2025-12-31 09:18:56 | DEBUG    | log:153 | [perform_hybrid_search] BM25 raw scores: min=0.0000, max=7.7035
2025-12-31 09:18:56 | DEBUG    | log:153 | [classify_query_intent] No keyword matches found in: 'Lệnh 686868 đã được approve chưa'
2025-12-31 09:18:56 | DEBUG    | log:153 | [normalize_query] 'gd 797979 hien tai dang pending hay xong...' -> 'Gd 797979 hien tai dang pending hay xong...'
2025-12-31 09:18:56 | DEBUG    | log:153 | [perform_hybrid_search] query_text: [gd 797979 hien tai dang pending hay xong roi] - formatted_query: [Gd 797979 hien tai dang pending hay xong roi] - normalized_query: [Gd 797979 hien tai dang pending hay xong roi]
2025-12-31 09:18:56 | DEBUG    | log:153 | [perform_hybrid_search] BM25 raw scores: min=0.5439, max=6.8343
2025-12-31 09:18:56 | DEBUG    | log:153 | [get_keyword_boost] Query: 'Gd 797979 hien tai dang pendin...' | Doc: getTransactionList | | Boost: 0.25 | Matched: ['pending']
2025-12-31 09:18:56 | DEBUG    | log:153 | [get_keyword_boost] Query: 'Gd 797979 hien tai dang pendin...' | Doc: getTransactionList | | Boost: 0.25 | Matched: ['pending']
2025-12-31 09:18:56 | DEBUG    | log:153 | [get_keyword_boost] Query: 'Gd 797979 hien tai dang pendin...' | Doc: getTransactionList | | Boost: 0.25 | Matched: ['pending']
2025-12-31 09:18:56 | DEBUG    | log:153 | [get_keyword_boost] Query: 'Gd 797979 hien tai dang pendin...' | Doc: getTransactionList | | Boost: 0.25 | Matched: ['pending']
2025-12-31 09:18:56 | DEBUG    | log:153 | [get_keyword_boost] Query: 'Gd 797979 hien tai dang pendin...' | Doc: getTransactionList | | Boost: 0.25 | Matched: ['pending']
2025-12-31 09:18:56 | DEBUG    | log:153 | [get_keyword_boost] Query: 'Gd 797979 hien tai dang pendin...' | Doc: getTransactionList | | Boost: 0.25 | Matched: ['pending']
2025-12-31 09:18:56 | DEBUG    | log:153 | [get_keyword_boost] Query: 'Gd 797979 hien tai dang pendin...' | Doc: getTransactionList | | Boost: 0.25 | Matched: ['pending']
2025-12-31 09:18:56 | DEBUG    | log:153 | [get_keyword_boost] Query: 'Gd 797979 hien tai dang pendin...' | Doc: getTransactionList | | Boost: 0.25 | Matched: ['pending']
2025-12-31 09:18:56 | DEBUG    | log:153 | [classify_query_intent] Ambiguous: 'Gd 797979 hien tai dang pendin...' | Scores: {'getTransactionList | Tra cứu toàn bộ giao dịch đang chờ xử lý hoặc chờ duyệt': 1, 'getTransactionList | Tra cứu giao dịch chờ duyệt theo số tài khoản nguồn': 1, 'getTransactionList | Tra cứu giao dịch chờ duyệt theo khoảng thời gian': 1, 'getTransactionList | Tra cứu giao dịch chờ duyệt theo loại giao dịch': 1, 'getTransactionList | Tra cứu giao dịch chờ duyệt theo số tiền hoặc hạn mức': 1, 'getTransactionList | Kiểm tra trạng thái phê duyệt của giao dịch': 1, 'getTransactionList | Tra cứu giao dịch doanh nghiệp đang chờ duyệt': 1, 'getTransactionList | Tra cứu giao dịch theo kênh tạo lệnh': 1}
2025-12-31 09:18:56 | DEBUG    | log:153 | [normalize_query] 'kiểm tra lệnh 808080 phê duyệt chưa...' -> 'Kiểm tra lệnh 808080 phê duyệt chưa...'
2025-12-31 09:18:56 | DEBUG    | log:153 | [perform_hybrid_search] query_text: [kiểm tra lệnh 808080 phê duyệt chưa] - formatted_query: [Kiểm tra lệnh 808080 phê duyệt chưa] - normalized_query: [Kiểm tra lệnh 808080 phê duyệt chưa]
2025-12-31 09:18:56 | DEBUG    | log:153 | [perform_hybrid_search] BM25 raw scores: min=0.0216, max=22.5547
2025-12-31 09:18:56 | DEBUG    | log:153 | [get_keyword_boost] Query: 'Kiểm tra lệnh 808080 phê duyệt...' | Doc: Tra cứu giao dịch th | Boost: 0.25 | Matched: ['phê duyệt']
2025-12-31 09:18:56 | DEBUG    | log:153 | [classify_query_intent] Classified: 'Kiểm tra lệnh 808080 phê duyệt...' -> Tra cứu giao dịch theo trạng t (score=1)
2025-12-31 09:18:56 | DEBUG    | log:153 | [normalize_query] 'status của trans 919191...' -> 'Status của trans 919191...'
2025-12-31 09:18:56 | DEBUG    | log:153 | [perform_hybrid_search] query_text: [status của trans 919191] - formatted_query: [Status của trans 919191] - normalized_query: [Status của trans 919191]
2025-12-31 09:18:56 | DEBUG    | log:153 | [perform_hybrid_search] BM25 raw scores: min=0.0000, max=0.0000
2025-12-31 09:18:56 | DEBUG    | log:153 | [classify_query_intent] No keyword matches found in: 'Status của trans 919191'
2025-12-31 09:18:56 | DEBUG    | log:153 | [normalize_query] 'gđ 121212 đã được bấm duyệt chưa...' -> 'Gđ 121212 đã được bấm duyệt chưa...'
2025-12-31 09:18:56 | DEBUG    | log:153 | [perform_hybrid_search] query_text: [gđ 121212 đã được bấm duyệt chưa] - formatted_query: [Gđ 121212 đã được bấm duyệt chưa] - normalized_query: [Gđ 121212 đã được bấm duyệt chưa]
2025-12-31 09:18:56 | DEBUG    | log:153 | [perform_hybrid_search] BM25 raw scores: min=0.0000, max=8.6966
2025-12-31 09:18:56 | DEBUG    | log:153 | [classify_query_intent] No keyword matches found in: 'Gđ 121212 đã được bấm duyệt chưa'
2025-12-31 09:18:56 | DEBUG    | log:153 | [normalize_query] 'gd cty dang cho...' -> 'Gd cty dang cho...'
2025-12-31 09:18:56 | DEBUG    | log:153 | [perform_hybrid_search] query_text: [gd cty dang cho] - formatted_query: [Gd cty dang cho] - normalized_query: [Gd cty dang cho]
2025-12-31 09:18:56 | DEBUG    | log:153 | [perform_hybrid_search] BM25 raw scores: min=0.0000, max=0.4586
2025-12-31 09:18:56 | DEBUG    | log:153 | [classify_query_intent] No keyword matches found in: 'Gd cty dang cho'
2025-12-31 09:18:56 | DEBUG    | log:153 | [normalize_query] 'check gd corp dang treo...' -> 'Check gd corp dang treo...'
2025-12-31 09:18:56 | DEBUG    | log:153 | [perform_hybrid_search] query_text: [check gd corp dang treo] - formatted_query: [Check gd corp dang treo] - normalized_query: [Check gd corp dang treo]
2025-12-31 09:18:56 | DEBUG    | log:153 | [perform_hybrid_search] BM25 raw scores: min=0.0000, max=2.4865
2025-12-31 09:18:56 | DEBUG    | log:153 | [get_keyword_boost] Query: 'Check gd corp dang treo...' | Doc: Tra cứu giao dịch ch | Boost: 0.25 | Matched: ['ck']
2025-12-31 09:18:56 | DEBUG    | log:153 | [classify_query_intent] Classified: 'Check gd corp dang treo...' -> Tra cứu giao dịch chuyển tiền (score=1)
2025-12-31 09:18:56 | DEBUG    | log:153 | [normalize_query] 'doanh nghiep co lenh nao chua duyet ko...' -> 'Doanh nghiep co lenh nao chua duyet ko...'
2025-12-31 09:18:56 | DEBUG    | log:153 | [perform_hybrid_search] query_text: [doanh nghiep co lenh nao chua duyet ko] - formatted_query: [Doanh nghiep co lenh nao chua duyet ko] - normalized_query: [Doanh nghiep co lenh nao chua duyet ko]
2025-12-31 09:18:56 | DEBUG    | log:153 | [perform_hybrid_search] BM25 raw scores: min=0.0000, max=20.7585
2025-12-31 09:18:56 | DEBUG    | log:153 | [classify_query_intent] No keyword matches found in: 'Doanh nghiep co lenh nao chua duyet ko'
2025-12-31 09:18:56 | DEBUG    | log:153 | [normalize_query] 'show gd doanh nghiep pending...' -> 'Show gd doanh nghiep pending...'
2025-12-31 09:18:56 | DEBUG    | log:153 | [perform_hybrid_search] query_text: [show gd doanh nghiep pending] - formatted_query: [Show gd doanh nghiep pending] - normalized_query: [Show gd doanh nghiep pending]
2025-12-31 09:18:56 | DEBUG    | log:153 | [perform_hybrid_search] BM25 raw scores: min=0.0000, max=10.8949
2025-12-31 09:18:56 | DEBUG    | log:153 | [get_keyword_boost] Query: 'Show gd doanh nghiep pending...' | Doc: getTransactionList | | Boost: 0.25 | Matched: ['pending']
2025-12-31 09:18:56 | DEBUG    | log:153 | [get_keyword_boost] Query: 'Show gd doanh nghiep pending...' | Doc: getTransactionList | | Boost: 0.25 | Matched: ['pending']
2025-12-31 09:18:56 | DEBUG    | log:153 | [get_keyword_boost] Query: 'Show gd doanh nghiep pending...' | Doc: getTransactionList | | Boost: 0.25 | Matched: ['pending']
2025-12-31 09:18:56 | DEBUG    | log:153 | [get_keyword_boost] Query: 'Show gd doanh nghiep pending...' | Doc: getTransactionList | | Boost: 0.25 | Matched: ['pending']
2025-12-31 09:18:56 | DEBUG    | log:153 | [get_keyword_boost] Query: 'Show gd doanh nghiep pending...' | Doc: getTransactionList | | Boost: 0.25 | Matched: ['pending']
2025-12-31 09:18:56 | DEBUG    | log:153 | [get_keyword_boost] Query: 'Show gd doanh nghiep pending...' | Doc: getTransactionList | | Boost: 0.25 | Matched: ['pending']
2025-12-31 09:18:56 | DEBUG    | log:153 | [get_keyword_boost] Query: 'Show gd doanh nghiep pending...' | Doc: getTransactionList | | Boost: 0.25 | Matched: ['pending']
2025-12-31 09:18:56 | DEBUG    | log:153 | [get_keyword_boost] Query: 'Show gd doanh nghiep pending...' | Doc: getTransactionList | | Boost: 0.25 | Matched: ['pending']
2025-12-31 09:18:56 | DEBUG    | log:153 | [classify_query_intent] Ambiguous: 'Show gd doanh nghiep pending...' | Scores: {'getTransactionList | Tra cứu toàn bộ giao dịch đang chờ xử lý hoặc chờ duyệt': 1, 'getTransactionList | Tra cứu giao dịch chờ duyệt theo số tài khoản nguồn': 1, 'getTransactionList | Tra cứu giao dịch chờ duyệt theo khoảng thời gian': 1, 'getTransactionList | Tra cứu giao dịch chờ duyệt theo loại giao dịch': 1, 'getTransactionList | Tra cứu giao dịch chờ duyệt theo số tiền hoặc hạn mức': 1, 'getTransactionList | Kiểm tra trạng thái phê duyệt của giao dịch': 1, 'getTransactionList | Tra cứu giao dịch doanh nghiệp đang chờ duyệt': 1, 'getTransactionList | Tra cứu giao dịch theo kênh tạo lệnh': 1}
2025-12-31 09:18:56 | DEBUG    | log:153 | [normalize_query] 'liet ke gd cong ty ABC chua xong...' -> 'Liet ke gd cong ty abc chua xong...'
2025-12-31 09:18:56 | DEBUG    | log:153 | [perform_hybrid_search] query_text: [liet ke gd cong ty ABC chua xong] - formatted_query: [Liet ke gd cong ty abc chua xong] - normalized_query: [Liet ke gd cong ty abc chua xong]
2025-12-31 09:18:56 | DEBUG    | log:153 | [perform_hybrid_search] BM25 raw scores: min=0.0000, max=18.8067
2025-12-31 09:18:56 | DEBUG    | log:153 | [classify_query_intent] No keyword matches found in: 'Liet ke gd cong ty abc chua xong'
2025-12-31 09:18:56 | DEBUG    | log:153 | [normalize_query] 'check gđ doanh nghiệp dang doi checker...' -> 'Check gđ doanh nghiệp dang doi checker...'
2025-12-31 09:18:56 | DEBUG    | log:153 | [perform_hybrid_search] query_text: [check gđ doanh nghiệp dang doi checker] - formatted_query: [Check gđ doanh nghiệp dang doi checker] - normalized_query: [Check gđ doanh nghiệp dang doi checker]
2025-12-31 09:18:56 | DEBUG    | log:153 | [perform_hybrid_search] BM25 raw scores: min=0.2091, max=6.4948
2025-12-31 09:18:56 | DEBUG    | log:153 | [get_keyword_boost] Query: 'Check gđ doanh nghiệp dang doi...' | Doc: Tra cứu giao dịch ch | Boost: 0.25 | Matched: ['ck']
2025-12-31 09:18:56 | DEBUG    | log:153 | [classify_query_intent] Classified: 'Check gđ doanh nghiệp dang doi...' -> Tra cứu giao dịch chuyển tiền (score=1)
2025-12-31 09:18:56 | DEBUG    | log:153 | [normalize_query] 'co gd corp nao chua ok ko...' -> 'Co gd corp nao chua ok ko...'
2025-12-31 09:18:56 | DEBUG    | log:153 | [perform_hybrid_search] query_text: [co gd corp nao chua ok ko] - formatted_query: [Co gd corp nao chua ok ko] - normalized_query: [Co gd corp nao chua ok ko]
2025-12-31 09:18:56 | DEBUG    | log:153 | [perform_hybrid_search] BM25 raw scores: min=0.0000, max=7.4484
2025-12-31 09:18:56 | DEBUG    | log:153 | [classify_query_intent] No keyword matches found in: 'Co gd corp nao chua ok ko'
2025-12-31 09:18:56 | DEBUG    | log:153 | [normalize_query] 'danh sach lenh cty dang doi duyet...' -> 'Danh sach lenh cty dang doi duyet...'
2025-12-31 09:18:56 | DEBUG    | log:153 | [perform_hybrid_search] query_text: [danh sach lenh cty dang doi duyet] - formatted_query: [Danh sach lenh cty dang doi duyet] - normalized_query: [Danh sach lenh cty dang doi duyet]
2025-12-31 09:18:56 | DEBUG    | log:153 | [perform_hybrid_search] BM25 raw scores: min=0.2309, max=7.6052
2025-12-31 09:18:56 | DEBUG    | log:153 | [classify_query_intent] No keyword matches found in: 'Danh sach lenh cty dang doi duyet'
2025-12-31 09:18:56 | DEBUG    | log:153 | [normalize_query] 'show gd doanh nghiep chua duoc approve...' -> 'Show gd doanh nghiep chua duoc approve...'
2025-12-31 09:18:56 | DEBUG    | log:153 | [perform_hybrid_search] query_text: [show gd doanh nghiep chua duoc approve] - formatted_query: [Show gd doanh nghiep chua duoc approve] - normalized_query: [Show gd doanh nghiep chua duoc approve]
2025-12-31 09:18:56 | DEBUG    | log:153 | [perform_hybrid_search] BM25 raw scores: min=0.0000, max=16.5771
2025-12-31 09:18:56 | DEBUG    | log:153 | [classify_query_intent] No keyword matches found in: 'Show gd doanh nghiep chua duoc approve'
2025-12-31 09:18:56 | DEBUG    | log:153 | [normalize_query] 'tim gd cong ty dang treo...' -> 'Tim gd cong ty dang treo...'
2025-12-31 09:18:56 | DEBUG    | log:153 | [perform_hybrid_search] query_text: [tim gd cong ty dang treo] - formatted_query: [Tim gd cong ty dang treo] - normalized_query: [Tim gd cong ty dang treo]
2025-12-31 09:18:56 | DEBUG    | log:153 | [perform_hybrid_search] BM25 raw scores: min=0.0000, max=12.4609
2025-12-31 09:18:56 | DEBUG    | log:153 | [classify_query_intent] No keyword matches found in: 'Tim gd cong ty dang treo'
2025-12-31 09:18:56 | DEBUG    | log:153 | [normalize_query] 'check status gd corp chua xong...' -> 'Check status gd corp chua xong...'
2025-12-31 09:18:56 | DEBUG    | log:153 | [perform_hybrid_search] query_text: [check status gd corp chua xong] - formatted_query: [Check status gd corp chua xong] - normalized_query: [Check status gd corp chua xong]
2025-12-31 09:18:56 | DEBUG    | log:153 | [perform_hybrid_search] BM25 raw scores: min=0.0000, max=1.9993
2025-12-31 09:18:56 | DEBUG    | log:153 | [get_keyword_boost] Query: 'Check status gd corp chua xong...' | Doc: Tra cứu giao dịch ch | Boost: 0.25 | Matched: ['ck']
2025-12-31 09:18:56 | DEBUG    | log:153 | [classify_query_intent] Classified: 'Check status gd corp chua xong...' -> Tra cứu giao dịch chuyển tiền (score=1)
2025-12-31 09:18:56 | DEBUG    | log:153 | [normalize_query] 'gd doanh nghiep co lenh nao chua ok...' -> 'Gd doanh nghiep co lenh nao chua ok...'
2025-12-31 09:18:56 | DEBUG    | log:153 | [perform_hybrid_search] query_text: [gd doanh nghiep co lenh nao chua ok] - formatted_query: [Gd doanh nghiep co lenh nao chua ok] - normalized_query: [Gd doanh nghiep co lenh nao chua ok]
2025-12-31 09:18:56 | DEBUG    | log:153 | [perform_hybrid_search] BM25 raw scores: min=0.0000, max=15.3135
2025-12-31 09:18:56 | DEBUG    | log:153 | [classify_query_intent] No keyword matches found in: 'Gd doanh nghiep co lenh nao chua ok'
2025-12-31 09:18:56 | DEBUG    | log:153 | [normalize_query] 'liet ke gd cty chua phe duyet...' -> 'Liet ke gd cty chua phe duyet...'
2025-12-31 09:18:56 | DEBUG    | log:153 | [perform_hybrid_search] query_text: [liet ke gd cty chua phe duyet] - formatted_query: [Liet ke gd cty chua phe duyet] - normalized_query: [Liet ke gd cty chua phe duyet]
2025-12-31 09:18:56 | DEBUG    | log:153 | [perform_hybrid_search] BM25 raw scores: min=0.0000, max=12.4662
2025-12-31 09:18:56 | DEBUG    | log:153 | [classify_query_intent] No keyword matches found in: 'Liet ke gd cty chua phe duyet'
2025-12-31 09:18:56 | DEBUG    | log:153 | [normalize_query] 'xem lenh doanh nghiep chua dc duyet...' -> 'Xem lenh doanh nghiep chua dc duyet...'
2025-12-31 09:18:56 | DEBUG    | log:153 | [perform_hybrid_search] query_text: [xem lenh doanh nghiep chua dc duyet] - formatted_query: [Xem lenh doanh nghiep chua dc duyet] - normalized_query: [Xem lenh doanh nghiep chua dc duyet]
2025-12-31 09:18:56 | DEBUG    | log:153 | [perform_hybrid_search] BM25 raw scores: min=0.0000, max=24.3883
2025-12-31 09:18:56 | DEBUG    | log:153 | [classify_query_intent] No keyword matches found in: 'Xem lenh doanh nghiep chua dc duyet'
2025-12-31 09:18:56 | DEBUG    | log:153 | [normalize_query] 'check transactions corp pending...' -> 'Check transactions corp pending...'
2025-12-31 09:18:56 | DEBUG    | log:153 | [perform_hybrid_search] query_text: [check transactions corp pending] - formatted_query: [Check transactions corp pending] - normalized_query: [Check transactions corp pending]
2025-12-31 09:18:56 | DEBUG    | log:153 | [perform_hybrid_search] BM25 raw scores: min=0.0000, max=1.5501
2025-12-31 09:18:56 | DEBUG    | log:153 | [get_keyword_boost] Query: 'Check transactions corp pendin...' | Doc: Tra cứu giao dịch ch | Boost: 0.25 | Matched: ['ck']
2025-12-31 09:18:56 | DEBUG    | log:153 | [get_keyword_boost] Query: 'Check transactions corp pendin...' | Doc: getTransactionList | | Boost: 0.25 | Matched: ['pending']
2025-12-31 09:18:56 | DEBUG    | log:153 | [get_keyword_boost] Query: 'Check transactions corp pendin...' | Doc: getTransactionList | | Boost: 0.25 | Matched: ['pending']
2025-12-31 09:18:56 | DEBUG    | log:153 | [get_keyword_boost] Query: 'Check transactions corp pendin...' | Doc: getTransactionList | | Boost: 0.25 | Matched: ['pending']
2025-12-31 09:18:56 | DEBUG    | log:153 | [get_keyword_boost] Query: 'Check transactions corp pendin...' | Doc: getTransactionList | | Boost: 0.25 | Matched: ['pending']
2025-12-31 09:18:56 | DEBUG    | log:153 | [get_keyword_boost] Query: 'Check transactions corp pendin...' | Doc: getTransactionList | | Boost: 0.25 | Matched: ['pending']
2025-12-31 09:18:56 | DEBUG    | log:153 | [get_keyword_boost] Query: 'Check transactions corp pendin...' | Doc: getTransactionList | | Boost: 0.25 | Matched: ['pending']
2025-12-31 09:18:56 | DEBUG    | log:153 | [get_keyword_boost] Query: 'Check transactions corp pendin...' | Doc: getTransactionList | | Boost: 0.25 | Matched: ['pending']
2025-12-31 09:18:56 | DEBUG    | log:153 | [get_keyword_boost] Query: 'Check transactions corp pendin...' | Doc: getTransactionList | | Boost: 0.25 | Matched: ['pending']
2025-12-31 09:18:56 | DEBUG    | log:153 | [classify_query_intent] Ambiguous: 'Check transactions corp pendin...' | Scores: {'Tra cứu giao dịch chuyển tiền': 1, 'getTransactionList | Tra cứu toàn bộ giao dịch đang chờ xử lý hoặc chờ duyệt': 1, 'getTransactionList | Tra cứu giao dịch chờ duyệt theo số tài khoản nguồn': 1, 'getTransactionList | Tra cứu giao dịch chờ duyệt theo khoảng thời gian': 1, 'getTransactionList | Tra cứu giao dịch chờ duyệt theo loại giao dịch': 1, 'getTransactionList | Tra cứu giao dịch chờ duyệt theo số tiền hoặc hạn mức': 1, 'getTransactionList | Kiểm tra trạng thái phê duyệt của giao dịch': 1, 'getTransactionList | Tra cứu giao dịch doanh nghiệp đang chờ duyệt': 1, 'getTransactionList | Tra cứu giao dịch theo kênh tạo lệnh': 1}
2025-12-31 09:18:56 | DEBUG    | log:153 | [normalize_query] 'co giao dịch doanh nghiệp nào chưa duyệt...' -> 'Co giao dịch doanh nghiệp nào chưa duyệt...'
2025-12-31 09:18:56 | DEBUG    | log:153 | [perform_hybrid_search] query_text: [co giao dịch doanh nghiệp nào chưa duyệt ko] - formatted_query: [Co giao dịch doanh nghiệp nào chưa duyệt ko] - normalized_query: [Co giao dịch doanh nghiệp nào chưa duyệt ko]
2025-12-31 09:18:56 | DEBUG    | log:153 | [perform_hybrid_search] BM25 raw scores: min=0.0647, max=48.3820
2025-12-31 09:18:56 | DEBUG    | log:153 | [get_keyword_boost] Query: 'Co giao dịch doanh nghiệp nào ...' | Doc: getTransactionList | | Boost: 0.25 | Matched: ['giao dịch doanh nghiệp']
2025-12-31 09:18:56 | DEBUG    | log:153 | [get_keyword_boost] Query: 'Co giao dịch doanh nghiệp nào ...' | Doc: getTransactionList | | Boost: 0.25 | Matched: ['giao dịch doanh nghiệp']
2025-12-31 09:18:56 | DEBUG    | log:153 | [get_keyword_boost] Query: 'Co giao dịch doanh nghiệp nào ...' | Doc: getTransactionList | | Boost: 0.25 | Matched: ['giao dịch doanh nghiệp']
2025-12-31 09:18:56 | DEBUG    | log:153 | [get_keyword_boost] Query: 'Co giao dịch doanh nghiệp nào ...' | Doc: getTransactionList | | Boost: 0.25 | Matched: ['giao dịch doanh nghiệp']
2025-12-31 09:18:56 | DEBUG    | log:153 | [get_keyword_boost] Query: 'Co giao dịch doanh nghiệp nào ...' | Doc: getTransactionList | | Boost: 0.25 | Matched: ['giao dịch doanh nghiệp']
2025-12-31 09:18:56 | DEBUG    | log:153 | [get_keyword_boost] Query: 'Co giao dịch doanh nghiệp nào ...' | Doc: getTransactionList | | Boost: 0.25 | Matched: ['giao dịch doanh nghiệp']
2025-12-31 09:18:56 | DEBUG    | log:153 | [get_keyword_boost] Query: 'Co giao dịch doanh nghiệp nào ...' | Doc: getTransactionList | | Boost: 0.25 | Matched: ['giao dịch doanh nghiệp']
2025-12-31 09:18:56 | DEBUG    | log:153 | [get_keyword_boost] Query: 'Co giao dịch doanh nghiệp nào ...' | Doc: getTransactionList | | Boost: 0.25 | Matched: ['giao dịch doanh nghiệp']
2025-12-31 09:18:56 | DEBUG    | log:153 | [classify_query_intent] Ambiguous: 'Co giao dịch doanh nghiệp nào ...' | Scores: {'getTransactionList | Tra cứu toàn bộ giao dịch đang chờ xử lý hoặc chờ duyệt': 1, 'getTransactionList | Tra cứu giao dịch chờ duyệt theo số tài khoản nguồn': 1, 'getTransactionList | Tra cứu giao dịch chờ duyệt theo khoảng thời gian': 1, 'getTransactionList | Tra cứu giao dịch chờ duyệt theo loại giao dịch': 1, 'getTransactionList | Tra cứu giao dịch chờ duyệt theo số tiền hoặc hạn mức': 1, 'getTransactionList | Kiểm tra trạng thái phê duyệt của giao dịch': 1, 'getTransactionList | Tra cứu giao dịch doanh nghiệp đang chờ duyệt': 1, 'getTransactionList | Tra cứu giao dịch theo kênh tạo lệnh': 1}
2025-12-31 09:18:56 | DEBUG    | log:153 | [normalize_query] 'danh sach gd cong ty chua hoan tat...' -> 'Danh sach gd cong ty chua hoan tat...'
2025-12-31 09:18:56 | DEBUG    | log:153 | [perform_hybrid_search] query_text: [danh sach gd cong ty chua hoan tat] - formatted_query: [Danh sach gd cong ty chua hoan tat] - normalized_query: [Danh sach gd cong ty chua hoan tat]
2025-12-31 09:18:57 | DEBUG    | log:153 | [perform_hybrid_search] BM25 raw scores: min=0.2393, max=24.9277
2025-12-31 09:18:57 | DEBUG    | log:153 | [classify_query_intent] No keyword matches found in: 'Danh sach gd cong ty chua hoan tat'
2025-12-31 09:18:57 | DEBUG    | log:153 | [normalize_query] 'show lenh corp dang cho xuly...' -> 'Show lenh corp dang cho xuly...'
2025-12-31 09:18:57 | DEBUG    | log:153 | [perform_hybrid_search] query_text: [show lenh corp dang cho xuly] - formatted_query: [Show lenh corp dang cho xuly] - normalized_query: [Show lenh corp dang cho xuly]
2025-12-31 09:18:57 | DEBUG    | log:153 | [perform_hybrid_search] BM25 raw scores: min=0.2091, max=1.4806
2025-12-31 09:18:57 | DEBUG    | log:153 | [classify_query_intent] No keyword matches found in: 'Show lenh corp dang cho xuly'
2025-12-31 09:18:57 | DEBUG    | log:153 | [normalize_query] 'ktr gd doanh nghiep dang doi...' -> 'Ktr gd doanh nghiep dang doi...'
2025-12-31 09:18:57 | DEBUG    | log:153 | [perform_hybrid_search] query_text: [ktr gd doanh nghiep dang doi] - formatted_query: [Ktr gd doanh nghiep dang doi] - normalized_query: [Ktr gd doanh nghiep dang doi]
2025-12-31 09:18:57 | DEBUG    | log:153 | [perform_hybrid_search] BM25 raw scores: min=0.2091, max=6.4948
2025-12-31 09:18:57 | DEBUG    | log:153 | [classify_query_intent] No keyword matches found in: 'Ktr gd doanh nghiep dang doi'
2025-12-31 09:18:57 | DEBUG    | log:153 | [normalize_query] 'tim các giao dịch công ty chưa duyệt...' -> 'Tim các giao dịch công ty chưa duyệt...'
2025-12-31 09:18:57 | DEBUG    | log:153 | [perform_hybrid_search] query_text: [tim các giao dịch công ty chưa duyệt] - formatted_query: [Tim các giao dịch công ty chưa duyệt] - normalized_query: [Tim các giao dịch công ty chưa duyệt]
2025-12-31 09:18:57 | DEBUG    | log:153 | [perform_hybrid_search] BM25 raw scores: min=0.0647, max=33.0387
2025-12-31 09:18:57 | DEBUG    | log:153 | [classify_query_intent] No keyword matches found in: 'Tim các giao dịch công ty chưa duyệt'
2025-12-31 09:18:57 | DEBUG    | log:153 | [normalize_query] 'gd tu app dang cho...' -> 'Gd tu app dang cho...'
2025-12-31 09:18:57 | DEBUG    | log:153 | [perform_hybrid_search] query_text: [gd tu app dang cho] - formatted_query: [Gd tu app dang cho] - normalized_query: [Gd tu app dang cho]
2025-12-31 09:18:57 | DEBUG    | log:153 | [perform_hybrid_search] BM25 raw scores: min=0.2342, max=5.1006
2025-12-31 09:18:57 | DEBUG    | log:153 | [classify_query_intent] No keyword matches found in: 'Gd tu app dang cho'
2025-12-31 09:18:57 | DEBUG    | log:153 | [normalize_query] 'check gd mobile dang treo...' -> 'Check gd mobile dang treo...'
2025-12-31 09:18:57 | DEBUG    | log:153 | [perform_hybrid_search] query_text: [check gd mobile dang treo] - formatted_query: [Check gd mobile dang treo] - normalized_query: [Check gd mobile dang treo]
2025-12-31 09:18:57 | DEBUG    | log:153 | [perform_hybrid_search] BM25 raw scores: min=0.0000, max=5.9256
2025-12-31 09:18:57 | DEBUG    | log:153 | [get_keyword_boost] Query: 'Check gd mobile dang treo...' | Doc: Tra cứu giao dịch ch | Boost: 0.25 | Matched: ['ck']
2025-12-31 09:18:57 | DEBUG    | log:153 | [classify_query_intent] Classified: 'Check gd mobile dang treo...' -> Tra cứu giao dịch chuyển tiền (score=1)
2025-12-31 09:18:57 | DEBUG    | log:153 | [normalize_query] 'kenh web co lenh nao chua duyet ko...' -> 'Kenh web co lenh nao chua duyet ko...'
2025-12-31 09:18:57 | DEBUG    | log:153 | [perform_hybrid_search] query_text: [kenh web co lenh nao chua duyet ko] - formatted_query: [Kenh web co lenh nao chua duyet ko] - normalized_query: [Kenh web co lenh nao chua duyet ko]
2025-12-31 09:18:57 | DEBUG    | log:153 | [perform_hybrid_search] BM25 raw scores: min=0.0000, max=22.5534
2025-12-31 09:18:57 | DEBUG    | log:153 | [classify_query_intent] No keyword matches found in: 'Kenh web co lenh nao chua duyet ko'
2025-12-31 09:18:57 | DEBUG    | log:153 | [normalize_query] 'show gd corporate pending...' -> 'Show gd corporate pending...'
2025-12-31 09:18:57 | DEBUG    | log:153 | [perform_hybrid_search] query_text: [show gd corporate pending] - formatted_query: [Show gd corporate pending] - normalized_query: [Show gd corporate pending]
2025-12-31 09:18:57 | DEBUG    | log:153 | [perform_hybrid_search] BM25 raw scores: min=0.0000, max=4.8715
2025-12-31 09:18:57 | DEBUG    | log:153 | [get_keyword_boost] Query: 'Show gd corporate pending...' | Doc: getTransactionList | | Boost: 0.25 | Matched: ['pending']
2025-12-31 09:18:57 | DEBUG    | log:153 | [get_keyword_boost] Query: 'Show gd corporate pending...' | Doc: getTransactionList | | Boost: 0.25 | Matched: ['pending']
2025-12-31 09:18:57 | DEBUG    | log:153 | [get_keyword_boost] Query: 'Show gd corporate pending...' | Doc: getTransactionList | | Boost: 0.25 | Matched: ['pending']
2025-12-31 09:18:57 | DEBUG    | log:153 | [get_keyword_boost] Query: 'Show gd corporate pending...' | Doc: getTransactionList | | Boost: 0.25 | Matched: ['pending']
2025-12-31 09:18:57 | DEBUG    | log:153 | [get_keyword_boost] Query: 'Show gd corporate pending...' | Doc: getTransactionList | | Boost: 0.25 | Matched: ['pending']
2025-12-31 09:18:57 | DEBUG    | log:153 | [get_keyword_boost] Query: 'Show gd corporate pending...' | Doc: getTransactionList | | Boost: 0.25 | Matched: ['pending']
2025-12-31 09:18:57 | DEBUG    | log:153 | [get_keyword_boost] Query: 'Show gd corporate pending...' | Doc: getTransactionList | | Boost: 0.25 | Matched: ['pending']
2025-12-31 09:18:57 | DEBUG    | log:153 | [get_keyword_boost] Query: 'Show gd corporate pending...' | Doc: getTransactionList | | Boost: 0.25 | Matched: ['pending']
2025-12-31 09:18:57 | DEBUG    | log:153 | [classify_query_intent] Ambiguous: 'Show gd corporate pending...' | Scores: {'getTransactionList | Tra cứu toàn bộ giao dịch đang chờ xử lý hoặc chờ duyệt': 1, 'getTransactionList | Tra cứu giao dịch chờ duyệt theo số tài khoản nguồn': 1, 'getTransactionList | Tra cứu giao dịch chờ duyệt theo khoảng thời gian': 1, 'getTransactionList | Tra cứu giao dịch chờ duyệt theo loại giao dịch': 1, 'getTransactionList | Tra cứu giao dịch chờ duyệt theo số tiền hoặc hạn mức': 1, 'getTransactionList | Kiểm tra trạng thái phê duyệt của giao dịch': 1, 'getTransactionList | Tra cứu giao dịch doanh nghiệp đang chờ duyệt': 1, 'getTransactionList | Tra cứu giao dịch theo kênh tạo lệnh': 1}
2025-12-31 09:18:57 | DEBUG    | log:153 | [normalize_query] 'liet ke gd tu chi nhanh chua xong...' -> 'Liet ke gd tu chi nhanh chua xong...'
2025-12-31 09:18:57 | DEBUG    | log:153 | [perform_hybrid_search] query_text: [liet ke gd tu chi nhanh chua xong] - formatted_query: [Liet ke gd tu chi nhanh chua xong] - normalized_query: [Liet ke gd tu chi nhanh chua xong]
2025-12-31 09:18:57 | DEBUG    | log:153 | [perform_hybrid_search] BM25 raw scores: min=0.0000, max=22.7170
2025-12-31 09:18:57 | DEBUG    | log:153 | [classify_query_intent] No keyword matches found in: 'Liet ke gd tu chi nhanh chua xong'
2025-12-31 09:18:57 | DEBUG    | log:153 | [normalize_query] 'check gđ app dang doi checker...' -> 'Check gđ app dang doi checker...'
2025-12-31 09:18:57 | DEBUG    | log:153 | [perform_hybrid_search] query_text: [check gđ app dang doi checker] - formatted_query: [Check gđ app dang doi checker] - normalized_query: [Check gđ app dang doi checker]
2025-12-31 09:18:57 | DEBUG    | log:153 | [perform_hybrid_search] BM25 raw scores: min=0.0000, max=3.5445
2025-12-31 09:18:57 | DEBUG    | log:153 | [get_keyword_boost] Query: 'Check gđ app dang doi checker...' | Doc: Tra cứu giao dịch ch | Boost: 0.25 | Matched: ['ck']
2025-12-31 09:18:57 | DEBUG    | log:153 | [classify_query_intent] Classified: 'Check gđ app dang doi checker...' -> Tra cứu giao dịch chuyển tiền (score=1)
2025-12-31 09:18:57 | DEBUG    | log:153 | [normalize_query] 'co gd web nao chua ok ko...' -> 'Co gd web nao chua ok ko...'
2025-12-31 09:18:57 | DEBUG    | log:153 | [perform_hybrid_search] query_text: [co gd web nao chua ok ko] - formatted_query: [Co gd web nao chua ok ko] - normalized_query: [Co gd web nao chua ok ko]
2025-12-31 09:18:57 | DEBUG    | log:153 | [perform_hybrid_search] BM25 raw scores: min=0.0000, max=10.8299
2025-12-31 09:18:57 | DEBUG    | log:153 | [classify_query_intent] No keyword matches found in: 'Co gd web nao chua ok ko'
2025-12-31 09:18:57 | DEBUG    | log:153 | [normalize_query] 'danh sach lenh tu mobile dang doi duyet...' -> 'Danh sach lenh tu mobile dang doi duyet...'
2025-12-31 09:18:57 | DEBUG    | log:153 | [perform_hybrid_search] query_text: [danh sach lenh tu mobile dang doi duyet] - formatted_query: [Danh sach lenh tu mobile dang doi duyet] - normalized_query: [Danh sach lenh tu mobile dang doi duyet]
2025-12-31 09:18:57 | DEBUG    | log:153 | [perform_hybrid_search] BM25 raw scores: min=0.2393, max=11.6081
2025-12-31 09:18:57 | DEBUG    | log:153 | [classify_query_intent] No keyword matches found in: 'Danh sach lenh tu mobile dang doi duyet'
2025-12-31 09:18:57 | DEBUG    | log:153 | [normalize_query] 'show gd corporate chua duoc approve...' -> 'Show gd corporate chua duoc approve...'
2025-12-31 09:18:57 | DEBUG    | log:153 | [perform_hybrid_search] query_text: [show gd corporate chua duoc approve] - formatted_query: [Show gd corporate chua duoc approve] - normalized_query: [Show gd corporate chua duoc approve]
2025-12-31 09:18:57 | DEBUG    | log:153 | [perform_hybrid_search] BM25 raw scores: min=0.0000, max=5.5126
2025-12-31 09:18:57 | DEBUG    | log:153 | [classify_query_intent] No keyword matches found in: 'Show gd corporate chua duoc approve'
2025-12-31 09:18:57 | DEBUG    | log:153 | [normalize_query] 'tim gd kenh app dang treo...' -> 'Tim gd kenh app dang treo...'
2025-12-31 09:18:57 | DEBUG    | log:153 | [perform_hybrid_search] query_text: [tim gd kenh app dang treo] - formatted_query: [Tim gd kenh app dang treo] - normalized_query: [Tim gd kenh app dang treo]
2025-12-31 09:18:57 | DEBUG    | log:153 | [perform_hybrid_search] BM25 raw scores: min=0.0000, max=9.5829
2025-12-31 09:18:57 | DEBUG    | log:153 | [classify_query_intent] No keyword matches found in: 'Tim gd kenh app dang treo'
2025-12-31 09:18:57 | DEBUG    | log:153 | [normalize_query] 'check status gd web chua xong...' -> 'Check status gd web chua xong...'
2025-12-31 09:18:57 | DEBUG    | log:153 | [perform_hybrid_search] query_text: [check status gd web chua xong] - formatted_query: [Check status gd web chua xong] - normalized_query: [Check status gd web chua xong]
2025-12-31 09:18:57 | DEBUG    | log:153 | [perform_hybrid_search] BM25 raw scores: min=0.0000, max=7.8936
2025-12-31 09:18:57 | DEBUG    | log:153 | [get_keyword_boost] Query: 'Check status gd web chua xong...' | Doc: Tra cứu giao dịch ch | Boost: 0.25 | Matched: ['ck']
2025-12-31 09:18:57 | DEBUG    | log:153 | [classify_query_intent] Classified: 'Check status gd web chua xong...' -> Tra cứu giao dịch chuyển tiền (score=1)
2025-12-31 09:18:57 | DEBUG    | log:153 | [normalize_query] 'gd chi nhanh co lenh nao chua ok...' -> 'Gd chi nhanh co lenh nao chua ok...'
2025-12-31 09:18:57 | DEBUG    | log:153 | [perform_hybrid_search] query_text: [gd chi nhanh co lenh nao chua ok] - formatted_query: [Gd chi nhanh co lenh nao chua ok] - normalized_query: [Gd chi nhanh co lenh nao chua ok]
2025-12-31 09:18:57 | DEBUG    | log:153 | [perform_hybrid_search] BM25 raw scores: min=0.0000, max=17.8415
2025-12-31 09:18:57 | DEBUG    | log:153 | [classify_query_intent] No keyword matches found in: 'Gd chi nhanh co lenh nao chua ok'
2025-12-31 09:18:57 | DEBUG    | log:153 | [normalize_query] 'liet ke gd tu app chua phe duyet...' -> 'Liet ke gd tu app chua phe duyet...'
2025-12-31 09:18:57 | DEBUG    | log:153 | [perform_hybrid_search] query_text: [liet ke gd tu app chua phe duyet] - formatted_query: [Liet ke gd tu app chua phe duyet] - normalized_query: [Liet ke gd tu app chua phe duyet]
2025-12-31 09:18:57 | DEBUG    | log:153 | [perform_hybrid_search] BM25 raw scores: min=0.0000, max=18.6654
2025-12-31 09:18:57 | DEBUG    | log:153 | [classify_query_intent] No keyword matches found in: 'Liet ke gd tu app chua phe duyet'
2025-12-31 09:18:57 | DEBUG    | log:153 | [normalize_query] 'xem lenh mobile banking chua dc duyet...' -> 'Xem lenh mobile banking chua dc duyet...'
2025-12-31 09:18:57 | DEBUG    | log:153 | [perform_hybrid_search] query_text: [xem lenh mobile banking chua dc duyet] - formatted_query: [Xem lenh mobile banking chua dc duyet] - normalized_query: [Xem lenh mobile banking chua dc duyet]
2025-12-31 09:18:57 | DEBUG    | log:153 | [perform_hybrid_search] BM25 raw scores: min=0.0000, max=10.1819
2025-12-31 09:18:57 | DEBUG    | log:153 | [get_keyword_boost] Query: 'Xem lenh mobile banking chua d...' | Doc: Tra cứu giao dịch th | Boost: 0.25 | Matched: ['mobile banking']
2025-12-31 09:18:57 | DEBUG    | log:153 | [classify_query_intent] Classified: 'Xem lenh mobile banking chua d...' -> Tra cứu giao dịch theo kênh gi (score=1)
2025-12-31 09:18:57 | DEBUG    | log:153 | [normalize_query] 'check transactions web pending...' -> 'Check transactions web pending...'
2025-12-31 09:18:57 | DEBUG    | log:153 | [perform_hybrid_search] query_text: [check transactions web pending] - formatted_query: [Check transactions web pending] - normalized_query: [Check transactions web pending]
2025-12-31 09:18:57 | DEBUG    | log:153 | [perform_hybrid_search] BM25 raw scores: min=0.0000, max=4.8715
2025-12-31 09:18:57 | DEBUG    | log:153 | [get_keyword_boost] Query: 'Check transactions web pending...' | Doc: Tra cứu giao dịch ch | Boost: 0.25 | Matched: ['ck']
2025-12-31 09:18:57 | DEBUG    | log:153 | [get_keyword_boost] Query: 'Check transactions web pending...' | Doc: getTransactionList | | Boost: 0.25 | Matched: ['pending']
2025-12-31 09:18:57 | DEBUG    | log:153 | [get_keyword_boost] Query: 'Check transactions web pending...' | Doc: getTransactionList | | Boost: 0.25 | Matched: ['pending']
2025-12-31 09:18:57 | DEBUG    | log:153 | [get_keyword_boost] Query: 'Check transactions web pending...' | Doc: getTransactionList | | Boost: 0.25 | Matched: ['pending']
2025-12-31 09:18:57 | DEBUG    | log:153 | [get_keyword_boost] Query: 'Check transactions web pending...' | Doc: getTransactionList | | Boost: 0.25 | Matched: ['pending']
2025-12-31 09:18:57 | DEBUG    | log:153 | [get_keyword_boost] Query: 'Check transactions web pending...' | Doc: getTransactionList | | Boost: 0.25 | Matched: ['pending']
2025-12-31 09:18:57 | DEBUG    | log:153 | [get_keyword_boost] Query: 'Check transactions web pending...' | Doc: getTransactionList | | Boost: 0.25 | Matched: ['pending']
2025-12-31 09:18:57 | DEBUG    | log:153 | [get_keyword_boost] Query: 'Check transactions web pending...' | Doc: getTransactionList | | Boost: 0.25 | Matched: ['pending']
2025-12-31 09:18:57 | DEBUG    | log:153 | [get_keyword_boost] Query: 'Check transactions web pending...' | Doc: getTransactionList | | Boost: 0.25 | Matched: ['pending']
2025-12-31 09:18:57 | DEBUG    | log:153 | [classify_query_intent] Ambiguous: 'Check transactions web pending...' | Scores: {'Tra cứu giao dịch chuyển tiền': 1, 'getTransactionList | Tra cứu toàn bộ giao dịch đang chờ xử lý hoặc chờ duyệt': 1, 'getTransactionList | Tra cứu giao dịch chờ duyệt theo số tài khoản nguồn': 1, 'getTransactionList | Tra cứu giao dịch chờ duyệt theo khoảng thời gian': 1, 'getTransactionList | Tra cứu giao dịch chờ duyệt theo loại giao dịch': 1, 'getTransactionList | Tra cứu giao dịch chờ duyệt theo số tiền hoặc hạn mức': 1, 'getTransactionList | Kiểm tra trạng thái phê duyệt của giao dịch': 1, 'getTransactionList | Tra cứu giao dịch doanh nghiệp đang chờ duyệt': 1, 'getTransactionList | Tra cứu giao dịch theo kênh tạo lệnh': 1}
2025-12-31 09:18:57 | DEBUG    | log:153 | [normalize_query] 'co giao dịch từ app nào chưa duyệt ko...' -> 'Co giao dịch từ app nào chưa duyệt ko...'
2025-12-31 09:18:57 | DEBUG    | log:153 | [perform_hybrid_search] query_text: [co giao dịch từ app nào chưa duyệt ko] - formatted_query: [Co giao dịch từ app nào chưa duyệt ko] - normalized_query: [Co giao dịch từ app nào chưa duyệt ko]
2025-12-31 09:18:57 | DEBUG    | log:153 | [perform_hybrid_search] BM25 raw scores: min=0.0647, max=36.6962
2025-12-31 09:18:57 | DEBUG    | log:153 | [classify_query_intent] No keyword matches found in: 'Co giao dịch từ app nào chưa duyệt ko'
2025-12-31 09:18:57 | DEBUG    | log:153 | [normalize_query] 'danh sach gd kenh chi nhanh chua hoan ta...' -> 'Danh sach gd kenh chi nhanh chua hoan ta...'
2025-12-31 09:18:57 | DEBUG    | log:153 | [perform_hybrid_search] query_text: [danh sach gd kenh chi nhanh chua hoan tat] - formatted_query: [Danh sach gd kenh chi nhanh chua hoan tat] - normalized_query: [Danh sach gd kenh chi nhanh chua hoan tat]
2025-12-31 09:18:57 | DEBUG    | log:153 | [perform_hybrid_search] BM25 raw scores: min=0.4586, max=25.8648
2025-12-31 09:18:57 | DEBUG    | log:153 | [classify_query_intent] No keyword matches found in: 'Danh sach gd kenh chi nhanh chua hoan tat'
2025-12-31 09:18:57 | DEBUG    | log:153 | [normalize_query] 'show lenh corporate dang cho xuly...' -> 'Show lenh corporate dang cho xuly...'
2025-12-31 09:18:57 | DEBUG    | log:153 | [perform_hybrid_search] query_text: [show lenh corporate dang cho xuly] - formatted_query: [Show lenh corporate dang cho xuly] - normalized_query: [Show lenh corporate dang cho xuly]
2025-12-31 09:18:57 | DEBUG    | log:153 | [perform_hybrid_search] BM25 raw scores: min=0.2091, max=4.8715
2025-12-31 09:18:57 | DEBUG    | log:153 | [classify_query_intent] No keyword matches found in: 'Show lenh corporate dang cho xuly'
2025-12-31 09:18:57 | DEBUG    | log:153 | [normalize_query] 'ktr gd tu web dang doi...' -> 'Ktr gd tu web dang doi...'
2025-12-31 09:18:57 | DEBUG    | log:153 | [perform_hybrid_search] query_text: [ktr gd tu web dang doi] - formatted_query: [Ktr gd tu web dang doi] - normalized_query: [Ktr gd tu web dang doi]
2025-12-31 09:18:57 | DEBUG    | log:153 | [perform_hybrid_search] BM25 raw scores: min=0.2342, max=5.1006
2025-12-31 09:18:57 | DEBUG    | log:153 | [classify_query_intent] No keyword matches found in: 'Ktr gd tu web dang doi'
2025-12-31 09:18:57 | DEBUG    | log:153 | [normalize_query] 'tim các giao dịch từ mobile chưa duyệt...' -> 'Tim các giao dịch từ mobile chưa duyệt...'
2025-12-31 09:18:57 | DEBUG    | log:153 | [perform_hybrid_search] query_text: [tim các giao dịch từ mobile chưa duyệt] - formatted_query: [Tim các giao dịch từ mobile chưa duyệt] - normalized_query: [Tim các giao dịch từ mobile chưa duyệt]
2025-12-31 09:18:57 | DEBUG    | log:153 | [perform_hybrid_search] BM25 raw scores: min=0.0647, max=25.7320
2025-12-31 09:18:57 | DEBUG    | log:153 | [classify_query_intent] No keyword matches found in: 'Tim các giao dịch từ mobile chưa duyệt'
2025-12-31 09:18:57 | INFO     | log:151 | [search_batch_stream] Completed in 7.95s, avg 0.033s/row, saved to query_getTransactionList_1_192-168-40-86_20251231_091849.xlsx
2025-12-31 09:26:20 | INFO     | log:151 | [search_single] Searching: 'ds gd dang cho...' (top_k=10)
2025-12-31 09:26:20 | DEBUG    | log:153 | [get_tables] Getting tables...
2025-12-31 09:26:20 | DEBUG    | log:153 | [get_tables] Returning cached tables
2025-12-31 09:26:20 | DEBUG    | log:153 | [normalize_query] 'ds gd dang cho...' -> 'Ds gd dang cho...'
2025-12-31 09:26:20 | DEBUG    | log:153 | [perform_hybrid_search] query_text: [ds gd dang cho] - formatted_query: [Ds gd dang cho] - normalized_query: [Ds gd dang cho]
2025-12-31 09:26:20 | DEBUG    | log:153 | [perform_hybrid_search] BM25 raw scores: min=0.0000, max=0.4586
2025-12-31 09:26:20 | DEBUG    | log:153 | [classify_query_intent] No keyword matches found in: 'Ds gd dang cho'
2025-12-31 09:26:20 | INFO     | log:151 | [search_single] Found 10 results
2025-12-31 09:26:20 | DEBUG    | log:153 | [search_single] Top: Tra cứu giao dịch chuyển tiền... (score=0.7371, sem=0.7742, bm25=0.9760, boost=0.0000)
2025-12-31 09:26:50 | INFO     | log:151 | [search_single] Searching: 'ds gd dang cho...' (top_k=20)
2025-12-31 09:26:50 | DEBUG    | log:153 | [get_tables] Getting tables...
2025-12-31 09:26:50 | DEBUG    | log:153 | [get_tables] Returning cached tables
2025-12-31 09:26:50 | DEBUG    | log:153 | [normalize_query] 'ds gd dang cho...' -> 'Ds gd dang cho...'
2025-12-31 09:26:50 | DEBUG    | log:153 | [perform_hybrid_search] query_text: [ds gd dang cho] - formatted_query: [Ds gd dang cho] - normalized_query: [Ds gd dang cho]
2025-12-31 09:26:51 | DEBUG    | log:153 | [perform_hybrid_search] BM25 raw scores: min=0.0000, max=0.4586
2025-12-31 09:26:51 | DEBUG    | log:153 | [classify_query_intent] No keyword matches found in: 'Ds gd dang cho'
2025-12-31 09:26:51 | INFO     | log:151 | [search_single] Found 20 results
2025-12-31 09:26:51 | DEBUG    | log:153 | [search_single] Top: Tra cứu giao dịch chuyển tiền... (score=0.7371, sem=0.7742, bm25=0.9760, boost=0.0000)
2025-12-31 09:27:00 | INFO     | log:151 | [search_single] Searching: 'co lenh chuyen tien nao chua ok ko...' (top_k=20)
2025-12-31 09:27:00 | DEBUG    | log:153 | [get_tables] Getting tables...
2025-12-31 09:27:00 | DEBUG    | log:153 | [get_tables] Returning cached tables
2025-12-31 09:27:00 | DEBUG    | log:153 | [normalize_query] 'co lenh chuyen tien nao chua ok ko...' -> 'Co lenh chuyen tien nao chua ok ko...'
2025-12-31 09:27:00 | DEBUG    | log:153 | [perform_hybrid_search] query_text: [co lenh chuyen tien nao chua ok ko] - formatted_query: [Co lenh chuyen tien nao chua ok ko] - normalized_query: [Co lenh chuyen tien nao chua ok ko]
2025-12-31 09:27:00 | DEBUG    | log:153 | [perform_hybrid_search] BM25 raw scores: min=0.0449, max=11.3646
2025-12-31 09:27:00 | DEBUG    | log:153 | [classify_query_intent] No keyword matches found in: 'Co lenh chuyen tien nao chua ok ko'
2025-12-31 09:27:00 | INFO     | log:151 | [search_single] Found 20 results
2025-12-31 09:27:00 | DEBUG    | log:153 | [search_single] Top: getTransactionList | Tra cứu giao dịch chờ duyệt theo loại giao dịch... (score=0.7520, sem=0.7886, bm25=1.0000, boost=0.0000)
2025-12-31 09:27:23 | INFO     | log:151 | [search_single] Searching: 'xem ds lenh chua duoc accept...' (top_k=20)
2025-12-31 09:27:23 | DEBUG    | log:153 | [get_tables] Getting tables...
2025-12-31 09:27:23 | DEBUG    | log:153 | [get_tables] Returning cached tables
2025-12-31 09:27:23 | DEBUG    | log:153 | [normalize_query] 'xem ds lenh chua duoc accept...' -> 'Xem ds lenh chua duoc accept...'
2025-12-31 09:27:23 | DEBUG    | log:153 | [perform_hybrid_search] query_text: [xem ds lenh chua duoc accept] - formatted_query: [Xem ds lenh chua duoc accept] - normalized_query: [Xem ds lenh chua duoc accept]
2025-12-31 09:27:23 | DEBUG    | log:153 | [perform_hybrid_search] BM25 raw scores: min=0.0000, max=6.3364
2025-12-31 09:27:23 | DEBUG    | log:153 | [classify_query_intent] No keyword matches found in: 'Xem ds lenh chua duoc accept'
2025-12-31 09:27:23 | INFO     | log:151 | [search_single] Found 20 results
2025-12-31 09:27:23 | DEBUG    | log:153 | [search_single] Top: getTransactionList | Tra cứu giao dịch theo kênh tạo lệnh... (score=0.7891, sem=0.8424, bm25=0.9970, boost=0.0000)
2025-12-31 09:28:55 | INFO     | log:151 | [search_single] Searching: 'check gd cho duyet cua tk 0123456789...' (top_k=10)
2025-12-31 09:28:55 | DEBUG    | log:153 | [get_tables] Getting tables...
2025-12-31 09:28:55 | DEBUG    | log:153 | [get_tables] Returning cached tables
2025-12-31 09:28:55 | DEBUG    | log:153 | [normalize_query] 'check gd cho duyet cua tk 0123456789...' -> 'Check gd cho duyet cua tk 0123456789...'
2025-12-31 09:28:55 | DEBUG    | log:153 | [perform_hybrid_search] query_text: [check gd cho duyet cua tk 0123456789] - formatted_query: [Check gd cho duyet cua tk 0123456789] - normalized_query: [Check gd cho duyet cua tk 0123456789]
2025-12-31 09:28:55 | DEBUG    | log:153 | [perform_hybrid_search] BM25 raw scores: min=0.0000, max=9.7761
2025-12-31 09:28:55 | DEBUG    | log:153 | [get_keyword_boost] Query: 'Check gd cho duyet cua tk 0123...' | Doc: Tra cứu lịch sử giao | Boost: 0.25 | Matched: ['tk']
2025-12-31 09:28:55 | DEBUG    | log:153 | [get_keyword_boost] Query: 'Check gd cho duyet cua tk 0123...' | Doc: Tra cứu giao dịch ch | Boost: 0.25 | Matched: ['ck']
2025-12-31 09:28:55 | DEBUG    | log:153 | [classify_query_intent] Ambiguous: 'Check gd cho duyet cua tk 0123...' | Scores: {'Tra cứu lịch sử giao dịch theo số tài khoản': 1, 'Tra cứu giao dịch chuyển tiền': 1}
2025-12-31 09:28:55 | INFO     | log:151 | [search_single] Found 10 results
2025-12-31 09:28:55 | DEBUG    | log:153 | [search_single] Top: Tra cứu lịch sử giao dịch theo số tài khoản... (score=0.8213, sem=0.8519, bm25=1.0000, boost=0.2500)
2025-12-31 09:29:36 | INFO     | log:151 | [search_single] Searching: 'tìm các gd chưa xong của account 0123456789...' (top_k=10)
2025-12-31 09:29:36 | DEBUG    | log:153 | [get_tables] Getting tables...
2025-12-31 09:29:36 | DEBUG    | log:153 | [get_tables] Returning cached tables
2025-12-31 09:29:36 | DEBUG    | log:153 | [normalize_query] 'tìm các gd chưa xong của account 0123456...' -> 'Tìm các gd chưa xong của account 0123456...'
2025-12-31 09:29:36 | DEBUG    | log:153 | [perform_hybrid_search] query_text: [tìm các gd chưa xong của account 0123456789] - formatted_query: [Tìm các gd chưa xong của account 0123456789] - normalized_query: [Tìm các gd chưa xong của account 0123456789]
2025-12-31 09:29:36 | DEBUG    | log:153 | [perform_hybrid_search] BM25 raw scores: min=0.0000, max=8.8165
2025-12-31 09:29:36 | DEBUG    | log:153 | [classify_query_intent] No keyword matches found in: 'Tìm các gd chưa xong của account 0123456789'
2025-12-31 09:29:36 | INFO     | log:151 | [search_single] Found 10 results
2025-12-31 09:29:36 | DEBUG    | log:153 | [search_single] Top: Tra cứu lịch sử giao dịch theo số tài khoản... (score=0.8156, sem=0.8794, bm25=1.0000, boost=0.0000)
2025-12-31 09:30:13 | INFO     | log:151 | [search_single] Searching: 'liệt kê gd card pending...' (top_k=10)
2025-12-31 09:30:13 | DEBUG    | log:153 | [get_tables] Getting tables...
2025-12-31 09:30:13 | DEBUG    | log:153 | [get_tables] Returning cached tables
2025-12-31 09:30:13 | DEBUG    | log:153 | [normalize_query] 'liệt kê gd card pending...' -> 'Liệt kê gd card pending...'
2025-12-31 09:30:13 | DEBUG    | log:153 | [perform_hybrid_search] query_text: [liệt kê gd card pending] - formatted_query: [Liệt kê gd card pending] - normalized_query: [Liệt kê gd card pending]
2025-12-31 09:30:13 | DEBUG    | log:153 | [perform_hybrid_search] BM25 raw scores: min=0.0000, max=17.5252
2025-12-31 09:30:13 | DEBUG    | log:153 | [get_keyword_boost] Query: 'Liệt kê gd card pending...' | Doc: Tra cứu giao dịch th | Boost: 0.25 | Matched: ['card']
2025-12-31 09:30:13 | DEBUG    | log:153 | [get_keyword_boost] Query: 'Liệt kê gd card pending...' | Doc: getTransactionList | | Boost: 0.25 | Matched: ['pending']
2025-12-31 09:30:13 | DEBUG    | log:153 | [get_keyword_boost] Query: 'Liệt kê gd card pending...' | Doc: getTransactionList | | Boost: 0.25 | Matched: ['pending']
2025-12-31 09:30:13 | DEBUG    | log:153 | [get_keyword_boost] Query: 'Liệt kê gd card pending...' | Doc: getTransactionList | | Boost: 0.25 | Matched: ['pending']
2025-12-31 09:30:13 | DEBUG    | log:153 | [get_keyword_boost] Query: 'Liệt kê gd card pending...' | Doc: getTransactionList | | Boost: 0.25 | Matched: ['pending']
2025-12-31 09:30:13 | DEBUG    | log:153 | [get_keyword_boost] Query: 'Liệt kê gd card pending...' | Doc: getTransactionList | | Boost: 0.25 | Matched: ['pending']
2025-12-31 09:30:13 | DEBUG    | log:153 | [get_keyword_boost] Query: 'Liệt kê gd card pending...' | Doc: getTransactionList | | Boost: 0.25 | Matched: ['pending']
2025-12-31 09:30:13 | DEBUG    | log:153 | [get_keyword_boost] Query: 'Liệt kê gd card pending...' | Doc: getTransactionList | | Boost: 0.25 | Matched: ['pending']
2025-12-31 09:30:13 | DEBUG    | log:153 | [get_keyword_boost] Query: 'Liệt kê gd card pending...' | Doc: getTransactionList | | Boost: 0.25 | Matched: ['pending']
2025-12-31 09:30:13 | DEBUG    | log:153 | [classify_query_intent] Ambiguous: 'Liệt kê gd card pending...' | Scores: {'Tra cứu giao dịch thẻ': 1, 'getTransactionList | Tra cứu toàn bộ giao dịch đang chờ xử lý hoặc chờ duyệt': 1, 'getTransactionList | Tra cứu giao dịch chờ duyệt theo số tài khoản nguồn': 1, 'getTransactionList | Tra cứu giao dịch chờ duyệt theo khoảng thời gian': 1, 'getTransactionList | Tra cứu giao dịch chờ duyệt theo loại giao dịch': 1, 'getTransactionList | Tra cứu giao dịch chờ duyệt theo số tiền hoặc hạn mức': 1, 'getTransactionList | Kiểm tra trạng thái phê duyệt của giao dịch': 1, 'getTransactionList | Tra cứu giao dịch doanh nghiệp đang chờ duyệt': 1, 'getTransactionList | Tra cứu giao dịch theo kênh tạo lệnh': 1}
2025-12-31 09:30:13 | INFO     | log:151 | [search_single] Found 10 results
2025-12-31 09:30:13 | DEBUG    | log:153 | [search_single] Top: getTransactionList | Tra cứu toàn bộ giao dịch đang chờ xử lý hoặc chờ duyệt... (score=0.8352, sem=0.8868, bm25=0.9471, boost=0.2500)
2025-12-31 09:32:20 | INFO     | log:151 | [search_single] Searching: 'tra cứu các gd bị hủy...' (top_k=10)
2025-12-31 09:32:20 | DEBUG    | log:153 | [get_tables] Getting tables...
2025-12-31 09:32:20 | DEBUG    | log:153 | [get_tables] Returning cached tables
2025-12-31 09:32:20 | DEBUG    | log:153 | [normalize_query] 'tra cứu các gd bị hủy...' -> 'Tra cứu các gd bị hủy...'
2025-12-31 09:32:20 | DEBUG    | log:153 | [perform_hybrid_search] query_text: [tra cứu các gd bị hủy] - formatted_query: [Tra cứu các gd bị hủy] - normalized_query: [Tra cứu các gd bị hủy]
2025-12-31 09:32:20 | DEBUG    | log:153 | [perform_hybrid_search] BM25 raw scores: min=0.2381, max=6.0443
2025-12-31 09:32:20 | DEBUG    | log:153 | [get_keyword_boost] Query: 'Tra cứu các gd bị hủy...' | Doc: Tra cứu giao dịch th | Boost: 0.25 | Matched: ['hủy']
2025-12-31 09:32:20 | DEBUG    | log:153 | [classify_query_intent] Classified: 'Tra cứu các gd bị hủy...' -> Tra cứu giao dịch theo trạng t (score=1)
2025-12-31 09:32:20 | INFO     | log:151 | [search_single] Found 10 results
2025-12-31 09:32:20 | DEBUG    | log:153 | [search_single] Top: Tra cứu giao dịch theo trạng thái... (score=0.8317, sem=0.8667, bm25=1.0000, boost=0.2500)
2025-12-31 09:41:42 | INFO     | log:151 | [delete_document] Deleting document doc_id=15
2025-12-31 09:41:42 | DEBUG    | log:153 | [get_tables] Getting tables...
2025-12-31 09:41:42 | DEBUG    | log:153 | [get_tables] Returning cached tables
2025-12-31 09:41:42 | INFO     | log:151 | [delete_document] Deleted 20 examples
2025-12-31 09:41:42 | INFO     | log:151 | [delete_document] Document doc_id=15 deleted
2025-12-31 09:41:42 | DEBUG    | log:153 | [invalidate_embeddings_cache] Embeddings cache invalidated
2025-12-31 09:41:42 | DEBUG    | log:153 | [reset_all_caches] All caches invalidated
2025-12-31 09:41:42 | DEBUG    | log:153 | [list_documents] Fetching all documents...
2025-12-31 09:41:42 | DEBUG    | log:153 | [get_tables] Getting tables...
2025-12-31 09:41:42 | DEBUG    | log:153 | [get_tables] Returning cached tables
2025-12-31 09:41:42 | INFO     | log:151 | [list_documents] Found 22 documents
2025-12-31 09:41:42 | DEBUG    | log:153 | [list_documents] Fetching all documents...
2025-12-31 09:41:42 | DEBUG    | log:153 | [get_tables] Getting tables...
2025-12-31 09:41:42 | DEBUG    | log:153 | [get_tables] Returning cached tables
2025-12-31 09:41:42 | INFO     | log:151 | [list_documents] Found 22 documents
2025-12-31 09:41:44 | INFO     | log:151 | [delete_document] Deleting document doc_id=20
2025-12-31 09:41:44 | DEBUG    | log:153 | [get_tables] Getting tables...
2025-12-31 09:41:44 | DEBUG    | log:153 | [get_tables] Returning cached tables
2025-12-31 09:41:44 | INFO     | log:151 | [delete_document] Deleted 20 examples
2025-12-31 09:41:44 | INFO     | log:151 | [delete_document] Document doc_id=20 deleted
2025-12-31 09:41:44 | DEBUG    | log:153 | [invalidate_embeddings_cache] Embeddings cache invalidated
2025-12-31 09:41:44 | DEBUG    | log:153 | [reset_all_caches] All caches invalidated
2025-12-31 09:41:44 | DEBUG    | log:153 | [list_documents] Fetching all documents...
2025-12-31 09:41:44 | DEBUG    | log:153 | [get_tables] Getting tables...
2025-12-31 09:41:44 | DEBUG    | log:153 | [get_tables] Returning cached tables
2025-12-31 09:41:44 | INFO     | log:151 | [list_documents] Found 21 documents
2025-12-31 09:41:44 | DEBUG    | log:153 | [list_documents] Fetching all documents...
2025-12-31 09:41:44 | DEBUG    | log:153 | [get_tables] Getting tables...
2025-12-31 09:41:44 | DEBUG    | log:153 | [get_tables] Returning cached tables
2025-12-31 09:41:44 | INFO     | log:151 | [list_documents] Found 21 documents
2025-12-31 09:42:06 | INFO     | log:151 | [delete_document] Deleting document doc_id=16
2025-12-31 09:42:06 | DEBUG    | log:153 | [get_tables] Getting tables...
2025-12-31 09:42:06 | DEBUG    | log:153 | [get_tables] Returning cached tables
2025-12-31 09:42:06 | INFO     | log:151 | [delete_document] Deleted 20 examples
2025-12-31 09:42:06 | INFO     | log:151 | [delete_document] Document doc_id=16 deleted
2025-12-31 09:42:06 | DEBUG    | log:153 | [invalidate_embeddings_cache] Embeddings cache invalidated
2025-12-31 09:42:06 | DEBUG    | log:153 | [reset_all_caches] All caches invalidated
2025-12-31 09:42:06 | DEBUG    | log:153 | [list_documents] Fetching all documents...
2025-12-31 09:42:06 | DEBUG    | log:153 | [get_tables] Getting tables...
2025-12-31 09:42:06 | DEBUG    | log:153 | [get_tables] Returning cached tables
2025-12-31 09:42:06 | INFO     | log:151 | [list_documents] Found 20 documents
2025-12-31 09:42:06 | DEBUG    | log:153 | [list_documents] Fetching all documents...
2025-12-31 09:42:06 | DEBUG    | log:153 | [get_tables] Getting tables...
2025-12-31 09:42:06 | DEBUG    | log:153 | [get_tables] Returning cached tables
2025-12-31 09:42:06 | INFO     | log:151 | [list_documents] Found 20 documents
2025-12-31 09:42:08 | INFO     | log:151 | [delete_document] Deleting document doc_id=17
2025-12-31 09:42:08 | DEBUG    | log:153 | [get_tables] Getting tables...
2025-12-31 09:42:08 | DEBUG    | log:153 | [get_tables] Returning cached tables
2025-12-31 09:42:08 | INFO     | log:151 | [delete_document] Deleted 20 examples
2025-12-31 09:42:08 | INFO     | log:151 | [delete_document] Document doc_id=17 deleted
2025-12-31 09:42:08 | DEBUG    | log:153 | [invalidate_embeddings_cache] Embeddings cache invalidated
2025-12-31 09:42:08 | DEBUG    | log:153 | [reset_all_caches] All caches invalidated
2025-12-31 09:42:08 | DEBUG    | log:153 | [list_documents] Fetching all documents...
2025-12-31 09:42:08 | DEBUG    | log:153 | [get_tables] Getting tables...
2025-12-31 09:42:08 | DEBUG    | log:153 | [get_tables] Returning cached tables
2025-12-31 09:42:08 | INFO     | log:151 | [list_documents] Found 19 documents
2025-12-31 09:42:08 | DEBUG    | log:153 | [list_documents] Fetching all documents...
2025-12-31 09:42:08 | DEBUG    | log:153 | [get_tables] Getting tables...
2025-12-31 09:42:08 | DEBUG    | log:153 | [get_tables] Returning cached tables
2025-12-31 09:42:08 | INFO     | log:151 | [list_documents] Found 19 documents
2025-12-31 09:42:10 | INFO     | log:151 | [delete_document] Deleting document doc_id=18
2025-12-31 09:42:10 | DEBUG    | log:153 | [get_tables] Getting tables...
2025-12-31 09:42:10 | DEBUG    | log:153 | [get_tables] Returning cached tables
2025-12-31 09:42:10 | INFO     | log:151 | [delete_document] Deleted 20 examples
2025-12-31 09:42:10 | INFO     | log:151 | [delete_document] Document doc_id=18 deleted
2025-12-31 09:42:10 | DEBUG    | log:153 | [invalidate_embeddings_cache] Embeddings cache invalidated
2025-12-31 09:42:10 | DEBUG    | log:153 | [reset_all_caches] All caches invalidated
2025-12-31 09:42:10 | DEBUG    | log:153 | [list_documents] Fetching all documents...
2025-12-31 09:42:10 | DEBUG    | log:153 | [get_tables] Getting tables...
2025-12-31 09:42:10 | DEBUG    | log:153 | [get_tables] Returning cached tables
2025-12-31 09:42:10 | INFO     | log:151 | [list_documents] Found 18 documents
2025-12-31 09:42:10 | DEBUG    | log:153 | [list_documents] Fetching all documents...
2025-12-31 09:42:10 | DEBUG    | log:153 | [get_tables] Getting tables...
2025-12-31 09:42:10 | DEBUG    | log:153 | [get_tables] Returning cached tables
2025-12-31 09:42:10 | INFO     | log:151 | [list_documents] Found 18 documents
2025-12-31 09:42:12 | INFO     | log:151 | [delete_document] Deleting document doc_id=19
2025-12-31 09:42:12 | DEBUG    | log:153 | [get_tables] Getting tables...
2025-12-31 09:42:12 | DEBUG    | log:153 | [get_tables] Returning cached tables
2025-12-31 09:42:12 | INFO     | log:151 | [delete_document] Deleted 20 examples
2025-12-31 09:42:12 | INFO     | log:151 | [delete_document] Document doc_id=19 deleted
2025-12-31 09:42:12 | DEBUG    | log:153 | [invalidate_embeddings_cache] Embeddings cache invalidated
2025-12-31 09:42:12 | DEBUG    | log:153 | [reset_all_caches] All caches invalidated
2025-12-31 09:42:12 | DEBUG    | log:153 | [list_documents] Fetching all documents...
2025-12-31 09:42:12 | DEBUG    | log:153 | [get_tables] Getting tables...
2025-12-31 09:42:12 | DEBUG    | log:153 | [get_tables] Returning cached tables
2025-12-31 09:42:12 | INFO     | log:151 | [list_documents] Found 17 documents
2025-12-31 09:42:12 | DEBUG    | log:153 | [list_documents] Fetching all documents...
2025-12-31 09:42:12 | DEBUG    | log:153 | [get_tables] Getting tables...
2025-12-31 09:42:12 | DEBUG    | log:153 | [get_tables] Returning cached tables
2025-12-31 09:42:12 | INFO     | log:151 | [list_documents] Found 17 documents
2025-12-31 09:42:16 | INFO     | log:151 | [delete_document] Deleting document doc_id=21
2025-12-31 09:42:16 | DEBUG    | log:153 | [get_tables] Getting tables...
2025-12-31 09:42:16 | DEBUG    | log:153 | [get_tables] Returning cached tables
2025-12-31 09:42:16 | INFO     | log:151 | [delete_document] Deleted 20 examples
2025-12-31 09:42:16 | INFO     | log:151 | [delete_document] Document doc_id=21 deleted
2025-12-31 09:42:16 | DEBUG    | log:153 | [invalidate_embeddings_cache] Embeddings cache invalidated
2025-12-31 09:42:16 | DEBUG    | log:153 | [reset_all_caches] All caches invalidated
2025-12-31 09:42:16 | DEBUG    | log:153 | [list_documents] Fetching all documents...
2025-12-31 09:42:16 | DEBUG    | log:153 | [get_tables] Getting tables...
2025-12-31 09:42:16 | DEBUG    | log:153 | [get_tables] Returning cached tables
2025-12-31 09:42:16 | INFO     | log:151 | [list_documents] Found 16 documents
2025-12-31 09:42:16 | DEBUG    | log:153 | [list_documents] Fetching all documents...
2025-12-31 09:42:16 | DEBUG    | log:153 | [get_tables] Getting tables...
2025-12-31 09:42:16 | DEBUG    | log:153 | [get_tables] Returning cached tables
2025-12-31 09:42:16 | INFO     | log:151 | [list_documents] Found 16 documents
2025-12-31 09:42:19 | INFO     | log:151 | [delete_document] Deleting document doc_id=22
2025-12-31 09:42:19 | DEBUG    | log:153 | [get_tables] Getting tables...
2025-12-31 09:42:19 | DEBUG    | log:153 | [get_tables] Returning cached tables
2025-12-31 09:42:19 | INFO     | log:151 | [delete_document] Deleted 20 examples
2025-12-31 09:42:19 | INFO     | log:151 | [delete_document] Document doc_id=22 deleted
2025-12-31 09:42:19 | DEBUG    | log:153 | [invalidate_embeddings_cache] Embeddings cache invalidated
2025-12-31 09:42:19 | DEBUG    | log:153 | [reset_all_caches] All caches invalidated
2025-12-31 09:42:19 | DEBUG    | log:153 | [list_documents] Fetching all documents...
2025-12-31 09:42:19 | DEBUG    | log:153 | [get_tables] Getting tables...
2025-12-31 09:42:19 | DEBUG    | log:153 | [get_tables] Returning cached tables
2025-12-31 09:42:19 | INFO     | log:151 | [list_documents] Found 15 documents
2025-12-31 09:42:19 | DEBUG    | log:153 | [list_documents] Fetching all documents...
2025-12-31 09:42:19 | DEBUG    | log:153 | [get_tables] Getting tables...
2025-12-31 09:42:19 | DEBUG    | log:153 | [get_tables] Returning cached tables
2025-12-31 09:42:19 | INFO     | log:151 | [list_documents] Found 15 documents
2025-12-31 09:47:04 | INFO     | log:151 | [export_all_documents] Exporting all documents...
2025-12-31 09:47:04 | DEBUG    | log:153 | [get_tables] Getting tables...
2025-12-31 09:47:04 | DEBUG    | log:153 | [get_tables] Returning cached tables
2025-12-31 09:47:04 | INFO     | log:151 | [export_all_documents] Exported 15 documents to kb_backup_all_20251231_094704.xlsx
